feature_0,feature_1,feature_2,feature_3,feature_4,feature_5,feature_6,feature_7,feature_8,feature_9,feature_10,feature_11,feature_12,feature_13,feature_14,feature_15,feature_16,feature_17,feature_18,feature_19,target
-0.025887497801622153,0.020728484005597316,0.915494258954917,0.5177887752900807,1.1112433553010248,-0.6940174521921415,-1.1604123308696737,1.294475988470677,-1.4646432430423337,-0.9668261986712297,1.0819085207889452,0.5669869172507936,0.2263108680397084,-1.4630217715440852,-0.8850453544406928,-1.5301418943135574,-0.9797706591368399,-1.2406191361349646,-0.8070480542713527,-0.14694462963324237,-0.04656667020446372
0.2683264893485142,0.24642905376013705,1.409244094672362,-1.8115010181668696,-1.1489824676860678,0.17511377869395897,0.5886890078116387,1.3798349873739806,-0.9733375149486148,1.3513335623602147,-1.9856135714981065,1.0575507504255863,-2.166612451928079,-1.4331204280836056,-0.5692655070092991,-2.1150678698505647,1.3005949621998527,0.19867886493691866,-1.7863271552755922,-0.4496984821943916,1.0507416534880265
-0.984849845485,1.3654041481383383,-0.7899243197574474,-0.42737592333953983,-1.1173536161118196,0.10218873378418272,1.4098994906401503,-0.8934051565885968,0.967226935616065,0.30759003742561297,-1.097714765621297,0.63208568541061,0.43885550646083493,0.1418258913994621,-2.0304648689395504,1.170571425430398,0.5501134016293696,-1.77197649700816,-0.3321107981436613,-1.8682350143974407,-0.32589195555576644
-0.7761291561528049,-0.5291653763094679,0.5976207103848343,1.1253864002015834,0.5124264859554578,0.0009173223856587133,0.28148591642241316,-1.606085414550984,-0.4403112638895539,-1.8821944223069733,1.1460478758486043,1.0397055140159448,-1.7868437220914901,1.459778208122047,1.1413328460093308,0.8144034104703443,-0.32303352752108416,1.056933580308892,-1.182465192151315,-0.13341424810577446,0.03732436831618297
0.5491886324578031,-1.9300578109827964,-0.45117991089684917,0.44342904524757365,0.3372461698277099,-0.1286614568104435,1.4149372560990277,-1.88927983742615,-0.2769865240986794,-0.34251297457446617,-0.2910130376791198,-0.5127106414434582,-1.2781878781643532,1.47591274628468,-0.032496289056150096,-0.9334801045151562,1.3655823667977263,0.43055297510802626,0.27760012474570295,0.6604912430512453,-0.5510678340477023
1.4171111567610788,0.6309639184978089,0.6025200412416095,0.43616642375279024,-0.36021982681511705,-0.04774752344679049,0.40952796664950325,-0.22272111696602936,-0.2347776402913654,0.32782520519650593,0.870079506453822,0.6044441494954582,1.0126312356664489,1.5347377196277838,1.2346648721411029,1.4992694972079017,-0.30955541558833266,-1.1434378014756728,0.42414214444416026,-0.5815946649267527,1.3004500930753575
0.5351394143107754,-0.5362875134368252,1.1339047584410298,-0.8398563851547564,-0.6925725267219333,1.3885417958897983,1.392496275448065,0.8874790526507654,0.7151586571069283,0.8016394196648426,-0.6620484879059113,-0.8908865082526993,-1.386349791315798,0.20479849315058904,-0.7966640862599964,0.1181081584046882,-1.8160378507472896,-0.30513987350653865,0.33205250830563765,-1.7378733651149956,0.8103212397762323
0.8046213152032788,0.852093880041839,0.8663217182912747,-0.18292871817494852,1.1669887171601867,-1.3994009323942982,-1.5266570281083622,-1.341607511257367,0.4801843157657229,-0.8779699960204346,-0.9957492292175602,-1.8703627516741694,-1.2758018790683663,-0.4157801284265668,0.7427806884623727,0.7324065485299477,0.607043396169277,0.33931144320449624,0.9427413035119798,-1.1290861148184643,-0.38989934972700274
0.11209567177524031,0.1715728169410449,-0.6838493550087048,1.070830122431962,0.07446268332221244,1.5346182905521457,0.22158948114711194,0.41023378097683677,-1.8946833776709693,0.9690164527359775,-1.1584137076044958,0.5131950843008587,1.2799072800702669,0.8921664103597138,0.37700441493821,-0.29420994760649655,-0.022001986716711223,-1.4549803964362116,0.7532349313910807,1.2054076575409427,0.6370310276948388
-0.1747043924105837,0.9461328846332475,0.1957291460865385,0.7217296188215537,0.8018199983972527,0.24012006691717427,1.3240188866053413,1.4363514606760006,0.1583857094906202,-1.1960118695577984,1.138590370604783,-0.695408677555879,0.16744343085184824,1.2282225695535451,1.4043058856161583,-1.2751383501858609,-1.6582903093609176,1.4736721742456127,1.2088424392745796,-0.10927345840809405,-0.21378692214513773
-0.14571035254313178,1.2492811399469452,-1.6856821990219455,-0.09171047489722331,-0.30005345248611387,1.5189589117311102,-0.17644823840972892,0.48670731282990054,-0.6325623569653384,-0.3844025404045907,-1.4447648261256703,1.2267735218338516,1.0721452861074945,-0.18819954607065872,-0.5109945106055841,1.4927738985407182,1.229055793029174,0.4880179411982662,-0.9727923584881766,-0.2370384910371223,-0.8430407743922261
0.5288906139863732,0.43198339202869573,-0.0872631047287084,1.115753874590764,-0.5141324863210043,0.5408315472318801,-0.9620066572609021,-1.939963713847066,0.8187386780621292,-0.5395064330983536,0.842906730601241,0.5758264282886429,-0.7131756083091029,-2.19692437048036,-0.0328448520320263,1.4650080640985197,-0.1643359062923273,1.3759138426277255,0.503053167492452,0.840215919550735,-1.589286219956955
0.2426068528376896,0.6890354662576011,-1.5260484882272705,0.24778193338531954,1.2740107726028262,-2.1373491101959883,0.9526377915724623,-0.031340553092046364,0.9535532318126991,-0.9677763082216274,-0.2237114216774868,-1.2585660519540605,1.6135691357383648,-0.2684534797001639,-0.3783145981011233,-1.1250929209447447,-1.0954826909578885,1.4489366630374714,1.2021369978454644,1.1156151775330927,-1.2164819890256344
-0.30477015282386916,-0.04800713477977244,1.4123009719503086,-0.2689748291973463,1.3251182402125097,1.1937239195759837,0.3049707600062139,1.3812895579749898,-0.6542604295439057,-2.0015318715010983,-0.4493088675544859,-0.8486400014617724,-0.1606124334299957,-0.3720271154512186,-0.003255569891648619,0.8567494038863154,-0.6791600352449357,-1.3300551201535762,-0.3863877239892178,0.061953722501190245,-0.643981540746438
0.9042802364921315,0.2734024426877166,-1.198977342807604,0.9844556807550019,0.5187475373450007,0.21421673746272693,-0.28302293784446547,-1.6992066836203923,1.310321184655553,-0.024988655774440358,1.115816462508081,-0.07116618108812839,1.1082051071030146,1.0252092456396178,0.18493037977376875,1.161465761420598,-0.7837444124790378,-1.3798676703261838,-1.626814607079289,0.16766081653108666,0.922366332445846
-0.7019356804315374,1.2798181814988419,-0.6678010802323914,-1.7963546554252194,1.240165135049761,-0.9240898360043523,-1.049500193633314,1.3441251533463365,1.5228212913572376,1.4989106031656056,-1.0356346336462117,-2.108726593810364,0.5132846510024116,-0.5646786590460603,-1.3433922159114475,-1.0864886137174317,-1.1641219688416842,-0.4572021160562092,1.2555426404590135,0.5391767229895946,0.18181680914389114
-1.5925728214106938,0.27644746687546695,1.3205359071468992,1.50237351724165,0.6777145783987202,-0.17630381460347633,-0.8059512855745389,-1.1101774946409935,0.3105932990529379,1.26392625193579,0.9914516137663413,1.0722136715598611,0.9575010746424626,-0.08976651620747564,0.8038407152069349,0.7283903482954106,-0.6992724651903147,0.12988100073281622,0.5025981193166881,-1.2685628477291793,1.6751857687385505
0.8493809567749658,-0.9570856657147104,-0.23127944636824033,-1.140029322912052,0.49659156801370397,0.6585678859530565,0.8242597696224739,-0.344086276102276,1.0160381759071373,-0.6536399874929184,1.4247397328867621,1.4944158028342092,0.9206562539621871,-0.5801374970381135,-0.45738820437944794,-2.0398930764143115,-1.4913042728024601,-1.3040329264574282,0.8387808368392063,-1.046108557045213,-0.5675004354516617
0.7459648078584713,-0.917229605016722,-0.4395719671588277,0.8787963236200121,-0.7653244745990655,0.7560605297788248,1.4171822954092763,0.28675267200920423,-0.14615952517436712,1.4615852599940302,1.0971562530712042,-0.9562662768241339,0.13161132622531044,1.428346212579446,-0.0802906115377326,-0.6296129850005371,1.14131101445474,1.2615666725396575,-0.4341878707905145,0.675723260827841,-1.7123898029611688
-1.5748566449735335,1.4723590324041824,0.6396331694000585,0.3767170645828071,-0.5857146957073632,-0.7388491183472393,1.2107002271865555,-1.9559693372811406,0.3918009709972653,0.8739461672937139,-1.2448191248914555,-0.04704174370346421,0.4076418600799806,1.2980470995734037,1.2966023745068305,0.8099554713751322,0.5074810805233665,0.651797974838806,1.0920095922771051,-0.2584302804069481,0.36566987063273954
-1.940170227825421,-0.5348746720100619,-0.9648296340181073,0.6933782983357529,0.35157821272205503,-0.9972822517290744,1.3013559125013654,0.6954955323383087,1.1444599594401685,0.8285566350796354,0.005501043582113001,0.46958293121672456,0.007850808208735155,1.4813009227356764,-0.1511912472137676,-0.04642893228764961,0.6272012761197122,-0.6557739612082929,-0.028476039544042164,0.3090276590160356,-0.2675736006216655
-1.9075436553673002,-1.5184571884262672,1.0160040616682748,0.17700267433390496,1.211099962633356,-1.9503259286093597,1.3833084160405023,1.5377278844056659,-2.0144014609680765,1.2230902076272467,0.6389317399624843,0.8980689265997531,0.4702691735685277,-0.9853215072608291,0.48908238975960355,1.1377573635740803,1.477345141138007,-0.8294747877496657,-2.0914371411770154,-0.4523344020008594,1.3989936977042214
1.064734853642673,0.2517935599896505,0.28592727391210365,-1.304693843184938,1.0655658260725631,-1.4561255102685726,1.2490413891478913,1.5367138604103951,-2.1025858473434766,-0.5077214153555146,-0.5095908856097223,1.3792944323308327,-0.614111098016036,-0.2489723694188093,1.0163113213153137,-0.16640782881105126,0.5297729969918775,0.4399026584268964,-0.5298303321230342,-0.19050037622645472,-0.08916581521901805
0.9192378058737609,-1.0937558211469045,1.0487767575819127,-1.5886311658943875,1.3025594835650411,-1.4375976910211865,-1.2360772724283167,-1.2930800694972011,-1.3223586446669588,-0.4827218957549053,-0.8085089212172589,-0.06612863130467686,-1.9791629384362266,0.5890106124916488,-0.293698600485538,-1.0994721581846423,-1.2124181357218031,-0.9876349202591518,1.239534868906377,-0.8617470045509179,1.1583650250743058
-0.5337110896048614,-0.5577273890304458,0.2789472444915382,0.2680910876290809,0.5185429623751011,-1.4576041565425946,1.0842943451851923,-0.33184261787340985,-0.20963917417972977,-0.7076349753263234,0.7068604851021116,1.1853734216603737,1.4748721546998074,1.5027539453944934,1.124816292758635,1.3091291783315349,-0.7619017042317089,0.9397779058748947,1.072283109375992,-1.3708410469041805,1.0914766435503198
1.401853652019317,-1.629925915947726,-2.1390866424560566,0.12013629344111247,-0.33539760608805047,1.1078969751775356,1.046020722985792,0.6506537895966233,1.2523967951289654,0.23407789339423485,-0.46380857899968053,-1.3302635580810638,1.295021014258276,-1.591345376545983,-0.6786844902752579,1.3673379491787376,1.4255495665891922,0.43515880632805143,0.18595141233552176,1.5375953000821696,-2.316594952583786
-1.9688975883044981,-0.5750657911028934,1.2263090604753948,-1.0453091217468733,1.0003093828136784,0.5025624793008294,0.6988589048940049,0.32261501414608224,1.003230555525095,-1.0185982938616316,0.041348783240117135,-1.166961377945326,0.9411785812743446,-1.1228972926013845,0.16530272259785625,1.198454753351349,1.3094718569784447,-1.472416431632123,0.875749031248256,-1.220978761971046,-0.5406801942959237
0.15324540277875248,1.4698992347093793,-0.7790068880755807,-0.9830872143495365,-0.686419423406226,1.3756592501377574,1.0934039405251252,0.03992875186671384,0.5603388189231578,-0.7284871307857382,-0.25312889207703526,-0.2810191601462271,1.0948240594751686,1.263368341574416,-0.28995655170405826,-0.9401189633046736,-0.12459509879658826,-1.4215387110324689,1.3395279265330626,-0.45972347153168863,0.2162365633985959
0.9160313360725714,-2.0662518733323845,1.506569301048777,-1.4832443170929162,-1.502290413062936,0.4231892518694818,1.0955031604545498,0.6026392782078928,-0.6188884299278029,-0.36918417065642256,0.03695240042134299,1.5184043593872203,1.1706766129059831,0.21368951501221944,-1.8757730001701407,-0.32533056335554034,-0.6226473133164158,1.0513493323932546,-1.2762806088933438,-0.9732218413421618,1.7564778087953263
1.1717352469251288,-1.7803071656475058,0.17809053208756442,-0.5702918483030518,-0.09815081349282329,-1.6598547924316256,0.33522959632433363,-0.4702883552433731,-0.21928250137458535,0.8897772974738312,0.7518854339544002,-1.751373533257939,0.31614655726311935,1.2110385493073805,-0.16699652654116615,1.491142483340281,-1.488950239329062,0.7828285540546742,-0.948827310341112,0.8199464058699819,-0.23389899352168897
-1.4324244122185152,0.09236653263760167,-1.0998190012913143,0.3447331762999784,1.0786221383929926,0.22841060338940627,-1.4777461396344136,-0.5347444753911846,-1.1215341142519715,-0.16864680713299185,-1.642794825338787,-1.4476614094392086,1.4471668650617582,1.0083669319656463,-1.5560438923632929,-1.026700806921706,1.147415290649235,1.4908099974982043,-1.170455660717757,1.3165561890631354,0.04295944176495338
-0.24635888658327765,1.2485223472029632,-0.5015014684407806,-1.3640989011996023,0.4181106131912566,0.03962761052539934,-1.21226436614772,-2.0002242154733625,-0.5117672044918428,1.279416488964564,-1.242061126878821,-1.4030508352318876,0.43580287036516047,-0.5248893806825815,1.1067373187283562,-2.027890593857666,1.0741350524705902,0.7192468736878979,-0.4370130906265709,-1.0464374914635428,-0.7336730620179156
-1.1331007954508798,1.2147374606238401,-1.2662088905113913,-2.0437711169354613,0.610474395918632,-1.2482749980367474,0.8715179512686,0.19674558912001486,0.6568665574739266,0.16122324223138695,1.06332463992498,0.4174841861649807,-2.096467955675756,0.8919520498427751,-1.289804662119855,1.0442919573678455,0.5983486142892162,-1.2750271771163366,-0.8328247811344025,-0.4239865112910232,-0.0032256871559401767
0.4697395085590979,0.7534023723866333,1.4407313740544645,-0.12803019145242128,0.7131660988709392,0.9514352781049215,0.6410889243828176,-0.0926030385898573,0.8613607919500594,-0.741986599521222,-1.2883946413075262,1.0267687340236906,0.31672350493404994,-1.5285950934291552,-2.0302347056608627,-1.8282661728759642,1.524821370105967,-0.40910168074591235,-1.341432305214417,0.3849775408364111,0.9850301140530092
-1.7313687683466903,-0.42854488093797344,0.9765642724721735,0.44570260704486897,0.2645649718641992,1.4777753194927181,-0.8915205395111735,-0.4172195088938678,1.043754117191904,0.5896445734932246,-1.3607019036010595,-0.2869725727218318,0.3916741338439674,-0.4066372664183189,1.120284404467168,0.028873208124721668,1.0700343371300711,0.9775874380541243,-1.0410421175481166,0.13807914266667273,0.536324212940452
-0.10374352083586162,-0.8380864220428661,-1.5752561191253585,1.3338279653132694,0.626544890703824,1.447955845004544,-1.8389769270548004,-0.19894864157158967,0.2952744956421779,0.8800583963387335,1.4385459736828292,0.8594677682394819,0.5628213363436813,-0.8301749263523756,0.7306155705400413,-1.0905816896263472,0.10577817486902799,-0.5040351799775057,0.24293694644916025,0.11825753790750261,-1.2222242302513127
0.6239354295988054,0.39522011554796244,0.7214364290435512,1.1831141531773328,-1.2910758153551218,0.23167944784525313,1.4436551020471533,-0.2828787465183694,0.003055485191702237,-0.7675740774890246,1.2880338838233787,-1.976043088401264,1.228820626046914,0.4068638573765464,-0.27463097532197456,0.6043916947979967,-0.5158692123958858,-1.7237502988993045,0.2530727363466099,0.37170767154120654,-0.6202141868888749
1.453902615423316,0.7872042703131474,0.9282185348880524,-0.72680237570544,-0.5366111002350955,0.6797886660797675,-2.006016448438757,-0.4526708276828224,-1.2921162554216252,0.6605231593649723,-0.8834334848277711,0.23281635351568525,-1.5338480163221326,1.3927651331649356,-0.21525017402029922,-0.47506208307617126,1.0375446607122438,0.49622490046936507,0.8552052210726538,1.376419482019968,1.1586514153006537
1.314894339884683,0.7852116552978816,-1.6536707293401787,-0.2673064995257774,-1.5831259991581537,0.11405006138769772,-1.5012701092608365,-0.7014948327105919,0.4121198465441141,-1.7173264799025503,0.6774137098066005,1.2656519890959557,-0.3963746277830351,-0.07681393609343727,0.6919368494878742,0.2547063622962994,-0.293385396476752,-0.09261405622793806,-0.4891001615309386,0.13380975173024645,-1.7582938997150916
0.856469333016865,-0.2365885519220911,0.8973611730650044,0.35849197935409033,-0.8183673510902603,0.3632887446856739,0.38886550680094617,-0.9490248646345342,-0.7868669025295179,0.5415749020825507,-0.12460815052065308,-0.9462572934091137,0.9658407952731889,-0.7995910562582137,0.9986418395142279,1.136194042250712,0.8600770521772427,1.2354232284723008,0.10835002900945476,-0.3887088510662966,-0.439880345818625
-0.6859127483484972,-1.2136074890613,0.8435747119770056,1.5416422979791384,0.13440627126262863,-1.206439002354153,-1.3974040524189117,-0.4832363221904867,0.2050269943488538,-0.12033554172798457,-1.187856865742076,-0.500249491586302,1.395732440679809,-0.42567068613176845,-0.7013404608195893,1.0971127254016826,-1.0476061252269262,-1.164496245393338,-1.4463947074691295,0.1837180477701722,0.24446987877351378
-0.30131503595147424,-1.5686784800724964,0.5312208584066763,0.8712098836965103,0.4569508693543885,1.1081327132689534,-1.4093951614343476,1.3841787656196523,1.3864654491515385,0.29580661987573376,-0.6514234087463534,-1.6084169883951889,-0.5913730478944181,0.3870934911510685,-0.6722991656025635,0.7316101549153033,0.6882878336159546,1.1052262707430165,1.3597863673144162,0.08660248155681076,1.1524818350906365
0.30828831594191186,-1.108991711832442,-0.21371006969504933,-0.8561544309526793,1.4696083501966657,0.7513287761719274,0.9851750752178622,0.9730159087407223,1.463532780221086,1.3933832498176193,1.3272453554830574,1.0175977049525287,-1.077158054725023,-0.4754444932109167,-0.18292982691732942,0.8778961190212577,-1.8921423163299234,-0.19774808823193438,0.4623909433215936,-1.4402167294973107,1.4195193437636462
-0.6300579247946816,0.7350655447601683,0.4135114355823133,0.6526511806258948,0.29229476057016157,-0.7360366532333298,-1.9477892103005041,0.3494560348862354,-2.008117727629737,0.7322347680439371,0.18020813294536,-0.7612825734312111,-0.0118215303087023,-0.7116357154836931,0.08025369195829105,0.04451659773070593,1.299996957472297,1.0064104369997382,1.4693625742152547,1.1328831105961883,0.5182574053266369
0.9686069199968936,-1.4647100732926785,0.6999502525718427,0.3261735219107558,-1.9361880696604863,1.3157903725702813,0.8935456418917797,0.5852280798704675,1.0189505598062407,0.6034362508162734,1.09150292143243,1.5097666444490245,0.9150652913108899,1.513705518097258,0.5692062091596106,0.4740113085091269,-1.3800659950536731,1.439642947581408,-0.10065754812310578,1.372272896786547,1.124315881785059
0.04744660232688296,0.8070198310920639,0.7847132555858052,-0.20721056983655256,-0.7246639956484957,1.3104872430425043,1.400172562321463,-1.3555824948448718,1.2228093241048605,-0.1693547499392112,1.0650735451016975,-0.08664624844143076,1.1797570170427867,0.2852484400751144,0.24171637485420241,0.7148508854986565,-0.6009810428489138,0.7956479361843026,0.3544725517120799,-0.21444526010996665,0.4450989764858016
0.3194695596238588,-0.9239005771771867,-0.30650913806395536,-0.12547521121939637,-0.3252968439957732,-1.3610941368134888,-1.5011439754150224,0.054770395673798274,0.20082930887886902,-0.12505358835176078,-0.5094895419933899,-0.3424914587464979,1.1473092554445263,-0.24216791308485605,1.2155454103848786,0.610553577765593,-0.04600426603252149,-1.199650084566691,-0.9537245461224224,0.1283913278936956,0.03057305886315447
1.510424780604278,-0.7449991638132524,-0.24801516889910794,-1.5843158885725706,-1.1913904736728806,-0.7170600355327632,-1.0282486889866904,-0.9619823049177288,0.36180143488839767,0.2304910144252275,-1.0597380456911472,1.279866350861318,-1.3194668633541495,0.014719517146176744,0.8978273422120879,0.3043335971812352,1.2183687700014196,-1.644549807339911,0.3138021042910241,-1.5935990222471277,0.3684732396712569
1.0675443657543902,0.7564334229237507,-1.6581862996559176,-1.492087284470706,0.2519258910090203,-1.8499559097881575,0.1675629594106633,-0.14175845810147805,0.7747508608297096,1.3497263902812546,-0.1781142591516186,1.5309176070694375,-0.9214295865931575,0.6620783256109998,0.8854027770040439,0.9475262187641256,0.3330869924115205,-1.6268778347643305,0.43163791745324975,0.6351824008952084,0.13990303614642755
-1.8262225143877717,-1.418690872103484,1.126837199803547,-0.24496492879321213,0.5988479944803303,-0.6649249327598546,-0.9140676734877714,1.1307754471124014,0.262146983186447,-0.6145679223800139,1.0078056462376992,0.7353101155806062,0.20039948963124085,0.41190155775862447,-2.019767006322707,-1.1828977190288434,-0.45273738495319493,0.4124769221416152,0.5075895463471656,0.05327193453198847,0.25631226312051525
-0.20693053362113278,0.8316930755095935,0.843981495641176,1.158068515772576,-0.38314056809430586,0.3500317815716096,1.046645503327054,-1.6796113462846416,-1.814614188890813,1.20489316747061,0.33934168082320054,0.6359101364672856,-1.6905572522672812,-0.2709108807119111,-0.4477535887183689,0.5115237264581354,-1.6969007585795,1.4387553320828816,1.2372624453009962,0.7353756404793971,1.4095632006303074
0.06775255304371323,1.523943593456298,-0.031477259105607676,-0.6997858133957435,-0.8750696385873652,0.988775554445065,0.3731711232550554,1.3047635028831166,-1.6968947450244691,1.0632275139201004,0.7435452341240979,0.6593520648507222,-1.766799402290427,-1.3315469910704627,-0.431697985458826,-0.804499420166445,0.032069824746417466,-1.7150564045094554,-1.831657810087997,1.545765597485764,0.26979743422943364
1.2556040750337802,1.2972735508340683,1.3083141468482338,-1.49732489632863,0.3341715310442161,1.02773983406515,0.9053611419544668,0.1504558949994582,0.3178897616588102,0.8454036756856571,0.36860615530620905,-0.35035703084217984,0.8846653491291976,-0.8570806750393003,-0.651105868938653,0.6948386385583625,0.5266234858964521,0.9719052090642628,0.36494866992951847,0.38159106938878745,0.65458470286661
-1.4055323802814097,0.42257959777384024,0.42966470220901126,-0.030263247990300918,-1.4789440517978751,-0.25188281604660223,1.279629071913089,0.5230998691864481,1.0289920162735373,0.27654471168033845,1.0264772576870544,-1.0112518963143609,-0.2867654333203858,0.18653911286670938,1.4938860837935641,0.25580208603090365,0.46689604800255263,1.15856226460709,0.7929694420241148,0.3331046191121613,0.8747398994559208
-1.7176179750235552,0.7117376746538963,-1.2189640024007409,-2.1114341993760246,-2.002316474616455,0.7375945594471571,1.3145360112247026,-1.1814379000977988,1.5231480845199772,1.3658255380657451,-0.47779492769978377,-0.8217250865560526,1.5064910157284614,0.16378516232044454,0.870211604621796,-0.6605493391395199,0.13533339779645695,-1.0377927337724886,-1.5807170409232214,1.5553121157146688,0.6511581345882813
-0.8992783228152283,1.4978644117652582,1.4820015147780974,-0.44476263705366675,-0.21743991579980332,0.7530526945578885,-0.4946098845001095,-0.1256626994128882,0.8144335954652571,-1.172458581364743,-0.3687245914143444,0.5848479518421141,-0.06688956674780104,0.9382195306151251,-0.5829042846900426,1.4573103836367154,1.3785055293007005,-1.5003869048374647,-1.1097806227879,0.7979483295727845,0.7074743178463975
-1.5868410973308247,-0.6213247697059131,-0.8695087626781036,1.0105355445076183,-0.9238671174532818,-0.7408149162981646,0.8533341579796717,-1.7090226041174463,1.6011384841357408,-0.7662475623506932,-1.7622171306671042,0.3986269981932612,0.42428082996420347,-0.917647348478595,1.5211428782123009,0.6285077932954962,-1.4798118932701203,1.4992474822439597,0.19954994348362626,-1.47584371513146,-1.6791951683734216
-0.01766142929714282,-1.5694485843524655,-1.659862936676964,-1.4374937821823646,-1.4576910477379619,0.7541909237865396,-0.9274226862305255,1.3953327728781475,1.3073440005680683,-1.0244598629719714,0.7977613362360219,-1.1405149264587973,-2.1671833881899896,0.9289835999052468,0.4332678739646836,-0.44699616377344803,-0.6322650360295244,-1.9104110908665102,-1.4523235803294667,0.9803319780004912,-0.841872270618263
-0.7156468546549138,1.4803916242241704,1.3823454287925803,-0.6392482947234593,1.5049168998132059,1.0498758768087044,-0.017894768976721914,-0.6359849923259354,-0.41314601011781815,-1.1011608616012227,-0.48878067235616285,-0.2544643083157634,-1.2664998938248517,1.3616570283299403,-0.4297502388158722,-1.2987674362927393,-0.8511214943533356,-0.4078276179798291,1.4928891114389724,-1.9982255783987242,1.053756783344309
-0.07946812752847565,0.025879973894657345,0.19326800723819157,0.9165006851584263,-0.800736162800585,-0.6307527791325133,1.1925123410664447,1.2923365960345727,-0.7334628824526078,0.12881762279303502,0.43268249098944966,-0.44461737505872595,-0.4903899180620663,0.7646551871784735,0.29733515571213576,0.4297087761862451,-1.9798505110844205,0.28431572956226303,0.9161439621455523,0.8736300695873582,0.5953160595188258
0.4815129909352907,0.5635432308008625,-0.6990276755934098,-1.8917335268690683,0.06525843956335924,-1.0914387486657047,-0.8022086181306944,0.589244296611952,-1.8911388850215962,1.2741664793109142,0.08807463143805196,0.12818892677750945,0.21621948904700597,0.9040397528553832,0.908545063088484,-1.1728813098618338,-1.7256550360078153,0.38057735002805365,0.3667506403049586,-1.5724626323993103,-0.3370988533488474
1.461208629606988,-0.4473047201522601,-1.153180115035712,1.1132657247116677,-1.5446005158867764,-1.6865793145126484,1.1076235576454216,0.34830266926253856,-0.467200800308971,0.8102211461876678,-0.4968880058768866,-0.33976311547424204,0.3505870435936008,-1.572959148967931,1.2989925160576727,0.43890941948421913,0.6746923512477964,-1.1196441391208753,1.0795658636449001,1.3218764743007616,-1.1905519956986197
-0.1102685306476267,0.16202070409108923,1.0018482707522713,1.3086262371057966,-0.4143757871468952,0.5283396611160851,1.3258039943556776,0.4460695441423936,-0.7773733453551376,1.031720379700724,1.3179449932828944,0.1322769131445973,-0.12629535375683926,1.2211979218143443,0.05025197779549976,0.5743742769863927,0.17066482379546052,0.6417079811690525,1.3247556274524668,-1.087545740264492,1.6671777116170998
-1.2903702488441338,-0.34032035162872454,1.1281103079355974,1.1947137529964849,0.9288349820492888,-0.35848070699355883,0.09199144672858209,-1.1311949400643615,-1.434544103578952,1.4743843266119507,0.7917512119546852,1.4302572951052201,0.5980222074105712,-1.151162341346846,-1.6989904628200663,-1.5403000874701316,0.5599944234656389,1.3203268122396103,1.3981238254954367,1.355021770638685,1.318736583323171
0.3031088504075821,-1.359947099463575,0.5826179874006334,-1.0493549370373645,-1.6880975594300116,0.05654621416505936,0.35300779744418337,0.8077046037692577,-0.10497738669647386,-0.5113904341487941,-1.5559272931691783,0.9255900725218734,0.5069887740581623,1.4799747602265767,-1.620782744833803,0.34968736095727987,1.3903106993759964,0.188636557135881,0.9642060100998414,-1.987967922556081,0.872266566397234
0.6445530303200774,-1.750698484915331,-0.5953443746198629,0.4902211819052189,-0.7611532915288672,1.3229684256089262,0.9918540052218737,0.9499029552620942,0.6405337284668694,1.5329719855388162,0.7809745342353599,-0.507095161080513,-1.8142767035875675,0.25495369478897134,1.1732033053546218,0.5042616499069269,1.4571098065994934,-0.9961930262045529,1.1030459833578725,-1.0295456639333866,1.0064781116771486
-0.9592360238161922,0.24003533162240692,-1.3973368364959649,-0.37174855534464746,0.27699412575493315,-0.5593227209553664,0.03186810554690756,1.4131628349982837,-0.883032301432784,-0.12410641138041595,-1.5510527029875425,-0.049854458201626456,0.8705974682326323,1.235533288917395,-0.8717186958542416,1.3812780817505017,-2.0894246713828513,-0.8298565204143596,0.07142592785736446,1.284347206728717,-0.6162509280028567
1.3196464635149576,-1.4237697526706736,1.4632752801576359,0.4095532863272108,0.9337331340346893,-1.0722252638676761,0.0990155678034112,1.2578971245989505,-0.9416760635032019,-0.6653837027897012,-0.4505832913238826,-1.01500445689903,-0.597938551961683,-0.37443290118224254,-0.4849319044059345,1.04516728681455,-1.4172306235638505,0.3107544762189462,-1.074414508904001,1.0547564942885004,0.2597389196777512
-0.5064622968504833,-0.16640497154928813,-1.6729368473220192,-1.8068536797585797,-0.4762393819540976,-1.3846435820894394,-1.3162759425355823,-1.4922725893085786,0.061621391336142695,-0.3219438659966061,0.009341200436966478,1.4045555416662823,0.5693472075216209,0.6898253565572596,-0.47863367820392816,-0.4489624366171364,0.9162112387231707,-1.507813759633143,-1.8689869031096524,-0.1893656578081717,0.5491097783039645
1.056670503454168,-0.7230168617560606,-1.71467141390488,0.18950991409328513,0.8959176066283763,-0.7282743950281163,-0.9785978791777938,-1.3087811499230766,-1.8323451075996602,1.4488485396600392,0.9619257331608425,-0.944536090612143,-0.843793789773336,-0.9786484068319112,1.456097908057199,-0.27243773063007576,0.09650038058911056,-0.9087504259849535,-1.3300335201910072,-1.8524315905024413,-0.8071815086362131
0.31820066304744765,1.2433308279239899,0.0788721291901876,0.7627599722492453,0.6870499538846082,0.7955109995454135,-0.6064389594309303,0.03477931858964427,0.7940614414950674,-0.30139763809329145,0.3293890186803556,1.3551783586803638,0.22377509824971797,-0.533099045525195,1.2462666413738863,0.4657424174932624,0.34804774694439555,1.1041768839668682,-1.2950821543488047,-0.17696043724652116,0.3995348045072146
1.426221018173842,0.6538323649543816,-0.5446970938369238,-0.4027341275744985,-1.159067766636003,-0.3272463009749683,-1.0070841105757544,-0.016041610888376714,0.12756694722707418,-1.6982592662853306,0.9620111077407376,0.19813133571175878,0.3041703216513095,0.1312097634181762,1.3245205944455827,1.147019139303432,-1.4651346207006664,0.44214468394643824,0.22950289635337842,0.5383843699969624,-1.8114157266355442
-0.6406504627317381,0.8559598516672129,1.0922015856852203,1.212458900898618,-1.0838722237339682,-0.21993165453549346,1.1829394415864924,-1.6447871010525184,-0.8203656034839024,0.788275806106984,0.16936240266536187,1.3231667565684775,1.484169875883775,0.82691998198009,0.49610895514667774,0.36801835711973535,-1.536204851098257,0.046089429317495496,1.0193735810037938,0.7500450015416134,2.248705462939154
1.4007253506056028,0.33191589635870566,-0.7029446140768162,1.4710307069277688,-1.2865746301359964,-1.8498392354846682,0.11708640066352521,-0.21784297441719463,0.9665362598992928,1.038517621291891,1.1001314697554774,-0.5192615929716882,0.8073941776313515,1.4419341994178954,0.7516797671652272,-0.5176465015507941,-0.3009681269401467,0.6987371017845357,0.09604469661465695,-1.5918395443397604,-0.7880606421318604
0.5041734372594577,1.160245062314662,1.2130727298146238,0.926957308266491,1.466753322574178,0.9229905665789496,1.4688998801348818,1.4190896543610152,-0.6212409580455847,0.3240758207139901,0.1571112285567235,-0.8346711022213746,1.5612801093709021,1.4117088134643831,0.8199933546245695,0.4520992877583878,1.1228809895485863,1.3514143305553963,-0.8902501147090952,1.2052872497324292,1.2687628112198501
-0.06957421126238948,-0.8221896784161211,0.6569697181886649,-1.8207770127156677,-0.8991901799695855,0.1375687513527728,1.0035942440162582,-0.9817195491234789,0.735030236608706,0.46412621685766314,0.3085064077001944,0.5573743403723314,1.4711033575622474,1.3590936201221049,1.0992003396031582,0.8829776462178556,0.9978040596364947,-0.8163539013128882,0.49802837766819236,1.4873874888400052,1.3875505676283644
-1.556111520617983,1.26461042376741,1.0018519673883222,0.5213960316763153,0.3058316980527179,-0.992499064219592,-0.40900053165078504,-0.011517174131921184,1.1509608907128877,1.0437581459084346,1.34297210214151,1.2883399368092434,0.7577997430896458,0.5208741807268519,-1.5703042759583803,0.6969291142666202,-0.09762482994129952,1.3062537449643634,-1.187349947220487,-0.6569071265141959,1.6099625195940215
1.3390984400802548,-1.0424626949933837,0.6403045184561772,1.3129870408504354,-0.8275740458278813,0.506655156208397,-0.9610658609623086,-1.3921066074838226,-0.6620673239784651,-1.4687342860722554,-0.8066937087811449,-1.441958178288382,-0.12201987378279273,-0.19988699214074965,0.6899032108512668,0.4439230369245431,-2.064905988456993,1.1735882477163126,-0.38045141865570586,1.2071027445971714,-1.4577992871040004
0.4236153752261511,1.077431934148565,-0.8938845242123514,1.2805373199598522,0.9013366510236167,0.8935773669327984,-0.3737500134604425,-0.9016397022103574,0.5385979252612343,-0.08031845377647565,-0.14474297127033922,1.413639609567674,-0.10409803086074022,0.40627764152617474,-1.1577280233830936,-0.64174470288515,0.28623922329476204,-1.6757913681937593,0.10698049190897643,-0.6975048642985517,0.3211141962681124
1.2463688047102552,0.3744385816256773,0.5229448608650481,-1.8835052859156833,0.8794453236883515,-0.25375441135036564,1.2835450108162818,0.831408281757704,-0.3032210838068405,-0.30243168519977354,-1.3298648468541105,-0.006000777237583659,-1.32919069156843,1.035311891043651,1.065225048392288,-1.7442431573247386,-0.9039889224386621,0.3616617790686395,1.0190342181779048,0.5577451566990292,0.9199258705018647
-0.2884050198068293,-0.7051269122704887,-0.6012616103375451,-0.154846281636925,0.9207801755728141,0.7239589674174073,0.9073441264929758,1.0344006307904576,-1.4230949304043305,-1.5045239713067617,-0.9032531692734332,1.300825649660513,-1.9144537715072452,-0.24833374564400662,0.940525565002598,0.9681065774499601,1.091453266887601,-0.933421898140774,0.3032048088246135,1.298075148395437,-0.7830465168550297
-1.4152054275298436,-0.9180056643623855,0.8712967819218939,0.410411212119571,-1.8458224686401619,0.5504571414663595,1.0553375842043151,1.1299353815900695,0.3399150324486257,-1.6671211961106436,-1.7038729823205694,-0.33641319324176505,1.290463034950606,-1.3442375854063875,-1.3288496530340468,0.5911811809981409,1.2771946299686023,0.7326500867178353,-0.4340144271190205,0.5343148398001851,-0.5362169390156736
0.7965047191335394,1.3025912759206342,-1.5924701910164871,-1.2933398182402656,-0.2834506148580151,-1.2641195654538668,-0.8882508844173752,1.119336151658056,-1.0230856041030523,-0.4643421809402694,-1.4409489460201925,1.3052574812675863,0.2302256729372058,0.23389488078054585,0.6710694436367819,1.4150796421691134,-0.08615838375167983,-0.5428962574331903,-1.2456617950194315,1.3909699547722865,-0.6239504724171885
-0.06579919388242288,-2.0326692863505507,0.3350841913528915,0.4856029358794565,0.3684152063166296,0.8218944533595468,-0.06446847647311318,-0.5533327978737667,0.8371091284280868,-1.7504918860306453,1.0912001256489934,-0.5669796129102321,-0.30056211237499214,1.027921089355275,1.1086176938278927,0.8306154130885777,-0.9418028120426865,1.3947830149801086,-0.1542235748361865,0.13339293089026422,-0.8991959726177958
1.0007587481231732,1.026924262984908,0.5092852280731861,-1.2353253827462858,-1.6893963854694962,0.7823571112541391,0.6592180761363647,-0.4502637604184602,1.1851626284450842,0.9366651073906246,1.385495082328975,-1.8293516268430374,-0.3024854854795367,1.4561792710840458,-0.7191682967449821,-0.3085883468420053,0.9954153243344713,-0.7092255562846166,-0.24524625495117436,0.11802812263916224,-0.6687492992394277
-1.6670466966918036,-0.08851940069649655,0.4894557102190386,1.4298115220133247,-1.258575728842184,0.28603305733841355,-0.03503148074202524,-0.35116729536309005,0.2318962265994484,0.8240261301391627,1.1180672341944229,-1.9304879974262719,0.7597407644562562,1.3682447253849557,-1.705026657726568,-1.4985199274954761,1.4514900635237091,0.4182960604676465,1.227718791396661,1.2024568714185104,-0.1907794955119697
-0.5929383301841336,1.5580809141101728,-1.2379763391082805,0.5939928510160326,-0.01906313485235728,0.3930648296260372,-0.07661314970916988,-0.8069364112303717,1.2193965011753576,0.3888799701879234,1.2935169357531728,-1.3152059714937143,1.5633228260730476,1.1123127328716758,1.4489215758802805,-0.28639043078145615,1.41392038737209,0.15960623353339895,-0.11593865789742011,-0.9966441637428854,-1.0770549892431591
-0.2997568028254679,0.5763777469047084,-0.6959283960643795,0.8408026578586973,1.385475783022959,-0.8261959364357847,-1.612858275416775,-1.1962220710347662,0.18318530369095873,-0.3385649508145397,1.1500501516440533,0.29830021630288706,1.0144795349970823,-0.7548499845768873,-0.7472093130268956,0.9254541328028905,-0.7570629425425216,0.9787940824764294,1.3481674375686339,-0.8320663456061067,-0.6904822944737823
1.4642363992214258,-0.9812879496502163,0.34644872862484916,-1.096848865475145,1.4434789775072407,-0.5790745640700198,-0.2753530984300695,-0.9828971276592275,0.8539154079200325,-0.4516487583979302,1.0609432973827988,1.0981347336761227,-1.4822204782070183,1.4205122895602198,-1.2097911077035697,0.9783721439229819,1.0389913737927916,-0.44061878045357605,0.8793024291040401,1.1959370421363622,1.0202289585430155
1.037577025495572,-2.092653306336127,-0.8408287935657682,1.4403225167728553,-1.2212544335575248,0.670648565902629,0.6142258568534801,0.17395897361456897,-2.1929989386082553,1.5161815366044689,0.8221409112536787,0.6112770382922156,-0.27546381148919413,0.17442101384200367,0.035895306431058434,-0.7038693629128467,0.4102946006733839,1.3671405326090205,0.7498969268968733,0.34336986761296917,0.7313306487308127
1.135736760422305,0.10703343837078795,0.1083320810563055,0.8983463558062331,-0.6420932235013089,-1.3298099592214514,1.3513825208314012,-1.8625837754453363,0.01756261997668713,-0.8905237457560062,-0.5940680327716048,1.5474658383702915,-1.2426267295082793,1.1248102835063607,-0.40879739427784173,-1.0744836106110087,-1.209311215452347,-0.7188172279663613,-1.730510844981796,0.6308476286663588,2.084117931459755
1.1997685405166683,1.1149165151825322,0.4924225912721874,0.39079310618178537,0.45610603803982275,-0.8981265592225204,1.412337554284219,-0.1514197118401125,0.4638851476780321,-0.36883493489938135,1.1792102512307865,0.9728247226978302,-1.76281197990973,-1.0635607509335423,-1.808554422934815,1.3655002201734057,0.5223410880507887,0.06652041863165754,1.3021828383821663,-0.5768971495064008,-0.004123359430611068
-0.10991660713265082,-0.8042071248625181,-0.22326041575240463,0.11919899952685566,0.10952485306693222,-0.38572708925668175,-2.1924035487642377,-0.14486919606556886,-1.2533352122206625,-0.4863951575183562,1.0804719164700338,0.5958454112756499,-0.11495894852003304,-1.4695025779685742,-0.02493784616733066,-1.035518162222175,1.2611277130869372,0.8742804038349693,0.17065818666843274,0.8887795524310685,-1.7714339986309127
0.14323609238819565,1.0799303941857572,0.7062104372716219,-0.16432165330026138,0.7527477492130519,-1.6580628624898415,0.28525087409855837,1.0756323204197527,0.6893725750546227,0.5444847306760058,-0.8763955915902629,0.8488719794041149,0.9569928432470189,-0.5417875129885908,1.0429771425212013,-0.798445937956337,-0.5832048395088513,0.9539620082036089,-1.3617712647939897,0.1034002500475291,1.1008785353762582
1.4618758744805365,0.1828580264329399,-0.969516544356312,0.3302422105515028,-2.136581591708558,0.38948710164018213,1.4055104106412812,-0.7104380057456068,0.2563597204558251,-0.8724397194870172,1.2681228123323354,1.3243379830123587,-0.3892177181408621,-1.6223362089477962,-0.05609195166404032,-1.9068038428582699,-1.2619345891844513,0.36066957171054065,1.2898562191464684,-0.07968086762099011,-0.8072344189485833
-0.935945237188702,-0.7036700694658894,0.17025756207631043,0.364288550851799,-0.4806160015744337,0.9640830424056873,0.2696706704475633,-0.47654804564044434,0.7915490082408304,-0.18075328278422492,-0.37937554568835163,1.4066120968393532,0.46183347932310287,-0.7244090346700575,1.5825074802695083,1.474316077610922,-0.21015462850544056,1.3673673819785765,-1.7501706927479381,1.0055613028518573,0.5725201704441141
-0.3058143111037923,-1.3160713637331565,1.3449593009761338,1.294201206987891,1.2439571191789858,0.9312130601079937,0.02600198261504668,1.1781736895686774,-0.21253780976083994,0.28170549861343097,1.1958672965618808,0.26864085895472134,0.3971858719967975,-1.888798427388041,1.0519515046961223,1.0911006769477498,-1.442917046241645,1.3739177051177953,1.4557193245079958,-1.540757459715763,0.3789422064891675
1.106098927811311,1.0572171189096986,-0.0027879914604396995,-0.6868489174329048,-0.7992151373587012,1.3293036647687637,-1.6727901343434157,0.8823237679737878,0.7103204544967511,-1.635971315490859,-1.6767005296047512,0.3492395406792757,0.6287607322799846,-0.573156206329837,-0.026627083121168214,1.5170233627269805,0.24800391579975684,1.1231316280815549,0.20807050871049435,1.225111516062442,-1.0865999671822046
-1.13870483661554,-1.0024873558525897,0.457736484279166,-0.7579633122752792,-1.5783966480007172,-2.0447914078297176,-1.9420138953514625,-1.0145695318206065,1.60162440255206,-0.4357612560664361,0.6069367184843248,0.9926114770022265,-0.10440051458013075,0.17977029448099374,0.7501699106261458,0.7640124579559859,-1.489573785693902,0.34531006112617363,-2.1149901077927513,-1.036369094740935,0.8937370356866102
-1.8150626980243507,0.6981573485988146,-0.8101864479577088,1.3002854635117753,0.023188947370771075,-1.0979463658873914,0.3261128235410532,-0.3855443747476366,-0.24755024633452954,-1.3019926156921142,1.4464341604957571,-1.6255987542063546,0.8474075640685534,0.9835774986199552,-1.168477456219467,-0.8507387525819805,-0.40168019780901004,0.9566435697949247,-0.5555604975494491,0.4673691508302399,-1.389731034116777
-1.8745254977858399,1.5215293245074006,-1.3229779795557906,1.0689735390087787,0.3121888274725246,-0.018093044344714298,-1.9875053237391545,-0.7842577690206602,1.4182075271672276,-0.22546173620865306,-0.360307755040076,-1.3156071605302488,-1.7378218821409275,-0.25303233955884297,0.12552579030286493,-0.2314538053440412,1.5623493563101696,1.4586196137662137,0.28391073613817824,0.42753926033554435,-1.2929132817216333
-0.5525009459282968,0.9469413610815471,0.6797413463307304,0.893242378987402,0.9968993473061701,0.187863484658424,-1.3497671679739038,-0.9148872586324994,-1.128664225252187,-1.3594847557741332,1.0798308709224076,0.4210176218141425,-0.4546383169874047,0.40476220550828834,-1.1306212006734717,-0.5756857944717244,0.8694268273141794,1.3779202076324681,-0.2108885499562074,-0.178627271192881,-0.5752722809416256
-0.3496874307601129,1.1725363559390316,0.010946771624165817,1.4343841333671148,-0.4941851032387487,1.145157277987613,0.10736582104769725,1.0410161237207938,-0.6900862536487598,-0.04067780255181489,-0.7674000802356225,1.0760948211348882,-1.28162003078419,-0.7286616906637603,1.391531318192929,0.1562946916560692,-0.47580247417851335,0.6561917859448836,-1.3143496485900812,-0.770068916688429,-0.08407702378047427
1.3954826841281396,-0.8941583411632317,-1.2712231912287655,1.3698693412274794,-0.9766414400982832,1.337174640336101,-1.6097031434254927,-1.1828304949909285,0.6063964772551698,0.4702277603143464,0.37412407509403084,-1.8501237080697694,-0.1370582790795481,0.9533552098114878,-1.3175935384257893,0.7592549662536503,1.5436552268498094,-0.4851084503603899,-1.104782268495339,-0.7497867063469007,-0.1229157237017286
1.1756617090149737,-0.6988817994094161,-0.6632091110939045,-0.05950004168666717,1.4586496611471338,0.18179088725320963,-1.52536707551248,0.6410793514132904,0.33164565128087664,0.7325282713083615,-1.0387244946583327,-0.7751224352717081,1.2531672883007887,0.7791496105995794,-0.0010567867181818802,1.4990513846706905,-0.19423444156980293,-0.22076135080698975,-0.649427135921056,-1.4215507075685747,-0.33199756051695245
0.9917960135898012,-1.9917657887183662,0.013442981957691457,-0.20942304360581976,0.43321737424149426,1.4994273652293697,1.0008968319198346,0.20127042174543663,0.11737000533370186,-1.5942593070668665,-1.160935867485804,0.2244685810365956,-2.131216389588184,1.4940777389107722,-0.12184645703414727,1.0154805860202696,-0.6039918204417409,0.7791301030155549,-1.7275024721343657,1.5256281021878868,-0.45629014669920037
-1.0439056792533505,-0.8052953120771121,0.7508045711638448,-0.18882290452027348,0.289774216308657,-0.5209997778074585,-1.8719184749442672,1.5258717381903668,0.506308812860142,1.4291550921101013,0.12012308999931773,-0.7696107959368975,-0.5692586458997895,0.2174504815851324,0.20238153452657778,0.07086386986093898,-0.33451355617999784,0.3984222148591762,-0.9917186852196198,0.03422178930678888,0.6332061363987911
-1.0403151643203792,-0.7704695515019389,-0.20000338811843923,-0.6731175800509335,1.4832368044567246,1.4246934462519771,0.1321902068803187,-0.3980364832283732,-0.09310036529425723,0.6619290810299865,0.46355604229616654,1.1295021446978597,0.47354071823868854,0.5511188275248567,-1.771657991217848,1.1390467178754264,0.70830495861088,-1.949229082531974,1.165586342249375,0.7576761160061728,1.5828185940079051
0.78850333721762,-0.5754887996143772,-1.067221193959719,-0.2932256225152638,-1.2472954101207163,-1.3912523812087934,-0.49491660789541153,-0.40788457311101467,1.3866848586141738,-1.1085896714585592,1.2184966266001733,0.6877433647165412,-1.0584545392141382,1.4227791405984263,0.9223790616555116,0.5071988566395126,1.4301157104921203,0.25917806271463123,0.8929437437341416,0.6539371878926499,-0.7126133934279891
0.6272522323710937,-1.4620548100188988,0.8491811122925781,1.4970893562042586,1.1060128200209183,-0.6701649764187511,1.2889398096443605,1.4543492990188798,1.2467026862064214,-0.45794673673040975,1.0818991771919968,-0.002087356032086094,-0.8898369526866757,-1.043859153619864,-0.8113277848953325,-0.5721616301715168,0.5394613208350264,1.0202853126643305,-1.7688388853891124,-1.949311170940102,-0.1459729420241223
-0.3367606714280834,1.4049237141146254,1.1666374583848016,-0.845135257577525,0.1747790264128576,-0.8069767293610398,-1.766780696361045,0.4383362299994793,-0.5481986372039169,-1.253428195805303,-1.3466220706132908,-0.9898209641110987,0.3321112510749984,-1.8717999328178507,-0.08799111326409276,1.5266980175287364,-0.32024616004424955,1.2967060339107823,-0.3185795486287229,0.12110736786674939,-0.9650354743606598
1.3968896518632075,1.1927181705700427,0.9607993044942624,-0.24363193223302163,-0.9905547937753509,-1.4093737971630793,0.5350182951126051,1.515478396215173,0.25264260194682625,0.9478768171993692,-1.2502558979514398,-1.1594808010203768,0.09616914621528685,1.3681745529255198,0.04982693689927543,-0.6433685935776228,0.7823654168114734,1.1073317543519552,1.5195844084744803,0.5619069437923242,1.5346869983833986
-1.1807183158467012,-2.085098912895448,0.7811070514066597,-0.11617801225819445,1.1561347745273647,1.4136440924456912,0.5879000626626706,1.376091503721999,0.4782978261294838,1.335876515818859,-0.26331972301371526,-0.5352685209965371,-1.1372731502108613,-1.7710850631845245,0.45007125368649786,1.0243744022249872,1.2296541792747657,1.1384820135879472,-1.3363049988806868,-0.07700304236564924,-0.24794959153975168
-0.5670929392505032,-0.4195523444394476,0.43685016588130365,-1.8549927893443416,0.540193147635483,-1.8936700877332724,0.013862362932024898,0.6857977232353446,1.3249730813107607,0.7346119096240888,0.726767156771708,-0.06135038468326224,-0.46626516725908884,1.261112628241284,0.6208047618445666,-1.4621434638359896,0.5432262217690055,-0.04736454273896633,0.9683311791535445,-0.25915008835328096,0.782593053509965
-1.6687702693224558,-0.6334507423195279,-0.28828462259739024,-0.15759429348508516,0.9227872090484207,0.5340436324906818,1.163346904798569,-0.33225614841321305,1.239180847329316,0.987595841058029,-1.5446182401861088,-1.0264671700366763,1.087578226219591,-0.4904274356816075,-0.007336278260657078,0.42369488502452485,0.6368117463311583,0.9440230313780289,1.0116497267051607,1.5348849025730884,-0.04581338153722619
-0.31113228702587087,1.364614296493465,-1.4874964976602136,0.5075387151443275,-1.6995973406473408,1.1838604150301375,-1.016759008323972,0.47406750088199473,-0.9667427902211738,0.5926422547725976,1.0125265163154022,1.0969466547325206,1.4044680518108976,-1.9172488718459912,-0.965491369939003,1.524945317542189,1.456886880662158,-1.0148127671608413,-1.9658050210180733,1.132514063275511,-0.5308071990216316
-1.8575381065662133,-0.6810651376901864,-1.0122950276296803,1.4107676850673236,-0.6109260791358828,0.7172368142812381,0.6618942032887478,-2.135621446045128,-0.6405506055311666,0.35551057723911605,-1.0511479991357966,0.3575117991042862,0.9153221531037079,0.6575474736087562,1.0863518055442158,1.202953530882743,0.04156356993134096,0.6953950742436178,0.7528210188246122,0.6623683345303508,-0.08580887962428985
-1.2424854425268506,1.0901679689909722,0.5513389892312414,1.0993850563643024,0.7527759506935605,1.2645052092417532,-1.3591574773352646,0.6441845521402134,-0.6437378995038437,-1.9109882382932808,-0.7617756162437382,-0.757952815731964,-1.6382228721625358,-0.07597210371542172,0.3730712146191365,0.4528734469039504,-0.07155258811446812,-1.0891931881620844,-1.7761995905742856,0.5930272294773895,-0.08949299387399752
-1.7677901208811817,0.6492224893323617,-0.09381177216893694,1.243557710070783,1.2337040298907225,0.12504927573044444,0.7730304261944486,0.4745279429428854,-1.644639093922682,0.4663126322840232,-1.4073870825159924,0.47095655481540327,1.5601176009403688,1.3526997457245427,-1.421870666083498,1.194042681875561,0.2364894065306799,-0.5367456437547306,1.0275565796477972,-1.3693341080410226,0.9643666687776264
-0.860546233146993,-0.08660521051482292,1.485675713591954,-1.7654723941809949,1.2996705116041085,1.3551935581075714,1.2761542875617833,0.6238858783673663,1.139400016053576,-1.562612596860184,0.5960457253300224,-1.1496463435073732,-0.09069135874502032,-1.2022211792960318,-0.05475960051887667,1.40282674598358,0.6108184438690634,-0.07104093992307411,0.34521265773954196,0.902563313003187,-0.7593668783254857
0.423248936127255,1.4631776382193693,-0.16741723959693502,-0.07742676724287241,-1.027003760388495,0.7306107328220953,-0.5538473368682837,-1.3360887374706387,-0.12139982033002847,-0.13021920747580423,1.3509699707831764,-0.7155191730387864,0.5782734915462779,0.1944204245825956,0.560514529924163,-1.130472658502206,0.6084677315297008,1.2335458929020184,1.2220059799277871,-0.377160551631096,0.45166396065471615
1.045509772969208,1.4884650151460002,-0.7523750213697691,0.7872101174823528,-0.21645964932140538,0.348700449685094,0.6882823393464386,0.18612597632112934,-0.508221260446493,-0.053228310928729115,0.9417875786906571,-1.4477774006662039,0.5528034478317101,-1.680190380965159,0.23364337708184785,0.1438863894011055,0.8988345970798586,0.3399164943839054,-0.35904109487925534,0.6510031948943811,-2.2110404308626372
0.9368223675203624,-1.801872672776563,1.118677826759548,0.4574468397559306,-1.2693570060634256,1.4897724378864319,-0.4387761504268973,-1.7891967692296629,-0.7258441873699227,1.3513240295116686,1.3508790640213244,-1.9582435992274307,1.452692301741206,-0.6455435006640843,-1.913968654831503,0.08938301333915741,0.43982592434496104,-0.6492189864343899,0.10549100008244493,1.3968846681443359,0.30784778695226134
-1.3455930659945539,1.5308689585499253,-0.41401505845862163,-1.331082997561404,0.36989751429163137,-0.6415797133935898,-0.5062013880989948,0.9175477764588217,0.49445397641486366,-1.552992520842462,-0.2817298099152848,-0.3147746069047039,0.4813969461254212,1.2943912820229353,0.5766049763536962,1.043785957372667,0.027641293699700312,-0.8855121895797418,1.1246448836594154,-1.2218043605715394,-0.6016172046098659
-0.37117064347717105,-1.8749870246259208,-1.61727381549181,1.525838150681061,-0.41218258391546997,-1.7478146072781096,-1.190848105833098,-1.4123838701397748,-0.8777625299145855,0.1451124476429985,-0.19048104167823318,-0.09422759234912441,0.3573574764398581,1.5434403164971173,1.0522469861839938,-0.030472401468352152,0.5070616092780306,0.41503380101637466,0.8007251094429747,1.387758489819951,0.061158359304567415
-1.2419507537281498,0.025142789311369602,-1.728216154630803,0.9931698118535398,-0.21635650309491547,-0.33907615909239097,0.4998530066828294,0.7247668734565385,0.8325409785575586,0.7966793666430484,1.28949928757718,0.7711180495332142,-1.4364607918256551,0.792429903799389,0.3926800601282194,-0.046126062815854386,0.5466979870430295,0.3176233709305897,-1.891882428376203,1.2048209289673484,0.7150166483476547
-1.8292687010005664,0.6818370759545199,0.681868996557536,0.3977678741913772,-1.1538356483624752,1.144153206801673,-0.663286980678593,-1.8071816271788106,0.03881071359918237,-0.6217575646602596,0.7794760664638694,0.12764943585928004,-1.176956399195901,0.7608833000932053,0.5080507002322957,-1.5589922731868318,1.532613831822773,-0.3294310726815825,0.4326816253868202,1.4018858817902533,0.08711999847126094
-2.0479740790443333,0.841290106313603,-0.7405022766738516,-0.6496541279126654,-0.9673890571532292,-0.7867337019618375,0.00662254977202165,-0.8133728707829085,0.345795172690146,-0.2621852424903528,1.2929566964971675,0.5979760726224281,-1.4975308470715478,-1.0639980395420858,-1.5041550474037757,1.3273598458640627,-1.2056209701740734,-0.9814283850181761,-0.40026736080159925,0.04944571322570529,-0.6794088114799863
0.031224891961547162,0.06267138601027739,0.6657172096272944,1.114859056761762,1.4714100217473696,1.2011766573680864,0.1387069650651211,-0.6899388878683922,0.41420110950695976,-1.079618401626067,-1.8108628604363044,-0.055853454780005654,-0.7017738454983345,0.7989709100946673,1.0676512409928782,-0.13365797326148535,-0.3161571475604517,1.0794493208626639,1.4940903352289747,-0.6317282789709321,0.8059081307149507
0.9550765261226934,-1.1714251471433852,1.1564174586395493,-0.1381523520845303,0.2665730068266172,0.10304601322862726,-0.8258383237986497,1.1157326342099705,1.2623250320016925,0.9455951540304174,-0.8170946897034383,-0.5921094948067998,0.6901410184123635,-0.5796560420301872,-1.994551917901085,1.460564019315563,-1.315669741674206,0.2433347882054835,1.1033414458922384,-1.5853631212293258,0.49218972687131674
-1.3908157398629124,-1.4829390843219104,-0.45644704425592564,0.501594115831718,1.0490489889346393,0.14066919251719134,-0.9670044306828645,1.541175753869239,-0.30427691423145087,0.9333207578499932,-0.7353934548226014,1.4530344184258264,1.0739804928718724,-0.44776637836367783,1.030464702942131,0.6429096749335257,1.1880551468576666,1.0906543977184917,-0.21111591776454755,0.738997822472943,0.29254655123220014
-1.310377472476047,-0.28546762228868255,-1.7649803911356352,-0.010361352198924428,-0.9741949569415165,0.19863787007614778,0.08386817596247156,0.3409873840648087,0.7994956285955382,-0.7769299071397976,-1.2566224822543868,-0.5670252362544151,1.040527146813095,-0.980357545504943,-0.23930859143490782,0.9865020204887659,1.031487953898059,-0.6920176399753067,-0.6894354414648406,-1.6475577807012824,-2.126204087949511
1.227451549490289,1.3126820846034677,0.6867972236204641,1.4487016080906339,0.46090195067104733,1.3873112876231395,0.5704826936014022,0.69458499848187,0.8796991088148574,-0.5431610653590799,-2.0918193474464,-0.5786753677454517,-0.49274538831504716,1.3344555633208697,0.5238451887806885,1.341365283579251,-0.5888936949141238,-0.846814728642091,-1.1015881219362333,-0.8238631372175607,0.7223257338065416
-1.1535036026246084,-1.4266405025427418,0.5873217735023734,0.2927512484103601,0.9705053338272408,0.42342815321112065,-1.7765494026049449,0.8675842231872649,0.6945610940798552,1.141378169492749,0.10369991982980868,1.1874505081015203,1.1984605220525002,-1.3489852045625197,1.220783760965524,-0.4055059157645256,1.4697489055312727,0.09351730494832992,-1.4790681391275833,0.6542705723184893,0.5610051876463549
0.5003253914183099,0.44129929326194256,-0.5763755173092128,0.6537154867843736,1.001228415978381,-0.49728017710556516,-1.9937193280408854,-0.26853451087532587,-0.27974955827990167,1.5040506637373658,0.7089692044273654,0.6818330677233065,0.49184037384526624,1.3908283239893429,-0.19931295299054266,0.7985338669225809,1.0841408236129004,-0.33355528562337006,0.19002785301919708,0.5266267075132884,-0.7492613860723457
-0.1186720724566911,-2.1196449395360077,-0.2462891961915603,0.5949278587260304,0.20232004137018705,-1.0636761849054792,-0.3645590743775686,0.004761941955085258,0.16506238192035733,-1.1405579773363446,1.0660736864235507,-0.04320328957925954,-0.14818661596925867,1.0298393949555102,0.2828600552117272,-1.3083886301741077,0.6714156198768345,0.5412532816291372,-0.3846900686241149,0.3146990159521929,-0.5683421787403617
0.265461319143099,1.2007814308811586,-1.3832028702669807,0.17801643150277208,-0.9426185072030739,-0.9458059345605984,1.2182157630882438,-0.4272796247254082,0.4651471763391452,-0.15527297866971945,0.005579071177378559,0.42230828232562717,0.2186208696123961,0.3025879774542708,-1.1284953756283689,-0.2147445566053101,0.7412180730674572,0.6660137235878317,0.789447638820397,1.1008727721440064,-0.9094778296111797
0.06507176776489271,-1.0259100286330034,0.7268726155158413,1.039518634487687,1.22386037491093,1.0652917324309856,-0.4291781685627761,1.2209626023017142,-0.981227377736339,-0.3205831478930222,1.1119913331043396,-1.968974968496944,-0.9574538076024266,-0.3012258644455551,1.159905059386097,-0.4242802128254168,1.4563917264026178,-1.4629161395615426,-0.20696714099751437,0.9023392053185247,-0.4552633927024648
-0.07067149679933074,-0.09070658114687882,0.29068003634644396,0.9910149866409733,-0.8602628161021345,1.1684860078312946,0.46454113665810737,-1.2445648730581866,0.31850867160116486,0.35019824252911647,1.3983906339781855,-1.7221033719852,1.4931490023201157,-1.2328983310536628,-1.9604606484354972,-1.6226245761629354,-1.1432689560071618,-0.22705545494858953,0.610355407209746,-0.4488180567380035,-1.154443257056321
0.8369269716727528,-0.9819667758576593,-0.7064479240360086,1.0501511814590927,1.1174635547613578,0.991789974212961,1.3042050056719672,-0.1454039445563543,0.2460642991275535,-0.7697886689025694,-1.8244677665173636,0.349931100946267,-0.9253329100040252,-0.26114812341900473,-0.47161830946134053,-1.0191465993627127,-0.2110683451984344,1.439832110038682,0.665985310159415,-1.43785746318802,-0.5528171021044377
1.4690171732410104,0.20850614337781143,-0.32531380011877514,-0.28193608679611315,0.27041756453369936,0.059842668393786956,-0.6754699889357407,-2.0954236975895113,1.1323774808975628,1.5178316386280784,-1.8063490788250494,0.5966227844911517,0.004128238711100213,0.9388133909946046,-0.9875242674832905,1.199715710148656,1.052114481537713,1.035583519230814,1.1100387365176554,-0.9670825818316101,0.33878352116382393
0.03275186008954003,-1.521219336523911,0.4617008267583875,-0.3267555313062643,-0.44809784662775576,1.4488982409606646,-0.8197159220315113,0.6742472390038595,-0.26374048192481714,1.5413084673465358,-1.3453602222332983,0.5604346036631367,0.430074122357546,-0.5194136762671077,1.0342053593025087,1.1249720298407868,-0.4284632819919472,-0.7874400716687244,-1.2300253048993421,-1.0678898603708913,1.3613882102944248
-1.608503563213124,1.446532146758789,-0.9945213179767679,-1.5287446604345043,1.1710858802838677,0.09009363306400697,0.7871755295836702,0.040384067002369975,-2.028698868874498,-1.3021474527421548,-1.7031370798837506,1.0734262279425315,0.46649517391215845,-1.951325356280871,0.5410161291652648,1.0459193498413728,-1.0858009643503492,0.6043733582064831,-2.0944603297546016,-1.5274149857748405,-1.153133786986039
-0.7647567434805935,0.13521119715382013,-0.5192878561182909,0.3702768471122379,0.23975031251596599,-0.7891743088726314,-0.14867740672825255,1.4667124855461715,1.3143636229469209,1.3938809081845955,-0.3405319268454893,0.6264433498673466,-0.3670115992306896,-0.42445564595400187,1.4669665308429773,-1.187197308614467,-0.870306205234179,-1.1731840025238773,1.192845178105738,0.6234802590515657,0.2857812440385962
-0.07138239241706905,0.911345115598566,1.5257763775527615,-1.673573578039144,-0.3871110058082332,0.6257146415874695,-0.47224576477166685,0.7092611094248272,0.5641496454852414,0.9448233234942208,1.2532833267779229,-0.4341957227086809,1.3461651301063544,1.452282514025142,0.19392847670278196,1.0653627974831688,-0.38974099234641396,1.3460834306264915,0.6629229508124015,-0.21823811461760662,0.8208194594837727
-1.3541439886642233,-0.0625275894549333,1.2996466871075536,1.0449077523099481,-0.05501858391063816,-1.2480070150001574,0.9689452932671851,-1.135008878654551,-0.6719275136655108,1.5264540285475088,1.368210292929917,-0.43434184163668793,0.9038506796223011,-0.04332340394232816,0.5048225859010369,-2.0466097593567305,1.3743830921211189,-0.6720566697039906,1.2585484493411137,0.3347183778858343,1.6490967806444983
-1.1090117946550435,0.25424624949136226,-0.15704598653825688,1.4667397516411407,0.7410918018444054,1.3816262299378093,0.5854075353025244,-1.2033066397681353,-1.2916738514569015,0.6168517357022716,0.0017706605971450384,-1.7015716823954876,-0.3411043810768815,-1.783093017791423,-1.5073381121346785,-0.5989497074645864,0.7887207014273468,0.40554242303742477,0.9853821899007056,0.17562568840202794,-1.1028795843278858
-1.8211632963402615,0.7936956185709366,0.13169022107677653,0.015561468558756526,1.527516053148584,0.03527363138209707,-0.8085220819781966,0.30764032342327186,0.9004531930906653,-0.5868166179321403,1.0286876277834318,1.0796702161321152,0.2664301834941043,0.9472690250828286,1.298317637666224,0.4566666288617646,-0.7059771607062297,0.8251310410953264,0.7398621152235789,-0.31597919035707467,1.145764242607134
0.20519035683369252,0.1431493874301998,0.9620564555304102,0.6839837786001356,-0.6338737527474132,-0.8122964331403201,0.1260405639522364,1.342478691198612,1.139329857004219,-1.4628242700041056,-0.06930687761481168,1.4605416635767843,0.650679660091248,0.6458132779635384,-1.3318972024742333,-1.0291618638038351,0.7670485108618023,-1.532903195741431,-1.7153846388343972,-0.14616299913884725,0.5973894250261436
1.229542635552211,-0.19725235226035168,0.5841922586064889,0.7194942653685953,-0.9505816017503538,-0.5965055230937328,-1.8426259293516238,0.07640023902229724,1.1572929668289447,-0.8593715897665299,0.633303490240985,1.072078293169246,0.6506978561162653,-1.2887913521505874,0.031593758160717765,-1.2042876371258502,-2.100277455233908,0.5379066966495238,-1.607333270379038,0.9359319489613964,0.4521374854769155
-1.8541525546618192,0.8891058349633199,1.1125137967596577,1.0285851975716653,-1.735392063664875,-1.6433914527508346,1.4543543192400372,0.7558101801447843,1.3975798738662106,1.1926100158746307,0.24648588720770923,-0.8808093115742129,1.20938629037126,0.12134909302915911,-0.019699073309591354,0.38111277807469357,-0.5130730562270336,0.8556102150250268,1.070418719346897,-0.8469216982064094,1.476600940146547
-0.2403304725398325,-0.601072952397731,0.7428463660035397,-1.5458424735857579,-1.9083039294341073,-1.296535386014637,0.23307091581291783,-0.9745911143871421,-0.9121498765298375,-1.478089932032993,-1.5423430295656368,0.05632296372019345,0.9480683110030823,0.619683127475171,-0.7176019137467017,-0.15635553566564714,1.425691064140513,-0.10186114120532029,0.5035129257752438,0.39340430786656055,-0.19312936582211784
0.1311855729754285,-0.7458675272375951,0.721232870772241,-0.548894091547728,-0.2774051547258221,-0.3557657390410818,0.011191786678261822,0.37346281499624534,-0.072381965042743,0.7829701465212635,0.7132570733084699,0.6641888583932481,1.2136417928952525,0.6281069128363812,0.33310307870653655,-1.347496670944769,1.563306144704393,0.2300027442701803,0.9740843861964745,-0.7468614971629804,1.3074268157053506
-1.9921037561066912,0.8031631602031306,-2.0125356872267433,-1.2356043230550675,1.2938735403026242,0.1438657698810182,-0.873833024381088,-0.33965625476165356,0.5571984121702226,1.1460866752045957,-0.9527028187513158,-1.7761349539498206,-2.1723822957867287,-1.3002195502406337,0.5043061725805584,0.5543215043394926,0.08642931542029418,-0.8924163300495326,-1.5666026958085444,-0.4051858677140121,-1.6062354701096526
-1.9338651852221802,0.8745255147984127,-1.671004634918435,-0.6632297000201948,0.2897703696315703,-0.46697601768362823,0.9171085883913459,-0.3320465970936062,-1.1273579241368707,-1.8302143571826313,-1.3234798946946125,-0.6603746486696566,-0.03932091336626773,-1.6920093595707044,-0.41396661841595717,1.3776538868995458,-2.05152517292153,-0.7884683835768923,-0.44308699890519515,0.3253825702328627,-2.884222346737589
0.3057480985774525,-0.6993205384282973,-0.2240424224317629,-0.35882106353224086,-2.0780040711890067,-1.9324429070562148,0.7585475796388856,-0.04119370026107756,1.5108814128522536,1.0735925746686348,1.22006035258322,0.7200077577002388,1.1614630804445059,-0.25629210739720676,1.2831758607506492,-1.7880955003022565,0.9866476645347373,-1.687497803377019,-1.0087344440667685,-0.44105632468319683,0.9141107871810572
0.3852447362022746,-1.2091270445212408,-1.2549857773825788,1.4499650256355365,0.2284244161027442,-1.0475376772093432,1.0848577585283843,-0.6961199046944637,-0.6684776178535441,-0.30851497858681404,-1.452314700058598,-1.178828303141163,0.3987730754847227,1.3235948717714197,-1.4236298993236614,0.2985821997971166,0.03326252892114146,0.1733012638630163,-0.7060658111345397,0.24514598695906076,-0.4634990394885796
-1.3386156248518148,1.4240141333972052,-1.2510942987628946,-1.5692968518669967,0.43226804298540294,0.7007259625081693,1.5149878450111316,-1.4719793934769942,-0.02821405192973196,1.212488867833057,0.8932955009895012,1.2125479799627976,0.21087603210159783,0.4660855027155152,-0.8450840203825344,1.3332672595854098,0.6499491236292112,-0.4779203358643808,-2.0957829687228333,-0.7821892709079526,1.4005379490358367
0.8445912547737009,-1.41471073217288,0.6240950096839178,-0.7026637811162871,0.2908649592448908,-1.6747429153606281,-0.9099244553255348,1.419555985586196,1.0794285888652937,1.4748974485375825,-0.040360961861614746,-0.39925502960206666,0.6768049840012609,-0.09283887121085276,-0.3945879292482239,1.1331315202940266,-1.3006752864721767,-2.0777867466963906,0.678281641592831,-1.8736359676631242,0.8721545409146312
-1.944824379229584,1.145449988983393,-0.046535671987079245,-1.0643742124630466,0.5029450258199796,-1.0671911737296333,0.4201497813396427,-0.3853682638567785,1.4387503954409884,0.9917227599355332,-1.2819450562900494,-1.382519807610198,-0.7638706127595662,0.2605110158865209,0.7804948775928178,-0.6397074952032811,1.0993069854148105,-0.6181458798662969,0.23916172598134583,-0.5955706234099682,0.06793769575069077
1.5308900318652738,0.4799499985837887,-0.3547273833357086,0.5138157392154966,-0.552529381611559,-0.3889236071600236,0.8287598688969553,0.8518193475432598,-0.9113845674200852,0.6351523224713481,0.8034554661844211,0.5772062758220035,0.2639212041684601,-1.630303863286088,-1.9625449937936257,0.5306008682482168,0.21674162196290084,-1.7484325097191382,0.920030562995901,0.6534131105391295,-0.446800548071904
0.6945485812622769,-0.08004464953615095,-0.524279901198663,1.1412870637068453,0.5092260103430722,-0.5105393648375802,1.3536004137490256,-0.011019478563695178,-0.9545959393945955,1.2275482321975126,1.4186966753889052,0.22816587630339744,1.3222326977029626,-0.9918746580998805,-0.04611465935370432,1.2472647933810694,-1.6229317817856117,-1.39910771595544,-1.351285471431673,0.31230013475380475,-0.14175202635314305
1.3928016282807407,0.9472143664162569,-1.323073052078792,0.4871488622019211,-0.1844018388922329,0.9860156746588998,1.4816838932455862,-1.321437786491256,-0.7461147483831353,-0.9484552291369387,-1.521125202279418,-0.743311073169633,-1.1141927806584584,-0.6504366112910656,0.1795528189836938,1.1971644982256981,-0.9172503576374699,-0.7831366805355311,-0.6958351821024713,-1.7362262671241238,-1.551598857038353
-2.0106421635021556,0.8872841527069952,-1.429117465871781,0.5544307432936081,-0.8096281767879255,1.4418367551807845,-1.0268154172007646,-2.020549120056457,1.1586297231214764,-0.8805128786257429,-1.6712293511694085,-1.0791247423793018,0.013842299319365071,0.5448447522016618,-1.9036000465370286,1.052182031874758,-0.6114441044857192,-0.9117735214186619,-1.3065364865067455,-0.05204571422440743,-1.2129643982261453
-0.39417844074167463,1.0065463221893403,-1.2176214602350348,-1.3593183423598247,-0.18340249195943067,-0.8551071019569042,0.984988648043263,0.3406729980324231,0.5183610181457668,-0.4866029921463235,-0.7884943545691384,0.49711380500618896,0.10711613625522262,0.09286606669394817,-1.1657878026217845,-1.6776709278152186,-0.9465342549904328,1.4655750547718038,-1.2814522687249934,1.1161411426574137,-0.5964585034576991
-1.2891299067772322,-0.2407373808547027,0.7388076310621315,1.1641038684132705,-0.8152234600877114,-0.17943623022931923,0.03544039979167004,-0.2018282993199575,-1.5266618572403066,-1.5841420082175997,-0.1448186216230639,0.3970728702989814,0.5448899290153233,0.8392659342218061,0.5761403670287256,1.3067104008154764,0.24344767316773794,1.0179097084598616,1.0662743226329798,-0.018136583940094306,0.19188616437462708
0.387952454943102,0.5046899651165667,-1.4922216450574133,-0.9516891551837563,1.2963263793087927,-0.652000216969682,-0.7991672157280922,-1.5243260367158153,1.1728449078610423,0.9884351358838727,0.3896591133353073,1.0735469396563813,-0.18639035570057907,-1.339897134809251,-1.5823368507257916,1.372422286375327,1.5087601302142264,0.7736448395097445,-1.5634244569893003,-1.5087688893700955,-0.08903112622610157
-0.11430071946640129,-0.07616315382136078,0.23035200540089623,-0.48168653148372453,1.3735608926051999,1.5180865578331117,0.07543958981147471,0.37279628996381603,1.512213548009326,0.023907701764485513,0.19594957265529764,-0.882017295992117,1.5824619179308053,-1.2768126006375835,1.1479203918160263,-0.5496849649821366,-0.07377438463144302,-1.8902271353308266,0.38077729413130507,0.7242602067618479,-0.7766203382625839
1.5101513527907933,-1.445416215065508,1.2392012401342192,-1.4106113510618592,-0.9069776214196383,1.0035510598143438,1.519396110932585,0.6077771328573541,1.201131942615771,0.8521547980551896,1.2912751419997528,1.027953257309044,-0.915547291353145,-0.48535239295359645,0.20294532220978567,0.7479503608505211,-0.7871110434846209,0.47373121159079734,-0.499009706454458,-2.044611599019346,0.9936297842633195
0.9267738171660574,-1.232237582710919,-0.8828400968678128,-1.2540158334378768,1.340797833941069,0.7866134651126259,0.40683136943385806,-0.2909411035746778,1.3762097221618415,0.6411933544437233,-0.42408675767761855,-0.715180511912798,-0.9580731298371675,0.2016040335054307,-0.85226538476633,-0.9061790057006257,-1.141835865708055,1.3434025418393447,-0.4500658978510521,-0.8440875007269748,-0.6200467071744518
-0.9274166264516389,0.6057066828871036,0.9163712207914771,-1.2992663309820887,0.5492963495602191,0.952563404628308,1.1847325491445773,-2.1445821249921564,1.28172356486633,1.4649467247379173,0.21351808981559786,-0.5861579179793586,0.6379222570913448,-1.393794334148337,-0.023797927603532512,0.9635158060068637,-0.029888068520450676,0.6818775142975948,0.629772586003302,1.213883237173019,-0.20991007550428956
0.5196874727406727,-1.7165036754415044,0.9121005895473118,-1.057875473798037,0.8940383605754744,0.5732690702537228,0.6403453871680007,-1.764412704984687,-0.9522637791704371,1.09941915103204,-0.4336400608376732,-0.1286221007583922,1.5515151191154934,-1.3551212819831664,-0.30078973197020187,0.6878373378239139,-1.2802360806620168,0.6647096258333919,-0.7958430842338817,-1.1162505292646319,-0.3340412187810642
1.1709042598610098,-1.5834906562125732,0.3129420285073278,0.46943251029004673,0.16797674750451086,-1.91724629222846,0.9385962055758821,-0.8356259500948995,0.17205372082569606,0.27206591860043955,-0.9065065007945198,0.47669037290450855,0.1298317346332111,1.5141289076138678,0.20906150473675453,0.5137988549025178,-0.2030643089033189,0.6860133700388487,-1.207654854015588,-1.9338602328818868,1.1658256221525767
1.430820281836754,0.9475741709314082,0.9919158307630827,-1.475028158577892,-1.2966096719212883,0.3277770553914429,-0.8236252841762591,0.9960251862291175,-1.4958972428965038,0.0774180449983753,-1.7610211593859724,1.0149739727772984,-0.13004610596323476,-0.8047374698430276,1.5266762865745567,-0.11173770022173657,-0.6402471742017681,0.9078497037705612,-1.6125315565460088,0.11553824153110726,1.0043125313309096
-0.715476995251194,1.0647164397384856,-0.8678518571201667,-1.8654797278704445,0.3827539424252117,0.8717946136474556,-0.09693799588391014,-0.8035763779350914,1.1989432279580179,-1.565126682196745,-0.626519900979859,-0.15598964027844142,1.1210790337878236,0.5888851629863886,1.2213540603384516,0.09907505466588064,-0.9733180214021172,-1.2341959189236096,-1.8342570508562954,0.2528761990500419,-0.8919350593168583
-0.19504027089973042,1.5165831344506366,1.2887181258664095,1.5249764042324387,-0.5532552881300861,-0.6735957050784137,0.37896681430540446,-0.5702878893975349,0.3708860802673072,0.7142674991161827,0.22918159053174728,0.8816068616007539,1.0448491617775537,0.9658661784013914,-0.25489555990303775,1.4772426818776347,0.4615385069861857,-0.7868968722401312,1.4054402895308247,-0.5345847951142588,2.2491403662912894
-1.6207237985742742,-1.7598500805776176,0.7536377409207359,0.15816937668560688,-0.6349677324293364,-1.2795561889380098,-0.6075349700290168,0.8579982040235304,0.5681326753456106,1.5337068982029936,1.4134027875205437,1.3392642021246248,1.5257801936692243,0.8039029320701023,-1.0915167085071587,0.9881550758286618,0.6720362772354936,0.18990538142074245,1.1966222384630074,1.0998358317710581,1.8623244487483244
1.3906419037482591,-0.7400048654159921,-0.0074559639355363935,0.44727250106040894,-1.861812856869853,-1.684322991396488,-1.5246048904157732,-2.196598200988756,-1.917861369591948,0.4908624563013332,-1.2876973011562345,1.4199080101382868,0.13725533687277894,-0.3661759051487292,0.9269025271655791,1.2615754357553526,-0.35387905602491526,-0.5436585147167926,0.38134709928495547,-1.937439545999381,0.842588234721505
-1.1153041130256085,-0.5594524943021513,0.27628442003285536,0.2721663722374601,1.0881347431069577,1.0268597227215537,-2.0789611585904435,-0.06446380012618838,-1.571824197106757,-0.7631399559058252,0.5894158552130314,-0.19851185907964897,0.9553881504184737,0.8165047474663026,0.8347416077794167,-0.7898435844816744,-0.9319865835229546,-1.1478179793179035,-0.11188815544432511,-0.6450323349591879,-0.011954266725474427
0.963438048568458,-0.39805879905527214,0.7294829317189117,1.4339389479299363,-0.700182584408527,-0.4751860744985699,0.7207767340119029,-0.7637274406829135,1.5821691991033298,-0.06089147763514384,1.0043454603561603,0.5050333894458943,-0.3836125258179277,1.5104086631946165,0.06351454549201324,1.194099999430526,-1.9097659047121356,-1.1705862644554048,1.0522922026616963,1.0925654975500814,1.388837181955016
1.1969797653473369,1.2132889897538037,1.532347479292916,0.7181055478196544,1.1566002301832499,1.3361458841930471,-0.6729916132658302,1.0331492273611802,-1.8403124937847783,-0.02885551321451859,-0.846053026557205,0.8536363465562585,-0.09234917873063637,0.5437490082535913,0.9574444380755592,-0.7002978695179061,-0.3100876952899908,-0.41057288381125817,1.3450181532610532,0.9499042736620276,2.476405840015415
-1.1382047537997944,0.8116012284570234,-1.268205200513596,1.1965704275776754,-0.6930877160384086,-0.6921802999145159,-0.07591514010180503,0.2722891217916537,1.464920279960541,-0.9908305950975116,0.08751981761187413,0.36440152703204304,0.5914278953622221,-0.25049302734618895,-1.445063581186171,-0.5305622342958165,-0.7166723963429193,-1.293186765567562,0.6035559786401983,-1.8066681603417118,-1.0136569701781206
0.8694387409155212,0.06464088654262913,-1.772095768178614,-1.3339369924927933,1.5237861948427953,-1.3847031202201845,0.9206312847714827,-1.420915097739384,0.8616559332424316,0.12845498040464892,1.0106699242162114,-0.9675923207841495,-0.5204537688277385,-0.7075379946330407,0.5432701607443042,-0.769619212565794,-0.6146842030430355,-2.133929732033447,0.95363393394485,1.1508384498005046,-2.157915558804366
-1.0837463392914313,1.0509840656508793,-1.1001400762589022,0.649739254417851,1.3740381845431657,-1.5015493105558249,1.216670989350954,-1.3573527678805624,1.1949092011679936,-1.1019091446300795,-1.7335377937009164,0.07852957098956048,1.4097015801059074,-0.28241251019608515,-2.107940378918259,-1.1765731872755385,0.687754896059863,-0.8574376787386455,-1.6381119617981983,1.4216860864764669,-0.884652595475473
-0.25039418976326705,0.07596559220783616,0.6838141933092245,0.3233465933681156,-0.6134385940645479,0.34945107837052736,0.460043224868201,-1.0960862850472683,-0.5391862059404687,-0.352477372351011,1.127964569193631,-0.010188489096433023,-0.283362211485035,-0.5957196154299254,-1.73411564238963,0.06586740638510542,0.9081591661448606,-1.217423420773181,0.9892137549664912,-0.8838519526492326,-0.16290848911104644
-0.3942401094745233,0.6643068232467564,-0.44002286116319345,-0.5602057107936104,0.6976420008889755,-0.3435236774748185,1.0682375476076145,-0.5228110845342175,-1.2340684354252527,0.7815232022255972,-1.0667896984379812,-0.6474956689869109,1.122935693027826,0.4070738789789708,-1.593153187113161,-0.09406640334872632,0.6314545967786205,0.8521652441875065,0.7599064053044198,0.8484448241379239,0.041419789417177666
-0.7156317557893744,-1.3048411968346878,0.5548569126203137,-1.9088711399126657,0.5469667052148516,1.3115466679878,-1.5315516486582295,-1.277540350829913,-0.6365790135302264,1.0120479301962904,0.9574146518176577,1.114504084486243,-2.1450483908971356,-1.8131526255642731,-0.6614086549535487,0.5071022815000938,-0.57652564985578,0.4847071995186584,0.3943988069511834,-1.303326271565741,-0.6367550142949238
0.47403085873931095,-0.9031748547279533,1.0421784141126227,0.1378480983946387,-2.1055503754043783,-0.8380153363491499,0.83882055339142,-1.5026472525085133,-0.39031144539133994,-0.6472889167936302,0.6257110404304693,1.5570482010015068,-2.1368597517379047,0.9016439313367656,-0.9184528418506215,1.4763355163709297,-0.5506491001378679,-0.4527515333428965,0.7309907339721858,0.34886963629229745,1.586125582370847
-0.6598034749317122,-0.8648514313816503,-0.2690180197045615,0.9810778613659038,1.1387301665550367,1.2531662599818463,-0.8629625015325979,-0.7886709110323478,-1.0707527072420393,-1.9100643175903687,0.06388223091809861,-1.9935523125058918,1.3078661734044417,-0.48217339745761556,0.789518773560959,0.549959259364349,0.636290775932658,-0.706624843245993,-1.6865711564131385,1.1034702635912321,-0.6531893910892508
-1.2403547214041417,-0.9513375853088901,-0.4813994463684582,-0.9081508685604555,-1.840385504668508,0.7320950849932772,-0.6365217667637413,-0.7103641168707097,-0.4618744839768925,0.5576468569930243,0.269205952132544,-1.1379119640105455,-0.6036724125852623,-0.3735272668385836,-0.71377067451744,1.4067865592879232,-1.6379641720047455,0.44622029579853145,0.48242701741732086,0.6609405529502985,-0.8801306647136997
-0.45962389444318263,-0.6385267166164406,0.7128667953650419,0.08695224909223762,0.23470628738359037,-1.0422009287961467,1.2708331491725793,-0.9267533662040585,-0.5128332190805764,-0.8266268878996345,-1.233921458477566,1.0613130890630236,-0.3925472473261219,-1.2069556504857168,1.4573344931708532,0.833236493667019,0.054163541403533515,0.567853600565069,0.10619158510805365,-0.15299741988054194,-0.8005400792344676
-0.18362662725804554,-1.2944858908297643,1.0129822831498472,0.7085219949231492,1.528500361159917,-0.8132105512203739,-0.3388917293732183,1.5494767608478954,0.8572174629183374,0.9019224117351176,0.2782338182539078,-1.388958264247711,1.1789346296190035,-1.2548709126483946,-1.6863787841098505,1.0445535201387528,1.3403887008792614,0.6450568862980901,0.8402699729361631,0.010611136417845324,0.20919113566085867
1.5197784727151662,-1.0504990852209006,0.6430084800107818,0.9936833760030426,-0.05456072633607936,-0.6997103006661959,-0.7979306614577195,-1.6962857194219667,1.1156650707984124,1.1873349825027482,-0.6202311055463694,1.4153195959277791,-0.994964953784908,0.5931025378781385,0.8340904780206432,0.7001341676784018,-0.24761241679367244,0.7111894858200276,0.593301462355295,0.4846584735789509,0.9446117703313033
0.3060455830419002,-0.7005692260277675,0.9577285377007159,-1.5638422463657045,1.3408032055444714,-0.4251709791173241,-0.4231130269872951,0.9829441040485669,-1.9743861142290127,1.116701059537606,1.109885239714471,-1.0376491607066343,-1.4429329408113722,-1.1717938892842235,1.1962574620677082,-0.40282880754228456,-1.0091471174162312,1.0418951054281982,0.3141669537326092,-1.2630259511752453,-0.46197587340722057
-1.6480550863317869,0.5595796866250159,-0.8376008091376806,0.7428676768424188,0.19068350383958182,0.4663158506820209,-0.20882681905297043,0.41150480892254954,0.8503165127822544,-0.24580209681854703,-1.0568061219488358,-0.4997626433898281,-1.9076581117098208,-1.2553598593502422,-0.7902955692533639,-0.5618137516406235,-2.022701349507036,1.2445244546622982,0.080060864867368,0.3318808223697183,-1.5321483166201306
-0.9137223810478138,0.6107192298501473,-0.5022946851125989,1.2282274058314193,0.5779044989643997,-0.8091653092460279,-0.619964135403074,-1.5481631548241426,0.325758026228019,0.5601548654305023,-1.7904264970992663,-1.7881486020794666,-1.4812909002941799,-0.8844171162004716,0.6820816839318904,0.6780497513616278,-0.6469382956638459,0.824587596334394,-0.444087912892635,1.1355487015336536,-1.6303527264615327
-0.5244234187659714,1.4426653786349315,1.2444492492466632,-2.061255472785084,0.6236627390983707,-0.2560001644654927,0.8358984328617444,1.3858713084455467,0.41849784527027023,-0.6894963944192265,-1.3366840053758784,0.1245158497016529,1.4008662723142231,-1.3121424919521263,0.3577926743966723,0.32158465107026235,-2.0074568728205717,-1.5243036200704188,-1.7069695877387296,0.3711928050845082,0.269342010086241
-0.22195603284277474,-1.6046922946863997,1.00547204194999,0.033800523212964194,1.038151425620812,-1.4740019456866431,0.4291631581385869,-0.10205194336894335,0.40877945991364983,0.4423876946676234,-0.692317465775342,1.4323110131077132,1.3020092321878043,-1.1308543058535239,-0.442000120733848,1.1463978015063547,0.3793824538251201,1.1096253574949555,0.6626698702179223,1.56700813320714,0.6550071784816147
0.9351423646236876,0.10995551005412363,0.540211301717241,0.31161474880606427,1.0004970661011834,1.2499677254494284,1.203374912369916,0.4804735034700573,-0.9031188306883196,1.2371291509718243,-0.519690426083101,-0.950335907060685,0.3523764782886425,-1.173619565803367,1.547870843584093,1.0889910348027796,1.014401116612848,0.1629090016015619,-0.023666429254750966,-0.12145216132097389,-0.06904974388300911
0.6186869204973755,-0.3564490941796022,0.26983063899737486,0.36655354472787643,-0.06153374492696912,-0.5189910241304158,-1.8495222489103567,1.2435173350494386,-0.5414911511764594,1.444061221957821,-0.021863206323010063,-0.05497420258376285,-0.4173988881345169,-0.565117343387688,-0.8019053837524175,-0.479389043589113,-1.2729781608865274,1.3390538055950592,-1.5096898234897336,-0.6514314647354559,0.8315807053508104
-0.3890932430716892,0.7026725899016506,-0.5912992308486589,0.7747375010602355,0.6465491160290866,0.5458335054974331,-2.0483151069487877,1.1981765008435443,0.6111873268123641,-1.3453682797686197,-1.3296995310989235,0.5180288596852158,0.6511351577931951,-0.5392854669936149,1.5133668840668062,-1.743471283662706,-0.6771860598093855,0.9588971756577037,0.4109795600508558,0.437872496374041,-0.9350133945062247
-0.113876742073048,-0.05352617269154544,-0.595610106932262,0.7007477074725994,-0.1973303119964074,-1.566456373633351,1.104454668152727,0.061162866847435625,0.9631955379707339,0.8651053658324215,-0.9291939499381037,1.4602850953447086,0.5987989756493434,-1.0155968404874947,-1.601046229329638,-0.370980303569391,-0.23910073411071955,-1.5135364449428759,-0.10931063836809488,1.0931634435796096,-0.6559324324525612
0.752753033648902,1.1025762836585895,0.6336854135713211,0.8533416884458073,-1.1113416924782262,-1.1122680050594258,0.19999102302437569,-1.170626862620073,1.0655334733466602,-0.21562880581025706,-0.4840287638066377,0.9950969315614457,1.2486282728114761,-0.1274248003299915,0.5454452693343959,0.4062722395590795,-0.5912963666869934,0.7491657476921015,0.174899373307931,0.9596668383601843,0.6727594285368822
0.445981593313146,0.03940351094383715,-0.6369137618094236,1.3258564940218538,0.06864073153867158,-0.09007384792527545,0.5130786786988601,1.2554243505269251,1.3173106978037763,0.5572390939818075,-0.014131907878457117,-1.5821178743867492,-0.9741885651753222,-1.5512698086947858,-0.47016644931440654,0.2774525038137893,-0.4720510737414638,0.8495513332732808,-0.1898729639170343,-0.8275787523431754,-1.6858891353701473
0.7447888429716876,-0.52268100948241,1.244560381651673,1.4923627352418858,-1.6476520128385401,-1.1250511600873636,-0.3211498260385687,-1.2775491393183351,-0.5570413292259095,-0.09383403756162485,-1.4907635479712433,1.4633625942981985,-0.6388369896283451,-1.86942196927587,-0.8758260463326473,-1.4791179399917695,-1.5918806579375648,-1.5144763222050046,0.10842247343601304,-0.22315641487059346,-0.02856387949948509
0.2432940366268605,0.9272777728003953,0.256339437502379,-0.84882938871495,-1.2016365309866823,-1.7388169491899337,0.5710187362486655,0.5613589229594028,0.12235528799026059,0.8270210032268256,-0.3403818220563527,0.7692174537834571,1.4148671928321999,-0.41246493081421426,0.7239451833833696,0.987151853199295,-2.130628732591679,-1.4262845492238487,-0.806951193714037,-0.6100654822647831,0.3740879158696456
1.3428027345775586,-1.4309732339929935,-1.296130289247297,-0.85646470535766,-0.7434428163880223,-0.26526282131026446,1.253895850844048,-1.8454327284096954,0.6475658239078136,-0.4200759240012097,1.1371240212663483,1.0114515019045558,-1.4184633034269227,1.4285545623779285,-0.8472877480863277,0.2796504667638145,-1.517554292650036,0.2799068287154309,0.48365160052842054,-1.143506474498711,-0.2170920073612252
0.3481233250458646,0.6171300757061375,0.8554306203544257,-1.3106086654598972,-1.246132893653723,-0.5389615735588099,-1.7277265371351533,-0.7408075419609206,1.0221444740006438,-1.8175573524181088,-0.7335792329800895,1.227834741721514,0.4760949416418119,-0.29241526639087784,-2.013901702254959,0.8600215272456679,-1.1158498461783937,0.760753407003146,0.6361270953891529,1.3903188487688376,0.1898131360182339
1.2098120322754222,-1.6507033145754217,-0.0458437109417633,1.0156115472251,0.3074334316060335,-0.018526622939568842,-1.665038462718698,-1.6181472602397275,0.7215462088267149,0.03031997203813787,0.679867005011999,-0.08660565821349762,0.45082713815046715,-0.1160636711781899,0.5959362484979621,-0.2526897294660881,0.8229348651126702,0.655183832725496,-0.055829112890902505,1.5017324255720335,-0.31574484652663987
0.01559794445007184,-1.7944816630699905,-0.5122225214837806,-1.1597233466749308,1.1660321692478925,-0.07290179590702459,1.336823323274196,0.25747569119838243,0.8119043155137915,-1.3417393252315037,-1.7731250764481135,1.226500197767938,-0.19416234784837585,0.1419407862861169,1.383720566652466,-1.1221343417480385,1.3607289674487981,0.20573585633248992,-0.8396938398442922,-0.9415056391906683,-0.8891929180391597
0.8361039919537595,-1.0533441584982453,0.8682576424885118,1.2702477139158388,0.7539802743233835,-0.8815833457840972,1.367433244683271,0.6165361316465043,1.5448260653956378,-0.7328041944625422,1.0149940111169653,0.19489009489336126,-1.9328209528377094,-1.3304841148259965,-1.6408809281842216,-1.4112529473091826,-0.7539693569144557,0.1467044501472327,1.2786031987676358,-0.06529015592996486,-0.4083012563803922
0.345704735775979,0.9362459960016837,0.05747765343094933,1.2869200855789946,-0.3528537475677832,-0.9821147037010185,-1.4353368367577644,-1.9045793613962647,0.5405264123692471,1.534006210077519,0.9558405718062728,1.2248637958327806,-1.1218313635710697,-0.6886319560813904,0.19972137301156034,0.18486663813040302,-1.0635709742082728,-0.7496627774448903,1.0764191907016014,0.6913912605458947,1.2792807095473835
-1.6621424273264713,1.2661911154044319,-1.3216255987552825,1.1013769863375107,0.3490937793529188,0.8096835672393786,0.24227179663224996,-0.7504163680781178,0.08632338382452978,-0.42115757783068264,-0.4142914182158199,0.8902575625030854,-0.3922142012878196,-0.5958682469856934,-1.9985229820801267,0.9549944496921173,0.015140241035842345,1.3695498844112906,-1.0642441415192905,-0.38697627184148065,-0.8967738191349721
1.2349485049503124,-0.9139051263387012,0.5326236161619592,-1.8671935910756963,0.8189325656163624,-1.4189426943729286,-1.2953906924202192,1.4134821788723424,1.0404112994959385,-0.4706924842694085,0.23851532079489277,0.10585729658562698,1.190256782410025,1.20295635864467,0.10042904925614524,0.8028814010987373,-0.6626960189548649,0.38996838771329073,0.5695517135719848,-0.9168772795561095,0.18678398707395152
-1.3552072105773108,-1.557472287056725,-0.9777124980581063,-0.15831268537423918,0.33534528316737466,-0.47262824794319197,0.5592131503203132,0.03409836052034512,-0.5619047476157887,1.0055505703499694,1.268049028241174,-0.2899491096602279,-1.7547618639261044,-0.7969540829925186,0.586645198887215,0.06372368035838788,0.024937136603117697,1.3517072009521574,1.08267185548299,0.7892881976984809,-0.5043072146758041
-0.3875287431092668,-1.0522202642366087,0.42286549854580785,1.1619045950274969,0.7230514934399331,1.292123121280868,-1.2737928197296995,0.22519803519043,1.5788366231795918,0.994333070606042,-0.37762507464502765,-0.9089924342209995,0.6118640677612944,1.2933185990872877,1.2157683200142904,-0.3044452847222792,0.12322055197499282,1.360649171999018,-0.036255100754105304,-0.8813055129750579,0.5037101358673194
0.24945790045584704,-0.2197941459209149,0.9807654699126129,-0.8200068774270827,-2.088846804307934,0.671899970229875,-0.8137645698019758,1.0615026581337412,1.1660076676842215,-0.5097717868126038,-0.8323606268142743,0.31399394650512663,0.30909072775066637,0.12650681143595444,-0.421995051190325,-1.3809979219511437,1.4750853844424514,0.41886562634764657,0.3006210033892326,0.8289680716515319,0.0017050527828773724
-1.4853701340313505,0.9580681629119441,-1.0993361521491465,0.12569433635389302,1.4628799200179494,1.2706819392168878,0.091677614728383,-0.13672664022268594,-0.9040075074729504,-1.5707044402986354,-0.6106452758245752,-1.3687261701021634,-0.42215287057208567,1.160821822632854,-1.7435859247094203,-1.0786763734374036,0.5955358770489834,-1.0426105463250679,-1.6454364737818008,1.432092548577235,-1.3100649313613606
1.1093610530107203,-0.7475760782128826,1.2589997149015315,-0.4573303304617829,1.0184775591408677,1.1250969469899414,-0.3168674859473133,-1.7850485007573471,1.1706056795132602,1.1511749551676582,0.44229637149755835,-1.8033481806474625,1.279285965379487,-0.03132247919988998,0.15997288039673208,1.5252858554675799,0.610406921181982,-0.4312232592773232,0.587144538348212,0.14338902787216143,1.5478068555545381
0.4138581434344438,0.11064123750457304,0.7602763003290675,-2.0852330029717687,-0.4812221808311697,0.8930558579220579,-1.0397370233567824,-1.5365432181706813,-0.6114046558126485,1.4709148556150038,0.7637683820797372,1.0154506943991746,0.5273251361932775,0.17372231304337407,-0.810598549106191,0.5649341787015982,-1.553790060414301,-1.3243564695756642,0.3392282175490487,1.5638082390956685,1.1303205561164242
1.21161817101143,0.7724028347125145,-0.5914059191187944,0.27998752807676475,-1.9003314386627932,0.40554157799255647,1.2196474278247869,-0.5021217511227073,-1.9699827568472421,0.6558211174288838,1.3487849253513804,-1.365028815471501,-0.6384196991186022,-1.6620118978945044,-1.4697428549433593,1.2694586166295876,-0.3614982567211506,1.4532852197658617,1.3694741153269676,0.743378965595649,-0.860921137058618
1.048090161577707,0.40655669974783804,0.08973939077763893,1.2660101599065368,-0.4073078632251509,0.4600017668549926,0.9198955098468218,-0.7137064576387196,-0.5967545524307515,-1.2230998373151134,-0.9874596792604143,-1.5059529075704008,-1.9069264854586991,-1.905350795448817,1.0140811430248369,0.525964916342535,-0.7392644221650477,-1.4454360191665305,-1.064682909326392,1.4566474492790893,-1.231265617083284
-0.5178003635775263,-0.09903263949477553,0.11277109103880846,-1.856201311811082,1.1455414346722241,0.16618902739370392,-0.2438356761797374,-1.5080203263258276,0.08128293638093395,-0.17849834830224115,-1.1443784308164815,0.8350125739601714,1.0437314604014316,1.231751866485445,-0.5929085780749661,0.9452780015978882,-1.2822643016942235,0.8494254072210473,1.0564150891783846,-0.028603644284548233,0.7045940753773915
-1.5129747148063681,-1.3494848931348076,0.8794556483477062,0.7061003931461298,0.8544770943930263,0.44695900590012067,1.176219405444999,0.514809235937657,0.6878862188100043,-0.4048380274567533,0.5413155559756265,0.637452480809927,0.134326263811751,1.266184647772708,1.4136770323717,-0.9156953828246254,-1.0829284371085424,-0.7685949314190453,-0.3193468448669046,-1.3216915840859949,0.6757826289503779
-0.21400473589562435,-1.4094356236746057,-0.8123744442634749,0.7551668620337859,1.053971568895724,1.2020145435095841,0.6945286475139281,-0.0873260149298876,0.9457392851679663,0.8023330389519561,1.4466935497130697,-0.7255170923574509,1.1234324437036605,1.491670633515192,1.240968701674676,0.9334159040559317,0.18475922001968112,-0.7834812821002725,-0.254856381733464,1.2868653384186448,-0.7081456120512026
0.834077003160506,0.7100766424814727,-0.5720710762652237,-1.3111658303266982,-0.11139686292973396,-1.2717284530652562,-1.2184615769193308,-0.7321927764734438,1.261335698048161,-0.6880992504616783,0.23840687690403617,-1.3728158984832142,-1.1058808447302715,1.4389094742351751,-0.10804561457795393,1.4112581582436612,-1.8834085416380075,-0.41032297797512585,0.49709391543393994,0.807427948652088,-0.7098488880540234
-0.23272062055752468,-0.49655771501265794,-0.770863038758159,-1.329125711369733,1.3552938627172577,1.1951961657473862,-1.6671158353415618,0.8121187933294324,-0.3997104508950031,-1.1860679884666219,0.5118948228105461,0.917709818228234,-1.4432219908923862,-0.19604763882187773,-0.2393400666802866,-0.23502127971950018,-0.8575349939227874,1.369396669872093,0.7336049101561637,1.4170548681574713,-0.6669045308192864
1.4065626119399375,-0.21610096394536168,-0.8420469936491152,0.3038597699706596,-0.4643613353504541,0.8070205292612015,0.6168054592490703,-1.836100006026706,-1.774373150687097,1.3716311133130028,-0.5798153149812307,-0.36403176867237896,0.5258991836800223,-1.0917582852145689,-1.0281571567189143,-0.4644906964539345,-0.9352011033416703,0.2359588215362935,1.4967397419851407,-0.8179124251335814,0.6551586057848784
0.5444264156015701,0.4877912678528046,1.0388089205746383,-1.4532644584917722,-2.0352668061204837,0.068454626181224,-0.3916881098973211,1.5257574001638978,0.028849898318356177,-1.0955989237504369,0.5204301280450281,-0.3436849132315223,-0.8014360633048557,-1.7752381032546714,-1.4891782102597249,0.11206189862004341,-1.0837370212996555,1.2128935560574203,1.3487359387605615,-0.6355607818906391,0.47771227152853923
0.8533055219527403,-0.4334149711945544,-0.37785784952390955,0.08303721920038626,1.4484462996031788,1.3158747585828843,-0.18426726516482836,1.183131190308385,-0.9356809473821978,0.5201290771085337,-1.1570370142014745,-1.1938986661393882,-0.5048058487564622,-1.1959334940316724,0.8796001299795466,-1.6953275194552682,1.241310887778444,-0.6656584960840496,-1.3366203704276667,0.664347467483719,-1.335362699511864
-1.0242196476712702,1.1889356469910806,0.90746406430713,0.0923056220935624,0.5973573439656417,1.1460573346720793,-0.8969340836735038,0.7701087372782719,-0.2325381419925105,1.4563436271886103,-2.088374453549185,-2.044046463615745,0.7018369679220098,0.9650026608426372,1.435408322707022,-0.3318148262887208,-1.121600103400492,-0.8026663596626187,1.287167592291826,-1.9165729258061142,1.0506601297582365
1.1219907781470333,-1.7351117366649214,-0.7895836437871122,-0.5938866223609237,1.0855006984655258,0.6147279773717947,-0.5671531223051479,1.2485068291662331,-0.2553847537627117,0.38975815102542105,-1.3872265258902456,0.22374086172553703,0.15067854673070966,0.1938155888887663,0.34117681887803153,0.5059435943292554,1.5017672364599404,1.152828050640412,0.7238714978229214,0.6904839431740679,0.005111958549571073
0.3155313213641936,0.17233420010306874,0.45889430200831755,-1.102663438772244,1.353264350675614,1.0291388917879034,1.2580988760836882,1.2323582311877448,1.3598586022137702,-0.033012517285822766,0.44481804781901746,-1.673787375622009,-1.26616198571876,0.3719211488500439,-0.6408321238421542,1.216050703802246,-0.40994339727786194,-1.8794599724428631,-0.7850836005293118,-1.363535493050612,0.3104059634273974
0.18762595339184332,-1.3678996914008583,-1.9523133075639212,1.2348026815799187,-2.0403725027633617,1.0584518961679417,-1.7870016686919468,-1.7624209470172958,0.5526410488705213,-1.3152776957546495,1.208509829087194,-1.699838998055882,1.5660154395532488,0.15425683199203152,1.2482423483227827,-1.2827431051776588,0.5019371672323383,-0.05581676259595309,1.4827086509491492,1.181238891878458,-1.044364685970349
0.6226807447036542,-2.0136455344118738,1.3717798302151247,0.9591260555438518,-0.9148970898178626,-0.019338717671174645,1.0925737353394078,1.4282757371403974,0.9863215840722073,0.3283941321474214,-0.8067942179929039,1.1020189964544982,1.0847800884978762,0.8056222599157071,0.6598275281471913,-1.7405872730871321,0.39965674018111713,0.5316455272765024,-0.15720330050310483,1.117773074838006,1.3971790525907344
1.3815229124454738,0.21792542815434018,0.710652008024289,-1.267472532645289,-0.27366626806207656,1.133291196529631,1.487755696590057,-1.9325612468867266,-0.6692235993607807,-0.7910430793698392,0.18161785005964753,-1.7787171551869057,0.0488363182871344,0.7088105207007677,-0.10043893453178904,-0.43408198818977284,0.2856093739088289,-0.6782804637762694,1.1333521648004186,-0.5827171716182465,0.24982852198825564
-0.855987526548937,0.4868820760891569,0.7254780920489796,-1.923491078306076,-2.0442008014882234,0.3058983820987634,-0.7668998607106091,-0.7613844359190977,-0.5746523401553163,-1.0103394647402852,-1.3504423713943485,-0.7826725539143704,1.1220496628191883,-1.639705559537946,0.9934388752752855,-0.9857747591999674,-2.1481860315343986,0.30292538962389626,1.3410570567412958,0.183313517695559,-0.2755697265706231
1.5093788263411496,-0.20891914191184938,1.2638394859224766,-1.8967953607990158,-1.860040996730344,-1.4001626021272913,-0.8755284658371584,1.0991404945961365,1.126171777841776,-0.6011825938159812,-0.99017298320024,0.3352894819940861,0.1891211709434086,0.5937279456133743,-1.2541602643979073,0.5404848578051301,0.07205107337172464,-0.33303103701855064,0.5688968970188799,-1.9613452327172656,0.5412206921931496
1.2052489055255857,1.1393643626126924,1.1619766880519418,1.233416534870377,-0.5362247934230937,-0.3024493519200379,1.3408900140836568,-1.5338814840612995,0.7183783541310201,-1.4093597061751422,0.15593241322753398,1.0883443135750768,0.6963167133753684,0.86491236803378,-1.442677285458764,-0.3084714733938516,0.05724061677014584,-1.3658887911281001,1.5103206151216997,0.33885273177331465,1.1933295290839965
-0.47523204729655444,-1.161904595288355,-1.846559528252631,-1.9461393229038433,-0.42091896418898533,-2.0719796777684065,0.47240227758181613,1.2770606748348696,-0.6253200273065698,1.2627643479748103,0.9709768155198091,1.4489408702347686,1.3070961281476043,-0.14867737556115926,1.0354111041803824,0.7247242645496265,0.7832343926070575,-1.7742204492608007,1.1047673178804458,-0.7987317623634692,1.3413550874549192
-0.3081902239158186,0.9619579811990846,-1.657370617686204,0.39490456682584196,0.8630397063650799,-0.8266370430318513,0.2745834686473103,-1.0467291102211185,-0.6955288545817843,0.9862776593238954,-0.43232349083836463,-1.7264066640676377,-0.9296584776178085,1.0181205787542604,-0.8057948569787947,-0.7094014072287813,1.1955573690748784,-1.070883847318704,-0.13144547147544772,0.06864414877761955,-0.6684990893057426
0.7271238030918441,-0.17002372211938235,-1.2767542413902362,0.3715198347336914,-1.1087891568379764,0.6126567709635502,0.14386036998337895,-0.01948117229937748,-1.7827870880402046,-1.2071463451124822,1.372233920920839,0.2725482527667793,-0.5122022940058218,1.524946113162805,-0.6609906833692747,-1.8429088437834922,1.3350938274793065,1.0180043138680108,0.20244007330125627,0.6499747082287946,-0.7856001711818346
-0.011694326948072547,-1.128524870138055,-0.35888814333480906,-1.8512682921992694,0.715661871513115,1.4116475069729064,-0.9619255083300834,0.6353241988501572,-0.19735574347312804,1.3245300218219243,-1.5006814287422583,0.3289717065074122,-1.0345697122578943,-0.41636153966791734,-1.135569690646795,1.495207861246967,0.9332961964979695,0.1855356121046417,-0.7246441992215011,0.3304292974632513,0.5961214091888186
0.7044345645795147,-1.2918225389629066,0.8397379337164842,0.6818573198970704,-0.9953920347687801,-0.7134879422608645,1.090150295105133,1.3048652521314297,-0.7975232420831014,1.5414538275406662,1.0885926186960553,-1.0712113389171587,-1.6775707161587954,-0.28714570700134806,0.9755410239917227,0.9283796370983532,-0.6247154432842205,-1.1062641300359617,-0.4548517140907276,0.11905764506680984,0.5282904948554437
0.13436695877738838,-0.3226784380259505,0.8067694237929544,0.11202440955651392,-0.9347944624832638,1.516750153609481,-0.027464513626354454,-0.34768115291125296,0.5948764230654356,-0.9311802160685264,-1.8903949791327337,-0.955674127810814,-1.28788108789482,-0.46888683810896387,0.7540998989173056,-0.6445113820535688,-2.131042719961769,0.132490062624861,-0.46731446584828384,-0.11266194056477505,-0.7863324536726132
-1.4804280675285588,1.0140815080951806,-1.4687376141123303,1.1765003498383653,-1.5724358769844802,1.4685320487809381,-0.6627327385967223,1.227928759381388,1.1624389523749574,1.5212339851495353,0.8591621142962692,0.560223466532821,1.2056333076877785,-0.9304276577957605,1.2677652510699413,-1.543102825991285,-0.9601891360430185,0.5487969501670948,-0.9395388506947323,0.4008561925024597,-0.24888911380493392
0.3080115790848506,-0.5666329667688416,-1.5931040380820347,-0.9970974686580468,0.33893017073680726,0.69827068476322,-1.1460607815325574,-1.1273214717846165,-0.7757802240025229,-1.6789765438155062,0.6620564770158579,0.14381988711290086,1.43893507269424,0.4192138321356631,0.7674884118654174,-1.5969943237119844,1.010775061319977,-0.42100396831274295,1.3250622916784667,-1.841192625079972,-1.1953952325995327
-0.38076165133483764,0.35642998114295943,0.6780338916481023,-0.5157239636162013,-0.3751438459497945,-1.2798284928397357,1.3483137837174315,-0.10920530605244518,-1.0412757692763899,-0.21563478361254074,-1.5047736774652931,0.10017873254771532,0.2376024894604776,-0.05577126406563897,-1.7689265535000702,-0.7517518268460407,-0.16154780519186443,-1.2002063762739092,0.07879625919524519,1.2767553841372659,0.43002657147215484
-1.8792789672939783,0.8223307130038658,0.1869104294911262,-0.9587099941707454,-1.7540946447785997,0.4141852496102407,1.504420398395439,1.5272709019771926,-0.899545924001812,1.2905182337523886,1.2714020686260774,-0.31560450128683065,-0.29379621531343586,0.9369850650708206,-0.38726257694076316,0.17059794629009334,1.4638692010521848,-1.0175795410558535,-0.1322666586574085,1.3046476826213957,0.6789628875719819
1.206226482723174,0.4277643527477529,0.8913551807361163,-0.47833021777135865,0.46536900112976176,1.022305118022304,-0.010162379813021219,-0.005633704876074855,-1.4484725397295024,-1.6665676878922782,0.8403417746587523,0.37638034728296454,-0.7472345660577131,0.3619263448475069,-0.6077512597811473,-1.335019076311872,0.2867765356703102,-1.015473844408658,-1.8318924762926971,-0.674757823681098,0.65603676982237
-1.335080423764927,-0.6940075278458595,0.19233251186329187,-0.9979944120216655,-0.022793314264828116,-2.1848941524301853,-1.5025901054695123,0.44678297859801935,-0.06553614915658604,-0.9429111467823426,0.3995857247264863,-0.21688338923765657,1.2325958793688188,-1.4395948222498345,1.2439380454066205,1.493714671649452,-1.82543723471857,0.26892745695549486,1.337176666094029,0.13617025393788915,-0.2569691270636243
1.1175705955546362,-0.6049033343128679,1.4307126267999335,-0.6892765719485028,0.344199220932437,-1.2901382953349363,-0.40379209786082226,0.5807410114469841,1.0904552523207542,1.4298672696221089,1.084948895505642,1.0164662433807485,0.021172068377499537,-1.1695301271632872,-1.9287719928032425,-0.14503625632194636,-1.4902865450297154,-0.3225953214365362,-1.1415226225016188,1.0047718165238841,1.135180237226043
1.0911348562661463,0.6184869463870997,-0.23804476495906055,0.6664596226783349,-0.7741092023131873,1.1575913153241382,-0.14515972296428586,0.010651040295491838,0.46024720060080615,0.05847389032501346,0.6419470815454231,-1.0150508393847948,-1.5500314029164028,-0.9722571021707991,-1.7041603777383927,0.7479698383629424,0.9350046874576962,-1.9885957991650396,-1.4657627035369187,1.1047505690673078,-0.7352301759174427
-0.6519791048162209,0.12218671220878143,-1.6518078547376862,0.9546830479123938,-0.17973704899255608,1.2003908173276583,0.30046770409533763,-0.5023295905687051,0.07061483453891224,-0.8588119932354518,-0.38744964716664365,1.1138865142928085,1.2554500878045383,0.7493062288558607,-0.6254721987642953,-1.882294735606677,-1.2874426987985141,-0.02563819783074775,1.269310593882959,-0.6932243343018086,-0.6042885509846202
-1.7209117400216944,0.9244791458603628,-1.8854348378020385,-0.5483541842503724,-1.4536061036144998,-0.9835026096669338,-0.6282529026814924,-1.8679455568199341,1.0603341220216953,1.2696981354170547,0.9266374830963829,-0.4397893160431357,-0.5674279851150495,0.3292463037212285,1.4081205259404623,0.9898971520062525,0.47504289992475235,1.2003351377909728,0.4408261381022,-0.2847615104379928,-0.8619655328999051
-1.3292180876213227,1.2035652352477064,0.33948353132164877,-1.0445221057751304,0.08630725877557409,-0.14639842773131292,-0.31642675976083007,1.5656503321584443,-0.4481216185933435,0.859165492746076,1.2462949130691265,0.5051796641216713,-0.7248412104240067,0.23167241798312468,1.2120608325477764,-0.37810126491627954,0.5877418309537904,-1.4058389852154387,1.3010911962297507,-0.593249453379315,1.3274740114865473
-0.6660436907219958,-0.44214775943130685,-1.3417623874775961,-0.5672717739974519,1.5468046175035393,-0.9240445995015835,-0.13635555840790772,-1.2384076514301727,0.7510087375129212,1.0289814690457868,1.0224760095346874,1.2974028041518422,-1.461193809879333,1.2881821590462044,-0.4144514672584688,-0.29793233264436586,-0.1283790169115897,1.4706948109663505,0.5871680731685128,-1.367754108823653,-0.386848625700353
-0.3203290217775408,1.26591573721801,0.04934162679620022,0.4250997509055417,0.6779982025131261,-0.5180954419076854,-1.8775304412230773,-0.35347548727537154,0.23491013225394697,0.6133351162867373,1.1206807703193677,0.6862645339103713,0.8983059317733529,0.8346183272697657,-0.42734230706368986,1.08214682809322,0.9523768386598346,1.4824165829539118,0.9419090831878534,-0.9694475679819101,0.858291824625324
-0.3489289698378518,0.2975080586892674,-0.3436750596043417,1.084743049739492,0.8881893559315839,0.9950125208988261,0.9759897217705177,0.279141423170424,-0.4723460025255053,-0.9865355076110796,-1.3550712994684626,-0.22712114012814613,0.5670513300092044,-0.7888778245416436,-1.4695202963919591,1.0685997066360706,0.9334209801075781,-1.433417432829461,-0.06451047763047511,0.9724145018251188,-1.4285249509478122
0.7054101237675983,-1.3923642171006383,-1.8491667239998946,-1.3126599509709287,1.028700083735038,-0.5716052548143626,-0.0529093486291245,1.344051539385131,0.7962147647330208,0.6165402503567411,1.4379028820604747,1.4802478248533202,-1.172802790984149,1.058600411035437,1.1075369547062182,-0.3613440193490768,-0.24298290684339485,-1.7532461573946263,1.3635819785514873,0.7944620934306219,0.689636941785724
-1.0632107300248224,0.8347052110524327,1.511926638802939,0.8562512710197504,1.4373431239039585,0.7018477196208188,-1.4582463852561247,0.7329398633182387,1.2049274576171576,0.48693415126092304,-2.0766481721635017,0.5750379638021084,-1.2281645052466714,-1.433519724370148,-1.1814104544067159,1.4540594508830378,-1.5204549500866593,1.3283561210713166,0.40761697074818104,-0.6785754171921928,0.2700842252875825
1.4649625300633455,1.2286369937948847,-1.2660801845018785,-0.085371354610011,-0.4832567585437552,0.022008293874073322,0.24040607856545523,0.37608216912603737,1.4264291825531508,1.3846700967604726,0.6322758435884771,-0.19180577348112682,-0.590508348336451,-1.0494104561793665,0.9524639962405598,-0.3369470729011898,-0.8096896785764457,-0.24932476137299217,-0.3651690716395373,-1.2480206789885413,-1.4317550866265083
1.467742485175065,0.5953460429519559,0.45495228689318834,-1.419998818371902,1.0993950527639726,0.7038164940756929,-0.9654732518333926,-0.34612463883794814,-0.035222737825240644,0.06670055090119612,1.204057060935875,0.504523265552979,-1.0226644153685964,0.24780350485993355,1.4565751833630654,-1.2416560951957956,0.35581091499515327,0.15166477819418586,-0.5288488655110151,0.04139026326482028,-0.18323744676466494
1.2097339692342592,1.2215930587825596,-1.366593321241474,0.6841027291924276,0.8508830537231735,1.2298515038063733,1.4468685466078275,1.5686186673240448,-0.4802785367562292,1.2437468736666015,-1.1155537422789286,0.40139300650180104,-0.3975495268826497,-0.562755975527428,0.5786569407570209,1.287760826852424,0.9388428452751166,-0.8509274446777321,-1.1785558837663668,-0.3726331705199767,-0.5834300672102505
0.991536903389334,-0.03420136637368778,0.7177625644413187,-0.12763898110294508,-1.2049015034567288,1.4869838568494718,0.7473800951248915,-0.41513284699978176,0.9012126852622775,0.35844676765827066,1.2138353920756837,0.6079416700173592,-0.07326761614684092,1.2540059144252516,-0.028047039765807174,-1.8187732662007396,-0.9341995131749413,0.6152126899013404,1.2730810388202647,-1.6503886680876818,1.7394379065869272
0.3431076625356978,-0.43020450300561747,0.9724625224924377,-0.4520891451101831,0.6252694416530024,-0.3620382133559939,1.2515315074350932,0.28211650570811037,-0.5967471316521573,0.5627101093975465,1.4552684984584605,-0.8446940773884705,0.3650710454310589,0.5807842961306067,0.6964313947674414,-0.047635690749715756,-0.022838944806437052,-1.5094564162451527,-1.320879299376565,0.46783056901011366,1.253770917198377
-0.02510447408608465,-1.9185149512399255,-1.0244121947856606,-1.1618847554622107,1.447974656404482,0.8125337271760992,1.1872869596372302,-1.4686752117409836,0.5564427840260187,-0.7446354738276851,1.2268916535420669,-0.1298203460543768,1.1943223623765595,0.6316641650606927,-1.1832152610012174,0.7622694585646979,1.285478742869356,0.40648435368219327,-0.8912747966317188,-1.5098751764570715,-0.9459089293467617
1.2420964746392942,-0.8616592470319355,1.370627123677816,-1.7811175534828174,-0.1911890234974439,0.5686479949279853,1.4602760974869147,1.2833938879072437,-0.40008244272506616,0.5718170816204872,-0.6451447149910152,-0.9095579486630135,0.5487206735155782,1.2100844323891264,0.24899054936741039,-0.9021465694269425,-0.35807014214822713,-1.3385179085025265,-0.18513738751552375,1.5356461008870113,0.9924798805227206
-1.0611913027735984,0.24161763724805244,-2.162510781852047,0.006807598875802698,-0.5057742791819902,-1.953233550159698,-0.6892193318541562,-0.4093107346404924,-1.688784869709497,0.8414911302640726,0.40299379602757585,-0.3200721599322337,0.06236842690805062,0.5813676616758112,-1.7377044870363239,-1.673411966269997,-0.8074154377006664,0.3048063580126435,1.4304100434917626,1.0400175889354455,0.6717150965046104
-1.6604500188529696,1.3093519028017644,1.3769527669256034,0.9359103181560305,1.3408923921875466,-1.7190979797648853,1.433860632382421,1.2751409501175939,-0.3285578532253053,-1.4055918546968658,0.4595867910736798,1.2247722286556753,-0.0012152686180099946,1.3006373878593924,0.31236177444983104,-1.8555287612875324,-0.2621114466582419,0.8335232067850148,0.13115805644483935,1.09718025448832,0.6021451414042369
-0.4730370289216974,1.2030053169719201,-1.4490580491323986,0.9456682103689417,0.609980317686671,-0.5831409471762791,-1.0640335288104963,1.36909557087229,0.2292701230293661,1.1721107908498858,0.6263960054051562,0.09182636258130138,-0.058993144959864324,0.33089894025507177,-0.053582222832412325,-0.08728986126279478,-1.1781446607496378,0.2682134564788254,-1.0980214708699094,-0.4167806896586681,0.5392054540274067
1.2389295197880046,-1.0093192931441417,0.8517774190670553,-1.873484548730982,0.12155752654073707,0.9021749614319515,0.9622122047596949,0.4992212910457954,-1.170589732648297,0.24921941858521351,0.400508534878423,0.3518818322022801,-0.5266941710705713,1.4640694367256366,0.611743116720427,-1.3017792766200849,-0.3624368910485371,-0.8474947052811431,1.121940726079506,1.1474129386735779,1.8140875984339724
1.1702664934926283,-0.6522411333740895,-0.6172166856262105,0.44559282289082774,0.8898739507876028,-0.43735516560281235,0.5110923533366004,0.9648788180980166,0.8603380970617148,-1.457374763306355,0.9635976058415587,-1.6273842445774904,-1.5440188848031893,-0.15227085658585415,0.8788964420922072,1.0223949146848241,-0.0799173998367758,-0.614417348267115,-0.7803355384874544,0.13212475325308629,-1.9171345775159068
-0.19448879991103146,1.5581497331885201,-1.9436366062951627,0.4227906891752635,0.21578769534407488,1.3842105847253623,-0.04633424380321086,0.021233327509812317,-1.6452926126482295,0.4273411840167128,-1.7986602356197707,-1.7236358390402282,-1.7869338644965338,-1.6154081385798993,1.0329571214400688,-1.4662851031958393,-0.9611842615329509,1.2240064921945002,0.8826643446412923,0.5787562464884681,-1.6418116779100758
0.5885079687123869,1.1775872862702539,1.2573369491510156,-0.862358719082509,-1.6101136823464157,-0.8140831381244331,0.7939143736079857,1.2908490086336077,0.7752413008097649,0.8218819551528636,0.5944032292699641,0.14483390967440815,-0.25542614379835715,0.5553172730922793,1.025272855711087,0.810990164775694,0.6093729617040154,0.6827092374790082,0.7253948475257774,-1.5841798618160003,1.4470552063610453
0.7764961993621533,0.9305585380808565,-0.727813892840017,-1.5675700991936163,0.5571599168577165,1.5225750676424874,1.4599198338789277,0.21803699315970704,1.055009117596583,-0.9697573205783635,0.19947386249695967,1.1252793475125977,-1.596373679463434,0.603884362487509,0.7812614363666056,0.3171985454868808,1.090074608620356,0.49221278954838216,0.9846815174827531,1.0190979169346972,-0.33077266636682034
1.0189576625601866,1.4680341129083083,-1.7051852864851018,0.30212932202007786,1.2185271972578289,1.0640550084497984,1.424821886763595,0.9768683692663779,0.5894816436806605,-0.9433764016101843,-0.7325138902728084,0.776201913640748,0.9262583314647279,0.8136018503457596,-1.3773869637115244,0.5409993477487819,-0.14933422589403533,1.0152987851790969,-0.9314316366025657,1.2869938832968582,-1.02064237098737
0.9769631749956189,0.5111158781717655,1.4441053442043406,-1.8522509750625253,1.161732237843124,-0.6171888642060949,-1.1555538503302203,0.7933681074459337,-1.094612783452359,0.5396826378025832,1.001811688060808,-0.9701250118635382,-2.0061966390655526,1.2082001490500112,0.8782965908071372,-0.05726170821320856,0.6002782724801017,-0.37168175631651856,-1.1696056284165466,0.1710203645135615,1.6203207244451783
1.0916055842155667,-1.178648122235658,0.12473000660319422,0.3591681316797305,1.1191792097522546,-1.7198770863839512,-0.14662757362710058,-0.09496812938604743,1.4134442406855747,-1.5652808827047804,0.04883046798658187,-1.878937947791999,0.4654113709009639,-1.900235958973957,-0.19668688649153038,-0.2624237490725106,-0.11450452109953213,-0.34727357306616097,0.8675106855933471,-0.7319732848305879,-1.1045990227335853
-0.8550295103188313,-1.2696476300414508,1.3828860893985344,0.6780436858632378,-0.6577470716156508,-0.7319614609463541,-0.9986938530563454,-1.6868241542396414,1.3953949816367592,-0.8285404698401067,-0.014280097118379888,0.9999274860115387,-1.780454714616539,0.5769762183912778,0.05114419417859696,0.4408311836988218,-1.3305375334966423,-1.7178741697585578,-0.7139526329682148,1.4827400007212945,0.48683102990522403
0.8870253944204707,-0.018543484729271087,0.8634552920627995,1.0614169825406745,-1.9426541302363616,1.0265513727385298,-1.2803060025771849,1.128552628409818,0.6909578393667695,1.4031997443839115,1.1590080422011078,0.7305095495386398,-1.0136140784669512,-0.7056123343884343,1.426407061415762,-0.6979926093893047,-1.7456149661356022,0.018749079253063995,-0.2561060351600927,-1.399653385533852,0.8632043246753135
1.182682142731523,-1.7368729727759276,-0.016380994219072825,-0.7219211602635911,-0.23822502619801625,0.8817339004834931,0.5256155078839184,-1.6568887100050946,0.9607497786742277,-0.38008293653952147,-0.7104003357149623,-0.32550934658499037,0.6957044867743883,0.41980067519112024,0.44098787147869345,-1.1303979047407164,-1.1322536776786585,-0.5876866263026638,-0.08132069210237373,0.9771616698821786,-0.2602333925143608
-0.5205396094718067,0.8733424406203112,1.103753411764914,0.7128352248029106,1.1892098738101617,1.1074827721117235,-0.34566106219081805,-0.6937829753607175,0.4391457332217856,0.2666196008621398,-0.6038977607891596,-1.7759261192887819,-0.31852902688780893,0.5498227578434248,0.44474840990451053,-1.0604741095757066,-0.22173668620565207,1.1917269067910843,1.1511735990959422,-1.9920233126019629,0.89585834803742
0.9709228076828619,1.4919407289772497,0.44146391884239494,-0.047776309628210716,1.4145320323783,-0.14999374894196268,0.9873488509684678,-0.8450656855186187,-0.8987929575755749,0.7576673847538318,1.3279989046670215,-0.9558495386030573,1.1689157953486247,-1.0914728175686492,-0.8696535912078186,-1.205801135077224,1.2983419042133817,0.9937312253461295,-0.7308528022116709,-0.7709331120920194,-0.5323871130610085
1.563715124960031,0.8373268595284138,-2.1116422602462683,-0.9078163451883449,-1.5075620742992517,-1.8140215413502296,0.8048040940406994,0.7034075227316533,-0.6109164323490258,-1.0295730389203213,-1.06486036744004,0.42570148969488464,-0.30471778529681615,0.4881948245196793,-0.7930023473226098,-0.23337321190521915,0.3093947209122935,-2.002517268825086,-0.47677666332245827,0.42273539674820676,-1.8583708162206152
0.8864795481593014,1.2943099025821398,1.4350327269151222,-1.6535837861992047,0.7144994570680715,-0.26768733795412647,1.0098073957609996,0.5844109466869502,-0.32426830605559315,0.11727047352905254,0.9418042643150102,0.34005364754865364,0.1967213078440712,0.8135135285291744,1.2602487960509676,0.8535230748598683,0.119014671118879,-0.6186790631516701,1.400501784817057,0.8009368211003588,2.3279594679368465
1.5172244769836534,-0.21530851290960887,-0.04981433858538388,0.3064272933071339,0.667423364400938,1.2948842377451824,-0.03141282154747525,1.2236840247515013,1.1090410250489222,-1.8823695531494813,1.317922034396584,0.7166189709416199,-1.4695217694756966,0.5740811090087454,1.479840710916714,-1.5820017024396649,0.8701884350243609,0.6169408872806947,0.09402594041181692,0.8942159648107905,-1.3389571228481583
-0.6588442036781531,0.7601553638991246,-0.565505758222686,-0.004927540043918556,-0.8483796300282169,-0.6805157090602719,1.3893954678003608,1.0709226137255927,0.5713722478566802,0.17907784122114603,0.9759150387636796,0.7962990074924875,0.057751288581430325,0.7030847369587552,1.0114989356317534,0.5972054590791888,0.6276982522528155,1.4255345237288937,1.3264988252993721,0.9042960241643402,1.1749708585350154
0.41088782568708854,-1.8583226496892957,-0.8829501276424444,1.404427143123811,-0.8577623940042038,-1.7555988184930804,-1.9751824764129928,-0.20309708974737334,-0.8102655549468761,-1.5260340770875152,-0.20822744398510495,-0.71271245030438,1.3457147651950376,-1.2906102560125967,0.9326468338653223,-0.03904700225964548,1.4420022008785005,-0.8612754120261809,0.3138388356073349,-0.27450983597348283,-1.6803116463935364
-0.23109744095892992,-0.5154070728715613,0.9663214948117765,0.3526278797467249,-1.656919954148548,-0.18855272973537415,0.6449938490966302,0.3447288403085648,0.8301711121709745,0.972519200250782,-1.084339799871485,0.3995737658827364,0.5987761743135183,0.6409661292507125,1.2382997090439196,0.44532168525856836,1.5035298824454202,0.6645471687711346,-2.0705341288549133,0.927168367404751,2.452886124315433
-1.326098092988373,0.07117123857930577,-1.4977897078674371,-1.3787051849199714,1.4030398183270185,-2.0373673486105566,0.3049931798925726,-0.09048919459579688,0.8397259040314032,-0.6575711636364163,0.9074428712203026,0.5322846559248294,1.1292705235048934,-0.8354704166467034,0.4138267436099949,0.7648949635862743,-1.5805979182041037,-0.41763313518414213,-1.054276599459966,-1.072866560652358,-0.8091387359116764
1.2750523871612223,0.10078878198315316,0.16375755251627525,0.6727611297038987,0.3459399170967443,1.295969874674838,0.37689323071117947,-1.17785721584366,-0.9787060619404999,0.13544735243183034,1.1351202053539973,1.2346637288910276,-2.011298920883018,0.6692968622063717,0.8853811052288846,-1.3186992918122036,0.4907193660648411,0.6412591888064638,-1.1257721936020182,-0.5831187278029779,1.2195877143993419
-0.8071503936526566,0.44014337324140645,-0.5354223027816958,-0.805012963199536,0.34224122765686876,1.2617168369925784,-0.12603174640291676,-1.2999193854992108,-1.4934045344282847,-0.7900228673127397,0.5198342709528694,0.49328376684237374,-0.3528694360884456,1.1804121805798033,-1.6234085347860754,0.12295966750448155,1.4901664116954545,-0.22066445673365928,-0.18822184434872907,0.5305531082369838,-0.28009683555454457
1.1529605010303405,-1.609201511193787,0.03319102579170578,0.02448385036263903,0.3507729143053803,-0.591726590758096,-1.4667413337469024,0.29864294131693636,1.35561852561518,1.4945121641026613,0.810231506516503,0.0034102969534253497,1.3484071272240037,1.1174046658319596,-1.0622859958619502,-1.9557412248951689,-1.3900138202826984,-0.062188612503243215,-0.836748563719869,-0.38325564477678137,-0.8276290082479094
-1.2996179667098167,-0.4622529866813224,1.2125615954062217,1.1391797535710335,0.32504915903074794,-0.1466561116699684,0.22652602381420142,1.0850673255925292,0.5768533078856781,1.1260284252279753,0.7310786967088995,0.8095482684015173,-1.0695818867922449,-1.440278678454836,-0.14533576752620858,-0.13521905648623148,0.5476522077561529,-1.9170631049946432,0.0022440294754275695,-2.0297280415632795,0.0337269736526326
0.5629104765386126,1.4728909962412917,0.704634230831643,-0.273764039805131,-0.9325640778999476,0.8605843785921249,-1.0276117008317363,1.4362329778229725,-2.133088721577979,0.32860660178953544,0.7710920993411927,1.3941177231579984,-0.8214446774855123,1.3471621217198664,0.6416273945775268,-1.008141853378761,-1.3167709918251782,1.2031206713999771,0.8881224335886511,-0.45768838493649605,1.963826601586382
-1.2349289222822177,-0.20508925317520946,-0.4038484140562576,1.055178826411948,-0.7482496410372212,-0.24791373914679923,0.49028161649502133,0.3889199702116923,-1.8203481892525402,1.216326804748151,1.3728554850784251,1.2974112618191307,0.14316124024508545,-1.5972476428548315,-0.2869935586490956,0.8041088297753535,-0.28772686212003434,-0.8251528407487012,-1.7823466446566194,1.3477354077604369,0.27111908347123714
-1.795082515552624,0.7193309049366702,1.3801475305241697,1.2030199561134114,-0.13286681008147438,0.4740219802939994,-0.3209093656128824,0.6377035830563826,0.6779261714293486,1.4125508410028424,0.1686429306694803,0.07939073635011558,-1.3213953720398348,0.05371648010275665,-2.0385355598398145,-1.7931808780427283,0.8401243603576982,-0.644283298960753,-1.2799565069794006,-1.1045898237503726,1.852627835368157
-0.7351426483015967,0.39561451063815223,-0.16134575161088552,-1.557589364268782,-0.41823623324337206,-0.4728618854583071,0.7522392778650956,-2.049783419172913,1.027306851065908,0.2686298129630919,-1.6863668822002245,1.2636317807011073,1.278633654128886,0.838583186429586,0.8141913810634147,-1.4859335604752661,0.22668301430185728,0.9198251334109356,-0.7732899263741387,-0.37432166031799363,1.3040562779436622
-0.987267516245095,1.0246405718996854,1.4269763610623083,-0.9110154643414002,-1.5301786298072209,-1.8734276206953648,0.33123757062768167,1.2570100016979304,0.35046882786843964,-0.7781687071521747,0.9651206423121717,1.3058961702714766,-0.6733907297291087,0.443903778963131,1.3673813318382162,1.3596143576426176,0.630377055489656,1.0907681077047,0.13102276761198842,0.386895625749248,1.1145813399321118
-0.15930947054493258,0.7331781661272462,0.8220220613308558,0.8177130840629708,0.9056179256154684,-0.1633439668952597,-0.9973297323750516,-0.5838270128879746,-2.0783920333006285,0.010311794042294674,0.8599091727703215,-1.4808649276965384,0.49201662924131073,0.930262596048495,0.169589511065346,1.2892543997912467,-1.6559692225829903,1.2035484825517895,0.6878214852734957,1.270422041076957,0.5515479771587919
0.5644452611154321,0.47391058716506124,1.5381269144334582,-2.039272631313324,-0.7377846071551422,1.442476352345879,0.6946215460296797,-1.8682984754755634,-1.397058050201737,0.2101083291359198,-0.231665280922744,0.7403487837980677,-1.106816385606824,-0.9598241204919775,0.9413494659267427,-0.7423357376579309,0.9594907528815793,0.8133521568765852,-1.5127384743659784,-1.3511528852419157,1.6336719686391397
0.7162647902756147,-0.5099213402722221,-0.9440045961653327,1.0569980942857113,1.167173983328075,0.08797232193270092,1.3123204380923883,-0.08667164073829045,1.0367671784764523,-0.8635532096887607,1.2873402691162341,-0.4899400592155925,-2.057326695632195,-1.1675774600908257,-1.7638536860404943,-2.09950124069288,0.08557395566746248,0.7823801393752647,0.8394891518745979,0.9020144305707055,-1.9186782925948602
-0.6030408708528232,1.1515988710890934,1.3017746340083858,-1.074726406742887,1.0688588992660784,0.41462450874112305,1.0367507749404592,-0.6371532503584162,-0.5068099031497666,1.0009568350209914,1.0548597478091937,1.501001201277351,0.8257899158019201,1.161771906472418,1.2744528519147587,-0.11682196012329255,1.3522852901925715,0.06682890083720751,-0.9936456598813256,0.5077606150057453,1.6724511995974822
-0.7833287457568439,0.9864160193509244,0.16756173521121331,-1.1291105113112785,0.9342019452893701,-0.10670553811761536,-0.9750771343330423,0.2168550994102429,-1.320433186295451,-1.213169997791138,-0.907720082887068,0.6675981536417566,-0.9539352210722754,0.02571101342070412,-1.7778394582628656,-1.0611954857819283,-1.2928627272875406,-0.8403379611234488,1.4139539542983603,1.1185834790310838,0.5194659210437252
0.22895106721317315,1.2703514678815955,-0.4091633628795416,0.41106235433256266,0.9136503783791325,-0.03924250172321288,0.3658815380731585,1.4307979526225758,0.4857916698956989,-0.1932000621213338,-0.8977305473857148,0.9031038883303851,0.6679962047053152,0.43707362655693854,0.7006418877572048,-1.7392263472422407,-0.8168670376333641,-1.9573960625439384,0.3365638997625763,0.48429738835836067,0.6080453167488267
-1.2637737032070555,-0.5812673419919587,-0.14288133977787154,-0.5682628514200223,0.10004148971496513,-0.7848863415760184,-0.5655467088763594,1.5246675425737526,1.3524802357571093,0.9151361507294009,-2.088040032948968,1.243505880625794,1.1347849470665734,1.387982035490909,1.227906676350482,0.4037989024057107,-0.763663866464749,-1.432518903650341,-1.6052631306630214,0.9204556994050597,1.1487764933719742
0.680454746074408,1.4561016634389832,-0.050672469703404235,1.1524560903069716,0.2025097221744348,1.0870098699880353,-0.08721524507805929,-1.8758514905495371,-1.5440348382245763,0.41707853282556906,-0.8102339198964822,-0.66888335590968,-1.7127391139518067,-0.48695260087407966,1.3255800353367946,0.6463178529581772,0.35118260098454135,-0.24719547285985982,0.5300131167630125,1.0919249510387012,0.046912018536894806
-1.3202757524708122,0.4176041448607468,-0.3204747111747118,1.1974214514146733,-1.763777423540062,0.25825715235399754,-1.112403942055831,-0.5614913874263653,-0.7232189108403547,1.3921548566917405,0.6682227751423011,-0.991436199103138,-0.0576586206627689,0.273972550598835,-1.4211837695867033,-1.3140697311046599,0.0845661349481355,-0.4963617227119679,0.941964888890183,0.40298808004374714,0.6460875171637547
0.342683701681592,-0.6427562991383758,1.5166917882412494,0.25684505921286943,-0.7053897777737501,1.2375383181506898,-1.9788677466862215,1.1237121094553935,-2.0263413355970434,-1.4417991093734481,1.127205824722977,0.7920554120234311,-0.20862180425798602,0.8367869323303623,-0.026389219336215634,1.096870192480087,-1.4301689200565293,-2.092771577489986,-0.21212383800376178,-0.23194556733218893,0.41421614124802053
-0.8634367636361775,-0.2069299792519002,-0.30393709741076047,-0.14817170027976928,-0.8931240388490083,1.1539830356520961,-0.08027688302666773,-1.099250771232149,-1.7550471788952668,0.9872487826980431,0.7220884720919012,0.0926234383016717,-0.21830946381269528,-0.8830057868353458,-1.7718890794479358,-0.5995403799424405,-0.2468585652098119,-1.45234020195907,1.3012948630464236,0.5061907846564798,0.5003993578119585
0.09433742765664213,1.2917076052274843,1.32888741625235,0.8984264250304775,0.6791129654455451,-1.4009000826634823,1.0423590298589531,1.3465968020978232,-1.2552710140114554,1.1226351220317266,1.2599715482976594,-0.816293621402291,0.5378046660850179,0.523863204487521,-0.8570392838510904,1.2598351021173892,0.22874340369867735,-1.6742849660962027,0.40893862639351014,-2.018600328164922,0.774225338501294
1.2169159321099632,-0.8298226723379274,0.8555466156431466,-1.386506030266429,0.7507684320857646,0.5894464564915559,0.02280778230822348,1.4218712267438025,-0.097475111019996,-2.018377461445044,-0.21517041089876954,-0.8704914599915563,-0.6506425773350634,-0.08491735670070615,0.12550121083982654,0.936238229896537,0.26743611297623526,-0.5350864367659182,0.22904324249067767,0.8906734747459818,-0.7643106977126929
0.3508631667141767,-0.7520592919835444,1.1783933453969244,0.8190794941126396,-0.4398681658560887,1.3440019232210718,0.757054950100904,0.5788868964797381,1.580453464143326,-1.243222409062698,-1.380244434209481,0.6383278265590474,-1.4917505252907148,0.6854908791636001,0.9049973734526787,-0.8792142750637604,-0.9211685369190867,-1.6974093226436882,0.6591149087462385,-1.840453728407042,-0.008868686737316216
0.8943766582511982,-2.170072356509372,0.4833816477378072,-1.0724060006561067,-0.9654803625041374,0.7247816468301833,-0.04433467698841045,-0.13344202377766984,0.23602819060788213,-1.4765976274310333,0.47773713440578924,0.08017539947240927,0.8062665421030557,-0.7742147800509822,-0.856771872635471,-1.061203745671677,1.441639310216361,0.5529611274769324,-0.48879139524671206,-0.5854843629956029,-0.5907362299628555
-0.6118999849723187,-1.185763895283895,0.3961936083034843,0.8524118925919916,1.4048629563794433,0.14034659669389038,-1.9347312024485839,-0.6992096621109736,-0.7518175437587417,-1.5246614060348338,0.5637582670093612,-1.8972044070550003,0.9824265870944847,0.2840345171425328,0.21700988881636626,1.1893955333804194,0.8457074783710141,-0.1133857707316236,-0.020949169976560364,-0.419410779287426,-1.4404838580155293
0.009762678959912978,-0.003325591696239824,0.3819138319028578,-1.5878579815141873,-1.1897860157540792,0.7522803362113998,0.8471871027065196,0.4569606231453636,-0.39639939987947276,0.04725834994167791,-0.9242381159384985,0.05268931296180326,0.05936147663256497,1.4850053193304407,-0.5014748859681407,-1.6850757821808913,0.753597811029037,0.10660589442799098,1.043325057116531,-0.39582648116587393,1.2718297969838341
0.768818890830062,-0.5803552251641293,-0.7533005613594639,0.9811105530808927,-1.1875271703630688,-0.6235618998120539,1.4221880295320208,-1.381290995693361,1.3071561401557128,0.9275817197429386,1.2922142113635575,0.7831063110877364,-0.29831189398869434,-0.6311241384954679,-0.9138540577171255,1.3261831387952037,-0.957759911220971,0.9995102077043633,1.519586139003762,1.5542319605799284,0.7950199278676111
0.7022252648401485,0.8151809543443977,0.9963428092714061,-0.40195632984873586,0.5489902871175459,-0.6237793074057686,0.18939725160654694,-0.3336095934110429,0.5064469838754592,0.44222548925077715,-1.0372315741144797,0.9889986800719224,0.6918882129706321,-1.6506712424674166,0.7820040969998107,0.7610804445164174,-0.9957265708810199,-0.5568013965134412,-1.4468786195690366,0.5172702195860502,0.6109783696954435
1.4541321955190274,1.4800888537375683,0.5526920675157747,1.5265791851231005,1.0520560059277926,-0.5856612879846105,-1.1983125189779122,0.45480462186759796,-1.6902660034121282,0.7693293149725068,-1.1439406787971251,-1.6598742222948564,0.6005177277886192,-0.4642765277459468,1.2969295654555548,0.1648265845675717,1.2755615201557184,-0.6641826904566347,-1.211764181204013,0.863577179236844,0.19564232876472307
1.363910823725099,1.101273152131827,-0.2768693332726431,-1.662350857646068,1.2807448365813539,-1.682361486897438,-0.37114924216050776,0.5075177515586394,0.22530378658384753,0.9650906850625116,-1.6288257048418304,-0.38540562184523847,-0.8443955957023017,-0.04558607210304105,0.9390944922134272,-0.25886943766126974,1.0149711712313774,0.3278467828914248,-1.106483076171401,0.10409440803727686,-0.2381269736416201
0.18688385081018286,1.0236243942845782,0.4790861520314658,-0.25450783694004797,1.107155153119512,-1.364313577114662,-1.2332447159964703,-1.1401057106737162,-0.6292309089563821,0.03423356502605294,0.15380091578934352,-1.3771145550507229,0.8989756023348715,1.5002648850809228,1.0264382911813703,-0.2981213860437036,-0.9716723921712416,0.41036179110636445,1.2397307196289802,-1.0852440004704773,1.5430424698023928
0.7194721226538027,0.7836870378221606,0.17070889861016517,0.38729822060520785,-0.4211924592261258,-1.82858962812557,0.42577841985633297,1.2724136620385929,0.3893037502540511,-1.2189626608438269,0.9429989353101085,0.307399058657177,0.615683811187348,-0.11084768108932266,-0.4205276337368953,-1.0065565276168236,1.4801514769120703,-0.8537939069355894,0.09244312043468658,0.4957899319750561,-0.38528764028294255
-0.5746382232425836,0.47182573188954724,-0.8761408083524838,-0.4455404800874461,-0.2524987535397692,0.7522048330016294,1.044297441143017,-0.4913041158873611,1.4792072821555993,1.0567887712169886,-0.820727135520977,0.5742452194162753,1.291150764668156,1.2586430595915834,0.36739844855619913,-0.9934496908350611,0.026961450267313794,-0.5462502074255106,-1.8342185407402694,0.10050571075391873,-0.01501369786492909
-0.23422276398299788,-0.11229502960058664,1.0352194909241694,0.5462000014789439,-0.17246155479099967,0.7574733999166298,1.3158860347888164,0.3468350021139688,0.14280779344250488,-0.8545455499563938,0.2543555985609794,-1.4125982248950906,-0.9323902708454549,0.2750124250737755,-1.5251565656731434,1.0336833680088022,-0.5198097720921042,-0.9781988225452172,-0.055728891699065544,-0.2050508647826857,-0.21118319961507617
-1.24557323852312,-0.7017504436127373,1.1990845008646758,0.2977936808048514,1.1985143479899583,-0.796287550851192,0.3411538457829534,-1.1655583917365313,0.9436736705744704,-0.8804101994869105,0.8231951055068315,-2.0148460879713492,-1.1666000473944846,-1.1240671357943481,-1.9032952120472713,-0.10648207156385504,0.3405428564948532,1.3571078300876112,1.473403948814279,0.41877227200586736,-0.2220336409327552
-0.17560751167056804,0.4907106088045271,1.38135745867875,1.0235185392313573,0.7041576433006852,0.1960980219810342,-0.9381777485308656,-0.3441373823730117,1.375220331313708,-1.0871095964329334,1.2596642902042334,0.6762913346794691,-0.4424027882534457,-1.4667488682984675,-1.3874114115139906,-0.9493334696451841,-0.4427527663832669,0.04153115202070766,-0.7332086685868234,-0.8981499793922345,0.34343442078155434
-0.6555366576845707,-0.059174774757900325,-1.5395986430421766,-0.6416538232656928,-0.30369321444180547,1.3383282955715414,-0.4891999798506553,0.16892032393745257,0.02750456659961268,-1.2140711900008756,0.21467857165069126,-0.7513506006369766,-0.02982354472331369,0.7179621734566137,1.2080361109192115,1.053121785934877,1.363876468843915,-0.04637544830884607,0.09378398471586862,0.6324401949324538,-1.4073628119051613
0.13381972847666418,1.209545068153969,0.6939464481332912,-1.3172513365619538,0.18049730045322648,-1.3897529814488412,-0.13516821047531583,0.08689946233187626,0.03887274889438971,-0.9389127917995442,-1.0811837670179572,0.34254154106981666,-1.2447202580305812,0.9580007846272888,-1.1775943671819402,1.0674133976603952,0.3347204874068782,1.0145151421767036,0.8902257577136867,-1.8135344897416492,0.36325415438722053
-1.3558710373284166,0.6544683143360618,-1.3782019149409992,1.188444075577445,-0.7428315527956617,-0.31515239928769645,-1.313953104818231,0.7909218378872378,0.8307575487792208,-1.162168947212624,-0.6031968216736686,0.38513799071637306,-0.1772439027600111,-1.9248683613027977,-0.37579423995142575,1.111848408791831,-0.12178125058062328,-0.752098694789559,-1.441114231844665,0.5761352799053183,-1.276699870513383
-0.885029015130094,-0.5492967008563898,-0.4146339273987972,0.26900665046234573,0.6042986590698868,0.2306637258879472,1.4406484877563766,-1.852246868424797,1.1755976667708645,-1.1918761232873532,0.23356367583557577,-1.6164558166962002,-1.2924865302732818,0.7793356843575314,0.25736628172612935,0.5502451678372007,-1.6043709644826807,1.2674560538004094,0.7520156654883495,0.12402972870537429,-0.7316747148616183
-0.4079095583709006,0.2618072942513269,1.4017722312613603,-1.993678713180106,-0.6328869076378404,0.49695275723487603,-0.47486652810318725,1.0449759928920206,-1.3825718573614993,0.5022671593999327,-1.3970562966068287,-1.145669811403421,-0.32766090262744557,-1.7736593766020285,0.9128987347190989,0.891660906842143,0.6651838869168266,-0.6049509824543655,0.5491638890942878,-1.1200456752886496,-0.6865806724052863
0.4260339499271889,0.7447742860951408,-0.43835072336198627,1.465487126927373,0.4912506866725075,-0.511618521305754,0.7454346979277456,-0.5657309021277899,-1.2309201629755833,0.07285361578690726,0.9124217006148403,1.1849098861495373,0.19711333416753424,-1.5714580751228526,0.09313754676522748,1.4174445523492232,1.252911897577804,0.13918848777494774,-0.45422069724854264,-0.6207759448608392,-1.1205497344728579
1.3745413070970465,1.4746275832738145,1.016824609606018,-0.260977661704321,0.8708672532076541,-0.3607788071369052,1.0080989086176093,0.7790854760119241,0.8679864883517096,0.049271073048726625,0.488346185962952,0.09830768983440355,0.7138662442621366,0.6763313561010738,0.16291612216217688,1.4268248898516065,0.34174523108700966,0.35674684137198676,-1.4412166039188583,1.1728202039624385,1.4149681203922497
-1.9814597440641266,1.3209449435124843,0.520276345127624,0.707358703201364,-0.5054723156951727,-0.7419459862554886,0.7049601806456979,-0.2754283520878804,-1.3595841403030626,0.6647693163573886,1.144731988361155,1.51760417022453,1.490963221701573,0.0743936083351573,-0.023945112897681472,-2.1106534225724753,0.6547955554662966,1.066079692178127,-0.36807526479322145,0.7545901101665368,1.0552658424000603
1.0299816407543463,0.1018099301605389,1.208542029351617,-0.5945679482492849,-1.4432915884431918,-0.17538228433279246,-0.6918916314169409,-1.9613183446881106,0.6526050507743653,1.4145675568568044,0.5517880441423266,-1.9160290660191177,-1.3438718706521144,1.0875058911319297,-0.617154990930907,0.3761983492479664,0.46597153714857986,-0.4989524812715342,-0.5038982525653734,-0.29867155723125016,0.48904806654999033
1.4082134972418483,-1.165677792703744,-0.009701577703398708,1.0708910610015974,1.2464542461921615,-0.4817509123158349,1.2767521934825692,-1.2991669746142522,-0.04096446549588951,-0.19970606650439943,0.2953622821809667,0.9040342845374928,0.7216464694801998,1.4847557474585764,1.0147042116457805,1.1572015523679957,1.5530145530915387,1.4328373741278106,0.6458598464628545,-0.1283155649922486,1.1918479261347088
-0.36588018466273453,1.2039502477961197,0.6447606014500629,0.4817643220476944,0.8066357456552218,1.314130561338038,0.29558383041669606,-1.0841781260523424,1.4469627116674872,0.9033500353192171,-1.1215077546822794,-2.034185078368263,1.4275602597424715,0.38638576904115063,1.572504700176566,0.10286547958335603,1.4137649681000928,-1.7639614380779565,1.3980859769044462,1.3913865333621858,1.3015514295418669
0.8048546812818729,-1.57464507679669,1.0235824427479447,0.7841684919657796,-1.7989936431284177,1.0937647274429805,-1.6568080408984467,1.334589577295239,-1.0245324519047798,0.719604839485631,-1.8955962063155467,1.4093076846644117,1.517512628499433,-0.36233138497897344,-1.3114248578724332,-1.5470899040012254,-1.1608489447184311,1.1592579017861149,0.28659715591517915,0.7497803070015897,1.0478869235600117
-1.4732198848785039,0.24997973906130405,0.6949556346039387,-1.6435194198736456,1.4450754420827567,0.5961579095475162,0.6218925651245911,-0.6104412309682696,-1.5140012358703432,0.29536285046374594,0.8275827259801776,-1.337838522848289,0.26567368601499225,-1.1516412697430711,-1.0117915737348295,0.3081956814772474,0.21547509049118888,-0.19641609501652293,-0.6704674629665511,0.338383047123456,-0.6899133677367424
-0.8866126383198704,-0.567633381954263,1.3399296073999747,0.19328636809277877,1.5071615321446223,1.1729970335024247,1.3303863235964741,1.5648423687580593,-0.14543186412739484,0.9814748930959886,-0.35435673850513666,-0.586527654622756,-1.0418601266242626,1.0920467133005036,1.5300443302654383,0.729757900606105,-0.10116242374371263,0.11524247441277356,-0.18125939189112286,-2.0555417222172596,1.1990992180009856
1.0564565268402135,-0.8370713491952501,0.09742822611697598,-0.41142600706349874,-0.5759753348868933,-0.931532543306814,-0.6455901821550608,-1.586970513451347,0.24368759703086199,1.2337009132294496,0.18127291916359206,0.33620376702240407,-1.0388826663008817,0.3901152283677733,-0.47524908806623495,0.2890986438030968,0.9806329107982763,0.7670019738985281,0.48423337104365183,-0.8074323915701095,1.3317349402810512
0.5716148094273127,0.25234507502204245,-0.1399322983719946,-0.19691418762867907,-0.11744013481949504,1.002241051592018,0.5199291553491482,-0.5772687451113955,0.8507864004378218,-1.8336850207148032,-0.4669046148152617,-1.3381983115359828,0.8758056833698726,0.616203078864493,1.0424107511855956,-0.3081223665920562,0.9332633698902525,-0.2678586787628846,-1.2686073461908107,0.7657632391357244,-1.7518767612581951
-0.5883646329736667,0.9999754931012894,1.4262593657038347,0.02013836268090573,-1.9234627596421414,-0.04827859641488284,0.795087027091988,-0.37744124027022685,0.1708003703322349,0.3114241882241898,-0.7909089866786009,1.2277511498833886,-0.359231066064268,-0.4553582681641807,0.22930831972570834,-1.5452904636572824,0.9340390430018795,0.6636345608194943,-0.24706221816561408,1.4835095352671088,1.4326756398018052
-1.7429044589651816,0.32291795701110027,-0.0393006636397886,-0.3759790916595318,0.1450930978142154,0.6394650324956566,0.6577856687331702,0.0971744309311851,-2.025863714041324,-1.540675579724788,0.10105605502060186,-0.4554212573331481,0.8477043439237834,-0.6203943733074874,1.300593537539758,-1.3592999622178903,0.3732972050958132,0.2426842085553696,-0.6405144216469281,0.5336544795204304,-1.2646125883787551
0.10050972098343672,0.3168166966675173,-1.8576194354310787,0.7794416027313408,-0.09467716839393296,-1.403177652984058,0.6888327009124913,-0.8025511548065809,1.381028431983163,-1.7760439371342074,1.4142051309374253,-1.2468475808522321,0.13745249343525626,1.1187023524725408,-1.5200600650819027,0.3899987558463778,-1.9966170601533966,-0.8064452600809516,-0.5681878024631773,0.3433630317452146,-2.0937981445432894
0.22647345471916677,1.313813999490612,0.13023389148499004,-0.31556180694026054,-2.1858034488895135,-1.4391996431725902,0.33809104056971157,-0.22117854265061684,0.32485173754355057,-1.9490955170693567,-0.9800593467961055,0.24850756789992334,-1.3440076174493203,1.31150066330902,1.3379080531339458,-0.14368965224510336,-1.9221223676828174,0.9252785365250362,0.975147877074681,-1.9070439538378947,-1.0595236843966138
0.29370107283566127,0.40220122732009483,-1.0532587382287093,-1.3338133045903842,1.4200582617822384,1.460091780011054,-2.1633127554618845,0.01961151957710554,1.544244065204556,-0.1643459063906639,-0.5632897638001579,0.621431121051156,-0.9900369126643092,0.28772487566522104,1.4882945286634648,-0.6881275434692535,0.1341954289707852,1.4841861328295707,-1.0470573875160554,0.2620759551852653,0.156336307027057
-0.6902475732832415,-0.9608933919802277,-1.2223022739778169,-1.5220752758219984,1.4685176937940256,-2.084652510548319,-1.2375800880167875,-1.0677945216715374,-0.03606667291163866,-2.0582923637978685,1.3193506294494293,0.6034426031060628,-1.286935276614567,1.2995773194917881,0.06170120705220152,0.3418510441779371,0.3564758683357207,1.1273723259619812,1.1930931971713317,-0.1432432423708818,-1.4749503223854932
0.17197458244276587,-0.7644830914080392,-0.4541392408579671,-0.9372973008836207,0.6520450039785551,-0.11110899382224894,0.03190229149931955,0.3749348278209236,0.44020389561780365,-1.1708815297234867,-0.26038351069352794,-1.772783539368441,-0.2158048807393128,0.30420809393030535,0.2777811318907153,-0.6737789074064325,0.031912074277405326,1.2902738006820276,1.401071087508004,-1.7310404639439378,-1.0040642953104733
-1.5857857960831796,-1.9778017881740986,0.7730186756699389,0.5439308106140933,-0.39233449846443347,-0.6723315829598517,0.159596151419061,-0.07015624430041152,0.6905397492865681,1.0962317189163073,0.0053316991151513195,0.5010300428918993,0.39026179954456436,-0.7228578888470047,0.6621758736571828,0.3581141515556037,-0.09720057783052083,-1.4451951167178956,0.5140683917022051,-1.126328567427869,0.4378754717021038
-2.0211562658815763,-1.1680455660036548,1.2702999041184881,-0.14180133434924652,0.30675635454726147,-1.0924194040239366,-0.04507798730745829,0.5239436875904647,0.34033463192204394,-1.2659674827507879,-0.4982610817290826,0.6249476819324508,0.5284235747518216,0.3686342552149421,1.2821511288749012,0.13071722418125675,0.8654205175801374,-0.3972746164406711,0.25742292602490147,-1.6935176733785762,-0.12883094332250095
-0.6983808754280195,-0.47942442591184936,-0.07477793640512026,0.02092709863098167,0.0010424731522565111,-1.3273833962544896,1.460160210040171,1.4549152834595174,0.13416362453384548,-0.05019245679229756,0.8177732317444366,1.5356033464272032,-0.5538163987931067,-2.18117223361039,1.2604412683962365,-1.9396047094162838,0.8709356608110378,-1.0838292555878413,0.9595533041082603,0.5281889474659953,-0.36922446450628593
-0.7609803455075993,0.21932356074598944,0.21756526812544832,-1.151563826128658,1.1510056454307023,0.9798153754549036,1.2001987107604264,0.9681761386120986,0.5176323071370521,-0.46470812185335314,-1.0310875090076868,0.7301356823141029,-1.5026252819982242,0.9637965198370572,-1.246721234855658,-0.2704376404796028,1.3326552083418042,0.5390944452550045,0.21876686245331817,0.6286263693486923,0.1159442517290842
0.9143667023673933,0.8253362251847132,0.4577747762776446,0.6109705914285697,1.0860911551660033,0.8032907814037789,-1.3224266756980338,-0.6233587796358707,-1.1845991599177985,-1.015906931305363,0.49991371727280565,1.0235464602867033,-0.6105413981652728,1.2161339375102973,1.3059446165833035,-0.07135933648065487,0.8951115243816079,1.081745783184427,-1.5706533725923497,0.00442164267045725,0.5640099401134575
1.2633170231979656,1.2780257679611544,0.5725772589198527,1.1499770907912943,-1.3966517940742074,1.394635385626771,1.382768637465155,0.2006958041025559,-1.070960261017146,1.3670458839239936,-0.2550601083901671,-0.0693901212096527,-0.6392737950787821,0.9435497819737221,-1.002741612775023,-0.9515021232938539,-0.6900028468788654,-0.39529467488412234,1.3637307994991683,0.9291465311636302,1.6307827194767357
0.3289405277537747,-0.8829978435848004,0.04989937749207241,0.9819124163432023,-1.1163088926903622,-1.5780825945482175,-0.25178546279886266,-0.1428116341680058,1.248820112802354,-1.2385326179754397,-1.7734183319375267,0.23429352927096772,-1.2492523042634986,1.2395720534386174,-1.3200624041530404,-0.5274349812717938,1.0211705674752471,-0.4831957053706002,1.2320272783761557,-0.11726494388783706,0.02015068085491772
0.3900085652597654,0.0773813815018182,0.26734295616144793,1.1421703799336786,1.5459137904817961,0.24006887358629683,-0.3274507884229107,0.5904866963681532,1.567881209229731,1.4162474345854617,-1.4021247249686324,0.7781686307755973,-0.16419238049536866,0.936128429869278,-1.1665474768246495,-0.6065491261587397,-0.12368994490379506,0.531872225960464,0.7449718493086843,-1.1012696694580328,0.5523489625509883
0.04491447807345174,0.46499213213415597,0.8996254946697843,-0.8610823459857863,1.4563758548255086,-1.533860769144435,-0.36292620008901294,-0.8943560578039249,1.5502631947110572,-0.4776250429857499,1.4175631371822701,-1.1723715593231079,0.06417636340031976,1.34886307400675,-0.776677400075982,-0.3028063244439296,0.3680343620569113,-0.29445768626853747,-0.9237719305240935,-1.3195737065797193,0.6983296916100094
1.0339102614142401,1.3252094736943303,-1.0853379142056898,0.5935908880355435,1.4969140598719943,0.9361605283860684,0.9704618449740798,-0.6051374476342257,-1.6372566849634855,-0.19475863787872855,1.026858350075569,-0.9225811091255804,0.51264265105443,-0.9683379410405554,-0.5311917394250286,-0.9352381435968512,0.7115128805131156,-1.309143715887357,0.6451878374154334,0.9563183775881363,-1.3625309984311278
1.532390638082999,1.2224688375237425,-1.1777245172032735,-1.9163392005575264,0.6214164209979874,-0.0043602532427918965,-1.2949515393402835,1.2324149480123765,-0.7907127061640442,-1.8962931018554088,1.3783251055972765,1.5465853676817194,-0.49795842262516615,-0.9115407537231027,-0.14412843049305105,0.8149531618028777,-0.04465019200713709,-0.4821770584419917,0.08000058921335594,-0.6017477610931217,-1.3807252737752211
-0.09755901963917132,1.4440470539282397,-1.087874733525517,1.3925068428236127,0.42449268840815463,0.8506199483311832,0.7898546862012098,-2.098798742814517,0.40219494951983104,0.7242393950366238,0.48773461913385824,-0.10983352893231944,-0.1513109575497859,-0.27719724092754455,-1.0421134299318433,-0.45620974353820193,0.7956201928525815,-2.1153141129953696,-1.091565723321548,1.1586732055391094,-0.04712259941658142
0.35295816469861696,1.3212112491782293,-1.5713391950397855,1.4742694604349589,0.8060667003681425,1.287553402731171,-0.27238412078175517,1.2277215181624164,0.4158876926805599,-0.9818387184037334,-1.597565505739498,0.09527898079234728,0.9896741492813672,1.2651896776332612,1.3281281225908188,1.3834604697948445,0.2601298213432557,0.9782655038931979,0.22406747737758662,-1.1511219781733213,-0.8961203800723927
-0.04106943473037131,0.2604550555321258,-1.8869917749874934,-1.7284322319984604,-0.48847589467678265,0.9464002367948926,-0.8847156464005558,0.5614046497315345,-1.146809166591794,0.9992831768180438,-0.7361681438515568,-0.05230136685890336,0.9260896680040025,-0.14692742571583803,-0.33000706894338594,-1.5717476086252224,1.5711686492055446,0.3716234991237888,1.2576888091660985,1.4762250413755125,-0.058746010922262906
1.3253328800207314,1.1376060995506303,1.5296131223731637,0.3987482247796547,-0.6212097164668172,1.5281642478071606,1.1755996160249973,0.32196608824385564,0.41984208674468915,-0.16906125686838186,0.032390747424802115,1.4160118805292652,-1.1249794325622504,1.4855732589098907,-1.1483137452435128,0.2542739966103383,-0.6884895710662513,0.8488620462601255,0.06290501089636921,1.4154923439508824,1.5070786947536945
0.7299482529731733,-0.9112411571641503,-0.6809259865133228,1.3324196573635998,-0.5134113399137291,-0.9342710315895667,-1.2383013957115974,0.19371763013960552,1.1297988560012238,-0.14901141591736106,0.0010389730138829114,0.827144998290118,-1.045910603220132,-0.18806265768268976,0.12417597772868948,-0.2997709838486128,0.2893749937260509,0.4986683408756643,1.3562686713298147,0.7918690009743521,0.31693816643162726
1.3523261141678284,-1.4270087809823557,-1.7409348795817885,0.6667557176720031,-1.8509636385965202,1.3987024638484586,-0.6506713806693829,-1.1591546154926953,-1.4034821251251912,0.4843146094589699,0.8886806701792048,-1.4893723947772544,-0.6266684986351484,0.7430643639078615,1.5086540662315835,0.6592208751245984,-0.23678111009549452,-1.872035558384374,-1.4182072479391958,0.8700974850374391,-0.4296800170836976
0.5573492386157056,0.1837225171781989,-0.12434866982641063,-0.7444504102820512,-0.06942923656061342,-0.9816424461717307,1.4178200279855808,0.5924304377322835,-0.18527155828999467,-0.7312828475021804,0.9587646195365277,0.054232860054084106,0.7679749520709342,1.4500803971118565,1.46946032111972,0.21989218069657404,0.7269993856407438,0.681207464895597,-1.4247552652941111,0.14015077104055754,0.4922846164557833
-1.858182532887622,1.443932109510177,-1.0390982268908495,-0.48916827656315187,0.1139214342096695,-0.04649124604743146,-1.9147274849565403,-0.3371883867162661,-0.6791440748576978,-0.34831328971883807,1.4321664507892828,1.0208466138610843,0.2927591985740005,-0.10494489863895096,0.47831675989248823,0.22314985689358208,-0.4356283037132275,-0.9953670855790029,0.5755052050377077,-0.4825945233948207,-0.6393900022245357
-0.8046720490256528,0.2091681233658171,-2.164128034095645,-2.064444943671067,-0.14832809261215088,-1.560552021347908,-0.2428578772114426,1.0824458114425946,-2.164552514189717,-0.11664691808684081,-0.008608043653326023,-0.11467810487199322,0.679795305690068,0.8416342507357695,0.003852290918357174,-0.08819397945800306,0.6755059101623795,0.9623267458429833,-0.17489160929017714,-1.2565705770298943,-0.26899822175100846
-1.4967201918738442,-1.2152279862729818,0.14164215717274872,-0.5120182401734609,1.0879245397504334,0.905233063587077,-1.297095648896993,-0.10634846942718562,-0.5417229553351847,-0.3694142374197862,1.0940739205780465,1.5275538680767344,0.44745410713478256,0.1933119000814902,0.8749430184022426,-0.9481853285760732,0.8015155571853725,-0.15534297532188981,-1.3347293747226645,1.186458652861877,0.4311804462544845
-1.7559827632571123,0.0020170569367692678,1.357021762598117,1.2687933687623723,-0.7151249114924979,1.0639935989676634,-1.1742870573066262,1.2998852054362267,1.2218747394378002,-1.4101232427913006,0.0018599843482446049,-1.0115189457437308,0.29166402733941804,0.6883541086847388,-1.5634661698807049,1.2303976284943081,1.3153949869560218,0.5728300300119907,-0.7100064329223548,1.1301255447754415,0.21607496097795217
-0.27056788165905377,-1.0842689082320982,1.3536017610971238,0.019847310006789836,0.7269509994585749,1.19752815223103,-0.4495783468388912,-0.7109817611367234,-0.5266234235456676,-0.3642505408154267,-0.10006043872161845,0.789515691201842,0.2970763937156217,1.1996301293584881,1.485085885573813,1.5076536673303393,0.0020832325736267077,-2.074824582637942,-1.5088930612918683,0.2482151308754917,1.859183121329973
1.0434424031887817,0.9814630957909354,-1.850261245425538,-0.3370942121948763,-0.6540937307124371,0.9107393910893862,-1.533017764723025,-1.779701884273154,0.34574026831852533,-0.0668799945376091,1.0956121007329982,-0.8032168230001356,1.4110535934212358,0.7948199849897257,0.7079224901747976,-0.024920146203111664,1.0284460387931202,-1.7711895319085929,0.7362662461161891,1.0369953187353984,-0.32797718832595724
-0.6146815844937416,0.26420288305715256,-0.5468896944848368,-1.0483096256595958,1.264199434151902,-1.7957239592229306,-0.9515250737736037,1.2746548264291002,0.08714966611534193,0.3151223218812042,1.3631454449641807,0.34411878921002037,1.1053369788292045,-0.4579408216891816,-1.2156055610889056,-0.30812093220748066,-0.708479765218756,0.2966681107183795,-0.0794614170035945,1.044979990708884,-0.8100463556013915
-1.1968334370072853,-0.6535366575954145,-0.21022284575492184,0.018629691933159245,0.7011301864408851,-1.1588447786420581,-0.8487591374614928,0.5443501543346502,-1.8887499567406973,-0.4599723022489554,-0.5497538830803056,1.0529008051635698,-0.959625833739221,-0.5407491859407338,0.326123785308663,-1.109724650522719,1.1561587269019127,1.4189837902592952,0.7356432164642904,0.24265487051106305,-0.1748174832624814
-1.0024211563437506,0.5464470969587676,1.2797026718762161,-1.1590902529887848,1.3156811049848018,0.5736726971096934,0.6712662003817395,-0.9998894890558953,-0.31685292152661454,-0.6848431704553422,-1.430348816087687,-1.6395129139073261,-0.30657862273242553,1.2898080326527515,-0.7575081078508398,1.1077800173005987,0.757903162986008,-0.24171267751479347,0.6136227996972805,0.2402953252001298,0.5558719354301872
0.6007929694088266,-0.4398467217807737,-0.837377874600421,-0.1700056461532707,-0.8270939859673906,-0.20278563944678155,-0.131645640706355,-1.0776152847215779,0.23428431873406072,1.0610166548601916,1.4555564096716564,-1.796589724341884,-1.6414412122527717,1.3010135801119134,1.0789129729551041,-1.8739416809467628,1.1973853239715229,1.3878784617139908,-1.9001319427147756,-0.5338337766738701,-0.1746378091119399
1.0445152191832197,-1.6975770983430232,0.8933981673594668,1.3411151912879684,-0.7163603399719443,0.09485577714963236,-1.1678506374769442,-0.5642719157393407,-0.715205172595771,0.6247328996478251,-0.6767008603712416,1.4002542027605727,-0.6376252141096851,-0.2853780666664549,-0.15376990274933697,-1.088029357767972,1.0909947250627037,-1.5632355201769372,-1.2620877883320432,0.5209356736428833,1.4125002819030386
-0.10917367804467214,-0.6497021487618085,-0.8202322159673513,0.6732739200908948,-2.087175544213121,-0.8159698611208499,1.1807155793803625,0.33764436141131454,-0.7826017565136558,1.439261906406097,-0.38106300023029643,1.5447991683709488,1.1515393658641935,0.4975119817451742,-1.4729133858569756,1.4544869737270365,-1.2926239741046097,1.3571659470167539,-0.21681599713035307,-0.8064305837500382,0.38862518839337346
-0.49050400690515356,-1.7717944289785983,0.5209305153197068,0.37356612838020736,1.2286186856938952,0.25777405951494686,0.34122687497579723,1.278413495833536,0.08855657211415935,0.15448520163997853,0.3457345828772596,-0.020030314079926666,-0.9728247470080418,-1.8998441069600802,-1.794258399545645,-0.07571820333094237,-0.9469784140921107,-1.2095712612900986,-1.7181425756560436,-1.1930486579102972,-0.3678016730242449
-1.5625436523536553,0.7864635909555258,0.45996827798152273,0.5975136579826651,0.40986640071669433,0.11283072195073868,-1.2247877119960955,1.4828841289168129,-1.0729990927702477,1.419478615768844,0.9962431710193242,-1.202988471422742,-0.46829095095304263,1.2843060038917062,-0.5791587820338577,-0.7946402715248321,-0.19182772935215092,0.2617241148883834,-1.1510443608462166,0.6700032837335347,-0.5765378378651069
0.5524301819161682,1.5371211770160906,0.1646818716228137,0.45969401830086876,1.479944901598924,-0.5262822460431815,-1.299375276952807,0.4418710496599804,-0.4891557506600006,1.216856088247448,-0.03295300418752117,1.159669129230897,0.6947208229020144,1.3782943987807184,-0.2700225555757094,1.0566027639331166,1.2590538883612665,-0.6229504251824878,-0.29397161106425945,0.5878449391720464,0.19117902174573956
1.1113869096260278,0.33860948406319835,-0.9939178254234434,-1.3281820046688861,0.323000023441103,0.27031205159984867,0.1574129774251972,-1.1374763966618389,0.8757355840894586,-0.8449336306856514,0.13776725454255123,0.34320044351443324,1.2089112992742488,0.4352656527662514,1.5350461647551585,-0.6250193505935895,1.404531056782768,-1.7312566315267885,1.5114146425501411,-1.2040339244760154,0.053487295080287774
-1.402380072111254,0.8266601139672873,-2.1190113405577753,0.34759791310502414,-0.7806031397628994,0.8095365106431494,-0.4858234310371448,-0.07880193706869712,0.8419881685643209,-0.24829055025224608,-0.7689521279755979,1.0446706438103002,-0.39240057457223465,-1.1509375315919785,-0.7747358010402734,1.340202671065315,1.365308508320944,-1.2697541149231633,0.5396555989063886,-1.3111095546095253,-1.5137251698965222
-2.134402939096809,0.2423536574717417,-0.5438726909700187,-2.0259554161267066,0.85955152292196,1.532867205351036,-2.106179300898995,0.21331613411291384,0.8934985292167801,-0.9593950967576597,1.4613833303358663,-1.5326665655918137,-1.6390238167024411,0.7060723950145379,-1.6037645240513914,-0.6623567101482007,-1.211231996619554,-1.3886720296807014,0.5523951808644152,-1.2033774353217879,-1.4537374638368519
0.16768768503413906,0.6523272566823252,0.31580245347432234,1.151714095083101,-1.1598610154511062,-1.799552136217817,0.1938431176652258,0.658503170616275,-0.3894509776914068,0.255320045639142,0.28308177082861635,-1.6513171883429587,1.1708775591823233,0.8629654695232132,0.1788901769115334,0.9382796585682149,0.08075309168290459,-0.37493412780979946,0.4429877741179922,1.5499373550994446,-0.09811341053912176
0.7654442310858808,-0.016664549613266744,-0.4463492162237451,-0.7569867274593881,-1.937203064652856,-1.9885181935727732,1.1438334373252246,0.46909528260606437,0.19155954105125494,1.1761306236305922,0.8791890824214956,1.4300980004487394,-1.4572679918322258,0.1084961858220785,0.7185301940125377,0.9422656575871223,-1.185134196482873,-1.6891322427450797,1.1139056909487215,-1.328328614806332,1.519007805207552
0.35030474898054154,-0.010384315200956526,0.9015056088851114,-1.9377877640884664,-0.6523848505763915,-0.7885487645107001,0.0191673826640605,1.2003769205382617,1.3363474192591331,-1.0758612222333674,1.3889251715471598,1.0686666389837,0.3909456078488908,-0.6125825847998142,-0.25098461717998116,0.4674206391408097,-0.05422794381182148,1.4194658739838437,0.6384568203690622,-1.4559877915993034,-0.15981657141577005
0.0729298625436312,1.5513416993542901,-0.2681605466296683,-1.1587635364965723,1.216249642354734,0.15928712686414886,0.8838415662549061,-1.12179655617601,0.3882107562839411,0.7577990945181161,0.6754239527978658,0.39282551598694826,-1.8627755962818098,-0.691560384217397,-1.6173742630068908,-0.40398425326835924,-1.1944868151268524,0.710945337792513,0.6252391743308577,-0.9627359253378845,-0.11467837432152374
0.21385153070079088,0.09568719169053222,-0.24450062581798832,0.004988983619894572,0.6364346843069443,-0.6611601579350629,-1.61878315516639,-1.653509243703614,0.7747457327148665,-0.28970612453449024,0.7343229692546236,-0.6941206733054242,0.002466192301891737,0.1514590250654345,-0.6928355893545527,0.9594314278347501,-1.8522011837653451,-0.2494898283780093,0.5432592202266701,-0.7807994084900338,-0.7901120276288216
1.0156123809362407,0.7851880406495279,0.8852789674270096,-0.22291917555869348,-2.0798405406112086,1.118217616495424,0.6007213051218009,1.2120560328425085,-1.1943076981000973,1.0248667608186461,0.8454699435353721,-0.30270275693895227,0.3356380452565859,1.3571886729694471,-1.0553352795186544,-0.1890391039231125,0.25273654285602304,0.6708515000081745,-1.120713606503594,0.9238406944273824,0.22544258818130727
0.219707702867368,0.9320003187950878,0.8895845180649128,1.3484512018011794,-1.1817227075817074,1.0103293212846947,-0.38040272002552517,1.327707607872257,0.9057535147838859,0.6250897068144603,-0.4962649792149884,0.5657554492171152,1.5033438385063909,1.199150541243176,0.7005367726017334,-0.4379090643695497,0.8160675319496405,0.49599437335856855,0.7459025702220753,0.5721849465444282,1.607898891871272
-0.17350628910555596,0.6089245934821604,1.222239231841945,-0.1391523832250195,0.8603957791520345,-1.5683538911848802,1.2142277143828315,1.5656423419956733,-0.4434912890550054,0.9058812443158808,1.0323336770991276,-1.2316704464983077,1.0591774719674159,0.7460251672963971,-0.33167240830139244,0.3795347790749765,-0.20119797674532752,0.9596207267778759,1.386499119341168,-1.1837673690277337,1.7330547252793471
1.221658479140158,-1.2741541412154465,0.882137074948686,0.6898751032226136,-0.7576593822450025,0.6085750890361793,0.7379969827381218,1.364112265219967,-0.5674451776144683,0.5162291608579549,1.2371519241493687,1.2919928922211072,0.16070812077268315,0.3641983021743207,-1.7755318586581936,-1.1906258418981563,-1.367035274210727,-0.626407417393405,0.2675106171367341,-1.137436100066426,1.5411961041961502
-0.7604472686127388,-0.10429939951970954,1.096209269345493,-0.5714592604726194,-0.3699782086773341,-0.39914016254675255,0.010514290263264336,-1.5250740237411877,-0.735873419443265,1.2512311799275904,0.9913548365462325,-1.3098105538958646,0.5053851641355792,0.4781622284811938,-1.566229566719966,-0.23825167797518165,-0.7674019283215775,-1.2871758198696546,-2.0254644280151335,-0.6650006690868411,1.801748391761986
-1.7009089471468979,0.963823202651725,1.1470481918588051,1.1303393706988338,-0.8139339334424722,-0.5022507241438776,-1.049110262456555,0.056700982957841047,-0.506695279009542,0.0993105550735192,1.1474976594120174,-0.8970507786823153,-0.3465141082124097,0.04514059826774883,-0.20299890081409133,1.4597837983949469,-0.08458253124276048,0.3612785736266578,0.5263901092309529,0.23017690275727393,0.5983852483898607
1.4249976304351943,-0.5937053890677326,-0.1566381636656476,0.724449298148509,1.2568443832990337,1.1041560222876412,0.658460398058971,1.4959524958116264,-0.6669327700319545,-0.09287586625533936,-0.32275399965641555,1.0741750278419016,-1.2399764220337142,-1.629437570467378,1.4158519912066618,0.23480417872070836,-0.8725609016668323,0.5880103674719362,-0.0010507128505159405,1.2365898859875544,-0.9421058106492598
0.7366971889005173,-1.5272338501019758,-2.063978504009,-0.3660266538926905,0.24952806056901577,0.23913769793114054,-1.2636756263612807,0.8964822390468797,0.6701328393455079,-1.8080011709014747,-0.3156534868121514,0.8694686387371164,-0.32406837987763387,0.7103467151353359,-0.18819030066569703,0.6134768670620049,-0.9134719471310322,0.8325410450150713,-1.9036095462895661,0.1356293522451727,-1.4852257124071393
-1.0996157350756963,1.1165286055665202,1.468462373669447,0.1672967251816186,0.923177159918563,0.6273286246713755,1.4388630939439448,0.2630697606697315,-0.13402604888947528,0.33586795973154066,-0.770408691150941,-0.4575842724213277,0.9544223218475448,-0.9103393501743823,1.1759927354099509,0.7619231666244409,0.6189573149904459,-1.2188552174715264,-0.7726934270324033,-1.7988902500990793,0.326415917571826
1.3687845189729524,-0.7546652803034777,0.07299820376743885,0.9191203718038083,-0.3700072560957436,0.5460167853872582,1.2308101784996195,1.2334515840483709,-0.4274445412733463,-1.7076381237146856,-1.6309259292486598,1.2421561772119685,0.05363002730131714,-0.7343346846752478,0.08338110177731367,0.7210335324032079,0.7646388840458384,0.9691808436974562,-1.8906662014660276,0.2633054323828029,-0.034328967680699665
0.15448876178358317,-0.539498066736699,1.235922519195721,0.6994126625651127,-0.15005145853386068,0.6940489341739663,-0.1668258822717598,0.07566920922933851,-0.35097076830504076,-1.4648928725108343,-0.2040230847002384,1.488744466951766,-1.5169448491335253,-0.647642970056085,-1.567337759393775,-0.8498248784170812,1.3955755220680757,-1.5745594035370303,-0.7233422172544213,-0.20546985685576286,-0.44131669598676293
-1.750227234270117,0.4688860968364318,0.22911941980327633,0.40185537534072996,0.10138785347791053,-1.8045145725974747,-1.1308633652353053,1.3903815185676944,1.0192582412106987,-0.7832258248426974,-0.966499927013422,1.2069392483343255,1.422096155503316,0.6839060425771128,0.8249598682192685,1.2634492625860518,-0.14608325453315057,-0.5143534967096814,-0.9100557748425196,-1.575848006011689,0.20356240901899378
1.449670531225539,1.0168864668211846,0.6456043027186266,-0.007833304374852077,1.4645038574699716,1.0166606883293605,0.5085445807542576,-1.0769115534681777,-0.6204408613487904,0.25891122484119644,-0.8642601787871722,-0.6335950084308823,0.5998652331231052,0.11779026151005731,-0.4150215777981212,0.10582583059806902,0.2857913615665096,0.5893431755249176,-0.4262192370801241,-0.44578190985726557,-0.2980928137408348
-0.5055401408081334,1.3752980497796539,-0.9876776966253196,-0.34115719921528537,-0.4950025724673647,1.1810479929108417,0.6189647220149618,1.4200003569624395,0.425466770334335,1.5382821187548361,-1.041140226919625,-1.306050812330392,0.039533714110094466,1.3500719391026972,0.4304418121794824,-1.5952627840569624,-0.0036407169237145623,-0.16074894711086696,0.34790591779317376,-2.053261618289399,-1.7321284805004102
-0.02686792797255169,0.6885165934269508,0.8942339084368442,1.4124572774330217,-1.5778324698713473,-0.5847455374001465,0.22264177804404245,-0.13470662237053235,-1.1630718334438053,1.1575970671719453,-0.45201810519901997,0.5203177562626122,-0.9265308314045841,-0.24506939525186625,0.9312514895694818,1.043656067295768,1.2931364954941345,1.1641787271219715,-0.9233671912513578,1.3135343788643195,1.604127716617567
0.5564599131329792,0.35741640738658287,-0.42195914974840715,-0.8608187912171226,1.4063840510092573,1.111534033040234,1.3401289890104702,-0.539174784411252,0.9728703464439714,-1.0991706322706334,0.1278991233733281,-2.0233150084944236,-1.4049686353207085,-1.5174271691313816,-0.9331134969469266,-1.711033984563684,0.5501752899415691,0.10062745080551609,0.27834160169493855,-0.43776140610616976,-2.3620966944638004
0.9557135771759852,-1.8098187070789304,-0.8086381100686321,-1.4550177165763651,-1.4109987052667392,1.2702120960516905,-2.0704706494283114,1.201234683950321,1.1088229660755033,0.49848176968466223,1.4088877058660458,0.42045017516225125,-0.8815967995000243,1.0991150130206364,0.3735477690086526,1.4952557653217589,0.3279764431788684,1.1408812690510042,1.0464690110847854,-1.3129467520162064,0.7413673761359261
-0.9235698617105889,-0.9781791047696529,-1.1449818082775265,-0.5053220717670961,-0.842158914115334,0.9208889329877892,1.320445026100975,1.3586097910924777,0.1105733531826898,0.4232311831659242,0.2015501395404531,1.393486798909275,0.5116588591322729,-2.190832374871295,-0.25557116242954503,0.28646784168145945,-1.2606311798946168,-1.061307525349209,-1.2373100647099775,0.4251909244013374,-1.151759829897777
-0.8149210591843604,0.18350682868806534,0.3899187513274216,1.151285513235999,-0.46425106351263074,1.3159121259162523,0.3164351905873034,-1.6710036411170546,0.5484933593071732,0.8618292894973554,0.0920137437077376,0.3850823773421738,0.06257837979818373,0.885822043480451,1.2667422520527547,0.0381609852142968,1.3834751540899277,-1.1310630874500798,0.4545930932665168,-0.3880837138824585,1.339481679388453
-0.7058475421627105,1.0854463361802669,-1.6533111081888228,0.7777443860664847,0.5149646011312797,-0.737480049353459,-2.0938492389448276,-0.26374616046204635,0.6540598391161718,0.6149405031645582,0.13720385766680432,1.1430491507566614,0.4166070356721336,-0.2588505423221656,-0.18738206956209105,-1.3227770321930115,0.624705173963839,-0.5738834230974332,1.3171813843379554,-1.881693857322606,0.4397334074942443
-1.0493824182706335,0.1068942530710405,-0.45879143170501707,0.4848138370210515,1.5031134954695748,-1.1246491474206717,-0.68941821745626,0.6700260715224685,0.7308724816776668,-1.6439500879115134,1.1483523730176195,-0.3491573207348011,-0.10511384907779713,-1.3801777953923855,-1.4454363463889277,0.5619889736594679,-0.0060518906806384005,1.2261287073643479,1.3009899468808066,-0.09917339376008003,-1.379648448436648
-0.16401211108638442,1.2230489113634428,-0.823629469881419,-0.8004509968386451,0.7530722113726586,1.5055365714975,1.0158356222560134,-0.18035197140610418,-0.16432112667225515,0.43842925171502395,0.7824378638568136,-0.4080698431994023,0.5427504866652851,1.3718664693608678,1.0106179347160738,-1.7297875596053238,0.6411458687890041,0.3150604136055452,1.3628320347287182,-1.066971653986691,0.49375642036196404
-1.2770740690126903,1.553383348167663,0.8877418949456094,0.7841837841126611,0.6610922203385872,-0.9772161548049405,1.2343231959979288,1.3406637945067357,-0.3560535847938592,-0.6587014124500163,-0.2143641649107263,-0.13838260087850396,-1.797580852837509,0.08444756105941961,-0.5423157690410254,0.7893580704789905,0.5791726846867165,0.9294891484603364,0.9074501378323002,1.127614303305097,0.22687735574075438
0.121231047042689,0.7927891156424841,0.48548170786830774,1.0175911476503998,-1.9701243217452928,-0.11756387472763183,-1.470291954254808,-0.10081286836789755,1.3127620154202038,1.3587552980613224,-0.5414745014979736,1.5490542597283439,1.3273282985529664,1.1814803081162053,-0.4263038452592001,-1.0609848874426842,-0.005913710043506713,-0.7373896357246128,1.4538922275298884,0.9761246399548442,1.4276906796381348
0.5900591196231154,-0.8110760025479458,-1.3368740692106325,1.5300629848223415,1.1197303980802722,0.6367649224987958,-0.6099917468034473,-0.4126178485338777,-0.4901290780484104,0.30151643490862146,0.5277483575484438,0.17607824752204113,0.3615266346043467,0.2956084970460164,1.185766105573765,-0.7643561003870676,1.5093903997689535,-0.759725902763886,0.552184378737687,0.7207665686606864,-0.8571644740621723
-1.1116653459377843,-1.5417167197039785,-0.9579259833103544,-1.6482529013337144,-0.17662190602705732,1.3733809359960027,-0.09018404126857045,1.4820062778055376,-0.7938328736043576,0.9434624809231177,-0.5485193495864298,-1.7775770529890047,0.7131832454668371,1.3667418829948383,-1.200332751642088,0.19559154886520969,-1.0205669585812847,-0.4790657557426063,-0.34240483122908466,0.43017047067320163,-1.1580559528717702
-1.0103351718476703,0.800550635333274,1.467485079446042,0.5017971166643604,0.6064134296419462,1.0562358888937033,-1.5931041858818302,0.6023141439065676,0.8424498643374639,0.0468987271509897,0.9687779935387124,0.07770060861851796,1.2841987020287022,0.8283288970421906,0.8742855272035172,-1.6502302900047214,1.426868436956301,-1.7545935151880432,1.461148483088215,-0.13111026091079922,2.149092152487695
-0.26125789442505787,-0.4891988816068349,-1.2887049768006487,-1.4611853686356184,0.3891168788058074,-1.1138476590284954,0.5237034382793838,1.1844852808867954,-0.6903658928344484,-0.8537056762808076,0.46442989778890015,-1.1656118115213876,-1.6047406934451418,0.9104744062156865,1.5300470768927292,-1.3723498413212638,-1.064618871344443,-0.693417418248111,-0.51241547012831,0.9616797194302638,-1.1813128316119055
1.5160670145783681,-0.5597106964295907,-1.501165531699346,1.4109885566777525,0.6965726946743143,1.19326311660827,0.9516860558976795,-1.7219880855252914,-0.5708751048545635,0.03644336367594024,-0.3797033867813629,-1.8202804040055027,-0.5227968065973452,0.15210649879574956,0.21645817129217387,0.3516560846742176,-2.1090288928546856,-0.08454782708860271,-2.092744022448575,-0.5041846711053238,-0.019173827517599606
1.202870894736005,-1.9894493242357765,0.2550647948514199,0.9713158467854384,0.9622882811584866,-1.7795249840758312,-0.5181209931515923,0.0660791417449129,1.3324094313402381,0.026122066953182737,0.5337170227532843,0.21944277746809676,-1.784918540418325,0.655859658212083,1.4394584541666562,-1.9656518684783437,0.4570141223308903,-1.4271482914402889,0.4893553187703039,0.10631113680623372,0.7997911894507419
0.6573987283100411,-0.4343705370266957,0.6193686269520479,1.0969666874068045,-1.1717293596511587,-1.1158777895794403,-1.720694255540104,0.7323056044911003,-0.1828506655954201,0.2772149128368597,0.5629367258714194,-0.9808437396728036,-1.4622516311173335,-1.3859942066996935,-0.8054521336786639,-0.6649177402457638,1.4117414390235896,-1.1914710442353968,0.16583423446670778,1.4716208701282878,-1.5807633364377545
-0.025620424059113484,0.9997530330033585,0.9387975929161019,-1.521527723250337,1.420001499220108,1.1982148914728992,1.3003699203779602,-0.7701364517473743,-0.36359884855002567,0.06182883833435872,0.7134750584187641,0.12453110625563255,-0.5892346575118658,1.0400555524468775,-1.768244815081005,1.247000036664363,1.2899677805956216,0.5096453072424206,-0.5347616003938629,0.5276684901284998,1.2064099185369987
-0.4059781592394483,0.96299820953389,0.23601491862070506,0.11537290536170258,-0.6968120508576167,-1.2065465096030044,-0.280048003430101,-0.22820008678682052,-0.2358103566994408,-1.5445524798581587,0.4685886545102524,-1.4588365917709802,-1.0858687543079473,-1.0995628021179158,1.1577398398332055,-1.9060956319947517,0.2749373089332996,1.5032071867182268,-1.287468062289633,-0.7756050860089636,-1.8908192892981874
1.1194264529247324,1.1834454690750187,0.1821960107781275,0.19401217431878146,0.9282851379799997,-1.345431506138962,1.1202196582898625,-0.8259986123037937,0.602120879530259,-1.0248922594964927,1.1470672769119845,1.5606685996631025,-0.8727904041099525,-0.7047751525147736,1.1061216568384649,1.2337000582244153,0.9648915257945376,-0.6436894468546414,-0.9043817038563383,0.11134768806841082,-0.618864886750929
-0.9739346583321579,0.34767354736600964,0.9098685115835436,0.664405114220587,-1.5369991164172903,1.3685945468311325,-0.10992200363007502,-1.958029533293632,-1.085036563757864,1.009797740990499,-0.29631343868352744,-0.3209712258978444,-1.3938684896460547,0.7165187543992614,0.5133299718662321,-1.1004529512735806,-1.3724890732255144,0.7060558523813167,0.9733146377132608,-1.9691243739019735,0.8587716507506007
0.21856741713914096,-1.803236293774794,-0.5277893994374917,0.1387418860972856,-1.515610153127197,-0.42249703305869957,0.9566395166182411,-0.6357097796396934,-0.23208743823034195,-1.0882015663883102,1.40576743336024,0.9998453959973584,1.448682600595547,0.09740342062816362,0.19991961151381943,-1.7142502310421308,-0.08142994115403841,0.8907792227028261,-1.237311686883868,1.2847656640035605,-0.04461370017746576
0.7932701231213487,-1.9049087544023957,-0.477459703378027,-1.1993433028490466,1.0029444941604029,-0.7226497848912242,1.097720244379308,-0.8702367877773127,-0.30348587022904017,-1.512042740732434,-0.7598661479898919,1.3894683399997523,-0.5056475752961082,0.8616187950710728,0.023416619388153544,1.1236998768881816,-0.4008127250449632,1.3738756203319624,-1.3175659884671764,-1.1359459984686813,-0.3169714685226631
1.0437038111179315,-0.2114617174867362,-0.1457456434984941,-0.7104822566337888,1.4719703202795786,1.1754039338178006,0.7786940826322761,1.157543315576406,-1.215227310388461,0.536156136937936,-1.300796930108752,0.06800311651364829,-0.6533281674476238,-0.09055438619495333,0.5635558136679073,1.246159089888615,-0.08970370394531768,0.44723574608185707,-1.7951654407929933,0.6184551081428596,1.0607022093849163
-1.880675690375083,-0.09828278550217814,-2.031166477142561,1.249510853337348,-1.656123578292151,0.09516669534778309,0.6187162538979214,1.3181453214171714,1.0096215242768105,0.8703041502495186,0.9784819091319577,0.7689188822813703,-1.18518695562874,0.29081337993373413,-1.0141401498166074,-0.13785192015344755,1.4530344192933398,0.2955714204182636,-1.1289414077501174,-0.09229605422330237,0.3126492644868834
-0.19966194132957407,0.2097374382642296,-1.213760404891191,-0.5931622452584808,-0.44817459731465176,0.0015538982626918712,1.2292304523185675,1.4623321419533313,0.9656031862582871,-1.2715755877067825,-1.6261811038225196,0.21455974178622553,1.031797931382842,0.7417215878487382,-0.6360905567758213,-0.8173276104989967,0.19122017947787276,1.3168303853329995,-1.4509463006319194,0.5261536492306162,-0.6434890624212665
0.9130226763448471,-1.2885980933424264,0.873858491503952,0.3496743406804475,-2.2098477474253095,-0.8829862482861157,-0.40384697514882806,-0.3275734701089233,0.8794762651309389,-1.8909505766455685,1.4205040672178157,0.715625721054484,1.6025234220093287,-1.942894812707685,1.5468593505152115,0.3704077739926623,-1.1093994014686965,0.7838534836794586,1.2960259400003455,1.0932158843236193,0.07617165289719519
1.232854401359583,1.299831410955106,-1.842778244668686,0.786728515442584,0.9614191600692743,1.3629433369014825,0.05207801628575771,-0.4781980312103184,-0.10050215178747136,0.7937229601082043,-1.4596034022883047,0.9384251169919842,0.540028010102457,1.0089108645142686,0.48587293097154105,1.1907783950745354,0.5067224279388911,-0.7370395119246739,1.3513982357066552,-0.5084591570386547,0.5299175164064487
0.7005155252934432,-0.8029728808878474,-1.0326020699436673,-0.3268515077375033,-1.692285164770992,-1.4064794003974483,1.426254439596115,-0.47937081491532935,-0.6700448203222164,0.4468121114801531,1.1194546354702273,0.8745477874711778,0.7106010163748889,0.9470376034008453,-0.01775363745487557,-1.4171454274742767,-0.5780560767326174,-1.1625927518301604,0.8142201788700969,0.1706622858961436,0.6864496137715762
-1.5497097453874775,0.0275394367468247,-1.8950598762735655,-0.4012475146076365,-0.37494686135381144,0.2418616558745862,0.20929554355608848,-0.7855901970919515,1.5993608892993074,-0.6367760621445647,-1.02298095625626,-1.8465574028134581,0.5032225560140295,-1.6521785623828888,1.0504918394531673,0.9046487623193571,-0.8981184655155023,0.2728506451387534,1.3034272251999877,-0.3722155556947592,-2.3619582712395264
-1.5976187491596643,0.4995522630424919,1.0577105199885026,-1.460757929451869,0.5117628587340219,0.6505819646864768,1.421091837418837,-0.6837735003668403,1.5150944836477438,0.1132131157860576,0.10888515023811308,1.225367236779903,-0.43087062026731515,0.5196104532212433,0.4671519953208982,1.4102482011587505,0.1045621306771588,0.6004010674440551,1.0344696506271602,1.404753924712703,1.8223270504294282
-0.3431716407583659,0.9299338775148691,-0.5996418197762751,1.4846822028085824,0.39564570953410544,-0.40649096324161876,1.036494732227305,0.9972935365166781,-1.0524201760554424,1.4480642269988566,-1.2955066497009076,0.5448571028319039,-0.5638140218992984,-0.5856195126928408,0.14085256380146868,1.390076675028831,-1.5929456361811893,0.9974546512720883,1.216845222471248,1.261841821787758,0.7106454976994885
0.47303123281252796,1.273741249029292,-1.8422646312985436,0.45881662569832926,0.1670442236238229,-0.33491973431859984,-1.1214957346119592,1.2743278568615513,-1.5372404425896777,-0.998732496872338,-1.2855017226792829,0.5231649216856533,-0.9625003225730523,0.5510220189919766,0.09208091719092934,1.4171382682541986,1.038490345379709,-0.25019166126809533,1.0443084068988482,0.9818439939301166,-0.9224997377936968
0.9311813009420329,0.8155998330128132,-1.3053850948615453,0.6271774354727403,-1.5264180970823649,1.5041629221758392,-0.009892515764801898,-1.0333664725627956,1.530660533061197,0.940643002317379,0.8182747830158387,1.342881890341382,-1.5374277573125692,-0.3132686996491055,-0.13547448897020473,1.3960192905881643,-0.7206802263639396,-1.0836701350094569,0.1228862973782161,-1.1326166354024128,-0.0695763848696387
-0.7480480642050237,1.1604495468011184,0.058011647355467384,1.0062557032188593,0.7921617641879746,1.2825113830064059,0.2670815318685016,1.2575481952116454,-1.8560400330423978,-0.7301783928081296,0.7466775757859188,0.5386466587465615,-0.802517968868468,-0.4807988520797983,0.7229072982575467,1.356909407874974,0.043329121416269635,-1.686751893720728,-0.8772534025400175,0.48754407042249737,-0.38549503820846537
1.488404158818006,-1.9737697720417966,-1.6617337352059176,-1.4328611995700868,-0.06110701916408951,-1.306663247366374,-0.4046396323721906,-0.0753651066184231,-0.2397022354538859,0.41048462408059483,-1.37835720533324,0.41329723804891993,0.0055862488665746,0.4610689453500302,-0.2436657259296673,-1.9215975262364784,-0.39666593452390086,-0.5966814993097638,0.7187673907519984,-1.7342012130592661,-0.3441628688282806
1.2371468526218634,-0.9820687280714969,1.2718840704321424,0.35127084370779305,0.2615084388579485,0.7225397553752331,-0.016206035515276378,0.6675674268628372,-0.5623387256938429,0.950807519603844,-0.19446167833808042,-0.14712875511140364,1.1683796819746712,1.5219924140170502,0.1818744397588439,-1.0817711302437436,-2.0146272371166867,-0.20797826844569395,-0.1998366593477343,-1.8906413160903315,0.3621113608467577
-1.1596083610719803,0.0046509988412003515,1.1086265595042366,0.882172016778402,0.2822907417904285,1.2683253025660066,0.1289284871091751,-2.181368391333647,0.27301077327701195,0.17870953207968296,1.1365665980877337,0.008402593678753883,0.4417679484685434,0.3471477263969186,1.2949907732067505,1.4460276253542423,-0.09816784347210014,-1.1275603346769967,0.024936297349977973,-1.230968531196525,1.2419216057481657
-0.618928713025848,0.9480939533490359,-1.3830271196648463,1.3255763373586638,-1.4370083317457634,0.7404928802295372,-1.3289580470077125,0.039637128855631414,-1.7448689002324844,1.1320856225310876,0.5906185388013625,-0.40600759534421516,-0.8856865899437699,0.8191273335202899,-0.9340924519842446,0.353186231985245,-1.3523090512922076,0.8133105865039355,-1.5402614315764387,1.4113471070548609,0.4007850493387109
-0.28192596403251985,-0.1019908871278669,1.325320804900889,1.2194290495026938,1.4482173247123251,0.38060706778239284,1.0772408776102933,-1.5512478103822465,1.058750781541999,0.036251609449871436,-0.001749666999225894,-1.5075446176090819,0.4571477016693856,-0.6846543429121523,1.5008992411604423,0.7924505428980982,-1.1369046076873401,0.9988516063477161,1.359472924632002,-0.41632946540234894,0.38413072116629704
0.2812209191075549,0.7387841120580425,1.514922200447043,-1.7496899272042647,-0.6906430540144333,0.7933557907280864,1.401708217059701,0.9065936890532574,1.5012026772992095,0.7816858628820089,1.2279463275820233,0.9361222539470374,-0.35135463944292356,-0.4923820525791888,-1.1909882533641207,0.8712964690425982,-1.068039639699632,-1.0670434862673341,-0.7990301612430278,-0.5933660574965378,1.1215087667507504
0.14560791667056924,0.44728071312210455,-1.738471196581261,0.028440697874155024,-0.5621533230585188,1.0400723653818398,1.1359136744843152,-0.12169845796530358,1.321777691284212,1.2656604298564036,-0.25582106501691376,1.2146566197015272,0.5736502983096787,0.2259146629386105,0.9661470934539973,-0.32976423465883553,-0.12763044405016966,0.4381715771689708,0.16644027567885056,0.7422197017590401,0.25869575987721993
1.0625109860925197,-0.8391707534813365,0.8701296123776744,-0.2126316644655606,0.00104436962312087,0.32617833214815345,0.6427540436100015,-0.13137707014544675,-0.937908780008178,0.01330786771040495,-1.8844332832458177,-0.069080697380011,1.249731174964669,-0.6370762380159007,-1.0364666964318492,-1.417496519699112,-0.8766199114124661,0.4867414770402255,-0.40519689114271823,-1.6999024014953665,-0.3482786662043421
-1.0012452759437478,-0.28655878224196546,-0.9499706398972272,0.4035268195951001,0.06862710894773875,-0.9349763388110308,-0.5194489558049908,0.3947697208970933,-0.40010366386882174,-0.16092680275458118,-0.706206192808964,-2.0074169505510993,-1.097548436950507,-1.437876021159243,0.6338036082677675,-0.31593049731575223,1.4869007714865885,0.3659232127428921,0.9407398047784903,0.352089178088207,-1.6699300493363594
-0.3878013872191591,0.8947014728144448,0.9407490501673783,1.422815133239766,-1.3141713458385418,0.5064284290702902,1.2375840238798679,0.2705434484236739,-1.4915899847917935,1.2662696152899642,-0.5217830170239678,-2.1890481492189373,-1.4184216390756927,0.739553288205082,1.1596436277533921,-0.37767964470874493,1.199674461268993,1.0365792965938088,-1.2280941074368221,-0.07945345343056923,0.6772581860907072
1.1806128038473838,0.9231216288773892,1.0189793387217798,-1.6622844309930105,0.49028959209531864,-1.7916612031125683,0.2455373695330851,-1.9429514799673564,-0.652676849790082,1.2982176246745611,0.06555123302188727,0.06875664994132354,0.25833543422988936,0.3869339360514338,-0.05299626971470004,-1.4750922901249668,-0.1543527525251709,0.048162813933431095,-0.2525859993080562,0.2527247538862605,1.1401783411089692
0.5382486316798614,1.1659165161280722,-1.9588494663330478,-0.2731481388275742,1.4328279016926329,0.44246904131613546,-1.1571610057388895,0.0664996692334762,1.5468852380492626,-1.4482194545707632,1.0570530267253002,0.7543631543913756,-1.442759183310047,0.9597551886860982,-1.4437122534741826,0.544320171503494,-0.6703298319290364,0.8952994849536836,1.1245120648865339,-0.15877655165403223,-1.0534668914541923
0.9447138385858629,1.3603350494705426,-0.4249729377364381,-0.9098707929677002,0.1979987981180358,-1.0125831894931985,-1.294010954657243,0.7806821699808223,-1.1339363167207386,-1.0558509189987242,-1.4695360025868955,-0.5666578122844788,-0.1808660517752487,1.1178597318425607,-0.4784099135760431,-1.3174969332703224,-1.4368792715983234,0.07292960231826168,0.3612941518794297,-1.3526054128863587,-0.9068142098970342
-1.5916031806781952,0.9526992345397349,-1.4868539911461078,-1.499584991891814,-0.03315789675705027,-0.8049448313671322,0.46896530722932606,1.1347883753712193,-0.15832766741028,0.9387893268863352,-1.185475483695921,0.5006130391092601,0.7820755180279307,-1.7825668361529263,-1.6167210966575207,0.14776075513532977,-0.4962742141097247,1.0076491034604353,0.2820622379420881,0.22603947912959543,-2.0481446710352422
0.2882495435708811,1.5278114190956573,0.7586168918191386,0.05716655416473777,-1.5175040396456152,0.37122090524846085,-1.0231562300557266,-0.004329666705582767,0.6397192179614439,-0.3537357099948168,-0.6647526921411692,-1.449700388114954,0.5317587869500144,-0.5875926406543691,0.540458881605171,0.8544296217284154,-0.06382555750015464,-0.4428769980841831,1.1197049704641224,0.7204726822280739,-0.7087700399262172
0.6829383763644882,0.20911548271275218,0.37420302547240175,-1.5681713032815312,0.2943434432505591,0.4504342680072479,0.07423080116526909,0.7999259315393852,1.1564267579833136,0.4051510836150741,-1.9102832990735732,1.4507665192141748,0.8825050416667811,1.2181645063313338,-1.7184705208059814,-0.5843799666369088,-0.39664311573381306,-1.79840662733623,-0.8864757529301012,1.3239858430473568,0.8058484052017796
-0.5520329304759871,0.46041658773408795,-0.6580135720966456,-1.3716490589662835,0.9648520862242295,-0.982343082490116,0.47128281910327907,-0.3504663685221846,-1.7778485379145648,-1.0181969985084125,1.3437788825932244,-0.07943681098304084,-0.02833298730280907,0.38687065638046053,-0.0014461985814273176,-1.1257425183494922,-0.20700583915757328,-2.141485787002734,-0.005205376704994216,0.34320859395735615,-1.185630918453423
1.2376302375122339,-1.0080299769251155,-1.4925050742183503,1.0682163730130527,-0.7390117302981831,0.11161986845938866,0.830837875383602,-0.6544924896284651,1.3708858919077884,1.1324112271358493,1.044046407954568,-1.2459965790548708,-1.1051855496491516,0.6188047488921244,-0.43797614474460184,0.16457985733143404,-0.5709496309744811,-1.46852040827023,-0.359594477601923,-2.089456604028869,-0.2537663878685774
-1.66006705039452,-1.8969506068765356,1.1386670769170975,0.7106992945621866,1.0775677167895867,0.09601170974577289,0.930355181547274,-0.6763348451759732,0.877317108240637,0.37433365847700995,1.4220975880115074,1.1463049962850764,-1.6590114850861362,-1.4795237296754191,-1.9397639194925562,0.3596285768663923,-0.7550920225625073,-0.91263058385221,-0.5291196285586348,0.4029302138821223,0.29128602652045305
1.544262762664344,1.336529523943029,1.069339579851544,-0.15665322894198316,1.1206641236842139,1.164373022755266,-1.9146738902194176,0.909553491631644,1.018035105184506,0.3939785902882983,-0.9672963571174302,-1.3703318601048626,-0.2909890446004774,-0.4737383725575112,-0.9424691226195266,1.220959138655155,-0.8765965191134267,-0.18829575054185843,-0.910314379928734,1.4574570969145701,0.02160307106940724
-1.6444610646974482,-0.27299686163152553,-0.21076330192425252,-0.7438595330604638,-1.188503350608456,1.331049884722886,-1.5394809922655417,1.5532717071099746,0.9684247917771673,-0.9359533371436574,0.08007025151199647,1.503157861176427,0.8363156243398144,0.7226683483626957,0.016568108183897038,-0.8201290422651424,-0.44885698819823444,-0.928110651719497,1.3367159585406967,1.0440834496412794,0.6653693336784133
-1.0810497117886417,-1.448505386892961,-1.2529041499282159,-1.4580227112687982,-0.9143162168909086,-0.8549301986901656,1.0066276676009358,-0.3695288155311741,-0.5916785365083829,1.042843947212877,-0.13639942372265207,1.106946562219114,0.8921995455944988,0.1264616135053006,0.5345177122282451,-0.7648432930152033,1.5093332051745507,-1.5615309878500667,1.0640295303971414,0.9670750662414596,0.8796740743326262
0.3738920353288269,0.6206649506481801,-1.0498542827101824,-2.008328913954605,-1.2643214028245395,-2.033471912413868,-0.9269365726523561,-0.1844874869068143,0.6306768009163967,1.4116262243322193,1.0260170981084948,-1.5750794678400482,-1.6716283913727876,-0.5305551855765678,-1.9564109296233827,0.525181236369775,1.3722954032610173,0.7525323553152894,-0.6051935437799595,1.3932791082248361,-0.7967464426999147
0.9947280617330098,-1.356750157862315,0.604790085933778,1.476410109065612,0.10123930368745414,0.22098774707708535,-0.979421365260042,-0.7999416506534165,0.7768201004630524,-2.1017768253527263,-1.4047300831199496,0.8024564355773874,0.8553468155867645,-0.9436598173971492,-0.15958533382803491,-0.3387844838803801,1.1420472515415852,-1.753881452304066,-0.5831551936866395,-0.5703838463894771,-0.21466236357941587
-0.507072903671293,0.7370451241492942,0.9496693203670555,-1.1810768316663642,0.7030371299144986,0.20586140398357683,0.5390549594636238,-1.3249628713961945,0.3204791050779062,-2.0947659181345717,-0.6365912974556303,-0.7342776114129639,0.9011343983291608,1.535153140159769,-1.984223137714804,-0.41080248589775686,1.5247877819568643,-1.042506396124251,-0.4062084171837702,0.4160707557445181,-0.669958239882161
0.8866402610250076,-1.174981476008747,1.0235905977454482,-1.6311923409445588,-0.174259732523729,-0.3470805010912484,-2.0316772777570713,1.402246393975848,0.15370379919835864,-1.1378791734919773,-2.0752255026694466,-0.24347306121730938,1.4057496217602075,1.446526328423172,-0.11908407155045111,-0.44599814582426706,-1.370587061918448,1.1169726655983319,0.7959832191042111,-1.8841233243824642,0.38362987204038407
-1.4744803226150192,1.4235114356591891,1.3529611855930568,1.3885681751958174,-1.7425118534045243,1.3414217505363593,-0.06660046202203235,0.4109378657981706,-1.6986100489424325,1.0439608426673306,1.1005872383395185,-0.4660171893421606,-0.8246803644472406,0.5250174547698911,-0.7073770159191016,-1.1764510073287087,0.8358862014921804,1.2913837091251652,0.32822647688752465,0.24028843821354426,1.289191170483725
1.2736672695277471,0.44880104595092674,0.08788910626948256,-0.2690178871828499,1.3541487965409285,1.5044962815804068,-1.5016762779999677,0.4243516004090926,-1.3429185967566988,-1.6702043750705362,0.29629808073838054,0.4760761116189327,0.8384273417191219,-0.04548219461933575,1.2600668383991622,1.104425389656448,-2.2153674979518514,0.5348410193836696,-0.20296658558166147,-2.0824607534894337,-1.1254514452336009
-0.9785279182534915,0.45801010934233316,-0.6787854390947772,-0.09722412783400658,-0.460538940841731,-1.017448402929487,-0.04543927598282957,-1.0557625851848076,-1.2298707634745962,1.1219330313484013,-0.9542531958282908,-0.4175993090580686,-0.5219745631990664,-2.241488111188127,-2.0026220848357412,-1.1690697092406355,-0.19981482217575983,1.0013260421080488,-0.19318426101052324,0.8095088364434927,-2.0524510223324985
0.7516371335910913,1.4657535176112013,1.1790628173017064,1.1423625035399392,-1.694223849982656,0.11347989252094595,1.0025248728172722,-0.9548280759451475,0.6746024867454906,-1.1983002116392192,1.2620229914635979,1.2617496107787978,0.6990316282483339,-1.2261709297156196,-0.9104310673270785,-1.310601640345578,0.27515356536602686,-0.6945670797245902,-0.37314229293163503,1.3036906419264473,-0.2591404766086417
0.7623276594503395,0.45729404527707984,0.783617163370736,0.7025654391168775,-0.20272100545095617,0.5540464227227438,-0.9367387389784149,0.40460189103553945,-0.8006518490341561,1.5125945296541639,0.17104584546207444,-1.313691703030952,-0.451393318416241,-0.12190643530344811,0.8488958491848795,-0.21051703527017926,-1.3333873495929744,-0.6780305262367783,0.700116130679994,0.03185192831734415,0.7322329953460482
0.8035486894117931,0.5928853116922054,-1.3982325426675835,0.6238837868609541,-0.09228042111981596,0.630491926042968,0.24828515141934854,-2.001710610888915,1.3472016311849382,1.392654775985726,-2.0084756061021745,0.6428514244681363,0.048290038360548126,0.30856414521427145,-1.3712730413311873,0.2265288432320257,-1.1080774245816944,-1.1240161479745325,1.219565085187074,-1.0214802695737522,0.9511877201718574
-0.47349910816383595,-0.07358814957712784,0.2745782718645389,1.3769768610944504,-1.7942331521239991,-0.9580033689094166,-0.33120367694528074,-0.3635727781103195,0.04662359000116394,-0.947916321027907,-0.6911307462959253,-1.724285142148588,-0.0235739624854756,0.04566479349719642,1.3519928213601167,1.1081026420158353,1.0822083604976072,1.342926921673436,-1.9453407131746716,-0.9940078571994386,-0.50747497002469
-0.06376663901940408,-2.147517633843326,0.8380753342953424,-1.3080404160910903,-1.0905061123976811,0.6818465401888906,-1.199246447111193,-1.3476789233250515,1.0874334423721945,1.3493217388668952,1.1637131800690377,-0.44539512903750417,-1.572594756473311,-1.9046103483961283,0.25499479697515776,0.26486547251027837,-1.2099568196008923,0.4486178534485693,0.41992258069283334,0.16847484405667565,-1.145372399386202
1.3361757033550232,0.017539388049213622,1.1242617263756485,-0.243926541186581,-0.8959152470415043,0.9028168740058141,-0.5230031770090139,-0.2754938862186566,-1.292044474275936,-1.844918475782977,-0.8870677718073592,-1.3527618388729867,-0.24619204337721157,0.6033942047907248,-0.33945421316807073,-1.627674794789975,1.0308230722246003,1.0720153933392809,-0.6414464136193841,-0.7704033187877931,-1.0739987993546931
-0.8169100894069623,-0.15650463097819683,-0.5945127755905294,1.2576852727949315,-0.6705106094073778,1.4892906690712422,0.22611575274997658,1.4215155402148165,-0.8555162702552157,-1.3293202657402943,0.9439317035775212,-1.4270898593891654,0.1968447501407156,-1.7381897405019988,-1.423446322297853,0.15325010479972553,0.9648731874565875,-1.1596809787854947,-0.6936639915842977,-0.33018772717418493,-1.6795461826150602
-2.0754497056118817,-1.2314519239026007,0.3733346677167166,0.6550587829928838,-0.7594267259399243,-0.594498250098743,-0.27968776156237796,0.6031294081927249,1.5644689584679095,0.04749923179277732,-0.6169939216396355,0.14107802274854214,-0.891788954766375,-1.4236458527950644,1.0427107043803148,0.19031997387282198,-1.869897038294624,0.06954513179859194,0.39209945029403825,0.3470781233418517,-1.0980568440839251
0.5886719740813833,1.2245288359935331,-0.6975038113930981,0.31298400978978486,0.6688845184785538,-0.6394997412490994,1.5009125349768164,-0.4084218638450065,-0.7705799778482293,0.8450842967766988,0.1867930376571532,-1.498588419328434,-0.502709449687197,-2.0910567013741868,-1.6698652633570774,-1.1446048599440082,1.1165863341578914,1.2030778594732987,-1.7232948764752474,1.14018070800484,-1.559858323176408
-0.07554306817925144,-0.4712903400400057,0.6289659080312022,0.780755414695158,0.5867001806856664,1.135631034339841,-0.46279386260667765,0.9798985044883725,1.129027425966796,0.6574983804751803,-1.3769438534223222,-0.11000795541032432,0.5526080032838244,0.8978070188375308,1.2897142426468229,-1.9429777260642942,-0.2696133130813257,-0.741782364974792,0.09321128478814929,1.0427829684820937,0.7045751237584834
-1.1902312472431937,-0.4238797724674084,-1.2883579975187534,0.9455148918361359,-1.978737225873823,-0.5336287753543414,-1.2530618574267824,0.25930167704959367,-0.6891572844795065,0.5302209264209706,-0.16033529374276953,-2.0274317036658425,0.32272169886546154,0.4408439037734004,1.3657005787297736,1.2817206997439021,-0.07648020342195402,1.006780747500594,0.6353840025288251,-1.312185257055925,-0.8035899405403352
0.017418251129653516,1.2111387442106047,1.2927584220973036,1.1024009865126199,1.4820652852919884,-1.8048398402210564,0.8209354717298781,1.15418772015641,-0.8505299315323338,-0.025392104312080818,0.18137621353515015,-0.7867911176186481,1.0616628246929487,-1.2858587760844862,-0.2753175213584,1.3618566161308923,0.41094626111496513,-0.7271352377157413,1.2335012582009808,-1.1504678401999773,0.1430880539303671
-1.831236219122428,1.1990921380299013,-0.5775556278340523,0.8914187803948928,-0.5868476597969017,0.8861745254637081,-0.9072123525622056,0.8454144764984896,-1.9995301370215601,0.24315784755126138,-0.02742126752299003,1.0845487626198416,0.03524391674151019,-0.17099204228242018,-0.48530839206981274,-1.6388086522687768,1.2022332946841572,0.502815640599121,-0.9759057938183715,-1.0465986354012728,0.41832710843436394
0.017614450970165747,-0.6863463377727912,1.1876579602201016,1.4219438156928876,0.36039996571700567,0.6948507014367267,-0.7245370719903026,-2.021526541194569,1.2019049097596701,1.391370887829975,-0.8529637555167141,0.6642800241846504,-2.123492599700258,0.9971732046803499,-2.056868013466425,-1.147533917685822,1.4088559122690567,1.1155529482046265,-1.661684062042685,-1.8569566692877457,1.5538647247328796
-1.0180897045877624,0.038242206842703734,1.0887684169823306,-0.809849842028487,1.1895582600997887,0.06664101999039602,-1.4575907665791679,0.21702083224920302,-1.2217093726944375,-0.8243104072593621,0.7197173292893199,1.211596298331937,0.37452919730288503,-1.4379705539790055,1.341259853099262,-0.9061758129290015,0.5361959743388565,0.6368597274064521,-1.0592802718336898,1.3295824614148095,0.45951183275518764
-0.8290517246956298,-1.0074243211898044,-0.19631007949999763,0.8180065340464354,-0.2414738180249545,1.457688821256503,0.26654267944601295,0.025639572456838053,-1.0710324443840378,0.9017139657298742,0.8004445281390399,-0.14372432228254248,1.5684530883898715,0.38371357437049186,-1.1776716468939643,-1.6011523300721942,-1.2174082305230371,1.2600523701837552,-0.4472493654025702,-0.782690116627469,0.35500426091887866
-1.4216010787955626,0.4239254436599104,1.030383279520485,0.9942755034496773,-1.4710038590024204,-2.068356438837656,0.4883338856235899,-1.0194144715479598,-0.8769706821248596,-1.4326916793866316,0.4969229941152579,-1.0598605081168269,0.36157394573672996,0.16771198341322205,-0.2596044282652812,-1.6575661093058582,1.357008589514225,0.05152263284299827,1.2484733613805887,-0.008544245296884948,0.19591436045309243
-0.8435600881520784,-1.2782030125510806,-0.48385948726675554,1.4845949307541069,0.6432095148899984,-0.3188521889450313,-0.46811715634285705,1.3127665289829327,0.14389398498665212,0.8088717136405584,-2.0898068669762666,0.1673623289311282,0.038810960584348006,0.5111257405775611,-0.48718617035643014,-1.287437312051822,1.2455122050413177,-0.24399542613502245,1.4444790079630743,-0.49623639587763785,1.755647619395619
-0.5405122232286799,1.077310037150845,1.0868846182482284,-0.5585309728209952,-0.6957527030990884,-0.3321872124703048,0.3799048619559829,-1.3080599395773944,0.3423528677110318,0.7474714209646315,1.138249088065453,-0.12171119150695461,0.7506613653102573,-1.404212767149189,0.24719329762128814,0.6529865093659897,-0.21128225631297012,1.0184721197415316,1.1406303382892358,-0.5056748135579758,-0.11572283881053681
-0.44763213270359126,-0.8061882296009765,0.9615890801772322,-0.6012451474250318,-1.360053030394324,0.33199894030474447,-0.6901757096793375,0.8251664660695813,-1.9289931923523462,0.7281393263543329,-0.17402924407412437,-1.843068245471304,1.1805249382873153,0.47461217172183784,1.30699656042379,0.9087677459774575,1.2487812826202935,0.8966934800836156,-1.3033810959427272,-1.0226787778873188,1.260812705967256
0.1377176100840152,1.4709132623527625,-0.5508895652293019,-0.7438438506977892,1.2329322597386314,-1.0236303211024806,-0.568938848076742,-0.20469359362543527,-1.3865637443903804,1.3373948661311155,0.19458529422870877,-1.0547316516454865,0.33259062219252833,1.4648421109265062,0.673492081133358,0.3381586735898089,1.049935906206997,0.6345820054630333,-1.0002311201258876,-0.9306140813967151,-1.2630948892532816
0.624400525330684,-0.3147671353530327,0.3774764969868908,0.009650887070398989,0.37836473858627995,-0.7800089127365292,1.1772069285507332,1.5299460618364538,0.999814485230311,-1.319744483727996,1.4475259296313732,0.47115422045304217,-0.2405326070120659,-0.2923368973417532,-1.8602153759990425,0.3440221693048178,-1.159584144449272,0.572960003889996,-1.7056177146256222,1.4114293507076454,0.30800390610378847
-0.26765138582276793,-0.8413880214608797,-0.4537201907237803,1.2060904019940821,-0.19845126610032976,-0.7264206490598303,-1.0853196085983925,0.9379937997658767,0.057650038052243086,-1.3508456656668029,1.0656286696239725,1.5179076549851684,0.2987344891177084,0.36385375055070757,-1.8442022629932138,1.0481341559053796,0.666121557107955,-1.9763947113327942,0.6294605141994434,-0.8414430662006888,-0.4578882779109176
1.1759450151821533,-1.4769887857592205,0.29456975181966255,0.9629865941547429,1.4721983681213555,1.5343469739886129,-0.1246282325696172,-1.9741088755821756,-1.6238227703121864,1.3074888988221391,1.0176664750262137,-0.8287387583855187,-0.6221389862774075,-1.4256251462654776,1.433874047313528,-0.4217677341244336,-1.071540078270641,-1.1110476533440983,-0.07342110127824246,0.5077415568631084,-1.129399492308028
0.3796953501723,0.5867900428655696,-0.054666538305513324,-0.28085522375210487,0.12179800647201884,1.0755101447866922,1.0932610243147503,0.5856385679588985,0.8027065496447744,0.4470963357199259,0.6959420096308035,-1.2297769622150554,1.4642308278307425,-1.1943298836911787,1.071769292717586,0.24633115220767846,0.6000265721549864,1.2862235593967641,-1.0082096606775055,1.1581563872349157,-1.089023367256762
0.24598576720958354,-1.5472043259368888,-1.2987422339246129,1.4632321513734936,1.513567472502114,-0.9335664529359841,-0.18308824682979385,-1.1703557026570282,1.4660954461476707,0.05793027643843079,0.29835849798542846,-0.15236193078305305,1.2474619542683163,-1.1698999579210962,-0.30744590615060136,1.3217976670379468,1.0867123427610286,0.4810081289855509,1.1821104320116496,-1.7114122188855083,-0.5254709164629608
0.16560675459305424,0.454613538499745,-0.2773866407915624,-0.30217698188159,1.4385004592824593,0.43799945767719883,-0.4746208519747121,-1.2372610781500724,1.5840478910307467,1.525294174447423,1.004145123228953,-0.7233454170215463,0.2393581373328965,-0.6816896662373362,-1.757473537962175,-0.29486106097514964,-1.3238073444272394,-0.17159817647661477,0.39029919478453573,-1.6600070091253067,-0.19998668507046166
0.9829914744788122,1.0902528998031296,-0.07669537754692159,-0.5503646644589435,-0.8018423724180445,-0.1958172327320941,-0.14100662923004828,-0.9571098443787395,-1.8806733432907328,0.5835325320625632,0.09744741516397215,-1.342374464096292,-0.036607477499976435,-0.8948905425575802,1.4745737675784878,-1.3004533107406022,0.9999051535444986,-0.17242926075160378,-1.098372057085705,0.3457686924748084,0.06396280427357937
-0.6955472076276552,0.48227779466092957,1.5282896817002722,-1.526409023704003,0.7043433564003097,1.012423821364498,0.34180592166145246,0.4940577114983234,-0.9014763818005713,1.1762938828048422,-0.6452441985537167,0.34052667153359045,-1.4333369876392503,-1.1896247362639907,0.5062455006305473,-0.6355832267172803,-1.5760589827311053,0.5915660449655494,-0.06142016950692555,-1.3913595258348954,0.3922130116241048
-0.14764498939625265,1.1323561142428988,0.8078556436870649,0.5693618662050528,0.8779656542845692,0.9700308397884682,0.14671889397362511,0.25258320656371425,0.4834701461901985,-0.5674832227048873,-0.6325235938730186,0.17151260852133324,-0.5874104621599785,-1.2925933782305425,-0.012316116685295775,1.2163101617432142,1.5610575860317966,1.0567465427386793,0.6172346468239476,0.08400338149047501,-0.15930599168274323
0.34360021289892145,-0.3285758000443826,-1.3996865960313123,-0.6292257790190807,-0.909791984859593,-1.013483095856392,0.5496074843964558,-0.037936658565961054,-1.3338170122810635,0.8182372326094385,0.8876657806384385,0.6135417652961737,1.4124305467984049,0.5745000094430386,-0.337759974755178,-0.06479673120195557,-0.8528116901250933,-1.0536361398669034,-0.07545871090965048,0.35619982277906553,0.057350041098981695
0.7842885542668373,-1.2664661759953806,-1.2523463430159738,-1.5493909655594191,0.8913377628694823,-1.4408528093499244,1.0032736223899539,-0.6373719262897757,-0.7702343268959237,-0.6276734984516054,0.7764148870435704,-0.5981928984319915,0.0035740065844497813,-0.11729528297667298,-1.9393465312318963,-1.496271540502923,0.41807888590214803,1.1854240784271883,-0.6493763311449993,1.1888585394057214,-1.531677701252926
-0.606078796634845,0.8965558913310846,0.6739028376794312,-0.16660664605704675,1.524981255555095,-1.3679843472085125,-1.2216164426156717,0.40841475105521724,-0.33945496880502873,-1.2637333237826185,0.5916060148185799,-0.887742152571557,-2.018515357665618,1.3408833517574592,1.285604945858922,-0.7006182262948673,0.7157403756276889,1.2148658988305896,0.5689396959897971,1.2515418552800819,-0.4739679120358223
0.8169675319095425,1.1855715085847236,0.6496835272022968,-0.446663705586765,0.12814786232531433,0.5757898241652589,-1.008375219523389,0.6323240284044871,0.48910634240109196,-1.3970160904378628,0.30987619405724476,0.9192304783749949,-0.21980668729618832,1.4977696142845,0.6207546189582215,-0.1857091066803087,-0.71587680487427,0.9686855694177924,-0.04493702123010437,-0.7467658838139822,-0.361110235599475
1.2118542594133257,1.1735303128202197,0.832732304433283,0.3733291678582201,-0.24053180266474977,-1.046170076132182,0.2917565333937818,1.394459078915661,-0.7230110326050108,0.576761903598825,0.0024420924173040766,-0.8936995662888035,-0.6877751752855621,-0.666830979942556,0.5543010022345389,0.8579056243563152,0.35288645439511274,-0.025784301527083338,1.1002962918819554,-1.2616575173588258,0.2693606716338269
0.7155430355274959,1.282083735410969,-0.246084462987949,-1.5796983334569576,1.378699732512968,0.5971937673508693,-0.4349286550141812,1.4923024483374143,-1.1571003526954693,0.5430746869624911,-0.7918599414308362,1.5308847005218704,-0.600948959894535,-0.7943602831167491,0.6791489018753879,-1.9648546761534733,0.9637344161731911,0.8367531469104316,-1.9281068923099036,0.7342189547896477,0.8109108609906597
-0.3148318748327342,-0.9133533054146339,1.1150293070970427,1.3589928083350378,1.2098561622047839,0.8296547315107856,1.2600552559783569,1.476134375534452,-0.7238103924643763,-2.19751936646489,0.22321248796959464,-0.6213492368027272,-0.04278424450544733,0.22933454642324064,-0.804851018595368,0.6660144931014309,-1.827250795717712,1.4861278351451328,1.4727097634774697,0.6561115766568352,-0.1727202526472403
-0.49204769020963934,1.5247233327993912,-1.573443669236452,-0.18380772931937586,-0.4918243214564351,1.4875890096845217,0.4859458016375181,-1.6849198124766458,0.6397048369515937,-1.7713382012545618,-2.013610608771267,0.35444488148258996,1.2168677664843408,-0.13982827055319408,-1.106308968707674,1.1038604989610732,-1.3274333567597794,-2.039209680918416,1.2595199906553294,0.4195939723652157,-1.306158567579599
0.05853688326294465,0.1237838498786938,-0.2629228312653353,0.23705057192726584,0.24744665891139317,1.4476528938420892,0.22496410270305572,-1.5487797869629807,-1.4172549865671007,-2.208201365819592,0.4681138224292551,0.0015010091122585705,0.33365624448895775,0.8798775325483221,0.2446796906618536,1.298110059179849,1.3890023881278541,-2.0255135693758235,-0.6372897263818175,-1.6445450637119077,-1.401542129380505
0.2919635170956232,0.9704385635807818,1.353100757502,0.6307119901020339,-0.13992332655172623,1.2066940026458757,0.9596138253915272,1.2420990540105508,0.479917245622174,1.5301510953962831,-1.5504543681674035,0.6623371966717153,0.7083301118968818,-0.0709773414980744,0.44675689338300295,0.6537680806924339,-0.028244590971912894,1.371653714708274,-1.3125271245292462,1.203248045389506,1.761279304954206
1.0293860176093306,0.06291205151021906,0.4765002420028944,-0.08952580649264849,-1.793650468138269,-1.0060129815225805,0.5301496612097499,1.228776171280259,1.397007586849112,-0.48747519198290734,-1.1488296524862913,-0.050443342018980215,1.1421805578239033,0.7720399508466381,0.6396960401814931,1.4391766825968983,0.013328437065252295,0.9294506878922172,0.8187197405170527,-1.6393045350355464,0.19111910562902765
0.17426368140120232,0.17088033111560802,-0.43228329395506415,0.7410692364652242,1.5307127053590954,1.0251333211025713,-1.4296694117258357,-0.19224673892141378,-0.727017395637091,-0.24174635536077377,-1.6955069866190253,-1.0871731988657751,1.4677177763039013,1.4325909399957188,1.1970528415507173,-0.333472678977471,1.1144075224816024,0.46023863656829944,1.481914152367686,0.777909807239674,0.8664828244880204
1.2399914270803178,-0.2521696373519362,0.02082194457308362,1.2804077765182582,0.45018891361716806,-0.9501135581169711,0.8019522335036624,1.057174469425989,-0.11062382084127811,-0.13879646768004447,1.384666255421468,-1.0963473905318344,0.7109160503117785,1.482734253450389,1.2333976542038843,-0.8037616634837168,0.9718017800650629,0.0779307807474828,0.41262662018163526,0.40368440769467573,0.12426227836670078
0.7182103287670287,-0.34107055375369655,-1.6718448601442017,-0.3043906104702459,-0.44112006203291826,1.1876689649088714,0.6882452564069288,-1.206800769452057,0.05519100706087401,-0.4959238113006142,0.9523912890836851,0.6563072985519048,0.4538043308680185,0.004685956919708161,-0.5080620519120008,0.698451255883466,-0.17681767957053382,-0.07662347003334768,-0.7618926025525691,0.8671265371660563,-0.40337866363443864
1.1133828785751825,-0.6183019997226717,0.16222088454954828,-1.5435316492416147,-1.3713207030643253,-0.8279049427096142,1.1076691105553529,-0.5367832251276687,1.590967620912988,1.3085527053497779,-0.083529299444539,-0.22024886211683622,-0.5750394028171775,-1.5155456570383472,0.13201826403276556,-1.6048734778147717,1.3131564585008029,1.235051214177932,-0.4970054471177987,-1.581074428298503,-0.8482340392994462
-1.6581209533356946,1.1901029740521625,0.22883843512643537,1.3861559806411545,-1.4833323169023356,0.7213194466668247,0.14919527176596384,-1.1977578558767406,1.5800615595853016,0.8239168900343684,1.1949417121219401,0.7069300137204204,0.7422000200718045,0.8868750996751537,-1.6026996510209233,0.1334630351392084,-1.4140645798517129,-1.2456897037506487,0.6043175048974618,-0.7996023069729338,1.0886846071945768
0.2191067039910968,-1.130574332153314,-1.0178729971482783,-0.6111551933600518,0.4926290225271436,0.8860920204569782,0.599430312152919,-0.39471513858759716,-0.4693508260140752,0.4552514895983954,0.9134902402765858,-0.17118786109844727,-0.4275198591501023,1.5277852521845654,-2.091193505032741,0.1936872049939693,1.2284424265499858,-1.401914865095558,1.4880955154834332,0.32731414521745383,0.4858507120695095
-1.5663130034713406,-0.5635145563656615,-1.2173072345451197,0.7000092669812944,1.0893951612291783,-1.752156558498124,1.3434079949149889,-0.18484347835874068,-0.04846265431211843,0.4767394892795058,0.689689316731796,0.7756785123358229,1.4800419367684736,-1.039684481938272,-0.27640503375846665,-0.45598896007691997,-0.8539309197334852,0.09068379413384377,-0.09417044032466644,0.8555069370127801,-1.1116984253636166
1.3056916531941019,-0.013608249635960173,-0.6981826433024251,-1.0002346362812071,-1.6158209911353303,1.4197416514208816,-0.6646465310509112,0.0573214495355535,1.1268936026475773,-1.6355969177052228,-0.5851110789955896,-2.0851073372575555,1.174341178210717,-0.5928139970728613,0.9783842126481673,1.4281732178462425,-1.3526553614880863,0.25731550054288105,-1.9186445459360635,-0.5434095144899247,-1.4012331565034646
0.8583848716816279,-2.056211470089473,0.317932313905182,-0.9620141744335252,-0.4394509922230361,0.2980729859497387,-0.5872307504751672,0.06791742646905934,-0.3630758036931842,0.2780001368364787,1.1773927206193548,0.9472686402880584,0.3865384854845405,0.8666650106784314,0.9176305236702355,-1.295987766610726,0.15275688096234105,0.9844016761874084,1.278975621165184,0.7143070258364929,1.4388741163313572
0.5259322506916341,-0.505037466431045,0.13646345647802052,-1.0831916015540566,0.9121607422823353,0.7552177169372847,-0.5250158835209313,-1.718411770710821,-0.6349826624137215,0.49167605771260287,0.17355106719835403,0.6372886693334311,-0.9792927910965696,1.4861448424695758,1.3643267081545043,1.4302742463941143,0.440779866785277,-1.3043074671216794,0.15184794628247825,0.44541258941170786,0.6341604077500406
0.12394303412002794,1.1803034269545092,1.0942674485307338,-1.6520533044950623,0.23144744009030085,1.2183150359878598,0.6100531391173419,0.003956506552145029,-0.7301652090234217,-1.4113817370568742,-1.9231313362023832,-0.8834276832142551,-0.5784890730954784,0.5105495455934904,-0.33758875059961674,-0.6403128288484137,-0.6962298420525066,-0.07227613068986312,1.1709172054866892,0.822302461096598,0.18044585570525495
1.1057386348293297,0.8787658562267673,0.9604183321513267,0.7586194377235137,-2.0669256539469907,-0.5637150695470067,0.19776254012000472,0.4972345902554775,-1.4353233953247584,0.1998276056899166,0.36400738958924445,-0.956371070279498,1.476150283029801,-1.1290977962896982,-1.051932831766583,-1.4594632710674966,1.430959229432462,-1.4125865981816055,0.15135355769096748,1.2053662890990986,-0.4117624686448972
-1.946420068742975,-0.05845717525478298,-1.652468575070113,0.6949781878962693,0.34061404420261737,-1.0352181911612381,1.1690732682619556,-1.2889620853048873,0.477029230959874,-0.17001673978769802,0.5444946267250415,-1.3413726626979219,0.4154888039254399,0.11656980952875293,-0.5777095565703004,0.10494952454665149,-0.3240413342498291,0.088210012980059,1.262450555645103,-0.2912814237138252,-0.9997956635695474
1.279630430841601,-1.512186084094165,0.6794072854393535,-1.3116919321270548,1.4480340838657506,1.1423185251188857,-0.7155395097268811,-0.9701514100190796,-0.8156308428314318,1.4913978531310863,0.34571412565894943,-0.18998731095310423,-0.15247307501930785,-1.436307603905102,-0.16023579879782107,1.0504517556853044,0.8997033488805045,1.4502347187498879,-0.8460960233358793,1.0852368719976424,-0.5921004479636349
0.06999116954412625,0.018801220595514784,-1.6050228477487,0.8586939618008569,1.4741215110842194,-0.6421653979814539,-1.5064303327518043,0.1337168617332174,1.2978396273700157,-1.0508914508260654,0.604373436532982,1.5375316642510557,-0.2530407869517364,-1.1955155485663749,0.5838869024051353,-0.9324421984455069,0.02016330451986842,-1.300860150187017,1.2348530774538937,0.3108323521084741,-0.7814671658825028
-2.0121483260649216,-2.0160913687018,0.8180007711516367,-0.08904094324137724,-0.2382543567551696,-0.9215733176509346,1.132830893755082,0.9582839975783758,-0.13418655058450324,-1.871251587508173,-0.7334855695868921,0.9644868015396952,0.6687922718123519,-0.21402183848509593,0.8767211083621288,1.4434922024240249,0.8323133802787552,-0.8905088526380618,0.7834870129176628,0.9595723048810948,-0.23047880960461883
1.1978789346385905,-0.9017860286334743,0.6133726400441318,1.191741930967303,1.5154308520684188,-0.14901671254017576,1.4448305937408057,-0.39139459462044285,-0.47780264748811885,-0.06809004776035442,1.0433484372693955,-0.5599887429345914,-0.36937450001474814,-1.5621919926479224,1.5211768446477187,-0.14664227716421158,-1.3577493775837963,0.7736318269643165,-0.40515500234113694,-1.5218561685699243,-0.7334910866893443
1.0638927601672237,-0.029241718502739857,-1.6026218163448445,-0.30161652849860376,-1.6888238821831567,-0.537764060665391,0.6144607117588952,-1.2961293345261682,0.26279509093897085,0.07150473922735158,-0.3275068152792689,1.4267339914512809,-1.4664728736113335,0.17611697812592408,-1.6023488132078092,-0.5137565196835524,-0.14761034447417123,0.47351995172680156,-0.3543222871227962,-0.1526745613515638,-0.27339409966179995
0.17465943225432923,-0.18486391094022145,-1.83447060670457,0.2786811931405957,-0.798924395778343,-0.006677845083102078,0.07546205310230765,-1.0165944086732859,1.1444088499682323,-0.44347084742098286,-1.6097785256464598,-1.6017941119595054,1.131765357630592,1.3587917762605746,0.5023717325234799,-0.40794770404073044,0.4502112160498195,-0.40178853973768225,0.09689787170468389,0.4067970581376762,-1.5452463202824296
-1.6137640384575451,-0.10084139949912213,-1.7232796551478504,0.8364521942971889,1.4872214331113993,-0.26212721916157455,-1.3978189836166897,-0.998728338236478,-0.7304393620989218,-0.0863618289064656,-0.1781252446457226,0.8543665344824701,-1.7401386805527699,1.2746267549207355,0.4821282378149829,0.008320302785095143,-0.2157901694876178,0.9485793327113872,-0.6283464606201787,-0.12054655761173913,0.01350627335655012
0.6854706147961317,-0.9910489931440317,-0.06615543319910071,-0.06967672444239448,1.1026272099248722,-0.9143966403501709,1.475598304602396,1.014092081299468,1.3478641073791395,0.661940829755083,1.1565463451660722,0.5427004703769083,-1.3125865343210814,-1.4034519690718013,-0.5197561223742634,1.4576535192970375,-0.6931357467489033,-1.0077930421085335,-0.6927827877672295,1.4863286941476663,-1.1587045861372405
-1.4852777942081916,0.22989145558684929,-1.698900700788751,-1.4131711469398616,0.8826279119018065,1.251686469789177,-2.1493848700886726,1.3173260631850654,-1.0440841576679645,-1.0089994016213273,1.1752088761400428,0.20122139553137994,1.336303259502381,0.04088857925204894,-0.4375681532189807,1.1039446071065724,-0.9388554346151231,0.6685421929557229,-1.9770606612184125,-0.3407329357047366,-0.4780368793558307
0.24534158393494887,-0.4422950145008113,1.361802449797463,0.8238173767858903,-0.5220925215796892,-1.1154167523234209,-0.23333008296244181,0.8797003161686742,-0.7170229438941188,0.43157886704519377,-1.0626737305790481,-1.017273836509181,-0.7397580232487164,-1.184576831562353,-0.10715026505674506,-0.14122951421880686,0.01990856453943155,-0.7068744464881892,0.7883204260453269,-0.8081534640345825,-0.12144889381747374
0.3131168724592833,1.5564134579898241,1.0727378987553562,-1.5313457302123412,0.9573993108775503,-1.4100053437006983,-0.5833968123254938,1.2831089960647937,-1.1214524389224148,0.8078896167656865,-1.0923021164612545,0.7792233249517806,0.264836528411674,0.07122870784925507,-1.2055982511788579,0.876416840909132,0.13354592540101012,-0.7529120735975775,-1.0053361467588755,-2.0765493131536283,1.3266129203346047
1.0969833547930818,0.11891372502836839,-2.0017077876669678,-0.39796796198385026,-0.7868833571904523,0.39151994813367336,1.3654804639273996,0.26311292967029404,0.865422700896902,0.268482186625086,0.8678592042571124,1.182494256579652,0.3732176035569959,1.3088538133349046,0.07203248684069428,0.9250080170196288,-0.07027745655123942,-0.23849313255620808,0.6733854995401345,0.8369719309174211,-0.33853330949324906
-0.36134144751488395,-1.1156847922150133,-0.8767527588922044,-1.6135111542780451,0.4274172115031972,-0.48322507885842897,-0.643729651908232,-0.6607872029134073,-1.9210228893260755,0.5335681186131896,1.2354241582240366,-1.3731231150435443,-0.43851650239683077,0.46805664697372307,1.3817533365906973,-0.19393542301114222,1.5715068517179902,0.20765816832371195,-2.127656200286874,-1.5126646559489176,0.6642688766217528
-1.2478228232552693,-0.3913857386950228,1.5029987601354533,0.8474234306160483,-0.10804249599157767,0.4049808022918301,0.6668724191169744,1.0142073124395357,1.366594962528379,-1.3577820272994021,-0.44404487309699053,-0.11576427098575902,-0.39880881390756023,-0.6804265359776303,-0.5470442263992273,-0.09539135139266794,-0.3272806978393697,-0.01670527856124959,-1.2558967515214445,-0.10887634132200207,0.025238708534163237
-1.311315374527072,0.009524047918272039,1.538058729407134,0.3021776732909771,-1.1024325620629498,1.0000288829599608,0.030697884435951416,1.4938074152989893,0.7397901896135353,0.835394830342881,0.7275341535293877,-1.3651492801040366,-0.9278433326535389,-0.20185732645597232,-0.7219258611987666,0.7713540948615477,0.1115972640535513,0.42764654219033815,-0.07337042484790984,1.1268192789528633,0.5109607059931547
-1.2241417133465338,-2.168509012156883,1.2448285854589634,0.17102285626576375,-1.3408591988008023,-0.629297335581522,0.09780837060726075,0.44864261440364883,1.0349054811758005,-1.7434468757478307,0.7414849801577303,0.14088724021173774,-0.2696623886349753,-0.5233028398690889,-0.8828698894316879,0.7158243863552926,-1.9655180024608474,0.8688201938579286,0.11450696864567893,-1.667015050478687,-0.6539729879161609
-1.3628762202104356,-1.6874506579678554,-0.6422187827942387,-2.1033461735863543,-1.6582522891612173,-1.5728957565355943,-1.0786773069176645,0.029627126572875934,-0.550391834287019,-0.5481159662323665,1.4650002567512965,-0.47234239499098735,-0.20112209636804332,-0.639520592542048,0.5358040012938904,-0.5470078382257391,-0.1362505777603553,0.39740874187843356,1.4206497175679547,0.07135004668705498,-1.1781011824302738
-0.09492670839069228,-1.903231700095836,1.4262305114873304,1.503538231475817,0.29156715328459293,0.08617129099159407,-1.0362008691292013,-0.210322535483208,-0.6016135362442939,0.23021341804203144,0.45525009399471056,0.3376051711184777,-0.18428184636550815,-0.3455419285834695,-0.42095068665270535,1.5274356200890342,0.4268313224488807,0.30099922435198,0.7955185632349355,0.3841635121157472,0.7292175524243157
-0.40439981407592634,0.8171705374514472,-1.030998536812573,0.14638205767730839,1.4128627505919034,0.8522016164823749,1.5303131034083024,-0.9146086212453534,0.7742367426614797,1.3852801864083066,-0.45542770989932657,-0.7252409163410946,-1.6890052189550506,1.153951478049438,0.9799769238786948,-1.445882664593374,-0.9001518878688771,-1.0700000199619817,-0.6797414980272544,0.1497629797281319,-0.4274308339862181
0.25759102262564254,1.517404975606328,-1.1146377633720073,-0.6060787768325138,-1.1967250741830042,0.8574448230233433,-0.07665404131297168,0.2710322525899242,0.010212379650429771,-0.5120916010230054,-0.9011877490353506,-0.4150464011666218,-0.5686215292459038,-0.04087215918516879,-1.4285916076241731,-0.3219653118200034,0.696470563769376,1.3972996277673366,0.12366212932704733,1.3541542216416076,-1.0755674262829462
-0.22727238394197666,1.3790538533843262,-1.6208692348100173,-0.4106756617093629,-0.4978002817185743,-0.24858983424117004,1.3232989794424945,1.2340964530868952,-1.0026554641755874,0.590699440843529,-0.30724258905531665,0.9751405264544678,-2.0072140280550768,1.1849985739811004,0.26335287826515635,1.4321108279648478,1.484859475536456,0.32258770727506875,1.3336723798160546,-2.0694527168220485,0.19063738303679267
-0.22261657631092327,-0.6199727710137222,-0.4750480826034704,1.4902752351177773,-0.8228580591436494,-0.4741412232326731,-0.6139954246794964,0.38271338388078946,-0.22101436035942273,1.5264299411084352,-1.7009378561465915,-0.36548402296876153,1.5365479683745527,0.7919423143447476,-0.03877267417816106,1.3602398837677283,-0.5192096072095178,1.5116029703779579,1.4658691677740576,-0.06116320917889723,0.6633540936240012
-0.7863496897411512,-0.9445553855461365,-0.42543494571515905,1.1918748520855456,1.251547968557552,-1.605010606803511,1.376841314109355,1.3944647025002355,-1.725607699695926,-0.31736338376884043,-0.16015413976570553,-1.6633432341294885,1.5064231335460054,0.12512855131398934,1.164207544195374,-0.6500083035857667,-0.8628184673382546,-0.025791672649476592,0.4830967226108173,-0.13150787139732337,-0.9791734624376148
-1.3929715908012759,1.1210984263607264,-2.0704806562648264,0.5960297596774401,-0.5263468895128487,-0.4502569526278444,-2.0334659236747585,-1.9737965091465743,1.2241943937402564,0.5010929280961294,-2.0573167947675195,-0.08753893633291282,1.3219286078890526,0.26217378806380076,1.3006144864525877,0.3131359028177702,0.6261777484400362,-1.0890322113176316,0.43289756187626227,-2.134776509497158,-0.8644777421065352
0.36844194753715065,0.9314761960572306,0.3950667083414963,0.7288671820644897,0.5961192770752737,-0.08136325527863868,1.4660404159047677,-1.0066397826442155,-0.5347157334545949,1.518892767697788,0.7330495420364426,0.3614774104186084,-0.028638064320490268,1.4140817928126466,-1.4262053684348512,0.11418867859292908,0.9456993347739663,1.2190722436480337,0.05274272792353141,-0.25637545910501464,-0.6511517949735994
0.646528299551413,-1.5640220767289637,0.6985211163327206,-0.5158427162547589,-1.4105123903089367,0.5398681264176364,0.09333463118785353,-0.5227428800509681,-1.108384315855534,0.1899519902270865,1.0048713505976856,1.2224328186838023,-0.28444614451458383,0.44146591227607407,-0.9284784905376077,-0.30901707482627533,-1.167332542961102,0.7315592543218452,-1.4739923204349659,-1.4932253736730527,1.3747452896961938
1.4314582914862672,1.4892550391921924,-2.1121932426591163,-1.2148068263003529,0.12071060472807055,-0.05274197126135457,0.6018041888246886,-1.1944301987095738,-2.0831484501362603,0.6718565564714253,0.7728415030954742,-1.857602083583526,1.144348815500523,-1.8426932316425957,0.7923976951199364,1.4916278878629932,-0.2715270676781679,0.5011591032220072,0.839142795514264,1.3157956086963984,-2.7063770777886416
0.8569048456533602,-1.686884972738606,0.5894440411603051,1.1065217462882386,1.0940639219480917,-1.9151719140637373,0.5421665854433927,-0.6809260493748847,0.38003526637692686,1.3866952533402033,0.783647737920923,-1.0229737268146213,-0.14011444773442777,0.3320158876752,1.2087137696253722,0.962818096345563,-1.9020615946413988,1.3929488847635059,1.5077216242532236,-0.5862152502066301,1.7201692062133516
-0.6747247069020104,-0.6780634786525401,0.13154821001501302,0.8670408270482061,1.4307160763848725,0.8097085470881218,-1.455023239342409,-0.02748193922219452,0.12911570304059156,-0.9778097944183682,0.4984121711293393,-0.30529528201864775,0.06461255918500187,1.242725604503906,-0.7070265274284822,0.82429341647389,0.6226773094690153,0.4560171328499192,0.5062759278889273,1.4058157569729581,-0.11674984730678999
-1.8041907446520993,1.0806345437246083,-1.1071811917589636,0.21206708151964893,1.1911821719439586,0.400497945663406,-0.8666638223425314,0.3236883964948561,-1.5628526930970403,1.3629302030853974,-0.9609162393632675,-0.878754564857179,-1.2790096548291885,-1.7404234185660707,1.197356152058437,1.4924821564135653,-1.5351350191089563,-2.0726670248448094,-0.8117184535924094,-0.10778110945867256,-1.0485258001154159
0.447934689345544,0.6802089330402096,1.4474563735464658,-0.8468431951829736,-0.3663368346072329,0.20658381433986844,-0.5427002279999906,0.9731248790288852,-0.9495087861931858,-0.7822252678686162,0.5933926722227264,1.4735673805451512,-0.6439755838994662,0.3260230038807035,-1.6960460073150274,1.4311986184402457,-1.4100931654348114,0.3366958287935022,-1.0904911905150112,0.04452995253720094,0.881689352398281
0.2121611427208484,1.4918433837043388,0.528353667836708,-0.193499595619707,-0.8601792381389515,0.4221004069215464,-2.119521239982301,1.4281822380100353,-0.1675776681198532,-1.6492720586608436,0.3877886919189443,-0.34237598249061096,-1.1263227573828845,-0.2644265211657139,0.9376544198988405,-0.669345541530524,0.7143573054015839,0.08922007085998464,-0.41553256560440316,1.125410001162918,-0.7413840856951491
-0.16093342134471406,0.5864655287506161,0.9858001831581985,-1.6969611687024875,-0.9422380048968962,-1.2263949239344127,-0.21370541658013004,-0.1122819567277106,0.9893105838251721,1.1261193421656135,0.29265699843154125,0.2905350008202214,-0.9835507330281017,0.07275983594246453,0.8193989737533595,1.3763432156869595,-1.6272864680474641,-1.3172590276653948,-1.078804989759252,-0.31080119528175876,1.434220313618415
-0.7076557099534617,-1.9620383097786571,1.2687714278651137,-1.3792676965168402,-0.309514517223865,1.333807553507401,0.6060280030303813,-1.3443330658083026,1.340249889147326,0.3830151887315767,0.5545142700468927,-0.016724498206924995,0.7276883208080172,-0.7834144520451009,-1.3724289558233893,-1.0348418945034883,-0.15008316147086032,1.2694757035879436,0.14206236733632002,-1.7356337484025155,0.33433149991099576
-0.7483416585449914,-0.8357518393131994,0.7767668410638421,0.47524168187244376,1.3212551411426434,0.6371366190814189,1.2704122677638758,0.04133724485016363,-0.45694794324300037,0.15118796176488794,-1.0695211750298825,1.4791296249460284,-0.36341101511412305,-1.5783162682301828,1.3337952379050138,-0.621289376525342,-0.24929385712690574,-0.8584085980719501,1.447933545547475,-1.5246704873866666,0.5343818411943756
0.21535470509184626,0.8669152873312326,0.6147594704015823,0.7399517905633171,-0.13735610029928325,-0.8068703851106951,-1.4955500891063822,1.3498408600492366,-0.814767984173901,-0.2939113275646416,-0.030711130225722836,-1.008808761547656,1.3619604887683507,-0.583544495968887,0.32775525523480387,-0.5470466170762648,1.2851170870411073,0.5456441259142482,0.47073307145438037,-0.0504981691616545,-0.5647715661324523
-1.0539934770809303,1.2341074640762526,-1.48672511238854,0.9149049808385531,-1.0219175881053304,-0.8217498077452805,-0.9169639087271623,-0.7892662862101513,-1.8730971608266664,0.3711939112306866,0.5990926068795119,0.8626959977082653,1.2041532156277348,-1.0651323219722586,-1.4922813939911268,0.11798767637366125,-1.0908428447457679,0.49594628894726367,-1.2244598757971428,-1.011910465266585,-0.9675282432785764
-1.4287428740463877,0.8261576312376764,-0.1154298691751172,-0.4040373546274062,0.026690069994042488,-0.021052220911781033,-0.5607133708810536,1.4242426153228063,1.389687410858895,-0.326195479648188,0.5335308679105819,0.12707075153152628,0.432012958563122,-0.004021309357722993,1.3775255189641251,0.9417803771435008,-1.2696615923855945,-0.5290205820958501,0.028808264881107513,1.4113572406420465,-1.2997860497105194
-0.9666703225649834,-0.2573375385921019,-0.9156646266902325,0.950794096819345,0.6306672305544955,0.06584263692303684,-0.5819013255782306,0.7136575275755026,-0.39729819433201136,-0.32385996615858437,1.1952883713385154,-0.8611790651035588,1.5086575471594448,-0.8350629042533646,-1.3768265433942097,-0.4608671194350654,1.0955598540920957,0.8999430793448615,0.6913437041633973,-0.3232937447908092,-1.4695175592310654
0.24079742877727803,-0.16899245680610817,-1.6788392682413174,0.23139489160420926,-0.33095110810632045,-0.3151451400256172,0.33394650705061346,-0.6819658942801126,0.533272921078602,0.48244530647844813,0.07136201753126116,-1.2535654889757966,1.472528128375405,0.6912460685008187,0.2631938239844062,-0.5647699228391775,-1.5172904016450917,-0.543968789232015,1.202344559626034,-1.0686256030025731,0.2899118542717112
-0.3473661496248918,0.1022700446047408,0.9154408005462019,0.7763707806983056,0.14027699102498684,-0.6988218966741079,-0.8803673448527436,-0.9353978524235391,-1.6932791040328483,-1.0162358627734862,0.6206709296909639,1.1857416109906556,-0.43891954400411654,-1.3215694602516237,0.6980626213141611,0.006103857742056423,-0.034249535259088554,1.1478553212999918,-0.809693334440534,0.8086404025812621,0.047177866859082124
-0.3315506599045147,0.1438809713564767,-0.014406603807199568,-0.12089880570495744,1.4351927968993148,-0.7965159202181726,-0.3757584941722056,-1.2713321842021204,-0.42040303140273366,-1.6191902526751814,-1.7951529973979854,1.0809418494449754,-1.2113672267725895,0.0056195830138331525,-1.932048734625384,-1.359459845107554,-1.3694467259914187,-1.5337820895260064,1.2488075241379857,1.0531880671503222,-0.47371400743495795
-1.7796564583393837,-0.42451468512500895,-1.1587231394061488,0.3328886560763074,1.4370153359657496,-1.6669274856924239,-0.28442482672373764,0.8936349248771349,-0.5088175867988205,1.172107989964649,1.1908042985500111,-0.26021852883041385,1.511936813377755,-1.7786317631698159,-0.8902896866144607,1.2988951236018589,1.4230631004875567,0.3412494144911418,1.0912121672306876,0.14383168470160027,-0.9983714503777696
1.457318275071399,-1.7209442793229444,-0.08668107338502377,-0.019506165129670034,0.5056477575655873,0.5231469796818334,-0.26971430347642084,-0.3780206675777809,-1.1869945552376642,0.12020130825917215,-0.7544210166829363,-0.4727286165751367,0.0332680004187552,1.3708766587776606,1.168297538503229,-1.2913568639141104,1.1004244731247288,0.3136806893371507,1.3514621858033329,1.2798839725430309,1.2406154909488867
-1.9657682468655742,-2.0595113425434666,0.7509792548307351,0.36155081729333405,-1.4075947486799314,1.4346557574044059,-1.9746066926326973,1.4204240370491075,-0.035435872068580544,-1.242665956306969,1.1688422055455008,-1.6446872114907618,1.2358743594051083,-1.0106714699784336,-0.05509136967031364,1.0940467651702677,-0.16698076760020503,-0.43914015985886606,1.477175848608577,0.16771415961083574,-0.30815536847040015
-1.555455691773987,-1.8383407374122613,-1.0497203653014815,-1.4279680757497168,0.31441774967069847,0.3243298029265839,0.5683420817542982,-1.8362290721448271,-1.6287945574473863,-1.0606547282360954,0.48929059055947227,1.1224097412237133,-0.1065897999484894,-0.14963361118487567,-0.8800421981619417,0.6356070372566541,1.1453094183092405,1.235845156560482,-0.5295754248413531,0.013585331221213083,-1.572391411596603
1.1667897120238246,-0.24168959108644958,1.047861620881241,0.4817651877944377,-0.21304889457442364,-0.4026020699079552,1.2484677599306155,-0.08021283674955323,1.5899396047715497,0.08932344884642782,-1.3048178615760917,0.3945372511989638,-1.549259359952668,0.4264052502955822,0.38545829557177647,-1.147039528754126,-0.207049535018827,1.2738852389946833,-1.713075211595705,-1.5369148937526627,0.8371965556485994
0.3884149403877987,0.3853476064122912,0.7609920139069453,-0.20523582289312273,1.5066359055509588,-0.8443305564344548,1.4092217405537735,1.0240479300890022,-0.14242984012652785,-1.4840818384703298,0.5663207851596037,0.1751854036568921,-0.45513625231744875,-1.328352349568205,-0.8419633790480587,0.1444516702860702,-1.1036666550481853,-1.111587675807756,1.1968046256058282,0.08564666133341667,0.13464001365090608
-0.5745645557750196,0.8428792597800797,-0.26851776199831046,-0.8848159075750666,0.8997409266094087,0.8299826688552572,0.7749487191965783,-0.6220000596681982,1.1814314774722974,0.3521231644894104,-0.802752819830739,-0.3494483561477819,1.2327450080442937,-0.11227685500814157,-1.0682198514329146,-0.6833611403467285,1.064568189805888,0.18292030528794365,0.5009467516439327,-1.5666165396247123,-0.316268892269751
-0.15149801617209285,-0.0019584938526423833,0.127931193980824,-0.7596028146220346,0.11825987235834638,0.6470217901054658,0.42726605243859184,0.7843256959056725,-0.41271020529024693,-0.09614442425672833,-1.6782042491995737,-1.3604861261365,-0.4879426840705343,0.7453630215580053,-1.5906323193665677,0.2836055316046219,-0.35004355450160435,-0.9864542811879812,0.896058158837001,0.5752638811639927,0.6349209172139652
1.5488453300339549,-0.32939983195154315,1.3402595931669112,-0.2195478015342959,1.251490104359645,0.9447033785719356,0.06902682289387976,-0.4179267912838136,-1.3251050263921071,-0.00315747474915813,1.0956591035437226,-1.1158927965733985,-0.893292133815534,-0.23046883808559196,-1.5674773794765706,1.088976421979285,1.5140367723902215,-1.6004843894045635,-1.5058504017025955,1.1270632087156784,1.0931720214040508
0.8093863431599194,1.049194724909573,-0.17474583041928152,1.088480212508903,1.1627716555975252,1.24406107982378,-0.3867492510982678,1.3331489038160276,-0.3864938465457915,0.9666118878055299,0.15681743919215416,-1.897900025037007,-1.0951820105619958,-1.7633154681159215,1.3374272558252744,0.8640208680201764,0.09877003078274135,0.16576525274837123,0.02761693368414509,0.5667711947225709,-1.5784632619344465
0.5436660555526377,0.21267961690220605,-0.4072813415167521,-0.5068426827662734,1.0482944718270504,-1.200693861024779,-0.564032420500757,0.1273757843870306,-1.573122560966199,-1.515521248302117,-0.00979772412482101,1.449048510561153,-1.0697376180691265,-1.8884276663456685,1.2403739419750175,1.4371613941860508,1.565740748140125,-1.6925994946273948,0.08582840400256264,-1.1139990275597293,-1.3017602966553827
0.1784157427297033,0.9999702844620193,0.6044455997638596,-1.0397215822473174,-1.3595035130501751,-0.016838754978038564,-1.9590962284779412,-1.0695444072439568,-0.46868244171542106,-1.4500744624154343,-0.530129437084657,0.06803283576638662,1.579461164948124,-0.6893572117513156,-0.27939697341723535,-1.1991462136712046,-0.20409600548856163,-0.07989200607005931,0.19159587726888674,-0.7245620684463914,-0.8528866088581474
0.26734597710272867,-0.7708812651296103,-0.1023168817471899,-0.9179490720856557,-0.33492567462418343,-1.6074134456465108,0.2509618563963193,-0.09938631536615583,0.7690227918568514,0.7945563816775711,0.7925680113681873,-0.5573195632095876,1.1131894094027017,0.08333905072036887,1.0051261082271639,0.44664649522477606,0.555176227512008,0.868292498447302,-0.007449744013279087,0.29818584959278016,0.17442130015635662
0.7134118283060332,0.03761103989867492,0.6305551099767094,1.0467025614876408,-1.3018239606718918,-1.1167289711770414,1.0811135404837713,0.23598220484381613,0.6829398332624312,-1.8970345572360394,0.2820008641622775,0.8150147491846779,0.9081739327698299,0.4350928359712961,0.3328027449504735,-0.19889750518587077,1.527488966097675,-1.2894723641973762,-1.0920042777873553,1.2568840086897726,-0.45088026665718345
-2.1244264259287435,-0.13970300816759296,-0.7957261959812102,0.28505297694806225,0.36697134838902573,1.0164356277292048,1.4949536174499012,-0.20317997422189982,1.0887728595252941,-0.8344252316845696,0.055344989393093784,0.986238737684913,0.22725956185012802,1.2930146458871687,-1.1239524702032426,-1.7520815893198922,0.1056602088356048,-0.7664669193496001,0.3760999513031647,-0.3511729070888834,0.08697636963389782
0.7721904540845341,0.27251235607701657,1.1363499229774274,-0.07543325689677789,1.166546113199225,0.5956868244407999,1.3005578848109263,1.0395310939848732,-0.3705820448513648,-1.1790328482871202,-0.3116269001859795,-0.48969435145213647,-1.7924808873582256,0.9745389791633077,1.4099300648981354,1.4411389877604885,-0.04050013253717294,0.8067730506455715,-1.193048847712722,0.7867694782524176,0.5367909525525013
-2.0214374152545243,-1.660559972496089,1.0140006091144265,-0.02353752059536604,-1.8979320655151048,0.4069765507758222,-0.8913087728585817,-0.22943590578313627,0.943577706657327,0.1056932015719723,0.5675513148483389,-1.3062121578522492,0.5919256986038582,-1.0729111824223707,0.014091898661296943,-0.1350714342596076,0.5958556982839187,0.338236160386443,-0.09821224295202995,1.0887437125724475,-0.5898474726169689
1.248022347244546,1.4028629571935174,-0.006322922930284597,-0.17431997026455925,0.9014845381250258,0.29033615113227795,-0.31145600866941364,0.5451124766772018,-0.08330432831222416,-2.0976669067228784,-0.2273718250819694,-0.9960435341942525,-0.8253620792715921,-0.8437652004812218,0.8406306105802861,1.1958460456845164,0.30586776471652816,1.0543869427089452,0.4364961732744044,-1.812542437816878,-1.1013860407932794
-0.630443372400732,-0.057942424304934806,0.2831031426685949,0.4693231599346366,0.6730693462134754,-1.2644069484259994,1.3405403152770559,-0.050361956293302305,-1.8434107477779655,0.3913017223624704,0.9748806406665003,0.7213638818359366,0.3040110159980601,-0.2826174743814514,0.27563624065878833,0.5789879086540405,-1.2693619667307372,1.1703337420409667,0.9807509132774952,-0.3551510187131463,0.6164009024217295
0.210005430731842,0.7539885945197174,-0.2551175757218118,0.6562109561801274,0.766409148375973,-1.570174022680742,-0.08923832922592558,1.4930981846610638,-0.820358145136922,-2.1035155438997424,-0.8971734852225519,1.4671168535166792,0.19671870585714063,0.6599143509792362,-0.4111126212320483,1.3342264132207895,1.230406593129552,-0.8011355842712801,0.44748756884518753,-1.0554359590035047,-0.32172774545926974
0.19922969977939492,-1.2653503874917345,-0.9510914497946759,1.4210179672287493,0.7566897220111694,-1.2271093067385042,-0.4356855181654906,1.2210434386089652,-0.15056001990770823,-0.27859824158223745,-1.980602149127491,-0.5800814416653056,1.176927287187379,-1.3490198029792773,0.9970559716426082,0.1976192091633167,-0.28644319332410556,-1.5091925653312115,0.2126985214859571,-0.8640360229859343,-2.248517640474711
1.4433429492739989,-1.0109346193455782,0.9364973776389829,-0.9666084002908047,-0.875328629525573,0.33278532609204714,-0.07739833612964363,0.9769698521211988,0.8666318464808231,0.6034583789907689,-1.3971904470611984,0.45375087625122434,-0.7016592598005567,-1.9659322583724623,-0.9663762588591988,1.2619759949755027,-0.593977863341208,0.267363270794364,0.3248985867491364,0.8722778025777768,-0.35803470175025626
1.2318218861521812,0.6496445197490606,0.546273459051755,0.5843143001395505,-1.1364082745805877,-1.7533306629687802,-1.5447185195911992,0.16285497085858644,1.5268266436943203,-1.7871285739020304,-1.5637306134445164,0.3373759829578128,-1.2372189101866318,0.8786506755991348,-0.26265333195599216,-0.10325513778049622,1.0273171633314333,-1.2769025621912342,1.4987080172062994,0.47243070473260995,0.2859386031735331
-0.5350513722842182,0.05679934989615489,1.0520725825809003,1.02981096235302,-0.1313593557830355,0.9403708412183942,1.075639351817785,-0.12048571864330668,0.7616671391996024,-1.9012599176797063,-2.053920634246345,-0.5703823198737625,-0.22939993552305418,-0.9550304789059034,-1.19462565222236,0.20538961104674583,-1.2307358817825276,0.2190128878516214,-0.8962510981031349,0.796698791671083,-0.42392784969682556
0.48841293669645347,0.14227688714337636,-0.7307317402464892,1.1537531785623851,-0.3182771409965811,-0.1620783166497114,-0.7976208290856835,-0.2549623541030405,-0.22262317867345935,-0.464230298875461,-1.3851436684170078,-1.1956198784445136,-1.5240181485401745,-1.1006140245361604,0.38469108692201653,0.7448654703260024,-0.5778402350872024,0.9236487034793847,-1.2524111848226025,1.4769310328318024,-1.3485908094826324
1.0439485473978123,0.495217850769213,0.10944122947200592,-1.6828131629694993,0.23355737005007654,-1.9251327528048416,0.8723808555539414,0.5243813026426054,0.07356066879600334,-0.6851100761851905,-0.5669727647299586,1.5545129466448386,-0.6436424814591729,-1.8160123461782056,0.652163040985835,1.2814193206485829,-1.8052943895464086,0.31870024358102217,0.661063874228089,-0.24858014002246598,-0.28102400011623857
-0.7473101258987178,-0.2601356796376692,0.24182548594313585,-1.602983885668051,1.3032255849448204,-1.147461233408405,1.096853021225696,-0.15541795702088596,-1.133046874228948,0.2390986602008069,-0.7011153912404018,0.9123775088569354,-1.9949142875282462,-1.4743815585213766,1.0464336008177786,1.3239581291253988,-0.7476730376400155,-1.0882794718542235,-0.5580282568803097,0.5306598474908045,0.05125692331796546
-2.05764899165299,1.1913032810267765,1.4722920770285193,0.28617792140437415,-1.4987628441597332,0.15339351854761166,-0.3437395278325781,-0.43603451071856364,0.39141007687026214,-0.8947593656920033,0.16938211811323706,-1.3318177394248754,0.39655648197541715,-0.5730584168066521,-0.5534214934203854,1.1914471013558683,1.2040264145518933,0.5291071251638898,0.781795979737238,0.7269514477296101,-0.18029720077013295
-1.5029684563966177,-1.5726253953039082,0.19697513350624418,-0.39417886241616823,-1.1745094135138459,-1.3490129821876349,-1.474898601568734,-2.114096855920965,0.7071400986908801,0.5987407583214075,0.7665604067596277,-1.0526451227193623,0.8503029380563656,0.7169620269305009,-0.7467583749339174,-0.010506572169618802,-1.319425168307157,1.244083683060438,0.8993303198895043,-1.8381088601737205,0.06251930182144441
-1.6021177927598962,-0.956600985330095,-1.4522743886804714,0.7480865868931924,0.7511369697440072,0.7079249211288854,-1.5804795267358056,0.5554480778864415,0.7750727098716932,0.4016714363312129,-1.8511170681366313,0.7819585665144707,1.271486223598999,-0.8067798140971454,0.7205065909085424,0.6501684611982107,0.2795290272511401,1.0974522249850733,-1.8840773584905104,-1.0070969348242609,0.04926717312605834
-0.8480742103458342,-1.1322411492010784,-0.20629329607516705,0.17084999386278485,0.1586970226970166,0.646596655288309,1.335709496219838,-0.5609642528913285,1.3226078708443605,0.60129712824451,0.17411049812538687,-0.4391583014420167,0.7232796665749744,0.8476575000938757,-1.27274834895956,1.0649882637128762,0.18943922086490803,0.7609273649094409,-1.0952325846222692,-1.5686095238030493,0.6542095232551747
0.4886698070332767,-0.08885219660581319,-1.3319398426543714,-1.2268715808103454,1.4783050719314148,0.2433136702024459,0.7771066050073216,1.4406672551480162,0.292357865320583,1.2503579619181457,0.7227859355074048,-1.1932372980163313,0.19125524539285008,-0.429636748379522,-0.46081085610239614,-0.4791195120856233,1.2142377828607873,1.1730877842031373,-0.5397402695415038,0.8414176691141855,-0.7552112420405972
-1.1542586828278114,1.380584224661651,-0.07823051621429918,0.6860084394361695,0.6410536341488103,1.5159453167917287,-1.381593300262673,-0.6371191601877296,1.5659323992545342,1.1989831492266856,1.3168118137585356,1.3101255651957326,0.6489184145705593,-0.352781221174746,0.7061785424117645,1.2274277197001977,0.503389030430693,-0.7928620840627559,0.20029776216037395,-0.7399055856458228,0.737507053701164
-0.6054017039476974,-0.4848227091227686,-0.4358272526071718,0.8205136205579567,1.0244615498556275,0.5683532434981058,1.1530087246329181,-1.3575335258068026,0.8981848176812741,-0.9345503039531873,0.01120900371050273,-2.169287146497562,1.114892560465958,0.48564350349441227,-0.44535029306014157,0.19085039340654134,-0.28757891059540736,-1.5458739836240887,-1.3779866990915308,1.4190703793924746,-0.9544090853113391
1.5459736395396002,-2.0590369731431934,0.6257869104793893,-0.42295082442515014,0.446119784310056,-0.030600380335001457,1.4248019989200535,-1.5071435307831849,0.5978056517888144,0.8014866274240697,0.7168709688360883,0.3322408688020165,0.07957804676403017,0.5492926317275726,1.5119162121349514,-0.310101092387505,-0.4488843881374779,-0.6061834662051315,-0.6798652039419362,0.014965576601422576,1.3068862267960886
0.15946218406096044,1.3730384093510977,-0.4045148776067695,1.1987188064608933,-0.972667227117987,-0.3392075768927384,1.4543166579797688,-0.039883354296338935,-0.23050154729548272,-1.8782301562015462,0.2897293389332074,-0.516462123582776,1.5024066822259707,-0.8411728107060891,0.4560704061418087,-1.1173774120650801,0.9569959671545804,-0.02302324654819579,-0.15144335956048818,-1.481363881775788,-1.3027957920528808
1.0344495440469137,1.5134889452537401,-0.4148120019809102,0.15822792619047277,-0.46276277240586444,-0.14259138140471087,-1.3044324245763619,-0.5767273360185772,1.1767638517806578,-0.22248529708153683,-1.938165630902162,1.4194116085031143,0.3859183173803118,-2.0392929014978254,-1.7709263286134602,0.4296451914543152,-0.4088895967990509,-1.5796387593253516,0.08581162128066765,0.777364075289052,-1.2992964769497795
-1.703210063916348,-0.10712214267182255,1.3396363722260933,-0.01642435532084407,-1.9274540387408705,-1.2423316513083547,0.12971738027718488,-1.1244335106171086,-1.265964336135342,-0.8152136438303921,0.14417301248401754,0.6859203376776092,1.466223197932002,-0.5746292388695683,0.9567125723352456,-0.00866535222545916,1.3363122816951463,-0.536608414235447,-0.34931536579363925,1.1463321690187351,0.23150013814398473
-1.2291620990156955,1.5091814290865382,-1.2729321063475605,1.161684134622369,-1.2164693522743755,1.159223685176561,-1.1864472533410866,1.333312783792993,-1.659941948749279,-1.6160963919934295,-1.3284743778126202,1.2612520425584928,0.466538850795803,-0.816350594953293,-0.7873447973991786,-0.46035921818690234,-2.102889002412639,0.34713869193648145,0.6836132346639029,0.38596626284148694,-1.3141723349716117
0.22407334236829768,-0.3266384737166382,-0.3559309726979699,1.437941278016072,0.6707893718027036,0.6473341592326782,-1.392324127845914,-1.8823464338218614,-0.12299916272447348,-0.30660428077476654,0.8835848690496051,-0.12467560403360722,-1.0983468601760396,0.8788779337833666,1.4589761772100422,1.2473525642292314,1.1321082124720516,-1.0339154094101777,-0.17174283215151187,-0.9690425690209074,-0.0005172206574059698
0.5298790787650236,1.1086907690659666,-0.6421685792537933,-1.7556096925310405,0.7606349766960244,-1.6024620681959778,0.8613184598850315,1.188694721492978,0.31224147735764357,0.9328272292706449,-0.27688610295895794,-0.33283208299086714,0.7620722794400292,0.24342400873162792,-0.6375775305365342,1.4224892501867614,0.530530439544105,0.47450170544584813,-1.7081506893941385,-0.1393516810856674,0.6809351162331639
-0.41937210876334313,0.3125814312147316,-0.35377381457723384,-1.2536814427495473,-0.4119776520966704,-1.0602714009775016,0.9052201381305305,-0.46707082307367104,-0.4458914133795527,1.360991997090009,-1.9962259344497653,-0.15230739782010266,1.0692091320393455,0.2048024685110673,1.101800149746717,-0.7596047107690145,0.47582161072238877,-1.1752909108720713,0.8391969446406259,-1.118341950478405,0.9049213851226577
-0.8579963517829806,0.17623297471005714,0.6102865642782217,-1.1551275043979932,1.1607947520156117,-1.7575555619681866,0.9348162198089638,-0.8777920399361088,0.04908163527318319,1.0453012620366426,-0.9442970545102611,0.5786092776309063,0.5962964235900055,-1.3283897331043018,1.5428832439529356,-0.8967587739496007,-0.5937442124706916,1.0188422776722574,0.04059823176254318,-1.4746934017512194,-0.21568513981791648
-0.7911319752824157,-0.3859812667755628,1.456966698000725,-0.9934495690045608,-0.027684647443433137,-1.1818331117918444,-1.529228344262187,-0.955299457101854,0.079934758894183,0.8966042978438454,0.16565795358690635,0.10979611210855773,1.3821241884734836,1.2026018258159057,0.8202258581869041,0.8561532716077489,1.0324221493447776,-1.777148828687694,-1.364191727221102,1.3240161182069248,1.5289299262787495
1.4215428728218922,-0.5380076168058988,-0.5863110669066467,-1.620456188177345,1.2435494168900936,-0.2986063512451612,0.24772940886787623,0.0633402441117083,0.30548811597788444,1.2973479228445968,0.2539000736692394,-0.28723274089347606,-1.6231375882019985,1.4008769234437222,-1.593767923544375,0.9933636225176502,0.886611570793962,0.7137037678207659,-1.9204091877359852,-0.41780825769392604,-0.3063884319504544
0.19224014430831554,0.789338559633638,-0.007537960468384387,-1.31033298787937,-0.3074169961612483,-1.283388289893364,-0.3940185694952446,-0.24458077061906847,1.1601064804370707,-1.5848397347326468,-0.4498819723628287,-0.2769591220847193,-0.25648805102731487,0.9801245778432722,0.6855715929818308,-0.2037411989519804,0.2486900736352178,-1.9763401914743925,1.0497386360030627,1.478747771906042,-1.1984814857688482
0.9990008677164566,1.5141340501576381,0.261633733132374,-0.6269005632090353,-1.8969634318718278,0.012846220413956791,-0.9058054233300369,0.5406545346291179,0.7535143530905148,-1.0012894452578693,0.37579222576015225,0.6021826004556078,0.11726231841591767,1.290998279435762,0.873899315277855,-0.7372921479327937,-0.3486556434639915,0.3019357810345043,0.642325804796458,-0.5974499920699934,0.07852150015192022
0.7798273850125242,-0.7235758216897689,0.8835242148323553,0.5667143691392719,-1.2513771654225045,-0.5750865638952707,-0.33865479014162003,-1.1233698527305787,1.2708038755724211,-1.4387277801426763,0.43473979869853596,-0.984259891361468,0.3791924331604881,0.318096736356048,-0.8927464865358475,1.0579572883499058,1.45267997432495,1.219326937518087,-1.236635314204063,0.36260534178698706,-0.4775862263114705
0.23599679364084952,-0.37692163736599643,-0.24759773626195225,0.6976556285342163,0.3403871443555775,-0.5421874509469636,-1.2229694887191702,1.21437651820583,0.932949953340519,0.5928828121768733,-1.1730979451527201,-1.9346359530210309,-0.04628507962568373,-0.8070370702572894,0.24872980062305117,-1.3687048283759833,-0.79173129702279,1.29807249254631,0.33156503312483493,-0.19197426120667224,-1.1746127694557889
-0.4687993099313569,1.308096772654073,1.051978963753092,1.0469852576866683,-0.851384258265246,-1.20279940232511,0.7677800895135337,0.7431372322576966,-0.2271760317056585,0.2259648621209599,0.0025127930318557213,1.3244180838292752,0.3319310891766865,-0.1166193550702521,0.6532867536676463,-1.6702985695603172,-1.1526946532971518,1.0241381983706215,-0.5088985433389805,1.3520302119444563,0.6483452818119256
-0.9836550421352022,-0.6964266703863049,-0.8285905113341328,0.002295492804494805,0.14432949307244525,0.964051370791572,-2.1385610855669177,-1.108884842913974,0.3209478783048523,-1.5298758109267747,-1.571847893997701,1.1894746588014427,0.33527459403041654,1.0501818860328036,0.19783712063705397,0.4167784436866844,-0.237967972469523,-1.1486651817451987,1.3409378391860591,-0.15184741555432493,-0.6429218927145093
-0.4509847553638538,-0.0003900585823983174,-1.5367473764192,-0.6944843867270383,-1.4051563104330123,0.24067604985713434,1.2907942999830462,-1.3430956752895804,1.124561963464927,1.4181771742257483,1.1377172137642355,-0.4343477293264874,0.778813948093782,-0.2885771501301664,0.1435620013292991,-2.0516029450194817,0.9482787665408423,-0.2970700858744506,-1.1164435291257457,-1.325321257232492,-0.7846750121728433
1.4406012028646864,-0.5398806661856922,-1.5993922754206706,-1.9056933548875925,0.8335025471019936,1.0091702922412793,0.712352583039573,-1.0513835477514564,-1.315817678695784,0.49192925968433776,0.5645997121733267,-1.4091045583740136,1.4929820174421236,1.533257650826867,-0.7543660643092813,0.6463346843205975,1.3694180213889284,1.3558259694931976,-1.3390154740973224,1.4886644030091545,-1.0939221391468592
0.2807334723484962,-1.6561573267211072,-0.26038872551126013,0.711616858914139,-1.1377299685315467,1.4871046509348644,-0.8406778583999026,1.1115947167082332,0.6092318930752199,0.636792540805488,0.3011011954626412,-0.3489130715340928,0.8130192840626997,-0.3439145003647517,0.18001159606485306,0.9372911568521389,-0.9740484790411132,0.0540536226884201,0.9921634428058608,-0.7068143058145396,0.2961687018966051
-0.4321370814015838,-1.531176464793099,1.1241404473495547,0.7905472304520758,-1.4455881304988492,0.34573862060248506,-1.4515824988681545,0.8447779177191271,0.015565564915963252,0.5829038777338584,1.257086812456372,0.09516304241395211,-0.026055501267521017,0.9464764920080234,-0.8986807711231417,1.0089475785640787,-0.7092942880406073,-0.5675841211975565,-1.6479237726839673,-0.7410098948748375,2.000022515883453
-0.9407364770414408,-0.3369973933781911,1.1377531109631174,-1.4308598904006273,0.8482093941689743,-0.5812857999215226,0.801386949047186,1.3818125357980715,-0.07876944030246798,0.6182337002334547,0.6418762161388556,0.6718118625128735,0.927155228316898,1.260199657941271,1.545992338922589,0.5626016151600508,-1.344377652828667,0.0985167961545476,-0.4161773951065563,-1.855560925139413,1.5378154161728896
-0.0736820554263229,0.35975383836356145,1.1645489688766826,0.44953668734221885,-0.12681823214487267,1.366450897004019,-0.07600785353114048,-1.914366124551588,-0.03819285134460823,0.38899442897435266,1.2097119429295564,0.8977016671745441,-0.5763490371736966,-0.483519469772587,1.3000836779494132,-0.9500989979085033,-2.0329556716290074,-0.5659507644740737,-0.6681541692561682,-0.009191411850864833,0.7706545441907767
0.3281453933890968,0.2613739353781362,1.4978833175962203,0.24982745982133459,1.0542481349670014,-1.5796003797092557,-0.9885372688996648,-0.9206633603893082,0.4016195348439267,0.903831991879236,1.2726987627927682,-0.4414443547573561,0.8239185081382118,-0.8959274980559886,-1.253763163816984,1.306419942513956,0.7475463691242658,0.6708933116798758,1.296383951819218,1.2597992241559033,1.1374439687156235
-1.6613183576306039,-0.46722038485902917,-0.22629480314535372,0.7309587992795493,0.8572559204632599,0.30788929240430096,-0.9910747995821189,0.5322518542523929,-1.0963000712234598,-0.11900605559903146,-1.7866485548396334,-0.5556533911782328,-0.16225951737795166,-1.616036435289587,-0.6532133291501356,-1.8911761312096602,-0.33920766845855344,1.382796365641175,0.4634389825572284,1.1353827684333564,-1.7138415366126298
-0.10423009698770092,-1.945855031298499,0.42334168534195277,1.5301283065089124,-0.0022642059551404438,0.1751315883193374,0.042322224258132916,1.3079563831818133,0.1274124579710266,-1.2596105681879588,-0.3050116890353805,1.2040653648054738,1.0073722037896735,0.8647625108700736,0.5161752870387654,0.41171091985693015,0.5343655801872691,0.996840787331007,0.7064091040313588,0.6828811138199941,0.7072308606135096
-0.629956539031606,1.2517257393640286,1.16982605366348,-0.6499580132655104,0.7805664966787347,-2.004622505757482,0.3803271788768051,-0.882224994750588,-0.10603707332808604,-1.5250938271359344,-0.3987303841053662,0.39761327144360675,-0.028679870738869243,0.4094532047259345,-0.6263715400464532,0.7017156636557291,1.3777236455740511,0.4091836254850023,0.827644235742764,-0.15152833088635337,0.14971869637003155
-0.35231035675250616,-0.8894830833553669,0.7453089029889824,-0.036089230370104065,-0.9226151086542707,1.303208974996045,-1.3001622523709628,1.0377470719367943,-0.9925936436627337,1.3919457258841783,0.7514033027027573,1.2246240673365067,-1.819561558315392,-1.3992050175853215,-0.5261146130152787,0.8740903741997503,1.56164178032238,-0.3118024248716313,0.6984413676404787,1.2437396132640086,0.1465518644571939
-0.5300041372425627,1.035698832492294,-1.3468660008707483,1.2511881021159237,1.1638188809763303,1.4638164286813091,-1.110584157298403,-0.673809597773538,0.0272219897986279,-1.014076781324862,0.026789271615746728,-0.6939801252314475,0.8121673796905248,-0.8218613158711826,1.1018990306661416,0.5478729234127208,-1.5309074727580037,1.146361648359165,1.2592345073610243,1.090027500346999,-1.4292035051195207
-1.4179663888400589,0.9448403892802877,0.18355595007374473,1.5361843705044689,0.5248427480243332,-0.20217342948919143,0.9480380788219178,-1.4643811601215309,0.8330245251374155,-0.6032774966966099,1.0902330185863938,1.4135752009078661,-0.38373038182184055,1.4318624341189643,1.0500800365295573,-0.7765833770557452,-1.4672336243726667,1.141825913137176,-0.41928379772252494,0.8836370276402217,0.6074284742021984
1.1899364301578512,0.13876468722662924,1.2819692752073812,0.9854806774046407,0.069251435913928,-0.6436856977046486,-1.7452811832323938,-0.40940302205200546,0.9218004768887889,-0.3008828789245048,0.8983225530384914,-0.9532525525026585,-0.18178553722550223,-0.8873333032242697,0.711586581421028,1.0395906059597941,-0.9103177967217543,0.16702277907732518,-1.6579308030644602,-0.5708140088115491,0.8864610680896828
-0.488237082159936,-0.4180427143399002,1.3745119332725737,-0.048396125356559364,-0.28563802093051555,-1.3825514916857375,0.06932923619973096,-0.5080985477807664,-1.2586589792043423,-1.895704211633025,1.315347779780642,-0.5472654176195866,1.4193060309324594,1.0339832407586944,-0.6352190999160384,-0.017880569597098415,-0.03068741315442914,0.6181361756894229,1.2844024376813643,1.22554227474935,-0.15961547208051183
0.8860509916465134,-0.021053111491409652,0.9720286939333062,-0.32307880478780965,-1.3569011344990551,-1.1605191550503078,1.4954457878030154,0.752369403937403,-1.474228882802842,-0.13344985415597865,0.8964424710813246,-0.14685498188846846,-0.26277523968804933,-1.1436514386740804,0.34333681231785634,0.17198387832174677,-1.8855847702120796,0.11231314452679546,0.864278129424897,-1.1265538635874053,-0.7415885041615876
-0.6535778931917202,0.8543879414612426,-0.30529981119141486,0.7188084150467982,-1.0669935703144384,-1.6944512711066477,-0.04401363033172218,0.2279452962965115,1.4636579419486155,1.3554894364769896,1.014856159768147,-1.2785923052753103,-0.6639087363759714,-0.6861011078340167,-0.1320982195737505,-1.129152349364095,-0.3165253784670383,0.9316284334537187,-0.44254002024608713,-1.2422213955281205,-0.20719491553322275
0.6341243241478923,0.9380148231942095,-0.4119496393218893,0.33500378964235994,1.4714462762074962,1.2393266058655694,1.4115002910100565,1.3595844184192345,-1.4343928128282304,-1.170522281443956,0.37778267771448304,0.013918736729429589,0.8820221577124467,-0.047303055545111106,-1.316382635439374,-1.4704684249899325,1.049347171795946,1.4638157055194332,-1.7762289954823665,-1.3511225297426732,0.0004838834182901544
1.127697114858906,0.01628928626308178,1.4293461995370986,-1.394651205257664,1.1680926823569613,1.444053944064537,1.527689795604153,0.8326227605442592,0.8351301455136297,-0.10729704909150173,-0.2372753156176421,-0.3915064641461508,-1.965548003288244,-0.6416272557192004,0.45341542672222307,-0.7557785162545028,1.093439246905077,0.1812713040125891,0.49082492949894335,0.488146830070518,-0.00846519839868256
-0.22564581067941533,-0.8727742878045222,-1.6394522741999429,-2.0499385967888957,-0.8390391667866245,0.5583914439051337,-0.9674584340209441,1.2765003826428991,1.2381935458108912,-1.3923297560747814,1.0161838422353637,-1.0426841461017027,-0.48238428377303094,-1.499395088619833,1.2866525381700453,-0.7885973884476591,0.2309859822402661,-1.2804063631290892,0.18692991179325832,1.3620677866033584,-2.18794974901199
0.19544579534217008,1.530372674656423,0.8625813675071993,1.0015436635348234,-0.014157505753941408,-0.18724640956493024,-0.5311696492608804,0.9084534838727155,0.869170877790556,0.32438073466722833,1.2066183143776776,0.5490157714970234,-0.10729131376111681,0.351886976817444,-1.9727186016116134,0.33739864929079866,0.9036447365062453,-0.5520279455106122,-0.5294629325194354,-0.3407045518518282,0.6287928066742711
1.1440890733940023,-1.6657623025307617,0.5324456206076656,0.05541460406671892,-0.833808986568941,0.5336747193667863,1.5063121599969422,0.0888112213796385,-0.03699930845066366,0.35609769195262714,-0.462238156751316,-0.9079249161080809,-0.8485553074064025,0.7733092319021825,1.1084450438928721,-0.988440135128424,1.0846491508537637,1.1536601908667072,-0.043521540822880636,-0.48950629683856867,0.49169857383791754
-0.08292431338573102,-0.542787492797627,-1.5216281664460516,0.05679866060508652,-1.6112618920351869,0.31464706924277325,-1.0090077926693597,0.0352116687004415,-1.3768982826139178,1.516076829889556,1.1476592279126405,0.5076714846630364,-0.9547742866067104,-0.8656439181506256,0.17826209768180268,-0.3185263060074501,-1.9716084611845046,0.00723824446215487,0.3480225421742082,1.2601917557933815,-0.9343516974546894
1.4872843661399788,0.10232800541076612,1.1477449191729885,0.0660446304192051,-1.6484325246694416,1.0881720231622865,-0.9872301071817334,-0.11266052749903675,0.25699967294618353,0.2977806959616117,-0.28827105280013426,0.991650922381837,1.414554563602606,0.07295515441032341,0.7538759151892639,-1.0297282886053052,-0.020383406395875058,0.9634610069048537,0.7713008591049854,1.0394286894619607,1.580315739061685
1.2395497614897628,-0.6586597138138971,0.6038733218392751,0.3467667380235609,-0.7102458019895711,-1.9388756575187243,0.8318252249309159,-0.9302367976331793,-0.4101694563110727,0.22901083412300696,1.0350951069970793,1.378226394688086,-1.6082606836727307,1.2052587495808458,-1.7585960481138645,0.6738677774631607,-0.06527307900694145,-0.3684409453015721,-0.0033477228926796086,-0.8531037388242245,1.4965630662018208
-0.6798622707063233,-0.7142747261231633,1.1838103579136134,-1.1599948018667068,0.2764460560276407,-1.0488438653900305,-0.8227125941716134,0.2048414072569649,0.43214282810226295,1.0371611527429982,1.4284275144323915,0.20700912916452888,0.2931268402266236,0.5105625734863057,1.441710549840582,1.5117019359415633,-0.7635440218007045,1.26173681794514,-1.4669027782403241,-1.4736386855786026,1.8086577083523987
1.0593004701219528,0.4412681417982735,-1.3063570769292054,0.8449570588901703,-0.07808038814062407,-0.7774078741300433,-1.9602765370463362,-0.19340321204362534,-1.195927982370925,-0.8681493246403958,-1.8610534904353544,-1.7178163675261984,-1.1720473435714462,-1.7847969755181896,0.07038415719190863,-0.7826692601477863,-0.5676414017596613,-1.872026145731901,0.4008197667014757,-0.2846895422467474,-2.755261390149339
0.12559694055818793,0.404950202864541,1.0503726552500998,0.6968779045775314,0.2205629650912706,-0.8017779130325532,0.4991050568044965,-0.4649720644238933,-1.013222005230734,-0.3710515104397058,0.13092683485407247,1.0871911535069643,0.21158687715087038,0.5669129691591805,1.5123187040252501,-1.376861428558176,-0.4055529581068878,0.5100544288138883,0.8886340655297889,0.32854391696076274,0.639200505245443
1.1679461715287884,-1.647566778863028,0.46430186512691973,-0.6050456998099762,0.9511856257875182,1.2901068459448348,-0.4149884413230842,1.1260421270473338,-0.2676170039235295,-0.3931088164618457,-0.912342441239685,0.29164591541880475,1.4441085005292627,1.0266704341888997,-1.2331137894492663,-0.32310898787181064,-1.427292506651269,-0.6581254162998585,1.3198321365522596,0.23279024797422931,0.9383889861132214
0.7043784030182066,-0.045252864537321365,-0.5741619781934911,0.6440723331799475,0.9946301519560451,0.7855438246731132,1.2068555965450407,0.9883617315883904,1.4319173238049716,-1.1692736085315458,-1.7706621817183823,0.1526129550424547,1.2870673867213724,0.12020800606849724,-8.434283743521625e-05,0.6503918429927134,-0.8680732383227998,-0.5067790442234148,0.9545294861537906,0.9947658921568683,-0.7120958450317537
0.9519380406684889,-0.8798001827499127,1.0400367679387241,-0.9531067353022539,0.7529449501072971,0.6956744226834292,-0.6948667700667377,-0.8996004364931284,-0.04304873688369174,0.01797183833633338,-1.3300790442680446,-0.41600680790685374,-2.1878843969395616,1.2877082062183405,-0.5664202157884582,0.8580407257737432,1.167352680386727,0.9857512890077151,-0.022812264295301143,-0.911326534916569,0.8849678587001674
-1.210898024275931,0.4923737844544402,-0.5711363200612453,1.5530825636830214,-0.20028927518114364,-0.8051138791473581,1.086565854933999,0.7629076295641372,-0.9636227617446854,-0.007068644656877861,0.9241666543772599,-0.41846824409891537,1.0923154677374038,1.0347022825214722,-0.13333440003289485,0.596334928730113,-0.48413764152879374,0.848605612573055,-1.0569620115873732,-1.3791471457974396,0.7298513799713592
-1.4462998951447867,-1.0655668265362463,1.0384501217633186,-0.21165191324347843,0.024677605049537265,1.0769965166168713,-1.1304595654746428,-0.4492768737165073,-0.7808111222519938,0.44414373647470157,1.3555777902057742,-0.19770325100227526,0.23784754159822472,1.3813535142793947,0.4472304618235347,-1.01675668436896,0.625571160869491,0.6560904834868935,-1.9442083730866633,1.3705065578402098,1.9384378887929783
1.3291553184914955,-0.7404084087436936,-0.04490266800304095,0.3650353885847785,0.06443783861421835,-0.9019704036982761,0.19718366742687826,1.2805788984049764,-0.5685820803152825,0.06657325404156506,1.3856763117484099,-0.3435449560366138,0.5770381454980706,-1.5239070537600516,-1.1755664320849006,1.5251190183171475,1.3225535549625773,1.3366450341723815,-0.7244274313305034,1.4281983129459952,-1.1024166362153986
0.9493046716642087,-0.055099712011261966,0.9740174838142684,0.33352897409131893,-1.2519394390529992,-1.4896517563900569,-1.6192327874003887,-0.2561653686137233,-1.245260589604793,-0.1465842679127766,-1.7675240125983969,0.39667187579630964,-0.646018298069814,-0.7144995361135319,0.4889889010191322,0.0582139847596906,0.05961505839787887,0.8793042401272834,0.4315704646395318,-1.1474593598340392,0.3363531484883453
-1.5926586144271153,-0.8553331169330737,0.5713893809887957,0.39038732296139145,0.7328075503374409,0.1230480791550971,-0.4944140566375692,0.4692023048311911,0.23281236298829547,-1.4028169594359539,1.413480887760403,-1.2527572674062843,-1.8293835693375775,0.9632699145098343,0.7447083790896879,1.0793164629956478,1.3618093112171459,-1.2606024387644927,-1.3305693102401923,-0.4900941616568653,-0.01854844507375815
-1.1160190936624548,-0.9241951397159757,-0.5316352463208233,0.5376218972571127,0.19947249738140446,1.1516202443433663,1.2073661505420927,1.2864609781698395,1.112702820351657,-0.5310356826919764,0.6220099222877643,0.2606321168389523,1.4742306252629809,-0.632162054698942,0.257261609543348,-1.591632085893154,1.1074632374384716,-1.130336000845709,0.17576058673376746,1.0408868252203902,-0.9061104057829992
0.45701747330912934,-1.552321461361525,0.32731957760703684,-0.373587934741433,-1.1709310673759405,1.1407742447026616,0.5150226282857946,0.9233278724992637,0.6435031709040562,1.527437350429754,1.40699074487039,0.12559846820805518,1.3478389204310977,0.8459806352996013,0.7034083734704114,1.5131647580371779,-0.6461439505254079,-1.2082412616065696,-1.1270603176192089,1.3380179601931688,0.7700341574706548
-1.749757692315556,-1.7478658276797534,0.545481915759932,-0.9878484493778015,-0.7966769623366945,0.33714033096890356,-0.7125075207235676,-1.7226965369167553,-0.05929249043860888,-0.19180602839381602,0.0036767673766664594,-0.9957049093949916,0.20939253609100664,-0.13053467744882305,-0.4216084305697593,0.2876678780242822,0.5672359956952774,0.658920458387609,-1.5237562576871264,1.3713902028769278,0.350918424248021
-0.09441332305186603,0.2105068994762908,1.2150600161250042,0.3332282434103317,0.47651472498679626,-1.2758974940150116,1.1753455574822598,-0.47151669618842657,-0.9509632805101162,-0.633021195171671,0.8392831304418372,-0.03747285156187214,1.5840524257301227,1.0012952125412038,0.4141272946683021,-1.31533392366859,1.279047370652325,-1.2246793411240497,-1.3607017816716036,-0.5798055499863337,1.0915900409273527
-1.7746758942120449,-0.5080361574282471,1.486303831144686,-0.5619992607578516,0.13180189218862523,0.19638726544428667,-0.8583966338026643,1.4567593837563904,0.7138695448686027,0.4260913244639056,1.1524230514670835,-0.3582018993037595,-1.1824320021505095,0.9483840170692143,-0.04975881224486508,-1.8150958494946408,1.2446922293453235,0.46322299988641913,-0.7248548631948304,0.6209570029837911,1.1869138997590756
0.879960277550141,-0.7219295923972273,1.3568280961664536,-0.4636748487657236,-2.1412465229162634,0.5840552997299596,0.8658211551392968,1.5417843641450735,-1.240993140040436,0.3700427059573765,1.4006215801188016,-1.932291424824843,0.14120190858809423,-1.7190406797199833,0.6708528613681369,-0.8131882720640862,0.5410768004065429,-2.0713082317351814,-1.7051444834157745,-1.1832290755982318,0.13635278429205672
0.526130316222037,1.3615530053861995,-2.0679223305238583,0.8935981760441917,-0.3810207584186249,-0.9042742685452466,1.0726582392884034,0.26899255807521033,0.8714925337464484,0.2735525182957989,-1.4666572991104259,-0.22645455088654184,0.9604528617158477,1.32601511691512,0.8352042614947705,0.2767247676453075,1.273881114933724,-1.3427586673063003,-0.30661411428781105,0.8515152796764843,-0.6390449161045744
0.7350983737553094,0.7445554446581097,0.668420147588745,-0.5092801555102101,-0.6122396051869445,1.230726612279548,0.0809334262628297,0.5462129136038781,-0.296580369347974,0.6538769000657719,-1.0413163407968635,1.5079243808394072,0.5070974806200544,1.448861180204227,1.0521421880639865,-0.9108729872886437,0.07954465360218928,-0.5150009829102582,0.977267918765002,0.40405006464156784,1.6723094840663026
1.0793370853290407,-0.08701188688259254,1.135413264358033,0.09878999557158216,-0.3581422245608571,0.7274986911989516,1.142922725639385,0.5635641107001672,0.16558846615124906,-2.141731394951343,-0.24657177868702893,1.0658193351364595,0.9908699191521544,-0.3232966297625415,-0.14887004365239992,0.11432478877729599,0.6547181856502055,-0.6197438918733261,-0.624490847556008,0.7081990903127354,-0.4248618666058681
-0.8163554442278824,0.5983977240330224,1.116033637923663,0.40709584130484533,1.1533152561926534,1.4357851552107508,-1.2159992544330842,1.368327600604316,-0.6443031059051937,0.4412346419277695,1.2927786273949602,-0.6943295820487093,0.356345860430598,1.461884121526224,-1.2208227390701654,0.2247551075977751,1.4095806715566506,0.6845035246037539,-0.9396962826023679,-0.05130981802241851,1.237159145505731
-1.8455403520006584,-1.0765360766658874,-1.3326649327383582,-0.8399932273087257,1.3852242799105374,1.3130731468712202,0.29726243531320884,0.32120919886616245,-1.4889190351343984,-0.49428601220498763,0.5131325631363431,1.5484441194702292,-1.245643064765922,-1.1787172088743636,-0.7180836724665276,0.6679319310356567,1.3319538708198264,0.08855036321585809,0.3111193372378113,1.2283674896522372,-1.5690377390768444
-1.4773441606102153,-1.2678552517068646,1.2452876460400673,1.0266767622570387,-0.3402167451945266,-0.8689668362026252,1.2316117795926647,-0.7675182424870763,-0.16663902324053476,0.3921876106466187,0.6761602575138257,-0.21715082305285804,-1.7981744470417644,0.864360997044105,-0.5177190374670435,-0.11435030813411788,-0.7936171997758344,0.4943477163682535,-1.9296138610452092,0.5718694989880895,2.288457901150837
0.7013959697207467,-0.6893420124401219,-0.7804198231226905,-0.8091824281475644,0.8251766986253104,-0.22243216607393348,-0.16607951529459578,1.39867312473578,1.3298096226932217,0.35194613555009957,1.3338268934003146,1.5276578080390764,-0.9296643462348333,1.1426252880455205,1.2510701726454923,-0.9178787842514915,0.9956475540034236,-0.6020012767470647,1.4553094530216228,-0.7135066959453263,1.6899861746777194
0.8889516729012796,0.8943241035039636,-0.9773264044585134,0.9622037108161668,-0.42303085125463474,1.4550791018759444,-0.10019511237366233,-1.4007423868158657,-0.10416671359312844,0.518555324191361,-0.9858023757648078,-1.7134471308461459,0.04050575991903897,0.020897594847635335,1.3133491053013255,0.024675829658752917,-0.3342732936100554,-0.6383753893192026,0.8177109480919809,-0.15240745983733597,-0.20688222965461403
-0.5736905381152642,-1.032619912790914,0.1469920093381996,0.9919719648519958,-1.160063604790655,-1.5919287766794408,0.7610107483659901,0.3123915415428367,1.344824630672385,1.5409629323997598,0.8611075911145737,1.449698446770601,-0.6696881596220555,-0.4799572748131079,-0.9292237643333365,-0.872453454247697,1.3934582396583963,0.4417779823123802,0.7642250540723611,0.3335799084970199,1.2558863633719657
1.0872610863844088,0.9503893926422655,-0.33578489603734457,0.07980114957745318,0.9143009306123255,1.2223153899535788,1.1060904243388714,0.30232991513704477,0.48974819429458927,-1.234690498328681,1.289209921408193,0.07020290021866459,0.46257247971498444,1.2277625044367177,0.3000356022354903,0.23919565746357088,-0.9108810799036456,0.4013656393830829,0.784286240533988,1.3719365141469988,0.0769762649789681
-1.5907190678740275,0.6948509267903403,-1.4679187305887846,1.2160400256356518,-0.34860827402466177,0.4360174407059984,0.6765474616158415,0.5853702179946109,1.6055373691859518,0.5281126151309486,-0.7504218442848913,-1.0072243948786312,-1.3513714616885357,-0.6473274506507422,1.3250091760124303,1.0733190307887488,1.3525776764767847,0.514563559724619,1.351182092953583,0.04623791335312861,-1.0085714207592376
1.3152049016966236,-0.1878018753165622,1.2860619035102763,-1.8141166435649008,0.37642549416147947,1.3988369343835025,-1.2700538358103832,-2.1272061445143255,-1.5939037443381923,1.0008860800171562,-1.762865406332687,0.48085077168407214,0.48214982011516966,1.0580845571598434,0.2882056122002852,-0.870816370841795,-0.40499631649623175,-1.1203829412098842,-0.6499745892831719,1.1869791366413662,1.6959210715193205
-0.926991756939219,0.619943523383794,0.9714894662180535,-1.180712381905884,0.12793026182531858,0.14614476031330007,0.02807387971223194,0.15841776352098763,-0.39741532394556706,0.5833669794994131,-1.2054305991186518,1.2639283988541044,-1.186404817654804,1.1131187451800204,0.6248432885350313,-1.2662139582908536,-0.7817979701472579,-1.9108209570411594,0.7151867345590853,-0.8323497527608762,1.946768803951432
1.476991913010627,-1.0257635694444418,-1.7538175252018946,0.456118583603907,-0.6343381363542594,0.6433148953012279,0.16547901608572613,-0.8881730480848771,0.699990070772073,-0.9009647769532169,0.507916047681669,1.525539663666173,1.2225273175721938,-1.4048428612545645,-1.870239217714251,-2.0144059802347267,-1.423037338282556,-0.03901445763424068,-0.8743078398326993,-0.9345462992844114,-1.3054041408488761
-1.8180376014392243,0.8085571487992578,0.14431284907625774,-1.187038630830366,-1.1472579562941243,0.6683639856554383,0.6050481268638933,-1.8930515360802804,-0.05542135738772143,0.5731217902701234,-0.8543939707254373,1.4690186539559646,-2.1001995088793746,0.18511827170878814,0.8739425970322885,0.10457527896823353,1.3901694151939281,-0.2037820510846077,0.49058368105642736,-0.36260608211554907,0.14211673528099578
-1.05161951646832,-1.4200663136108205,0.278849734961816,1.3801525260033691,0.7784261517374805,1.016889051159741,0.9030397909737641,1.5063230836070143,-0.14798673470663784,-0.13228505137696395,0.8575295840736883,-0.29918752787266517,1.5265031486331306,1.4126160488366455,1.2620196141014715,0.2910087891435207,-1.5832684781578232,1.4943278108854514,-0.14937694296120368,-1.7244565197069794,0.22581539830667055
-0.19656102588534352,-0.30583423374775304,0.9425826848083494,0.7928388000866154,0.4872269019034809,-1.7922649896497183,-0.24430936968671566,1.3364891279446798,1.0016767176577464,-1.766323444420429,-0.420795602572989,-0.17915051784316724,0.9547069406879966,0.603253791868111,0.8305174674574445,0.17673690364825317,0.12825043498755434,0.7743058309580636,1.1532874989817796,0.4435282801662097,-0.3390683780461253
-1.2571976908887816,-1.350863559618056,1.4585522415618388,-0.3859291188404153,0.9470210421558469,0.6552232370688276,0.2352113143719303,0.9151682910824825,-0.46898877197167177,-0.8533567565466031,-0.16396051700004893,1.5315404636366723,-1.331546777217612,0.14216315622189366,1.0555847076234108,-0.5337037757522073,0.8605479807043102,0.33388803151513674,-2.133944804899383,1.4147290053755432,1.6079691701163707
0.7676355200850287,0.5128871749247367,-0.08431320895106889,0.32900644568055964,-1.5017530624272424,0.6025583489105255,1.168643649525533,1.417552051424485,0.6843896750882372,0.02586154830321735,0.9266274701680906,0.3220081491951742,1.0126299215338623,0.051226899948983086,-0.379540574659485,-0.4941954586328826,-0.6368282612578059,-0.9607525651089232,-0.06790149955338041,-0.0860597436681107,-0.2825161022984831
-0.4098375300013332,0.9123028158343552,-0.5197014405422595,-1.7275416024416028,0.8999614029013338,1.1586250528028676,1.1666001670069088,0.815198217614106,-1.5086927642570123,0.5813219725390125,-0.8551055412451457,0.7737658692113515,-1.0525255889939111,-1.3406515036742708,0.9506521655582956,-0.8978925336995958,1.502456274191131,0.17937537059299852,0.3171960829511147,0.5398805027492245,-0.577330794912544
-1.0373502051252226,-0.022352118931573652,0.6448510352480371,-1.245481090827547,0.6071173785587677,1.541709268955603,0.3578158752593751,0.0021513308750509973,0.7351965063107561,0.15231731729212072,-0.7213962760486106,-0.7309075439876197,-0.9946033932166755,0.37278553525604713,1.5669296650358067,-0.1730092596229088,0.47010483287269134,1.0153402509404938,-0.1970863156986906,-1.5641163336353956,0.16363817094693153
0.8159441496739617,0.3287238554243802,-1.0419624218925132,0.8943924665475195,0.6478642999333433,-1.7920911193911122,0.2561501474145993,1.541388269341797,-1.8093792056233968,0.24190348688954813,1.4142974255413272,0.7820807702569706,0.14972500872688935,1.1959478256042149,-0.6887224160591515,0.9044242689091367,1.522780627779315,-0.2159155501351084,-1.0227359946814887,0.6634974904393879,0.942859612761265
-0.07613911080688338,-1.2719443197245992,-2.123504331054595,-0.3931652006420204,0.12298387646665417,-0.7881437190539622,0.45209290338028646,-1.7244697414259904,-1.6341969184654808,-0.26492478930595514,1.177897522165948,-0.798437226895729,-1.380887765619711,-1.4295684056179747,-0.044245155697759976,0.8708637294455706,0.560746823114689,1.2142817184602677,-0.28633764157186514,0.13673653082298326,-2.208154896894413
1.2408109047255003,1.1684090931835207,0.800786744343699,1.4935482992344609,0.8848524205414902,-0.9647702864099397,-0.6618138746196688,0.4184302008693876,-0.5072398291221413,-0.042645146252135654,1.2723776133232516,1.5444315173835514,0.8195400730633725,0.8572623560472982,-0.7856246248978117,-0.9749335909689192,-0.023909414427940128,1.426727339177118,-0.3628163314308496,-0.2965892778742308,1.4817018090957756
1.3752102213360669,0.543492066885983,-2.045670031765738,0.8474663095621322,-0.5459971002122048,1.3879487790759766,0.9233236455805146,0.6901814461101526,-0.8103411175303592,0.47416375768416913,-1.3614505958222543,0.3698145991691516,0.9981416613413425,1.5392415316867136,-0.5395203020219843,0.9959169289824631,0.044470457917945974,-0.7353522213978602,0.7839643781802412,1.4384762237727247,-0.2948561112683741
-1.525206034202809,-0.20981228342878683,-0.7781833437237576,1.436591659791759,-0.3131517169886112,0.8881886630770722,-0.733431625795918,0.5432988291936736,0.461501241664733,0.4495724023772607,-1.061772449025549,-1.7139093062565047,-0.1825358370631273,1.0823199995744377,-0.024734493901648263,-1.9846261412103474,0.9497265930051537,0.7104949641806009,0.013113991477496503,0.9671725055722338,-0.45144639181867763
0.7191379616929426,-0.6696910886205413,-0.5893373603028565,-0.11222064548624688,-1.7573207635549128,0.7683144500900009,0.6744339205027172,-0.6546234591728614,0.9632336579710445,-0.8856040169347859,-0.04784131327628889,-0.15624136216647147,-0.011437386252086002,0.11700422520789422,0.9354847034074183,-1.5062153967090468,0.4693440115670869,0.6381493406252406,-1.5320959430880106,-1.75448094805239,-0.38494171916004927
0.9280417594837111,-0.3359023459937159,-0.4142355918586455,-1.9216511503521059,-1.529599406031393,-1.5190741968178643,-0.6505938401231528,-1.4271767990905624,1.2359176690965743,0.07170399413176586,-1.6847180708645655,0.8006265214819882,0.25673260725458913,0.596187393895386,-0.8679630447432644,-0.16454158055498735,-0.26896278366387644,0.41202136464298056,-0.9499027297437306,1.3286334030633842,0.8201477274866882
-0.433139703094523,1.3580063000046063,-0.14401892133005104,0.2792557229099481,-0.6471741794100441,-0.9445241025357245,0.3932130213182342,1.0455521442680082,-0.6235710916142233,-0.5825619897414696,0.7453173338498155,0.5095575228475338,0.8420203576312723,-0.8183916235998868,-0.05093373431868628,1.251443507362847,-0.010954368726926199,-1.3771736446036305,0.9871813760868284,-1.2172570576208588,-0.5459859951910863
-0.950117109616351,1.0353215562121016,-1.7431948195227314,0.8101755089135187,1.117732807334578,0.019794501027433176,0.6184474760890841,0.00843228676109551,0.2550871361411602,0.5349324788065667,0.8616413646948038,-0.2058167398486246,-1.165497940752192,-1.5971932602744836,0.4887093517228922,-0.8959203198111398,0.21028856017929437,0.12509151242678462,-0.18120843796955816,0.8707163428045698,-1.8289611601918194
1.5664908285006416,1.1252436452712467,-0.7868459599868372,1.1922372298851074,1.4421154076327645,-0.06306427854498195,-1.4881116994921915,-0.6005387862434731,-1.8540784140339026,-0.9075541375814171,-0.34556963633684523,-1.050445654272642,-0.7212268398314445,-0.07187897118921126,1.4311467354313712,-1.465181489021468,-1.0495996452097112,1.4608412802974693,1.2212705265503825,1.4525827826433095,-0.9161771495969124
-0.6499943848649747,0.9826842829422439,0.06539860129271881,-1.4726470882005795,0.7253070469520807,0.3277907503473395,0.1021614583892268,0.1343402995411381,-0.6041621332646424,1.3813786637719714,0.15985661613038002,-0.053419493337234794,0.23234261422350524,0.16542432943091182,1.0705029735317662,-0.7273175988066397,0.130089389089836,-1.9494430379845786,-1.3831025262480239,0.6718089845768208,1.4687802638569079
0.18429791286896838,-1.7104241924521477,1.4652932408599686,1.2355909955301514,1.0778344781119387,-0.7818109683699279,-1.7105193974766384,0.7373833713109998,1.3071285150987104,1.0734869662863578,-1.407667077036044,-1.0993613246563179,-0.8958934075625027,0.5921066651193626,0.5069562748446537,0.23529881913834155,0.9579020121832991,-0.086974287491893,1.4628113314925597,1.1839163662868601,1.9641839315752545
0.9539918846019672,0.2722280622260221,0.1634675432559172,-1.4989669248356305,-1.5345882789171108,0.5201317851141756,1.0869956341940243,-0.005529737812530564,0.37440004893098405,0.3662775910601961,-1.8600045327866501,1.0319108278988738,-1.3677838125875506,-1.5967400942824277,-0.8845896162313368,1.181888644015049,-0.5578958107708459,0.5849892500373479,-0.22575734170794498,-0.5185252669035969,-0.7593295296825976
0.34121824527489913,-0.23410616266651293,0.5405339058169532,0.02993570623306974,1.314600984361611,-0.5137023744907842,0.724976823214125,-0.2899806134112886,-0.199410585846842,1.0522078637962877,0.3026346325575874,-1.1600102290474728,0.3489310742057525,0.8127255052122869,0.6972139602813706,0.17740120378775082,-0.42310972525300833,-0.21363135180314372,-0.8669797267782507,-0.6043226810465272,0.2204764740848288
1.2982556690854439,0.6446385271220907,-0.4926201216914943,1.0620632226202873,-0.25292378610749155,0.5219224355919808,0.11332094295891651,1.5292741116416273,-2.1001646739328814,-0.8992045202515978,0.6834588550422847,0.46716367374982026,-1.9107406797780873,1.5337563038295405,1.5028624438170597,-0.16297873018815967,1.2413128862982297,-0.4715033638147613,-0.6954555973133482,0.6120591615677844,0.18417358536505232
-0.5063985689804649,-0.3503348182690339,0.9868778086103662,0.4166343811183707,0.01670911161764214,-1.9249097596509448,-1.8084121414092635,0.011545843625722021,-0.028538791328378513,1.4651773925333724,-1.2786540173807466,-0.3732716878981774,0.9259916881888294,0.7024239293156078,-0.1767837786626931,1.1498216455640942,-0.358080808282176,-1.8113317213537634,1.3343111839355424,0.14666367933738433,1.3494266850024037
1.2257745312283679,-1.4562176941573517,1.4972861415248162,1.2623530746120364,0.9779983101422388,1.1098794873261448,0.11268564322458395,0.5599817207265099,-1.8806021915993574,-0.5663374744797403,-1.994051608831637,0.9439285393881257,0.7235980638810755,0.8251089724947589,-1.9420699433691588,-0.533221600364073,0.7567998994142997,-0.21868081456244598,0.4997466785707554,-1.9300228155858412,1.140368498144975
-0.8050060787682823,0.3040983720634923,-0.4204643078566348,-1.510825343356865,-0.9661148321880916,1.106719624445487,-1.1022335361088573,1.3776626914051535,-1.2375357981283828,0.30438087656415524,-0.15343760019127367,-0.572741934397922,1.5779246193240721,0.12113804927650806,0.48289665232510787,-0.39731667195701686,0.7950648777552548,1.5036895817359452,1.0877865538691338,-0.9614692624795576,-0.34999092490881706
-0.10209737946830898,-1.302845739637418,0.028787605450725003,0.0653067426033376,0.29401772169836127,1.3886402113184053,0.7316213855202226,1.3310893258264804,-1.1829515159871067,-0.5220064974126583,0.5407585629543132,-0.5556010721569633,1.1060915799970747,-0.5015153898372049,-0.3617774402968679,1.014525359139003,-1.9544870098589266,-1.051090364486457,0.4392302873962073,1.5391842176666202,-0.961763836923368
0.5227436820368955,-1.2595803236635816,-1.699084102969063,1.476476744974274,1.0607281898646612,-0.9796197739063751,1.3556735849210462,-0.3840111666867744,0.9701281243635027,-0.2672131984864432,1.198978486745571,0.72759905983731,-0.9826356585931721,0.8083131938472505,0.7383051403770591,0.16452629881908437,1.27748607323378,1.1038235409617883,-1.1785900709310029,-2.0593876845143373,-0.1649848452226301
-0.7299748107401896,-0.41573675993387776,0.23213680783892512,0.7095865715506895,-0.4195619306958421,-1.601682084687528,-0.018911673300189266,-0.5024957337290274,1.518577482021171,-2.0715576500130277,-1.5684536261177804,1.4812761607398266,-1.133276789085068,0.127269289670511,-0.48483037200210444,-0.9407283994069555,1.1612046089892565,1.3123877767366054,1.3856035974510497,-0.47616989693018036,0.2066114088177605
-0.6010720530950397,0.7440132731390607,0.01904552829952847,-1.6383817673144139,-1.8486304119761776,0.9351201166571851,0.974304307718957,-2.0328119308304005,0.3396503826161586,1.162253119365215,-1.5682982947474615,0.5218301942326048,-1.661750413481372,0.26921574233555556,-0.8215731370330376,0.546449161262359,-1.929480110491632,1.1298356875437392,0.2529874681518854,0.36766161798673375,0.21952689908010234
0.7297422656669278,0.5966138830016945,1.5654363426971149e-06,-0.18855026052502305,-0.9578226728624307,-1.6961669663033263,-0.12441649221378764,-1.8300753667145382,-1.843760135780851,-0.5658551848364811,0.8639797579863646,1.3335204017652535,1.0388569945292911,-0.7315815089642546,0.9148569253504935,1.5102229867984005,-1.8927645073524662,1.482841898415433,0.12523577402736844,-1.197002067522418,-0.3154486492694643
-0.9657746475742055,0.3692156090806738,1.52922241254077,-1.0537511719015054,-1.6828737136659908,0.7500316801551886,-0.44516997725631946,0.8769644820898144,0.9287517012157073,-0.2785338302028235,-0.6718407528163458,0.4678753748713965,-0.6290924435808983,0.9724465663311753,-0.6548853257146067,-0.43454802845841517,-1.3846679811558342,0.06952448607597239,0.8563553993996459,0.025580896220395184,1.5028423497792467
-1.0291152388450857,0.5551228314122564,-0.5204166527858568,0.9417059066170046,-1.3079313694706196,-1.8356936154068477,0.06638672220158216,-1.3778838458954814,1.1272105186845314,-1.33220036694915,0.6153589704598025,-0.5183966240929619,0.0936776025331447,-1.446426927801792,1.2000903644071172,1.1274510868985754,0.5824290918961039,-1.3919663084438432,-0.07175686005297487,1.0394183380143842,-1.8386976721661819
1.5043594477064715,-0.8083901312978271,-1.4390409046090638,0.8856202365552254,1.4710962009934045,1.1012994938745284,-0.36927515576779635,-0.38354359401714594,-0.8508981275252516,-1.3561781243364213,1.392235682060071,1.3678733899548405,-0.08113478419053709,-1.9047442152115224,-0.13363691278044118,0.6038948728144917,1.4331698240120043,-0.8793925107581426,1.4625321009974273,-1.1826975322603315,-1.049285970711395
0.6774358526426891,-1.1527637562730355,-1.104263547134776,0.14147576604667003,0.5759822465665686,-1.6044343783943575,-1.1385087621979086,-0.2759170818499963,-0.2555516551780962,0.890660254875296,0.9607319701696571,0.9889222175171015,0.95571159538366,-1.1972865181178194,1.0111200301333203,0.5094133753590191,0.46718947668243366,0.7897427487661197,-0.002066914490472675,0.7249623740634804,-1.004667166610537
1.2158683443904532,0.5156456253235051,0.9850184299582888,1.437117430545791,0.1528617114607203,-0.5731154710439024,1.4669044389910617,0.7297195291851182,-1.4537815430842096,0.8638535938276052,1.4520774135797632,-0.6722338757716134,1.4234665918207086,0.2428332354605005,-0.3477304269024501,0.08072011064973066,-1.5162896014785756,0.7427233278124984,-1.9796704633636888,-0.31605120058753294,1.9070240099888807
0.871369015777728,-0.8468515427732621,0.8899892688917361,1.3170142843217358,-1.2589525204193721,0.5220024219069632,1.147924914063944,-1.2331164306265077,-0.8940213825696596,0.5374648462914855,-1.309441317988733,-0.343472074862579,0.8345999674580313,1.3537280250809591,1.0136246624111742,-0.1457642277387314,-1.2412673180496234,1.3651453807109737,0.6749667222578964,1.1348615636797983,1.2485194534759856
-0.04502891026633106,-1.0055185313956698,-1.6125133307592678,-0.30449551804918035,-0.8060242043863011,0.3732865870587978,-2.1340360220198638,0.9880071902640842,0.4086236393208345,0.9177829219404094,-0.8508986224165677,0.9005996976622376,1.5237512116585512,-0.8295243166230765,-0.1388679087065508,0.24728428674244438,0.8080167999983242,-1.5433998300732885,0.5016870106820608,1.0383074201564932,-0.43581614906119204
0.5633635474755316,-1.4952555834960513,-1.6645066032349574,1.1557209898544998,-1.1456681864114966,-1.2677715812708164,1.1967721614466746,-0.7605779468886195,-0.3044671831032033,0.20440177091898512,-1.5361822738065245,1.1111258948808238,-1.9726727360945415,0.2874931301847163,-1.9962443915506032,0.1113682816381575,0.5548875747734493,1.4902233323183405,1.3756961422743892,-0.19022376096807903,0.5180843727992014
-0.511109878966161,-0.8412713180180654,-1.529943235256059,-0.06566487874658278,1.0437725448467758,-0.27657593311566575,0.2657912104003993,1.5100696414411094,1.407218003638966,0.18884743576559124,-0.5318497684246636,-1.7124418702328263,-0.6087379856278757,-1.9255345967808313,0.9860918184518888,-1.2029190277515065,-1.0178842594232398,-0.8672335605958021,-1.3119745086121393,1.537819508337008,-1.9409844757986459
0.8511209681235353,1.3228242251051376,0.04826511952508543,-0.9324151673279055,1.3962465040618,-0.6736058993434553,-0.2507117695164214,0.8675796313065426,0.05037955474448619,1.5281481200943732,-1.8733554285281957,-0.20457630732906731,-0.394068235071675,-0.25956123856591273,-0.06875404828195651,-1.3572349278480778,0.09667636224600315,-1.1022292014008443,0.45034807462478027,-1.2612281945161352,0.4450394609812958
1.1329468878555473,1.3706594010037745,-1.522171229684894,-0.8575990110178494,0.2005601392386361,1.1415147567007256,0.7395356822487787,-0.6531726424844806,-0.06586466869216047,-1.1343667080843043,-0.40996819386952277,-0.8191462702387212,-0.38547791572829504,-0.3253495075856647,0.41545283928806787,0.5771079122892119,-0.14100610677022432,-1.4271176287611567,-1.431640281963693,0.1516857276471294,-1.5009878993027346
0.8194821218024598,-1.3226338555555341,-1.0217807470977676,0.741125568082474,1.363723003583611,0.8434625962622203,-0.43976314521517607,-1.1044174959100317,0.11331847523699828,0.143054043437715,-0.4131509125219012,0.6559625369866244,-1.512146830104646,-1.636098394610611,0.6123077330819428,-0.9974394929325775,0.17203934813368055,0.9170070510581381,-1.298838229403831,0.4142819589421158,-1.3298207065873402
0.5551516361204867,0.6719149934715117,0.019093845881497512,0.8160061383134236,-1.376772915223803,0.8321985469883016,0.25170480122727035,1.2233192095482228,1.4530223364192703,-0.8063378839560539,-0.30003508639404447,1.1353341216743666,1.4457857315181986,1.5444664470737153,-0.41011223235128963,0.63681396614896,0.532536042115718,0.5223714839196263,1.1412636212331837,-1.1654437567617943,0.9401123414050077
-1.063490277766777,0.8558680372199603,-1.1493307432816562,-1.0638575990271195,-1.228221899083306,0.8439118170987244,0.8527859411861981,1.2098373999893461,1.332659470734376,0.7810644877914141,-0.4650324359396861,1.0916407482870696,-1.043695448440388,0.29703524550454297,0.24564991353984875,0.14399385664622338,-0.9560546347152569,-1.8250869986312332,1.4672207122838907,1.2259128175164706,1.2405044374940881
0.8548335640185447,-0.426447364447519,-1.5240768542137044,0.8592733880589921,-1.6889540395680156,0.22008004725840227,1.4046451475518658,0.7633057922551895,1.5264024585865148,1.4408137368195326,-0.6333184701106281,-1.129681617744481,-0.9111479886347479,-0.01017038120342473,0.6628190803860623,-0.7806618686398099,-0.5135863505661229,1.3256183367185332,0.5828604707417872,0.940341335030978,-0.7193994766717619
0.8738044979304135,-0.09687934823489,-1.9594797465284652,1.3504565765447376,-0.19639656886654244,0.7321591270158588,-1.8459048671190001,-0.5442394670087561,0.45381583894530286,-1.27836283331418,-1.1862082508099776,-0.01309501100558159,1.2217770886521366,0.5073918975950245,1.292753225051222,0.7486693766319633,0.39051141807946566,-0.1917786675755888,1.4293943188826603,0.1395212596177494,-0.8795693037434827
-0.31642967918169634,-0.5242405597818737,0.628206237811602,-0.14860353779130858,0.8271100839936653,0.5988384247041089,-0.4278911623474252,1.2933597694794505,-2.06960955897949,1.5007236422293024,-0.07131798326417821,0.1029461197033316,-0.9342532842807609,-1.4604990996282736,-1.6659847518324664,0.8021236894657294,0.3385369024994977,1.4396668353343625,-0.3789093368167391,0.356291889700355,-0.30336451151043153
1.2763294019245244,0.6234182160626542,0.0773542899071025,-0.7035906730628786,0.04302029905250584,1.344610002257584,0.8744929998877861,-1.3067982589169127,0.9579716741776294,0.8456365799136768,0.19802532628455527,0.6058886834679352,-0.25224889233463377,1.140527875131476,0.22207063320720033,0.38506931666214494,-0.9092856080302253,-1.8616232776290975,-0.37167512877682995,1.4522966809897804,0.8602113600565355
-0.35537597183433645,0.2252539510567025,-1.8594511805248086,-0.4048073581942878,0.7299111475794869,0.831680032589141,1.0643334870408125,0.4254589218065497,-0.5639470416093816,-0.3892857715148758,-0.4650432729286095,-1.8046657348068105,0.04338907143841937,0.6981682727721487,-0.6578346553499816,-0.47017155360230933,-0.3789528847833727,-0.09362210795412393,-1.4197027746816335,-0.1381001364657534,-0.6759477541212138
-0.19274813081990447,0.7321522424360691,0.19532783428038208,0.7267318627759207,0.25289425211953376,0.3221303689316669,-1.2656310542338496,-1.055890167089658,-1.0883668048216717,-0.923038665872858,1.0869585693808714,-1.4315647189442668,-0.33304927632495224,1.1097626559483718,-1.546646261029785,-1.7841017963867913,1.0314562100287343,0.2608530463034901,-1.8935154128770044,-1.7434046425577512,0.6971513979782086
1.131061448705463,0.8076292086443121,1.0090697852163568,-1.4583632932772344,1.465006417386364,-1.2025159622490624,-0.08004076551645835,-0.19290085903546464,-0.9737210931005685,1.3072895120511936,0.37456678380866104,0.5724262328253488,1.4228482858129157,-0.7016328585152803,-1.1178279042135024,0.9196145377380028,-1.6974927910301134,0.657440630303096,-0.36033629904473863,-0.646601075683082,0.7700952359170695
0.18473307797225055,-1.7052890468625896,-0.4204697447544895,0.5848548454137197,-0.21668317181535207,0.5476412539355804,-1.9251857505435366,1.0475624668638008,-0.8580818503665409,0.1071938061283045,0.19677716898450875,1.3178703000917633,-0.7244360147548169,-0.4607238119790604,1.1891708841798903,-1.6483639814477336,1.352707351871297,-0.2565335636767711,1.0153523460020066,-1.5968953892035285,0.5454271600038498
-1.3255378594777305,-1.2373413382807505,0.43074252718502676,0.1711976412244838,-0.2413034317651787,-0.523717875786695,-0.885496892207887,0.28708076289554496,-1.793859446605579,-1.7187975944047096,1.1812307569023088,0.7105370368998709,-0.45004829451619166,-1.0691573121483675,-0.043208502514576905,0.2739055773817469,-1.019502203570181,0.11407030647414072,-0.6840016170766806,-0.030607724359078575,-0.35354850582236746
0.6502598139048479,-0.40340868984244843,1.0743919159398267,0.8811636949025788,0.535070481479106,0.28941580843898523,-0.6490167563224362,-0.051170915900270404,0.7237758180837721,-1.4090620282805582,-0.442877700795169,0.6478170816586272,0.3484504529636454,0.7237353802745775,0.6247953514102855,0.04121331297632248,-0.2768862783126059,-0.22575171908877356,0.8189386698604931,1.2815827499318169,0.5769535253106668
0.1061586337284215,-0.5576509864239219,0.23144294890710967,-0.7585254733626017,-0.12597405699643652,1.534411510678005,1.4407593027146595,0.0751363158073328,-0.13066751448212016,-2.0331066357555114,-1.2189890647413881,-1.3079289273064534,-0.04524501436837512,-1.0090154738943418,-0.5047925210365353,-0.9275313320929317,-1.117687370940817,-0.48949472860541743,1.1426884070985517,-1.9785425438385251,-1.2730291885060883
-1.11203897347062,0.24983942065516607,-2.0849701439871655,0.6953585197244234,1.545655628225449,-1.5220135596557678,0.38848074337426675,-0.2428415053431159,-1.3116730387532547,-0.6693823875568965,0.037771153456143014,-0.6999919345686734,1.2795349096353064,-0.2566716669378133,0.8587877325427127,-0.07250677934715317,1.0273618547704737,0.8219763504953972,0.11790763003262236,1.225147158042639,-1.9681957275468003
-0.6905208035637233,0.43193475626391487,0.33821973315173703,1.2478973156307074,0.091407862107198,0.23756538180112738,1.3522529876586986,-0.09352506280515205,-0.037208747465209774,-0.44152389948822174,-1.2858547085178482,0.12856897617435903,1.2468178783328363,-0.6621205681008345,-0.6478197973866399,0.6031687955560489,-0.33767729293601273,1.2836858306325145,0.8262151908911832,0.021259521167681306,0.00387613912262676
-0.15828998657799478,0.4105791474588372,1.1522284683121362,-1.994488819313628,0.010416210895770477,0.3633241675627405,-0.3677416880619572,-0.15091207190941952,-0.3542981712946213,-1.885791544117115,1.181067692441847,1.0254129512902004,-1.5433494081319177,0.31806687902025665,0.6817582367484689,-0.08359356354728381,-0.4717433988102708,-1.101325256231413,1.3018909401252416,-0.9957185818720661,0.5334583431124524
0.3537841519728475,1.2262312478838056,0.25856311092293194,-0.5777783966433251,1.5238877918127929,-1.71731313013786,1.4837045072725183,0.04122643096282438,-1.4901785013058546,0.9782341242734088,0.8069795102758561,-1.9938425002152214,0.8755060572139123,-0.408794638654095,-0.6437257816428917,1.2144142549014512,1.118862371741312,-0.03216510998321072,0.6803817891443266,0.6534407461502634,-0.4743054806192343
0.8392002579847804,1.315570048105936,0.24594906520236118,-0.2923446594719802,-0.7449659445101996,-0.10422130895910167,-0.7848104865357086,0.9230667330852722,-0.6515959965703805,1.5217280463532177,-0.3914809321221893,0.8449280384204237,1.4776539577410193,1.3671506287686295,-0.11116950219820781,-0.037858084474166866,-1.732564790878403,-0.325188191414476,1.244616179108883,1.407562206823071,0.14621808617112322
1.202932901723667,-2.104976655367091,-0.6889928987399305,-1.324581587558889,1.3643378066298466,-0.40423865516099966,-0.9818734500227372,0.11434968766245651,1.5322195266662357,-1.650144354005492,-0.6105950912638403,-0.3874886615398974,1.030384448618744,0.806997312425801,0.09575361330054039,-1.5055847805885967,0.23730371612051093,1.4783273161927017,0.6014714309951762,-0.15088702720020544,-1.6691660834443078
1.5571748977114506,-0.5922947089502305,-0.6400031800859712,-0.8563242203759509,0.721292129708047,0.4748805729261174,0.94745088964706,-0.6922534614096365,1.377948974622731,0.9817325694013593,-1.2640630020089818,0.44830391577504497,0.4691014179126747,-0.7052494272030381,0.045337835622198994,-1.154590712138053,0.8196602030922023,1.4555152709208556,-0.9447519849262775,-0.9875745020448582,0.17140962776100901
0.48513156365966525,-1.17386686771805,0.6067106947787604,0.8546602201752262,0.6524508539568737,1.3747311984556132,-0.8565922771702105,0.9615241427355706,-1.2002160359931444,-0.32652755160037117,-0.12956507839109868,-2.0334436335731025,-1.08482849588672,-0.5851236244284216,0.3949404851457211,-1.4579406087377287,1.442270632425051,0.16763782982395023,0.43222528768459295,0.713420714038912,-1.0454280197076034
-1.1248390628912706,-0.3933931378487988,1.3649927329588247,0.45326369424925883,0.6007414829153951,-1.0838788660382321,-0.5181905899890566,-0.43238160470086234,0.5662435644241739,-0.5463287288042182,0.2162661172648519,0.04588912374544579,0.5658680718765516,-1.099116504340257,-0.2644602111707157,1.23984123503159,0.5717063754054664,0.22565665550632072,1.331187898277827,0.5737813244741222,0.8135474268852608
-1.0387669020844676,-2.025953900311372,-0.9103693609281365,1.2311937111114764,-0.3141417078858785,0.3340895957264781,-0.16187225627747626,-0.030091629235624733,1.4793869199418255,0.746778011698278,-0.3290506312705571,1.3729241281161657,0.2454868501598049,1.3561352599338188,0.228397408468474,0.28688239071194593,0.10918030602078277,-0.8987120022781276,0.9703898646902451,1.2807151973192088,0.7907429408769969
1.2891766061834469,-0.9876829833353715,-1.2213535269831557,0.6231178038121249,-0.23693404952493965,-0.5009733399924889,1.4519051928671247,0.8142754281994191,0.04229996557139503,0.840617015803581,-1.2257810983910404,-0.4965687448170636,1.1556374964094998,-0.21163835887544363,-0.440243037552187,0.24112771365398225,1.2578295786347986,1.4258914513066672,-0.629713224403203,0.23652869531344833,-0.49067732113884066
-2.160630639939524,1.4781319573504048,-0.37329168004344015,0.558038574253538,-0.11915725565302739,0.3848253058853408,1.0149238100957296,1.0167854643084753,1.4299741427137613,1.5375614491761822,0.7496670185162626,-1.4263722364852534,-0.18632023200102676,-0.13237638241726027,-0.6749629626154718,-1.593919381471851,0.43837755884778007,0.17559462194235975,0.0021257824779234006,1.1514734634336665,0.028050544740572086
-1.1579462710289163,0.8153205655213611,-0.8069470940598296,-2.065242152312806,-1.2380335248625396,-0.7190423862856363,1.1647250388144834,0.04231838267757713,-0.9889106096409835,-1.9131140073091446,-1.2417652434797433,-0.6519342620818963,-0.14009353854899914,1.4031385146240565,-0.5113850148670867,-0.2957262537270654,0.9094723934278908,1.3385723119169184,0.4203894752031326,1.2133474931904602,-1.6020529191374933
0.22254616771361077,1.034300862550791,0.21441519981086743,0.5063004548432776,-1.1873776499324393,-0.25298311854496214,0.4860514648046645,0.4617155910711714,-0.09182317174276011,1.5409503122809531,-0.36086125968937366,1.2790203079467264,-0.7518117374403501,-1.5432067712680302,-0.21792213974840868,0.17166602152360494,-1.7260748600197993,0.029567308742178274,-1.7612192534348852,0.17742798899004208,0.2240413528036211
-0.03542273053732701,1.5233262990202292,0.18980333988670256,-0.6892769177901436,1.0236318071821828,0.5185183252139354,0.6130141101739093,0.8575009406483456,0.0010831888314802827,-0.9835263096140513,0.8681566470751872,1.215508434537273,-1.416034980020424,-0.8181127959555188,-1.4682271746796913,-1.9934353646673417,0.2158172048681449,0.7983171309222292,-0.47498101503421486,-1.4857081846186628,-0.6562772271465768
-1.3344090640218798,0.3572184841471694,0.9363077265983687,0.18947014936145853,-0.38139507652888194,-0.4681752458420915,0.1083053234274704,-1.20520166574192,-0.3796649604628156,0.6091640660978365,-0.6994660912457442,0.7723809922633524,0.5434881939306885,-1.8743770086253244,-2.026120944647306,-0.03574387677716773,-1.2398293313344768,0.2614904659758137,1.1086703401729658,0.5409456439534129,-0.004902586010217262
-0.8493509550589503,0.36041773181369025,-0.5420581584174592,-1.6452408210310907,0.697767878396098,-0.4297211622905692,-1.3909922441237748,-2.1931022384330294,0.3099614847890082,0.7910933109791629,-1.4318132703303392,1.2192786199742223,1.3685444466773504,1.5371304607493983,-0.00010990352231878492,0.043948059043586916,-0.6641239693325911,1.391728192338123,1.294753505732819,0.09263872297160552,0.7148653048241175
-0.5609008559844275,0.9950584541622814,-0.20589998635411874,0.5865057438586662,-0.8620381814960241,1.0747967770162616,1.2103254033416897,0.46354680625885947,0.8172605465074909,-0.10821178548977167,-1.8520593296109866,1.1200499260445307,-1.855688235923549,0.1516483521386521,-0.8751727532529425,-1.8875940747885895,0.2685943901453325,-0.4491218265914221,-0.7543439327596485,-1.124900246645827,0.2746558745128262
1.3843793139216978,-0.24230874423098314,0.5287292367870647,-0.05467938639740327,0.676284651967989,-0.8920524293898302,1.4031705287470888,-0.42284271230101267,1.218103860672346,0.16592176915316156,1.2321096751133211,0.22405786493290902,-0.49342019703690876,1.0259121000079314,0.67489504632327,0.6730717764899654,-0.12753029936281535,1.4428661259514592,0.10873481367653666,0.8554261588716919,0.8396343701073798
-0.6553699415900804,0.7298327432315246,1.1518455598204993,-0.1668441358288196,1.0132701784789966,-1.68941695234464,-0.9001958709938938,-0.43089048927221363,-1.7674873273633802,0.38057536662989677,-0.01373707308088181,-1.6129989720800133,-0.6467819101166109,-1.5375081787210383,-0.7392319480312173,0.622411614645139,1.0175576789354872,0.8784355095527084,-1.5374232482201449,-0.5735959583158032,-0.23676090680708423
0.8972888470836586,1.1347520615945894,-0.0052042797494534585,0.6842452561827201,-0.4507066100898705,-0.6785260112287351,-1.8835558017752276,-0.47525981452934724,-1.8636115536837536,0.42014867322276167,-0.8102370550845407,0.22534863073701342,-0.9723357399771709,-1.7825365436110148,1.2003922086642649,-0.5698838670069305,-0.9859470614478986,0.690425158086215,-0.26273658932434923,-0.5821662109490248,-0.981181051132568
-0.1700949074769587,-1.7427845441844971,-0.5880766661349176,1.0444027504068523,1.518450936558264,-0.8254742277108388,0.11354649963581422,1.3749069610939773,1.4076990032092973,0.9430010000543528,0.9648806176098246,0.8989031788658888,-1.475983106564988,1.392175487954032,0.5972821728338145,0.05591512230769423,0.8272707160030656,-0.9720683290936846,1.2104742919902065,-1.005658670120874,0.7503504343414662
-0.2915339361455215,1.1836300597173612,1.0174667960773849,0.258507470580529,0.19554080423653494,0.8102260036613033,-0.872859383593917,-0.17231861705111579,0.9023163562177903,1.0474332818807897,0.926966217042046,-0.6515730172695721,-0.3175920176402629,-0.29428393272986786,-0.05591529462205591,0.7084024696347685,0.8614514682277703,0.3492487882377801,1.3579154277668173,-0.941179797312847,1.6447891652577613
-1.1765240529810086,-0.027542022383932545,1.4793725766479935,-1.4292483880757627,1.5395399421506677,-1.5875488836183032,-1.9307211798032202,-1.713702358155697,1.0596748775753708,1.4746981719072485,-1.3612726141725173,0.6810310045173246,-0.20773831298357548,-0.5670976817898442,0.09227480134509276,1.3094583995060398,-0.11831397343013085,0.8063026371021396,0.8193392402584672,0.8244548372163616,1.3476615714671671
1.1369401713723013,-0.35425169147179125,-1.3900517762567683,1.2857029278418417,0.32977581497711744,-0.7733965009770959,0.8910623497868,-0.793992684131421,0.34770089842412194,1.1723336332034142,-1.0078222239746923,-1.1727301434585835,-0.5029898671481388,0.14261936910854342,-0.3942166529272922,1.066135981561163,-1.0667273684791772,-0.7663689286798655,-1.6590121250515044,-1.5363487933837556,0.30172320128686864
0.7259964612308972,-0.5358287862495986,-0.04549720179060167,0.4643559264689553,-0.08378009670280968,0.8528226814689325,0.9541791772045748,0.24379062482857436,-1.044246122549658,1.1047290978834754,0.47918976995714074,-0.2680502462602855,0.30965219193690835,0.9915749918239433,-1.2862285226171186,-1.619281900480183,0.2631461657908036,0.789709007073002,-0.6915622378954692,1.1143455266458047,-0.009453593925705439
0.7395846950117806,-0.5257793814458416,-1.1826248937464168,1.5527206862956837,-0.9471128678868005,0.2351767595802354,0.766274782563206,-1.8275706699675422,0.2835318450166373,1.2040266574747411,-0.7003763724892748,-1.0987561580261476,-0.20628165359581843,-1.4403974523375027,-0.48658956572875744,-0.578078645821606,-0.9038992160353126,-0.09911692655228256,-0.8422790231546435,-0.19171614454685873,-1.7047054698479385
0.09706132259575898,0.24060529534434152,0.3960917171911806,0.0840678125470636,-1.1114078968647794,1.3237245682098902,-0.5521029767582243,0.9153388215571765,-1.5039649633973942,1.19405461948429,0.7857426834283308,0.05530673582707779,0.09765358039918189,-0.9634082674534368,0.9196408369312251,0.4146589551529384,-1.3697863662866192,0.7408888083217494,-0.24383161268366463,1.2122525829859043,-0.4180247217091648
1.4316778212364256,-0.07718049435489158,1.0190185675972165,-0.5493178572935121,-0.044407634080864324,-1.6124328185113326,-0.6970744802416695,-0.6345469079441605,-1.8212186597697275,-1.1795406402019935,0.13204228864638043,1.4820540455505484,0.6478663352447664,-0.9797916785351051,0.7798242809877632,0.2451927738796187,1.0253289541855504,1.2669986717526365,-0.6173235092248469,0.908364844877048,-0.05070019509344925
-1.4961236859601998,1.1970383328859628,-0.30202174306965845,1.4049786310703318,-1.337334238579529,0.08489456623866584,0.12338686006680681,0.3626186027891834,-0.05857705735370719,-1.1552666888304732,1.0860410005186119,1.2983594278991273,1.4908625727036728,-1.1550360755813684,-1.2617932911805079,-0.7273465307469824,0.14957458179084931,-1.5009606451129702,-0.41795721250283835,-2.010459518930371,-0.9394078889005842
1.468085276738395,1.4984928334576935,0.20958479907873015,-1.4323266728428432,-1.1174370191253908,1.1939671332902837,-0.6440746178426123,-0.38153020684891475,-0.09806639736750875,1.0930600270134079,0.47319185242952544,-0.6986175010442565,1.3232118149186816,-0.05363865920666717,-1.2551695657426096,0.07854025723927795,-1.9062908850442932,-1.6773492280600157,0.1761346734837383,-1.1256711636332022,0.7645797250567413
-0.23396763084319566,0.6043331840426645,-1.1127566840195675,-1.6651279461634994,-2.205057841150102,-0.0015639882790594174,-1.4044288874485913,1.1978118382579601,-0.6024535917796685,1.2212593011942112,0.37938037595979646,0.4566753546189791,1.5626902512619045,-2.1075441551429344,-1.440418096132915,-0.4327772024060957,0.1403196393341783,0.1988137122842407,0.09568066165152075,1.1876981138829275,-1.4671126770446858
0.6190568375225277,-0.8792675248336105,0.28058383112111646,1.5422589001450613,0.10923513924244878,0.8528210691431162,-1.1634719449351407,0.2691976613746965,0.18275619571642304,-0.003624304634708232,0.6285236908734584,1.5056386495614356,-0.9017720895567197,1.4657509510775804,0.3162369890432357,-0.03150365389483879,0.9603818236184323,-2.152107014855313,0.6610244266949208,0.9698301861667289,1.2239190043197863
0.3596156069439096,-1.6667255487279946,0.03941409594781825,1.1398873629967223,0.4163963943062998,0.4166208418082277,-0.13358131972498724,1.1168245424255987,-0.8117357975890079,-0.2554989942539956,1.4378591702849222,-1.646035444851259,-0.09228758330214624,-1.2609827433087077,1.135112979628909,0.3429886637656653,1.5694825511903059,-0.04379696498365587,0.8203143812108937,-0.5690582474516733,-1.6308653889893678
1.3399025877205868,0.45710910594424226,0.644975152095031,1.2009367232134072,-0.922174768268733,0.24815553294015588,-0.09039644958132188,-0.7463177851451602,-0.46899832742868486,0.31775889943943686,-0.7219312048203699,-1.0444681063460781,-0.7987246532542006,0.10705339531126741,-0.8453982776049903,-1.133585016276578,-1.468628523119003,-0.918518854909057,0.08387356518383846,-0.4182522841842721,0.19657847044487745
-0.6491334920741615,0.5001195539058899,1.4196224665948394,0.8168790509816388,-0.25601426186875514,0.8598711439150406,1.2993475705978208,0.01128394782889244,-1.7293282245794892,-1.815522372444508,-1.1307289182841604,0.7125303421955921,-0.3531257351681971,-0.08672681960013467,-1.0797182422466487,0.0625311072543987,-0.24797423001739677,-0.49810695171650005,-1.5110037120519746,0.7866463287113394,0.5368035152693992
-1.2412152989704415,0.8386072258190346,-1.7715749167453245,-0.4134710645108461,1.2827906047293938,0.15455404106571227,1.2957048495482582,0.9929050998514397,0.9609865611145288,0.277446624482176,-0.19291824125547152,0.35577428899586233,1.4133471404154205,-0.2296775173420683,-1.6918079888907875,-0.32900420134709407,-0.12182941943527095,1.4358941182231266,-1.857433412655334,0.7704472278822857,-0.3721130392308367
0.6859232115517058,1.2226869246173422,0.992539327268708,-0.19931512447420574,0.7188231481986144,0.3342371851327956,-0.5873799660792979,-1.9742758591731515,-0.07109267648231198,0.8696616053206759,-1.2729199106088696,0.7551633225315701,-2.076550809025366,-1.6374842992317995,1.4662574925604737,-1.9370158964096698,1.274069888030279,0.21063774027501067,1.124076412433681,-0.37927218618751846,-0.24174061727570595
0.4663421504852137,-0.20072495040614938,0.7064674429710636,1.2492994671192958,-1.1663409863268726,0.5565036449440068,-0.7179517331347569,-1.5123481829479841,1.331981613979064,1.5108217779597337,-2.106015263834282,-1.7123688529638388,-1.886782437784296,1.3498676970402985,0.03479688256640934,-1.7246010254556101,-0.23084193909037784,0.6267086299366516,0.08021547127668216,0.4931789362620572,-1.232564074482538
1.194962041999173,0.008124274044843345,1.539203610890085,0.17598190787454862,1.5051971002143172,0.47819539439943565,0.3889726756171001,-1.1483076968519512,1.434289960793709,-0.9557335932859461,1.012461995532655,0.11745997948696647,0.10859922772843104,1.0975131230558233,-0.9011460479072653,0.8336217985623455,0.7223077596994395,-1.7087118583140808,-0.9070163750805897,0.5765266136634636,1.5977038197841948
-0.062100757394541246,-1.0873367636236617,0.16841651625532467,1.5511643961208397,0.7151346495972202,1.1402772857286405,0.9379565291621209,0.7557655971939898,-2.0548651751801668,-1.4904337503637497,-0.7732532017334315,0.06069822787496085,-1.8703692119637498,1.1508350748332397,0.28073354963855873,-0.461905472460611,-1.2011437257226145,0.47716622513172885,0.9372678004204151,1.0504314552548963,-0.28693491303709306
0.8113984365380966,1.184796583925639,-1.6260564056434734,0.353492811807214,0.7822388761953135,0.24705373167202863,-1.3899660957658588,0.7027283331088664,0.18328677535420487,0.9313502032046103,0.21800229380924713,0.6723494847546992,0.10844078304852287,1.2670025534441138,-0.9673863481151065,1.3412379179816296,-1.0727921943998613,1.3669786679281248,1.4144818212364338,-0.02575154566378378,0.5194805113119622
1.090269733169739,0.8723505695856447,-1.238734725568569,1.227542854593741,0.19708456971978316,1.0728013110550974,0.7007502662957246,-0.16748389258035384,0.5107087103529968,0.8465413855665411,-1.965299479395443,-0.3694015731543941,-1.101003852737356,0.10140917229998651,0.8250856826761077,0.21680696164650792,-2.027097679116869,0.06452071217150586,1.2756260381367717,1.2103745458289337,0.1270924197748193
-0.4705198897559983,0.5220045441225301,0.9389729047266991,1.522388215433131,1.0571688526353848,-0.2676405123109962,-0.5114674882208184,-0.1823753646971408,-1.004810496432775,-1.1712587769138252,-1.7324504101823293,1.0332421275021961,1.4739817205943941,-0.801492993812687,-0.810378171872599,-0.7699892209536188,-0.12953348275712737,-0.13253620010245773,-0.2670950485419055,1.3109432471382125,0.17034876180890665
0.9125241384970256,1.0279151730893088,-1.3169456290905506,-0.31134446975437086,0.6550202814226587,-1.0684975130756067,-0.2880831250982141,0.5315764990402555,-1.58974923168099,-0.571801146556668,1.1868608710528394,-0.3857084959874126,1.05524231535488,-1.8204272314678598,0.20408833222752873,1.1021119298584956,0.4738591316149839,-0.5434766219814292,0.8372243685796733,-1.8246684637350128,-2.0702624209366607
0.47606840304071374,1.450189401923103,-0.10960698801530143,-0.464201319812516,-1.2631199227067307,-0.8715319318440171,1.214002181714119,1.0751786751793302,1.6056420224461472,-0.5302202633487632,0.9715391997458883,-1.6491289592321672,-0.23168445939255572,-1.011660899295458,-0.9913933476623886,1.1585685699332975,0.9438584816287151,-0.07464290199700958,1.289621395185876,0.5156161839209384,-1.7829481311437851
1.4873539981005712,-0.9788525750511974,0.7369194092893319,-0.5296433307198801,-0.8191083127650677,0.4046086971873476,-1.071063309209486,1.0189446429488669,0.04481867591045116,-1.5563778382563342,-0.1559746988957847,-1.7108257559718933,0.39909381509272773,0.32763411760451894,0.7482685634314807,-0.7440139159575074,-1.772078633063982,0.3515630259298338,1.325957903885871,-0.06609241126215944,0.05433588292473615
-1.4190060335576142,-0.01771369567390516,-0.10446363820917179,-0.8249553671799659,0.09723077985294802,1.085339195223468,-1.1740865281271284,0.40834611694956374,-1.5151393995193494,1.0670690787342492,-0.22422904851407205,-1.1864821687227403,1.462851790216381,1.4925213438681468,-0.5051076826602581,-1.1791289636370277,-0.7787458423874042,-0.8797975458302658,0.006278089584866613,0.6052077694781904,-0.6133526668203971
0.23088473152969494,-1.2024090377869916,-0.3087549150055729,-1.907033491913898,1.0393066939648143,1.0343957790591747,-1.3295779975918478,0.38614518437809203,-0.0016513752276060712,1.2090457529967535,0.039026695222718934,1.072438036178201,-0.7241438172139898,0.7146425708618587,0.16638757797198714,-1.4763623553027752,-1.667270302531745,0.6637400298035823,0.12494435129475998,-0.28624973035141577,0.8781854612855445
1.1216945387845174,-1.74903910305145,0.883113045310868,0.024620337070931208,-0.4062393904710755,-0.05604409667722934,-0.356591459212566,0.0022796491789430864,0.026492319356274885,-0.1137553223511062,0.5518268948056653,-0.9564595578460157,-1.516151656973438,0.05700764392520067,0.7064685834388178,-1.9853739767790592,0.9426145920062622,-0.898155309775874,-0.02602572412136969,-0.8411821482652324,0.08617354687085765
0.6919008130961263,-0.39655994274883694,-0.09890819544579789,-0.7082440654682687,0.14696019559210982,-0.8304298102335899,0.11973256133907431,0.6202011852603526,-1.9756573202983119,1.0514842255105923,-0.7690652718879932,-0.43327029646644516,1.2697276947567553,0.07899577892472869,-0.4459599372607586,-2.035328250601972,1.5586956506286034,-2.0278694127890273,-0.36882735102676223,0.6351709928906761,0.6796142900522794
0.798679529824211,-1.4604809236078933,0.29132819625739304,0.5225100743041289,0.6234399286597827,1.3098311977570896,0.26407689186762784,0.6881017043425468,1.2916222630914789,-0.9643120868129741,1.0383509571297644,-1.0805824569632898,1.0388317825577156,1.406593944900619,-1.4179767260950658,0.8152327293587042,-0.3508900205173203,-0.8157045512511766,-1.7000150729432932,1.2497420111555355,0.07161442223452917
-0.11803841118879686,0.6505357445369421,-0.7209861965391392,-1.7108416714561345,-0.07188787832057962,0.08716930872048233,-1.517417540512872,0.9988964171216229,-1.4531153391169294,1.1377764495364138,-1.6743046833864352,-0.8125817716497332,0.9379623867539746,0.10971647316726116,0.7961698759665357,0.5933799499340192,0.6677588891815645,-1.3225060520721172,0.569339164472845,-0.2618469084174193,-0.5261594948522339
-0.528660747701661,0.4127206155599466,-0.9814412025675698,0.08619720941807953,0.6165053460096964,-0.7123661388266804,0.7769960226458839,-1.4746756086080421,0.3609273827711164,-0.4444316378873342,0.15056778335177035,1.106882950456635,0.7297331651866872,-1.392047734059819,1.4201911001956438,0.09697898680740194,-0.0808731872579921,1.3896665691152081,0.305661516665092,-0.6213713761531952,-1.4264118550706741
1.5213957659239532,0.26768362660422695,1.0984418271013672,-1.0448616551669059,-2.033796325461619,-1.2102223103142549,-0.5271002881583877,0.0357769378841742,1.287737734528215,0.5888610304888598,-0.47495238469811923,0.816288660482866,-0.14474493040663317,0.2416017211194232,1.2144710840645463,-1.8687649888576923,-1.826668738317915,0.7358533257865657,0.046330962067752224,-0.45306818325380027,0.8565800462848993
-0.2965372500857314,1.1979666802293887,0.416174544616809,1.3612521284282595,0.03501747354165879,0.3950694990219412,0.7828288128765629,-1.3147190915391433,0.6054097887455717,-0.544049897871581,-2.0198635577571262,-0.6675829684320219,-0.32181728662607784,-1.1396999345226762,0.27789948117302987,-1.6599067620908117,-1.945109527049897,-2.024681962194553,-0.4749351610150151,-0.7759707004744446,-0.7793487496997614
-1.6974240949952173,1.0386491371847961,-0.37796180634607457,1.1629889412670569,-0.975642067532468,-1.651904090654401,-1.3019483059358943,0.4765097927910335,-0.367108819790116,-0.34249673221269383,-1.1226483322488712,-1.0523175058458376,1.4582383639587433,-0.8911202508398526,-0.9316170418903427,1.4833305280621518,-1.3206286652399875,0.6724941909500911,-1.4225607626935233,0.7237492800158541,-1.0064831719998129
-1.0025481407770909,0.1001815707559602,-1.2923891299947288,-1.6354421460385185,0.611501920111147,0.9513439191853017,-1.2127389936760642,1.343246349026395,-0.4313003344816095,0.1698081426378939,1.1243048314024038,0.12008097301406613,-0.936534549238868,-0.8539742363604362,1.4923506496166274,-0.3460951587660134,0.6437716307752039,0.7241738282083483,1.287667636018291,-1.7651186522875024,-0.8268371669448651
0.2825149409338649,0.9476165107338016,1.459751150145743,-0.8228421240363152,-0.09248569760336148,-0.8055421744912705,0.9546832709401757,-0.3384683289326128,0.05062550059248419,-1.5308248301844678,0.16805377470114047,-1.1528376610171134,1.1012638503145624,0.27493793645071873,0.8552241886371558,1.4358456474754784,-0.25548257289610565,-0.2883039563212846,0.35137008547557935,-0.43782576204495005,-0.2329673741801533
0.2954528069817098,0.698979956328221,0.6150106487109747,0.38693190768153435,-0.2568734169871637,-0.4727388671447952,-0.33467370109368,0.9344745362448177,1.275381257647817,-1.5463248360168977,-1.5529574063213258,1.2593073436045101,1.2958438195817032,-0.08937011055466157,1.181154657768888,1.120817784761951,0.9581638759318606,0.7985748467491772,-1.3650316559787317,-1.9858649638179866,0.27984453967457046
1.4295901795396202,-0.49985341801799527,0.3777011650166631,1.5144675242394352,0.529130220756718,-0.46174499130745456,-1.0558852855259944,0.40425257881513765,-0.9446228499760885,0.9427216601231859,1.2713838211224098,-0.7765747328272399,0.3702118818216819,0.7087228938195523,0.8748096414174309,-0.3751777655608864,0.8377703319409288,0.685634266276784,0.3788761795531241,0.5304922846744972,0.6529456164125543
0.7168463058458008,-0.7913581463120447,1.4431247054188823,-2.0148423635827237,0.1467655873164407,0.24141813900668177,0.5513714017785148,-0.5781328531546563,1.1928259928786402,0.23902060133277603,-0.8408253335218387,-0.5072862307731545,0.15718322509664615,0.1509332722294938,1.218187332846904,0.530630226655637,0.836533980402419,-0.28486536038874416,-0.26370802569127555,0.1924335076730226,1.5245995009359807
-0.9759474264481064,-0.9038803338653363,1.1263021538840055,0.8807517549600208,-1.160709569964529,-1.0096016571687938,0.7056328480804815,-0.02945418608020784,-0.13264721827483153,-0.9770649275592596,1.263826902474402,1.03034755125073,-1.0531443918057115,-0.19219707214403883,-0.5239412849459262,-0.3077081802298914,0.3481187676072545,-0.5418430468945806,-0.8111258443861147,-0.7935682380370243,0.3080129281840691
1.1925481255553991,-1.5119288282491843,1.3584337624878917,-0.6829278516565238,1.405362286151009,-0.15279938945562566,1.5285595977241564,1.250642892646753,-0.06525896399409485,-0.7249375383192806,-0.46587799718974016,1.432045474598672,-0.8115750045295237,0.09232551127493148,-0.20565504801009007,0.7665951668599705,0.7737758972876873,-1.1066637874015617,-0.5333896502870863,0.39173765593225135,1.09822139648414
0.5495257780341822,1.4342208169732344,0.7932182423352901,-0.17187552414996635,-1.1142633320411288,-1.134418101779801,-1.6848056159417995,0.7007657438177111,0.5767077833374712,-1.3674343411409469,-0.4175832695525722,-0.7515236646975293,-0.0738410430336244,-1.7572856545341278,0.897978079241906,-0.7054117013628425,-1.1751614699160315,-1.8760757530784984,0.21462423918614948,-1.0320400806222219,-1.2351459545403523
0.9322270747733449,1.3789156235461,1.1352901955008354,0.300121439517748,-1.8255875977497422,0.17227524019526902,-0.44426319922476953,-0.24702845237297055,0.4867014606626014,1.0917053756424022,1.191679028915585,0.07100608369155292,0.029890844356588845,-1.3719949218182717,0.8142123740197569,-0.7578776663851675,-0.2854936711018873,1.2326801412925668,-0.7441489407777533,0.9399598805500804,-0.24095719456152762
0.9098989117497179,1.5483469644012051,-0.9608971488059904,0.09510455331805513,1.5151269114076666,0.37304099948103275,0.2587590773122621,-0.14161615513992024,1.2916254101234044,-0.6671181074262061,0.9960106788902038,-0.3267764566122193,1.2024296860745038,-0.7740367063788547,1.4621054360254977,-1.8634261478283096,-1.9860681123122228,1.367860706329331,-2.1251446976136696,-0.19277157679840246,-0.8263847808449127
1.17940846339092,-0.6224054524628805,-0.1836082493608214,0.38494213439646463,-0.7887788282423691,-1.4783716664703295,0.8729395617704406,0.43781940267841046,0.9862593623376499,0.4458873833639912,0.32688495876488777,1.111052316881115,1.5476557512066382,-0.4715784606032862,1.065871787189967,-1.6166263037645812,0.2799602637245915,-1.538609362040062,-0.5058266633110856,-0.7634992853154365,-0.17862218683521072
1.5619183679864312,1.3653705605682855,1.209930846046707,-1.3651545704786285,-0.38616533520964497,0.21281264117596538,0.2209868036123017,0.2551566370782003,1.5714649947953505,1.0006711154543706,-0.7497941500546812,0.24648224384257925,0.8487069232194185,0.9710353302826794,-0.04943461855738593,-0.7014580097023214,0.7109915665139123,1.1993000844941628,1.2949988700062556,-0.4691375375977502,1.7738542738058687
0.1724497322181137,-1.962260422712914,-1.0865443437554467,-0.5249769991512008,-0.17961402287901143,1.0523388493947858,0.39019091184234916,-0.05935223637480776,-1.194880165535933,1.5281427130500518,-1.1026707162678124,0.143443038198107,-0.18496701528812542,0.28415748627779824,-0.6103862421837012,0.15916116460775329,0.44640589251983137,1.233576059781614,1.3460256977796836,-0.8221005542199421,0.3746866971327691
1.5543664224287175,-0.891215788483509,-0.5000206742375851,1.0883565389711323,-1.5658439601148046,-1.566581695211634,0.27528848458203387,0.09400726846030844,-0.2626046078919009,0.9754376459066141,1.366596833219932,0.5544540072502672,1.3258647959138883,-0.8930701894595658,-0.5918998761811872,1.4842279861630288,0.26755298393550914,0.7040508891908622,1.0794296293152301,1.3107866814998963,-0.3853861694722164
1.110263401086052,0.9998726303406391,-0.47976209471070497,-0.6055101278651579,-0.40895684143745586,1.3567495606811524,-1.3497206974472515,-0.5653349086719831,1.3318915340477568,0.9423143997447428,0.0617168295802648,0.32996629749776873,-0.4562337870672575,-0.9972455717167078,1.081534513588893,0.5218346969164879,0.20286095731032527,1.039757656276894,1.4173051713326446,0.8977504676721686,0.3104004944455158
-0.7043450393031021,1.0874519860364107,-1.7493005198827016,-1.5109527943070975,1.1394215532303953,0.25029804156983304,1.1647620744993548,0.4370513264982736,1.3740832825086198,-0.5976040645055192,-1.2120704980102939,1.3189507746468725,-1.30228341439938,-1.4520451790536653,-1.0813618317795577,0.8900654969970136,0.23464567542985323,-1.1677044208659788,0.8218831240426959,-0.2708356797423055,-1.7186532330407143
