feature_0,feature_1,feature_2,feature_3,feature_4,feature_5,feature_6,feature_7,feature_8,feature_9,feature_10,feature_11,feature_12,feature_13,feature_14,feature_15,feature_16,feature_17,feature_18,feature_19,target
0.08348776229728597,0.055862309537533544,0.0929160616285536,0.06925633481229312,0.15495012751915838,0.03412304195140765,0.01402442698897283,0.13918023168655785,0.007012914936550263,0.0161712486394252,0.12729279436100022,0.0008466704391474933,0.09976414880289483,0.0037884166275036126,0.0025409566531371277,0.008175875014856743,0.006934288767536681,0.004006860226647123,0.002666795708387131,0.07422564234348346,0.0027730910576669334
0.12762949701896162,0.08148234361798865,0.14447686182222438,0.005593455241492988,0.041872750004592986,0.08275305037150218,0.07014038222432122,0.1844676430718733,0.01817338798291935,0.0883123649010114,0.0027215046418163857,0.00137181342550508,0.0007298960926058007,0.005109625360183052,0.004374395564331864,0.00042582466294387107,0.04132110473524282,0.018615074373140802,0.0006117628068141134,0.07488938616204226,0.004927875918485881
0.04530359480980068,0.13246009666258485,0.03965842798632952,0.04841884385467954,0.04225597902496237,0.07680282992519068,0.0973988513523925,0.038561198643635664,0.06750340692137206,0.05298771456160325,0.034417735871252436,0.0010849912128690145,0.13914061128296068,0.024320068766065364,0.0001563036341810018,0.11643022756613627,0.028097591489955512,0.0015354261872173316,0.004953498702941391,0.005417016373969396,0.0030955851699004415
0.05117344452940261,0.04224308070051506,0.08986911201430282,0.10107746645505343,0.13190655342813717,0.0649968959593251,0.05215952548900014,0.010695184640358584,0.026393843351484248,0.002981960588051305,0.1460242601117384,0.0011901188495856958,0.009707047154041599,0.042341321298441634,0.01027284436046952,0.08871800887043034,0.014478611455822757,0.024934838614531794,0.0019252386744251352,0.08372077848155725,0.0031898649733256334
0.13566912076524743,0.003623994900839497,0.04990664028362398,0.07781385179023981,0.12570919679140383,0.06227173677721618,0.09183524077627593,0.004363863679699653,0.031229858424538303,0.03300603368660295,0.07015816684390064,0.0004807506766505068,0.03006425935912145,0.04447726835546648,0.005913817586259286,0.025009034632920424,0.03874902065711899,0.019324791397410456,0.00687248372866557,0.14086470977026852,0.0026561591165303175
0.14240495335330164,0.06470229046438229,0.06695257777773493,0.05521593237969011,0.05787673853103471,0.04681033935498104,0.041573474411677615,0.04844609001878861,0.0229362362411034,0.03590813553636318,0.09642026564855971,0.000716854485761815,0.12316173068913132,0.03243055882731227,0.007929384443592402,0.08978256806950803,0.010874343066436764,0.003816581053415752,0.005295769808352984,0.043335878480980285,0.003409297357891156
0.1255529117885663,0.04085520781087839,0.11054749383105168,0.02963416056180307,0.05786264976629009,0.12618644583358285,0.08486701066017499,0.12514495586229465,0.05260092226396565,0.05956171450843504,0.04834878986242986,0.00031016847481541365,0.02359868398071003,0.022179441906112294,0.0030223127450205865,0.05807774522342717,0.0014817907829958287,0.011387145408122813,0.006600171711887261,0.008247144829721489,0.003933132187714248
0.15599195689412867,0.10213419190130617,0.1075269564640919,0.0549805299175416,0.18738996798607804,0.01672415119716311,0.009149309243977796,0.019563933417934436,0.05075726688190209,0.021018008645857966,0.037247281116117255,4.691071041968114e-05,0.03059535671185916,0.015615633671739996,0.009132362901205707,0.09006374648970497,0.027632057544190115,0.01865432600045441,0.009652459728903013,0.0332437283521538,0.0028798642232703052
0.07979946835329349,0.053554669117454934,0.03093490919069901,0.07755774648647054,0.08142607500273696,0.10764422423990656,0.0395430628424369,0.07805979583934342,0.0019267714556702406,0.05175232928660047,0.022448924404554323,0.0007208373539389665,0.14552910033851732,0.025881138085014327,0.005639550955703088,0.034840581963699845,0.014113662148067616,0.0024432495789503948,0.006569676519854889,0.13659382554960506,0.003020401287481815
0.0638000106582987,0.0761006139867202,0.05521923366889845,0.06441522040282276,0.11453730135825443,0.05686555667029414,0.0642413094878789,0.12498251828239024,0.030237957710935043,0.01033385485730387,0.11011218278663037,0.0002950530778758985,0.0814220142810585,0.029071919600147603,0.008620813604726777,0.011264853347041451,0.0018482196377635034,0.022298359794406603,0.007710020768521535,0.06441876089037575,0.0022042251276553028
0.07507904404346522,0.09957012070607478,0.00781125651067203,0.0480919193173616,0.07095622050147929,0.11902313928864261,0.034285635114757726,0.0907405245360062,0.019557300030054223,0.026739616365908617,0.015687695468290578,0.0011267411693240417,0.14835951897932378,0.015324854436784467,0.003503326112252608,0.10509855661748249,0.030579177024181396,0.01664778175606574,0.0021800313814285322,0.06769480598277039,0.0019427346576736987
0.11227384089550826,0.0687493577829995,0.05382172932750195,0.08787829248764185,0.06038182223359147,0.07731901863192117,0.017388832243880176,0.002840037498550677,0.049601883804773095,0.023669882287665586,0.11184290196141285,0.0008292703086352471,0.048871403790395236,0.0001164445967108747,0.004944490720172194,0.10395712998455041,0.014227234152664456,0.02478224259158497,0.006476142877447176,0.1287882411138276,0.0012398007085649596
0.08950261909062293,0.07284896439750708,0.010617507391231719,0.05477682867796562,0.1503934153501338,0.0005287097475313247,0.059203380845116574,0.06106025186468462,0.049233474458771895,0.01468619297334204,0.0574152942275585,0.0001611198748536892,0.1719420603627325,0.013474936161734547,0.00362853845457279,0.015218201042887429,0.005460500730195649,0.02376855340303047,0.008273604266984176,0.13632291056088217,0.0014829361176605478
0.06221630135205954,0.0484325287000856,0.10250217878242421,0.03970459296868417,0.15275667094391815,0.09712299302942284,0.04282376052200754,0.13080786966899385,0.01781391870808895,0.0013411207268139303,0.04828179602434963,0.00027052860256141794,0.07069870905478723,0.012384752761422636,0.00467751185393425,0.07342054904629829,0.008635899885669417,0.003153790425803866,0.0034754668981680564,0.07749876875543547,0.0019802912890710036
0.11967937729742777,0.056084910847257544,0.017411451847535224,0.074005168614272,0.10259390083277042,0.05741759081392325,0.028270518400426797,0.0064541170490073985,0.05467032176413218,0.030456110998798313,0.11181219090917609,0.0005006620945708816,0.13391812947711654,0.027227761559090402,0.0050116128239996866,0.08106702978474141,0.007450708827336164,0.002772988788334214,0.0006642123540658431,0.07930036842169277,0.0032308664943249063
0.04915792762466603,0.10325446214753907,0.03575859843205984,0.004648709405327716,0.16296914995135414,0.027008765479572646,0.01609717891289377,0.14198823905333405,0.06855472041898784,0.07302310444093658,0.02998808661829614,7.022577648243549e-06,0.11663040896496547,0.01162652657900882,0.0013938281539388857,0.0176287028304123,0.005468134958982411,0.009303365324394686,0.009281471152583156,0.11321850661626329,0.002993090356834528
0.01294795027568501,0.061849183117935774,0.10431945672055823,0.09941662415397601,0.12203059284790747,0.04928855277861114,0.0200327579405985,0.022575292203811072,0.03729877020025487,0.06369023252273977,0.11679517236580453,0.001030731091678016,0.13801675597789387,0.016075846425267177,0.007576465585144492,0.07249188251218679,0.008922198044418406,0.013341897350484595,0.006332255588987293,0.021695932523317907,0.0042714497727392884
0.13791106742124332,0.025798004112478422,0.05138867368543387,0.019783404919047152,0.11990060602317848,0.08614448533816534,0.06290821585675363,0.05423666003609391,0.0570037443367369,0.022541658152117554,0.14932701017646058,0.0013205888704369722,0.1457130780770747,0.011756753894336735,0.0038420609114500665,0.0009312975234914377,0.0032633659570716024,0.003719516468444454,0.00798113776079465,0.03221311864041472,0.0023155518387754565
0.11095392452055003,0.02275679023451876,0.03734489685554353,0.07065271872491773,0.04306467580998622,0.07630469173813177,0.06816899614823557,0.07154535596657409,0.025426027655329395,0.06235789180902189,0.11076097596447516,0.0002291355352457575,0.08154647474450619,0.0323563068203041,0.004253287237497599,0.02566992209219338,0.026115157273116328,0.021007126034128323,0.0031996451666547318,0.10528857840944979,0.0009974212596196078
0.01546362730528419,0.12166626509988339,0.08967877273331837,0.0704946591204359,0.06381893294042529,0.035737716224482415,0.07938436149455262,0.002913533787553305,0.04472604398660632,0.06188865078926263,0.024728707561381943,0.000642087053019258,0.12068069274405989,0.038735006002823334,0.010694368780375897,0.08658774751106055,0.02422046780882053,0.02027131818652356,0.009506410340001343,0.07468670882173245,0.0034739217083970654
0.004105352276663177,0.039108942716214304,0.02780109526643367,0.07819680130307251,0.11290412630507457,0.025881074565486134,0.07829480148800193,0.10847188507195356,0.06120111375593045,0.05765555699328004,0.0764223189012424,0.000834985391917272,0.09074743197176609,0.039728029168011214,0.0048771780775715085,0.04969239473729865,0.02454379028245726,0.008168286692960876,0.005111119442907648,0.10359790095126609,0.0026558146404907345
0.004417315462118063,0.01038792033359886,0.09105731226575897,0.05442005869757926,0.15155316814653802,0.002770087537340546,0.07309112000388733,0.14491126453460224,0.0011282149801030723,0.06172072485011528,0.0979321018625797,0.0009375716355533286,0.10727336791774986,0.007144051934467999,0.006410667587132667,0.0869840753573673,0.03267284353255546,0.006240943718171094,5.267384981167955e-05,0.05494547347776917,0.00394904231519998
0.14745573952512542,0.06358040546936998,0.06824270785661664,0.015157384810140829,0.15108552725563612,0.012701740263424658,0.07332640476951376,0.15324820197745384,0.0005949772503045699,0.024760914897257236,0.050469654895895,0.0012242970012049732,0.054520294668814986,0.01494504680801122,0.008672670630663288,0.04358582926753147,0.022293848719715573,0.01655404808905365,0.0034055660060099986,0.07146074047145251,0.0027139993668041417
0.20875752393231709,0.03223728609590742,0.14745012919014658,0.01319798610355275,0.2510022351899333,0.01984139717178495,0.018968156807419603,0.02696190529064383,0.01341184558670809,0.038147135848191946,0.057994545486938866,0.000870380350741664,0.0058227752364984585,0.038072524368569234,0.006376203897562074,0.026028041289703367,0.007673750650490716,0.008383490738269769,0.01386074962848332,0.05899269297584748,0.005949244160289696
0.05593570841375921,0.03607602050029259,0.06682934934279422,0.059506096335862776,0.11569870469856251,0.012451447173876763,0.06733467576981339,0.05228179582450359,0.02747485533115059,0.02049243386358266,0.10521952643857405,0.001109595890639955,0.17528984811005516,0.037671183048346234,0.00892215401112758,0.09755302714909779,0.008591944364627275,0.020720182448742585,0.008428810745815744,0.01860464630316161,0.0038079942356137133
0.13680650396921437,0.00694734401554391,0.0001805377644249603,0.04501169958588994,0.05695905092117,0.0830267973787698,0.054417924944352644,0.08179286215835377,0.04945922776647157,0.032943002324482946,0.04230409658391073,0.000126861131972467,0.13411032716670154,0.002346986691415594,0.0024959434593364296,0.08214755917070098,0.027334440160789175,0.013333580113881312,0.004491876121723888,0.14329826409527938,0.00046511447561465376
0.003314424857648962,0.03632073307442508,0.10528634592330176,0.02172076744515655,0.1475975990181627,0.07758039930866709,0.05782469055708681,0.08439427173802432,0.05525847630062094,0.015221269792678727,0.07505089413528628,0.00020220205971727205,0.14338352491330014,0.006402601960811904,0.005708810672416183,0.09495481812607501,0.03240058766919787,0.002689442228133317,0.007910863184814092,0.024493624578518038,0.002283652455956775
0.09340054108495469,0.11125829608414559,0.03235254950806284,0.02340690597683617,0.05354559252594364,0.11554146200334255,0.06920761481591853,0.07056334564244934,0.0447835924080748,0.020581757066064653,0.06185698482671731,0.0004971833376197829,0.1537590121930819,0.034934958118697616,0.004261471712590867,0.02128514384932079,0.015013448893139245,0.0029710940076459,0.009607698726337741,0.058139158546996944,0.0030321886720590992
0.14681533973505106,0.0012562434089754603,0.12385681796709168,0.011729041069991527,0.02007731083809765,0.07877454989095228,0.07319439379793442,0.10496423372749962,0.021470423654321162,0.02933223728814916,0.07926809382627334,0.0013764604423449262,0.1677938778923099,0.02168580645862154,0.0003641368595462439,0.040995409378727206,0.01063119935564645,0.023533221254516002,0.0015909895729180746,0.036470166773416114,0.004820046807616185
0.14744155948008536,0.005402235674561927,0.06143130440506724,0.03311688701433021,0.07927033021458132,0.007824876711114911,0.045666823544069195,0.04520140336717032,0.026519260952278308,0.054153287385728464,0.10444918744498934,5.820687894329216e-05,0.09969485617656891,0.032422689618118075,0.00440876979662244,0.10231962863452566,0.003041107312960587,0.01874982604428015,0.0021816047237006005,0.12418826653982562,0.0024578880804779486
0.020103294785410116,0.061759647800684485,0.024201057115869107,0.06716287017920688,0.16181111970038406,0.0707562693862576,0.009013798273473195,0.04757428151247383,0.012584867479062067,0.03388527577688552,0.010849067735319629,0.00013583716622115154,0.18792045921660255,0.03302014265709543,0.0009871890421726656,0.020228165988062055,0.032056884786936524,0.02811557013691812,0.0018543967109147666,0.17295134987120647,0.0030284546788438838
0.09585826832205538,0.13646404188183922,0.0549848707858621,0.01848750265840212,0.15033846104664517,0.07966821768459365,0.017463890671282997,0.0027061200198623386,0.029770920856567885,0.08979049656506059,0.03036023172389354,0.00018624832719491645,0.14980582830068578,0.016107146975758466,0.01211170289031298,0.0013605507315598466,0.03916269906005813,0.0256053545754291,0.004933021702490331,0.04202869997994137,0.0028057252405041524
0.035318455177682714,0.11712944973864804,0.021249956576219045,0.0008647728871261229,0.14403940419311756,0.02089495493134769,0.0729929564259467,0.09091549223578961,0.054659468194375116,0.04576196490878504,0.14679534163195856,0.0009075753498638056,0.0018594008681349858,0.03433179109715838,0.0017669688541466547,0.10312439510102865,0.027043409142164503,0.004420457267404542,0.0030203180348473586,0.06963091016680174,0.003272557217453061
0.10483087364901583,0.07754659895572574,0.1074425833946584,0.04527157182948616,0.12219128488407145,0.09071706630773238,0.05291045127662706,0.060369676360282065,0.04873798843146723,0.01908119474626184,0.019867709514272955,0.0009945425889299547,0.09863548166807655,0.0031339359516383966,0.00011873119541323277,0.003131615468359949,0.03328575027223306,0.009090259628053569,0.0012758169931981703,0.09780573694166865,0.0035611299428276633
0.009742938872656749,0.042721020147536176,0.09942609901552374,0.06967424517544044,0.10807483984256284,0.12535669514038622,0.020072467497682583,0.05197606323122712,0.058786401828383544,0.051654750477040164,0.019575629759669318,0.0005159933948513843,0.11416184439004169,0.013875232003540346,0.009505777171636687,0.05251872635944313,0.030508292896584563,0.022488501230690443,0.0021542349261496284,0.09371949638147532,0.0034907502574779764
0.07602214684375307,0.02739630010207663,0.010081494924408681,0.09401663187435466,0.1197571387326488,0.1139602336173515,0.0032026363101284572,0.05697615099849969,0.037183565837158615,0.05445849567950063,0.14062539086499337,0.0009398011384982551,0.11491177417783965,0.008656253467067058,0.007365295254428187,0.016836496872396564,0.016792358211526234,0.008599599336184798,0.005544378301592621,0.08511514418033295,0.0015587132752593392
0.10304798732238905,0.058968812279170287,0.07267968654159537,0.07891430660649063,0.023014218757119204,0.0570961850934264,0.06790046291866828,0.047460226691405635,0.027693840714349976,0.016910559343993242,0.11798703221306629,1.976041859213635e-05,0.13867785652606138,0.019586230465786784,0.003672831899940149,0.06072164067666167,0.00943401080982,0.0012381332168955254,0.00495755824791457,0.08813386454452107,0.0018847947121322548
0.17540899167322108,0.08457279354595927,0.09418600586083449,0.030659953870509373,0.06131775581622958,0.08574519871984403,0.0014946436674375815,0.04874682726318895,0.00944245220972058,0.05170513768537203,0.03603941259545904,0.0007077117038765888,0.016651303492615562,0.03718176201840436,0.004529365032671205,0.034490601875623465,0.029068814582661487,0.01729674226996791,0.00791971656603534,0.16883722219359096,0.0039975873567774335
0.19427275526201554,0.09885409266260332,0.010288464398154788,0.05179545585576701,0.01904876080536173,0.07365688452186293,0.00960081047975484,0.045174803427697835,0.04882002157492689,0.005416922007789713,0.1252827028083191,0.001386406056675138,0.0775099597191373,0.02006475812374713,0.008896267858930726,0.06872313711907473,0.015641647358215337,0.014343423730157352,0.004178864108664894,0.10573503368229387,0.0013088284388498095
0.1292382546367929,0.04510559506993637,0.08813584360445158,0.06109735989326516,0.04525846209422536,0.0689740097468596,0.047343808443740885,0.02786544969062698,0.016584183182490494,0.0462403401186332,0.06462428547762117,0.00025631121466862544,0.13889916094372373,0.008907630864972167,0.008280731204508068,0.08847189979137195,0.025369782236951383,0.022983910599145535,0.005114280367991196,0.05896655882303208,0.0022821419949913776
0.05434077776595326,0.019958397560676477,0.09790183216696983,0.11493789419516742,0.10467394677828372,0.02074820140937474,0.010692335180933672,0.05117388092522459,0.04000424245850463,0.03594423705119523,0.026736048806637505,0.0004531212121532792,0.18915810345418294,0.014244972042817312,0.0033119743699360406,0.09883413838853579,0.006941102848458305,0.004856245418042383,0.001229511456833047,0.10053281349355343,0.0033262230165665295
0.064449265534099,0.009313560143974185,0.07286239259326326,0.07617783712159171,0.10737900439596353,0.09678564896865886,0.009011537381919562,0.13532023313746894,0.06087996046659856,0.03974580008703666,0.0420154327665271,8.504173454128855e-05,0.05234808230386924,0.021248800542438984,0.002926200529738408,0.07122590735857282,0.022797854846053532,0.021309092639591375,0.009055188610125466,0.08136033452949942,0.003702824308467701
0.09249645852078459,0.019075718338885925,0.04598037039413064,0.02427274079158674,0.16130921227367348,0.07968082950110802,0.05977633814699592,0.10865713841661612,0.0607240263707513,0.06359030100086364,0.12717632378651866,0.0009545251080029009,0.030668187438670533,0.011378993320530164,0.0041570946426009395,0.0741638757175712,0.0009178977835080257,0.01024364744093849,0.005887549783947874,0.015065620239008337,0.0038231509833064584
0.05180951775786337,0.08061932478803917,0.07230353283883664,0.07271319696921656,0.10361446574613102,0.032287723211314026,0.002049017412557878,0.08462369208803418,0.001229462278644974,0.05224728530124637,0.08047720534756456,0.00032219462316949483,0.084908463578676,0.010011105595226829,0.005355674150592208,0.050117230295327275,0.03184099251994984,0.02150348277757492,0.00993519437980306,0.14875266685452473,0.0032785714857070203
0.1114398473007137,0.00961430161469893,0.06613126334374159,0.049226417026912744,0.004249156573094822,0.08836669075956341,0.04969108652214656,0.07707322106885951,0.043687663391112616,0.039076089898815544,0.10012124390078193,0.0010169214403528714,0.11124746071961139,0.030345057808005574,0.005567064846248955,0.05193356384407183,0.003071480234496422,0.02040900852496549,0.003678656492035965,0.13097419881694847,0.00307960587282178
0.07564692697081747,0.0731827564324884,0.07584742546997794,0.039558911892690174,0.044714276160944685,0.09730793624739652,0.06771576226791709,0.013960413096503477,0.052635819253029466,0.027662634974853034,0.10927038843018509,0.000494484294066189,0.13778926109663345,0.018516746971372847,0.005167231358709475,0.06527041750791364,0.008871249850679065,0.017176789678078695,0.005314541120185001,0.06107963191673164,0.0028163950088266835
0.1169228863639516,0.029705286928626732,0.05415808076093209,0.05489717920906708,0.0812828052802382,0.017155246878859543,0.0092548577542759,0.0810121290824435,0.04172549125968418,0.03746695368989325,0.05773730700644091,0.0005389775346222519,0.17871393739146682,0.017182502061107826,0.010773282425985974,0.08123249935740913,0.018017676862554278,0.004834236950618743,0.0025979946889263914,0.10155224904917867,0.0032384194637169617
0.2721055576616334,0.047875159685516686,0.07596065333825018,0.013601668789930538,0.04747673286301683,0.051103535188643356,0.02530427435775039,0.04391179569324751,0.06161259992477405,0.06270310600690936,0.044619732203960115,0.0018096196311557732,0.03704991021812207,0.027688949653368065,0.012685935959928337,0.09190098776479057,0.04780317095972737,0.002786989266768298,0.009203096722317937,0.017926747271979716,0.004869776838209408
0.1547401509402282,0.08613980377900997,0.008980299648786182,0.011353702590346142,0.10720717608036633,0.004786396412183165,0.04556127320228267,0.06460138643454069,0.0518918412233921,0.07196451745584853,0.06789669049887012,0.0013632505971473325,0.0422904910137768,0.02745329340757859,0.008586185402193398,0.08828867443370017,0.020936878854499498,0.0019856157113199006,0.006669353989500561,0.12422362102593644,0.0030793972984932074
0.007337589820333614,0.014538022635189642,0.11056952750028363,0.048611612451151774,0.13432564237484032,0.03820592501552604,0.0204871534249147,0.14096685252017746,0.0414732452538396,0.024840085425635504,0.13446105284104523,0.0010057729854927346,0.10710819973920294,0.02511385669114935,0.00015185845460323266,0.01678192150893751,0.012726681004267493,0.017895718186197875,0.007257317229442097,0.0927941393968177,0.0033478255409514343
0.07530302468715759,0.08733357812062742,0.09189098316128551,0.0935126080807185,0.06991881774872555,0.0730678003223472,0.06920629679853861,0.008042211217975343,0.0030223734335195237,0.0665466263688807,0.09119818285183454,0.0008952662202126872,0.011722392446663977,0.015092990743392747,0.0038588815900158038,0.06906631566845314,0.0020140216813972016,0.026568579060926505,0.009415544494716935,0.1280234766645979,0.004300028638012726
0.08504568126454308,0.10891642365301688,0.054865036467088846,0.02991515112931879,0.04293666191103743,0.09427327036719654,0.04712389728509177,0.13416224469350838,0.004034561499129213,0.05902787480886837,0.1051705186489323,0.0008522851090091459,0.008879712697509375,0.004556808397783789,0.0036758800139909554,0.023836342479352977,0.016024812521528445,0.0014314655060092393,0.0003876578127056769,0.17192357182263798,0.0029601419117409344
0.12343788535460092,0.07993901901226452,0.0836001424022308,0.008278641298834337,0.08264241122409635,0.07672205501620873,0.048951569683324994,0.05828938009159549,0.03015427343789912,0.04292418450158858,0.06971931901531916,0.0003617556993534465,0.10751027142397361,0.00673646635795518,0.0024480729138327923,0.057359168415331195,0.017193346870093426,0.016516261393596337,0.0047457065395492175,0.07981011301888702,0.0026599563294648376
0.02006079980247815,0.07055711340630717,0.0744543660562403,0.051568768744472124,0.01995278822507973,0.04926390716238654,0.07511196750464393,0.09557113481100797,0.05632226460791766,0.04227556852078414,0.12502696368618135,0.00024958992808698317,0.07178508942764074,0.02029369968727965,0.010610040078636607,0.05862383186761647,0.02179881838793953,0.023424476783092264,0.007679217560211276,0.10166620860030501,0.0037033851516922395
0.010418229745509561,0.08660696933575181,0.02091333822842899,6.374702080659328e-05,0.00407139082290381,0.09353527397914696,0.08099572485808035,0.02286928693404421,0.0734319106364537,0.07434572733678277,0.05574134806144217,0.00032882828855430526,0.19423021482688282,0.021280804179070655,0.00875547043312233,0.03080670343968586,0.01907920161744979,0.005627280849138482,0.000915711731394724,0.19228138682721232,0.0037014508481375877
0.03736573580907799,0.10426264197646079,0.10774524058793128,0.03577273777323105,0.07154795936475841,0.08173894918643645,0.0257495117433746,0.05821628459466464,0.04709432134221739,0.011706213722456919,0.05267845470204852,0.0007926912340778659,0.07717152137629238,0.028005355434985627,0.0031397156938716576,0.09859012109517878,0.030994311976098882,0.0023623631763422886,0.0017600220080469066,0.12004339445680601,0.003262452745641658
0.020774515415886163,0.05280474656963259,0.04466469625273388,0.13036889082233946,0.06420507798307366,0.049272023931133974,0.09401004514708614,0.010926687448218213,0.10677438782500144,0.029977011895795685,0.010689552197986276,0.001166243653328932,0.16820229023137054,0.012400567166959605,0.016087972872425627,0.10890116808102146,0.004923009112595651,0.04021833057195808,0.00851539239109532,0.023328219610802715,0.001789170819554542
0.10423227056021858,0.012345554324451292,0.010661001960912192,0.015069086718168,0.025609677016995094,0.10949717943763283,0.023006999839687386,0.1805302865792411,0.07829426808425863,0.018815257751914866,0.1395615749815419,0.0002609996367839615,0.000700916691356019,0.03733260850692481,0.008234891321156472,0.043532468910525694,0.01238206157282084,0.000850148861114785,0.0013889286976886796,0.17521667063963017,0.0024771479069764517
0.05588761646965707,0.1284327765580169,0.1287793773589683,0.0378305454806208,0.20769109377611458,0.11604922836625636,0.04492225588943646,0.0469958337167567,0.02776650984604408,0.015896979314581876,0.0594144432351453,0.0005832216371577603,0.03017720391533952,0.04186934734666128,0.004411751418634191,0.01474274234395775,0.009218317850128287,0.011144480774787802,0.011706660431906733,0.0020395891632479426,0.004440025106580303
0.07653838741399027,0.053223423118159155,0.0619844005947705,0.07887073814163893,0.04573761408908244,0.034334173374756735,0.06848969380783115,0.132060971113237,0.017357250882320693,0.03669021334065611,0.08924159051986016,0.0004148181774005418,0.057894997243681974,0.026367419742660356,0.005855323278855306,0.06139445434404406,0.0006236228158090501,0.014535889505651484,0.007665181188729607,0.12748467873637795,0.003235158570486253
0.1405885654578739,0.09435140568112725,0.04359142804117794,0.003728495952376278,0.11567152361188542,0.02781889650735302,0.02638984872670573,0.1233883543372863,0.0027926180381865036,0.08393300368387197,0.09685178518421823,0.0008240258788031066,0.12411261176293537,0.03717875087118821,0.01042274009187435,0.019554717104694645,0.0022776840636262352,0.02019640496642265,0.007743684695603976,0.015470141791103413,0.003113313551685366
0.1702557793407349,0.03940219282595803,0.020850503738059422,0.08786957975589892,0.017068349668430374,0.007506399161558134,0.06793037822950079,0.0838148628086945,0.022559812477848225,0.05369366285548625,0.05008107795086717,0.00046366541355814583,0.1044579440079453,0.002970281392584524,0.009559406013327758,0.06341104591092978,0.023620991119212342,0.004629763352411398,0.008445709782188813,0.15979243600985957,0.001616158184945641
0.06953880596848964,0.053555657667269274,0.0849031755569789,0.08556702045396337,0.05897606280667981,0.06941773049837295,0.06702843089824433,0.0801456617792801,0.015426835149507837,0.053467681231543135,0.12336196073492794,0.0005815759351433333,0.07044010204281088,0.03021998686139262,0.004705668464788699,0.06173794224548115,0.01606874724391398,0.016263178744303525,0.008414811092695306,0.02623942809056432,0.00393953653364882
0.0225470056620528,0.040792527950925354,0.09452780509604249,0.08660689377651219,0.1335921369441166,0.042159337535304556,0.03894970479366689,0.02141555883869911,0.006899761619427556,0.06749905893045899,0.10438477075691002,0.001171423010412453,0.11363593702310813,0.005756585461905371,0.0006065467535198551,0.007440266500221533,0.021236556044599387,0.02316561979511964,0.009150555001775825,0.15462042817703933,0.0038415203281818725
0.12767663649321498,0.018454411217018216,0.1000625152128011,0.027137264358682044,0.015845165292184667,0.07550367207956855,0.06084955840636305,0.13860670912982379,0.03789231995787302,0.031122938315808864,0.015949054048221684,0.0012667207710445132,0.1458645646386755,0.04787340674308447,0.0010045802787504825,0.0772934713184941,0.04206592321989697,0.018150168256344495,0.010324579298431143,0.002445277034314444,0.004611063929404022
0.12139145677170561,0.006210172823785246,0.0378918523251297,0.06791264146309735,0.049702810140532926,0.11244459587340656,0.06585173687549048,0.11802533504162364,0.046365059096614376,0.07362807508866281,0.11084787372904994,0.0004118853308733933,0.007888473728669685,0.02091029798217529,0.009260826321221681,0.06702113364821341,0.03429643146839296,0.0054982200907423544,0.008687541204500894,0.03196254053992052,0.003791040456191014
0.037541894075812966,0.06334421515245606,0.01480890244510243,0.040608496811340315,0.1040069722043858,0.038350057656827106,0.040166090197611755,0.14597665842706087,0.01566060583407236,0.03286833090454104,0.012830314995488977,0.0005845019824388481,0.1386679434719639,0.03439778373859121,0.0025679336150098604,0.10262716626074665,0.00028805004749012217,0.006619114577048584,0.005214556953871064,0.16066327304602376,0.0022071376021163113
0.14646525293156687,0.011732194271279943,0.10240074238964372,0.05823365657108949,0.127573740727708,0.020208527474512163,0.037273737875321074,0.12155302023360826,0.01308563075821988,0.019344307824260023,0.047291360231198454,0.00021930842488209187,0.04939233020352611,0.012119863996141896,0.0032590722508349127,0.07878126515293525,0.0032577367116581614,0.01378598176791313,0.0017607092066411548,0.12953260063675812,0.0027289603603012627
0.0899582757000838,0.07600741970617121,0.012735428068067158,0.006852635374302277,0.09798573824878767,0.022274355532954735,0.01722740807360503,0.019055007399620953,0.05176510385295949,0.04412700931305031,0.11318783520431124,0.0019109468121386853,0.18459834800039138,0.041045169518707576,0.005665978145353362,0.05372581348216289,0.04184494829119184,0.003850265674793883,0.0005293920794477697,0.11049368281925454,0.00515923870264399
0.18836725023700426,0.04067820006266722,0.009411993092258271,0.07432515871462993,0.1800987851407672,0.04208724218789019,0.022302133570205603,0.0222991008913495,0.0035509425517059796,0.0914322006857706,0.1540579409520254,0.0003422105330350479,0.05615686194981088,0.009764736057091205,0.013253927754503363,0.051535676268162356,0.022177629751565908,0.007781117292437609,0.001763216973946767,0.006029607314370414,0.0025840680188023582
0.09058846066864039,0.08983833319254901,0.05385978326569442,0.06844356804607016,0.11329338521278214,0.07925091311721165,0.02227558851913826,0.06196384654212456,0.044317037537972975,0.025713103435405112,0.07835792152286962,0.0010751729999340877,0.08779320963933289,0.010550581028500124,0.008455979193004035,0.05815223715362084,0.017870005074616124,0.020070804858161685,0.00128914475882045,0.06400947383212068,0.00283145040143062
0.16833836064988514,0.07705942483252697,0.03887756922388544,0.03894303016951604,0.03164824142322438,0.045328221283773736,0.016574250150875384,0.06639169962369437,0.03435118452876263,0.004726605050644115,0.11827947368391892,0.0006723225484767796,0.10201313477739507,0.01907215473800977,0.009676824148597505,0.09094916498380312,0.0032822830840826818,0.016311336448487476,0.0056123629350257045,0.11085681117436735,0.0010355445410471802
0.04798382039775714,0.07967764766877626,0.09209026780108366,0.08619789750616388,0.03271181962614707,0.046151933065016984,0.06612945100648915,0.007981642857698673,0.015441744007803465,0.05014949752630193,0.07478007305437998,0.001108420471446004,0.16580225199509926,0.02635464558498135,0.0063061057284006525,0.05741914038619599,0.0026764897292164626,0.012239446068353175,0.0077689444278334265,0.11637635589598241,0.004652405194873022
0.1676300997665321,0.06577242322997273,0.03414264386187294,0.10141627622188606,0.026729290715403618,0.004522279769328071,0.04176022636136307,0.05761029939237874,0.05358123779389607,0.05987197764189503,0.12616312713675223,0.0004033453196468602,0.13289895210923988,0.037014470538250986,0.007630243566286813,0.03240441233232083,0.012968510589428585,0.018668194999344995,0.005223584444190068,0.011574767994826568,0.0020136362151837147
0.07290444999697877,0.06321449080030683,0.0673124381710212,0.05348930404141465,0.1141889671273851,0.0611659156584331,0.05156794811460478,0.09416757163144211,0.013000952468002768,0.027677257602986078,0.05171518115151956,0.00019452278310962026,0.1189295611730729,0.023834967476458545,0.0051331876065199185,0.041986312063230294,0.019211767975174713,0.016145608691011552,0.00157020404843327,0.09997642154861393,0.0026129698702803527
0.07304680743798943,0.026140753707006626,0.07450891351126455,0.003792025116123557,0.039305183771708635,0.05704046533257616,0.05996138447242501,0.02521833207975298,0.04401087924651044,0.04186718671669374,0.07914860692318969,0.0007585355589014375,0.1613560997471136,0.03274977278767111,0.008138084809295064,0.07398306554435354,0.025495609202647488,0.006064167327967653,0.005966336864591899,0.15767211317467408,0.0037756766675433756
0.013401323203500834,0.0933048204544406,0.0874727747480626,0.0629687613749389,0.09622676450643584,0.022733153914490985,0.026964628149521237,0.06180987696858404,0.053608678348592204,0.055369357630737456,0.12833793793296533,0.0010770433461682121,0.11977993493047917,0.022206663085511193,0.0008199470818432028,0.06789057001757545,0.013884777930191607,0.022449002114189574,0.0015538017648981475,0.044133247409812226,0.004006935087061419
0.17574991668184142,0.024159329135982,0.08675705494548289,0.10280816658291123,0.04957865495036854,0.08233460694367495,0.018867828274054213,0.015973923329987337,0.020648174366651596,0.00842994461291887,0.04091881789054804,0.00013709285315434302,0.08473992941569573,0.01647808918916201,0.007962693970657055,0.06886792720638563,0.00038316851903749417,0.024771923146286064,0.0040755542570864245,0.16487970389571743,0.001477499832396705
0.1106701932340478,0.09678584297158578,0.029322238812242742,0.09764094290580852,0.14398443854079346,0.09562079530006716,0.031009998636441067,0.03132465456912221,0.044984588124157655,0.03448443892036483,0.06775592937927878,0.0012693060897305194,0.08246381940366838,0.023334491796669868,0.0018673676389598403,0.029813081162084032,0.019871680532906076,0.001699681172772187,0.005430801510482942,0.04748025032012164,0.0031854589786944523
0.16340458480844375,0.06978521486135864,0.0791456855428684,0.003179796890663692,0.14317342547033693,0.04991115327729714,0.07632120985144811,0.11422493245201076,0.026799959671823793,0.029739055133924046,0.02017984090200628,0.0006161165710499009,0.024320491168297327,0.03221752592422937,0.00908901014070207,0.004643203822700831,0.007717056680695084,0.016294665523552288,0.00860682414722195,0.11682738805497572,0.003802859104393615
0.07128651175100965,0.0332635829021112,0.038865039307837905,0.048545923302944494,0.14644734514427749,0.08903954990297949,0.06539428351344741,0.12668850505750975,0.007746129830442021,0.007642253151449405,0.03585043321156232,0.0012222199550943203,0.005500667737723791,0.015417132650082077,0.008654495899571908,0.08771192419242074,0.030270115342662746,0.006090259851592922,0.006126007628895583,0.1661350709666831,0.002102548699701584
0.02051258442979281,0.027515825826531157,0.09537582128232312,0.06867992155516506,0.008226794903690986,0.08339160628942928,0.07124185863562355,0.1352607782483195,0.04161185093842664,0.005475234862061556,0.008989735497213588,0.0004984669441407646,0.1745506161543122,0.004868040158702143,0.0014956807078132415,0.07399533503466106,0.03351420942967665,0.020182015987510325,0.003872509762833023,0.11834202331471967,0.0023990900370536275
0.1332754966912973,0.10579766401902452,0.010254219848455008,0.015742671927239965,0.07470042739029417,0.017807226807529202,0.01958580852493252,0.13043184562077523,0.013614593065775567,0.026154981605834654,0.01644274012960145,0.0012116443572686823,0.10137734951067923,0.02106092141034512,0.00757142305711893,0.10589845369657687,0.015634126286387228,0.008801689658379503,0.0015976495266428904,0.1708012209240525,0.002237845941789376
0.08065464710818494,0.0016017837374249697,0.06992048800914871,0.06760594721571352,0.1087341165174862,0.09029540713243263,0.037599380863582964,0.043822590178915946,0.050897785238876975,0.004148330020505025,0.12673400998039144,0.00039003067299914803,0.07008907139943898,0.03121778765330705,0.00899828189490511,0.07940622207183506,0.007188385946712424,0.025395463767499068,0.004494463499660989,0.08888280280619099,0.001923004284787923
0.13330337983740928,0.08615069797238227,0.07119673922710144,0.01565297587899695,0.01164611156731873,0.08255759007600001,0.05252016098072781,0.044762009462336605,0.05536374056865204,0.053804658964051316,0.13278472177908304,4.3234472918327207e-05,0.06519476704734112,0.034965722992732914,0.0027681895155149696,0.036321464285318704,0.026128093668341717,0.0069110571221097095,0.003932495436628524,0.08199350742292263,0.001998681722111934
0.010730396836242478,0.04971948984453576,0.07278702357037597,0.09688705028287461,0.026984688794226705,0.06590454582553988,0.03685317862402592,0.05024962140157441,0.03565758603301938,0.0528157837724859,0.12325178854436648,2.8565476515810726e-05,0.12599032013885775,0.03482149696028114,0.000610379215818986,0.00836344460479095,0.032835131218676386,0.015708020661567193,0.008769427469056816,0.14852227555102157,0.0025097851741457647
0.049706267101904816,0.10501534996517398,0.01740024431873221,0.06565013230443903,0.08022070602317631,0.06701006270828246,0.0343690111962433,0.03133673456512086,0.055554172225524175,0.040840001981272876,0.12673563330588689,0.00014808284312073207,0.16959698896356068,0.02988062910597319,0.009481608807373563,0.03656390953984794,0.030980619586513016,0.013014467193193106,0.004247864733786575,0.030633618111628447,0.0016138954192455434
0.06800688545371698,0.07479599531586267,0.03443354092542259,0.07923823401859392,0.1702471449490012,0.02957334929467191,0.006333062987122001,0.02062480660762557,0.0358068231988623,0.02799043350421475,0.12907196963630696,0.000719257419902929,0.14634697208291106,0.009608428080289683,0.002876507429846445,0.08267893143014177,0.008713064999330262,0.021272683419389756,0.009501389956847593,0.040048740269345934,0.0021117790205939617
0.15604424420046814,0.02191698317773504,0.06335734846908866,0.01825237392974673,0.15769314929643904,0.033796248778855266,0.029320813079185555,0.024981044070975976,0.046207284500455914,0.02327578289954055,0.11271182375300477,0.0009768428516211628,0.016336118002945748,0.03332287069817999,0.0015282932305071548,0.0768446465495611,0.025773652142464677,0.008435445154491558,0.007093190882082688,0.1387126347272543,0.003419209605395901
0.14673754952758467,0.0008805739550693837,0.030478218147131763,0.10203135778230876,0.029818783092486815,0.08472116266570201,0.05564576012234662,0.07713908064289478,0.000140593181780187,0.07365845222084064,0.11371373273285981,0.0008670041971453187,0.07203170816907911,0.02004547212963425,0.005297885900105546,0.02761160988329508,0.021020648548537718,0.025348655628732238,0.007491919417868894,0.1017766382136761,0.0035431938409204527
0.18500055926200248,0.07118434537642705,0.0751939749787471,0.09965788968457746,0.067323409850994,0.01920147852904987,0.09294682730721963,0.005090574492912379,0.039654781744301607,0.021224169094410848,0.057170823043787275,0.0015931998888894649,0.032862633528086924,0.03976892228367395,0.00471567916580976,0.021703399605322356,0.006212982348969303,0.008965453383687094,0.0006961766111265448,0.1439204691371107,0.005912250682894228
0.14264559835551588,0.08783603735950185,0.06937757809898003,0.05899238665706763,0.10417660457421508,0.025259162562526284,0.07143883534428647,0.05590330953416607,0.03863910170514871,0.0252028332202686,0.12028485249351445,0.0009381854945755284,0.008502800745239713,0.006282787401505015,0.0004131065026817785,0.09286347646887627,0.02028454989255449,0.01222227339020415,0.008595143503682798,0.04758616257313385,0.002555214122355479
0.08950213832071818,0.03349897273509318,0.05722808576906775,0.06355635861282459,0.10757259142237671,0.050247402988615,8.806679896089548e-05,0.07015015102795631,0.011248896795997596,0.02873552947884708,0.14421053087654592,0.0009743881239623774,0.09133881300404662,0.0042430312517093526,0.005778182761350661,0.021417995264069335,0.03606377316219207,0.023350638052891306,0.006290183695868706,0.1532606150800773,0.0012436547768290883
0.08577699145035306,0.08811822520725322,0.0782287657299398,0.04350895765246298,0.12248153203228808,0.007650775974328101,0.0432376896298664,0.11648904564337308,0.044163688502088794,0.044759944204582416,0.033281793994374864,0.0009011138955452254,0.13372505307151744,0.010978853460323346,0.008156516282088978,0.023102971411710346,0.009635821523681375,0.019724329229755623,0.0012139908316182737,0.08125300491691875,0.0036109353559299067
0.19460194475375187,0.0686072274000007,0.029680914323411946,0.07021573111974223,0.001221141696053592,0.08161225799423932,0.0875190402198507,0.042320835822015936,0.04228370684826464,0.01993793587366432,0.15311276231670456,0.0013431349378156391,0.07368331610907403,0.0030418642478933777,0.005571707590879164,0.0025856233025401305,0.005297484969012287,0.017802122116663936,0.01050682926527155,0.08679257731568508,0.0022618417774650564
0.037863845324344586,0.0318214649572971,0.06306306457738858,0.06274843475236147,0.06226324201139653,0.0951125477570463,0.04540557141015804,0.04635197624984885,0.04916410232783141,0.031080775754782953,0.05514494546520625,0.0012194735903604428,0.11130003958117192,0.009831206509801642,0.010670489717605942,0.10477930953480666,0.013817460705814459,0.024800281628268785,0.0005296274282241114,0.13971983032907764,0.0033123103872065144
0.05754529493888451,0.013235496488873141,0.0925248583997106,0.08094311570501034,0.13697741322658213,0.08022013682786461,0.033648084875055086,0.11073072312550243,0.023519243104963356,0.03533085130471738,0.11177827312672796,0.0006008368578065899,0.09201913176591743,0.0010413567940910184,0.007424249060629702,0.07596789391425547,0.002933340896566746,0.021282701576660422,0.008412604140727108,0.011189472124506996,0.002674921744946927
0.1327926056794933,0.08303838421386614,0.05115643530805448,0.027727174037778187,0.04239783032784131,0.09970243620993982,0.004881538207003317,0.10097977134889437,0.04245164372653391,0.004959865871176045,0.008193382753692253,0.0006605691642535178,0.10892620958603029,0.010160939615009955,0.0044762050116874535,0.0957531877700418,0.016807872022335548,0.020180513757318313,0.004984005728867484,0.1382248580372014,0.0015445716229813087
0.046572297496450706,0.03698473234849353,0.11597984712612495,0.04561064825968449,0.025189770730154132,0.00249984153722957,0.003310107033521154,0.041498082819150815,0.10925762200853797,0.04073624869252015,0.15850442068932258,0.0016103909988114823,0.12530563415270116,0.031036144830615814,0.011969909991966626,0.11955906054635199,0.004940346000305805,0.02444678268146058,5.3551340958669036e-05,0.04921807319445011,0.005716487521187844
0.007369604531615764,0.08441355295039056,0.03292785511118891,0.10156001075401647,0.0945168288190901,0.02312666059642923,0.05020458763767816,0.05370633139555638,0.028709945565388018,0.011031903978259167,0.15429066608334382,9.143987173722122e-05,0.1443943246295079,0.03234877772988637,0.0019001262969868431,0.02476044982104682,0.012772075327651605,0.022416227474222627,0.0035185478302996918,0.11440470695032132,0.0015353766453831271
0.006646712819517939,0.1370101259286891,0.020273981655268957,0.1068816298437529,0.12853934286173221,0.06944696360532146,0.0020135756024996314,0.042460745297331445,0.07964549999581452,0.037201026950013705,0.06906123427217492,0.0001956779529887694,0.012186635200596308,0.018116377624684862,0.006752915149942428,0.05045767925833835,0.04346958047725781,0.031704824092991725,0.007147578806307177,0.12890637454382747,0.0018815180609480999
0.0583487721247917,0.09329529763239638,0.0865950213248004,0.0851405090675336,0.1529399500194482,0.06759241458983105,0.011020565279242285,0.03143423268184984,0.01219822680073058,0.009960654727529494,0.13169147671459688,0.0008101580359801803,0.06498012314461052,0.02376144412786378,0.0019726735680342914,0.032350896314643635,0.027602281949203108,0.02634188794645595,0.004514697623680968,0.0751139717019801,0.002334744624797125
0.07115628851617052,0.10611532591650746,0.06285099335223719,0.10898149106440945,0.0674012314337193,0.11259878324247728,0.04520862572179101,0.13284853205680555,0.020393788544271062,0.03729203452033964,0.0431307473231696,0.001159859828378832,0.027479967074260852,0.010712673304744283,0.010875202605557638,0.058671014762120104,0.012265743550844407,0.01991345493248524,0.0015201610911084948,0.04649341659896897,0.002930664559632741
0.1767508740123926,0.02803088637330891,0.018862174866067675,0.10327650237728206,0.04176880771124686,0.11824027794763173,0.0067256463026701616,0.02218187932485979,0.04764879195073794,0.04847391872426094,0.0946676867140138,4.484313460195109e-05,0.08249259729512559,0.03160346357411,0.0015126972389177319,0.08027431819265016,0.03711749577471,0.009467343785954895,0.0019846937381186487,0.04607110690835468,0.0028039940529838076
0.1410303589612305,0.02960012907449349,0.03260130355436688,0.04565882995901416,0.16094590452258767,0.05896596784519055,0.007034718797783673,0.09193743457403022,0.035887870840725235,0.048116778465141924,0.027127385537612625,0.00029255386503027514,0.14895673998625647,0.02535027632530384,0.004691014257136191,0.09802534854662982,0.012946658074344489,0.010097546835859762,0.0028040071283651708,0.015669238804188017,0.0022599340447088333
0.1382257012064369,0.002095388804760208,0.05652049856540475,0.043942026765604,0.10907739460253998,0.1165943928828367,0.06396642384854148,0.07544690867002896,0.03357046847344724,0.00596551778634763,0.02455846212337463,0.0006717504424175024,0.001011445646791247,0.036961414497092664,0.004603692759170494,0.08419282225387756,0.009841875678448603,0.01896186921566072,0.0005587587801764491,0.17095279237533617,0.0022803946217063546
0.03602153446992473,0.031212358140572213,0.09135784789820617,0.04898318413264952,0.11112553346356267,0.042030576546101976,0.0031100853092172276,0.16233887983486928,0.04603071713979669,0.07532654858787702,0.08342439777666547,0.0003431265426484687,0.06032385676565048,0.02174688384270855,0.0061801344978652155,0.05478034400885471,0.013582502504749072,0.017229344731586927,0.0023149123919343952,0.08889589260301425,0.00364133881154499
0.030697523995447677,0.027392898923769813,0.046006983639624736,0.02864461978606549,0.16072790598100872,0.10565978822074905,0.03843204070120844,0.0454539627366632,0.027353538278894675,0.04604038673478729,0.08566251161477462,0.0009946381280580207,0.10263631279206344,0.022309233590905798,0.00046563324109354635,0.08312862889573108,0.02209059769685794,0.0004901397945503531,0.008044487812015933,0.11383195482577756,0.003936212609952301
0.14593491502033945,0.04054803841675787,0.026511234905215952,0.048055566695936906,0.03203361231372803,0.015987636273329876,0.030929342744259816,0.05599457493744396,0.07254482894875611,0.015263568172051207,0.15002397345357138,0.001004075816054744,0.038644044389149645,0.04160866810800534,0.009338201456488884,0.07526210218738225,0.03803285815520905,0.016815158332199934,0.008902400568618908,0.13420192461025046,0.0023632744952504312
0.11106264028890499,0.011313222487138862,0.08281203885015868,0.09546352338847695,0.14182694637865517,0.03199808393785239,0.06877943155687592,0.13671675733771416,0.056407643319800235,0.023783072170392487,0.11676290177126936,0.0005554780642966266,0.03853529372089041,0.0065049624973314655,0.0025142176364792426,0.02875270908087281,0.02068683001756318,0.020155721618568906,0.0004666580547959924,0.0024477763169878115,0.0024540915049744857
0.07166535543932899,0.11595114895328555,0.11008808110221904,0.028973404418784328,0.1052720975496485,0.03267470983526297,0.0045525069408647555,0.09674172182397663,0.023081456712100608,0.012063029357419815,0.020544128126098942,0.0002720899906393118,0.1131771521812896,0.0014157671283834704,0.005228243783741031,0.11680007125315359,0.013874665902538287,0.02631943225180183,0.00431373412412009,0.09498845252050592,0.0020027506048366727
0.1506615610107894,0.08843901553950405,0.08386985799657351,0.039522137192128215,0.035040950197502335,0.012310605853378623,0.04732281510851111,0.13535656880413868,0.03350271197798713,0.051820888069719136,0.019873803753661486,0.00018129271513031282,0.08172189547960708,0.03232309500269404,0.004728081708488151,0.025939712482288473,0.02262339803991873,0.020190305777887482,0.009102220583556433,0.10162679038413702,0.0038422923223987125
0.026426733482766192,0.0008963391610171806,0.08129438678471547,0.04509210784609972,0.14647230671323266,0.1088387730716298,0.0509435082415687,0.1338184728513035,0.03980919623689819,0.06378153228825356,0.056985264595446686,0.0003753277476865001,0.02914127254544035,0.0017174932923982847,0.006208537223056296,0.08158721768950858,0.029131434813499196,0.021442196645860535,0.0012716596968605032,0.07237613714846108,0.002390101924297045
0.06202003647286921,0.04598723938154943,0.08283682345076678,0.004018442048549645,0.13345268967306825,0.004293352473591665,0.04442133484960895,0.11576401483307718,0.07077869227678918,0.059216075544052116,0.12119639934356667,0.0006486529236414195,0.06929289289589352,0.038896482436372226,0.008124099689733056,0.01055250428191167,0.025187258986064665,0.013963208651099377,0.009202378906221309,0.07614398056480982,0.0040034403167638006
0.010252481928420829,0.03169533271274107,0.04418826478253913,0.043301792351085826,0.13097807769887962,0.0723587265664277,0.06523721309587095,0.04898829536420214,0.056126559131515597,0.054523739231799796,0.01196141107860243,0.0002230779656433252,0.1403243384237999,0.01136865329301528,0.0047190039447223,0.05898153918543343,0.021735420122579625,0.01945801108058632,0.0077009585536699406,0.16333747167275067,0.0025396318157142033
0.05924585902761429,0.09258010638567643,0.010923073777114963,0.05968220273592558,0.010635061684060133,0.09254565444292898,0.014514521931991192,0.08007076928566041,0.012415316669879209,0.04297209932882659,0.10705691310540758,0.0009466120774649034,0.15122197644730673,0.0009601926566317654,0.0020157378843576605,0.09464004617542543,0.029881349515294704,0.0046862397410325895,0.00017663396994614368,0.13083912138697532,0.0019905117704793838
0.006582505995548059,0.03686127785410234,0.02818269920594018,0.11205931335797505,0.06351477754289278,0.09621925085326902,0.0632345195100349,0.0005542623376463578,0.022134194278245714,0.04876920158637567,0.032735288659031005,0.0008386388742156758,0.15776365817050544,0.029211892443796503,0.009985758630251744,0.10591813878475806,0.018665532481649733,0.02104876746048248,0.00832849971779268,0.13435425349251354,0.0030375687629729522
0.02739785225245054,0.10074041185373914,0.08275707055226035,0.09419858136176139,0.13943062720725896,0.11620906770623933,0.01102646622692325,0.10685368843359028,0.020899415135885505,0.0024880870251902864,0.04259256599803015,0.00034539721549034985,0.013787893914569043,0.017904582261392476,0.0067570987864792225,0.06890296285408598,0.016384721118854913,0.005191764509068543,0.0005218836297448946,0.12273727984018093,0.002872582116804586
0.007832935827144135,0.07408822076106703,0.05180763384221215,0.08929588424869336,0.15342896737286052,0.05924358508760311,0.056561050427432404,0.0871432318892079,0.004520403901143949,0.043864553659596205,0.016279651929725553,0.000757853680336787,0.17469559384203787,0.034182254745587254,0.001149072219989069,0.08949916895811272,0.01789299634556295,0.008223562593976448,0.007979959454581837,0.017998692196307314,0.0035547270168213136
0.034516638502432195,0.042892307932931056,0.09559177461226334,0.004300422968894395,0.13731864240303684,0.09417298234540672,0.06130570013235959,0.08257187896499497,0.04830053363743194,0.005455352471550782,0.08390651907384557,0.00017057529436864574,0.06730374453004574,0.004735519433025908,0.004109964147823069,0.08539882278799382,0.01924708607308955,0.010137151897874869,0.005026879544783973,0.11183215996595756,0.0017053432798893504
0.11087913536961833,0.1129762745686354,0.05335955307943824,0.050702204932289024,0.03867089221202605,0.08875966592591432,0.026915164652407727,0.01701139631824158,0.030453294904860727,0.033443196693481246,0.14440759855350221,0.0003486609765121947,0.12297917284630211,0.020648202408700498,0.007203794509867378,0.01691360587845489,0.023815445979116594,0.024458621207943343,0.009339460478706707,0.06339127358351612,0.0033233849204651177
0.12455788838437604,0.094816242941334,0.028077395266936544,0.06645477395082408,0.06533683962873257,0.06057889238178453,0.048801960439881345,0.06576398575411828,0.018918277496718653,0.029235371670233115,0.10147079226500952,0.00010860107929443941,0.10092010654946512,0.00200868887523456,0.005036167053741986,0.045997860606788184,0.022882117989581976,0.013361152052961081,0.0033175208598445094,0.10178052919778999,0.0005748355553495874
0.1193925266349664,0.004506809195575393,0.08607758160246858,0.05722734469336449,0.023718875840383728,0.1028310707357739,0.024712720640147765,0.004755445448432465,0.01567282354600177,0.0588609422041955,0.12075078231432675,2.192990893460157e-05,0.1514727307639342,0.009215244668454444,0.0002431303626592336,0.044651795900847176,0.018182957898726933,0.0067327993171118795,0.004546728315276524,0.1437676399497971,0.0026581200586211795
0.024591502104457784,0.12640398947557285,0.048922138229979845,0.016242051235945305,0.12188887890077453,0.039770607954249616,0.030549917062687004,0.12983796705539308,0.048059074122876286,0.007523121530799381,0.06730649655053031,0.0005381854547564553,0.12762093429487004,0.0393194711331255,0.00792314922956558,0.09854191770739448,0.018496544600206288,0.006958739658751492,0.009796056390799028,0.027233081680235922,0.0024761756270289593
0.0790265381344539,0.004848300147950157,0.0115425754495797,0.1271556455089338,0.08109814843145881,0.007833031117816646,0.016282326735708206,0.017601408643507704,0.01911186212938772,0.04717147638400894,0.07817037736676123,0.0006881451398844267,0.12995112836341133,0.047403167134219264,0.010717279442643012,0.05848740847559906,0.026801914131612675,0.01988296549412761,0.009269422962027185,0.20347495295025655,0.0034819258566520946
0.026009383425825382,0.05589043550736532,0.007084181195420891,0.0855691348476479,0.0770256285523538,0.045836000122280576,0.052380524157432336,0.10577877578701245,0.051097446818901965,0.05456380340387633,0.13817370732612214,0.0009370916192336082,0.01985782221562432,0.028084798991466695,0.006476819513987865,0.047729574256149064,0.022589702242418706,0.015557758020558097,0.0003091308481448861,0.15553120183433936,0.0035170793138385183
0.007674485372445371,0.09213196517496447,0.09657944767947725,0.07524365024226055,0.03758671938737611,0.12123477987479007,0.02773224471990289,0.006040671051962463,0.038345438817854585,0.026128828767168218,0.12857160556988548,0.0007594404127035927,0.03436413479658314,0.03197000140763965,0.007950830064641232,0.008822712955345237,0.04102546362858141,0.011872611721994412,0.007391734302349,0.19522213504745398,0.003351099004620842
0.0023989388369800163,0.11667561831424138,0.04551481894125366,0.04423827939142107,0.055095231086293446,0.0423597269805846,0.05383877784205462,0.04621446168787373,0.054148828157537354,0.04071978316025888,0.188178604324212,0.0011677498100319192,0.024096563204063812,0.009387117695938044,0.0014128324387289873,0.13659058673052407,0.007008854821672451,0.007637157036566102,0.005155417476348555,0.1152388003277649,0.002921851735650446
0.08847539858685383,0.05854850790572623,0.08487439256978736,0.09204840524279408,0.18222197139501453,0.10994663096304665,0.043932952118797844,0.03958366026225289,0.04233069659374959,0.014498857956149237,0.006010774285714476,0.0005967247826700537,0.05175898850115201,0.028846135993708874,0.00911146999908038,0.04590031829611135,0.013311520690422624,0.02302248431459052,0.010403803522624745,0.05088347336809332,0.0036928326516594964
0.13159831327862195,0.018097017804776707,0.09553577731242338,0.04458129351086157,0.09658051544140063,0.057732573312053066,0.01917066048642691,0.11953647712232798,0.05760528706728151,0.054420030935147266,0.03566098228843928,0.000357881800428073,0.11887504844981832,0.010695575915597761,0.00015972505303797114,0.09906336085180198,0.004064286707597545,0.01391776778382749,0.008135632712461099,0.011136374859379941,0.0030754173062893264
0.018774038341047017,0.010868574199827986,0.039080467137061536,0.06297825535783817,0.1384036242392023,0.05817188197046548,0.016257935321774233,0.1416169776815054,0.024062901471519,0.05330623594368551,0.03807590513758523,0.0011633959508802855,0.13966084902759274,0.011794795774289228,0.008048140976555382,0.06664426810656968,0.028258176028188774,0.020755836995139436,0.003995850353780678,0.11523386821629882,0.0028480217691928627
0.031189603471379248,0.06061776493370054,0.00841965998862737,0.06904981583705125,0.05359528872098399,0.0873698099876063,0.05534423570653326,0.11373635811330388,0.06705080160532914,0.02614636708508431,0.029565489975432045,0.0005230159650357259,0.19971724279063555,0.010174567576043026,0.005875401113180085,0.11485010067238248,0.038241776330714516,0.010111522223853385,0.003967614040939675,0.013443657612617278,0.00100990624956698
0.13407286365123702,0.08836698929949183,0.07077226682311223,0.08627167139868865,0.09703786885081522,0.09789796919938328,0.04589819218274769,0.08801510745370297,0.044158500559319316,0.020417406192348865,0.000382408839903751,0.0003282808752998347,0.05131877892078227,0.030363885307983535,0.005859608145654009,0.08540902641446844,0.008750930910219378,0.005504832986121533,0.0016173600889858488,0.0345767346433555,0.002979317256378602
0.026917229900960096,0.011974638615576355,0.07288963775591203,0.056206242919956996,0.13297019367908613,0.06787816053269591,0.0037636248067019966,0.1038209781980042,0.04362775050951342,0.05786642698079417,0.07113420747455367,0.0010351954866727002,0.14625584117091103,0.004203715532008586,0.008647457870009536,0.033064849341665384,0.031575773402246016,0.012463407500578956,0.0009672824522050323,0.10966685757169022,0.003070528298257434
0.09884600695362748,0.061733064164804764,0.033741508126759315,0.06437455703925615,0.12891374022336188,0.03532004794125872,0.00139747701278116,0.04905325860431661,0.0232905964970925,0.06384204545783609,0.09393699451868041,0.0007826182777455385,0.1006366723264444,0.032104390899007976,0.003957403886517422,0.06864244732202517,0.02565351061340408,0.008937522627495672,0.00488841125792063,0.09813131575586613,0.0018164104937979494
0.08955700326360072,0.0006760373575065354,0.05670398143637302,0.08201780886383972,0.11423381176894909,0.026256076277184192,0.03507015570778819,0.07858951867526116,0.04100040721102377,0.015010894192123137,0.1442845962543006,0.0006722621553367448,0.08988436042584054,0.03594878387912325,0.006978737379292565,0.014392415169662052,0.02757533085007169,0.02003406635607644,0.004386652273785867,0.11414654735515099,0.0025805531477096693
0.1017683904133258,0.10223601779451702,0.015527694789710753,0.059142570166748225,0.04254209480695982,0.026943831001037435,0.07434578437048339,0.050420960724545015,0.04345310694827929,0.03295517458605877,0.0750387798832845,0.0007987741537964014,0.10132213682198252,0.02207502297900275,0.001948959443663545,0.04315171791508306,0.025540549274464468,0.019058241426287655,0.007779000358343386,0.15198327214312943,0.001967919999296764
0.07609254608494803,0.020049078107309475,0.07350455573190087,0.07517545756631741,0.13947981066820242,0.08737337583427818,0.025153449695234538,0.11586744585043375,0.012126525390612266,0.024745117239128197,0.11085747784986458,2.0807160045122082e-05,0.03355798789035289,0.01243425145142564,0.007969604153049207,0.030740756092786647,0.029666283996049012,0.00236179252788591,0.003760013299214782,0.11702353346765652,0.002040129943304743
0.07987486922774528,0.051291771596181916,0.06784262794049324,0.08442710021902376,0.04475259309257596,0.10461133143514402,0.05079013914376652,0.019144252367293432,0.038718912217496244,0.043136282359811505,0.14232892396261873,6.60898952411263e-05,0.1780723222627507,0.005435094052386192,0.00021476257870167324,0.0064286261896851745,0.005553526971386749,0.01092624500628252,0.006904019780746353,0.05781405523657839,0.0016664544640901688
0.15216664819659864,0.027846982394130457,0.03930233837178348,0.09971540874232879,0.17645052245210038,0.11173530794018617,0.08568677982937774,0.07026223626939622,0.04281652641840552,0.022483541386179383,0.0063146686117680805,0.0008538303368984322,0.04592446232766427,0.016928126203566044,0.004215746558999018,0.021918643912453822,0.01602254653071036,0.0295932697838268,0.008175072095485379,0.019001311072306983,0.002586030565834017
0.18065898274084316,0.06445591653180459,0.04852757834074756,0.044871054118778474,0.10734808528991646,0.062345487941438585,0.024542301359665952,0.000903422088835008,0.060489993070494553,0.07603785726879811,0.00618631920625279,0.0008876788537082631,0.08994433924741611,0.031177786626886368,0.0023430589764170807,0.09828861643298185,0.02996217067183401,0.022832978581188275,0.00904855990682786,0.03589321222929223,0.0032546005158723924
0.09376345103674491,0.011895274890274823,0.08139773731951624,0.0455393123415795,0.07056038066865669,0.1285906356386415,0.022414504018993975,0.11164590146890725,0.02925645534049102,0.08036208148559672,0.020846613464203627,0.0009125547651880324,0.1209071657124391,0.01310161211374409,0.009511492896658875,0.09958422785423733,0.01288454456449957,0.007499313481604722,0.001743478361222104,0.03307645885569358,0.0045068037211065
0.016705857066694165,0.14094365559967628,0.033086832481936515,0.012895781629868304,0.20293591471478212,0.0786521160481134,0.07722064578571364,0.09020511081905863,0.0013995509222091277,0.013439358565895542,0.01100641092145098,0.0013824056753252104,0.1456819082997655,0.0012204787787473156,0.008955747569305941,0.11348904432893364,0.007773742842903685,0.023163836786352827,6.797933730379861e-05,0.017610442921274134,0.0021631789046892935
0.04768671212124795,0.061598884162790114,0.041764911094691055,0.06618262097961618,0.10522892927991304,0.03205004924336636,0.03690369610491207,0.1541993295997137,0.06507787200482376,0.07234167641273553,0.05971459588345867,0.0008988363812910347,0.06918880406527901,0.013500209148646627,0.010752585093224092,0.01574522562244818,0.008081135809860335,0.004543008357119238,0.009331835407415716,0.12201794086080343,0.0031911423666440746
0.06523095397123291,0.07141515575906174,0.09501061450919777,0.005662115237662935,0.05501375378207643,0.06666248222107746,0.022757142653144134,0.08465878466684772,0.03612155012359513,0.04705784087410609,0.10990223968957175,0.00035467020023574185,0.1373572134426932,0.03042362376771122,0.004682898467605594,0.07213395634014833,0.00989824504325942,0.020228126625077794,0.005785933803576521,0.056720457502128736,0.002922241319989259
0.021346810548719636,0.05185732868686152,0.10618246205900074,0.08569641632584432,0.08396762307231405,0.017593859724799005,0.0641635820596782,0.022372456389896548,0.018942447675347397,0.0722879518955704,0.13967962132917844,0.0004309060605729893,0.13821056843100554,0.017026014689313303,0.0067306029380966225,0.0008324956477793664,0.03263413716534108,0.007576499075556789,0.009105090383160758,0.09900615470700436,0.0043569711349590815
0.03290414017938568,0.06720498205864985,0.05535145688099057,0.10798186786445366,0.13828722456646508,0.12146634307332409,0.05750367298472769,0.021714107856865277,0.009830738019433833,0.0526656374736483,0.07696749682553834,7.469178141226707e-05,0.0719147543192536,0.001872176503974077,0.001084963494254976,0.03206487585599148,0.026886000085581504,0.017157335141060236,0.008723936344728855,0.09651723351147931,0.0018263651787812525
0.006421936076760523,0.07871170553034341,0.058956932599921734,0.049341182148682425,0.17036385885124306,0.055635312708558635,0.019605198135778653,0.07840640810238782,0.049447633993147166,0.021831615729356064,0.1164362325549991,0.0010146669311859114,0.09551404802843258,0.028366883861812353,0.009162364767257077,0.06141142572491367,0.008697303576065102,0.018842617592772046,0.006971865857436272,0.061163308490411294,0.0036974987385350734
0.09503234347217104,0.059322794887785156,0.09350906851150476,0.07393161305394992,0.05531452232801227,0.03001948680344719,0.0421122798922501,0.14021434244148834,0.05798568177570566,0.007956053185695564,0.06917437256918485,0.0012560081094668207,0.12358851490697335,0.025788528919071116,0.0014034492846266807,0.018795117867980514,0.02501990371168273,0.002345700009021171,0.0005945756905686511,0.07327286269106464,0.003362779888349664
0.157370199400695,0.04795978965414935,0.079072811835414,0.07533919807653412,0.04089964952644958,0.036861336891174296,0.00325966948373926,0.07153397673369974,0.0585860256484064,0.01792602501340971,0.10285919787643505,0.0010692994293776252,0.12391481345657035,0.005021555239083804,0.005223666004148438,0.014747939525268622,0.00025549359525980664,0.0173385626290296,0.0007957359129211906,0.13673553219058066,0.003229521877653449
0.005792698341347997,0.08464114884008227,0.0971863467581156,0.08385313056124444,0.010743961045551573,0.008274329597245724,0.0770638435827289,0.10381775648677116,0.0630033382740516,0.06254387621782054,0.08181838770679078,0.0002781087277430228,0.15549507862577738,0.018675861052957387,0.004928076009158966,0.060563134482624036,0.010689355282582457,0.019681652169408866,0.008308568555100117,0.03851535771477032,0.00412598996812699
0.10092294809733053,0.04985835594801115,0.12056267437314319,0.013606812558673792,0.008612545162991867,0.02342186464485016,0.0636256900825105,0.03956650665948465,0.02132844547900516,0.0109803798797875,0.018389647234129922,0.0008810181368708827,0.2018539896757374,0.03611042690322801,0.0042024270670231395,0.061883307115906415,0.047708898816819875,0.016925514715503017,0.009304738197003715,0.1465720448008796,0.0036817644511095552
0.09233851836275152,0.03132048740971415,0.0854172015441465,0.03557754617219548,0.07414228578587552,0.04545000908442031,0.03986750579290817,0.08736744120816432,0.030979436934093964,0.05444884606872528,0.10826217191134517,0.0008921205180380431,0.16197609772812419,0.025951206800460314,0.006299555383674832,0.011808380802723206,0.03606385387599431,0.014869709995045525,0.00829339983807165,0.0445527187513544,0.004121506032173
0.003945955443988237,0.11753606895422351,0.002541582946345401,0.023557689004245826,0.2318884258136163,0.08844305099296608,0.02727768047546722,0.07397336317834871,0.062181953111220906,0.08857161817963673,0.046061980681467635,7.868495789174748e-05,0.0006981013132584056,0.00693780782186868,0.00956725407207041,0.09641491814039677,0.024060081459466878,0.0086483841501715,0.001229950590958963,0.08463927437800371,0.0017461743343864784
0.005553862224326076,0.11840475230035064,0.011313120631578188,0.043704134654185184,0.1425953161411666,0.05638796070545673,0.08697346892209325,0.07260759917923705,0.0160105798103616,0.00440114908878895,0.02712650881692679,0.0004898830443939742,0.11494701176438782,0.003124262296039869,0.005269350171098894,0.13950982566447745,0.0005494831914621635,0.009398047569634613,0.004986168352441492,0.1365742292594847,7.328621210815187e-05
0.11275393040727955,0.03605420625027229,0.055738594043981626,0.04544361476843216,0.0023956582181202495,0.003564077149935989,0.06585519229613013,0.07368119653895855,0.07550496021648374,0.06824847003216294,0.1488114360785786,0.0010115775398663077,0.17471955818268461,0.016523464695408538,0.01075507012713866,0.00430944961479714,0.031117204350504,0.0017877026447408997,0.0023713404046133545,0.06524137071983077,0.004111925720079487
0.12091543078892235,0.020938446272395172,0.02106396386272841,0.1159783869493359,0.11514913563764809,0.02659880456021988,0.07815010523933735,0.04364684618306416,0.02201693549106825,0.032898682013951755,0.017980199843190586,0.00022587622030018268,0.12458193884187967,0.04061523038581502,0.0013776486353470456,0.06782807978064104,0.01894191361088222,0.016274352900720605,0.0033299408787079206,0.10880858142287059,0.0026795004809737955
0.022951122746822532,0.11205405550220801,0.01915233422910963,0.009437592577513908,0.11617240912767131,0.08805691383219195,0.08385508985886364,0.013265662856387344,0.03262160169429947,0.06705365375090161,0.12025198059633031,0.0011777616942685088,0.10132063589825127,0.024334674867347403,0.002714524786880201,0.10340917660635496,0.02449402972432085,0.009390412359221985,5.322262448109346e-05,0.04392288672222143,0.004310257944352749
0.134334813486901,0.013419794355449984,0.08140615550902629,0.031066946497342814,0.10507509803252396,0.00792827372026543,0.018863560081945955,0.14675711089467702,0.05722372513980322,0.07242606341011537,0.07137945776614583,0.0004528848514759702,0.12678710494649692,0.01681069696066483,0.003938835476790711,0.09234053923952683,0.004469267732788245,0.0001603025967961976,0.007233676696332027,0.004248048925168357,0.0036776436797630644
0.004973683509531508,0.1266821123286017,0.073229896434039,0.02750175833017275,0.15194322942549912,0.029621425923823486,0.06510460251922615,0.06620834235587614,0.08591975038951406,0.0771306228274002,0.027636445361785066,0.0001869624531997783,0.06174181139821706,0.027288543330564526,0.010163978893537238,0.0380131312222734,0.0383301317302788,0.010513977925005425,0.007460025721333744,0.06661864969604984,0.003730918224070989
0.1559188096175623,0.06289859433182887,0.04004263024290484,0.06014445959038794,0.052238717562130554,0.03847356031261699,0.05359186850486428,0.09844020189971309,0.013263255255452668,0.04408081727202876,0.09804466440167327,0.0007406733412232262,0.08871158651556385,0.0023303538847356795,0.00018711164388690983,0.05953395585954409,0.016325577209204797,0.0011679055687527416,0.007034601561104195,0.10475938824767315,0.0020712671771478657
0.10202248214500118,0.042721317295195474,0.032940873177221545,0.07421705318460671,0.09609036800529634,0.032683165664797474,0.06269538061972486,0.055525311524379416,0.011844747658989283,0.05365548323082472,0.1186425240151638,0.0005705608773440219,0.1377305263738296,0.006151913465017981,0.004098872736999605,0.07924586186273702,0.0019471251464997545,0.002522213811481088,0.0010896715152496665,0.08142059447700714,0.0021839532126331778
0.2025123088692966,0.10741252459505131,0.01999887859308455,0.08131869109877646,0.0940339982994304,0.11695884541986189,0.09632263419517921,0.02042440864426209,0.021521013046198217,0.01966823449143075,0.01640603662534623,0.0003971792052364102,0.03856005383640582,0.012844119110925575,0.006876260359631582,0.11336645129939986,0.008884661061377506,0.008300714820055835,0.003535248073945471,0.009098693960848316,0.0015590443942558616
0.0033033539968531037,0.11755750445799663,0.018828846556125378,0.09442958545420617,0.06395266679024914,0.15881616282897093,0.02218461810579199,0.0023475068690959706,0.07937356819327107,0.023752148215815175,0.012682618003709891,0.00030539062607019406,0.11743112849341593,0.03319771570331746,0.00040357790637583936,0.1192820617725435,0.013614143644017718,0.008154702243036353,0.0019246088273164818,0.1062686797377958,0.0021894115740252267
0.07412914060805288,0.10677732471823417,0.02263188357349972,0.016113531412596777,0.09117538380158617,0.033634005686525484,0.07628988643809795,0.09875464647532307,0.05060122005098226,0.029273094471295207,0.045548851404442495,0.0009421352885344091,0.10732426634788048,0.021984131010737058,0.0020999399748894655,0.006470419375867309,0.008326074299720097,0.03038811526065824,0.0017252237981138163,0.17323037589172036,0.002580350111242606
0.0264749394058932,0.05135080113560013,0.09379796760241493,0.10028970512615261,0.05183303998669953,0.05630170924906677,0.04409117372366539,0.06471780400130253,0.006789488782047144,0.006921526108131176,0.07278944283017702,0.0008426826414125984,0.12961376895447996,0.03143501623186668,0.00778337541057224,0.10889708741119354,0.02081217534476312,0.02395957347919552,0.009395103504773284,0.08862048554450143,0.0032831335260911925
0.11590902309039017,0.07941733263379742,0.013557274472692601,0.026297940810988556,0.1810430597047599,0.0384765376250055,0.022947077003872222,0.012570466596376105,0.06467854248701231,0.06463011987606904,0.09964719882103265,0.0011734888143345567,0.08322960453069983,0.00508311878433234,0.0009535312377129857,0.11130703459346478,0.03821515502184652,0.021335184912091215,0.0009661956340436263,0.015598930054141912,0.0029631832953355345
0.06409824090993221,0.042786821831368095,0.05424925208177482,0.030515086440310715,0.1399914097023728,0.09942137767178923,0.03371066611392183,0.07096899760441061,0.055683328615511674,0.02952304272021021,0.06716913855150101,0.00023469085422996177,0.15222176305739255,0.004209286301787044,0.007508465311299429,0.026057271252480554,0.012663854841694954,0.0006186236308941817,0.0050764081632539365,0.10161627428937925,0.0016760000544850334
0.1678856240150894,0.012008081271797156,0.10014020491928174,0.012042749149031619,0.04088769561334505,0.09337841220250041,0.07739779606539256,0.09405644510428839,0.05697465912229251,0.052963745886574765,0.13086043477877551,0.0010007690075730334,0.03858953216995881,0.011775954112185174,0.005521280024876134,0.07252005658708874,0.008095858812619459,0.0160132017061467,0.0033189853648953552,0.000978941517419182,0.0035895725688682837
0.1552787670147916,0.019893632765035456,0.03246951840930007,0.01833530380777741,0.18884159206992182,0.09960044694285555,0.05561512493480217,0.061526482284876956,0.07210577427810003,0.05651391850146366,0.06052367016720093,0.00038103686377995367,0.04337003026271917,0.02265732053645927,0.002924597448751881,0.02464309477010147,0.006281126275582535,0.02791724951765137,0.0040652661238119924,0.0445967434925548,0.0024593035324617326
0.03389300732714276,0.06680819882227206,0.08067011940739362,0.013351703738158416,0.10438366912280557,0.0838938004906788,0.06238677213136968,0.0003693706385517281,0.054147116284170835,0.06267352371171132,0.0723200785537111,0.0003355129603851205,0.10802832679134033,0.0037186917920568594,0.004426992102268444,0.07413334308195087,0.013907583645241991,0.01633830199774214,0.006138571866995796,0.13580788441058517,0.0022674311234675074
0.11733836568006503,0.007072695703719494,0.09498576448206907,0.02195018291115876,0.1446225850435344,0.08255519243615743,0.057669597587456226,0.0062253789650032,0.014916952484216695,0.06394036956513816,0.05528977923461283,0.0005687428392150858,0.18917386246488113,0.004679666466074232,0.004328186404384171,0.07621696603655534,0.004728735568443903,0.019113205718418656,0.0027606304835458874,0.029313072650754533,0.002550067274596087
0.17974559900241682,0.011159741835768991,0.08066818954693326,0.07828942109180162,0.11365835173623888,0.004014561411041065,0.07492666579087832,0.0384739124556928,0.04177492348879418,0.048556339458201925,0.04036503308000226,0.0009339790189082482,0.10907576135759038,0.044852676537351435,0.006792829263339681,0.07847818549638459,0.01642737644283387,0.021838538362542802,0.0019267164653893776,0.0034422545125797808,0.004598943645309682
0.185213563875168,0.09680216096147463,0.1030872344343588,0.012119248283651286,0.028760753070839962,0.0759825106942396,0.022172869796800377,0.13040428644062554,0.007099431564169254,0.040238827115425674,0.007639533114736514,0.0011316321130351802,0.08566409333685183,0.009955355218351435,0.011472196264619617,0.04903601233884654,0.010630412690524395,0.022462007718250233,0.0008532183468367783,0.09518039731685934,0.004094255304334885
0.05295180933951048,0.10322686894755345,0.03229253453328223,0.003730024487359227,0.12034674536993584,0.10150960662403928,0.040432794587293486,0.03749693802415707,0.06566720705747732,0.007193707750949586,0.05004637021562946,0.0005936072031093813,0.169378686727395,0.027640279024364466,0.01034899614483322,0.057501985633812105,0.0076118897826696775,0.0044067527657626025,0.0004355094606361907,0.10506766861867069,0.00212001770155939
0.06433653276022974,0.09783079658865092,0.093422008596838,0.09084417321252422,0.05185761832230905,0.030054713016874145,0.04257540260834551,0.03759540461941738,0.034972298077326686,0.045479646783655785,0.07266843043100994,0.0008560737722215593,0.13003443322947278,0.02643661365817266,0.0037763964387464077,0.09262557746767784,0.018682783714398372,0.00599614390892566,0.008514990694946586,0.047071854923270956,0.004368107174985875
0.011115920954947761,0.005322984741163368,0.07581667434706164,0.05023918368424137,0.04908614809160485,0.015040616180759896,0.022129111440854363,0.09945122221366717,0.03939995226215652,0.0649323081459694,0.12730935555788642,0.001062148740433838,0.1603606533026232,0.024806268523595177,0.0017553912437460017,0.07573736250011555,0.021185118326682125,0.01270627153883083,0.007957655191293812,0.13049588989012417,0.004089763122242386
0.25358296280588255,0.0469536577286194,0.08668318521384602,0.09990672656877277,0.01107516788204612,0.011560604698354654,0.011609984308434438,0.00013693268606709805,0.002975680149941035,0.07042095123342941,0.031644799092970355,0.0018710727154723384,0.14137807033253497,0.02053388347353219,0.01254323698800547,0.14615672860678908,0.01890010378886532,0.012960433768560759,0.00931627048558159,0.004334897723577619,0.005454649748716754
0.03381808735672401,0.04008694257718214,0.07425942464759912,0.06636309061500575,0.16682402805946409,0.10859232405925914,0.0008939076155856178,0.07131282473544598,0.006154278210002892,0.021652554617446043,0.1106174513703652,0.0005744561091481352,0.15719068707455622,0.030958568778145137,0.008759419554631014,0.02742899693489737,0.007967491811978764,0.0049671993067345755,0.005066633321026945,0.05346039720485927,0.003051236039942768
0.12230798248486678,0.03614654614488962,0.07374174755745098,0.0876724706583278,0.045574382766720004,0.0355777157759348,0.050465881149756295,0.03095315205480796,0.06053063386926649,0.02961970630657507,0.10615070295376437,0.0007059734645840343,0.05719596814564148,0.03333748465395886,0.004640675435290515,0.08184934520870968,0.0008087371663546202,0.003817542628127048,0.007374299646338229,0.1279144412587607,0.0036146106698745854
0.12391994416600557,0.07951996920313528,0.0933936481787837,0.060092602949621626,0.12462571967398482,0.08978823689307217,0.018812582767835335,0.09756336381059191,0.0021395991018061966,0.02769626214183083,0.02936134575179169,0.0007716886926942102,0.0645885608570875,0.01955656252457553,0.006718164874759648,0.02186527155007347,0.01033651414863213,0.007634816679227766,0.007600730824928719,0.10984428066214875,0.004170134547412991
0.038095702354071115,0.1070744297864421,0.02301062530008355,0.11745640764906175,0.06717831510829915,0.04314484527538967,0.047498536520787144,0.1035232822958407,0.08474839387359337,0.01987282129641023,0.09765744436071926,0.0009566831713777122,0.15348925558020696,0.018962208823813942,0.001474761270272381,0.04110213590491409,0.011613103841010346,0.0046666741897672635,0.008814771038456643,0.007352533995908131,0.002307068363574296
0.13917546781355716,0.05872255135323363,0.006328896052536864,0.01489294953829942,0.18610811531718818,0.014846481816777989,0.06570331796546713,0.014653963347111457,0.053126924030503946,0.03952554510854429,0.12639448124166314,0.0002676394791579687,0.06084915505370461,0.01044718832279056,0.007178854535470628,0.02638557131684564,0.0103706067187059,4.232450784785011e-05,0.008395546434181882,0.1558380479557356,0.000746372090676206
0.03281681426463894,0.09539516139591628,0.023142513120152544,0.07468405389089895,0.17411974372999184,0.011866944175383027,0.07374538240369424,0.016300251058841125,0.06093332244800631,0.013984648719468674,0.007913334938903538,0.0006461725397896203,0.1771609371907256,0.014850890919726627,4.345609113544905e-05,0.015736796145167504,0.024675566229988812,0.006535202499027525,0.000754778428632602,0.17271632428832306,0.00197770552158769
0.0816642123010619,0.06594955326339934,0.0956409219593121,0.07161950905031535,0.06512696425747797,0.08172848328805259,0.05869924403049208,0.027554114522909467,0.024856018433861312,0.03208003813573837,0.1481088675897902,0.0006875313343038379,0.08169813684293323,0.012930233479823902,0.0006692932778197512,0.05894248791640501,0.030994736202824474,0.004732109461880734,0.009509343957935554,0.043773327953562854,0.0030348727401001427
0.06309790952140398,0.07785837623616322,0.04245099837053761,0.03458488467795184,0.1270182495699622,0.04501234881020703,0.06731297411275956,0.044670895198128495,0.010031948154187172,0.05338914467638416,0.028413291801579775,0.00035930004771128567,0.1529830269726652,0.0225907220978586,0.0008426351724222993,0.04545937505047074,0.02327522423685721,0.02004940272842196,0.007395513768179341,0.13039228982921217,0.0028114889669360317
0.06588324644004925,0.02178764645130341,0.10683680463834977,0.003656211682116716,0.16285979786595467,0.15265336600362533,0.010388310203509098,0.02498745927489788,0.02710902792620246,0.08158652084129002,0.16362734555421585,0.0014931691040997663,0.0011573321850953562,0.0022015895588406425,0.00428335057314331,0.09155125730352479,0.014221608174392232,0.02311982866122453,0.008512804886886976,0.02910805913525485,0.00297526353602287
0.13573676095766732,0.03240725630179576,0.1188777781969005,0.06873983665784639,0.00198851902115824,0.035953373451222397,0.07505502753346924,0.014729242390181066,0.029818728949312756,0.026865399221546026,0.12566357833040015,0.0016039382366215453,0.0011759151088881472,0.03599679936397357,0.002973853963525884,0.12994787004511066,0.013021565270909696,0.011343776770021371,0.009002590917850207,0.12377189341272675,0.00532629589887243
0.048005124056652235,0.026062562900914337,0.04585286346641106,0.07998203639986848,0.14688515239442132,0.10307359227343749,0.018590704888381788,0.03278557311539087,0.011881723348781533,0.002226113338011152,0.07148396515454757,1.942843441963057e-05,0.15747956840797733,0.011720219483722927,0.007399492698224859,0.06481904787055644,0.022245985128019233,0.007029415246821868,0.0006138983762188251,0.13980137221127886,0.002042160805942026
0.03441214494137071,0.033406703342917884,0.05507193376082185,0.03346542317734121,0.010558719323355633,0.11490054523645651,0.03242233786262316,0.049990555601788104,0.030581075986848196,0.06421772799927586,0.11326287498546368,0.00027778528529943665,0.07292591846594547,0.017997581306188396,0.003966342219097193,0.13708634477830942,0.003032515251858053,0.02201326613633706,0.008657258471488955,0.15917484996155315,0.002578095905659969
0.075328724774813,0.04262366481074967,0.10502408629302891,0.06805494397493528,0.12608826294137732,0.029211321698889382,0.09206414632453129,0.037022406593993036,0.027535789858822598,0.02316202648392991,0.028449818870546838,0.0013304711859823447,0.08151545182352413,0.007079268621070381,0.01287384956700547,0.09915106239016717,0.02095262811477338,0.022008576794695943,0.006607734383555798,0.091398961807833,0.002516802685775121
0.059663450968371175,0.012981802614642728,0.07698489030606769,0.06025359487729123,0.14484636711333712,0.0241698748776966,0.024911815885083774,0.12326109560120592,0.041191474412374876,0.04560121812366999,0.06872415337311155,0.0001136775122111841,0.12668196322228314,0.004247097692568964,0.0005366579208369228,0.07055595769913872,0.026153201437066575,0.014702247065666404,0.006204212047391883,0.0658101494586921,0.0024050977912914847
0.1807177788282132,0.022934452827503338,0.08325494676392961,0.08687333293467683,0.0869566727799756,0.03437587172625228,0.02144802331305628,0.007611934015236707,0.05892119185797659,0.06559384100025172,0.046787697782540515,0.0012661564966559497,0.03786667793671687,0.02575366304184905,0.008159198384186772,0.0758833208092486,0.013904511402227709,0.019336817779632445,0.007037292658906211,0.11151609178570898,0.0038005258752547674
0.11017890388993778,0.035184714658717635,0.10210310278234157,0.010065943817499673,0.18323712791927355,0.04638313029335798,0.0317149243858259,0.130213615351264,0.001633903710815162,0.06789443360036547,0.13899389590540442,0.0002593451432539946,0.021230283772299286,0.006486867582264328,0.010149789769077716,0.039282425840787734,0.007225189393930263,0.023936686071070617,0.006491607945378571,0.024781031276877887,0.0025530768902565786
0.015108128623031293,0.09608205079551402,0.03901807460921654,0.09828115809542291,0.12699003168630887,0.09739817949099096,0.043931883365259314,0.11385535918416256,0.06593740837740808,0.038759562748409346,0.037364838281073065,0.0005324380568429074,0.0070649482780627566,0.0068156120744318855,0.0035735892945970337,0.040408776981035135,0.0006401964181109283,0.03081148279148455,0.006716184887827678,0.1290161750519295,0.0016939209088806901
0.04777885591270976,0.09298438496395152,0.04956316340523507,0.1135105053639283,0.146983475431254,0.03677938586818736,0.030099477979585454,0.013238197343933026,0.047543104087769184,0.058828563644614876,0.007688279704607115,6.544734589211855e-05,0.022075068258082003,0.010268012998121053,0.009046031141733026,0.08924893399917029,0.01185151745052535,0.024264120180428176,0.00442481458965324,0.1822738043090594,0.0014848560215596708
0.052748788089678804,0.10063602154469002,0.09711352801356725,0.0004919053950289551,0.11398639334320747,0.044644604548255765,0.056473109310565456,0.1323253528992102,0.03795942290340011,0.019492435115758162,0.017875087195566883,0.0006004128703869537,0.1593438469107301,0.004474858385923667,0.005822869046708479,0.05545295712107269,0.0005072452936176683,0.002213517766002362,0.0005646127893570926,0.09445430857256348,0.0028187228847081623
0.06369568901276124,0.008013878697063104,0.08418931261839044,0.046511074793630584,0.13110099768680816,0.010781371970108719,0.044132167022093965,0.05569770786379634,0.036036697470222215,0.040099084944668004,0.03773875000089932,0.0010979229449060122,0.14619501718092137,0.005538450352335936,0.0033142351395551517,0.08109230769538303,0.018005984201297173,0.01990953994409834,0.006267744256702095,0.15755941126348788,0.0030226549408711215
0.11343675724711823,0.04772996715539116,0.06334197302192082,0.05047618757834548,0.11974759464147185,0.08889923899899532,0.05863603747272076,0.07511152364432962,0.012450012653072955,0.053495613494825685,0.040770737116784486,0.0002160121116146103,0.08674237523080641,0.004853296052560203,0.008713576677076318,0.07332207021932467,0.02309533719098301,0.01155217164523707,0.003994087935679424,0.06118853233935583,0.0022268975723861418
0.13057085398359308,0.046871603526516856,0.0737333130475076,0.06950769633404809,0.09257972771901447,0.04312464870655139,0.0034775516897836986,0.14738655239094622,0.023537713304739732,0.07759600421104977,0.0782915343723456,0.0006330293452609763,0.07001049485035635,0.012607531142609055,0.0029965478270532744,0.036912256355577766,0.005059068757028626,0.02713716471597309,0.0010820786189893606,0.052941889234580694,0.003942739866474073
0.06597040762116127,0.0825679419613286,0.039160672339299964,0.07993429568039417,0.12910076488609773,0.08140407103991527,0.0011121010547637104,0.13652399837438234,0.047052832288392785,0.010071889335990004,0.020258980258587543,0.0008445546033451201,0.12827315487485896,0.012190497922853625,0.010881397800391176,0.00467216487649147,0.009785621153470774,0.021901108519411093,0.006485292042488261,0.10985880565395373,0.001949447712422515
0.08197741491138724,0.055506914996240615,0.03967846169919273,0.07861506783185189,0.08141455388439935,0.010671057437834185,0.07237937190292126,0.07451810467180636,0.056625954584968545,0.058733124952514634,0.03540054494150006,0.0013252096989341984,0.12706910498154572,0.0076398983706842715,0.0008757658023724935,0.03891091118454997,0.014384178238379118,0.002579863968187056,0.00486099393705675,0.15456809449632414,0.002265407507349194
0.11913734084837498,0.08908115221746252,0.0757348312348973,0.0747903019216079,0.03179940178147154,0.020034116507239654,0.04125126476227927,0.02010769029233899,0.05267527949610392,0.02868679277786598,0.04799499423334971,0.0009661636940515349,0.1517621776260615,0.015197473433457944,0.006498481202080086,0.05901599728216634,0.00957944506145993,0.017989624461201142,0.005147337224030446,0.12932708727968426,0.003223046662814931
0.10961253833367034,0.05618318927465203,0.036583638206559764,0.09719933735564087,0.09208985635266904,0.05450959811822631,0.05255119360461736,0.1360215803078933,0.06294147715905993,0.048470775338661024,0.07222786221990676,9.620929503645158e-05,0.038069686640909074,0.0031681752772568642,0.00369452864772997,0.0587430568951029,0.011422299609986577,0.02025165135866707,0.004398209900970591,0.0405928912732854,0.0011722448294982039
0.1877782383353597,0.05566151045574936,0.1555826043797003,0.15211304488762717,0.020453141043937348,0.031179695860113016,0.046479349072332046,0.026986061656113725,0.03139879278579994,0.04925866325784351,0.021493617370000526,0.0018659472097800054,0.07857967830191151,0.0019577049106394902,0.0037564553537697627,0.013380587213552137,0.003763683312494465,0.0036209181320913607,0.007832756576799807,0.1027716059099913,0.004085943974393357
0.10226767368636928,0.09275687180923299,0.07017471043115232,0.028060837017063266,0.031776445334277655,0.006906770237122668,0.056517675100525175,0.10082418731929307,0.03635661456664701,0.057578176631273646,0.06025081859237862,0.0009742993380543191,0.1820425454441627,0.013753386455282735,0.007951247589191471,0.08969748625748553,0.0001854210847260857,0.003057765449764254,0.0027693815358517853,0.0527877308525464,0.0033099552675990435
0.2131741022714597,0.01670336529195696,0.02238091731278297,0.034319158692613844,0.06506239572137433,0.06210195154887119,0.0946267968284858,0.0057831785824887716,0.05991082007421405,0.03417656135117783,0.16669335743585176,0.0013462703319146862,0.026298305850596802,0.04790022498163506,0.003382493342255441,0.07571736298388107,0.003869009469777089,0.01953974907605944,0.008418284551678108,0.03526096453833468,0.003334729762590395
0.11441586822841424,0.08473694061023522,0.09909732300675228,0.016541769307306595,0.03151849904412504,0.042861810602569085,0.005239732515390291,0.0402717299648121,0.06113300568456747,0.0037091353986620254,0.04555195480734654,0.0012662970844045615,0.12540927943024885,0.015933335176296488,0.00016055654375109684,0.08893179349058569,0.006401177635275152,0.021397722198658736,0.007766486639670157,0.184365207944451,0.0032903746864771204
0.1453510328720832,0.00757975488464572,0.05219672086133665,0.07973123087804512,0.09774541483340442,0.052931074082112645,0.005216925080085025,0.008556591756792721,0.04472662348711268,0.03353093348318476,0.09795695145638797,0.0005268897782272637,0.10412428438427475,0.01524922675442499,0.006632872690818716,0.037843972932048046,0.02400956814695227,0.01711749591181658,0.004452912918827902,0.16220857699039123,0.0023109458170272753
0.10691666436002245,0.0067687416283017205,0.050880169505616475,0.023477978604606542,0.19756371121572397,0.06914053532460436,0.09527774945574771,0.1013248580268513,0.06323054472290968,0.012336327048438405,0.008489202046988227,0.001441471759626802,0.095133078510669,0.0244789610951225,0.012621868592044354,0.020957837337761867,0.04135929350816129,0.01824509402025001,0.003217532996887641,0.04470869143585967,0.002429688803805823
0.12999906694598898,0.02190821184578921,0.08837341036734159,0.0929297891441676,0.12874732321078275,0.02749315055111386,0.0750771250423669,0.09715084839989026,0.06722231878914352,0.019897619761294835,0.12011964077467044,0.0006660463768953929,0.004787427666593926,0.004617485142463359,0.000740100870336967,0.010168790288823617,0.008607209123120912,0.013720936487154044,0.009107013218060971,0.07631909737919454,0.0023473886148063054
0.10963784229143093,0.09419755607045979,0.06338380936697009,0.10118953714560588,0.07361775923299738,0.026625268029928664,0.009669420992580951,0.0036605686954566835,0.04655353809408774,0.07783468589270147,0.12669414592777323,0.0012135127887770876,0.03364708003311959,0.01091874167026831,0.006130007755455529,0.05859267940106958,0.006573037562611741,0.0075591856588474405,0.009079317279418691,0.12893130359903582,0.004291002511403479
0.012827722442563451,0.11575197639827806,0.018921869406389676,0.10084990860878928,0.12211157307487396,0.10186601173131676,0.051393750965323434,0.040985171696377706,0.03853291453069984,0.030023473637777073,0.061702244504097496,0.0011191257400018806,0.07418674858530168,0.012745010684514037,0.00018725704982117063,0.09572864804717868,0.018582525681114025,0.028533411711263765,0.0022604479931404068,0.06950567565550392,0.002184531855673388
0.14573996766502725,0.024144138400397603,0.07125950333369241,0.0031028121145971043,0.12487413647798103,0.01249744257193422,0.010591052165254031,0.13391129293172935,0.051461177768579724,0.02346226696409567,0.0772620169357131,0.000593514763235384,0.1463291847395385,0.03110880339927235,0.005033094162403542,0.07217859747474209,0.008858017791622475,0.014827102969969426,0.006277533752381748,0.0337435591860979,0.0027447844317352497
0.025398178727959086,0.011894662951513068,0.03075754340541262,0.05511982380349077,0.12560523628595263,0.04823734966081831,0.0630890891725712,0.08194211823298957,0.024901775460462034,0.06997790465780589,0.1601071481076495,0.0005757393759051822,0.011189880045780932,0.010893740041089566,0.008357757144657094,0.060123587264706915,0.019380105002692754,0.029361119063696244,0.010105176158417294,0.15027208979977838,0.002709975636650915
0.060286944147861066,0.02111691943597774,0.06895454800582311,0.08578253191585442,0.1221668859542949,0.10440032915669854,0.011183127170050952,0.07442264682602133,0.06555071187526207,0.05580954159619336,0.05271207005122057,0.000261383722485122,0.1148058598277557,0.03305963846996893,0.008857070617917037,0.03686058424503819,0.016546581910571238,0.023612430363887448,0.004573949846175195,0.03593790710810828,0.0030983377528349485
0.10340442217476549,0.04994052697534423,0.09993977346873482,0.029100366519942838,0.0020458228740722526,0.08863415821713151,0.02181060929968724,0.13101775165056215,0.062190074347453224,0.02602521567143757,0.03946232834050143,0.0007703379585888858,0.10943020840160965,0.020342009685254372,0.004037851477122969,0.011602271139866012,0.03635934288488528,0.017234800416772958,0.006246141639471684,0.13745518273330734,0.0029508041234880284
0.017742515067175738,0.09368957544472811,0.023674296352395294,0.05823551883620928,0.18400512696687513,0.11461155403944343,0.04326681067838905,0.06442432177413676,0.015900185947132172,0.006753400424969922,0.048212808286020176,0.00015329148890589692,0.06664254608173203,0.034575197692158104,0.0005889802055377211,0.018466225210247593,0.024042687504753357,0.0054139397357433885,0.0007570040219863756,0.17724968015855527,0.001594334082904921
0.11918041701979143,0.024588050761794135,0.0841954111223055,0.03009405338307435,0.11744500215426419,0.08212656042024569,0.025091638774269648,0.004465443842728757,0.046927709028906105,0.05027764734190991,0.07440673830078139,4.057725902355048e-05,0.13084690506943397,0.013824451430075692,0.0044936751069781745,0.08610578930375314,0.018448956697451727,0.007495964648929183,0.005458128780105063,0.07105736157562291,0.003429517978555951
0.10308744012710983,0.05611856483311101,0.08255533787675134,0.0002699802818755835,0.060485336923625746,0.08951857008091535,0.01551877067232523,0.010729314118275612,0.01945795957101463,0.06885780370103009,0.10525449194167416,0.0010025646138346663,0.11195228306503006,0.01905100567180071,0.0026095595705216356,0.06633131241537098,0.002663356866394275,0.003345789601092318,0.0058007451809353435,0.17164418585984967,0.0037456270274615886
0.14803943091428928,0.07810919983052607,0.03585617735650038,0.057477730427453244,0.005964345248305833,0.06921797613821527,0.0683584557026973,0.04339526386742766,0.0014527687182407543,0.04797091847524596,0.1328585770487269,0.0001397618979085884,0.050334531174808676,0.0023275949009779343,0.0010450516664463338,0.09203493467728506,0.011789293744512788,0.024550362625733905,0.00911030101297804,0.11811465811028783,0.0018526664614323825
0.1541215450063374,0.07279754119044364,0.06434342417402102,0.09998638923314912,0.07041093853412163,0.07953279207538326,0.06714503140500412,0.039574658523926255,0.021674994461309677,0.012329818626310541,0.033284739796676704,0.00011957708245802824,0.0058070230536739036,0.0012178515018430272,0.009121764539646448,0.07139455701319775,0.009412963941477592,0.002971550897889002,0.002100399353153923,0.1809609483127178,0.0016914912772591688
0.06264829125136336,0.05588201970620241,0.06728402729016161,0.0038687871568216996,0.16961393235863897,0.06955784652406624,0.036235011584516294,0.012956954104952095,0.0368455636888718,0.03432425497598512,0.02819257522895884,0.0010456313056173535,0.16231391176003923,0.03719547695408976,0.0036225006311679064,0.09139825321511708,0.0049698323252603295,0.021983843961237485,0.009252197490836375,0.08701558421530248,0.0037935042707937603
0.016932392013757912,0.015656293714241716,0.09558954039227464,0.0790979195623845,0.1450442123362279,0.07888889169190798,0.07485000240454236,0.09885882680957807,0.049904456564015424,0.028230985074653284,0.10381810507493268,0.0009177015650641642,0.09871437334183195,0.03654410638819882,0.010699415458849167,0.022893738312296186,0.006379074619883803,0.0073819596365698285,0.004217569369199966,0.021737843778745936,0.0036425918908437457
0.05588357011928469,0.010313925514359102,0.023836273978418813,0.058892719950977446,0.11513211940525805,0.08192436328061867,0.044003305816416094,0.04910989119027123,0.04106132252512984,0.04171880161448172,0.1119393379963567,0.00025804174323917927,0.11842558889674844,0.02921531212025202,0.007285411327045552,0.0640661851582438,0.01400031934191871,0.005296936059046724,0.003217165283364601,0.12280241005784,0.0016169986207285859
0.1461062907676505,0.08838317008313383,0.042447511475843434,0.0164877504351348,0.09040945065252713,0.01896449490032781,0.014152941917429988,0.040535556703521755,0.06756369391660974,0.02332164269869219,0.09230157138133008,0.00016062742088360032,0.035702983598845564,0.04104485327091125,0.005275495746520734,0.11388444753181876,0.0011495984441653436,0.010562553828329711,0.007232436611129526,0.14199402691952948,0.0023189016956649314
0.07368731055030332,0.03948775181141749,0.03315038935871427,0.014915390652266748,0.17361016955685044,0.10917283033669219,0.005728939060809742,0.11276302111541783,0.024814251827299596,0.012604252453778728,0.09954017313130918,0.0010244528853104327,0.019992677017725342,0.015901094029446557,0.004492215264651705,0.04235089251138072,0.008095331908165655,0.0257835941483584,0.007556263396964895,0.1731271350334401,0.0022018639496965355
0.19282197142977872,0.05402489659572297,0.03434276236802623,0.07010032579243289,0.07272272400846273,0.10206274955614558,0.06285760123174546,0.005294518694663216,0.003806303949257167,0.07866431444471311,0.05402872276332325,0.000526261677891241,0.13273822140538497,0.00754036107997755,0.0024434043093102312,0.03897750820091084,0.008244218997920673,0.01680945142747377,0.011507957690374946,0.0465735881935701,0.003912136182914387
0.13101426233877622,0.081906315144554,0.1104471956658002,0.01328890895851352,0.0034574412559535282,0.06852504559010117,0.03397785886372135,0.17326267585926164,0.037272224069224646,0.015708027891710396,0.11095053458057505,0.0005346109617951591,0.05193438201142011,0.002062697195750578,0.0012109271861487317,0.060076980355881215,0.0068824408077742495,0.02688520447042094,0.010880121485628377,0.056009200902463085,0.003712944404525754
0.12680955834044627,0.038345893636172655,0.04250274057957418,0.05157465601957754,0.16614187567406344,0.10596756336846566,0.03287496182980176,0.12442423472651808,0.013942787841062773,0.044948529058259426,0.02411712376553386,0.0001832349040698427,0.0565884928882319,0.005461080311440647,0.007724319436174616,0.0049943410100824,0.029634132335820993,0.0073185526440542195,0.001286493410453621,0.11373504799799745,0.0014243802221988262
0.03576366884733455,0.10221400761416066,0.0948966461341581,0.05657142046453722,0.12620523699659192,0.10778103767736724,0.01961748682701368,0.11123294338401273,0.02835772258411092,0.07376905029621056,0.0005088332897249567,1.4520067695608718e-05,0.13164754793350011,0.031335093908498195,0.010580580670972003,0.0395493679228487,0.0059472379666591895,0.006998397248965274,0.009646904818949958,0.0034085292874222687,0.003953766059266446
0.1389693846109156,0.005982253185341622,0.02926278510428356,0.031252446621863446,0.1400913224083555,0.07524752595453846,0.023887465929488462,0.12462795649989046,0.024869443983467382,0.04086065363304198,0.016374130099561596,0.0006379785666830904,0.08717982928477458,0.01852550885743611,0.005770088349179459,0.06167128718898935,0.03209850593292901,0.021237790696938156,0.0067593109000005,0.11211389861701264,0.0025804335753088505
0.09169650399324016,0.0546395317091685,0.06714490535492665,0.01812174363301727,0.15241480124101173,0.08934680109044389,0.06616822079114683,0.1209802923996232,0.05753987782569229,0.03125897948731623,0.08448490104952862,6.873114975585553e-05,0.02345671330643966,0.02012362708914586,0.002875369619034352,0.08568357343147741,0.010806128895029854,0.0007153603075453192,0.0024347558143125755,0.017247422273615382,0.002791759538528179
0.10144673754481656,0.01547371422458986,0.002974115807347936,0.10050250921547513,0.0031418888191214996,0.10779329242873378,0.004254050060570733,0.00651418004801364,0.04746376837968332,0.01096973596340053,0.14269331020093984,7.615500616090004e-05,0.19772085631162356,0.02105460798949133,0.010218695336045018,0.01401198312882576,0.023518464347984054,0.01325864213811087,0.010792566996369423,0.16420735816285922,0.0019133678898368878
0.10374580248262515,0.0016073426852918047,0.09579525346632546,0.07261402007269362,0.03687954012050043,0.04932403565911101,0.05940955326740298,0.12660677707336737,0.0472012871470409,0.03715487232915088,0.03325195869233505,0.0009407588631767892,0.13146739735363444,0.024330561720516907,0.006379075035813291,0.003957129253614365,0.01793410914172387,0.015005120050805721,0.0038842264032138874,0.12890187426148791,0.003609304920168111
0.1753427094900918,0.0650767534852406,0.08794455693787259,0.01674801437357801,0.07690992210361704,0.10843613134357018,0.08396341173366398,0.0031408873318133548,0.02012381181766388,0.02010504531178516,0.08480992021681909,5.8140512669922874e-05,0.09291819401433903,0.027985370324219574,0.005033053439514357,0.03674602229424913,0.02026879601269056,0.007983008524471957,0.00917457653326353,0.05405426958949966,0.003177404609366453
0.06061216467805896,0.1041830298740124,0.12266463652489426,0.0035347499208434412,0.004121317852608011,0.10035600436328146,0.03134734774791853,0.051710380443689974,0.03033514584131589,0.022115959279856823,0.027443187132157005,0.0004599000123506569,0.22338505313252105,0.003762332254066561,0.012412049836007107,0.028906374950365063,0.0001968700622862109,0.022210573783343335,0.013804769434318059,0.13277857806392018,0.0036595748121848928
0.2086387787738426,0.056459400260297075,0.12567853504848006,0.003398858942081759,0.008760870883902956,0.016585480516661515,0.02298110100381587,0.14961491578239997,0.0686038211065777,0.027061337125618222,0.03723028236609871,0.0008750557898126005,0.11458732708800794,0.02986029667973189,0.001883448889952503,0.08075616133743244,0.020119312869808503,0.012047694131086039,0.008059297950028915,0.0028621749067772825,0.003935848547585442
0.1404746120119789,0.08717660134214561,0.0917560287316529,0.08418855416629167,0.05426500218096596,0.04211218423582427,0.06826723641950432,0.01011867058139792,0.04324095125593824,0.00790165410744858,0.07188083451380069,0.0009711290373441508,0.1142639262772072,0.02600721195117551,0.001046752824378052,0.03507082218013928,0.015140928256985082,0.0029258245548734103,0.00913827802503998,0.0904853608919264,0.003567436453981985
0.06647146458051807,0.021765944282700553,0.005201815082869312,0.002327844965430572,0.07363214134048583,0.0014181885551202305,0.057209715389654234,0.15267159376770634,0.022328766851311556,0.07380177524581939,0.1342074563776811,0.001400678635119799,0.18565187926781507,0.01788298854724027,0.009725866518172144,0.08388114042854726,0.02825641856401053,0.001359328593140263,0.00966789921836159,0.04655312303937133,0.004583970748924737
0.08183561722542775,0.10825693333687648,0.010314046597952467,0.07773755362001658,0.16632977729377002,0.03579582834414151,0.055523259680771965,0.030777396660807324,0.02261349825345806,0.07104598329385117,0.06453395422120331,7.904138477966426e-05,0.048035157840947064,0.03740601370742314,0.0032899540909545597,0.032756092182335515,0.036920803374526204,0.006029949672731177,0.005492633480636878,0.10264363706710283,0.0025828686702862656
0.13625952223371912,0.052919265553905505,0.019288514730450255,0.06894246354594114,0.03693644229150107,0.08814170084626509,0.0462215217846934,0.07256486920811328,0.0035197175037676473,0.01290831608996894,0.15322795617518206,0.0007701047978452121,0.0641498676279734,0.04169023314766422,0.0033867819802163115,0.0033606929848878984,0.035166612926733856,0.023520594118914627,0.006055171632114495,0.1287735807216275,0.0021960700985147043
0.08957843158443991,0.02186248197215062,0.048775457608669436,0.0039018730172719865,0.13851221652405044,0.12457531851598255,0.018963755138459548,0.10748053477670501,0.03016466338277775,0.07273680451319847,0.015286869370178728,0.0007896093122195516,0.037943135506644035,0.014036662589526414,0.002012280931532409,0.11477328767569131,0.02921151848597477,0.015374883674538518,0.0030698015303610455,0.10732821712757365,0.003622196762054028
0.12119579910744009,0.01579599252125676,0.08663012618358965,0.0721340660659624,0.03793053104282349,0.03228511930651924,0.066587516679992,0.13471981500839098,0.01653886806227516,0.07159964742704722,0.12299817253833578,0.00022193831231859408,0.011452821163453423,0.014081431101475698,0.008263740399136585,0.08093244456901134,0.009674992106969435,0.004652421644719257,0.0035084772352857196,0.08557772218004378,0.0032183573439532394
0.1191992877203553,0.05727905887210029,0.11438572034592694,0.07208213992380315,0.054286081115033115,0.15755064567700866,0.05012411520978577,0.06820976866613195,0.05884323097906304,0.02170308319956058,0.0052383199186581235,0.0003423698169736233,0.032811071934286166,0.016323240662230128,0.010025904695929198,0.03778116057159796,0.0002292148017341688,0.018093005947215992,0.004654436670806303,0.09819308986928665,0.002645053402512866
0.016002724855911123,0.08571440536374399,0.012080878857805209,0.08532779650366366,0.015266940850618398,0.11071827265980351,0.02222594485242674,0.12489658626426568,0.054854436110780176,0.06815999343472003,0.10680249582845712,0.0007796852589261107,0.1488987782483638,0.007485496613269398,0.008943207470653403,0.007335106868031203,0.006557563857465902,0.016288576218653664,0.00214570473912266,0.09713624682378026,0.002379158319537672
0.1275842263217255,0.04576365379858719,0.012607721920383818,0.02875450213182834,0.13473714268054546,0.10714032882669422,0.017840778953140846,0.028860756082796923,0.021895277657123513,0.006341344282051166,0.13162621720304354,0.00083007484862762,0.22092680801159967,0.028881118051187416,0.009755343649553067,0.008700357567524087,0.03555768295813477,0.01197340944989349,0.01192578282255259,0.006235687411648952,0.0020617853713578408
0.07449582226517258,0.07782512803770943,0.09597936549996633,0.0418952404899599,0.0791889185850885,0.01970487945394498,0.08816872694985879,0.072964593812102,0.015092109925951539,0.035606831366076216,0.01637362246265334,0.0007431200476182334,0.11534024815845072,0.019822437360928542,0.0006017049249359629,0.030175136042469883,0.016795270289773134,0.004880916015928946,0.006036841739893012,0.1845843397181847,0.0037247468533330567
0.0049321567780232995,0.07808840202228004,0.05957307803980916,0.022033771111461688,0.009684057697302378,0.06795387462484812,0.07466129983497895,0.14072766156536498,0.014143351446546847,0.06184106912480017,0.1259535851615142,0.0004435226431261104,0.06506388217781538,0.027643330825453654,0.0036314265730126058,0.05064000087107333,0.03169397124658096,0.004940167163051797,0.004212812979889621,0.14894229849609475,0.0031962796169723285
0.16229392309186338,0.07247733968675697,0.09471639193353312,0.03870389402146464,0.11876987420349912,0.1027002394968036,0.04043505358927393,0.07043482831821629,0.007441391332719126,0.005397638514751103,0.11803028041043796,0.0007860126187303299,0.04998838678144487,0.023068410884070363,0.003412829565293309,0.012408972989509827,0.02015298006885625,0.005568885743116776,0.0004157144476534115,0.049226348933992616,0.0035706033680129893
0.025781202849611183,0.037533606611024305,0.0746522251186666,0.02633347718719958,0.10024117983493164,0.00022034311153228036,0.009291619455110445,0.10415953423290321,0.03554492492015694,0.018997528821720646,0.10567434956213777,0.0005967808230301348,0.18645793403937508,0.0045251883731706076,0.010970499470507279,0.12347797424983496,0.0015090941659154891,0.017364514297177985,0.010984304179661272,0.10274658836950311,0.002937130326829416
0.13267819011725812,0.0310167641364674,0.09965010211468682,0.027507822949344663,0.09460334037830903,0.014762481979188346,0.026072219281980613,0.08578101867172988,0.05029868856346519,0.06228585417622995,0.11140226630004965,0.0009215082193068592,0.07698786157172116,0.005269727472635115,0.00023033949324282013,0.03894758330422745,0.0027925263137694462,0.009040878904239215,0.0015916648562174405,0.12471372576522306,0.003445435430707863
0.1392700870396088,0.07187613799016647,0.046374252958931286,0.06897308404668269,0.045836768902774376,0.0980629965158574,0.03334959080864173,0.0641702424755926,0.039419740160185346,0.03436556548418597,0.09689167550729813,0.00022927393602623146,0.014821272557942659,0.007165925156399781,0.0005953205808230936,0.07126126869745936,0.025517044600796717,0.0003854422833792989,0.0010116007618312854,0.1384753263037249,0.0019473832316920145
0.05948790707989587,0.06849098219033811,0.010107324821842551,0.0973243268490151,0.09125992635483005,0.1240781062139495,0.054420963349842526,0.053371952340210645,0.039105057334312535,0.020909989192400807,0.06456504909853758,0.0012698702819263928,0.1896617987760868,0.031772339651431364,0.0037621859850418002,0.0030245366968984617,0.00526707146030405,0.014651467815788254,0.010779288749089936,0.05412228534076916,0.0025675704174886495
0.012806035014295008,0.11843221321802432,0.005277194653042966,0.04715290553596813,0.027574942160580596,0.0335947242263599,0.03291797682203225,0.005461210457868334,0.07539061257616717,0.08887379611716746,0.15807833109528752,0.000582095524707431,0.07585186076127905,0.029173442427217765,0.01356353719040866,0.11481562348097564,0.02890803840436399,0.03146137704811409,0.00854080834296473,0.08892132503228695,0.002621949910887967
0.023331690912453847,0.10291107774084929,0.07248654349342866,0.022349668997560333,0.09601355647480016,0.054132750925647954,0.03267771555539046,0.16007262161126012,0.02408502144572364,0.0577143787846196,0.1396389718532605,0.000840371644022392,0.050857066597160445,0.021279563765549316,0.009708263812706099,0.03811338578220632,0.02373479606077985,0.003136027827573152,0.009708219868663482,0.052968600019212615,0.004239706827131783
0.06272019152817598,0.04993806933875544,0.02006443568135381,0.04307601645805899,0.22589481661936864,0.03332297156775748,0.044531969486128156,0.02416286926821008,0.06067041249968009,0.0746697699774992,0.1529004049450316,0.001467201686578785,0.02343274483854277,0.043482912728496345,0.004781912745044719,0.04884018179977971,0.018441257894507554,0.03247013336647693,0.008532943860026945,0.02359444656055249,0.003004337149974528
0.061611072205892015,0.09328234873340063,0.0544634857742921,0.05997833865315211,0.11608919889407815,0.03613908646712715,0.002607377742769785,0.04769017291321648,0.03396551352374235,0.045458306947467005,0.11732320230592744,0.0008165526634519327,0.12781037310034932,0.026060025186299584,0.0034858641020094707,0.08188985749421075,0.02514358426040682,0.02401408596442458,0.00740256680718259,0.031443356867018775,0.0033256293935808026
0.059833296496277194,0.05906965586385789,0.04175673650490901,0.08013381833388493,0.1268262363177569,0.08867152689113082,0.059220968589307595,0.07413563695612164,0.020723010254113067,0.014240018857254406,0.017064324669723307,0.00046585306347041947,0.10810600883223631,0.00847898619502015,0.0010038314382617682,0.08076894043109493,0.024733990837713268,0.0026155344347179505,0.00432706040317968,0.12654065623081687,0.0012839083991518577
0.120734175625594,0.01339143289650395,0.004467229206822649,0.014451042505011356,0.14363649975093135,0.03653411756049139,0.03664771753438253,0.13644548150761207,0.048295473373012196,0.048166046479050796,0.1406786971788476,0.0012310179951005229,0.028738610698988722,0.03062583092118007,0.00870121444824031,0.03614528066684428,0.013217904018197746,0.0012674506427313376,0.009302754765985627,0.12396422531517305,0.003357796909298411
0.03234395136352416,0.08335891068173945,0.11418983216666238,0.07869334242349475,0.1712681767710372,0.08360280355522987,0.008587626955908615,0.10353041794019269,0.058764120932336676,0.04574751743170696,0.0006325866401718347,0.0008268094835096559,0.026977315311092896,0.0038871665920500722,0.0017307745718017332,0.10322498944975958,0.002922042354126785,0.024263025348280492,0.006149087127569626,0.04629960207044489,0.002999900829359535
0.17507334685179168,0.10153811200569968,0.018322447430251187,0.049647205789321885,0.06359823116658116,0.05908849488341727,0.045712835058406474,0.08749785106294848,0.06626277256474115,0.07017331516040984,0.10413120501504508,0.0005321048367061149,0.05612209394470307,0.007057064211832256,0.008507278528850436,0.03850508431713071,0.008391593299773438,0.010934965911507097,0.003909048493301452,0.023568904834427345,0.0014260446331541721
0.1649808201102657,0.07223666118463264,0.07074253981883215,0.011823820976927997,0.14543178263206563,0.08116591713515195,0.016757809858957116,0.0498965290793491,0.029886055494262147,0.035105804841323085,0.1262397846785651,0.0007724349199883857,0.03414148451735916,0.01975679652953207,0.009815120544377939,0.01327048440226922,0.019209951429636173,0.013370492215239,0.0032350169224595175,0.07967185732013071,0.002488835388675278
0.12787817799657084,0.08189898755851052,0.012680778915906339,0.060732942961505554,0.11231568059662934,0.08826854429416424,0.0646287873669545,0.12662260327592406,0.018537557906365718,0.05370023278454529,0.021998339467345033,0.000627193038506781,0.053209195207859106,0.009453790598632238,0.005786218934789125,0.08019646579977847,0.022326543654654248,0.0052664072920569505,0.0014042783243110562,0.050646376905140386,0.0018208971198502941
0.14383323650474647,0.05402255975885475,0.0851841107351374,0.048269228747899504,0.030494639153626532,0.12076056502004424,0.059353578309589754,0.049982094152412546,0.0529207674905388,0.04401073562988117,0.1344899190358253,0.0008657265896581021,0.08292365601802394,0.03482155124542406,0.005091585649947276,0.003469265966351836,0.007317863400548741,0.01823710702042859,0.009369104597335405,0.010034746951621421,0.004547958022104228
0.09109341653248465,0.03576377283487559,0.0831974078394482,0.033517518267101656,0.10908888786484432,0.0394527530983398,0.06455577590923858,0.07211427953719135,0.018107609415852346,0.04272280664327094,0.12898565780771484,0.00026229985957646845,0.09430923261090736,0.022079723953332953,0.006605991323733283,0.0417623679283076,0.014071748690016088,0.0021843862161191464,0.0012276076570767595,0.09534858065535368,0.0035481753552142857
0.08218925839364202,0.003239305906614466,0.024618387798580794,0.018474507414334606,0.17398967828838519,0.08919256821184154,0.07080447123025037,0.012823049508323121,0.04397141420754825,0.019946181698518868,0.13291218391182363,0.0005461606986126322,0.15778394117708183,0.025530785382268568,0.0017469514141752922,0.07611783793560578,0.03162817115470281,0.01610284216902858,0.0024067242849356335,0.014112397351376153,0.00186318186234992
0.13495091420319924,0.023542091370850185,0.09409246240356246,0.0041679978104515476,0.06627055276336875,0.06789178890183566,0.06764343571717431,0.11688628235096993,0.02058747931605371,0.04144145473779573,0.03812728570996943,0.0002359136348108415,0.1004094982789267,0.02881038672295073,0.0050648268855384105,0.01878556507281091,0.010641630174648854,0.0028994136563768257,0.003745231888729604,0.15059882474802855,0.0032069636519475404
0.04471723872418732,0.08531590781052467,5.752552614790126e-05,0.07035641635851571,0.08361515953501596,0.003895567638055789,0.03148567048953811,0.06730218558665511,0.005759332046056109,0.0748519607170783,0.12405125543552051,0.0006470453650738278,0.12121873068361379,0.03389009106644024,0.0007775566520324257,0.007606069369002319,0.011258227591506102,0.020761332230038506,0.013337012284594269,0.19442624913236325,0.004669465758039836
0.009873964399544938,0.09021428715862408,0.09636381026209168,0.0721956177461501,0.14639683564041442,0.006069545908003239,0.06841952461157925,0.11899230887912046,0.022226601840380885,0.0076877505828960024,0.08216515758207482,0.0009961336094577785,0.0748713495646378,0.030600301819956266,0.0053599415093586586,0.0025596021812185252,0.011709624120661708,0.017434221059796366,0.004675442415849678,0.1282450362062258,0.0029429429019575664
0.058572651661847226,0.09752063821011943,0.013183002971759361,0.0817420239277757,0.1204640834178703,0.036654215515987,0.015403888824309818,0.13976602773026164,0.03629208547474285,0.0625785610086405,0.10075660324690255,0.0006257153195010407,0.08131584722385601,0.021388181590762487,0.00486609948043985,0.045173507721442796,0.005221806612999986,0.014745964012093701,0.0018726920096457532,0.05859853801369993,0.003257866025342173
0.14873226996863734,0.022132254231202898,0.08417380541969466,0.0030611692505833807,0.08900297724055037,0.0879960062749577,0.060904316086107954,0.08733910769145484,0.01037936816412437,0.038563559607339995,0.08603635564745946,0.000700852943318719,0.0550876805164391,0.03536214594101843,0.006758242543938023,0.011879016502676861,0.01170302723905033,0.006073631441170476,0.008203519585569356,0.1416093389810666,0.004301354723638965
0.14426889821362576,0.031648737511585014,0.034782827196975216,0.06210878144716828,0.13106179342209665,0.039560808576961155,0.04907702378215593,0.11116996858983295,0.04822371774879196,0.007569747391871805,0.11249192008105252,8.066943383171499e-05,0.015033462517792544,0.014999147915359428,0.007640327811899258,0.0816332887170406,0.014394818040213971,0.007583803316327622,0.002544768957084215,0.08323506685750157,0.0008904224708317827
0.09020879536127455,0.1392264277571271,0.003563943780784696,0.08001954805475679,0.12220040338369208,0.14042479939477617,0.04646788831975689,0.08438566523144753,0.0058017884844523415,0.05525476130434553,0.007485401273180782,8.088064995360495e-05,0.01052376941219038,0.0033575644282826064,0.010647698953232611,0.01137144647724103,0.008585527581611027,0.02898955002601311,0.009633423132262302,0.1402912773925865,0.0014794396010323488
0.11240090484880211,0.0939795438339094,0.10109406112594048,0.025231451672502493,0.014415148608901246,0.028751088406864335,0.05737357987533305,0.1315428687470303,0.04717519133154059,0.05236827576583035,0.09657405443194533,0.0006298365946769912,0.06914590375066514,0.023593940461779532,0.00829347488570244,0.07505477026133732,0.02215405557115018,0.017828022842809765,0.007007325519252024,0.011361093224745248,0.004025408239281585
0.11509525625782066,0.07907135194211189,0.029994591808160494,0.00817287542831294,0.10672400414304334,0.10810929779039233,0.07083848575417054,0.07008072310882629,0.05008342618909209,0.01424741536223688,0.07306240545024732,0.000978189058040091,0.012768769088913433,0.022604195345796198,0.006951218834896099,0.053491193595837705,0.02609708450858624,0.015133329421987692,0.007349275812137074,0.12694241792120498,0.0022044931781857835
0.10877878972390341,0.08313625493042787,0.005677959456501784,0.04639710160927044,0.12102573297315676,0.07593391769702341,0.05913583976863891,0.08996353307942474,0.03399261969538108,0.012407701595150629,0.031151164936128076,0.0007040981867794937,0.10673808837736304,0.02126946900331892,0.0009862160502314542,0.05146110162472656,0.011031243834677368,0.016396995889411542,0.0017518078829587807,0.12069856507813966,0.001361798607386333
0.1345245162886075,0.06919436411664162,0.10794453104587289,0.0034417879159468626,0.14903076483977767,0.034474122555836345,0.013298202723188615,0.10348484010401947,0.01159297920929322,0.045528025916242595,0.11592523264229564,0.0002456725634080947,0.003112699498056956,0.03213814542766111,0.00774251887702378,0.0447176481334399,0.021944608414753413,0.009389929214390767,0.001652529844443392,0.08644768819094145,0.004169192478158617
0.15849914372592186,0.02033207589854546,0.06627307474171323,0.06750099757217115,0.16413346549338165,0.007415850631391167,0.03790893162784161,0.06776831530435472,0.06946818732473145,0.006969759342391126,0.07977934898146062,4.037682411430377e-05,0.12027689713698601,0.0012545839972935124,0.004804797163207385,0.04305032128045325,0.015962652971340613,0.01072021650845379,0.008339859655054729,0.04766451017021844,0.001836633648974158
0.052317288186661176,0.02098328072492184,0.13870429355594924,0.09254235573720708,0.06800286790273553,0.040770919666452625,0.02119071877138507,0.009564476286602739,0.0808962752954006,0.023148078247499242,0.08995127391359826,0.0012958125632483992,0.010982136408931479,0.03122254999636935,0.006618357700801694,0.08056256974993381,0.00527840044203495,0.00183141829586234,0.0036117005248627997,0.21643983513984252,0.004085390889699145
0.1380492105593312,0.05488845289401433,0.09147291173719123,0.08880099272045247,0.005295582232828658,0.10058093306315544,0.011934390896027412,0.13008746774876098,0.04816228295597113,0.07102536622823284,0.1323267962464535,0.0009268861244218956,0.036838930731958465,0.010298346739196662,0.010360062683297828,0.02795053118089164,0.0017274495725700199,0.013159302518521763,0.004253474647330748,0.0181634750907262,0.0036971534286654
0.1653341985328183,0.006901391101710889,0.06115246532934148,0.032372178115584294,0.08058301207246113,0.09919284650579997,0.056368295732186526,0.008894341560134023,0.05757374139582984,0.029172623518385826,0.04507847933787065,0.0005091431247047366,0.13571417181309053,0.024523646682128215,0.007055368351428652,0.017606043212991213,0.006062137303126786,0.008851779704237743,0.00503910246732581,0.1492988466381984,0.0027161875006448642
0.06050120683902786,0.09112987093617321,0.10500108236163698,0.0793316273212986,0.16710871151445858,0.10808911416867131,0.0325704169187703,0.040328490495093364,0.04388392155633295,0.043686439287520806,0.04896735130387641,5.914621222033404e-05,0.07285754225460865,0.025964024139784207,0.006969883370461839,0.01910388903010069,0.014622619757256138,0.024675468278122746,0.009314049054160426,0.001965050153375836,0.003870095047048743
0.11852350647787643,0.0933576463736538,0.062004463178428275,0.0422281087606995,0.1453422285386994,0.04381653204611329,0.05503436200764821,0.02737126066668359,0.012861121052643006,0.04470038567561297,0.11701086194880775,0.00022068971140539516,0.13205864832725883,0.005561746598809737,0.002149393029899882,0.01238056619152839,0.026900258265748458,0.018079499137526107,0.002389428472153682,0.03609767052381347,0.001911623014989763
0.22167478809066282,0.10486647853684307,0.0006151849778815663,0.03105901343410967,0.022982148856879252,0.0063969022430096075,0.07442991925199788,0.1280918011633092,0.02500105534062514,0.018403565365904144,0.03539758016625507,0.0009584966256133961,0.08608647666993455,0.029368996303491903,0.003410564737379782,0.05095269928277764,0.02422585396065255,0.00045393328962965734,0.004372110082397691,0.1300134255030361,0.001239006117609563
0.1071828206576582,0.08133463042304782,0.08929312853893255,0.005817689187301869,0.10182661026057395,0.03787636000691723,0.052211600998907086,0.07689826351467177,0.02022267666920062,0.03000289280821687,0.09374382299759283,0.0005845016227028223,0.07667348242116352,0.02223926448196707,0.007544597059156832,0.06332444071864857,0.013810059873953675,0.006356134188820934,0.007689523132678856,0.10135367606659541,0.004013824371291623
0.14754342501156206,0.03963241646472001,0.04678396064694724,0.05146734689653206,0.10541374957601221,0.09257503419922707,0.03205412249221948,0.11164195526537361,0.04801423842663155,0.002207890144613167,0.11589876817949624,0.0007566332962841047,0.015503371841398536,0.020835854421910417,0.008688298564696315,0.005987568127841442,0.02207115404884372,0.015094142617967116,0.004390090140704269,0.11218789323583271,0.0012520864011867077
0.046055094597250545,0.07443604369435458,0.03511251093005974,0.04680206107269776,0.041294596878389975,0.03104436308426381,0.07008215762456729,0.11301617976939057,0.04046157767505928,0.035744420642754245,0.109320607931714,0.0008542483647447693,0.08098023778709208,0.02418392590898462,0.007825353597975399,0.0637478606668471,0.021228587750429784,0.023280628531842797,0.008587836010221757,0.12236451889269771,0.0035771885886621085
0.13675690845304572,0.005427100311404209,0.036898458450843975,0.12722933179785517,0.05755897326867281,0.007997970133080956,0.0022658428241764538,0.07488023018525089,0.02142169078754791,0.009040864799303681,0.08070731842444168,0.0004341046586785961,0.21563959174305097,0.006399364383824427,0.010641023005887503,0.06077075168188781,0.04335261495372378,0.008125874084817396,0.007602232426038053,0.08535256767863292,0.0014971859478351188
0.0700527423197006,0.03692844091135994,0.09168214326335816,0.061522802879979965,0.013193845810035215,0.049490204385232675,0.054516305787723235,0.08276222200381168,0.04939372410140711,0.05712753244665001,0.0272922221223421,0.0007465115976961317,0.11785458802146426,0.02517585983178918,0.009235318535199424,0.0629790210522099,0.03394245288977542,0.01802568386958009,7.446499170019231e-05,0.1329265525250593,0.005077360653925228
0.025933251023005716,0.0653481564824359,0.014021451336654696,0.015308328631580864,0.19721857061781714,0.001944948915787389,0.05366434554551373,0.0730437001678726,0.05828667788542662,0.024895754221013516,0.1339441073723997,0.0009429090095414847,0.1769822122150345,0.010183924481176596,0.0074458583165458786,0.08786868133508047,0.0029921143500341975,0.010908551191324297,0.0023065349434889235,0.03446103471300833,0.0022988872452574713
0.16482438763488405,0.05963566411366946,0.06527472001692544,0.07581117822424163,0.11017111802341115,0.11379586589819361,0.05003907413945801,0.021864940054132316,0.014380355535181865,0.0394403126181239,0.13234165622519234,0.0011798020717690707,0.0032522646891842808,0.026905010873844958,0.00838346049645382,0.012603010964313606,0.02233739680429504,0.018769508052330932,0.0018903889817249147,0.05300583386929625,0.004094050713373187
0.049152273296418,0.0783983081124102,0.0443408913005009,0.03125150068609829,0.1196941472114676,0.12216178143372378,0.04030152627593395,0.019668134812995283,0.0073524928428631035,0.02149076986992151,0.10880277353560276,0.0009011500438366191,0.07522560616797604,0.037307451582271126,0.0008819884740303271,0.05935138976790193,0.038707368452098385,0.0123312868400875,0.004902581667536628,0.12496056902542235,0.0028160086009039503
0.14607032340596912,0.008619371754867612,0.05637933654490492,0.05026754875816917,0.10296268151176081,0.03547203468568107,0.008240974188212765,0.07901559424365617,0.06094756281722813,0.06922078280177058,0.1071464329915872,0.0005761416016920347,0.16187872012377982,0.031069892128350506,0.0019690389105134747,0.0016600151878733698,0.00365269406228477,0.011761441765547418,0.0024536502306136327,0.05873165860113813,0.0019041036843993984
0.025656170236494837,0.04291730216264965,0.1128610457212388,0.09784162561628731,0.11520516764332044,0.056741733770075416,0.04867687707159913,0.13616787018620707,0.048566152132951346,0.06791372780505106,0.11717142695903873,0.001029066051410742,0.03678806792296907,0.004246921732346954,0.005067715043329594,0.04826490679011162,0.024359090723898077,0.0007100925724663141,0.005393019224950119,0.001354928906976096,0.003067091726627849
0.11496596583884974,0.10924898615590117,0.08298680252046811,0.04288365391393801,0.04134674749017715,0.09093330152852844,0.016231882914036537,0.145097053058962,0.0004148474408788007,0.042443484130334025,0.10889554435054163,0.0012158888397435677,0.04424269843582896,0.03550013921617906,0.007222606366575481,0.019196854932094703,0.004276011079407302,0.02327600342360501,0.007819785673149617,0.057124273587876764,0.00467746910292374
0.025578162986594967,0.04682827337757087,0.04309413842563389,0.08542451547861263,0.0491459237309586,0.04771530379643793,0.05072750108556629,0.08544836699128841,0.0028215963651787358,0.06363792112160067,0.13890346482524926,0.001156724343400853,0.09222887635057636,0.0028036119847162284,0.004146643334995295,0.0767277292774075,0.012933771957096654,0.0064811415568425765,0.00047163488024579484,0.16072795349042118,0.00299674463960531
0.008388135298582167,0.09016642885662582,0.12411741867575726,0.10348008576395762,0.09055460845174439,0.08495878077409154,0.03522109205733779,0.11228913262506271,0.052716814603812,0.07852563074817921,0.09006427651106694,0.0007082573513239415,0.02677384836038968,0.020588445088084193,0.00012921473063167203,0.004246054730812479,0.02915506377497891,0.008811734123426469,0.00166069201861172,0.032278333192093174,0.005165952263430581
0.061387402267886915,0.0890474651300073,0.06772765618315851,0.01217788887333392,0.08591232744085703,0.053236219287230574,0.07650204128537816,0.0017826009388091936,0.07204302842657365,0.05387790459631737,0.011660158737130376,0.0015115969928829803,0.21369202046335206,0.03705477193158711,0.010275791058440495,0.01159461225414475,0.02429442447845068,0.02706079223017348,0.0035480541271160205,0.08032346599832792,0.005289777298841394
0.03627246397587677,0.09266815848587114,0.11324501213650169,0.025197752659789324,0.017905666450887172,0.004169068990736199,0.047742933890660436,0.13617229338887454,0.039793241415468514,0.019531481484910542,0.1204612155279755,0.0011890172029495067,0.05173849871925297,0.023331100204913375,0.010006463921635735,0.10149988414511822,0.023534449441638686,0.02252458248737825,0.005393056159275955,0.10372315482908029,0.0039005044812049565
0.0646383401848669,0.06928778955890905,0.07554671316371034,0.06739185827355278,0.1202456408763956,0.04417420313368613,0.014514592570683911,0.036374965507789146,0.0006359955355483563,0.030448287636296374,0.09790347801442537,0.00010186147857116006,0.097838785731383,0.025475180624976886,0.0048572744666785595,0.08385781183913059,0.0018635753673913332,0.020098510344509175,0.006158986452450666,0.13573802789694286,0.0028481213421018368
0.14643790727651854,0.08997133841381696,0.14799313726982882,0.0009979572143766315,0.0638014757942133,0.1480706164144759,0.07220353997705237,0.00512872525264096,0.009875014373706128,0.0505645384488777,0.07840740190765551,0.0011549054821781573,0.04076902817573617,0.00978080355450692,0.010549489968499791,0.033122824312946754,0.034728355203090214,0.025010668624111963,0.0012395932390939263,0.024651264418612335,0.005541414678060952
0.12108528704692965,0.036769829649744686,0.02619792957037471,0.08426341463552547,0.1517390594086928,0.0588259114745008,0.07244022222353129,0.06180566559943488,0.05380134107931013,0.017271682955768173,0.13243672523299505,0.00040248132894253787,0.0021951459692041908,0.005786203667545652,0.0005100328828044317,0.0004179777427332989,0.016548248370343823,0.018900648429693846,0.007466286447106656,0.13022036299212267,0.0009155432926955783
0.04435145718663708,0.08080887496831647,0.08936428698916613,0.017278202838240636,0.12524812559063112,0.06103826064201309,0.0555691960780439,0.03358039131653985,0.018408118804945,0.04927304447316662,0.10353094392366921,0.0010641797734355994,0.1121114043993473,0.02749736411908364,0.007981670211122328,0.03741849209428138,0.027193235075958087,0.011078133256171149,0.0017970641963284861,0.09172448155245591,0.003683072510446856
0.05525648490099151,0.11134975878774533,0.07814911317361342,0.023820326819032976,0.17466429618058785,0.06586675633709092,0.021354527664574487,0.09625247795805465,0.010892168794229292,0.014515988475936447,0.04230179148228883,0.0010835404301357992,0.04759132200415701,0.022140706554825702,0.0006173764726245775,0.022192985001803597,0.005501732494924204,0.007982318363924736,0.0120077492128565,0.1824113808921474,0.004047197998454649
0.08820436163124647,0.09304898453004148,0.03991666578819716,0.05929895290901362,0.12867545757691115,0.051199648253880174,0.044172608880210074,0.13327276603961694,0.03889055172803622,0.028431490918124212,0.03178857026540394,0.0009035936030528218,0.11409655242213071,0.021102291482349565,0.00683963752399877,0.004179844748484664,0.007506998069597018,0.00046814540363218025,0.005498315284380874,0.09941699544294513,0.0030875674987471103
0.025260245078919264,0.03626067244207736,0.05333871795255811,0.03499305135321839,0.09450120793399806,0.031316636580154586,0.026214309604409288,0.15367777946970781,0.06430400572600953,0.05777302780234839,0.0005014494980095515,0.0011661640958354458,0.15661253894236352,0.03686062674571436,0.009538344205463699,0.06377594581659489,0.008792932383789125,0.002914851321059066,0.0008095805901948069,0.13742685731672832,0.003961055140846406
0.1227771547231538,0.10930666528761997,0.055797276525049316,0.09033133975035111,0.09888730801454204,0.10128386013597052,0.03689193014857914,0.003926195587204128,0.005929392521118636,0.04480723435608745,0.03810722999466076,0.0003537505728369799,0.010691070118825894,0.012299745232498877,0.009776615685973695,0.07193976064408236,0.020062427915303483,0.010795480576517066,0.006650587459087517,0.1465553054534122,0.00282966929712511
0.0279098639201187,0.08463754591874018,0.05704453371387553,0.112564941795037,0.012425741450171807,0.08224269151453074,0.01804545000056009,0.053032725421041746,0.022317659737700446,0.08493834658908452,0.12788181092534762,0.0003074454569098516,0.10122773067639784,0.02572887583086249,0.0014763780231710193,0.015105921920508457,0.020893184123198762,0.01091455648070124,0.00987058523503156,0.1272540367764628,0.0041799744905477556
0.10109687300386663,0.03331217065339532,0.11412074684234047,0.0587436971680848,0.05106595745267039,0.10600172539248746,0.0017021592393821918,0.12506234517453063,0.001079140869357452,0.008124370491006849,0.1258433357130858,0.0009205253208764189,0.07327557134801835,0.027906637398760762,0.0049406438410822765,0.0881932900082468,0.003477810227571174,0.00012098367194458362,0.004226412617211407,0.06765459503480782,0.0031310085312724802
0.050818952222742214,0.05845207795777581,0.05793036686943932,0.057755233082057364,0.053309041315633104,0.12806526691074366,0.04554048340615377,0.02917040724464055,0.004337763335651388,0.07226427091052716,0.13167800870334295,0.000781470192898838,0.09103910118600576,0.010357843343246862,0.0006294455041169237,0.03708039732932453,0.016671769443099664,0.0034020018307023814,0.011487418308874484,0.13520849317951147,0.004020187723511744
0.07362794490579015,0.08491162619542021,0.08969272832882114,0.06734272245699609,0.1046581044326323,0.011531151563269768,0.05533462675869339,0.11634366432248482,0.008086290907219103,0.0515351572763679,0.11185257986228178,0.00025274252850963485,0.09668494813300849,0.020026626589447195,0.0021381465876399957,0.07989137939742762,0.015444238486320799,0.0013728872876487181,0.005171093054308518,0.0011728819680988758,0.0029284589576133425
0.1415008412959857,0.02575930189345809,0.08094487912189399,0.011903252684089672,0.11840625017256538,0.07269435158005841,0.035833943275807786,0.13145281956771268,0.02718197059745098,0.0011896950768559029,0.05680649672846831,0.000260976468194687,0.04748066958031438,0.015125461108259195,0.004997210598447668,0.07538271657499798,0.017294119789555418,0.007813465837295785,0.005129729626110788,0.12099076616812257,0.0018510822543548462
0.12218278600284263,0.03627139901858556,0.12085995988030868,0.0929370950268293,0.07663305822161788,0.1331584082758902,0.06953411531047717,0.11443425651384899,0.08192964396386115,0.013374421400421282,0.021177063914150605,0.00102556293134084,0.02095900620184485,0.03113752030993634,0.009706244339545061,0.02667899885954386,0.008661416335536954,0.0018353658058442685,0.008373156868352253,0.005850495100269009,0.00328002571895304
0.15619849913817166,0.00017538247291367154,0.08638906974110283,0.023916815006934204,0.046195295583747666,0.09871255215448474,0.043611525205049025,0.07086161122164739,0.0425521302473771,0.008927695771702136,0.10922076409672919,0.0007253523518887564,0.1533337673977716,0.01085563973530145,0.002971699960022933,0.020741709382200463,0.038934033685666336,0.02005475495249275,0.004023905778549044,0.059054725272690185,0.002543070843556893
0.05332340134263653,0.01901406990354457,0.07256236790229241,0.0805389309221854,0.1734416597359865,0.06325461618811618,0.002216234618864325,0.038269605175144945,0.017899165204814365,0.007148957025681506,0.1001662734600816,3.512097866901678e-05,0.14591586724300615,0.021336807078238772,0.0058756552148429885,0.09448318855918388,0.02627243798416492,0.011956053469650169,0.004927134464330814,0.059951990797824345,0.001410462730740643
0.10158727248172453,0.06544059234724132,0.08591546406308655,0.010478771627928898,0.036967869617137536,0.1047521560047114,0.07385759001157134,0.1088594350777107,0.02909210398534505,0.04373776446503719,0.04065687295479989,0.000746328527098556,0.1072832344992263,0.0455331905076986,0.00430828586373926,0.006518308416660529,0.029953828550596705,0.016407136307325838,0.010136737876959501,0.07291814132087769,0.004848915493522737
0.11641970854785487,0.032516864920013405,0.029740394334698717,0.0765705441330494,0.027980987207953608,0.03264858286883899,0.07088607888224234,0.013836518387697118,0.05657110771107167,0.05205387204946561,0.12439644103054816,0.0008477132392601964,0.06352224175557608,0.009843076444369561,0.002210948506869626,0.09027485517467491,0.00638517485457427,0.019540621643704757,0.0092251614728809,0.1612949444383352,0.003234162396320662
0.11752273971209554,0.0794761769823486,0.08994038879276375,0.0372683387877591,0.11248395629071006,0.03402574429284415,0.04144233212645753,0.049992547097054446,0.040723733345054185,0.04299837146193076,0.028040605494050228,0.0009739019854849458,0.11957126262335596,0.002387183661555975,0.007358544028795989,0.07231609868581323,0.006364000438872136,0.008024655851920191,0.0010569435603282199,0.10483176966982292,0.0032007051109821678
0.14199695379607954,0.09112879561399029,0.06424499040515802,0.085822376841072,0.12337603875589914,0.030698063593679915,0.010875217848228437,0.07461565486836402,0.0034911917439813733,0.04406464184180043,0.021327504885104494,6.51588186862855e-05,0.09968992837298747,0.010357956948805381,0.00798810983503194,0.04494608773208412,0.026121387061794805,0.006366188066291256,0.0013502346919033333,0.10901592652837173,0.0024575917506860453
0.17257418744144556,0.09885453461225337,0.04998606683050072,0.007459966512982992,0.17041529055517854,0.007992138424602467,0.031421409279393485,0.09680699420049904,0.03826294617399384,0.06058994956595158,0.010931227812476251,0.0004709055872138012,0.04526596008530698,0.01785476136935391,0.008673021094723196,0.042009166856598,0.02932108195130471,0.016110968570612172,0.00195785200093162,0.09038572850196673,0.0026558425727111297
0.10075012612474271,0.0984651304795222,0.08027346045118555,0.04684605202466078,0.16355974704283688,0.015872937297514426,0.013420466703375015,0.02400757035791797,0.02128421145753428,0.03858207212399658,0.08510594605779916,0.0001543594190394704,0.14905398547194626,0.04073706011154751,0.009268035186687364,0.041919315682979644,0.007402307139909804,0.01733996785459047,0.009768179317788842,0.031591684489357445,0.004597385205067766
0.11559209128766099,0.07641012765772184,0.05879097110747235,0.05918223625319464,0.06076101827027942,0.004536984119376676,0.04607866568644439,0.12575268882337026,0.037293276991623256,0.01081427373723061,0.10942877237106721,0.0006692170015849424,0.11230514989493913,0.015158536182911918,0.0035252649429154265,0.01788992408214275,0.0317719902010388,0.005910772851960978,0.004834574432225685,0.10106678996927032,0.002226674135568404
0.05610223202303761,0.07305796017783964,0.02983074013000526,0.0391190009538867,0.07641683963863832,0.08940221195347342,0.06877806204856125,0.047433783410838766,0.06852160751772726,0.06225712416043727,0.03874192440780358,0.000862554834613139,0.16935939386548823,0.03537963593331511,0.0064996376890295885,0.02023237788329267,0.016890874976704835,0.008785492193905911,0.000405786824986906,0.08907690709036795,0.0028458522860466888
0.07194329183019683,0.051011555117766595,0.09712477017709938,0.06979053951383729,0.07903588520146038,0.08777367091956104,0.07532533755833876,0.08529493419013848,0.03523567391850673,0.0180993340980933,0.08476464472932455,0.00013618031367790097,0.039874923139271434,0.021159403882497,0.0009907449536940836,0.08775165001504412,0.010961134379427997,0.005614414574335724,0.004804905941112367,0.07071160681241563,0.0025953987342005077
0.028217770898514617,0.03544326119610704,0.11362063074346786,0.06736853846037522,0.1747312094129078,0.03365199092321029,0.052524988075876286,0.023825112918002773,0.058676865487320255,0.019302026800629528,0.12374701069427196,1.9444282781748317e-05,0.03287352982425756,0.006972802459444527,0.00032843683967067775,0.049876989090286365,0.02197316362590661,0.027464239183131456,0.010999716917616437,0.11555173832341988,0.0028305338428010716
0.07635654943462791,0.07354619698266862,0.11326919594297859,0.08786769155635703,0.13112467518546755,0.06637268231071934,0.018528228118084987,0.05361684777069019,0.06556921987170702,0.014230987550067688,0.13847869848014752,0.0009064341835307504,0.06412390435200903,0.0038068417738538747,0.0013115362213745882,0.02129735041139242,0.011912691013753448,0.013414072327314234,0.002898328087073074,0.03817309226097273,0.003194776165209533
0.054061945489344634,0.05585810420174349,0.011939458890595505,0.034517174598654145,0.07636358151097455,0.1196819283736461,0.029318597613723456,0.08079709256785696,0.0346965443635212,0.01254765479939162,0.08767576406952422,0.0003475496613392805,0.08963229109270424,0.028516142786807707,0.0099353521990156,0.0936770978335311,0.03492451404487767,0.013180781644614854,0.005576317665227296,0.1252308652483683,0.0015212413445378694
0.11520362691611466,0.12552175852122507,0.1050700254963101,0.01866172410251284,0.12341364800338235,0.017952469569906607,0.045160781393463634,0.09089274567476859,0.041485242476794804,0.02080850620048429,0.03542013114399124,0.0009342730556630288,0.03381319577106393,0.03803716719156152,0.0022331381227764196,0.11193612507061579,0.025113785275772103,0.02735701064460964,0.009958920912997415,0.00706049950703406,0.003965224948951728
0.02549833360721155,0.09236928519855578,0.017987286018909147,0.10870720553671386,0.05960904560613747,0.054811521676229734,0.01319819171208575,0.1285595363275522,0.05996432211958844,0.014991955824922742,0.054959302705824976,0.0008987037298995204,0.09048143368695709,0.0012581623576287358,0.004686344946772271,0.10726343034328428,0.017627518675919746,0.008413979587058855,0.0013385516402020707,0.13553254328454417,0.0018433454140015793
0.04714593924396699,0.04285782759012798,0.05072336742308387,0.07023254649335944,0.1423796544182341,0.07712951629179429,0.09167342015397557,0.005064132660633409,0.06877803750752955,0.014172054728492327,0.097125662781541,0.00010274671423197872,0.02908249328648329,0.03222490607450866,0.006948198764353989,0.07969739899155177,0.0028773626919688087,0.028063488359942785,0.008636207965465322,0.1026627463938616,0.00242229146489333
0.0762041783090809,0.07722571464371623,0.13538245078397912,0.0016854270901988512,0.06734865710315237,0.09304292193020794,0.033855816991956195,0.1491479874286647,0.009729102273912703,0.05690974623320176,0.021129666144229432,0.0002504890607978418,0.08312730351602474,0.002204127760137827,0.010015827269304185,0.09903227512909148,0.028913207912397553,0.009875309569488202,0.008159859709879662,0.03418408659046851,0.0025758445501097597
0.10127187250436671,0.07637674265747513,0.04014196647618719,0.09554244118548433,0.10847794079907176,0.03719886091063527,0.05501160368521589,0.04055960759571523,0.009516927956624335,0.03468865221467767,0.10988035330080954,0.0010545175079301808,0.09106170011277342,0.002835423766320802,0.005090246603034268,0.09707722175333004,0.02943568777410583,0.013064975420120854,0.0033824612938533863,0.04673000254183174,0.0016007939404363268
0.1179614123331643,0.07793730702301856,0.06782237338174175,0.030846262161974846,0.09778632950298151,0.031600466482986596,0.04666037272337255,0.07625494681452266,0.03641345796021029,0.025755376481989178,0.06763863389076169,0.0004519328166040672,0.0903616799336271,0.018569299458738683,0.003995523390620281,0.0734048945562941,0.014128945586927105,0.011141605351296243,0.0007986354880540107,0.10751904560387125,0.0029514990572432733
0.002916759454761271,0.10029598914710607,0.0739444932715251,0.07227842345939502,0.05951482179646415,0.031118972763990144,0.0554621562613195,0.05344045315409331,0.008035812296583941,0.04904197547197562,0.12467866429848252,0.0012425598320419734,0.1723125276226652,0.017950123514352205,0.004867246195944087,0.00034517605868151347,0.022865733850881788,0.021384697011947833,0.0037149652577337282,0.12090258070349608,0.0036858685765590584
0.16502214576214272,0.06624910069513965,0.1183040489366204,0.038592133365076796,0.023884397103940996,0.058401333479206806,0.026443378974992476,0.002919396347950871,0.052984295243638416,0.0799872679186415,0.11276707177732578,3.636646232783114e-05,0.026295594892463324,0.036512747872665584,0.003710257687619234,0.0707560410260754,0.024465177088036968,0.010168599502310525,0.00395248566014497,0.07482095764167113,0.0037272025620087735
0.14201176128923956,0.01627905341456324,0.04814440535362014,0.07355583118371047,0.13596033740337954,0.034117329781484955,0.06199587976129704,0.014779828968522415,0.02622787044470761,0.026041281935446598,0.07250175952228988,0.0008316924316938391,0.10775876187552533,0.03181205938591659,0.007246397656078805,0.07762176562160657,0.029783220726856605,0.021589038076958684,0.005922460345193189,0.06249731764300186,0.003321947178907245
0.051755792465019025,0.0791510886351927,0.06489756282615847,0.05366981111898185,0.1071654946090707,0.08891826673294574,0.03712369209807104,0.019351503467872025,0.05259103967768562,0.04526974155467133,0.021243928453562138,1.2136845978441405e-05,0.13897986188203046,0.017914205374805148,0.008567546089346307,0.041740043493982144,0.026743133944501712,0.0010050905362462533,0.007749723525466959,0.13291035255661057,0.003239984111801495
0.12953547308632005,0.00964796625205711,0.09545736480064716,0.07695886652050157,0.009048296014072936,0.10095045989481992,0.005675069099803435,0.13901871744042954,0.013157968184638484,0.0517800560424485,0.0038716871754582312,0.0012241336383747878,0.17904557659877482,0.013532750826672225,0.001442720530726274,0.007718764999174246,0.005400316507190947,0.022873642526208125,0.005815230526664965,0.12406095246108212,0.0037839868739345675
0.017572862072978476,0.06394848559329269,0.08426099471228987,0.007650135009588587,0.17671919362785793,0.0816189499362929,0.05584886136097934,0.04190277079729886,0.006382626895711911,0.04250613210696226,0.11397999276213813,0.00015619681956122874,0.10210281580255287,0.006179595247484715,0.002207774283707485,0.0602195419626513,0.018756696386014477,0.011335954827633186,0.003036590882216954,0.10146996259075088,0.0021438663220361863
0.036958166958747506,0.03314270237832838,0.09972908335522765,0.052906550519080046,0.1635550514646265,0.09624712043565488,0.06897105840757055,0.14115736816035482,0.026622872068076783,0.053742421584142705,0.05195415365889414,0.00034968848027278716,0.032014005622557136,0.029322493643884086,0.009676576061015754,0.06884359881305191,0.013808406852236605,0.012550511135028477,0.004026287317406202,0.000797544129406523,0.0036243389544369222
0.18350353144934237,0.03549638748024969,0.07667609332228786,0.04909747316159275,0.07307901374529839,0.033300535012980026,0.030308234759196303,0.01245147112332281,0.046718231546106666,0.08190361449350309,0.1015112605760324,0.0009256236710066014,0.04406676162415403,0.02824485153039451,0.004592906127520074,0.07384552752895664,0.03486230165050835,0.024330837619519582,0.008165635166246837,0.05178481518885678,0.005134893222924496
0.11233245346009411,0.06107323092011167,0.05092244284790011,0.043967330688472396,0.07868804913038698,0.09430344342451635,0.05061181778196205,0.04123775840569725,0.049286939792989065,0.0030578167102263275,0.05018351859694798,0.00014888708951626763,0.13309579943495997,0.024560671489504058,0.008420974611816774,0.03753098518665781,0.026219027675236914,0.01027577776803469,0.0014533211754520655,0.12156502666870318,0.0010647271408141179
0.0586691173658561,0.0990265646693321,0.1222639912819565,0.05681137322481849,0.006178902600061871,0.06054108565321407,0.06513865586340277,0.05537379428158568,0.03873044123924216,0.04604241026306881,0.04225952592687155,0.0012425363674266696,0.07263946902901978,0.013735673857150112,0.006375520934297686,0.008482514116238921,0.02952549816283599,0.020043609975570236,0.004566677404448879,0.18780030147275098,0.004552336310850618
0.010089746846216626,0.07448589852726999,0.06368884588657782,0.045470942259712877,0.10845224963115112,0.09332513851676491,0.06359386033889676,0.08207570319294656,0.001249039659422897,0.0077740370213556,0.08731532156234358,0.0004845456079150453,0.1541173901470421,0.012399823626857449,0.01097300833950696,0.01291583702805427,0.0230280757479383,0.016732675470625076,0.0034897685996168834,0.12656430744656072,0.0017737845432244353
0.09534787100970399,0.06991935197425443,0.00473895360703977,0.08248550442148456,0.08822789832533427,0.014817533632375054,0.06079986701471311,0.03632750712803255,0.06847557558120938,0.004084766890907623,0.153199504260373,0.00019020261101534058,0.09978392431412697,0.034573531704673297,0.0010621884970159754,0.0666036980434524,0.0006264842857584994,0.007171666136592652,0.0034990484373928505,0.10723200873140093,0.0008329133931434886
0.14977735722856225,0.16095619281996404,0.09670127270377285,0.06518254176650944,0.0005766608207396497,0.02024854046225146,0.07398923684136162,0.08971563409356756,0.0605612755361205,0.0030396686492503884,0.04928377015952242,0.0010881718823051011,0.03575926780213244,0.05475116763156661,0.015274598593632314,0.0684979091297798,0.001361235195425412,0.03236663192107309,0.012716528877709432,0.0054138004327554555,0.0027385374519983715
0.10467845322227008,0.07168803891203565,0.024977621544198587,0.015030160087811488,0.18068452833319484,0.1233017017058724,0.0002308476291796967,0.0718494929051375,0.0714873906498973,0.033152399808534606,0.050128042349118426,0.0008994145046096905,0.038826740388292376,0.022148824245721982,0.010873440762376717,0.02894787014330234,0.01841112800151173,0.02735927247549339,0.002118050251451441,0.10013692539837277,0.0030696566816169404
0.06627256461613415,0.033413146080514045,0.025915452643425076,0.013626756980363464,0.23720560198030993,0.0015104666262172365,0.016792567976169646,0.03338268178161143,0.042158344405759295,0.0013206131321093157,0.18651445692292393,0.001148785820863035,0.03388176950994566,0.04722223429704687,0.007160609847747579,0.08175450548900329,0.027123607324010136,0.03061326597651777,0.012070848883814218,0.09907242920071675,0.0018392905047970682
0.11675983846858672,0.037966741225974474,0.052804209689815966,0.03044420474681025,0.15630749675814573,0.06682761523278517,0.04982912106504514,0.10788873521072684,0.051956733496184244,0.01563562259036345,0.07606821617315608,7.072256451537214e-05,0.0929011416612598,0.026776529312038243,0.007539907732143662,0.03515680357746254,0.02064261838545262,0.030384606119699762,0.012159642491386574,0.009608348102468248,0.00227114539597896
0.01692769482021215,0.0029213236267218497,0.10706847218960594,0.0860506385161557,0.08350407037499305,0.042709878838238825,0.053415469802564106,0.0801604011901422,0.0586678247906044,0.07651826634639891,0.09022234448371912,0.0010028257792586118,0.13422216647188748,0.01233978916562016,0.009122602641651002,0.07607030005320256,0.01877316988319218,0.003486259342573899,0.008194886058365464,0.03463372447732523,0.0039878911475668515
0.0028312374514205332,0.02443852724199241,0.13429187924493863,0.05979096275368987,0.1327228147577827,0.027780567750264343,0.04803468288434502,0.11898610215560323,0.049774017931515646,0.013878114852001884,0.06414516805124737,0.0010918429793980067,0.147319912391313,0.028129628015616952,0.01217692722413263,0.0674199809403666,0.03328975532651972,0.012225925866352523,0.007293905561542253,0.011009481520363096,0.0033685650995937816
0.05252278892322941,0.04185457949842696,0.059158945232834964,0.05625491518157207,0.09450669697784872,0.01694496734753104,0.0852115439287981,0.15849343068792135,0.03749325119049098,0.0367919036732958,0.12058017120278484,0.0013940947444572378,0.06146130083623832,0.00016503438146623554,0.010258185946158961,0.0020544369407999837,0.028360672658784943,0.005283297542396351,0.008744353087267917,0.11985394715491511,0.002611482862780475
0.04600720867445192,0.062151922120427444,0.06544671119638228,0.01883297261490652,0.15580622658463833,0.0968023958282125,0.07156719360589694,0.11851320770663758,0.043325576031045095,0.025513831807169842,0.02988020207493851,0.0009105064451277444,0.017392984307263694,0.030231003905930004,0.0016048070023445913,0.040086393529050975,0.03243645058992659,0.017350604542868246,0.005642958358259725,0.11759520983954855,0.002901633234973006
0.12917266315105555,0.07942698645705358,0.06989081335805056,0.06739323754594367,0.14268836335940963,0.08398102854135238,0.010342169575773875,0.03849261288949174,0.010174941628499811,0.014237933488504387,0.09052900909440234,0.0009841568212729257,0.0512132642717122,0.031849409863908475,0.009140534321791193,0.04372598854051253,0.025110148275493332,0.02099095607009938,0.0008153447743182283,0.07669967791242467,0.003140760058929482
0.13979022487287895,0.08956367714735693,0.06888674093617633,0.07918410638296851,0.019848228441162217,0.10087307323511277,0.06742472906121719,0.06796060512004648,0.010982546137755652,0.06028350107567394,0.05352672725776471,0.0005015872863911716,0.04649454431196479,0.026232279265283032,0.0019327191996291653,0.0181927853217213,0.008182321871638214,0.008480957536764614,0.008403219442619675,0.11941147875187197,0.0038439473440023677
0.14413987846682635,0.0380364386500686,0.08373399340495286,0.11898021802168315,0.04760703077955602,0.013929109296347159,0.04652991832520644,0.0863890720476528,0.08579062510600925,0.016077789442733144,0.009480346757987335,0.0009793441374691286,0.03751440420554282,0.048195614176640714,0.002020868108978083,0.045517277082429655,0.03989151355162073,0.012717547218399522,0.012837773141520174,0.10567442390799166,0.003956814170384342
0.09934000987712169,0.05370593753864412,0.06314418435331984,0.08460064247444357,0.17027566596244928,0.06250636803210972,0.02934781906244359,0.09163803581552403,0.0648821353177565,0.06584097684369125,0.016200280593921323,0.0008752798661957677,0.07235960485818498,0.028015287272349566,0.0016868859188933175,0.028188551276574186,0.013951277785699311,0.016228992136686424,0.006938074190550045,0.02714979587078902,0.003124194952652577
0.08773262355110191,0.07203745418194074,0.0926734529571579,0.02680161645043146,0.17813401770310525,0.011027078832490123,0.030903015317276707,0.03122499226182079,0.06968511952631343,0.02563505245828523,0.1461174528781696,0.0002019596101703035,0.09087656020598876,0.03636849779742897,0.0028483009405139113,0.03966547474765754,0.020597251705600502,0.01060622502868759,0.002372138197818027,0.020968527261566706,0.0035231883864746214
0.12026405917676022,0.08647350298954838,0.019117574704379258,0.05900398734807766,0.14791114159257082,0.0788166576984822,0.053911562547920185,0.03457695645190219,0.004010549934650122,0.025832504185165407,0.1021546585988585,0.0002262711617449006,0.09592288688019514,0.006372137750851175,0.002904287293588324,0.01758420162456989,0.020259315902760686,0.002960736318510673,0.005853184325445829,0.11461990939172131,0.0012239141222972025
0.17345307786116507,0.09779855093018792,0.020014342060502927,0.002492097738611112,0.12053076031520306,0.056100671059688384,0.011216807011224288,0.13100385198448988,0.01671846305672682,0.002437218789796561,0.138672242236059,0.0012740295025341877,0.05860722958870072,0.008002449463035697,0.00456264076594103,0.0768558194971139,0.015348689938486672,0.008834038029887421,0.005088391166157354,0.04956410726237508,0.0014245217421133632
0.07341009392161381,0.10158465983214775,0.021393691811195624,0.0923946800010206,0.104105263877533,0.08507971088069007,0.055778046186153986,0.0007752535112137988,0.03795806268574794,0.048747818089706574,0.0891494025074242,0.000519000408619872,0.07247704695991275,0.013576608950023437,0.0019627258453709445,0.03206649909679053,0.02371443298315893,7.008431961336486e-05,0.001790489160205783,0.1408900271132432,0.0025564018586137056
0.08887562414521945,0.08913909930426961,0.008994105492455579,0.08753904628895536,0.11518158761182162,0.09457194995213655,0.027894967770262593,0.11459627836772274,0.03517335234559053,0.013486957700303635,0.009773175023218648,0.0005469694181345535,0.12452874268217128,0.029646040328765347,0.008402908391506838,0.08741242731611704,0.016331850580541554,0.018296560873763135,0.004851754746165317,0.023109726117997775,0.00164687554288094
0.08651895151712087,0.06729259620311302,0.004131004997371684,0.0062212488101407925,0.06616264546828603,0.10089442023447767,0.02029427324932405,0.10163016598695526,0.01204070485798357,0.06264520504234719,0.04344548600298186,0.0006128637079091102,0.14937539188106885,0.01695415866624274,0.004331187538050543,0.007763368786102807,0.03778670105236796,0.016810131816104155,0.009738390499426652,0.18246120428416682,0.0028898993984582248
0.13010248512769415,0.07682530590441357,0.09295540261798825,0.05132591612203812,0.04458223613393831,0.09641160064609257,0.056330645353817314,0.06650071618992669,0.03269477789839086,0.025174136036003925,0.058834093512227785,0.0009836458268632634,0.025095123453983646,0.03012701325456338,0.0014640106304335148,0.04581855965479327,0.007437470433788257,0.016016458186192552,0.004094661818740944,0.13383385621310875,0.0033918849850007237
0.1404558216401699,0.029216580505998697,0.03904810990623932,0.10809128866286757,0.06835256029000006,0.029505621606264798,0.013899101795185444,0.08611211909684034,0.0645597496583346,0.035779561401902284,0.08089686508286786,0.0010644594944531278,0.038833943758814354,0.017347417562460214,0.0061597271477136445,0.04367078535429595,0.021612900106802217,0.018947272025393862,0.010664412046030637,0.14232807134263503,0.003453631514730043
0.18130382950230053,0.014252479287244357,0.007407866796814102,0.08061500566988006,0.008368952647397678,0.12642352294098805,0.026362257875522415,0.023959197211972042,0.008483002653489013,0.05094643116920584,0.12698438133632547,0.00012821846434833424,0.05883712802012008,0.029782909270686612,0.011505547517437242,0.07952658086184437,0.015008482125276446,0.0008992465016504004,0.0012916000256205365,0.14531388441638918,0.002599475705487329
0.10654554938470866,0.056123947257701035,0.04914818219755278,0.02727452870645194,0.07754238530982639,0.02312266334005494,0.07189931321600473,0.09005017863262536,0.026089803618567557,0.018713588667961724,0.11010785965192854,0.0005727914120251798,0.12090411013991069,0.034421767960640046,0.009533400452999686,0.05198808871404615,0.0226625344031001,0.017157567085387543,0.0010731145453687146,0.08205598636491064,0.003012638938227654
0.0069708549647701165,0.1299552906566112,0.029014057541759466,0.04394694699853111,0.11222881638692041,0.06656153131383902,0.0028848974529626834,0.06286239974925152,0.022689767564244148,0.0332545148660887,0.17258633735721884,0.0012461156503292044,0.12225496034207405,0.019680213565214807,0.00800687781852281,0.06740196106985505,0.013969917069370714,0.0065313544421400724,0.008125043936054961,0.06724224816784087,0.0025858930864004473
0.05942652124387504,0.08339165347350894,4.459304581868166e-05,0.0006707131901712055,0.10788382132003205,0.013859548764646948,0.044849680616600385,0.1688410179146174,0.0003509764600440451,0.044250291763977996,0.09732475115803806,0.0007489457317703432,0.16965640859338302,0.03849301081026308,0.006929528748758517,0.06199032535398715,0.032331460456758686,0.028603276495671234,0.005966363957223302,0.030976529583823756,0.0034105813170301575
0.016821202126867076,0.018388287635881254,0.06362636451196862,0.03672474162533178,0.15405366032780538,0.09498187079161093,0.01160122386550762,0.06390247537761776,0.02181213023443852,0.027858057958088964,0.12843283685563983,0.0013122023295190027,0.11326917780468049,0.020345128775551252,0.008237061472654813,0.021158210771676962,0.025892988906145067,0.011701991930883778,0.0013789714397621131,0.155244908814408,0.003256506443960644
0.007478065675259225,0.04777554063925952,0.09597719880396223,0.08278152271891022,0.0451420188143494,0.08785061350982838,0.011912167657771415,0.12070677146542416,0.0526586131229474,0.00765516708260174,0.06349223734983347,0.00021470580181269164,0.08961646949795099,0.02311530598359375,0.000793756122867626,0.08350424304895995,0.028164298196888662,0.015435709705866293,0.002532716488558444,0.13056977880081513,0.002623099512539331
0.06676647338293198,0.020587764416981864,0.10492351120397728,0.05008152297725851,0.12404619636951014,0.10177874204455112,0.027258651166532803,0.03592669748123121,0.020843818496374185,0.02638480075814047,0.06507638849703495,0.0008975136656646519,0.09839673786822148,0.03218605833219975,0.009961348069248472,0.10276656738680662,0.015505335441086359,0.00015890429094681395,0.0009477907377984431,0.09108825620765554,0.004416921205847522
0.13429249981126526,0.08353854474131142,0.004233764744816695,0.03817387308640111,0.050319045526930506,0.0866415725034854,0.00697857727590537,0.005273704820857184,0.03644571409139603,0.03127312065657254,0.11693694701626384,0.0002863756495322573,0.1598943893443859,0.025739958522053897,0.006941731807356135,0.04434381620435098,0.026227757667264814,0.0011352144203758319,0.006795772941201506,0.13224703070572177,0.0022805884625516923
0.0480257660047778,0.057990472087354396,0.03571728472198664,0.01952240067541031,0.1483246464621055,0.005013922595270135,0.016241815496011978,0.12418739182009927,0.030837779059600823,0.038658848812141454,0.12826846393689317,0.0006743570722771086,0.13900674776293356,0.011484952399840813,0.0015272725938422975,0.03540164788666003,0.00834765719969772,0.013871564733577802,0.004285356654499324,0.1307882982438314,0.0018233537811884345
0.03729201727698381,0.04556665849040274,0.06823716528162771,0.07079411895625659,0.17337309817913396,0.027290647823011088,0.026962773082408943,0.12886712939897024,0.0030190645179298237,0.0346816600621939,0.06579529883959294,0.0014358827749395748,0.052149364870059584,0.015932745894792346,0.008391141877879276,0.0229137721750634,0.04073235687485247,0.03462839455001849,0.009965034562354081,0.1284252368225791,0.0035464376889497748
0.03667071726785966,0.07653221305606367,0.11027441737398136,0.019293775496843614,0.17212986634817423,0.08256945462106319,0.05854202914255357,0.028028158854573923,0.0266233312580129,0.021926912641828777,0.016942895400769327,8.617452081873051e-05,0.07202750025372237,0.03616520734972538,0.0029580218091327087,0.09352741473615649,0.025843721971314414,0.01123394447209513,0.00718441101369505,0.09799257767025542,0.003447254741359985
0.1462499690011558,0.04971676126328529,0.03741315328450167,0.05742069986659898,0.05745718588887524,0.062113807932819856,0.0443952619968808,0.030295852505683042,0.04582621669558296,0.07522424560565447,0.18067631587835314,6.456524758648503e-05,0.015920868657213115,0.04344814571766233,0.010969590315637186,0.003340591504091338,0.037890364741393796,0.03126073352664747,0.00036409209424541366,0.06671116874699541,0.003240409529136039
0.16891430528123014,0.008362033516772588,0.10568869741335007,0.1129045085020997,0.05984667612709806,0.07087512781127923,0.015946721596680563,0.050231517071830094,0.02135528886520087,0.05788107525073396,0.050409921777167195,0.001426930366691276,0.06170076202808301,0.01680436231777145,0.0053809215264108015,0.020234251469197172,0.03391905969532289,0.0025520748157979996,0.0017661452419337343,0.12895598128616906,0.004843638039180268
0.08560995531748741,0.036984637917818995,0.033689495087586105,0.08081051693559015,0.002154470998477648,0.032852796739665235,0.07777560155345173,0.0924948569377341,0.018880167051658635,0.07750510059227067,0.06097414510105489,0.001426221440339792,0.17069376302660186,0.026181940173053347,0.0012006981451759507,0.11506279482741215,0.004909671836463364,0.027348219889679025,0.004705875799742947,0.0452689113781558,0.003470159250580121
0.06490909071605619,0.006393759831964991,0.08472706032688122,0.07040694897296795,0.17761017894842057,0.074319959396032,0.052754326179211344,0.1510653937747314,0.03748275484635327,0.04286949511872067,0.0980552459921221,0.000654087712068075,0.04191807500156587,0.0013008864397626317,0.0005242381497343048,0.051207709841141744,0.00787574420709574,0.004583197093168226,0.0006533303972645471,0.028001972015511453,0.0026865450392255636
0.013589728996671291,0.07830266269445176,0.0702118827119298,0.06719854113395442,0.10462655742124759,0.05826698825134183,0.011994062440541782,0.14083563315572836,0.011803325592357713,0.06627544604318435,0.11461347107524834,0.00017975876917877305,0.057954096211651374,0.032908748443451936,0.0031709009436516025,0.023441337862020906,0.013358089914294208,0.014109780882267699,0.001679047017042008,0.11337572273807196,0.002104217701712544
0.09210082974114053,0.09010968329873244,0.050740045844324164,0.05316897850558159,0.141382532813666,0.0312681061066071,0.009099290051559298,0.07170479019420645,0.017940559142613395,0.051788049156751205,0.056711098972466394,0.0008875845508523434,0.10113901047431642,0.028965367945596003,0.003415165615682369,0.07050441962120954,0.025113435572891255,0.006397727816886568,0.0032484018299047297,0.09193900546584957,0.0023759172791625208
0.15924422434781077,0.07058933654300455,0.02724802954173453,0.015451813784531799,0.11255752268997055,0.07203146069061896,0.04573886124649809,0.023971633035752133,0.05496459453264299,0.01934155549768618,0.08386516103830907,0.0007876395253115929,0.16969803466988248,0.02455371179106455,0.011269154635439612,0.03136684507356274,0.03552615564819663,0.0014921426151063414,0.010781053065453922,0.02650069828500517,0.003020371742417182
0.026143460598580637,0.11128626145129016,0.0005518588646723529,0.08279914611316334,0.06396727020867225,0.11794245615889504,0.036430212740871624,0.084610149752322,0.06702181073126104,0.03948200048864771,0.05238802511689311,0.0013912712603443038,0.08588836546988857,0.008055483233346806,0.003702540217179004,0.13186613212142068,0.04330329792908811,0.0049959484633780955,0.008816159342276147,0.027606543275883872,0.0017516064619251014
0.0005894458357699055,0.08214610345411807,0.05134293878825234,0.0012493320775719544,0.17956378715956556,0.158481060504506,0.0007829657842807423,0.10202805565391296,0.06800238149372376,0.021043222760827176,0.19092360155164456,0.00013945196030391103,0.01688528867823369,0.03479387334888057,0.0010787043219471684,0.03711938793704796,0.006612228137127871,0.0040689859009167455,0.00878883842695811,0.032550692044192524,0.001809654180218471
0.08082314033803414,0.06755474110409761,0.059872463346299684,0.07844746691825824,0.027736424864454677,0.004718717185364969,0.03811117027863758,0.08782603968499035,0.021105310006316973,0.03564864207824073,0.07435926478765736,7.005938810135927e-05,0.13623820626681635,0.024993742236747826,0.004947436473739322,0.07240701409252509,0.014787345193500185,0.00852949212295088,0.005526466038314054,0.15396111766463674,0.002335739930315707
0.15848450221459737,0.06677581879706401,0.05257406319530834,0.036174229677670346,0.006604697650484396,0.0029158835952448935,0.08647748139837913,0.11279430255062921,0.044666395971839204,0.07888163524949324,0.14267287677874171,0.0015387622805664238,0.023446247114406203,0.023521450548456772,0.009345274159676278,0.10345598850150958,0.006506949767524294,0.0019707681033506296,0.010741969854890204,0.025160065726149223,0.005290636864018709
0.1051288098791316,0.055043671391902214,0.09278282271002429,0.0022458061155361643,0.05542560109363801,0.03130199052687611,0.040170878254486696,0.1340989684544428,0.06408886707069479,0.014323417200140312,0.14458598067644013,0.0010842853010785635,0.10995288683414774,0.011207790708460681,0.004401627901737276,0.06635027504925375,0.015834864891414002,0.025970282746279844,0.007135470631025204,0.016191671878459372,0.002674030684830464
0.09787897705104442,0.12621013661874708,0.05388502278874491,0.020756516038512345,0.17799648269841967,0.07065147456832814,0.06952400721013277,0.02564812034547192,0.04497315891557772,0.05912566426107777,0.11682122607527799,0.0008478778049468957,0.00732700285180894,0.011411846665672095,0.0008902258126632566,0.04002987247375905,0.005777333703084312,0.02101624285668996,0.007769427541571345,0.03848029141964254,0.0029790922988269515
0.10994072029517912,0.06639145614614127,0.05650256685658192,0.059512702687715684,0.14250903043809957,0.03994112719373725,0.007196092156832994,0.009618880220350408,0.056578753866926436,0.03341258361250513,0.1239200351658455,0.00039705338461859714,0.09884002001267932,0.022428315858018792,0.0034869588177476167,0.09681269436254909,0.0013552310633590356,0.012392174896905389,0.007697697963739278,0.0487434042320048,0.0023225007684628987
0.1194274679510373,0.06891352247180861,0.07541061748758031,0.0372273810100023,0.0017531558629170234,0.08545754452575781,0.04542249432000982,0.11033586132009876,0.008872330212238303,0.0497588033231905,0.09443895095612848,0.00040207222025321064,0.08729498371772401,0.029881667282392534,0.001722500795991349,0.03546169970926711,0.015765532365699414,0.015396869069923488,0.001538520603994681,0.11301760005115015,0.0025004247428347787
0.07687739426139453,0.07083816300745575,0.07271311784771219,0.07801865523424806,0.02486590974180223,0.07848805723424358,0.024032246540930512,0.1117488468791898,0.04193101340907243,0.03989451299434942,0.04063659747335529,0.0006695862744748753,0.14357485418130025,0.026888217551244965,0.005993266054831118,0.02795892345339865,0.02055803824919667,0.013575582577418376,0.005914247102988622,0.09133069736388177,0.003492072567510796
0.06237125307350682,0.06363076230213038,0.0869432954136038,0.03950626168333849,0.11486285899144733,0.008424663484120319,0.060046730367535404,0.12879029021619073,0.019450651747663063,0.04741730723951756,0.1028801075344608,0.00015233072691710003,0.12494560158352351,0.022700767904663122,0.0034110464523428377,0.051822674823992186,0.011726464157711398,0.017660895576563206,0.008072575344129663,0.021438498111510485,0.003744963265131609
0.14862333581866166,0.01577619460305992,0.08584213069687918,0.07042456305047955,0.04702072999604352,0.07694361199528713,0.055336707976361345,0.13444922907441648,0.019921465938454067,0.04475795496647112,0.1271277870405046,0.00111393378858917,0.08995955220833093,0.02101809396225253,0.000480092546600468,0.014264811413452328,0.0037581856537572253,0.0075661636724305885,0.00549455097520739,0.026047339625983913,0.004073564996776846
0.05454232419574975,0.06048025947885288,0.11744755114260025,0.04085214534002887,0.08112785802619855,0.051419894200903635,0.04661988017438293,0.013560031627924343,0.02137358194342892,0.07790546272505432,0.14358370459486103,0.00019164196885355263,0.13637390821563178,0.028020938141187748,0.0010687529514625778,0.04869903072029099,0.010253662807309924,0.004374952142964893,0.00014980298327642666,0.056555068039409684,0.005399548579626712
0.01028443488553195,0.09120930915053092,0.10276630212381105,0.09110912175493478,0.04778006649010159,0.040574461940031094,0.01620991820288792,0.07171288666254755,0.02248897308321927,0.03814607696839658,0.1314427443621066,0.000284869882350713,0.06861632390137902,0.01854800703021909,0.0045532476410465785,0.10692545474407704,0.015512911018716985,0.016049262821494263,0.006754487998706866,0.09560501245789794,0.0034261268800120834
0.14165371199725826,0.029498659537538486,0.0434596140214295,0.0628475698204829,0.13528537848421357,0.08505768766427195,0.04679080911870523,0.12486022265052515,0.01601624855383692,0.027718333843601537,0.04840594232664068,0.0008908317248474359,0.022458467244907323,0.0022095038308067288,0.008437551250459472,0.04738686678369399,0.00644859400732926,0.014800738202157429,0.0041205121685206495,0.13009065689362875,0.0015620998751449137
0.14498772799338105,0.012330250496346859,0.00123699978494828,0.04643926953078217,0.11665912607831673,0.07633598769957606,0.01378569664518549,0.1312743093933829,0.05372527529330779,0.0039704729767731555,0.06707267787629835,0.0011176204462285593,0.07881122003825636,0.030659711373933484,0.005194726012968792,0.0812281608536711,0.008494802746536828,0.022935984713969182,0.00033168136323279173,0.10185152813383362,0.001556770549070495
0.02936060195467455,0.08952340439073087,0.10687833167784884,0.05327889550719215,0.13229098519984123,0.0766201266450441,0.0735072971090218,0.07540017493547256,0.02741815582185707,0.04016343529712213,0.037122245052443804,0.00039950862520495635,0.1336516234014812,0.007658278105182271,0.00862411660982938,0.07151341046501858,0.02174680582224485,0.003825073565428624,0.0025502685999859074,0.005563516210271764,0.0029037450041034542
0.15741043349448142,0.028994791566041806,0.05696478146805408,0.07776215781240511,0.06473351975254059,0.07437988092525763,0.06851363745739168,0.12671875046514697,0.022329312492321073,0.0044095901114003,0.009896480825181526,0.0010885973025606499,0.08408844472601097,0.009303494791501988,0.005097814656338131,0.0708449739536603,0.0236916138784314,0.02010015068429493,0.000291504251646221,0.090775007165725,0.002605062219608152
0.1099873846804775,0.04412686615111336,0.12463859914922429,0.08881207296426913,0.09498958538477821,0.10079254749655857,0.04167881050228729,0.08506022042074159,0.029823131532709744,0.009454285102867324,0.07535411638718252,0.0015150301088541886,0.020112551966046242,0.012713602380878106,0.001070296771069965,0.027808877011685055,0.03960245282589823,0.0025480866319410244,0.0034023151722821126,0.08370149047088024,0.00280767688825524
0.009458850546451127,0.07721051166886549,0.0715186287372719,0.0702043364599049,0.10144830299215973,0.005809983211561431,0.0156567122669506,0.15583201760980103,0.059912529462298955,0.020990618441135547,0.03501736236691812,0.0012315793767045992,0.188856036247324,0.028633029942363906,0.00861821583115535,0.10518162624760279,0.015881989497508978,0.009551859650275026,0.0025753077960555992,0.013167123123154824,0.00324337852453616
0.15032817814074745,0.08036146548241524,0.07122873510534315,0.04500127078158018,0.1539780314660368,0.08607324334307763,0.04563526396179852,0.02143950361866417,0.017558338255045096,0.03603088062106877,0.03157509694870968,0.0003203891434966323,0.10568644768323517,0.016735233666603358,0.003358331907979739,0.045882709774867886,0.016922363369258994,0.015567640139177776,0.0032226107827014534,0.05090811872430243,0.002186147083889864
0.06326261939224817,0.11578894072185687,0.028142521931651957,0.04495323597362027,0.06784272709074235,0.11513618783229414,0.06013383758987785,0.15847933656235483,0.044977536662434876,0.08006713603403619,0.0321854446603523,0.00017744211860016703,0.09612934519401915,0.03908826326568214,0.0071432046890056175,0.0075512612522337964,0.017594237495971263,0.012529082136745818,0.006608425672886094,0.0009851058744385298,0.0012241078489477592
0.0813611469757689,0.07812077908708727,0.089780976891579,0.09843311750674907,0.01592695726142706,0.03671233876070819,0.04404165104983514,0.06080051893790886,0.010978377483174885,0.06239236330029183,0.05190068301388078,0.0008054282334838419,0.0393755565656557,0.014708790871743076,0.0082034539048971,0.0864981658827789,0.0314470166127367,0.02277104683804027,0.0023044722308001478,0.15913773043540266,0.00429942815605054
0.12481728315725274,0.07243917703339285,0.04677607818373512,0.02852544119327915,0.18601356127962201,0.11073700540488927,0.0817603818108709,0.047832605306799954,0.058373321648501945,0.014807429556027357,0.08469868040129927,1.7914286342729077e-05,0.022478022588191867,0.0036470120012333618,0.002578082365200002,0.00541389394873918,0.02423635538197798,0.014690244477343265,0.0063017784466730875,0.06328203086581194,0.000573700662816122
0.14519910415777232,0.005286548887019511,0.032276894529934,0.012047826805370946,0.022956447335114018,0.11368175796724145,0.0009171674854144276,0.13709094422946497,0.059550124556669304,0.048583484812283445,0.1488836916230029,0.0008029858522998058,0.04350717188068154,0.03337412823495403,0.006596438513205118,0.11083509590508883,0.020576144901064068,0.023742128486484416,0.008763273756223926,0.021683131896403807,0.003645508184307328
0.041397831666715575,0.025987793633839414,0.022795087713279236,0.03882248181485727,0.04881399418860975,0.10058401550688033,0.08014018325570607,0.15105316910661368,0.03669055995223767,0.048041187771080435,0.08735266727546213,0.0013079791071181589,0.12319980090679503,0.00014028284606378228,0.004609697718975384,0.06270441785814243,0.005024691769462013,0.005396172668985639,0.0016836711316157345,0.11246645141728248,0.0017878626902774694
0.04529940286421186,0.0633002632951375,0.0746135914957543,0.09401452050717213,0.06625704078980452,0.11600822421530137,0.04896152110438068,0.008304451024643103,0.04576886763324484,0.057932097667585454,0.07978230894823148,0.0007886194452326174,0.09297102528292547,0.03028905068296832,0.009947724678143954,0.05212727311732746,0.034435774242095596,0.00480628615902842,0.006664150544369268,0.06346491913860086,0.00426288716384088
0.060606945476889544,0.11809119396725584,0.010786935172911587,0.09659332745728783,0.1460779897276642,0.04046234602726673,0.0008673821890041799,0.06982835440542101,0.05802241814133235,0.061975644334738955,0.09847525016344463,0.001377953021172582,0.1371187077012934,0.018444812685865956,0.00565848869338012,0.015204277595946432,0.029146379962173837,0.010444847669430976,0.011766653644637165,0.00503167306459703,0.004018418898285444
0.03378718441998435,0.058766259270317034,0.04249427483621476,0.0680380433987528,0.1802106082290011,0.021275137441302792,0.02343875516608934,0.10283996304284274,0.04870315267027223,0.005527987362491758,0.13064800139505467,0.00047097387668421325,0.08098777107901978,0.004378197308405706,0.0011657859888871886,0.06950380848673791,0.016258386208534054,0.0239151499237763,0.009449643980897024,0.07666963094988549,0.0014712849648490741
0.07201201053135839,0.09571368377323974,0.02932762459437761,0.026841577101870386,0.12548943835138407,0.11502670296000528,0.0633680382082505,0.057045092278713204,0.027488436332637367,0.04342772043718595,0.10563377861543675,0.00042599933713417305,0.1122796364689186,0.034610466973637455,0.008241392125027811,0.004518704070420242,0.022522150124411215,0.014738440348278295,0.009175454092398248,0.02898434560320501,0.0031293076721094124
0.022386058025488428,0.10392210615492856,0.08316025608153228,0.07101934394524036,0.11501655469434367,0.023089458618551186,0.06644242367143509,0.1286263036215071,0.022865048138045078,0.019859800957149603,0.057581076411250945,0.0004997536390247546,0.007601771604070827,0.01714823653486904,0.0031731639425826236,0.07103952990794385,0.020864043872129957,0.019126252877326853,0.007282519208889184,0.13654057534661515,0.002755722747075559
0.08669393199762843,0.07960126918979857,0.07208550927181503,0.08199046413381933,0.004330169639146277,0.05093908903074288,0.008173712001529117,0.06049291810829976,0.059804943067149875,0.06562663647696154,0.04680730523194439,0.0012476253762285004,0.16026604224515242,0.031911302381974954,0.003640788131572697,0.017294372319777943,0.015412870172728271,0.006892827896171993,0.009496224853238214,0.13328555326180577,0.004006445212514287
0.10913579620654708,0.0269572255682719,0.015077490792899285,0.09670635759425056,0.14280497942168605,0.07646733193082282,0.02314182232084504,0.045962874834983666,0.02083770631923928,0.0391524313356478,0.09062703730561622,0.0006229441838495988,0.09891206564112774,0.01979168360658901,0.00860050545886709,0.02381155223605353,0.03235923302826306,0.006545002078043905,0.006253257512254852,0.11441434971040064,0.0018183529137407685
0.033407061688386926,0.011269561390942377,0.028810147039715715,0.008067341032454104,0.08474405705810152,0.12334800039347105,0.03983943723066236,0.16112522068516513,0.01841019504389576,0.06242603470103221,0.052535506632809634,6.016321665313208e-05,0.13803222800973886,0.03899033368585717,0.0018527851069470248,0.060017039798137134,0.007055302516144186,0.009783099236603308,0.004240685740526978,0.11418221676541197,0.0018035830273433631
0.03007079282747239,0.07152639458227006,0.09792535679472995,0.058232013744830266,0.1048183058819692,0.08575604434161854,0.005694598175347375,0.08415681046877917,0.04360085747435055,0.031164144353980842,0.10279432625860334,0.0005405062176693838,0.14101854139452855,0.024276318198792095,0.006951670971948196,0.005132032306516463,0.02888450975593631,0.0011144821588718145,0.008525737920654475,0.06361854741202067,0.004198008759110086
0.08706409395283103,0.047914618676583066,0.021691381666043258,0.014223442341041916,0.13596042979011777,0.026502644678744396,0.06518500204232061,0.16256542125360376,0.023349396779948094,0.022356471052674427,0.11718062150276787,0.00024903036421397063,0.017387680792597105,0.03655397106920113,0.013117600091439394,0.013821647301010417,0.007665784552567021,0.009313648772164267,0.004264390175390387,0.17159014848595672,0.002042574658783284
0.18392295446386817,0.038058955601492334,0.01267432752739383,0.1041350847572754,0.1332862101399556,0.11072772576283328,0.06718976970147147,0.0071861170019501715,0.02187409594970974,0.03771557314399646,0.05813424828264313,4.9982805416040655e-05,0.06125479357658887,0.020394317978094,0.006081855917991848,0.06376012727826276,0.0002418603216490953,0.012619601856891429,5.659038002800079e-05,0.057745637633719156,0.0028901699187691256
0.16882139764071694,0.002373418121135588,0.07246203377115983,0.0911838789012706,0.15614570957582433,0.006300842111933784,0.029220657437749285,0.07705502784194139,0.0683411556030762,0.03895652479051748,0.10619758670944932,0.0007471842953190653,0.009381497130993876,0.028191536411967984,0.011094208713795291,0.0017626905281001213,0.023135591429021423,0.0031545590931400073,0.007078027507676202,0.0945242526369456,0.0038722197482659246
0.130150373175644,0.04319292895089145,0.08608108385070283,0.09473728974578582,0.03371115433741778,0.02282000115039233,0.005170601693734318,0.11270339499460601,0.030354844082469877,0.04453988463572528,0.10635675155275748,0.00027264442826507304,0.02010589977851645,0.004597894166177466,0.002919518607585075,0.03037788939810372,0.03587124935889283,0.004556011232360383,0.005859500780759271,0.18426576760173288,0.0013553164774794508
0.06962818579813057,0.07686463433786624,0.07825399911021232,0.008545652982251349,0.14590786408262313,0.08963532475806607,0.06280857706883497,0.02974777574628641,0.02092746024937056,0.030944997203930943,0.09010318625867714,0.0005478214693312027,0.04675849377968886,0.02639335872002615,0.0004378314963157746,0.08106440417527472,0.02685429264054049,0.014405560306722617,0.0028460977405438395,0.09397846249412124,0.003346019581185607
0.0890762732313532,0.12709973716053752,0.09362159848319233,0.07836685044826339,0.07430627646265132,0.02673198701129056,0.04582486980793577,0.08139537539776774,0.038669929757371546,0.00965244878684028,0.1341124493405714,0.00017594993161074743,0.046964863783180516,0.009264252746603006,0.01296947911878565,0.0032604181716420436,0.02721642342082313,0.0373834098834762,0.0020732808628328076,0.06045701119959281,0.0013771149936779076
0.135906585642705,0.08902677147733988,0.058024617522724246,0.052329375297897975,0.1282874395722986,0.013851976227467519,0.06260994914087961,0.030047838121137625,0.04092747306486496,0.01354787675405424,0.11699582362779654,0.00118460603789653,0.0382668555863893,0.009157232418110988,0.008108549508962741,0.08646648982888354,0.024947322274332186,0.007110492415855565,0.0021578862638057484,0.07906576180183073,0.0019790774147663863
0.05392390687944539,0.0981841619443824,0.1349482949183336,0.10811510689006334,0.0258567324686191,0.16772719311197876,0.0535733320865733,0.0038366631594909605,0.01813065816814493,0.08753544862768868,0.087278840972392,0.000701974687916208,0.031215337547426166,0.03945575940456778,0.010060216107474202,0.025220837410812415,0.00578335113688701,0.02772877822307904,0.012046115982352798,0.0033379746218838947,0.005339315650488102
0.10069575948039926,0.005465085778358284,0.04180234788504536,0.05880945023581298,0.019210229979924567,0.04467136780651586,0.06766546961048457,0.04239977444851372,0.02870971321944857,0.01456862902302035,0.15024527743966432,0.0010853211350291066,0.18425871857145285,0.019800010029489654,0.006054065273145101,0.005202785719480608,0.016046887572766132,0.021525677037973857,0.0016545118513187369,0.1672505867300924,0.0028783311720634967
0.1623403088930807,0.004343916570303596,0.05188020575731618,0.02206078399682271,0.18315771229273992,0.0410842013195566,0.08574690490966934,0.03953701690801568,0.03248940413318619,0.009092189544838352,0.05017579807945031,0.001530198700664293,0.0744549720336813,0.03600789117168933,0.006498463428508645,0.11381873669641389,0.015071347830706716,0.03141594110792286,0.0017465287453684072,0.03444594691675808,0.003101530963306772
0.1263291456474898,0.041249042213421336,0.045674653958320974,0.026523138124960714,0.15328541285137398,0.09147763709461129,0.05170330330311661,0.11247949765652983,0.00900417410140226,0.0414425799806533,0.017823279377174966,0.0005445777088143661,0.04551332134105175,0.014477525423766815,0.006088224512939727,0.08349245158106652,0.01321574885218504,0.014367912661534709,0.0003986966467918513,0.10158662754862852,0.0033230494141656152
0.006009624224443829,0.05818642581643942,0.0017407925474667429,0.10668810497352905,0.01537857226290497,0.06934410616906318,0.06260918193302173,0.15796848084087525,0.06238532912557789,0.06352177120825707,0.13683343999389447,0.0010538603156519618,0.033087049169985346,0.02413942786377376,0.002472071944107639,0.05031944205984371,0.038695872570434955,0.01730149262355259,0.0020795690718581747,0.08667275541176798,0.003512629873550008
0.07589114349343533,0.06391125365574792,0.020150316861014688,0.03500438318461746,0.06672731521164159,0.05954026052996927,0.07487521805698012,0.15296168420734807,0.055695292625699624,0.011253184792787689,0.010958333833808755,0.0007101989611904493,0.15301503952477813,0.028073995125400833,0.003305780656883438,0.025054906658945376,0.018894697022853766,0.0254055434764432,0.0011470006287167918,0.115186274099231,0.002238177392506297
0.12935256858486882,0.015358784692292893,0.08508528590864882,0.05931349657329705,0.00010772714471181648,0.02636639433126629,0.02781008687238077,0.05007666447287618,0.04880568736545395,0.002401665153137468,0.13581112125686912,0.0008519162528116995,0.17561232955275088,0.0009251042159160299,0.010032383762758517,0.05823246948235512,0.005498768835137976,0.01842331397419678,0.008806733469799625,0.13842939579926541,0.002698102299204612
0.13895895516252685,0.09092559679685142,0.0041683456660216315,0.06847028283937874,0.12689432203938691,0.10026753144385707,0.03559985097542211,0.04124484884747965,0.026464547559731263,0.04763600211110841,0.013640454149085594,0.000887305335138672,0.10332179186253472,0.027218751364631154,0.005943851088858969,0.08272477423955069,0.01932763442601572,0.006354734996509331,0.00841821808256812,0.048617318157965966,0.00291488285537716
0.1454144420643721,0.03427150071072475,0.028707473228668727,0.048768802430035986,0.014494884428919746,0.016187272598873138,0.0916461002543986,0.05471317411984239,0.022468337312827154,0.053374978818390914,0.14976905589382156,0.0011434846214687347,0.1494290015050073,0.03511968494482118,0.005931162647971493,0.01199651508433587,0.012135051490636848,0.005187945304032511,0.008932733028215041,0.1062582105356077,0.004050188977028535
0.019691583289460877,0.07375817754461197,0.004995600226078255,0.052415084644826866,0.09066379324323898,0.08858108935917502,0.058929002688170175,0.04614153410370244,0.09295380306457549,0.029390788821821483,0.04010422801911829,5.75484561599126e-05,0.15279299297241467,0.003343449809365302,0.011643005108578974,0.1091751304965641,0.010012318663484489,0.019994048348711196,0.012455393869422697,0.08219531699883384,0.0007061102716850499
0.01197739061169672,0.06517393693973146,0.08804206179655658,0.01035936195170274,0.1053715232994944,0.07483354230859401,0.07048493352917647,0.03480300509401122,0.06111136045501137,0.03416653649370377,0.06995714633325638,0.0010315048655725344,0.05709086305945699,0.02182526357160046,0.006024311240815031,0.09304833852335,0.015620755607551544,0.0161459491509288,0.007581115227267353,0.15122100351362808,0.004130096426894317
0.05947578629604783,0.07966719864447,0.03383589041248681,0.0922972163187786,0.09907684259447377,0.03885145051701017,0.06016713223291153,0.10821740948788798,0.011548211173830652,0.06391943076128827,0.018637218457979384,0.0007454427586839057,0.05106026809742123,0.010182532415005174,0.005024046604163771,0.09207605481492388,0.0022843431415910387,0.019380907564075837,0.008154804927213705,0.14226170224775048,0.0031361105320060574
0.11265020939135313,0.10391893800051125,0.00482310185403764,0.06775136344166635,0.09882912107156037,0.04641489063110818,0.014857810460795736,0.13894955111345175,0.006131952423647598,0.015716971979003094,0.021410085466966242,0.0008331823686496581,0.0390788348744528,0.025046480875058622,0.005518336275954965,0.10529478591137814,0.02905424036502356,0.01098572569503517,0.008589883988906682,0.14221436294769618,0.0019301708637428886
0.14702810457535098,0.08932482152930334,0.018123337453326845,0.07671045963741087,0.01906159934812284,0.1276578067088814,0.04126802750649109,0.027574966635420552,0.07239089454692625,0.061324155760520735,0.11923963268139703,0.0012758273335898758,0.017233272349329525,0.015056510371203745,0.004985965428784809,0.10891433261817005,0.009632483446322037,0.005224422735193869,0.005671642293040994,0.029410782678589636,0.002890954362623405
0.04070130171766809,0.085194933328932,0.05216353858177156,0.07451113064422073,0.11663194321778818,0.09617222677429432,0.04002595676416163,0.11833304974446156,0.0022112911476365065,0.017756012183987233,0.0948465465238459,0.0007207632287563298,0.03972452365070242,0.010817749202083528,0.006613972774881663,0.08808089803194243,0.014537338549254203,0.0014014647653197148,0.002145173805873135,0.09530126134570538,0.0021089240167134543
0.27393528407998435,0.0037919336918782616,0.013273674534677612,0.01901804384058051,0.13284526717461456,0.025582172829147008,0.04631416639689339,0.10114089182659682,0.042768568256075064,0.07024142123268863,0.028283282579287986,0.0012104023649743892,0.13549808333320934,0.03679146679022352,0.0068426709143743665,0.0033274326177757927,0.018995457149053253,0.012876580472172182,0.011465180321359328,0.011943457830010112,0.0038545617644235486
0.14822251443968096,0.02276812736437556,0.09974738508329582,0.059136294207042854,0.09611203547613673,0.0806584267222459,0.03632108631483791,0.09553740553975196,0.019828475178040404,0.054431865023219145,0.05986850981397458,0.0005092922086425491,0.1473303489621968,0.03609620659357898,0.005365112230405212,0.016505177739023862,0.0004918639782419644,0.010438902967512771,0.004080619349163726,0.0036006674738666765,0.002949683334765801
0.028248535568377295,0.05329040716281257,0.09702415429915916,0.07884967932354398,0.10085094335366825,0.10661219386888549,0.04119728975595764,0.00016497638570575732,0.03689103072640038,0.0383243974864381,0.12546360432838752,0.0005875290803054396,0.10838926651092985,0.021396022557380687,0.00942442346341525,0.10194092531533215,0.014734386063261063,0.0045240425347890575,0.004900495254083329,0.023285322539685415,0.0039003744214820618
0.056000051409053606,0.09497175699629211,0.01604016893712001,0.10298308793312623,0.022533142131102562,0.09228693468147803,0.011590549766970491,0.07431848930295332,0.003879257526441982,0.0667010373664379,0.10727965505224496,0.00047492497419852816,0.04445496148458163,0.03004506936428485,0.002539175872656095,0.0651373104938914,0.00433116268714488,0.021104645919299597,0.0009871342727586206,0.17895540378095187,0.0033860800470116603
0.06161434972775614,0.0455418333845168,0.09660355681804429,0.08274319509357275,0.15586122797600843,0.06419610009649901,0.06057360416741868,0.009614987688704462,0.05002112569484177,0.03219993470362571,0.06452865565202308,0.00010040832426200034,0.09996212345454618,0.009196461895300889,0.009324466112211587,0.06923086457596925,0.005010430457551491,0.01918691106647051,0.008532098233704034,0.053139501638265564,0.0028181632387074104
0.08864297390892449,0.07223709621714494,0.10352191674629165,0.004872869858451482,0.046971132820811376,0.0791088831947288,0.06901912184037698,0.10237519974468516,0.0599665580008975,0.04782474736313523,0.11900567362682042,0.0008948298083239218,0.05990972169463619,0.010916663799898103,0.0015468141173711175,0.07194058177066856,0.005479633793319192,0.0044699533850342255,0.002367179755096284,0.045469081371113676,0.003459367182270561
0.08727213542995736,0.06673059908063221,0.006461904732967624,0.0499001950334198,0.05591668516036712,0.09433370592990356,0.06613419324184854,0.05909578442450179,0.05953805232821768,0.06275320962146996,0.057953145017369416,0.0010799021862061332,0.11313249638044227,0.01940783408463195,0.008018619991992163,0.036288456885187795,0.014062915178740273,0.01562505773000032,0.005196568056696996,0.11821292518840007,0.0028856143170469086
0.16946658726583208,0.03262613361024765,0.1041511310764273,0.05211731361608422,0.10161758222856211,0.08079479079494006,0.06446926155766393,0.07144894515582455,0.01692478889322858,0.0411759220473477,0.004787760535258023,0.0006617698578612359,0.18756287083764236,0.012470766795356185,0.0024499030383219726,0.011831098242876963,0.008913683902993408,0.019516306953888313,0.00432640443096607,0.009855546331646488,0.0028314328270308037
0.04756663498663268,0.06039317343910644,0.036061042236363125,0.08673984052219715,0.1228206179405325,0.035446065858923674,0.036074076353646754,0.11708761962265717,0.032349073461602706,0.04267366425770835,0.05663400819720681,2.499452899592576e-05,0.04381227157177153,0.005259579921133472,0.009726758987440636,0.05183152437221013,0.04630536661291931,0.021232030412083297,0.010818156256612583,0.1355597713740981,0.0015837290861575582
0.06708966961240893,0.09158634355914672,0.09769070080429419,0.10538586856024358,0.027131030848744575,0.0810293619871526,0.0763955145577136,0.08521259999555483,0.006932104874765345,0.06954158999200787,0.05229402494105608,8.962422113968705e-07,0.02137340006179937,0.028516213938429694,0.009637112534525332,0.03865947671695644,0.03222746855268773,0.023015393174849536,0.0016813273388083508,0.080972583155226,0.0036273185514178095
0.1630596873285623,0.09326811043210452,0.10153167659059453,0.0075961563338159555,0.12214689806164841,0.005905479350858445,0.04786228993851597,0.002998355389597902,0.020614524552992158,0.07082856291632948,0.07985295130387499,0.0006633406794344504,0.10630151313657063,0.023762386703227917,0.0052371702065411065,0.00964072668215651,0.015374229260230321,0.013924234401862627,0.004429629659130678,0.1008736553424636,0.004128421729487566
0.11154970078810134,0.09524514556969592,0.0025881903553205718,0.04215852078481729,0.1694878490162874,0.07260158485055118,0.013576892506630939,0.0692454861576567,0.06680352737246578,0.007980612425431136,0.12142755414895952,0.0008978810000946286,0.01896781291722833,0.029400748213799063,0.0011290972097836628,0.06645348978864422,0.009274052349584573,0.020045439766974177,0.008500002807558327,0.07094179150651712,0.0017246204638981459
0.18174885145553485,0.1378143413374262,0.0564032746637661,0.03275467859671921,0.1289696467427408,0.03159691077142422,0.01499439336932738,0.1409260834359882,0.015109310497849637,0.01885939265153829,0.01979818288814872,0.0005080181444506925,0.09945533176966961,0.04233496390476832,0.004767040118925218,0.016037423546235812,0.004572195278997647,0.01745622358636271,0.007967900589452782,0.025431392304775365,0.0024944443458982373
0.01574446129213095,0.10448515262637553,0.014606858180449513,0.012416533187126384,0.10066511570653054,0.03545764820482196,0.05976261664543108,0.14987492744188782,0.03373186851533725,0.06743429512433044,0.028544859681620856,0.0009453554378851183,0.15443376050218274,0.002067965449400228,0.0009369138108355758,0.06301851840078224,0.013018391411867464,0.02527883718833465,0.006836112213286443,0.1097758118617339,0.0009639971176492525
0.09824689283781543,0.11049411558192546,0.08429364881988381,0.052565084887425055,0.017938769581347946,0.07044558943147683,0.016170363586744625,0.06653551861082536,0.04532767588324038,0.027295693822630727,0.04314514398783376,0.00012427209601729742,0.11465823263496831,0.011092687286735979,0.006809962288176003,0.07875969650725913,0.015222995866627544,0.009163481681644181,0.008555293278304999,0.12108960643129278,0.0020652748978244426
0.11325352642931218,0.056835275759313915,0.06548220426923855,0.00840184018669556,0.09587149092172646,0.06882539425878037,0.037643962305005586,0.10027954399520858,0.05387090221000911,0.0410222116860878,0.0033026842627576452,0.0011538799543921645,0.12730932387459168,0.031173060211360005,0.0005596289849380707,0.028199500576777704,0.011125193828515038,0.0010252954203754368,0.0022370038558907025,0.14913875991428718,0.0032893170947360037
0.06507424759995036,0.08261101987183558,0.04170157264514575,0.015769467355757762,0.16817464304603758,0.029253320563545956,0.05971034205859168,0.060850888650178965,0.0038507298002217866,0.017616783602408512,0.1632769346128163,0.0006635433602274407,0.09849823913442969,0.026222756621779697,0.005971715307325936,0.019305402650557937,0.01633206443271701,3.357777913213342e-05,0.005762086540422476,0.11740326131904295,0.0019174030478745297
0.17923002340278374,0.02672437573782855,0.014024240595990469,0.09930131030023222,0.057316631941341574,0.0700179788691506,0.06922480785514595,0.04506747772592514,0.07263767248965951,0.07110038582752833,0.14067172258879965,0.00020284528177651307,0.03674267868604387,0.02894088770168815,0.00428012996338609,0.06183527717145648,0.011838706370090327,0.0030498377602511885,0.004399198229029163,0.0005085072082087785,0.0028853042936836603
0.011942394119983855,0.003794727920304829,0.10618317856196167,0.0790282018115451,0.15919360965141585,0.06434502558513903,0.06717796049603718,0.04092135841609482,0.054480420446577076,0.04620361848957063,0.1518457538618858,0.0011635867992603713,0.012978516022521125,0.003826730856338602,0.0002578086520272413,0.06465730277044543,0.00922680236862236,0.006336710186641994,0.003572524878578296,0.10962802399690368,0.0032357441081451934
0.13585476699012747,0.07976309470842605,0.07475630613557717,0.03569810822752353,0.11733713873074968,0.07994669151733146,0.0018452870282942074,0.08782103326732432,0.042049762594831425,0.03380659456495476,0.024567881492189386,0.00011143193890417045,0.05368816722549872,0.009499126615458785,0.0018013372823721184,0.07250039237181069,0.005882132357453293,0.008595624021704914,0.0018079655482572477,0.13052474671029266,0.0021424106709178703
0.012368985286337501,0.047625515472250676,0.05272834842282046,0.030999791783620074,0.032252002167229926,0.11753872554540823,0.007808322101327416,0.16080168922144109,0.056463506006994485,0.01732127606539631,0.07976519996249713,0.0013408709199144277,0.14183590217634995,0.028154062565574796,0.005418215326438039,0.025290542043168055,0.012131168599988428,0.00619242197288129,0.00993830235329283,0.15042555616019138,0.003599595846877429
0.04070393588623694,0.015826695731690703,0.02333083818543573,0.014603159975290958,0.0537805094227932,0.03645499256869415,0.08345551173385464,0.06494831360734114,0.026048033242830584,0.07632640493643104,0.08394214375890813,0.001374034485815121,0.1758964919851479,0.024336194787519756,0.008741737996982704,0.03243423525266146,0.044098825324064866,0.002792419460339499,0.010763121344854937,0.17552622578287888,0.004616174530227742
0.12071301667754628,0.08828857868846761,0.02765331684773804,0.0013682671685884998,0.03195090473088442,0.0020101620487103754,0.021105628143461896,0.06840249608303373,0.05284788389297454,0.08057383298693066,0.1415523000588034,0.0001119757291258473,0.013740602947550778,0.013660687739704287,0.00025464713965743854,0.07766931937094003,0.037950448668184984,0.02217023583243616,0.0036611948351250425,0.19199323561072126,0.0023212647994146777
0.159199010979301,0.016381055350362096,0.08930320847828793,0.11427788521921352,0.104464050100217,0.07362926114483748,0.019349348590738513,0.03822624439179258,0.05516993077750467,0.0007274052706330974,0.019203996781651588,0.0010549340521773302,0.15284658451178146,0.00882732100609329,0.005163202558189001,0.04244920994618919,0.033423878163847225,0.0014582620525539665,0.003625148558361886,0.05833510386157003,0.0028849582046969924
0.06011513812671311,0.08412884680975702,0.09677333198627783,0.018776523532240897,0.13294449159048413,0.0677167319890239,0.054974249208701774,0.01748191603111152,0.04037806188993469,0.0007275532423467435,0.046731243533826086,0.00034508912884178704,0.14483813532182266,0.0400998180612846,0.00019024169841666956,0.03710939879543347,0.0363866805393128,0.0053707495150350434,0.0038817003188500615,0.10881061893395097,0.002219479746634482
0.15616107361405282,0.022046063641925157,0.11079141588010452,0.009001505523650826,0.09048344629454826,0.05201639595345507,0.001410280247926077,0.16610168942427722,0.04065514101664637,0.015038176997134254,0.0007631906926746107,0.0005825126916248679,0.19900823103665335,0.042949877162079625,0.005463277569896343,0.03996991191536236,0.0045402095684281924,0.02608415391441164,0.008712659795054126,0.0045786481193823576,0.0036421389407121797
0.01704024995937205,0.10632288791885147,0.10771952018138989,0.09731567992019137,0.01062868559703779,0.11083854935590352,0.036820706697602,0.08669239718169049,0.004070442724105154,0.05933649152709169,0.12476877553266869,0.0004172854972788602,0.04372072236348943,0.023849004327840113,0.002946476028643671,0.015117622783390114,0.025509828754495076,0.023913614817053903,0.005894709351833151,0.09309360907183224,0.003982740408239349
0.14593863734136417,0.06408940016635672,0.05535128106702627,0.0395160443346635,0.15374614522633778,0.10943505545156691,0.0073276193514365965,0.0809378947559297,0.007794283102154698,0.004678537863928467,0.07865756754481827,0.0007265627920919149,0.12350729804126201,0.015657368392068893,0.008691710144528015,0.08218194616336322,1.6311704729843838e-05,0.015766546167508208,0.003949662496778591,0.00048114280048445964,0.0015489850916017868
0.05268333562008237,0.10221194839218885,0.05072257075858397,0.07032643341275482,0.09239856725046414,0.03478832007211494,0.05488564769892539,0.03643592284581908,0.014679326681821175,0.09015513015284067,0.04727368437325947,0.0006385935396508847,0.08492097766835151,5.363950957027034e-05,0.00023035394752585997,0.02247128692067429,0.0203390183925606,0.03116472904193899,0.006311428769011075,0.18612320942027735,0.0011858755315842765
0.11214046171409793,0.09679873444101637,0.09026254313209697,0.079389046360878,0.010851104155665483,0.05440366936384132,0.05800456752215713,0.025224318762183263,0.04134831813600463,0.01062579930393811,0.11937988589559874,0.0010226873820083666,0.11179296077030629,0.004853825167764587,0.0021551808507706224,0.010950931673313392,0.016933865941662293,0.006609992273678405,0.0033797086021571396,0.14163766628757005,0.0022347322632907014
0.12463162244743649,0.06885017777198811,0.0845006206061345,0.07282583933582101,0.07508162984224515,0.07694404225726865,0.01767274181126998,0.0855767597160357,0.016487861922725878,0.07084051995683592,0.07834883929146319,0.00015654969970825826,0.06062916675238227,0.015887198021361213,0.007815153418424883,0.04089012142315975,0.004088138002041188,0.007422098599373027,0.007048757201163286,0.08088910496950565,0.0034130569536557145
0.15096949879819613,0.08756273616508534,0.016983667963856842,0.08341106935284605,0.09594278890154123,0.09500724905820418,0.05245851207110409,0.002295266278848856,0.07334525598127808,0.08041589172905712,0.0019682537352249114,0.0010080930665844544,0.10256207892959111,0.02485547753279026,0.0015253524273805177,0.06554295042932161,0.00676266754021573,0.005399838471308865,0.0104901743641565,0.03719027575027724,0.004302901453130996
0.07630262717933758,0.0666899277431502,0.0864818271904823,0.1262412100740477,0.01185879090109477,0.03300953387852214,0.0399259583584268,0.06607318244767342,0.0423210446624717,0.02091857926870683,0.05488161460887397,8.443231334584024e-05,0.10844780135872478,0.023394196174281977,0.012671205078036566,0.11577202664148237,0.03727766383577375,0.03179565577028133,0.0002940516770499348,0.04261780008215509,0.002940870756081075
0.10203626445746654,0.00041522618173650723,0.11256728815546949,0.019011342278530862,0.04416647092093395,0.10667493138889815,0.01667657249599298,0.020517263902852696,0.0720095866510733,0.08656135485983957,0.16498198247777723,0.000546910155899188,0.019074821716633217,0.0014629849709362703,0.007545224095950529,0.07346173594638424,0.006430973422042282,0.02096950182836855,0.007974470867581851,0.11478500692746871,0.002130086298163892
0.19621879754659752,0.06585313777502932,0.1196942285480601,0.0527153904285566,0.05173332665274598,0.11163794193500165,0.0320385716217795,0.06614356958752457,0.011064144619991015,0.003635877490742431,0.042059812803577144,0.00017983055697496722,0.08685460701773899,0.030198883348089584,0.004853833310961108,0.00760402466229062,0.033953462365413536,0.026536301211188253,0.0036793991842051874,0.05125511187770703,0.0020897474558246583
0.04404234578997002,0.04993550894860048,0.03822057785719962,0.09545346965921334,0.05440435678209681,0.12099330315793208,0.04533979486912595,0.14727918952472907,0.016207566305609163,0.010107090813091872,0.12022167630597577,0.00013366032846340376,0.09824546883166327,0.002038442544104931,0.00121819621103062,0.054775210912990355,0.02793885999487227,0.004505267023178197,0.002977380174600627,0.06477529232131966,0.001187341644232166
0.0016800889293101858,0.023149862223418433,0.09299984583997667,0.09559577417743749,0.06475449045235435,0.048262488969656216,0.04230492013266858,0.12845060381596682,0.09020338780576832,0.04756294666822887,0.059900062758609984,0.0008582170449596652,0.054201977337962205,0.005259769360382671,0.011411212798293824,0.07237070914074387,0.0014388643364120384,0.01744013279082949,0.008108982406602598,0.13178842384895198,0.0022572391614654216
0.11280652872358785,0.09611295749592462,0.033136745562627815,0.05927864153656964,0.1210747323834493,0.03407406600890095,0.07732323631859322,0.04771192957897028,0.01674709442380214,0.05311060277381662,0.07795041190646092,0.00011024010564336363,0.05732440063690026,0.00039264657595118786,0.000671030301216178,0.015467234743309048,0.028381389927777393,0.022540572261804528,0.0005590448392430317,0.14399155035796632,0.0012349435374853872
0.0721231229648863,0.035369111912885394,0.07289198070302064,0.06988007635736809,0.10935115676145232,0.09346007964864661,0.02542268616465709,0.10753656626684462,0.05222977485652133,0.0457123877437374,0.0162899314718442,0.0005023728513613387,0.10641588033747844,0.026440712041532748,0.008712834333641712,0.0016906427682615343,0.012053542329709142,0.006473123269717903,0.004732276530016846,0.1295746172708889,0.003137123415527458
0.037625126036281056,0.055068536079924096,0.023693818904283796,0.11258178824683214,0.005846756659134449,0.052671222133477594,0.016520927406022012,0.10895278341172546,0.025520338632117705,0.06440384840689772,0.0883678334289964,2.174601506656141e-05,0.14115092555041067,0.031358019665829115,0.013463332801171042,0.13217020314939376,0.020788666086858,0.029253935917647276,0.009497646817623492,0.028321317961743746,0.002721226688563765
0.07005795246836018,0.08211942835737529,0.08834201766746398,0.07316550138789149,0.14614021168167848,0.004408816210563178,0.05007976393895145,0.10667215253383128,0.013269481018038733,0.028689176465917825,0.06674984698294896,0.00026021914953456405,0.12367506765899723,0.004161018450890211,0.0035139666142654895,0.08335029577334499,0.01714940805901979,0.006001686995767501,0.007520162022644499,0.022258563712441875,0.002415262850073073
0.007981356253640246,0.1210930208792902,0.04678592818516728,0.0993461771682464,0.0705569918615346,0.11341748170892167,0.022894232990467393,0.1363587305395677,0.0015897896154948052,0.049898706405553175,0.08709973982407322,0.0013143368715683049,0.1074571343044597,0.019253215069411092,0.004438796969340789,0.007555191433643998,0.03750775463755711,0.020816176538088576,0.002695568153154445,0.03803243002957948,0.003907240561239915
0.10385876817016845,0.039947244055432235,0.1257083974499723,0.1225206130430489,0.13205494717687088,0.10363874647419846,0.027486309395978212,0.0021044811736766404,0.07300359594588615,0.08493535385210639,0.04465976952444595,0.001076992174570931,0.0014121824916032964,0.037540135740568706,0.00011524672315512844,0.019611687275078147,0.04092662661904353,0.027679069134083214,0.0008479447842963778,0.005599484640161632,0.005272404155654132
0.034397371301424645,0.05524928716951526,0.0977364167875109,0.027490307256820275,0.15651727681570302,0.05934334142050235,0.008651137929314559,0.07752642745595867,0.010161010855063437,0.01836649092625306,0.10603841003632364,0.0011240277648749436,0.10613225259457588,0.0038801046206234104,0.00974446718340338,0.02167779593065742,0.022027218690869016,0.018019782206696294,0.0019774547830260216,0.16073794669024202,0.003201471580641838
0.04389327062713189,0.02408087913969441,0.0519820982192367,0.0804694636452834,0.07671643126706708,0.12062486274074173,0.04681783972975195,0.0706464608021867,0.012812370728803264,0.05798428560511505,0.11377199018734441,0.0005557581792808226,0.18802907031473465,0.022927496595790856,0.0018088564339570226,0.006973006955990752,0.00513360196679947,0.024551453810019993,0.003703668093340531,0.04331317421164721,0.0032039607460816904
0.025054918893184036,0.09079929017069858,0.12610409310951318,0.1109389955583244,0.026033832320040497,0.00171508450982031,0.06747738991688688,0.034535717344766355,0.020450601964845876,0.011003028918002759,0.12560790794777038,0.00030216117031318343,0.13926079034255165,0.025796377194101525,0.005630795261725398,0.007672071420813459,0.04282619394447647,0.017248515027059288,0.011986954072076438,0.10566092051078714,0.0038943604022421497
0.048522675443080664,0.018985943930200665,0.04735963554723599,0.1175706900599147,0.14286732559448131,0.0529272727483632,0.03218236263706962,0.15920287828764332,0.040256475800857824,0.06240297334772035,0.0005429124680163252,0.0007655856490806995,0.10107141243796752,0.02761807935266773,0.004159340870560101,0.014825554061622575,0.03586131534511145,0.01243194621385452,0.011345372617316307,0.06392546840275795,0.005174779184477373
0.05717391983435793,0.09566091834231741,0.10023637154372193,0.03537488163593825,0.05331924439129341,0.04637243155729833,0.04949370358287563,0.017600624214405808,0.03999382390641269,0.0536756574490146,0.1308555782330637,0.0005605952974321454,0.13207814945470964,0.004226569072914708,0.00602087536274684,0.07340581723356883,0.014163627138089737,0.02204886678293579,0.008913972405798049,0.0561078295017273,0.0027165430593774536
0.065636924659609,0.03147522491976322,0.1011253728910158,0.036272405240481684,0.025933728997152253,0.07567237103219558,0.025034128921915155,0.11912571960491998,0.002021889298968387,0.05652502587393184,0.06976489973325083,4.735977166388596e-05,0.17014707732462683,0.02546059701099383,0.010487622081350631,0.08878956421502246,0.03377283991567164,0.022206208373551903,0.0015410083514342159,0.03461994222970751,0.00434008955277371
0.0920458895778461,0.11071890735319144,0.039350293828770214,0.029780052112305902,0.16193173356508073,0.02402635683931402,0.025968224767711837,0.058859316665512466,0.008010468200680231,0.06841186823967124,0.08200457568679667,0.0002340036039297321,0.10544300795169714,0.03778783393632758,0.007438260481706425,0.06096545991503541,0.028847729813464472,0.018302199680528836,0.002156868738218081,0.0361389827688784,0.001577966273333133
0.09926742530637675,0.03663879427417758,0.059185770965256755,0.04314944433564899,0.09049170180835374,0.025799582733731466,0.0588370202333931,0.1262690045399654,0.04539821727254766,0.008405691111570439,0.12082214929648744,0.0006603616805242488,0.0606187844672111,0.01195122604245655,0.00030330538208169205,0.05048790592568764,0.004525130856132845,0.014648407896000696,0.000509242824954551,0.1394672287261562,0.002563604321285236
0.0750771746714666,0.030262742361730707,0.045404852517691684,0.0992550929634634,0.08304227072116424,0.035173002800638495,0.016404153150726356,0.12545625816016306,0.03574364458568949,0.01036454676499171,0.13435211571519604,0.0013838988197501794,0.11051149792245367,0.023826090426870398,0.0004202559528693298,0.0944598642721287,0.02561228804398612,0.0004834437908706117,0.007515400243830419,0.04273326394206409,0.0025181421722548186
0.14244672814238507,0.010979842040902188,0.06316943116061031,0.07753672810881522,0.1633647841715416,0.11248381493139994,0.03336218251642241,0.002193979422527491,0.004614098648504314,0.062222980518703536,0.1134193998503839,0.0002794819406395793,0.049877074659954085,0.0037116527002920793,0.009446764687262833,0.03279518611848295,0.005671629277116689,0.004393186886433973,0.004376108173260518,0.10208430983987926,0.0015706362044821834
0.08133998628510464,0.05832770826245872,0.04309812357800937,0.033267906791191945,0.0730981697746027,0.0780398407537796,0.052919494263049024,0.07525816461185107,0.03861572270487432,0.03524558958068079,0.08195489646934348,0.0001415569084676391,0.1366790061419418,0.004455876915949487,0.006833097281084811,0.04433098352122266,0.017810609398940597,0.01876590203633045,0.001642706428803992,0.11683275495274875,0.001341903339563997
0.09606041491185827,0.010152506587088961,0.01696213926798002,0.10012583346801494,0.17643826078034797,0.02607124034014259,0.03410735337463716,0.021169287167952817,0.06541432575409795,0.03605400747669968,0.08511927706084363,0.0005320066328351905,0.15963481227429008,0.005868297988948667,0.004097138420911237,0.0977862580273904,0.028709049885078212,0.016576366178673297,0.008791205351691617,0.008087040124120206,0.002243178926396971
0.09319715007170308,0.07067736911095814,0.04817421556728849,0.042446426183846295,0.17453762184154337,0.0744275184261592,0.027946693297453497,0.019466514733601475,0.0696248775968298,0.07316585852347876,0.12200169161743425,0.00033663587121753264,0.0995720813819511,0.01036508129950356,0.0005390761681606977,0.03937297472035161,0.004268878531631083,0.011418778035233891,0.006206796239407566,0.009656180483056486,0.0025975802991900702
0.16144507405141995,0.10800271575149994,0.06267412909181777,0.03999148578086274,0.05424881789591236,0.057503789713565824,0.04064277047063866,0.03254960735116195,0.0026249325164656636,0.05569899231292975,0.08777193936557466,0.00017472479674746915,0.09570681363905693,0.009500390440142163,0.011814426341380517,0.014415936587975672,0.03195996676059462,0.012992033105438783,0.0021710992753691256,0.11486057287165198,0.0032497818797935026
0.05787309029045962,0.08455385660887146,0.1380007919176153,0.011847927839822074,0.15141359982031438,0.11598091364638947,0.05640290220396933,0.10924534567924417,0.018000452590877142,0.07532639424969412,0.052778296188902105,0.0008735170484367611,0.023382012366949395,0.006851722698933181,0.008044074322575924,0.03448777405783284,0.0031134636215342866,0.02103940314211277,0.005627537354965471,0.0214118630383746,0.0037450613121254254
0.06832349501834792,0.08654078203727539,0.07871516311407398,0.06305253734748907,0.12455198653587328,0.08650952486368509,0.03837028426350142,0.07194392165829244,0.038193042782163296,0.02106313678676646,0.04057509664441909,0.0006006131010702514,0.04987233319511502,0.004481486113322552,0.004562430910607505,0.0851698048963389,0.03193143057377355,0.019819711028200987,0.006242589432121011,0.07711659345288988,0.0023640362446730734
0.11072606711695107,0.04691790668729608,0.015718445671877634,0.035242562654863925,0.045850104018228074,0.025957533046701387,0.05718592289341163,0.07100004265061009,0.009322672946027228,0.058654558071196745,0.12431038580376912,0.000921309853078238,0.18601312268783018,0.026741846245812606,0.0043697257344021065,0.05013984836865543,0.008497911553533964,0.005481450718372293,0.005069538808608294,0.10882535329739415,0.003053691171379841
0.14424474658967842,0.018788807777159116,0.02058932040477557,0.010638545447173551,0.15572395800465297,0.014508478103569287,0.07348272974898012,0.045042700954059635,0.0194632571538881,0.02486742226636739,0.12282112852235218,0.0004220562990361229,0.09612898406715666,0.018255216162985425,0.00027378505139186203,0.0097247926852028,0.023287342956146307,0.025998690730823323,0.003413813026500236,0.17085957160221746,0.0014646524458835318
0.05359128097203374,0.08783768434909553,0.0831279257509363,0.04686013190913656,0.18134119053667494,0.014871716920125943,0.012860170804360969,0.08871369519537495,0.02548124136716768,0.011090905340223185,0.10154218684187408,0.0002854729542651497,0.0030403144231161807,0.03597594702417946,0.009713187746315974,0.027594329572967837,0.02463570897822296,0.023763543543588332,0.006843011220984943,0.15848426837123086,0.0023460861781244144
0.1281821041952058,0.09619139245467156,0.07964112898895104,0.037194060970893665,0.09265353176360447,0.07797903992786699,0.016343206188676355,0.09748216445385798,0.0416641672998092,0.008736140118097672,0.08495419555096474,0.0009736633289250791,0.0723684162987989,0.03717202945133252,0.007039275131059939,0.04175582405704358,0.008892515889353931,0.02074952832992446,0.004701338235347803,0.042946272611074365,0.0023800047545397304
0.14868260481146137,0.09331154972919575,0.0843811720713104,0.060633179130819635,0.071478911056106,0.022130386185142677,0.04421305685550275,0.13681368688050377,0.01737846037985464,0.046345006783489434,0.06911173923644526,0.00026787688683846536,0.04832605618841635,0.009990290907260349,0.006640843596099245,0.07640477772640811,0.019142770345185255,0.01195994352108606,0.008219101063084119,0.0216648910663198,0.0029036955794705757
0.1176485421230859,0.09630198896065048,0.0462388512845482,0.008360309813807951,0.16026142825795042,0.07593665313614607,0.027087024982123276,0.14087205159139696,0.010557591914442962,0.04503297950270094,0.03656591202742514,0.0012176924449190899,0.05163777827144192,0.008714923480648824,0.006974455923394529,0.0015363940813167363,0.025929258934870344,0.018838742079107785,0.00023862280922199122,0.11668107419322264,0.003367724187577927
0.056042675860186804,0.021713253139500264,0.08294281815036844,0.08131277100807721,0.13249581799476165,0.07507111321069002,0.060892843703340485,0.12356775688969955,0.015153626523664641,7.568774709068333e-05,0.06884025221582002,0.0003076032719179557,0.06944547533677062,0.017019176000198536,0.002266412829416906,0.06046678938254216,0.001076246048061785,0.021783953923182612,0.008300955397343624,0.0990483819476706,0.002176389419695446
0.064507271476888,0.12348916011935439,0.011482421688201367,0.05055856304782449,0.06857623899593134,0.13126933402738397,0.05669273688486354,0.008446641440649685,0.05071583500758647,0.004275609229350034,0.0017733746651188138,0.0008197461505605887,0.17606512299098853,0.017708118512663563,0.002138283691241654,0.0991940331003354,0.004659896715087409,0.0002857061753004286,0.01012774624859093,0.11553423453642828,0.0016799252956508854
0.09497681078772782,0.06407690551769506,0.05295218233050273,0.06456528004209416,0.11067373161861459,0.12809228181236387,0.048745820454312284,0.01182530457219716,0.008232896653887132,5.498546491290567e-05,0.10316790820201412,0.0006542781840406438,0.11430732833445646,0.031656171575070745,0.006453305698995127,0.10713884777435387,0.03617471968659467,0.0003256059891561768,0.0033699948248948584,0.010990125794549784,0.0015655146815657403
0.0763623281110574,0.06863225927692604,0.08351645514384348,0.055120107785627516,0.06126830260539219,0.08133821428853685,0.04925267578329633,0.10254378654386892,0.03236957092468267,0.055793497827680553,0.009720757438109537,0.0006706813861648905,0.09716184520721649,0.012878177435886812,0.005035255423552286,0.0551377044306972,0.012096075285450519,0.019134915799208008,0.0010732359371426246,0.11745149413468478,0.0034426592309747543
0.14259193313235619,0.05593657824015453,0.073988591945645,0.0482257879820733,0.009150096798062342,0.024060423050840614,0.05202804525957139,0.13192661756155027,0.06378729110420567,0.024714967536847245,0.025334583319436027,0.0005721138574022349,0.15308824143263713,0.027191127055260788,0.007178184738935899,0.10295098389811226,0.01609541010418635,0.020604857217351856,0.007540701661955014,0.010099057172544843,0.002934406930870908
0.08309619611640254,0.05368998954035294,0.03816295460646858,0.0675748130461388,0.16019612349449047,0.08771373405202958,0.008170582231431175,0.052476658700766,0.01615715386830249,0.026747416984244307,0.0077448630614810835,0.00019825332152141186,0.157240666257402,0.032938576015442124,0.008265717604102083,0.033861663555623686,0.026224980548837068,0.014794777383833198,0.008908192916375873,0.11260764173213791,0.0032290449626166755
0.1275557070117413,0.03725885476404629,0.047129356675432214,0.07672224138489084,0.09134300639102232,0.020984219491592262,0.048567701327266004,0.0997795255816706,0.024056120275205838,0.02607565057194133,0.11471609180280141,0.00017799612390977394,0.10300741427700691,0.030543160340696516,0.007620889006147264,0.019846534254599073,0.022334685902495766,0.010824877400715792,0.005061706166101909,0.08404611270896582,0.002348148541750907
0.12319044628498274,0.042586936839325934,0.008094195372630422,0.041624197711623574,0.06381417044383447,0.10412272535328052,0.05609241328537815,0.020034513500746632,0.032672445591450536,0.02447430562761771,0.11717317069837077,0.000862732692289834,0.11014917888453986,0.01748617140538277,0.003506069207036165,0.07283118280588138,0.014070676627767382,0.011956971499975027,0.0027116425542569756,0.13018859698948404,0.0023572566241451425
0.19326019781271728,0.04473952394274114,0.08179503705614247,0.012456711313411526,0.03044237387476119,0.03819740671959956,0.08879244208747485,0.05721933072289952,0.08988341709495125,0.0867170032634564,0.08859684792301611,0.0006634470686473454,0.07240513775552442,0.004369457547589376,0.00715598978989009,0.008713068830131255,0.041478312710951384,0.030659230797415837,0.004490046747273354,0.015428717671005107,0.002536299270400745
0.011707822459451034,0.10138545571092146,0.06763813346180587,0.10157853753743798,0.02000071230257665,0.0881848354723083,0.043969665505208415,0.021210227341941838,0.07131012641373592,0.056261492392020565,0.13549611248419927,0.0009243710803642887,0.1330931610785796,0.029940896058113134,0.0008513584681987512,0.05484632854667641,0.00375095729990881,0.004040558963097666,0.007098287630057236,0.04275270314683806,0.003958256646558641
0.09814439546034863,0.0207287840856752,0.02547730640107513,0.034061811952994105,0.11815687031461175,0.09479184580396657,0.05579333487230721,0.05135014213504446,0.02332464712654646,0.04677424578715065,0.11965754736306769,0.0005447508578350457,0.06480974690894535,0.03936743487302849,5.948830379859669e-05,0.056691245090764564,0.03170578185963077,0.003111733366789026,0.010269941325756789,0.10184579037699754,0.003333155733665772
0.014202077511714914,0.036172082106878896,0.01929273805820297,0.0742911259145402,0.15112363759583192,0.006291699335422445,0.07540091841319295,0.05910830142430481,0.0309140865519704,0.04605727713814934,0.10514990098858192,0.000926352541495685,0.17696164290506228,0.007014852533983998,0.004234605192412915,0.03423289809364791,0.007865244733624209,0.013448517089767416,0.004640989654834145,0.13096586268380522,0.0017051895325754128
0.16826297802185877,0.05606779044212016,0.03574465462066738,0.023532756236037646,0.015415943696318069,0.12053269271944285,0.024616946897920832,0.07320303742287203,0.05994222963096869,0.005790136128527914,0.048851008677831174,9.695564440049875e-06,0.16305553531893577,0.011645375655965016,0.008804489458822604,0.10768429971325381,0.004212868570937939,0.015455634058952615,0.00027701681236942866,0.0554053669479618,0.0014895434037954921
0.1351722092643853,0.0013111704222514295,0.06979346271515785,0.023940776797843823,0.06561077735016572,0.06950117228833996,0.025672191803409024,0.07183217329130279,0.02508241728920731,0.04203755859898665,0.13227584642771845,0.001020376580580808,0.10907775125072999,0.029154112419166118,0.008353938088480114,0.012867104213970597,0.018020519306458357,0.021611603059620683,0.009373398726343242,0.12405148707320836,0.00423995303267327
0.11673952102424112,0.03915541805752331,0.06415828743871634,0.021101553855756176,0.1445642013601322,0.0895631475072468,0.027492100928136726,0.007145456039732041,0.020331400432231556,0.04787841649319141,0.08266779878162386,0.0008915703123677063,0.03864788987106947,0.0388940092992078,0.010201503604792219,0.1067152492169743,0.021694937431459876,0.00368790209035097,0.0055722483296460484,0.10940006238195858,0.0034973255436414885
0.09728240087925061,0.10538151378012846,0.10615230370732924,0.007921759914622862,0.10790401965548327,0.11493464929237973,0.058844679242911646,0.07298814644261928,0.019439305561550446,0.009361166259759055,0.003562447989558384,0.00030513797475325996,0.06001400158824603,0.025798057929163832,0.004363197108384732,0.03115699223539547,0.009951202298957407,0.013068696114127858,0.009528661092487622,0.1388643476337278,0.0031773132991628184
0.13405358103930745,0.07760562200977887,0.08406532620876822,0.0688034014797729,0.002123540463081253,0.03402822991017321,0.03951648692878126,0.08314540341976737,0.006566144378085401,0.035736511769518364,0.0804120961137758,0.00023519733318300357,0.15935940441818788,0.005649032750022805,0.0018670779041374285,0.008449672177600282,0.030303151586674026,0.0026805217443358308,0.004870177907834225,0.13838614326059553,0.0021432771966190243
0.004603576781424265,0.06419426208789164,0.010568077882955423,0.09096569872705058,0.1304778609545461,0.02876853839998016,0.08626471892410989,0.02185120808850623,0.05177263773327179,0.03863060310439324,0.12019567387201115,0.00018745698079100157,0.133967037191186,0.023338355762054248,0.004106759464449534,0.06399901200312372,0.01564283513741868,0.016480090092654696,0.011259178832730693,0.08050254996738725,0.0022238680120638
0.13907370158941262,0.009592044338289217,0.07161502695247719,0.012919997154634199,0.15145124095361842,0.0899303179044074,0.019626281306513865,0.02433087824729685,0.014434901615457407,0.06246744160853119,0.07682925494014313,0.00045544680796663303,0.06726878368339953,0.003406603289872327,0.0039957546236685584,0.07621071383780417,0.023163083973896423,0.022403014801630813,0.0021958177681610136,0.12671261648641166,0.0019170781164075047
0.09311077684868743,0.05853849349859401,0.010307537718369958,0.084993178113897,0.18733723451320136,0.037541646851610856,0.008454160438709488,0.07880066700145132,0.06589105802885335,0.01541212982810636,0.10756042318568176,0.0013767959551654338,0.07676703229573538,0.006102698466488919,0.007510017224156469,0.022535134590301546,0.01738329718651075,0.0038320760003362005,0.009673752915937691,0.1047173354753248,0.0021545538628797048
0.0025685814016646173,0.0019374585276574464,0.09386319182434509,0.05210984372094315,0.08015693545053264,0.028594485961307863,0.07416100944388625,0.12567285602912562,0.03125498262439571,0.0029385561881047793,0.04386738699867667,0.0010852414034867263,0.13322893025947413,0.016268202627572937,0.008656256403687173,0.11140714735544721,0.027600526363761715,0.0065676755997533965,0.008015670150449366,0.14731240934912254,0.0027326523166050234
0.14618845695330504,0.02491097194579235,0.07546992845496886,0.08647527989143305,0.16880274298563558,0.04904603670090391,0.07418950293540819,0.0474385336290647,0.02133974162212881,0.031852338638955306,0.11660554663097839,0.00036843369403448395,0.062474291862207106,0.0028996878749485253,0.009924309324990338,0.041438170039022455,0.003792643804309438,0.018309719992231396,0.0035238389797061587,0.012994289417348552,0.0019555346226270104
0.2116975885440831,0.0772737609076639,0.01409987891340848,0.061179167065324835,0.018017715644735463,0.055936544636595587,0.07937571165306834,0.025515506287836,0.054321484675413,0.053274744600920895,0.08360924746466113,0.0017924116482055147,0.02688527858455771,0.02862040024120231,0.0011968061453740333,0.04718041084324734,0.021077531961509514,0.024198122729997076,0.005613354564575218,0.10549465341143636,0.0036396794761839315
0.11007018494392028,0.05689308241585991,0.005747152255122957,0.07129077267592929,0.05613365496632637,0.06737525962708288,0.048173781390899006,0.031190552218693404,0.06853550552163508,0.03051322594213465,0.013004762104214461,0.00010749948436260514,0.18173904435165222,0.04231430572675608,0.007995792400531259,0.042169477616820904,0.02499530607824033,0.011329699371000914,0.006182475564364518,0.12270948199130619,0.0015289833531468573
0.017108959505387458,0.06856229379972564,0.009552523617409808,0.10637517927614797,0.2378964116882399,0.06448098647801981,0.013031384515385267,0.036352653766380034,0.024301274910413985,0.04482569351439862,0.0864315419097626,0.0012963654542839037,0.01328380436395561,0.04653678893400536,0.009017195273250584,0.06585750060435264,0.018637927225973905,0.028234357813097563,0.0041781067090417385,0.10028400007133881,0.0037550505694286212
0.10211599425523765,0.019884351340090648,0.04584618296213763,0.04100777006540992,0.12652002060617176,0.022403452148330408,0.06606371590625372,0.1003480317196934,0.0525196937529604,0.042054512098662414,0.10758016470765326,0.0006849327659950462,0.02005219888089846,0.003453326250533886,0.0029248265528451956,0.08711341262993522,0.007713469242221296,0.004470961634112429,0.0024370900426003705,0.14342342955883555,0.0013824628794212926
0.0166558442565819,0.06138428824287383,0.007506189397183284,0.012328859356083922,0.13651533342743974,0.10673938340653694,0.0002979724437361092,0.13653451380262785,0.012718941102972626,0.014979778246363297,0.1284879487561202,0.0006689573733854727,0.1650565324890447,0.017877268372526785,0.0037033868299187487,0.08857783880801466,0.007063673557743488,0.018166617743014063,0.0001834525403303914,0.06227090559540275,0.002282314252099116
0.11799728982600974,0.0485107580970054,0.13298160725928618,0.09548090754164648,0.07364313251484722,0.0258034160820026,0.04047189426475064,0.1372779833902738,0.02221541698814413,0.054704504263139025,0.03476238110451429,0.00029487523618397575,0.058492881229240776,0.007067255735835221,0.005784205095138259,0.05347194490049336,0.01982391772910899,0.008972128946952687,0.009120001032580784,0.04989313568313648,0.0032303630797100827
0.10436594638634716,0.11695534840805995,0.1010519077057405,0.010215964326397878,0.1478719846787549,0.01414250316728855,0.02625302919703714,0.1410154517495174,0.012107976574185084,0.05597079072623915,0.028488392103532875,0.0009601184794406912,0.10386815873935776,0.019114562035258884,0.001752424503041623,0.08339297527670327,0.01814840531303667,0.0073049602554134995,0.002194501100623497,0.0006168000222306106,0.00420779925179297
0.13140119645727447,0.05176576268126163,0.0017410403175986244,0.03489910267527256,0.04261826296234131,0.0639896128863765,0.06748822182572464,0.07121867541746893,0.045416218053894314,0.03655352767447169,0.10131723704159408,0.0009907905138620786,0.09465940399710811,0.031100105538478955,0.004727039148456782,0.07323089437494507,0.013614753282815546,0.009605134555374591,0.006307592219775698,0.11518402361210547,0.002171404763798899
0.0892663358704295,0.028339610106610413,0.0398251168678331,0.011212734806351224,0.15330637425789953,0.055604483667512306,0.0331637330055992,0.054078859298609096,0.0026628786543840296,0.06531258489972692,0.18376263922587083,0.00019930668615071226,0.08618532566275511,0.032228814590055076,0.013714448432796013,0.05825567374365162,0.04895290435831146,0.019861504649789787,3.3057664167159684e-05,0.019322878648374064,0.004710734903122979
0.026848250675495393,0.04380275106235379,0.12162066392946604,0.08376272449628185,0.08620721622011969,0.07669363307283811,0.05929074700739194,0.12724856894189632,0.06709890465271197,0.010022373439976447,0.05565339150904058,0.0005824421649661,0.06815140834033907,0.010885418559400001,0.0036256243542489076,0.04799743004983019,0.013422985889790772,0.013276766732467797,0.0016128055237329627,0.07924116172204067,0.002954731655611491
0.0207622568025732,0.04918821745537796,0.1050989145835482,0.05501121337732268,0.030804267544475083,0.08754057229727538,0.035710594513375264,0.13434305288609774,0.04343665324148228,0.049353399419683704,0.09644674845849094,0.00013215862236875845,0.03575077351616641,0.013806299593357241,0.0026499958710709324,0.0689089150489391,0.015585590773656736,0.014675244324892953,0.004238113012521918,0.1336107384952484,0.00294628016207529
0.03536709282316512,0.00021872228570181236,0.1404560511540957,0.07631625434797631,0.03309711090875342,0.047839460643453194,0.05546286560914378,0.12041241009913375,0.07422437534840766,0.005641871678144343,0.14470221144506978,0.0008771662122888112,0.09554287105561927,0.015956036161768206,0.0033658407537540164,0.09983100778101435,0.0009403726121458792,0.02715613137502823,0.0070960760266140345,0.012617715236471707,0.0028783564422505286
0.034450978081641326,0.011991449013096471,0.058687906739427226,0.00019311763431272341,0.02182416532893738,0.01619565023505292,0.024937403366819783,0.11226354688652099,0.03456033539412912,0.038627353793796684,0.23734901471872036,0.000683862466984305,0.12166468728133359,0.017441111873660806,0.011198478353134882,0.051402976009213786,0.023856880490877447,0.026095973373424588,0.015877353349718,0.13802452627240958,0.002673229336788063
0.07547597839629332,0.0033494147790283564,0.10771034689031316,0.09871125320319643,0.09955402616610005,0.05809411982012626,0.015501031370420066,0.055745867333015724,0.019522761675139118,0.038766839540408445,0.08997337560894289,0.0007063533341044005,0.072705812531265,0.01322037241487322,0.003655386553752734,0.10350949199836715,0.02006527882782763,0.014619383410529744,0.007235839870573721,0.09852810436718458,0.0033489619085378414
0.06665872537218337,0.08904031727590477,0.025996448002991196,0.059621292936197626,0.1827096932899862,0.09667917093403602,0.08616357189635489,0.031794528768189244,0.05215108389236541,0.07334521721557977,0.0555720274375727,0.0003551513791145939,0.012079679927554501,0.034876120348700634,0.008996366164382492,0.010245619313245137,0.007954702123270799,0.005294711032658227,0.0031511770399592536,0.09480227686122016,0.0025121187885329367
0.10535369117947564,0.1201225901421262,0.023813335270600984,0.03591130272507944,0.03267998452525418,0.09820303277713861,0.039903301061231695,0.08694392115543068,0.034623033592033725,0.026342102552191292,0.03720438974225162,0.00047475232641843644,0.06056051220420727,0.01849533863069697,0.001277896906312337,0.04126711718455217,0.025968193260421574,0.027192760683958372,0.0057272995886821785,0.1760600898975382,0.0018753545943982635
0.08186843384092017,0.12096219633301505,0.010648383278260313,0.044545082441380585,0.0706148107254737,0.05526930223078574,0.08553978377479025,0.1525045662428702,0.015479262046433274,0.05578199608609723,0.06692529110074008,0.001164305341943078,0.003694137186600482,0.038001293269007544,0.006808503633394356,0.11837996071631417,0.039264842488155906,0.01759525343541434,0.010786550534668364,0.0007825024201907974,0.0033835428735447147
0.07189706459923413,0.03450172591864283,0.04139397478091502,0.10226164743620418,0.04642756980571744,0.04069916549476201,0.024733306367488432,0.08635644974970083,0.02748147994129442,0.07278618632390552,0.00853990648249727,0.0004586723266663195,0.18098136506922619,0.027718233802814282,0.004976829420623591,0.10054000210051639,0.01086875556187699,0.026369070845138627,0.009927106560490102,0.07765988293995223,0.0034216044723334752
0.043345067749252494,0.024427711333532658,0.04173534238867205,0.08878808505065312,0.15673848527791742,0.008990725471357137,0.07419976018671363,0.13891301293645641,0.0037176803695949763,0.027567929272611567,0.06308546077573876,7.562678490404307e-05,0.17363070666072059,0.018570518008862252,0.008873469916432473,0.027825489491706268,0.007566521360882374,0.012143375199065885,0.006285683770326666,0.0717401777089001,0.0017791702856990626
0.0289645369451737,0.137706399697339,0.0014249695671327731,0.10208887431794375,0.08705967386567506,0.05979811962670499,0.0017337793205191966,0.0034081659093117404,0.08647894196118627,0.06726771814872125,0.001314607276525895,0.0008114528796800883,0.2398502099530626,0.029991658879827857,0.013915558149365102,0.0856979034183255,0.03351396741787391,0.007007803781591907,0.009095923581685591,6.930885167620486e-05,0.002800426450677466
0.092733467362276,0.07851365676260272,0.06382133192574052,0.06710143370745175,0.10797111729645915,0.04837775310823497,0.07047428698408714,0.023815757557664987,0.019176486754616057,0.06464724594704961,0.09567757814696645,0.0006638340591626087,0.0748444492832194,0.03264068204342093,0.001061362036973166,0.0467675860546315,0.024246654666997165,0.020952719180444383,0.00453881011286451,0.060060650165898566,0.001913136843238416
0.1527890379418454,0.012572121569110967,0.10543714517265904,0.045584298944298225,0.027970925189975425,0.09907406017661399,0.052309771659941946,0.05679131719538211,0.015112853600144652,0.0500369287893034,0.15398472685802725,0.0014424776897555833,0.08938392424036978,0.029276809571051245,0.003030894419173232,0.049123062418791566,0.0068149102028637045,0.02409597677585162,0.0013410377046268146,0.018603007158061298,0.0052247127221525
0.14740380708806158,0.09576047094363815,0.00042507000513382907,0.014914132205820505,0.0816324849546242,0.048025731254346796,0.04723523140819536,0.01792888809273288,0.0006155024241084502,0.044069710523464034,0.0949474529231558,3.577153141331432e-05,0.13419476755261256,0.0012571828473407422,0.00675538120028398,0.0921282655686755,0.011523625959034273,0.014699726936381876,0.006665218210252855,0.13959652872583858,0.0001850496448848691
0.12580732921198123,0.006973543348733384,0.07456190229700191,0.08355973700518869,0.1431504541440008,0.0032573601252167046,0.04991113653174937,0.03637967353612864,0.03783927730872336,0.06521536659125926,0.10388858361685654,0.0002276741394024134,0.07369897837093335,0.020481298152092885,0.00879410773963315,0.07944949332081039,0.0009038074180835337,0.023808187053779604,0.009523662941480817,0.04835843257954885,0.004209994567395085
0.0440542601196478,0.0290196738429324,0.0549602453676325,0.0709095676044094,0.1532272134241408,0.07895406015443196,0.007747894487280417,0.05873624365442497,0.030663370876683818,0.013933045812936593,0.08478841738249288,0.00042562821751207085,0.07894624539864754,0.030197176359672253,0.002643151698273275,0.06961101485277746,0.020553310751316257,0.014653088321878074,0.005803021874121283,0.14781497579608996,0.0023583940026985764
0.008509758022881052,0.11095217840260588,0.026352273176819888,0.06872135462351475,0.18618512494671688,0.08564483693554313,0.022981146089584382,0.09843834560871038,0.0067130521845401355,0.08078072526934418,0.03816028634332444,0.00033645046055028104,0.029959190193747164,0.002351732165907153,0.01094339556395424,0.12543174193202977,0.0033892058994129614,0.00020144326720442684,0.0030874399607178555,0.0887737474568753,0.00208657149601565
0.10586517108102336,0.07654544501811231,0.11003971930602324,0.02597543302436892,0.06656932119567793,0.06331294227536283,0.02559766338383239,0.1151908025305062,0.014020342362972296,0.01876307624285735,0.09781459448804951,0.001227542530506474,0.05124844683305419,0.021042940737174057,0.0006300019719886793,0.1008702519573672,0.0035667401268893732,0.015115594377476284,0.001865292052043513,0.08119884482499354,0.0035398336797203677
0.09615163646516132,0.11150395342942925,0.07734082737983428,0.045912096729380035,0.04515624467727799,0.07406267596411993,0.0005050399868486269,0.1465521878960163,0.028804349523468404,0.0054343276926789265,0.09122237748337816,0.0004714302677469807,0.031662466203884014,0.014779918671809729,0.008386763255627068,0.02839543501114744,0.024555459721339903,0.013573081587151262,0.0037327369685201815,0.14971656084367474,0.0020804302415053733
0.08823867177095908,0.08825824563903738,0.11079902028322013,0.00759681324576608,0.04828399175249285,0.0214754581956955,0.039686423287473606,0.07335995399473283,0.06369698209826946,0.07309561979965178,0.10084588625970621,0.0008406849215148368,0.04384555828834371,0.021748024637072164,0.00926238542437953,0.1189435539309818,0.002735901139299389,0.004117617777816501,0.0022836238857851772,0.07597872123596962,0.004906862431832235
0.057318393962815684,0.0030614418485227428,0.12555024685355604,0.015780503944722222,0.08465302229379226,0.13298649828791118,0.06482839226957357,0.019278670789746013,0.07478809616920673,0.05215077715361388,0.11706479842468885,0.0007019381195990889,0.152249275821737,0.011086915624846488,0.0015566701233654494,0.02213406639036087,0.017256100885556392,0.028528831347273756,0.006387497785558383,0.008952799401414023,0.0036850625021392354
0.05362904659697433,0.03261905259288434,0.09957030294693736,0.07724273409370938,0.1919175215911319,0.09484776419425821,0.08477055736646975,0.08043726279562734,0.02655272237930503,0.044582800849082255,0.03280296174759655,0.0014607018045938317,0.07677537017497521,0.003427300303482887,0.011310421779840627,0.03408648311596578,0.015617184116445937,0.007343374753776894,0.011402089887964534,0.01579331155124437,0.003811035357733591
0.0895198677756428,0.080350402796625,0.07493621106324178,0.07101614325109912,0.07519705622534024,0.02826396042941782,0.007604089320752868,0.1317129664480616,0.015584194248773026,0.027100326724710314,0.06640783009282689,0.00023001185916629455,0.15861703761218204,0.01057992926698934,0.005791361867203694,0.029635961407444837,0.029691909988710442,0.016256855393753596,0.006036632419435425,0.07337467848455079,0.002092573324072228
0.042872638491073235,0.12941538035698935,0.016094442655286503,0.10574654195264692,0.048681668956309605,0.038401574115689445,0.0238755763590704,0.04454128293379434,0.003055756457941799,0.0564168791308565,0.13029659730682822,0.0012508495129174384,0.2051726999376256,0.008801911734078497,0.0013588113921150652,0.06809529444064119,0.007699823584369225,0.021858618247588415,0.002070591356870365,0.04190696539972601,0.002386095677582116
0.016960731402577114,0.0757357678323582,0.0480887904019821,0.03528266281356223,0.08009147919684216,0.05088152642426637,0.023311857492885054,0.13052697553155795,0.057806848192823806,0.025414020117907606,0.08777534323504689,0.0005836123096717247,0.0992526040021765,0.015848998428021965,0.008957298701722884,0.07497612846817506,0.004164152545018899,0.00779037004570657,0.00452170070477821,0.15065385470962306,0.00137527744329578
0.0355396578192543,0.04424459699999779,0.02684262308368123,0.08017021591457481,0.11907641194606529,0.0576814932546793,0.024563468779220003,0.10028742263152594,0.02326294137729233,0.02731136654678415,0.12690477990057095,0.0002805532309004471,0.17298044933730958,0.008546181465909155,0.0012560095908671234,0.03295770802181403,0.028162248706314237,0.019828084162822744,0.00693138679504898,0.061852757533134885,0.0013196429022326048
0.11090464839149504,0.055734775919180884,0.009208552969855628,0.06734056094378307,0.08030977586335039,0.052743701700481684,0.0542086855714419,0.044047241120728865,0.04979242118651552,0.052930289444742,0.08639586270704298,0.0002013895116895538,0.20218660012322706,0.030172066373585164,0.006822029462881244,0.03559085810148523,0.003410902041997299,0.009780999024658734,0.010263617029002343,0.034454039008564766,0.0035009835042904922
0.07391984682360887,0.06519083289928142,0.10319838957693628,0.08678332817891832,0.10731073782735222,0.03773058005787866,0.021634405293926674,0.032908627500997274,0.004714377943136115,0.016988854262788625,0.11478201699796686,0.0012618948353622457,0.07058391303534207,0.005358391484203123,0.008401811296393885,0.05508644046270428,0.017746241758593757,0.025761123760602724,0.002954191964028096,0.1445015171425319,0.003182476897446911
0.08993704541815936,0.08031544626051858,0.0771448805927444,0.06467346474054661,0.23496868727709713,0.04127371835495291,0.04069027411051588,0.024859000903594095,0.032053275398313485,0.00783190898213949,0.008364508615431622,0.0014489793268897496,0.03792948874742992,0.024012436519238466,0.00034542619027175096,0.01540138639730349,0.0053316148201453225,0.0031683616250512817,0.012379387146065911,0.19472758855073694,0.003143120022853518
0.007112868705082906,0.036619778733854136,0.01890067556149155,0.05618331244835007,0.1569003621824114,0.007213060413659318,0.02905335375148057,0.10291592830612722,0.019903520421667032,0.057345712283209074,0.11861341929127578,0.00044991483841608215,0.16217547836422633,0.0016119012288938427,0.0022513295706004413,0.08858903808061018,0.03032063842914031,0.014074284057102551,0.007748958234023975,0.08037478586962629,0.001641679228750841
0.16970292281405316,0.00664483569585696,0.05379551666636379,0.05029048884405226,0.11463253844760307,0.0765493134733898,0.0321024046904357,0.05018984541511139,0.010616713840835262,0.03743885916861819,0.03972594064537673,0.0004155895248966691,0.08645698744596483,0.035601085216309156,0.00905730238950415,0.012643542238201074,0.028893014144052917,0.015154895621805393,0.009400794632209051,0.15674554766482932,0.00394186142053112
0.003340985807028987,0.00125357451779014,0.0851953752474292,0.06311171948937268,0.02217333090823973,0.11657599968863812,0.0017730641040837722,0.1448661801820215,0.031236906981981245,0.011306325091287128,0.13009286837903233,8.19014381578523e-05,0.16085172275475557,0.007277994664887318,0.004929827747123427,0.08951136130431064,0.014360860270330143,0.009321355979989118,0.00997849646371205,0.0902792892343293,0.00248085974549952
0.020431370256395347,0.006412237944229646,0.03356332617521818,0.017068199957039204,0.14717397139531638,0.09755619836201884,0.07510439618774391,0.006477184478091955,0.006882781765064585,0.020063243064196136,0.13369960296313105,0.001527185873855096,0.11196064765106585,0.02233874651512534,0.0035294314017471125,0.10007214567644696,0.04180772449512297,0.03322466349534886,0.004736329005752744,0.1145910582532296,0.0017795550838602887
0.17696570086640798,0.05368041808987795,0.11216218276146528,0.07768638943213496,0.0883421462899813,0.049950381745028305,0.08423512486083397,0.07407068440255751,0.08043458428991962,0.04308354254817573,0.023534279646441243,0.0008802469919416372,0.018267033441416277,0.026522143283359275,0.007383254189190985,0.018525687598220063,0.016154020502856876,0.02787939118389551,0.0006928347367382083,0.015386965403580576,0.004162987735976905
0.09778609196537338,0.06296357421856592,0.07942682521776431,0.04192625031393795,0.16536258214903315,0.02694553881095081,0.07192351194119596,0.11258632578637198,0.02697810643620353,0.007094926670537797,0.09205861807384637,0.0006203087078749275,0.057399349067357594,0.004367219393362033,0.0024315337323268277,0.0497437248504661,0.005437433911253313,0.004387545200738673,0.008309484334994515,0.07955040208518564,0.0027006471326592443
0.05705776075449936,0.08880199062278503,0.05050660528826166,0.026878352142061527,0.14616610084252504,0.09432513142334711,0.062003627504379114,0.04275193264597642,0.061756027909030606,0.04523008985746659,0.040124747436353136,0.0004867218476848795,0.16816567087101456,0.0171315264212161,0.0021282472279395134,0.029072599609989928,0.030125676111489086,0.014903540483317868,0.006848732185694825,0.012946113838871095,0.0025888049760965444
0.08301542091217004,0.05958615810599529,0.06802881440431506,0.031904536678523235,0.10318488547992852,0.0905310925602963,0.05468065875111325,0.11827307838459183,0.026129145809923888,0.03634167160909191,0.010038450825745908,0.00016254184276665398,0.0660770091426352,0.02974578267490572,0.0009326642309554845,0.06415390805955694,0.013728040579462733,0.006052605604018501,0.008654014598834187,0.12505214561767242,0.0037273741274971143
0.14480898464298195,0.03543815706266088,0.08847748070770078,0.03642374945382927,0.13160946346573948,0.07731596611307064,0.03310087739857748,0.039988959625167214,0.007143678470977239,0.02861671367747134,0.1027615823947745,0.00017439349412497535,0.03359603861801827,0.012238781694204885,0.0007297702505286783,0.07270286456456329,0.028333202647131336,0.0016341095207992357,0.0008082700269955938,0.12096646134470072,0.0031304948259822693
0.10570280258468319,0.0752407075524424,0.04168627061672714,0.0712616773305676,0.12647814871193974,0.08756149746691518,0.024154616231992887,0.11312919247424141,0.0197062946333855,0.0471644986658005,0.06444580678768164,2.806766990643062e-05,0.02648537292466989,0.0015133673477078023,0.007948123951965065,0.06505962438424118,0.013935040229567555,0.011425239918405185,0.004071754384191183,0.09197717689253491,0.0010247192404335653
0.13790520325959546,0.07437732188852099,0.05260125662804208,0.04365587591215903,0.17938185104892446,0.022863495285234913,0.031147730215924783,0.0888868732100047,0.006709639587977857,0.008676704167596817,0.08656588403874871,0.0015059295727881358,0.040645092328318776,0.0014790531371736402,0.01137540308036083,0.12526984289359624,0.042812191456113584,0.0018950393166304426,0.006272413858648627,0.0341327540575662,0.0018404450560733012
0.12212319239250617,0.11874994786110092,0.10397020595702912,0.02822732618355454,0.03132986461953876,0.0740992914074218,0.002525385030344693,0.03222682198921193,0.029744852140852075,0.010629139471619727,0.06431380069818346,0.0008165030492491486,0.24053730542860202,0.013380943035396909,0.00553061280413812,0.019354565968938642,0.018263587576177135,0.015796985014365498,0.007234401506110548,0.058589580250157786,0.0025556876155008873
0.09834359296554045,0.03005841417133882,0.0538467303837866,0.02476315190312977,0.06992997948798547,0.009211265401924438,0.04519988271921275,0.06300680131225293,0.04892993230141961,0.05379999060537935,0.11041056469865447,0.00039061835608440834,0.15259917905060508,0.018630564089924195,0.008553833549717511,0.06427894038880026,0.02239646138091126,0.020230358483975728,0.004908778145274115,0.09756583075726206,0.0029451298468207775
0.11443753261991381,0.05113231214734393,0.07403050659874649,0.07941431782522773,0.024069997339286147,0.019500272551850484,0.06236156672920591,0.07263791419905485,0.04315825644446007,0.002275051926798803,0.07846395235706502,0.0008691463285381357,0.12823752024119664,0.021144362659365114,0.005694258810530942,0.03877938526460161,0.03214737848025408,0.003368773032948236,0.0017581177248593126,0.14436663061855534,0.0021527461001976233
0.0006560225285209934,0.056915702030757305,0.035948576639668044,0.06942129037179413,0.12370905392695176,0.11229684595016447,0.09170594758582912,0.06688316845271008,0.06493388282525152,0.02098420016976446,0.08566694811957198,0.0011742344487823324,0.11271555508135006,0.03994520454372312,0.002170021287883922,0.005005870252206475,0.019774335727112232,0.00799414095404679,0.007022430682106216,0.07179681093398901,0.003279757487815987
0.10761074367183442,0.05360033033182024,0.08432458493013079,0.04129228092500112,0.13124596728891766,0.06754177582174195,0.062380905971806004,0.10264153935943934,0.020671714508733962,0.010361086051867103,0.049088968390292906,0.0003482854526031869,0.007066560090279116,0.025432455886133763,0.008467403291936015,0.08743792659285425,0.01317540315461865,0.016538760238787736,0.0014065665817499064,0.10659385206443829,0.0027728893950140074
0.0025598977001787693,0.009102565480936887,0.10984554362847303,0.05840208562323203,0.007287466418586439,0.08379328783748115,0.02183608716589735,0.06582790838649513,0.061134038233469024,0.04321076688380419,0.11415865639307574,0.00018647506131179385,0.13793011681190162,0.007757376623813193,0.0059236400127165535,0.05090068565651041,0.026351479083361846,0.01788395432390794,0.005333523282699062,0.16803366953186918,0.0025407758602786993
0.15710858425721505,0.10630993765198546,0.05691005205397096,0.04584459532070611,0.13890673694908282,0.06788771790297504,0.031337000148297156,0.09431155419495658,0.03008147978761295,0.000673792140546621,0.0617379091881874,0.0002478063661280181,0.044028851885021196,0.008722803331384157,0.00791925134341078,0.09315815631474256,0.01939210682928809,0.021853850169068587,0.006291870359542513,0.005567985238298676,0.001707958567579278
0.05268379699987543,0.053245214411591746,0.068672355636099,0.06771956400381053,0.1278936585891112,0.01758224720406873,0.0766424885661026,0.06636677259196103,0.002684001720455387,0.04481918630259974,0.12180123058661153,0.0009177038711727669,0.1044560504182551,0.014685902380464164,0.006100635584392169,0.07036074714621622,0.004704208425434731,0.02344539914098252,0.008312907980522704,0.06347362196343055,0.0034323064768420194
0.09695016141140561,0.08291567541014787,0.04957449563211955,0.07425095018576265,0.13387752070542464,0.010205035347269997,0.03744082421112087,0.15202888595432426,0.016834950053062295,0.000647388950315618,0.035351269900342736,0.001281081691492789,0.09841238707203369,0.02642628214286323,0.0039066282352476864,0.1013203424214348,0.03151409382497843,0.006864407198327743,0.006480126663019644,0.031205357200865622,0.0025121357884403434
0.10567725597526868,0.018773887347877112,0.029903865215934917,0.11148242026453532,0.1462022432179466,0.020407871560142333,0.03203678451346682,0.14833442790085108,0.032279114061474615,0.03265308366964974,0.002448294824468564,0.00042795699646858696,0.17527204109543099,0.005082971908380369,0.00953017337639677,0.06191254869376946,0.01467841312968591,0.0027533215968967443,0.006258427227748234,0.043176118734411455,0.0007087786891956491
0.1684987495518084,0.023066095501275904,0.09116800892372405,0.023184524426176925,0.04349744670259089,0.0689824591504551,0.03655691300323264,0.11698518639369984,0.05059945028629085,0.04850473330689155,0.01711472373391969,0.0007747029058203522,0.04927503653878769,0.0008668544076352461,0.002260908486512484,0.09515467485236856,0.010042140270019205,0.014741265907363165,0.005883170025739392,0.13044367890503836,0.002399276720649315
0.18526628888005645,0.09149100848234258,0.09130986905137793,0.0832077664053306,0.038752917475632094,0.007411780194115248,0.00867752051749177,0.08905539567771464,0.08001335288413242,0.004354823707017562,0.014546594648862234,0.000868327714416997,0.03186232080915095,0.0341497819481466,0.005055635912421984,0.05344255929844404,0.0333909749442439,0.004412283714967352,0.011869494710987125,0.12725383081758723,0.0036074722055602585
0.059761427362637745,0.059668434082631464,0.10281141954867717,0.090963356184037,0.08537682580366839,0.10044319902856709,0.07175833185607464,0.06582687921671418,0.0517283371790246,0.002577455977544722,0.0010207578692444038,0.0004096492331789714,0.07775641104144851,0.008230013721374085,0.0018259287215362495,0.05904022683785755,0.005201882863109244,0.015406913900148282,0.0025420928730411903,0.13514000708389182,0.002510449615593044
0.1270046929982602,0.06769246904697987,0.03812102993804044,0.10307282703529674,0.08095418669288114,0.0588045537706612,0.02386122642732842,0.06410186949814216,0.03138997541575254,0.029060296100928775,0.020259145334940463,0.00021916481388094099,0.018979100925807096,0.00743917726552565,0.007280627085843527,0.08636600008126587,0.011802713319657562,0.023722639623083748,0.0017574256843917637,0.19641736506795282,0.001693513873379138
0.16089582235829988,0.0797080507156272,0.06807101466626005,0.007491033516061327,0.11147451737160749,0.00365624336269266,0.06874025233743852,0.10407085744961421,0.037169126760099404,0.02342850852438791,0.0529480223494318,0.0014453048057395108,0.05846950739499444,0.0017604165959791982,0.008096845981228715,0.10797083559335233,0.0015487567626205837,0.01706980713583825,0.007856117191831455,0.07534682285916612,0.0027821362677289477
0.056504456503947094,0.055634375531851334,0.08037651271838024,0.010180255133948738,0.2005942894166602,0.024792116530466726,0.08307929324786259,0.0736076524275603,0.014042387939105533,0.04935829200996119,0.051444720013486024,0.0012047341849224992,0.004245177805402239,0.00444634743701486,0.010597521248667889,0.12048968789819606,0.010696576217798034,0.005923858958881884,0.004013115540170628,0.1353288349516459,0.003439794284070338
0.0016221421488305777,0.10132962371612438,0.11749410528127789,0.06243875411089792,0.019412790118741398,0.06491188124567984,0.03168754821089627,0.04978968264452916,0.04153874717540823,0.017734648232606755,0.08244786255439335,0.00016006363723894624,0.11143239905391206,0.011732833704458087,0.0035228919620981956,0.09628883955647682,0.03150952058536455,0.017711149517714474,0.007712496977705849,0.12684068571955656,0.0026813338460886962
0.025120304900315294,0.014991066085898922,0.09930373806174768,0.06085160266764694,0.04816365691249272,0.023374161273053733,0.013000115468102152,0.0010495919840328614,0.07320896413755462,0.07556356713135168,0.16820491464492848,0.0003580814669086217,0.20930824836188672,0.0411591741005183,0.004432743823735811,0.07445358967709732,0.006590440655474358,0.036633404610874575,0.012164353906839849,0.007694652903354695,0.004373627226184653
0.014980393233015815,0.028460645633803083,0.01521185480401608,0.0870683040915232,0.14947712277034134,0.09731178237581804,0.00779854725409539,0.10922074991026126,0.05623563989737394,0.050783809948642934,0.005572372418957925,0.0010655252753860348,0.18682379994703496,0.010438104609190264,0.008627706888132046,0.08236929176534895,0.021985662727648965,0.025628299613025936,0.0003629865577798221,0.03734147921053802,0.0032359210680658113
0.0436802257247646,0.021006419961443586,0.052413847242400814,0.05926201769327798,0.10022530200785428,0.0858745496213743,0.07839760675042493,0.045033421722839855,0.06511367616605074,0.051141558185541044,0.08360041372080267,0.0004503108101101132,0.13322156142848787,0.029679127966210896,0.0016015600079917545,0.09194483749897929,0.018938827364727576,0.020064199091239937,0.001983888886883819,0.012810646983725082,0.003556001164869115
0.09335499750425907,0.04314469877367836,0.01369714428710038,0.014199593283223358,0.14804839261563607,0.055819109245876165,0.04978264768857722,0.12267886536920894,0.032049843533012226,0.05499919173223619,0.08984772701711294,0.00016162755333401822,0.08091026672829499,0.01081257783913954,0.0030991474976501754,0.0282210844737106,0.02581271931423664,0.01940234231182934,0.002813933369005098,0.10942285473875044,0.0017212351241283608
0.025277247730169095,0.09205166454642079,0.0475226198724162,0.06419585598299292,0.10764631794388142,0.10442016232098592,0.008645906802751391,0.034939112641393114,0.05974754922673883,0.055696466470318395,0.11979954815655884,0.0010249274901632526,0.10712015153290047,0.011889461429245497,0.006499301805702789,0.08249610079125336,0.01893006858524333,0.00590255146702658,0.004830940480926154,0.03832805050270963,0.0030359942202019883
0.048718409231269515,0.03549648101889565,0.0392248018583992,0.07214735921464285,0.13532351164782846,0.07283791274890085,0.06424626283346326,0.014572420146586853,0.047813525947392535,0.015168065124843942,0.0668419500827286,1.824443141935275e-06,0.14042127136627003,0.02173512419719624,0.0034317316277777516,0.050704769766276234,0.012062154426496904,0.0020925372858879047,0.0011574672826383287,0.1542952031957482,0.0017072165536147275
0.17161227180747848,0.0012163478972754594,0.07764595784287086,0.03734471529788187,0.10872395084816099,0.05429300104511328,0.07530031139214974,0.011452636718862421,0.04346900109112087,0.05218960524533023,0.10306351809004637,0.0007086059858595077,0.08700117845689938,0.02365790752605498,0.010115838114520907,0.03739474704882456,0.011154197322237573,0.007826501706289934,0.002865758123125047,0.07904756029757769,0.003916388142319952
0.09712838567218211,0.11111605406917265,0.04595875506186391,0.09649847232303654,0.04182514259210999,0.04759343387957689,0.08286342312928031,0.06917437359471523,0.028712300810388704,0.002810204090296069,0.09013425572364459,0.0004259137982700167,0.18791797856534476,0.009246886647377838,0.00695293490126063,0.017533181190636696,0.028787994178498387,0.013186256642888599,0.004704422518918116,0.015825969780584256,0.0016036608299538225
0.15384595575017804,0.11877366469209703,0.04623647472056709,0.060225688640848506,0.06776047734146712,0.055583718496725804,0.012005545527659377,0.04542204634489558,0.06273347106424379,0.03241223390699924,0.003205234790824424,0.0013154996803063535,0.11466328228236122,0.0006262139106062182,0.0005466178301654826,0.0679061587037928,0.012716981650610377,0.0022477750777610043,0.00554473806078781,0.13459877327397352,0.0016294482531292686
0.011664748322811513,0.05909114864569179,0.1264489290843084,0.05935143048783538,0.006481419074629287,0.020807306554834194,0.04908305664192935,0.026634096460878078,0.011176548171157697,0.021733015715927728,0.0918324426519798,0.0010328892782427881,0.20522018010495252,0.013244765911445354,0.009760411565396011,0.05633355249285942,0.03767787336095091,0.01001416929404687,0.004529937721693769,0.1743860200785566,0.0034960583798727346
0.030837387229531887,0.1310388055979892,0.021015591544889894,0.10655768507463673,0.03482017689368794,0.12276319824720655,0.01572238674452137,0.16432197946833477,0.00536411818371589,0.006857507959876054,0.02301800822376016,0.0013619707607615908,0.132319720785447,0.010631481462177255,0.003258308005160158,0.04022625496752927,0.00029142810114739926,0.01839696713347408,0.008425374193466508,0.12098775488592346,0.0017838945367630176
0.10380420885812454,0.04715198785011567,0.049005272517998584,0.10858732349766102,0.13596268252685445,0.08920831642304744,0.010573847509865321,0.004116695534601103,0.03184571261975239,0.030979370678494933,0.12452666432751554,0.0005937437914019059,0.03517853502343203,0.03128705100145704,0.0111014279363412,0.10363167365147284,0.03206224435330864,0.005635617374913598,0.004773327066183416,0.036970419311804184,0.003003878145653957
0.10201757730469876,0.08545100609063713,0.03243026942706216,0.0047991086890151954,0.11778777790347202,0.008376482212328588,0.055349386806965224,0.11756695996781943,0.03466826059432039,0.05148030018374158,0.05383446614719223,0.00042299705403827867,0.11708697661233108,0.018498000292713465,0.002857770483778022,0.0927661368172859,0.01987219494502339,0.015020183554375888,0.0005451109315553477,0.06607799310900714,0.0030910408726387228
0.08250882504105486,0.086774638974797,0.06039242410295196,0.021628728197915708,0.0879531138943326,0.030302459901140288,0.08362019466600029,0.06261787991182091,0.030847524392624934,0.09101036940716246,0.002540154426145024,0.0007164593742368289,0.19940480899094476,0.026765945864002678,0.011864978705092037,0.034171043862437016,0.028571586085239152,0.005771583356779726,0.010228166595240989,0.037439597148531754,0.004869517101549212
0.0521139194472257,0.07584748023447282,0.10015685131163829,0.023444820811606887,0.19565976665280463,0.007782465075496706,0.07994962098680596,0.03921574712512675,0.04139602743217165,0.07553870839510099,0.04137075138591086,0.0010540974082632606,0.15084259420162502,0.005905572825299861,0.013295569432674318,0.02771797035438336,0.012781584222929392,0.027173130605808647,0.0063545037560755555,0.019172943967465945,0.0032258743671132323
0.04346915224726592,0.040774650961112775,0.11088237139236705,0.022280221559065776,0.0841143827893577,0.019020959164628322,0.007416483805626091,0.027864951453030792,0.03285443419437829,0.05511534054059443,0.07807401742536138,0.00062701224686897,0.1667109920376447,0.03277799529142071,0.007711624994089837,0.0781068873117373,0.027709526935643863,0.0011724450730175911,0.0012603949942405215,0.15788141924157886,0.0041747363409693015
0.16783364485194266,0.03667225275056212,0.03752085385651406,0.007936758646048817,0.159663217295314,0.04625226229894093,0.04475245250888908,0.07002135993301606,0.03810158595437133,0.06612145211558643,0.0832876575911812,0.0004833244092683473,0.013270731706459597,0.03614652325014559,0.0008359923645147748,0.0846286581939696,0.026253941838535102,0.018672736682436665,0.0002613988914961543,0.05882359263683248,0.0024596022239750867
0.10535531368704777,0.092550157439171,0.06395124538689587,0.01666248107251761,0.07983407672651201,0.018807233347530993,0.03312474316197979,0.06323402148169037,0.06535467945780052,0.006978557445297412,0.05876125651900262,0.0005496102123644609,0.08044549975066378,0.03393734404897433,0.008288066684231831,0.04701053125227718,0.02108152662022079,0.0005015991907157776,0.009421202134838278,0.19233381915113348,0.0018170352291340581
0.1520021549645327,0.11922091990494525,0.07145160196680102,0.03505352165472135,0.006802158314156655,0.06181015274328076,0.01999035506183193,0.10119283489411637,0.051989786040890947,0.016402688303346076,0.09611504856866857,0.0009091560798802581,0.09856831779387021,0.037260813277550736,0.00864638532383999,0.028114811286222348,0.013392781279186671,0.016294867015306243,0.007501883936509326,0.05422657063495901,0.0030531909553835573
0.13062914048866336,0.03196801353547189,0.09178968859404113,0.07103123637333729,0.028627349816434097,0.038025242250057156,0.031387755581479264,0.023284301558436492,0.06221005349544894,0.008433285489639395,0.09421655135832573,0.00025684017778179047,0.10892388989053152,0.021870520411421446,0.0025243374661845347,0.08943576880451765,0.034497896698442825,0.023923773466266226,0.0015992487592813194,0.10301103133119988,0.002354074453038099
0.10752149415073378,0.04672631161632305,0.05443345081045612,0.08267154557520413,0.11842132984189936,0.04281042899736124,0.014118946620484747,0.14726902543966858,0.05881904637011169,0.05440246050756331,0.027528240212191156,3.21346075503056e-05,0.09246200133619613,0.01013771838928427,0.006578852606022547,0.012436302707433348,0.009354723559306413,0.027029164993070454,0.006657018784752482,0.0787570408218822,0.001832762052504573
0.05691231713598374,0.09844933692122484,0.09263485580002422,0.0825396433206147,0.043139336581479844,0.01805923692356204,0.056366187524488,0.10076239724335811,0.026149692333711713,0.03847335406575031,0.06911195753147764,0.0011340400835691288,0.0997398459633224,0.015578854946776945,0.006970636941366463,0.005387622328211942,0.005238030566788114,0.020720406333573194,0.003282290385790612,0.1560937415865658,0.0032562154823602128
0.04931887077616401,0.044070282153971796,0.04152138036619072,0.07046141541271493,0.13042081618597118,0.1308523757429355,0.0005068621916493577,0.03194308191016254,0.05299173512529757,0.009558153062137661,0.016519121721485477,0.0015325115481961392,0.14294624008780962,0.042823840934907244,0.007851041324340391,0.08641148472480871,0.018622784378683872,0.006147187135517356,0.012944527672044182,0.09960870000178644,0.0029475875432251005
0.07499430606361175,0.06741015860022061,0.013966305917350917,0.03829788370657007,0.02760901186335908,0.08231381811338168,0.09174321296053779,0.020181661189196686,0.07140354730659713,0.0867386121018969,0.15928067635876864,0.0005385547556344828,0.16297807369868808,0.017848049569226962,0.006906582691435708,0.0009879903593584542,0.03383151650710293,0.01288817871499597,0.0023003090760265904,0.025274557022027085,0.0025069934240125294
0.14038138419605398,0.030400157936984328,0.008072878470798553,0.0022294065653842604,0.11152390533045262,0.08039540457549486,0.04730213714231521,0.020783365848123646,0.007323749659536993,0.038251594263469677,0.08152351445547845,0.00011183209871283543,0.14655588918950577,0.03166004773353152,0.0023504379298674885,0.0590736720862711,0.02699963903068691,0.020454936373067247,0.0011063378871390163,0.1420805385332324,0.0014191706938930947
0.09689569457563417,0.00781561286795466,0.04738608755302685,0.07307171391756445,0.032018370110974165,0.11618339407485122,0.019538100232148043,0.12343109253889713,0.044210032055586906,0.04881875540826195,0.0842901855646175,0.00045426837189154156,0.1304417187761265,0.013468951189315837,0.005556013520727541,0.08122238100792371,0.006722140436496009,0.012864730368512595,0.008031743752121356,0.04458376395130455,0.0029952497260633064
0.06485397278184327,0.011223736691197557,0.10552207256278609,0.08188118032570853,0.021941371563783483,0.07440865253910808,0.009309534482940045,0.11739862696245984,0.03410243296962255,0.05142010826674316,0.1423738090759664,0.0006716186886849393,0.08898978225854959,0.031565393770803946,0.002608013954772937,0.09088582584772893,0.009650365309326808,0.008851766604408833,0.0007569131271671208,0.046581518542061454,0.005003303674336445
0.03653137085888221,0.041689535010242876,0.09674368538703138,0.011666603178934682,0.13143687740428717,0.035855559531208385,0.05774949927828335,0.13724595841262327,0.029232344222034266,0.047708452717041945,0.09914621307406665,0.0008486884670480337,0.13558187018014062,0.03312368354303201,0.010214036424994273,0.06611903458667862,0.003955779256318676,0.013037603935480736,0.003563449585557084,0.004426071947112536,0.004123682999001201
0.08379031484364649,0.07030312389494346,0.10665866597696798,0.0693454659231008,0.08488758986803287,0.11922019242124386,0.03897246874047434,0.003441986045308637,0.03275480267891214,0.04629471714954476,0.1389437850418261,0.0010336922537920242,0.05873073285802595,0.012935828685689267,0.010150957053157017,0.02177974937293607,0.00048297692747162053,0.008816135692310751,0.003150168280346428,0.0845987359998614,0.003707910292407643
0.08250012525014987,0.05134264668702634,0.09325284429768955,0.04814440031359748,0.12078139840780347,0.007949377599905673,0.013817413573893112,0.02406592662934035,0.03284757700954676,0.04581575422667736,0.10979908713790625,0.0003495260194764023,0.1086801906786538,0.00671663831470925,0.0012813601368156517,0.07961946325666647,0.0200454096666397,0.014945976837243862,0.007540186823502941,0.12735665021185222,0.003148046920903563
0.01366978334638974,0.04756307223442637,0.06027881531473172,0.09160068911885642,0.16629007866909332,0.08370271168852275,0.020653438019642666,0.11431187572495632,0.014691102311361875,0.03959573195929323,0.007745306603838376,0.0004752920254395084,0.09334309231114231,0.003311528035650751,0.0038084308320287604,0.003004569984805328,0.015313546700157903,0.03049611749954588,0.007788842019795309,0.18097735328422207,0.0013786223160994608
0.07028399715439285,0.0025381060161806935,0.06545267418444292,0.0933760217226327,0.07866708561498834,0.05745075101122472,0.03597330434133284,0.1241489702687749,0.031144507792262886,0.009926304088794337,0.052822451272521366,0.001015440697457692,0.13123930081789234,0.025854947373975055,0.006136383219033689,0.05673263419766773,0.019943868542596412,0.019287910274609726,0.00650589254184076,0.10838055218443417,0.00311889668294343
0.05704035124833923,0.11085130209256042,0.11184573136607856,0.03532222642520714,0.14550792645653712,0.0023362533351410208,0.053428565690226006,0.03417409315327312,0.03275938113666719,0.0077657345043114475,0.06015364568256214,0.0008369933487822415,0.09245969157772592,0.024937042800344148,0.0035329986683529926,0.08127301489963401,0.036205821341438814,0.017762938125930272,0.00840914445779827,0.08018220764608391,0.0032149360430059784
0.06445057257823335,0.026347546594321213,0.08378209722910594,0.04967733082518966,0.04140652676056095,0.10909543321164977,0.011181934422886003,0.120385204429642,0.01352815129497706,0.06827324140406306,0.10692830725880724,0.001122958383526621,0.007575901126257232,0.004126751797299079,0.00345156035018067,0.07952104735171005,0.03496420397489694,0.010135987694995045,0.007105116610177204,0.1540596644619425,0.0028804622395785
0.05104206354070362,0.08316984846502397,0.014356071074293937,0.08444268654056396,0.1406668753552973,0.10625461879531753,0.013289787516406096,0.03498866044752962,0.029315034737467695,0.013624525733473074,0.06622871537709545,0.0003107115394688364,0.12032184481448663,0.00809124406468388,0.0080393190466338,0.06137433694790273,0.0026122758546855748,0.02059566509009946,0.008272315526481836,0.1317365818235924,0.00126681770879276
0.01879792291719654,0.08674756986778824,0.06255134282136166,0.10169160931195603,0.11450406876150164,0.04892117107530281,0.06262826168791782,0.012668632516937015,0.0493615998806559,0.022175431495914173,0.12309568756654181,0.0012039153516004927,0.06395229662927224,0.036115422214870074,0.008531966683908345,0.02466415031071445,0.003221212446941972,0.02229516595372947,0.0036078067847327886,0.12997060808684605,0.003294157634310317
0.14849812132838278,0.05690822445101346,0.1023011190923545,0.08111665884319466,0.08791936573351979,0.03390726710059126,0.004316201293137376,0.04761802824581313,0.050649306912261015,0.02769512145071529,0.11159467085078296,0.0002523547568974738,0.07303073947146813,0.008060271596392794,0.007223905095709507,0.08400949693006747,0.007127968421403228,0.013574417948505346,0.0006718493601987167,0.05001889300148929,0.0035060181161019007
0.05644307351917595,0.03918929271048191,0.1059320082491909,0.04811463873430374,0.06979288366242484,0.01381404163364957,0.03913153829418261,0.04368158459287551,0.00934130311289382,0.0023960060180054405,0.13271741376319612,0.0003796640870443521,0.16661560484516744,0.029946279244884032,0.003068564168855821,0.04628370753852037,0.01519489956254407,0.017312137484104893,0.008920649447874912,0.14919921605998712,0.002525493270636525
0.14997702748533825,0.05956348625791792,0.10416218423456772,0.04620210477966066,0.026727916010969587,0.022242631080746277,0.08889572855386071,0.11769829668447274,0.007538697930689202,0.03587211747738328,0.1285994890842059,0.0006002125249313601,0.07951462587620614,0.0068323473884259025,0.006918672720783561,0.060551948198832306,0.0011415539964650843,0.015152734219522363,0.008632108348711403,0.0308861313393362,0.0022899858069737183
0.06186861616941397,0.10388118154775774,0.05727696191800672,0.09145066852388321,0.04354690321597588,0.009047996011191436,0.04614324113307317,0.09582869214017684,0.08060583652814818,0.08317870726160136,0.1486172148806045,0.0002063716747122967,0.06302159550635777,0.012516012224785268,0.005710588152475562,0.019991409034954347,0.015647237578718165,0.025386768749242845,0.004416057716670572,0.02851666299561019,0.003141277036640085
0.10241118096276514,0.07565318149680793,0.03718030459251706,0.053214163207353816,0.15036398162402945,0.0921674507050443,0.06631491197951496,0.12068146967221345,0.006246180523085752,0.010665868415816373,0.07693377135299286,0.0005158684306969746,0.11790926839503109,0.014631381302122671,0.0012292831808066722,0.00784438649293095,0.024435286445136737,0.022163017855565858,0.00041816970977095455,0.01664434530246379,0.0023765283533332825
0.13074469539100295,0.04777696533670222,0.0977266784035531,0.01125463006670856,0.13600731905449887,0.10177457234106434,0.07050999834501988,0.09609343320931009,0.04397277706169121,0.028601027301685504,0.05364590370767218,0.00039115276715777147,0.003586155654208595,0.009316771903639042,0.005747023700731688,0.022436342255134183,0.02535929803250322,0.012371974228689209,0.005661679871877235,0.09461122406446922,0.002410377302681064
0.0825597320637146,0.031261987565226974,0.010248933809765303,0.0007591979184642883,0.052584759311170855,0.09071454462054981,0.02009552625540499,0.1565252896410489,0.06945995209898516,0.01033424274787265,0.14033402186475608,0.00027068263095361814,0.0695534227373725,0.0040082188579513185,0.011051216374167448,0.0286425636191702,0.02145191953895439,0.004275502387603455,0.0063492250230741225,0.18872451628626477,0.0007945446475286404
0.0818154707976817,0.09719115956839258,0.07757886115848253,0.07351750760283288,0.07523024868796055,0.043825583142539586,0.023016069998221433,0.09940467596788607,0.044505679313965575,0.03687829672108938,0.11446164396357543,0.0007164692810952391,0.06919102341162985,0.01902241184423549,0.00017167663602824862,0.05232666274127851,0.02314742955358764,0.007359012123530349,0.002928676994722012,0.05477311081955669,0.0029383296717081756
0.1667559498010176,0.00860434338084613,0.08467619068820295,0.058674962068419975,0.05065259221892282,0.08583213783045987,0.08859626057241009,0.07920596030643431,0.034379951160470795,0.04770557824421751,0.05734253494816309,0.00030421698427083796,0.04765263393253283,0.030287440850694947,0.009855051953438039,0.021791396876288536,0.03199404354796954,0.02525526114372487,0.005292600275256339,0.06155204170351747,0.0035888515127413846
0.09530869117933773,0.044327114134657244,0.013969741147832084,0.06408215061233048,0.018004806735902747,0.08324211977844766,0.020044877632213496,0.08336809267054496,0.009700471087032455,0.08725783861290345,0.15506049519616125,0.0009724530217240704,0.04639207168354585,0.010307595534806762,0.006833028524827766,0.04623675898927193,0.0008155821060175011,0.015379661439898048,0.0072619393109685775,0.18917656282653092,0.0022579477750451333
0.15378677910591493,0.05121816078832432,0.08926091401660927,0.047431267833974076,0.01216763475087184,0.08953027192319823,0.01512864153715237,0.05529315677622332,0.03310266975138797,0.03712302761718522,0.05261947136980742,0.0009096488687605481,0.15296180348295835,0.016398595948351864,0.006775985826808267,0.016611025263472568,0.014072987359576536,0.018704603145442734,0.006598481240572404,0.12647832498237024,0.003826548411037465
0.18293664813638522,0.03877219783736019,0.09240885916524968,0.07274279347439444,0.060014241007408875,0.0035796690503782647,0.0706326940739516,0.03414015047308667,0.027716089643531183,0.04688209302563516,0.14292382896939176,0.001410327418045253,0.016103582468787882,0.039013807637361744,0.0006209372590164948,0.08463532669568476,0.017915116473770337,0.011441774849142442,0.005723040489025926,0.04546056064489578,0.004926261207496381
0.05114409258742935,0.032752177177811585,0.1055718324713518,0.019150690534176732,0.1061478487139291,0.023837762132182683,0.021021436555549364,0.07999341607797592,0.0425710573409653,0.06189117924388355,0.1486407826380249,0.0007031826807670164,0.10546347291774856,0.02475358572161963,0.010528381454666044,0.1105752065057781,0.008934067588700068,0.02472066494520775,0.0011066996171138785,0.015799106909955223,0.0046933561851634316
0.21921502914619426,0.10492702480718491,0.02549429670733452,0.11924510973725408,0.12525038683369186,0.046649892879891026,0.0028846058023154694,0.08836104394123717,0.01594221557034007,0.02659448312331802,0.0069757092928865085,0.00010058822162209124,0.04439936875835775,0.0026292846457301095,0.008007233636703276,0.03765416256560082,0.015658244782765035,0.0012280048656136875,0.009330162747708372,0.09919905067738231,0.00025410125686859645
0.09404470673388388,0.071195234707281,0.10069378252722792,0.07718803072072651,0.10357430938717023,0.031488106582117044,0.053735561618328286,0.04898391789113317,0.013911696552598473,0.028382377869679513,0.08131447160650594,0.0011143587205194071,0.10128388489227393,0.025680261539081106,0.010879447239706503,0.011443279031366332,0.012429628721556006,0.01769416076947902,0.008164774174305554,0.10326544548982808,0.003532563225231861
0.13523744516231992,0.007232789772196598,0.06572358198635941,0.02954752276129146,0.12631355693689333,0.09736079678222241,0.025790829462406784,0.11254619008293908,0.023525002891618484,0.023774454851867386,0.03021384054131695,0.0006338954865601428,0.15465529454939192,0.02743697061859459,0.001443132270498335,0.0338932234483267,0.003142987113871804,0.006841539304659225,0.008314719324703818,0.08310484341040014,0.003267383241561592
0.10125875474630437,0.043151277260019195,0.03123855626290507,0.059223179440687154,0.11879723363758064,0.07205556077953643,0.05839930917382138,0.09738617797362571,0.05335877148108092,0.010203668518792909,0.005531131080359018,0.0005382429935956548,0.13412555318321057,0.015592096251294672,0.004168432874615948,0.05876800603477826,0.006336468926935563,0.007204118547547118,0.0066073967181266196,0.11434830926566932,0.0017077548495133706
0.16242258547697716,0.03149525818574818,0.11263730486347873,0.02784099441881769,0.1524923741480019,0.09860165843535647,0.026868999956293247,0.035551196079809846,0.03626355442398615,0.04155564441384724,0.02274902585465482,0.0005143695638262118,0.0003789005940949741,0.04060146983080305,0.003949035436517998,0.09336322431695536,0.035145254508410786,0.024900197770945064,0.00567889875625339,0.04274141206502097,0.004248640900200712
0.026820521619197655,0.07152119646694852,0.038243921425479825,0.10436654749785083,0.07673070353006922,0.03013131006371723,0.06783807651472921,0.10631201562676793,0.014143125442864122,0.03496580296685722,0.11695306439277449,0.0004387324863508918,0.15098974318587602,0.031043200868838456,0.004670407040613449,0.06972422910816016,0.011179714446467546,0.020016692895745685,0.0019926159008486093,0.018438427976829225,0.0034799505430137064
0.018085660939646277,0.021737027957713727,0.09564340117857252,0.04459190586562443,0.08815614420675165,0.09980314191670096,0.014253710053434966,0.04740020009562842,0.017058102372979115,0.04497650630312838,0.13888432872782533,0.0005168691058546412,0.09816630482621931,0.03587874829341794,0.006528898753031855,0.018919218209574918,0.023068773553873087,0.01817149055038316,0.00022838761209832958,0.16329533017484726,0.004635849302694016
0.12821642506905806,0.02431800350740323,0.04388445067504895,0.049634339778422604,0.07150787871974794,0.02144788468599029,0.034447625833069526,0.10706926685064737,0.016434900189746526,0.028806587274866714,0.11125803342339591,0.00036669467265149525,0.0934336766679718,0.0026078198236101397,0.0013886667551725404,0.08458149150393592,0.025270339438799146,0.019375135556083476,0.002235402386600961,0.13236735039644343,0.0013480267913339088
0.20064227504209986,0.075777788659873,0.13552359161671645,0.08974559064370621,0.040630771740115174,0.017065673872177924,0.009005987365484035,0.08088900910671826,0.014284701822131898,0.04622668025508379,0.00988626646079356,0.0010981213922556245,0.07586746406663747,0.014426821777833283,0.009709912336328447,0.07309101933467187,0.024188551222914547,0.029372786124957813,0.009109914919520025,0.03897500850043799,0.004482063739542644
0.014664293786503114,0.030325672087562722,0.08580542691354472,0.0701755787978597,0.14185068102376347,0.06781983462664205,0.02998976251812621,0.09957603814342855,0.04040070998507358,0.009675232966602464,0.15691078507315975,0.00019312355681417234,0.008133152468584887,0.03299704315111085,0.00835139154686324,0.0973977034266847,0.03584456887092701,0.004199693482604668,0.0014937184621304815,0.06117067556941407,0.0030249135425994616
0.02677209956781966,0.022501223244330026,0.03460433146053106,0.06022950968411717,0.08608862643411878,0.09079421667743756,0.062490614974146486,0.11945523296881908,0.050044637606297265,0.021057788814471505,0.08906762156917551,0.000614708109294784,0.1545256853821067,0.009438782222603545,0.0051932100094607145,0.006084006408129448,0.0256281649067604,0.0040292491639786245,0.00479340665082953,0.12492261577130497,0.0016642683742673133
0.08494274113585984,0.007899815782404285,0.053780610384069984,0.031169920460386708,0.024410021557466372,0.08037494687631416,0.04052505837787938,0.08978039293842964,0.03578256781293164,0.056622084054163045,0.11100336352777862,0.0005035604278895096,0.13077159931444063,0.02213132332055205,0.005808837400219272,0.08329988969661388,0.007539288462149083,0.003217792207587062,0.0014214748461847209,0.12627300296894267,0.0027417084477373804
0.01110821172824715,0.007937762397848788,0.09881596996317095,0.02932119176433889,0.06089690223500466,0.08957226624892815,0.02894554430877618,0.008750308556467433,0.039284001079118586,0.03969374258165281,0.09253823056650783,0.0003186054389440093,0.12442777612437268,0.02064153754073468,0.0048630332359276916,0.07488273225397564,0.028830887510574145,0.023449748094283955,0.0012222975583426792,0.21051293009598998,0.003986320716792871
0.07629211737011188,0.059773634046597725,0.10045205958841788,0.06030951487874934,0.11088520815171658,0.01650200391231978,0.0684716959675345,0.04548002013895366,0.013952973918125807,0.021444906048134715,0.10951835298945081,0.0005655442521005402,0.17886756660122272,0.0297331112620918,0.006277691516296389,0.011919045994124437,0.03065322740501062,0.003922486420006613,0.001258525260038936,0.04999244167780398,0.0037278726011914657
0.008148636214492397,0.0386052127030498,0.11674394039313983,0.03524500963614254,0.09646926421673682,0.06583071801797209,0.01999520296158223,0.14970483294137915,0.048538938656694286,0.04573851527663608,0.13151262436643754,0.0004699437173598847,0.029666171569674646,0.030442028387688527,0.005034386772154166,0.0035294981923883373,0.03169926973312836,0.016922160811287622,0.0028968371466255452,0.11879983687249253,0.00400697141293743
0.1370447320238596,0.032055825607605365,0.11123305656172709,0.038115358250904424,0.0010216048300889348,0.08131104662784851,0.0628181960613566,0.1549766136955484,0.010131201070415149,0.04437267694644056,0.144976358700226,2.9754991724828056e-05,0.09513177028955865,0.002150446001081321,0.007488195303835133,0.024675459594966614,0.022635529454140334,0.00017711864649660252,0.0006228535126209869,0.026070732447049393,0.0029614693825056764
0.10606229558390182,0.09847094857670743,0.0009569038439268038,0.07584708769561542,0.06331027938251353,0.025493973194547867,0.06326456064171607,0.07548900497585447,0.04810033333669053,0.038713873794469354,0.014221384770653727,0.0004775700056578794,0.13368049383771136,0.033083310320635974,0.007433985852390566,0.05446683512187417,0.029501131517858988,0.0031463884334862412,0.0037573886496252303,0.12250011432808681,0.0020221361360757174
0.11913538111032808,0.07675782533576937,0.07763455414754081,0.03421614951037631,0.05329999936257116,0.10167897610175519,0.0387655327996182,0.08985640818914661,0.024640095653889072,0.047708581273030286,0.02783662273855489,0.001210533061688131,0.10866727931008083,0.035217161822341976,0.008269591216428264,0.020562789706229646,0.016071905173729934,0.008293882675747245,0.007734712676378742,0.09826395942802107,0.004178058706774003
0.12833604584008423,0.044843885017535313,0.08747945901810861,0.047618821261984426,0.06000104258870509,0.07481244564098884,0.06071930411490692,0.08354970900679669,0.030890471378633693,0.00033326593056320333,0.05340453628965104,0.0009264087000634765,0.12626669267944066,0.012216032219571168,0.004040342065723644,0.04581778230742111,0.020591893559376594,0.0069790376728651625,0.002717419027814443,0.1063911764195492,0.002064229260216647
0.034706168547871175,0.060524391200491634,0.07969543146529673,0.051708207970658185,0.12438839880113078,0.09333898454466,0.010261425718018623,0.11339478808500783,0.015669541894866194,0.03625415811788824,0.10941125597005251,0.00027583605745406175,0.08473925751464191,0.029934742606597974,0.001328975180051987,0.04513190956827297,0.026706078419964162,0.014873467762330658,0.0018316997293888549,0.0626348249297977,0.003190455915557942
0.0066219685686404305,0.023321700112574312,0.01756366154727714,0.02897695097960499,0.1835270733232627,0.11974574981081927,0.05006230458264505,0.08980728860803469,0.007119444221905957,0.026769804497705205,0.104095147903992,0.0014005662695636275,0.028752545571650266,0.0063272597354284065,0.0031877259742763724,0.0782975771717414,0.0348343745311592,0.014503618384873483,0.006381620364533423,0.1673314458437645,0.0013721719965477277
0.020504928877169308,0.01999553258515572,0.1251055126102774,0.102337745123713,0.08325515612130309,0.0337802543897905,0.08623868495820837,0.04210442765373917,0.03412305497870009,0.05269675044965469,0.12493913400201642,0.0006136134368733676,0.00985829323288126,0.03430921378721817,0.0042079964852126525,0.053630840211812275,0.010022999616545576,0.02017306989439478,0.00029933730664766624,0.13580879805274101,0.005994656225945574
0.12092762941498916,0.03171257683910428,0.031105777707038214,0.027070512627221797,0.13191072997572478,0.04818340710307331,0.034118061349299775,0.14017547198086563,0.06126362459537911,0.04219154652364859,0.1356674757307397,0.00125868125226838,0.03874585346497735,0.03191375261908282,0.009256093012773314,0.021041749377574002,0.027235331450891524,0.007942824124787869,0.009665799898989781,0.044285369555126144,0.004327731396444467
0.14347104566683486,0.092049439465116,0.027591515018457437,0.08851488593010712,0.06953491110914088,0.12460678997070093,0.03872161577874362,0.01555327196227089,0.03164209739565129,0.04998671162738556,0.033329453159096356,7.193973816101349e-05,0.09322314931172007,0.01899396498406137,0.010300361190141504,0.052514754224572836,0.01343330420659162,0.008349929333454777,0.00807565901111519,0.07730053137482461,0.002734669541852051
0.06000865806607405,0.025087399459429144,0.0689592600552061,0.09297269209578221,0.03505559450597494,0.010509895917781214,0.06473660700916427,0.09117006164174246,0.06943356100876284,0.08058261866422421,0.12545796201029577,0.001374858877940608,0.05661088253558072,0.013587643593560518,0.0026281667358010754,0.02498422817001059,0.03646880475580998,0.01808713818267427,0.008175265324533214,0.10970287834085285,0.004405823048799203
0.1107360440212082,0.0666869607807118,0.03448046213103925,0.04049711373454729,0.10533155124203028,0.0802414005917598,0.051415331568660884,0.06173959678603996,0.03189293683668804,0.008570532580200596,0.10232948015560783,0.0004691046037673965,0.0840623107343016,0.02542348048568993,0.004563029541348006,0.04265028449886801,0.005548017481547107,0.012061504883451717,0.005621893000415263,0.12353973280544893,0.002139231536668044
0.014475047983492861,0.08527536744066852,0.013894396815443896,0.09950422384077656,0.0746135613089597,0.07965615814186192,0.060843538120567475,0.1044194063546792,0.07520282669917928,0.05098524803114494,0.04345043785894839,0.0002647330644287114,0.024419830909632432,0.011468496115373036,0.010503015540186561,0.09543762256799927,0.035085813692266,0.0183808543118525,0.010241177848318976,0.08993325199116214,0.0019449913630576615
0.1658053181517878,0.04911518555661051,0.10868494436562562,0.004359818859819453,0.11082161791733586,0.11735158623541118,0.012112604811198786,0.0005752386016125992,0.005430131073249873,0.060285319189964784,0.0071121548730643715,0.0008138298777189021,0.11567942190562039,0.03212112874088054,0.0061741952249341776,0.023227718695300655,0.012223090200617152,0.004770964463956107,0.003111664690413171,0.15569412523988913,0.004529941324988861
0.05208404417878758,0.10333147848105093,0.12684854734683793,0.024397860631193237,0.12787245755432602,0.08488113645495395,0.053601910742666035,0.101744176469948,0.0325883104566356,0.06583772406190867,0.0319719911371176,0.0015657888195992134,0.03919920463821742,0.04360834152770171,0.009735590613077843,0.018033268872598696,0.011491014964891197,0.0009106053346217471,0.009820660108637464,0.05414219603890317,0.006333691566325946
0.20040480425579138,0.02661777136491629,0.007491303322614296,0.07668798250251921,0.06397917986841008,0.09536188581120215,0.04987882354775972,0.035751196295033164,0.05484931656741003,0.01981756485372616,0.11152417997760866,0.0014911221494845904,0.1852254567214056,0.004799572152991327,0.00040339782567629047,0.001307290378532098,0.004146307167853,0.014379457635644802,0.002842695830688744,0.041276668845062224,0.0017640229256702437
0.010390863048667176,0.12670221908071022,0.09494596307182021,0.02713723016495167,0.04913889665496335,0.12649710290751462,0.08280150163017476,0.005502686516942328,0.04676693620502011,0.07349515560964189,0.05514012337601945,0.0019105188348263547,0.002299973022165396,0.030161543955522802,0.012267428239528344,0.0792328809177486,0.050220935441601625,0.016859906228667964,0.009872789622823437,0.09422989382602769,0.004425451644661907
0.028666464943284616,0.011303005133517317,0.05811728745465802,0.08473950207870533,0.11393822354119439,0.08449830348140099,0.05411434036426091,0.1293819654739068,0.02495039266218371,0.027866615232695808,0.09810091940027338,0.00041651645862447853,0.15549120223260163,0.03158715910044949,0.008201937801828318,0.050605150184534466,0.00222726585456667,0.022594767234844104,0.003862358641145701,0.006753016898071192,0.0025836058272526528
0.0679629074493352,0.041052101699614395,0.08591328860109498,0.07193838450952567,0.10656618597892115,0.005149944297425267,0.03067288662960612,0.12955749525794436,0.050580021237799234,0.0036477969444369917,0.049862816875563265,0.0004898490469242933,0.13213617517083845,0.023366079673162343,0.007351441076021172,0.05072328144529671,0.016235957933380764,0.017979979640203765,0.008155042988183477,0.0983862433470065,0.0022721201977157204
0.02556047179301298,0.014998790707941289,0.11555381283949664,0.04045466583451905,0.14504238857042073,0.08430132193203473,0.04563775914528414,0.11712442328869725,0.023161277243508388,0.01829203802660569,0.06603955172939979,0.0013134880526080963,0.023830841153355566,0.019700040880488063,0.008903130306758265,0.03257638807376403,0.026630200874318177,0.015784344857153135,1.9708576309664147e-05,0.1706481595016526,0.004427196612671833
0.11282461933549809,0.06396059680863457,0.04812653346201925,0.054757464300071695,0.016547834249983146,0.07121467457754303,0.06213445669145978,0.12769287022667597,0.04148454648383016,0.03158667706233992,0.10361897087409423,0.000643675790358632,0.1290748462097729,0.01612384240093929,0.003469631916530439,0.02927085947637476,0.008639177701922844,0.0050148601028344895,0.004173765070277077,0.06742880018677871,0.002211297072060854
0.06577976914171003,0.09208269992404818,0.04209124331000748,0.0061856710453945295,0.1469632656402752,0.10970581471293503,0.07403392532358294,0.11524405094573847,0.0066894549761624955,0.05119524846520165,0.03822488414280714,0.0009757794216747311,0.03624280426865845,0.004855816905740473,0.008803360406247338,0.023212238083170536,0.03645910895480602,0.014952245430175004,0.006251513844084427,0.11771354956505277,0.0023375554925270476
0.03990444128554533,0.06318744134366316,0.09559878638173562,0.019397148749768375,0.14376576257018436,0.14315155452723283,0.05658626657450917,0.07988334388843271,0.05679510166103299,0.04551204521938492,0.04891646742310294,0.0003919481789936098,0.04346144393162684,0.026184262656223697,0.012594525757586812,0.050715225217404576,0.02523541311911097,0.025476822024312805,0.005114540508416324,0.014664888566134304,0.00346257041559766
0.1089212821864976,0.05480736318493065,0.020127329890980112,0.06754428379673265,0.1036018195694254,0.004628934529784399,0.037795875051779323,0.1268652957940998,0.0024753986885117573,0.03385841992297663,0.11931722380921832,0.0007752591846161994,0.0782885136443227,0.02785819899971252,0.0025306641009988987,0.06816778688105112,0.029083073990232716,0.0091765160121883,0.0017337821982241375,0.09936333946017742,0.0030796391035394412
0.10846864332913203,0.022678907297508363,0.0005056756068599365,0.05386159851310764,0.12845152221382478,0.041861947915930814,0.06877487257469359,0.00927894303243381,0.006605024064182436,0.04021939748212686,0.17785624538438788,0.000423144840921211,0.02943320752979244,0.005406369656758097,0.006761840193771579,0.10968710921029112,0.030633320690926873,0.032011511045461925,0.005552013482552173,0.12061299760993971,0.0009157083253967449
0.12973643134224697,0.08028703918600602,0.07173096814080218,0.084372067344608,0.11420593937374562,0.02098692087411976,0.019537939843489092,0.07267391540671932,0.01815768245728228,0.028227239279974937,0.11165279703923593,0.0010680973212219814,0.11030273283911185,0.023581965875932434,0.002282271961602823,0.01655942912626653,0.013060360184115317,0.021043030870350296,0.00317255357383941,0.05388080951004141,0.0034798084492877386
0.13648998099321777,0.06038835568336786,0.0010853487169331718,0.0652176959883327,0.04882837474590659,0.09391616796890113,0.05200199686153749,0.08421785981061874,0.013707697818869142,0.03780931913474585,0.015168995108430871,0.0006150345558545426,0.11924022454053049,0.031656002134570746,0.002840653043065148,0.07017200693603697,0.01361930704162448,0.005903114854372314,0.0061531051596606144,0.13892262585871207,0.0020461330447112893
0.017340543835016493,0.05277792731588775,0.03554777408746338,0.11181308745823916,0.07920671100096532,0.10308681957523211,0.024743418286049746,0.10555258882092483,0.046677429871397426,0.05066873181272762,0.03193281686723218,7.54491771008544e-05,0.0844641455582306,0.03542701917348953,0.005597587762225456,0.0015833626128828728,0.030403704498199683,0.020957326742300664,0.00554386412720693,0.15399093506986547,0.0026087563473618913
0.16649216278521572,0.044060784521228004,0.05035527759367703,0.06401775155494605,0.013763859689275302,0.11667047576040517,0.07527181518449368,0.05274289170768599,0.07148694929593338,0.023183440503917453,0.09343870934493358,0.0007160193302376453,0.11337594922158965,0.02540237881317342,0.011076843122494583,0.011333169667699726,0.0285322338696738,0.0242203713738358,0.0012531181293029044,0.009397661423705754,0.003208137106575309
0.17905150205505949,0.056324054864993686,0.056441931052535116,0.0031926151017307638,0.02310138629385525,0.014506448235369881,0.03116430460925521,0.018135735349245532,0.0784722640505271,0.047855849653928535,0.011669422685932575,0.0012213154496948074,0.1301480368084068,0.03264825544509564,0.0033160011696473733,0.05630155055035555,0.017317885323748044,0.021039995638391568,0.002942173523794688,0.2104974081221369,0.004651864016295719
0.062417753838772176,0.10694783914377107,0.053386053698121376,0.06147475136080929,0.05559252188858554,0.026529580699090526,0.04979066012600945,0.12467959094332882,0.020294008031467203,0.023492750893045554,0.11002234204057947,0.0008237095272124911,0.1377386722284644,0.009167078291328547,0.0050288263039878645,0.09770402890982409,0.01627953435610679,0.0032267523574367805,0.00834903888817373,0.024764107445674987,0.0022903990282097794
0.038308571845181,0.09418513181766232,0.006827183663823531,0.07981842075215519,0.1563542663881959,0.05926654911546443,0.0560833046062474,0.06948980448336106,0.03813517914939508,0.048514782161128346,0.1164316928821271,0.0005290471495763731,0.030441868589529023,0.0029058723525810983,0.0068674955917841065,0.022564580398999393,0.018808056693387188,0.014041747360924775,0.004478201449228412,0.1348994942519314,0.0010487492973165998
0.17013011782484885,0.09103058893900459,0.030078142108215633,0.08702457285627975,0.16528615232399815,0.05228713067527232,0.007821727715516385,0.03960659721881183,0.0024146490095131967,0.016149419719258346,0.0541448225839071,0.0002215313637139611,0.04660455107229731,0.015990138005458832,0.009655794854420285,0.008813748414831166,0.005966384394971778,0.024602755861769115,0.008590909237792026,0.16177932396600175,0.0018009418541177723
0.0513091186110764,0.09085305461272954,0.06019578887404532,0.01125592998334889,0.12994139850912487,0.0702368167740781,0.04177625617021265,0.07460230674582413,0.0204369372157592,0.0694487372399305,0.08019988997617276,0.0005809276539842238,0.0993987608266071,0.01977993791257352,0.008866242468891578,0.0267516650149617,0.017657338312792457,0.0005417258685620397,0.0012579939747979902,0.12066570526791968,0.004243467986607075
0.08718274859466128,0.006440041330047283,0.10580521166315722,0.08656820494818515,0.14004112239993563,0.028743904999877383,0.0046029959704836955,0.09778827271174989,0.057769966106857196,0.05661198871020409,0.015822567820009986,0.00020349994660972577,0.03824869816528599,0.02328977563930864,0.006311668275204668,0.052757096321101225,0.02547079845675072,0.011185488466264699,0.009224867511258993,0.14156123287058361,0.004369849092462751
0.17282973681863506,0.07914225806350157,0.07848290232100043,0.013143615295255363,0.02182347769453485,0.0959546287593546,0.08439743102290048,0.08362998579769862,0.04957997293555268,0.05400220332986446,0.005790141538012756,0.0012983455648200534,0.027393430856642458,0.0035346832802732827,0.00310887204059165,0.11551945627258149,0.013044178100784759,0.021950584921362867,0.005277280234807491,0.06755904425858764,0.0025377708932374328
0.09817137749068436,0.04456331607959882,0.07378969698339652,0.050161470101745195,0.1584656925359783,0.03770902876007577,0.055324323141143106,0.052195218101815766,0.026713778740694024,0.05772676688459077,0.08260787863604503,0.00019292132365906432,0.10084138832962126,0.02680480156965801,0.007129412560859914,0.05234770186743245,0.011281929266363464,0.010554920088545292,0.0023657981404019614,0.048189998502615405,0.0028625808950757496
0.14731492881950248,0.07063412775793472,0.03732035094906473,0.07942908444417104,0.06777685262457424,0.07071464640231688,0.03814122565866866,0.13843681616739326,0.0005523947685920539,0.015659187395535838,0.09591658985102651,0.0007226217422664765,0.004914638726030517,0.03515687681959232,0.009533001767541226,0.0395941688384956,0.028403953984296376,0.008293838097301342,0.0026713580761399416,0.10611189361710874,0.002701443492446928
0.062283822407210095,0.04620728422732992,0.10179430635645899,0.06998911726884353,0.09539566150169396,0.003555575076405654,0.003956594957541884,0.07354755312756169,0.03382620151285472,0.07676034456819893,0.022837059294320113,0.0004918781003884528,0.151682356886241,0.028599389938455556,0.0049032348306733125,0.0989679685944347,0.013402336900685085,0.0011402094734917188,0.01018996828430837,0.09605287773851615,0.004416258954386117
0.1522570710311925,0.01195062102612452,0.11196902072815369,0.09148670064267794,0.14044159760987757,0.09926961140111204,0.040589090133787066,0.09300339348205239,0.002231892653551915,0.02275932513561445,0.0018943458883618712,0.0009775523166508282,0.12443924699078389,0.027416311634909873,0.00023400930116766804,0.031138417430616554,0.024185018564128198,0.010692402071979348,0.006356822290041469,0.002924075842043378,0.0037834738251731185
0.04755825859942371,0.0703934709555429,0.04684053808978926,0.011205883037392183,0.04345291356725721,0.11053630156167299,0.01615472927393645,0.1542089312487169,0.010851566851363157,0.04563514736856152,0.07085897208152359,0.00041817749389263354,0.19946693966210466,0.020711606394234253,0.007271765008279462,0.03908157481887111,0.027481198435939214,0.02852751280766614,0.009282456286613979,0.037416549627041724,0.0026455068301770614
0.06519489671789114,0.013241372230468475,0.04872141579432473,0.04462711363199115,0.08652528181367274,0.0953805695357794,0.048347714501681474,0.1161566211082436,0.009001930729595682,0.020230483742595253,0.08158491554487492,0.00032629553858838477,0.12689160402244073,0.010103439837814086,0.0033194729491353926,0.07187307347122675,0.0006199576526839984,0.004252675836817763,0.00528042211203632,0.1467780703469051,0.0015426728812329262
0.12001979826267127,0.017978847741630947,0.008075840643023798,0.10800814784019225,0.15864073203558723,0.026577875063657354,0.08048760155621583,0.05360113581522876,0.057044808321394726,0.03126005791557531,0.1396496738364593,0.0009610221855568448,0.03964804338371832,0.029658552031370085,0.00805990169642539,0.05757263519635803,0.033493297954761074,0.02380657376509602,0.0018115110415010752,0.0008663409968452059,0.00277760271673135
0.07072807405316449,0.0610581513194803,0.0984027771036358,0.11187197573099068,0.09839178410499157,0.013984385491021382,0.05760205487994386,0.06827855290006463,0.10115246668691541,0.0013072485078075141,0.018244854211601595,0.0018939531722242176,0.04657185437030134,0.02870408134367209,0.005418657167334152,0.03138045502565097,0.04495915991661702,0.03658451692652744,0.014427652287485227,0.08457775458150449,0.004459590219065868
0.07375654411084884,0.11229706372055247,0.08053181740249889,0.010587352323253273,0.010629536008146834,0.1309789797820223,0.08978440512056264,0.0021778268267708257,0.054305466818361854,0.08754485750887687,0.01689250048131507,0.0011288759832009537,0.016896985764143526,0.02897431323739897,0.0037048864748821667,0.09425710934280933,0.0011688179993049979,0.031437740495729054,0.00794129501197448,0.1408587102385068,0.004144915348840048
0.14474442724958117,0.08711741067880815,0.06626266882310437,0.05267189139553611,0.04663426629122039,0.00852367662793925,0.04142842715004459,0.00545886117954995,0.003042710082962525,0.027001353408805853,0.13165449867078263,0.001374512238518662,0.17058059662209046,0.011337305197688384,0.009494299711693249,0.12347621263247534,0.0011499925905856623,0.030104499554373235,0.006142479007036311,0.028947687680353756,0.002852223206849982
0.0437683942981017,0.07986163917724895,0.1383182922480388,0.02522398554232255,0.015003712047129457,0.10301241608442901,0.03380931879544026,0.1341063910067726,0.06268276218503076,0.03471940836549062,0.05161713422906842,0.0009398369298538636,0.06337807389293117,0.03591593352880448,0.003720463576615555,0.041476777811707236,0.004553009643050659,0.01579031121996916,0.009200561514924238,0.09785866729321036,0.005042910609860261
0.03993122377031282,0.0864259751917588,0.04666688552002851,0.09661645387092058,0.030308652702725657,0.005578770503764722,0.04739303846468846,0.017859664468702713,0.06730162966394163,0.011560312017337544,0.11864831960306475,0.00047237361596791215,0.1060848831003831,0.004495585728178604,0.010842039119423502,0.10610664767226867,0.026560161139355856,0.0036078020150616644,0.005507809876703253,0.16684291776462387,0.0011888541907870908
0.16498632592554988,0.027371487376427556,0.012843050525331134,0.0762244390114443,0.1658841679029899,0.09596507158401074,0.028483677229385475,0.04770113899467057,0.015117876216561,0.008994202940770642,0.1340272444116946,0.0011405574453805737,0.07665641883025384,0.001085356468914916,0.004417290799770952,0.06622787922045081,0.03178166186498059,0.005864474640006907,0.009361735567987447,0.024198178382642144,0.0016677646607762013
0.12034697166977172,0.01932233951797655,0.022045947542171814,0.055056980047586246,0.11815375591008755,0.009131103590623205,0.013992603547362063,0.05427411072067601,0.02638379135535203,0.05532766430092591,0.1171941902564667,0.0010094426383898771,0.14022995652815237,0.005625633422932152,0.008443056382682466,0.06556110341111392,0.021023203667526028,0.01921073610817577,0.004849108026334376,0.12103774859756099,0.001780552758132188
0.12090762920186612,0.05626139698928981,0.07314436603849706,0.0778461420229554,0.07438498862236871,0.02906601896974439,0.06141742547048345,0.08123727528739497,0.005468444738056815,0.04309492566179625,0.11266730651076856,0.00027288820486103877,0.13444781584558224,0.015962557034981135,0.00312152903224589,0.03985825708538856,0.002316568955532785,0.01481359287182277,0.00014172915792779733,0.04996807174070557,0.003601070557730497
0.12902246142583965,0.026843637826214066,0.08710769272469081,0.09235595252119225,0.02680255742965864,0.07444452203719673,0.06710727063698695,0.01874785306652821,0.014721464104438833,0.04575209766102911,0.019391243842691638,0.00044909134370073415,0.12970933018663972,0.03439668008113572,0.008263078264351544,0.042213571576593494,0.0046459546367548605,0.023993671308690356,0.006851313274217473,0.1433373466651248,0.0038432093863243508
0.08461936245799356,0.024497249974801304,0.009907023531091541,0.04390713463377038,0.049174341383678405,0.07445705095783452,0.0004173329057157867,0.12412854117382537,0.042399987781172176,0.05927921683216599,0.03797554491044091,0.0010257138310166682,0.1876605872177206,0.009271789170788452,0.0048575257381253895,0.059527226566840535,0.026557426838547202,0.00238469429118064,0.00681297870409,0.1486851361957359,0.002454134903464354
0.17195965335566077,0.016985490640900963,0.012442200114018559,0.13433701861910996,0.04829083843429978,0.02562481859666122,0.10596931821220733,0.052862662354367596,0.03850404972116776,0.05921640164734035,0.0195308854624637,0.001613330794225879,0.005901724406451384,0.03146099121312526,0.00024848206152515645,0.07805404204865996,0.03335608221287589,0.03895596647851114,0.014289251269088544,0.1055120685190535,0.004884723838285144
0.059834607382503534,0.029195586908687343,0.01187641767239748,0.051430112961118386,0.15444408036670773,0.0493319315772692,0.04744634128283193,0.15636824599357985,0.06728099233519214,0.04101353554819604,0.051108292965992404,7.074163644531863e-05,0.056510360294531034,0.0010974246677064713,0.008831601278417043,0.015314903389752247,0.006790080541089245,0.006547996601407809,0.0014603968301717704,0.1830876102207118,0.0009587395452912745
0.14268373106817805,0.11128577797841431,0.0634989999869956,0.02619422639407905,0.18348610860078135,0.03679264433477738,0.03534700010172199,0.12064908843406706,0.03542512626142092,0.07823532907293332,0.004691375705224888,0.0005567241477447563,0.06965614733208408,0.015787647286658324,0.005244074978897643,0.012253896286126486,0.018422957827944588,0.005135478236047585,0.006841398048429715,0.024365363452722822,0.003446904464750478
0.1574272323465119,0.11039266377339574,0.01212903856866056,0.027596586920847734,0.1030478154088608,0.10815020158898214,0.0608758897036638,0.04140717502383634,0.03199411860494541,0.013662077005516441,0.056688266349353936,0.00031771362883962714,0.06828439318424157,0.01462236360441444,0.006769044387418927,0.0723144063763983,0.015288778859942708,0.003029420741519519,0.0011976155151816534,0.09340743404641373,0.0013977643610549539
0.1490843136560285,0.017542261074389044,0.02815640513753443,0.08628898929847563,0.19216714775271684,0.10318155786719072,0.03254219511047064,0.026775797769018197,0.03906562170782127,0.04370779119122355,0.06157505084183215,0.0009947306566560497,0.019358438017296965,0.002964297833317983,0.008143883657384672,0.02225493063638237,0.020481835991505642,0.023559162985120154,0.0016315977188306782,0.11881682479640143,0.001707166300403131
0.101537342879806,0.06913376767780284,0.0512942728543456,0.06916498021222638,0.020579626829527124,0.07957612337574069,0.03994017136238425,0.11730903213902166,0.05812984550415655,0.01661957344418419,0.0520028273592415,0.0009668576258469028,0.1543445820381338,0.034107241972577196,0.0033882277533473027,0.06303831189617007,0.019543589181179013,0.015125476519546866,0.0077229088064417915,0.023215059451766187,0.003260181116553957
0.035039886944592584,0.09120371493439317,0.022631356457831067,0.022431226734749656,0.03110680038016891,0.0969388663039286,0.06562422871200117,0.1412718412986389,0.0671301760909321,0.05721534357946857,0.0555063915545552,0.001149108716267136,0.03720338893915799,0.022729292211557228,0.00631286401620888,0.057273415200270475,0.007513697566848287,0.0010708227055522307,0.010626290872106588,0.16575674422735964,0.004264542553411719
0.13560455992723638,0.041198189485964064,0.01177120091823065,0.08134263042011568,0.012669323755112982,0.06677987506351263,0.07876563988989904,0.10857172196636285,0.06902459753983785,0.07183306679706387,0.04583724136287968,0.00021410699536372486,0.04121819841099224,0.0178651079250895,0.007467015858001128,0.025581204632971703,0.0111307103434408,0.025020032682503853,0.006939526504475822,0.13904382049476946,0.0021222290261759557
0.1378804007096495,0.05245726083717244,0.002706023059669897,0.09982526341712973,0.07917471863241812,0.08827560648937521,0.0032934581462203453,0.04508347835629855,0.04283520369703095,0.011021679734807784,0.024942060723757677,0.0006082532281685602,0.16411145189895396,0.024575478761444627,0.009887987637401749,0.07773097778446016,0.02101965552562862,0.011501485966034328,0.010058804726601827,0.09102956385978696,0.0019811868079889425
0.06515337162236684,0.03630867463757339,0.07806126005076433,0.045493413474842134,0.1311204592577645,0.07811795300801395,0.027995762686586545,0.13302673839782694,0.000773443090559912,0.06998933838158948,0.0669582998501527,0.0006197705606424865,0.038286644277138404,0.003639639619807836,0.0006825824499817342,0.07548156201616793,0.019283586265431068,0.024912620212671086,0.0036923796160218143,0.09799183947178014,0.00241066105231663
0.1379883201471003,0.06607078007130929,0.05195644666317448,0.026435127301750717,0.07760746797866076,0.09710005952575873,0.05351284267706834,0.014945356167777436,0.04617407268929105,0.04758519772751881,0.07027835454153339,0.0007352517797321284,0.06229793402044344,0.02817757914256044,0.005029819261573897,0.05360446023007788,0.006399475902799365,0.0007401351823108169,0.0033036560827685276,0.14693576727798685,0.0031218956288032863
0.07253215082204097,0.0691219690752129,0.004891099035638298,0.043597031284026214,0.1438206732872803,0.10029481510713616,0.07495188832507244,0.09857621070218046,0.02337747097226326,0.029978760856755795,0.05775548658485143,5.620896890266246e-05,0.09794998380685035,0.029442403374883,0.0034759035204077826,0.03767545145599507,0.013599224807332909,0.013326061781186284,0.0013025730630295857,0.08190992619334272,0.0023647069756112127
0.09005762978166504,0.09877424562632178,0.07892210376489585,0.09229529499619922,0.12439656509940557,0.08517731074412585,0.014630596606602347,0.030770816965301647,0.014979488915150099,0.0204835562630515,0.15407798233306502,0.0001597986089447993,0.08331793241495253,0.03945399915430313,0.001149969334738569,0.004781928564838358,0.034730819161005996,0.01824330265211138,0.000371247533476906,0.008989184275597691,0.004236227204246745
0.13126440219059893,0.07280399317231286,0.08311406126573069,0.010024872520844398,0.15300532707858114,0.01650004288789652,0.032267459369902364,0.0513256660064175,0.01222759268894465,0.058428721546034186,0.07833776861367248,0.0007300466282606273,0.1512073524835462,0.008827410935596417,0.0016654442653199586,0.07191159605608806,0.0016946369747024045,0.01599517616697812,0.003366643759350725,0.04222417647992198,0.0030776089092997183
0.12133975588672634,0.009089910638027254,0.055879907396792154,0.09121172724796062,0.09840787753848469,0.1014781871345875,0.002969056407482726,0.15863853475874728,0.020571155529323062,0.04862931633917011,0.10523156428817787,0.0015317873493771682,0.06324119492499594,0.016231946688944118,0.011956782911187498,0.007761517321157473,0.04215590431131665,0.013843653025943582,0.01074153050074074,0.014808335804277714,0.0042803539965793275
0.029651401800323145,0.0230082511443603,0.0960040916184159,0.0748325079142712,0.09832801679622624,0.05139157000455238,0.025104323089073507,0.10724607371620466,0.004109717434507305,0.005927186276388437,0.17183931923963605,0.0011809745557371195,0.08161662757281787,0.008905850125097365,0.006528564697297827,0.07639181844637867,0.008566024941105347,0.017960085628720587,0.0038848864799830656,0.10431987775948065,0.003202830759422178
0.10882149418053255,0.03711682009858926,0.08823776173904208,0.07268182301561636,0.10611565778583815,0.061513474178515645,0.021632738732275537,0.05884793407900451,0.04319038842624068,0.007875612601221962,0.047636074832991655,0.0007845134272846736,0.09500513075361539,0.02416779902225978,0.006488984843064377,0.04513052467952975,0.011932457658408889,0.009861788091025423,0.006866822330697303,0.14308168938598367,0.0030105101382620642
0.11640468623861686,0.047373467514819106,0.08550426611444757,0.037865618954818964,0.10517996202439112,0.1575824519640669,0.10204421913564599,0.0926722335193367,0.038122542187479985,0.001542237667895141,0.030161991111529535,0.00021032880692455937,0.10824391865613758,0.009486602594115533,0.004634548771445252,0.027710897378143088,0.007481866982736568,0.0116420627786547,0.011394555453435469,0.0027195373955130734,0.002022004749846535
0.030409059950560396,0.06220165693563368,0.0007963951478224165,0.07330954453005331,0.17840974312502167,0.010948583814453825,0.048186837910940764,0.05591099585344426,0.008845413490870476,0.021136281508675994,0.07303701741284814,0.00033835553282641264,0.16164103302102337,0.014553026650492235,0.007928221343546068,0.045696543852307155,0.02793142839623648,0.01957376811949842,0.00523603897178615,0.15302505376578054,0.0008850006661781047
0.047489577239416464,0.06728442296559628,0.06738187209293188,0.09056559266965063,0.08958236336014166,0.0641231697593571,0.07335751519108004,0.06130742062277529,0.03019493983819493,0.02505950510009216,0.020270965318456558,0.0006284491895854041,0.15636991055710456,0.01016994306017822,0.0030517858849676426,0.0679178092103473,0.01222674565872167,0.023389351351346618,0.00739837519268807,0.07953697253478992,0.002693313202577954
0.09311859839997633,0.08501666373016757,0.12493568623730252,0.0016981361971447682,0.10900380338765665,0.08796373312442106,0.03738123851015822,0.07510864602350294,0.03081740257646205,0.0032075553355405623,0.1616692184142949,0.0012905730911237788,0.0197463562577261,0.026620650049694033,0.00915120377857094,0.056795519892845044,0.0140096945693789,0.0059243316530580665,0.011542297373493753,0.04092037876887237,0.004078312628609434
0.08374066343391699,0.08086072396568281,0.05404112605634004,0.02768785411813723,0.14525288808349632,0.005650335492764679,0.06458813016794764,0.05640089485399946,0.005337503600718824,0.04736955283141635,0.09013897348769064,1.652256838299674e-05,0.11138443289592581,0.0106100514800717,0.0025638083464811982,0.0765408280428744,0.023885378782718958,0.01010448051452246,0.005787880362226085,0.09615828488734755,0.0018796860273379357
0.11117021178713377,0.08694200143745817,0.055704474986380426,0.03576955937761381,0.04208120724089103,0.04501782253698944,0.017782355205532764,0.0971507587398761,0.016353073307507376,0.061148483653743944,0.046266740259192654,0.0008068701144651076,0.14891871383538816,0.03025026751130513,0.0039962449149655585,0.039883356945736935,0.001478605984504348,0.008557777442602561,0.007673079580522207,0.1405923266542003,0.0024560684839900738
0.1646474456097559,0.0007795214858563976,0.036780268020687075,0.015462071967130663,0.1792715482423902,0.045718759547534446,0.01825251188370227,0.07760179491966726,0.07211221419882059,0.005707972435559554,0.04875510882319618,0.0004788006375829194,0.15644159846345154,0.029665085109649558,0.005745688814993079,0.009035749545274065,0.019878517118512105,0.02766456540342444,0.007300116104873362,0.07745016187912593,0.0012504997888126293
0.18552629140529747,0.03677287050075966,0.037618946206271625,0.027492892453561377,0.1339152251875634,0.07855158370975557,0.06660555439418385,0.0396307756705906,0.06650295432790732,0.06089348422546773,0.022530888228313357,0.0008142676428710927,0.11700994464746499,0.010488438813641646,0.005459358471042085,0.016452684772475933,0.02667769960597878,0.02686881620764363,0.0023664574061847774,0.0347580935251217,0.0030627725979032257
0.10995812905080432,0.018932955795499414,0.07893489607020693,0.07900034625888837,0.12353563270809023,0.11281775123313527,0.019502785447875152,0.11665115846932057,0.01045513718998098,0.027985266213097777,0.06581789798087151,1.5121337301602793e-05,0.032793979242360424,0.0111715372665739,0.006348775971903386,0.009328826633858929,0.033505301620067054,0.0139800376921844,0.006257382789882392,0.12125168287953206,0.0017553981485653508
0.030095318694961563,0.04123192075263483,0.10898448567178318,0.06570690610413533,0.12082486189954164,0.02198286474601718,0.026675055402245375,0.0482012556205678,0.043996833867822945,0.0236486657063545,0.08175376026657905,0.0006121098241041293,0.11757567255014195,0.0064818197433166285,0.0042509640316467905,0.09493055926204062,0.022474080514616957,0.014500148539239173,0.009379901532018346,0.11314436688870128,0.0035484483815305585
0.034829802918371684,0.0017316164526105585,0.02882030487327443,0.0958116650793095,0.07323300267505062,0.0721219910099167,0.03610179916975419,0.06829357258427941,0.06859690153665834,0.05428340681430038,0.0594497516582953,0.0012484356223545386,0.1024848852166752,0.03690391831931908,0.006026746262457603,0.06036800539784515,0.017830550595561327,0.006273938372627197,0.00839526533985959,0.1635371657128253,0.0036572743886536217
0.14907875030378062,0.022277015732755503,0.017827422321573506,0.06661796358372796,0.0696080962739409,0.036964668824491745,0.07307086814766983,0.10152504945631244,0.0304635272343134,0.051026138684917156,0.021292946853974433,0.0003823918897292071,0.144292011398976,0.014139053371123412,0.003479804681371062,0.05284205499564597,0.029054035222454016,0.023700428537791963,0.002878477554464659,0.08734157127486936,0.002137723656116868
0.00015767088162393306,0.09942843101592001,0.040450013806370734,0.06292601082698768,0.07339439816953176,0.06505080073237382,0.05962511807808571,0.10925556728612691,0.05900975027700044,0.06611400644373798,0.09793231153072697,0.00011902724449238791,0.06836048854188605,0.014582659534581101,0.0027810364891013026,0.006258042942665023,0.019014998694328256,0.012811146023158717,0.004468102972885439,0.13572413093070845,0.002536287577707233
0.03835976436052335,0.1109256546903514,0.0411100708889742,0.0006442395550957531,0.03801369304375848,0.04351026671302703,0.09306833590699926,0.09225502921602398,0.01824454315323927,0.0030590155552253613,0.029679819589098058,0.0004750945505419435,0.10340391527790632,0.0483511284164765,0.004691646018548104,0.051852896190097676,0.03546881140720921,0.03270298338027028,0.00831028495605493,0.20422870220409836,0.0016441049264802905
0.10407460610993438,0.10005413713363635,0.0706321086837789,0.07365697576458798,0.033357480523663496,0.05236180695712257,0.05574949513918162,0.09818311270614667,0.03263980171178711,0.07946003649522929,0.061109277679356165,0.0012642655350412252,0.051677213769019716,0.003465310090177119,0.004796247815808887,0.05916526929976936,0.0019443212186338755,0.014073348326434346,0.0005581623839395285,0.09852606005579463,0.0032509626009568403
0.08759845645774991,0.11980441167890464,0.06877194501047228,0.03322732611433485,0.15772292369601176,0.0827717667659852,0.05867961592720327,0.11978541495483916,0.03425408495507389,0.01675938884264298,0.1225066962349435,0.0012149266515063704,0.021786867918584512,0.00965178460457569,0.0011804037173338828,0.001427236855318617,0.019798000108430185,0.02100338848822231,0.003783276338959726,0.015975015225824982,0.002297069453081956
0.026608115423626285,0.07997675089360895,0.11060649994307577,0.06883855385285037,0.08096674717470553,0.04898682726250688,0.049827870869076085,0.024354859454631006,0.029245177174082704,0.05901673550392406,0.05070868691880961,0.001108758093730775,0.14000062188859055,0.0015489057390614138,0.0001551129405358233,0.05684923249789996,0.005795456997234781,0.017826381949535224,0.01033601697170643,0.13392254596801703,0.003320142482790807
0.04976213299575351,0.0795030851548745,0.046644879547194,0.008911404358554677,0.15127463700199875,0.05013762264922829,0.011641989568786799,0.00012688199488466065,0.045785705906901245,0.06386278503495238,0.01932367820852333,0.00134948833044648,0.20154979344477456,0.04577762353897726,0.006062138246878597,0.059579299923680426,0.011331080983869497,0.029945957789132796,0.011053909779561444,0.10224899422654177,0.004126911314485176
0.07290733452048245,0.11989084705937242,0.06657046536225178,0.09330083375407952,0.05908463880042054,0.1329445567473249,0.09466859463570855,0.11976067763075754,0.06625991198492637,0.043436011902719084,0.006406798300425531,0.001438955028753596,0.008912210979462105,0.02574218771170299,0.003346047688047068,0.0033309954390267254,0.02522499981731937,0.012223187468107834,0.00365876908124448,0.036865651298488164,0.004026324789378845
0.13860873140977506,0.038467552624375206,0.06369301964998841,0.0413515803632528,0.10469431977601064,0.02292596987781005,0.06419176222186386,0.04061069534435203,0.049740847415205236,0.03231840707268256,0.11080416203547845,0.0005716149333049779,0.04977495570544563,0.02574276837318397,0.006124178809916788,0.06047117688902888,0.01226285483919484,0.02135161708725044,0.00438011584708908,0.10892718693736807,0.002986482787423018
0.05946815853312938,0.09446476988883232,0.11848791316985606,0.05436085202446664,0.1720001851356849,0.008829291797379745,0.022059676046792515,0.05697805720955617,0.003982153419767232,0.05145840243412209,0.08402912637967414,0.00010398865711196552,0.06162540285148289,0.00379074407131775,0.0034002814589613774,0.08316863513003196,0.03304125159584977,0.023865888346212612,0.0010901584468090274,0.06080424681676347,0.0029908165861979065
0.1787747536235258,0.12661180051717508,0.07541242812998802,0.09726564602149466,0.08450128622471399,0.04492671247740538,0.0036392737775775203,0.06152596080311564,0.003227916180714339,0.05897528996434047,0.050075607645570036,0.0009070010142472168,0.04979833152706823,0.0023204263718299045,0.012225820188738998,0.040767636235030415,0.008933914147644372,0.02453370287998631,0.005456774259161536,0.0677066232349495,0.0024130947757225597
0.07257721772726444,0.006130754078711977,0.03674615335291885,0.08391115947946581,0.17389418492763403,0.02876395973444375,0.040589293797544376,0.13807001323686313,0.06289307694931992,0.05595527150545995,0.11601651012317905,0.0009567275861280309,0.017729217818354275,0.03532569499864234,0.006903344979516807,0.049144765961728946,0.025024812368362428,0.005450530355041954,0.008748237781588472,0.0317584581567366,0.0034106150810948722
0.06382629979177208,0.09151080686853287,0.08919751567441254,0.05572642643403134,0.09170192206241747,0.08326101013546255,0.018051228084920646,0.05574925111110837,0.04864398261796669,0.056182746537031626,0.1095169799343718,0.00033475870125323576,0.06416611608258427,0.013364760351388059,0.004595222622727705,0.06919143359128592,0.024417724579635675,0.014589207618869638,0.008896201860025418,0.032985003637935655,0.004091401702266493
0.030703679979464858,0.05810683613871616,0.1244113777134545,0.013210944021040118,0.19608226819778868,0.010489918472761364,0.0024305297667305812,0.007652959858282613,0.060866668030693155,0.07769928159264647,0.020107122851275357,0.0009626330434709422,0.08101771778181603,0.012457235161529977,0.005873967284694453,0.10707684107156432,0.016164103251041787,0.021405103546945137,0.008286272531823758,0.14054214814089788,0.004452391563361919
0.1730053793359865,0.04900031954384998,0.017007304309757647,0.1088480015484785,0.12140477233079341,0.035752208282193096,0.07162055092997395,0.039312677789828394,0.045152913787782495,0.07276315441527431,0.03511065871222546,0.00022721591853619273,0.06819536234725376,0.02220255293853902,0.00445732399737034,0.10131681350101672,0.007045481648463845,0.008003282143066604,0.0007980656037029436,0.015253461531184112,0.003522499384722798
0.11326646067995884,0.03351631454189974,0.05050864095162396,0.060110268082662816,0.07510352695824445,0.08231345146178269,0.05807272830580756,0.07180744567836408,0.011667713674720222,0.05578158519997367,0.08578504793227912,0.00044737840969516046,0.09324445187340613,0.027585863941848483,0.0013623002074582566,0.0058653248400404355,0.017193130054852835,0.017657344256615762,0.0026533815557493222,0.1335538657131308,0.002503775679885719
0.15555724042568012,0.04610893917822683,0.02499050461421443,0.12905712014187384,0.050460089456382334,0.08159968063460282,0.07274916241655648,0.005895812618266456,0.04683638190111448,0.07928573071748041,0.05221387863180577,0.0002702325987396106,0.09198692060379998,0.004800781505539094,0.004458883764295059,0.03790383604289095,0.009199543436004093,0.014722484352694751,0.0031295033822193053,0.08736164579357218,0.0014116277840410599
0.08092796382224708,0.05701573567650909,0.06526706732743619,0.04926042606637237,0.03081234960937832,0.10147157807025559,0.023740607182581894,0.10469384692760782,0.005834781423503591,0.058235646771019785,0.10022056297884811,0.0005637664322883661,0.08284290037684311,0.0069959936399863,0.007505170361941871,0.05746659014798291,0.003578645418046738,0.017364530182424814,0.003820915054219499,0.14022111832536263,0.002159804205143724
0.17120047023628063,0.05211832671390751,0.09633916664892755,0.03522747624941414,0.08576249231975779,0.009176026415219805,0.023135070917236957,0.040616406797944385,0.0028752604914617256,0.012409379295229445,0.07886513051033327,0.001274332611859169,0.12415127813009298,0.007597853830199817,0.007800064768849957,0.05749028854000383,0.028458170297839216,0.02416694124853052,0.0031579255036581102,0.1354297170700533,0.0027482214031999915
0.018705961828742266,0.11156624578040923,0.05329198384157592,0.1122384604598907,0.02807498108603032,0.06839361481584157,0.04751545965329095,0.0965921556893047,0.03478975989055116,0.01439219827590996,0.14217210080994944,0.0013286441840670335,0.20131964266545557,0.006855455744002424,0.0017687048286694142,0.030040852151737688,0.020072457664028313,0.0028364276872004973,0.004178509586322446,0.0017480669838014103,0.0021183163732190623
0.16633542480923066,0.10690397328795428,0.06262099492892513,0.011650016640083867,0.03242838111646818,0.10202509676810523,0.023250573683209257,0.048846658311432485,0.028893774185992573,0.059224390056213765,0.09124309004976576,0.0003309983224218471,0.16073185140253934,0.01643271177574188,0.0015232197814308544,0.04951143575822747,0.0009063503053510708,0.0015836746574381282,0.0052925829556426315,0.026866677250679805,0.0033981239531456426
0.07423641038100161,0.07887923532916453,0.023070121491274367,0.007387068985509292,0.0001646196101857651,0.05956802123153888,0.009964715218638535,0.13671485496161653,0.021138224362174385,0.06733056704372097,0.09366570271522023,0.000818212607258461,0.19027175155573867,0.0003691668691047276,0.0012084512144427161,0.03638618830918858,0.018353190079533645,0.014944546701127834,0.005444186763975195,0.15866029154746877,0.0014244730221162382
0.11004285297939966,0.025000038804167835,0.06249259023897729,0.09650898154051168,0.08658701545042655,0.08429427849143635,0.012746918809922061,0.07470506241352394,0.03314124419074802,0.03252675758426334,0.09467287320349387,0.0011827192121762872,0.03785235002017556,0.03467542600127776,0.0056850060133649275,0.04410268659361914,0.025395500506637282,1.2858221630526546e-05,0.0065527108405106504,0.1281442067792857,0.0036779221044517256
0.09765602006543511,0.007335676314020651,0.05542229805361456,0.08449081034738282,0.10438207470002676,0.06895938761835328,0.03362761569376922,0.11929743958209398,0.015708869047724425,0.027989686227277582,0.13612356403239917,7.68535487158412e-05,0.0759524826885776,0.004914421687109837,0.008516050559244771,0.057054372036043015,0.0334952709622468,0.011657539106374334,0.007179335328948828,0.049016658063889704,0.0011435743367519057
0.19162474959219203,0.08228882526690283,0.09477138130153827,0.10736265923254379,0.04908460566335124,0.0778806511984161,0.042933839573135346,0.04213166551676488,0.026590391899827665,0.04954190329882966,0.04846560968261039,0.00027443176820319214,0.05314851659440995,0.022122345940675324,0.003049991443900893,0.019050571999361374,0.0038397158889634025,0.006960528640584128,0.006072301927262661,0.06933551390980087,0.0034697996607260277
0.0539265004496109,0.0761511742532457,0.11839023124720759,0.08294214530956032,0.07831788837169036,0.09662426337219372,0.07850663483731768,0.07213849409446361,0.004013210532212366,0.003557386524859079,0.02773882790507103,0.0009512511655085218,0.07083909390591951,0.01761692349642287,0.002119653727491383,0.053722057056266696,0.01431119383137057,0.00939745639463236,0.0010389463768709205,0.13420528162885909,0.0034913855192257107
0.022748634969102392,0.07486004118739885,0.005400558759117236,0.03443332642959493,0.14470657954689697,0.055788259784416816,0.06554088962150469,0.10567973186462551,0.0473681100666472,0.03667120584556092,0.05625097246477515,0.0006574834954357939,0.15273859860605038,0.013299837370970352,0.0005794617317349107,0.03371721394239008,0.01311196746908501,0.022678039994780998,0.00031633324004403903,0.111313889189747,0.0021388644201210303
0.14757888331371924,0.11970082860110337,0.1136645316489269,0.054466135586889466,0.1544877478011139,0.08405926679307739,0.030421926963884006,0.0028343268898858727,0.03663724603790889,0.06693227894731389,0.02566812705974698,0.0011032731869276104,0.002300940637731717,0.003118025883326777,0.012365854434551649,0.002323042834070334,0.03787469174027037,0.017375049232188675,0.010438405765395365,0.07359311689362778,0.0030562997483395797
0.13494455816057574,0.05856567557045546,0.10252210701492033,0.11499032019743458,0.03881795075307405,0.09680717960153574,0.027684557444004717,0.014400462286880864,0.07710979952021277,0.08895700770506344,0.000347723703047038,8.357704319541693e-05,0.007322487003510755,0.043869442105608995,0.006406676842443897,0.0058775883957053465,0.016832793435234698,0.02218892642323603,0.006369501218411745,0.13394541504356636,0.00195625053188203
0.12232450508120957,0.043234123536535475,0.09249512538599858,0.045167590346942336,0.1408875354905323,0.05987321124210495,0.03863071001568378,0.017504753057459622,0.051745423341283486,0.01276842833509522,0.09641266338064203,0.0005101814462074975,0.0725458931412909,0.025338959342185705,0.0019483094120484217,0.06254596104558934,0.019343436859229582,0.001186075800520765,0.0018761375020085367,0.09022694064562045,0.0034340355918115154
0.08239528443860798,0.021887234347894892,0.0650440232272397,0.10721585058849147,0.1316474153413955,0.1060303413863794,0.06539072758554028,0.10888565819226492,0.0009185653968701408,0.007743560530925247,0.04046489448376567,0.0006376291740091732,0.006530357577103692,0.03362033844867687,0.006174078100760795,0.03497564083711952,0.005253699227545378,0.017169209211710536,0.00823271034349156,0.147218657873553,0.002564123686653859
0.11434998057619304,0.08600884194667739,0.008071758651629972,0.055062827757159545,0.11605996937946425,0.05837078638966237,0.008604047014208992,0.09052372140528356,0.03137954692007962,0.05019264894675858,0.07216648716165795,0.0007722810699468957,0.08033285748576978,0.030221063691598417,0.0020061310367316806,0.08746230018325592,0.005342553759189739,0.021881933927175617,0.008539474968079969,0.06977312943869204,0.002877658290784686
0.1398217369699127,0.08125054329198754,0.017727573231321146,0.08776690891919703,0.09302272216327913,0.09498612848612274,0.05405461542126619,0.05670792586868051,0.04066534054445822,0.05213682125096706,0.002343106581070334,0.0004326175793828541,0.0306566531648136,0.017835339910378646,0.007477343845656022,0.05304018914686926,0.0004531509063839509,0.012532190663970707,0.008732639763808985,0.1456128253053924,0.0027436269850805764
0.05641650899398989,0.06901221220011555,0.08770908408972773,0.09813685607803424,0.14159133181792957,0.045267598339989494,0.025590071068693664,0.05623285718362157,0.012822114011243203,0.01181343371256495,0.0073297069964780494,0.0009927659108750874,0.16764757913050438,0.008690729134656957,0.0025639203585586983,0.024085979312311188,0.013980249678999164,0.0110644951069849,0.003917054519723803,0.1523443537502304,0.002791098604767479
0.13524254991289084,0.09096528057973402,0.0165153616713276,0.04150975855821743,0.12345188365315674,0.02230323621157413,0.03171093695788051,0.09311875222791254,0.005308920665694702,0.023044534996115366,0.12959932067052515,0.0004467773879282071,0.147360813948121,0.0015462873148525016,0.005704601433814993,0.08884773919491501,0.021219981301784447,0.008460392516693154,0.0075978467144423405,0.005252931396794105,0.0007920926856252356
0.09939303552005122,0.09797834552139753,0.04828798639840286,0.03370918568754353,0.0249408022448703,0.025397018984367532,0.06454845997944522,0.11182947952568349,0.06287481702458553,0.021706953360819244,0.10775325331766825,7.286401475772025e-05,0.06592453616788743,0.006541823026369137,0.0020049222125644956,0.08294268119069476,0.02450055215503203,0.010918755543633748,0.008359795842300878,0.09935109518386125,0.0009636370980637786
0.18296520965558657,0.02554060876113063,0.08913387423509919,0.03744359646814765,0.04911173762894395,0.07661151777558553,0.01630774085110999,0.1274247087113627,0.03463582330681128,0.00698153601119299,0.06870791434103582,7.197896833209438e-05,0.11412832534313047,0.022794261410033146,0.008040392569264325,0.027493920555548043,0.001640471882691539,0.016492238157639793,0.009920816202041102,0.08157143240720609,0.002981894758107267
0.02022155668145897,0.05664708828876527,0.05671288782799715,0.028748764118627788,0.09784907629374646,0.10643482346913707,0.01430341512115525,0.09244122097179137,0.006611125491215467,0.06399150362621452,0.06557013037690944,0.00020474881869858805,0.18552214468535114,0.0398917899946893,0.003751997099909567,0.0160806931308307,0.00898098355932606,0.006546218201428262,0.0052217619692017095,0.12196481956350572,0.0023032507100403292
0.1113056967985978,0.021224515946811996,0.05414837807968513,0.0031042079389438566,0.17117843807852873,0.11409847915747912,0.012510994520138968,0.10000008055190897,0.03686622172771298,0.0743778012463878,0.08549340879627755,0.0012306717719840522,0.05647453101404516,0.03081994110996651,0.006516590878179611,0.010463670798439685,0.0024328153083760106,0.021241619775969986,0.006149813791680262,0.07616556128028355,0.004196561428602397
0.18566453079014514,0.0076670144898596925,0.11187298798012037,0.06475015616478433,0.08224341961466225,0.06846534696228598,0.037752398681754694,0.08394999833291539,0.04026428188262992,0.04054616586665428,0.12195246908079309,0.0003235061685911047,0.02089997360409646,0.02271038558669866,0.009272841186322902,0.001751222708005098,0.033695958192732585,0.007544758264416558,0.0060153775193928765,0.049111865261683284,0.003545341661455343
0.12786839030504732,0.042951401058404254,0.056050652013158446,0.031641830962853425,0.09920780701858652,0.03055415098010439,0.04349495729401232,0.1025686299947803,0.0015379952024589505,0.06260490203697643,0.04112180506742744,0.0004509514544695891,0.16920746955738014,0.01929702304611422,0.0038744845074498483,0.0009724247159303233,0.03674778063806078,0.00030194126278199036,0.003979677159684274,0.1219961547308219,0.0035695709934972183
0.09942869097582104,0.009346446766098672,0.052042736218399346,0.05245123696365356,0.09423215228888515,0.08502754844994878,0.03493907321510609,0.07857499659405603,0.04733427438068783,0.012253004397156653,0.0944328697714173,0.00017195391501860215,0.11338420335414093,0.02802645389414737,0.0009278734074350675,0.060036426760515016,0.009582331129961942,0.005092023646552676,0.0004763339053654354,0.12005614356485132,0.0021832264007811825
0.0872256222762028,0.0873920878446357,0.03793314185895716,0.006985856168255222,0.09433458220558576,0.06823792159896011,0.008758728299239344,0.13505515468439577,0.007957628227786517,0.07049657437802122,0.010425583306526025,0.000344906350628215,0.1593935322171321,0.021372068906931985,0.008796213861859007,0.07865597319450744,0.026795656351040743,0.003918500653137444,0.0076282954210062405,0.07573387782350835,0.0025580943716825557
0.06509116237310633,0.07901342296449546,0.029732050327927754,0.062253020298915614,0.14067662166514822,0.03796229318212161,0.06805840039174589,0.014570373961720878,0.04554443959051556,0.029657686662456342,0.09092616427434405,0.001242459071689469,0.14736680166312235,0.004864043391269782,0.011617808248094188,0.059658741141628696,0.01751672844541665,0.028924462599136423,0.006776087504108201,0.056930524969099984,0.001616707273936317
0.21007495690318692,0.07595141049334725,0.11799183256439266,0.02562527012718583,0.0036425469045946323,0.022337089042649836,0.031806029096586426,0.08278016313042963,0.07358834196973578,0.058267786472883124,0.061476421670926464,0.0011295712438658967,0.09290202562876175,0.02455450526288156,0.011146438468893616,0.003289379508465274,0.0015445867162888758,0.022729826202888725,0.006063317958137485,0.06878608029930046,0.004312420334597968
0.08717862567354817,0.12618757313476567,0.09270639273543174,0.12487320290890815,0.11441579903524857,0.09254891818204354,0.07601036900264165,0.021847713962897645,0.05776794423175619,0.030491773229367226,0.0019205953383441372,0.0004520748226554286,0.08769208064741844,0.0079115243994229,0.007688819252589468,0.007430749037414438,0.0009986574926719033,0.00038388446946137394,0.004517390926472166,0.0543845113992801,0.00259140011766101
0.01121478949864336,0.10167423036870255,0.049080467099186946,0.0996349049392295,0.04364917479591684,0.009121812818686867,0.01244531936838462,0.10043571116930154,0.027153731059020598,0.030715611467285516,0.029172978658616962,0.0002559472692121771,0.19343577225219635,0.009177406014028326,0.0026217986475174453,0.11655460178470611,0.004699547610575516,0.020330583664409593,0.0012820439181629299,0.13535312909586053,0.0019904385003558984
0.0422337426326485,0.06912676108860102,0.020737955015179863,0.009213693572489644,0.14621497726717944,0.1139268223865202,0.0154049482562909,0.1676422175702818,0.028064530608899022,0.04666258033153207,0.1527762395053286,0.000772562582660967,0.04709492186623088,0.010382262910147391,0.012436374450826484,0.044982313990720176,0.028095318201122342,0.022654632382944215,0.011102121239130572,0.008105492195140913,0.0023695319461253207
0.09416293595267086,0.08424829067018072,0.1077128156160735,0.025928579763651288,0.07834017796763362,0.02863629670643779,0.060928729240439,0.04976308196223803,0.03130202837679676,0.0066218883204268745,0.07587142676427708,0.0001931742374139071,0.14411262903394978,0.019900018646592525,0.007602882969923541,0.09848404950613371,0.012758082413282966,0.009917393384787566,0.005736926357100929,0.05535754511585488,0.002421046994134745
0.09986339300352659,0.07922925306924894,0.07983246380445366,0.06382590925327493,0.07387326370717821,0.040708387342043253,0.030930507484289615,0.11597795855847098,0.061238014250886666,0.006756457147238034,0.012614754955120109,0.001153660943222534,0.16453477519803905,0.016596771435428422,0.009198424440214369,0.09044093113696226,0.02735681561718554,0.01957950225594371,0.0012858437479765271,0.00195751228432753,0.0030454003649691684
0.14211992712538257,0.03193508587682569,0.05944757591056009,0.08634706575346197,0.09818620210873433,0.03441497670779395,0.013193290445463052,0.07321391619220137,0.012117556564890547,0.04815274703894777,0.11337404474148002,0.0002657023649669832,0.08923110802175069,0.022258618967682085,0.006765654850712158,0.030712176791095065,0.021647928725125158,0.015551214665497562,0.005135543450710701,0.09307383468677936,0.0028558290099387883
0.12598116265975762,0.029792948169989637,0.11402498657356101,0.001109111946065477,0.09655271941919033,0.06705665331498316,0.05365608909736861,0.04299083258509354,0.059858659177638336,0.040989216212296245,0.03722683918501281,0.00041248586038571073,0.09535605422874234,0.019656726636762583,0.009445918166048315,0.0681194491140502,0.026122128777921094,0.010589263762403902,0.0041830548339630525,0.09256513914253607,0.004310561136229897
0.04716387541540048,0.0340744447591136,0.1294450952236548,0.10438713999669054,0.041216936336301475,0.03133839099335222,0.07420490666189447,0.08583845871804723,0.03788526809784895,0.020407178242419152,0.17496707334279013,0.001354120006780958,0.04454755039652457,0.02001437081899687,0.004540060405454873,0.050217490437869175,0.0258812301387502,0.011090336295543112,0.003389972708454224,0.05405080637726945,0.0039852946268435566
0.1362056594026384,0.009741797465449,0.0964913189327411,0.0275177203729907,0.15128889099205678,0.045679378951620705,0.0715016664834766,0.11868694561680349,0.02700730811294302,0.017950798028993024,0.04576022450449574,0.001094242053565753,0.03960409365384088,0.016542425165328032,0.00393201222689487,0.06740420588432469,0.0221208958889399,0.004195550119203607,0.002970792784422109,0.09090894978586447,0.0033951235734068228
0.14508525335728942,0.1368203171861743,0.10977603797344565,0.05839916607899614,0.04268027108039785,0.02622366773612144,0.006709157405734521,0.13048927597784385,0.0562882273320527,0.011837957333186074,0.0681727819640301,0.0004119387152158516,0.10323393702154522,0.0024019903815837348,0.010333286711187453,0.03434270519921562,0.006722668457557428,0.001014231965599777,0.00709318391596444,0.03995324129100991,0.0020107029158484527
0.12517899064545418,0.0961384146747791,0.0910423653609024,0.05543470760715761,0.007550509923409134,0.057851256457014104,0.02585228746766033,0.05121947078884454,0.03853832924205287,0.055684072271647886,0.11912270402748434,0.0005680586467221969,0.07922145555992026,0.003976209345930792,0.007141282742918297,0.023348932196086875,0.011933665644413291,0.021480737143091403,0.002535697877749507,0.12387122446925457,0.0023096279075062644
0.11658143011035095,0.09636866610958096,0.022612829485327425,0.04652611104977552,0.15254991831426454,0.06103973453524619,0.038794051083710916,0.0522000440922535,0.05271481870788357,0.01831258885587416,0.10328134786323809,0.00040391811752813156,0.13539739880337825,0.008046620733738368,0.008775191887589032,0.002410889751644493,0.0005328819126695594,0.021323871197864868,2.2172100390484388e-05,0.060414231490268956,0.0016912837974220145
0.1562765479818404,0.03505782141571984,0.052005366214606476,0.06498473740337816,0.048859356764958124,0.012295039632007612,0.0630316693162571,0.09081419905920166,0.055123747428240555,0.046195006752636186,0.08905487534876227,0.0011030744902739433,0.18506438721470622,0.0126533130204482,0.008939358429399663,0.006647338904013376,0.019544900557473852,0.0023551506406164174,0.003505746378716035,0.043837129606904855,0.002651233439839024
0.15623719990225007,0.09214304481812154,0.09034751462879499,0.01190407648624758,0.05892846084316123,0.057084982226847776,0.03888343933276954,0.0699320999099839,0.06028373327437756,0.051610076727596425,0.035303622923187575,0.0006098936570907598,0.11870361472608096,0.02642273107141456,0.004324571610457614,0.023838079230854937,0.021249226757442514,0.020415984541844966,0.008136635859548373,0.04969551201007595,0.003945499461851322
0.11509318892559414,0.0031824645725563407,0.028313249112220818,0.04410761891024775,0.09641738657775518,0.12307468507354087,0.060376426624345246,0.08022039116619088,0.013135288310956358,0.09008215895181945,0.0336309284538989,0.0008098812937996849,0.09355693046345556,0.02607745694671627,0.004027299789379575,0.06685786480317403,0.026115255176023804,0.029268100947031736,0.011733076477022215,0.0500361620970293,0.0038841853272418413
0.14870582987882275,0.02225413154761292,0.033894418218443835,0.07333560525767666,0.013776440035472667,0.00842886206902934,0.038275013517628555,0.060184946890886035,0.022268934586294295,0.04872643089163895,0.11737539108854252,0.0006918374568839427,0.13920111349900624,0.006943563755237532,0.002762984537490612,0.08840466378667665,0.015911199561113223,0.01565120310990366,0.007119026078926464,0.13408092525399568,0.0020074789787175463
0.13867150741947676,0.08447745933845224,0.03836893178829986,0.03103440504294576,0.06160048172190234,0.1050777396037017,0.009754012482857894,0.040045512066068864,0.05835613510147536,0.05350503238263368,0.06979430929854417,0.000681021329162393,0.057434133238747895,0.006873197738119575,0.008221279517176753,0.0623960380789147,0.017048984111217913,0.02030570174265238,0.009068873023609812,0.12442174457641586,0.002863500397624004
0.05619185918873887,0.10942392471936471,0.007613662060558892,0.011989633727147725,0.17929890337510054,0.07743842350408958,0.08155067056674316,0.10352208890397041,0.07408967984488128,0.026449778215090404,0.027171761469238397,0.0013747825161306967,0.028440235213117674,0.004421814944773883,0.002320563026320114,0.09430654009223663,0.021694910324020936,0.0050872476954738404,0.008851816634802511,0.07744900191525801,0.0013127020629419854
