feature_0,feature_1,feature_2,feature_3,feature_4,feature_5,feature_6,feature_7,feature_8,feature_9,feature_10,feature_11,feature_12,feature_13,feature_14,feature_15,feature_16,feature_17,feature_18,feature_19,target
-0.02726499690595679,0.018598504459994385,0.9166818207071622,0.5164090113619084,1.1124801712409862,-0.6955731182556087,-1.1621296355322934,1.2969996440082923,-1.4644770138239454,-0.9694129618721644,1.083210666873883,0.5551169869559355,0.22534642603340413,-1.4623503231722805,-0.896245954136389,-1.5295373573204696,-0.9847786658753597,-1.2443180923741137,-0.8218068871879771,-0.14952530878341566,-0.04656667020446372
0.2673476388340765,0.24479771806368658,1.414999865700245,-1.8043387970032634,-1.1499807886318432,0.17402892214278556,0.5879533727010336,1.3827959291958045,-0.9755689516482439,1.354906359090171,-1.9772962026752987,1.0787380446069257,-2.154266212327085,-1.4328907512878883,-0.582254250069335,-2.09549233182522,1.3058803134592138,0.19155681655249485,-1.7577331112025738,-0.4525300776646562,1.0507416534880265
-0.9860618723207755,1.3681568466291705,-0.7941378983517685,-0.4315242117016601,-1.118461264624822,0.101003079523124,1.4136223475746466,-0.8958681351810187,0.9681383880176608,0.3055602847804697,-1.0991504214586731,0.6241550078779832,0.4382419541347424,0.13876235433494372,-1.9712275852363539,1.1719743966820724,0.5487340651911076,-1.755756565248527,-0.3483663357858233,-1.862294891015573,-0.32589195555576644
-0.77762557027928,-0.5317703898983366,0.59644857741451,1.1279755939558764,0.5116810642946172,-0.0003926896031038642,0.27956939095997163,-1.6046537267305634,-0.4429604472640118,-1.8736370604596064,1.1476285617958142,1.059565443743288,-1.7845120222668072,1.4649474658109414,1.1492939676281027,0.814662217570306,-0.32880527473170523,1.0621039588416314,-1.189844020228872,-0.13597508781205905,0.03732436831618297
0.5487310101702754,-1.923049811476726,-0.45601097570060645,0.4416664839099658,0.33606439605496424,-0.130102296412071,1.4186925146985898,-1.88322123921956,-0.2795006442114826,-0.34599686620970377,-0.2933821013790719,-0.5599456428433545,-1.2787300478408632,1.481211740966792,-0.04331923599342262,-0.9353763763220364,1.3715385879505497,0.4260102788330783,0.2678095197556358,0.6601468225053497,-0.5510678340477023
1.4189653057879952,0.6305115212240703,0.6013804924204301,0.43436778921350777,-0.3623384788919244,-0.04911051875551423,0.4080666892554654,-0.22532046738287279,-0.23724130694630713,0.32586989806927996,0.8705192733503283,0.5948223674184063,1.0132743023229687,1.5405144887903468,1.2447066283549657,1.5018575924571125,-0.3152971650090994,-1.1489699130302762,0.41697019245007655,-0.5844075871072686,1.3004500930753575
0.5346527478296725,-0.5388905633405423,1.136985433453323,-0.8433900411864664,-0.6945749151269023,1.3902230905298376,1.3961076302896407,0.8881035916505358,0.7151105079788113,0.8018423699803169,-0.6643958792339605,-0.9293219747615388,-1.386515077461359,0.20199613395519497,-0.8086564615497123,0.11665469453661957,-1.805208657696335,-0.31551659441642216,0.3231925023641504,-1.7343863381456666,0.8103212397762323
0.8047420979163094,0.8524851859423862,0.8671126552600972,-0.18684533169857373,1.1684448973856638,-1.3993692287320505,-1.5254532118708557,-1.342360288430099,0.4793459322966398,-0.880870013438658,-0.9975048898338401,-1.7496943428513372,-1.2763514374914822,-0.42029789033291565,0.7427123554172523,0.7324249882227444,0.6060915239878288,0.333681206993089,0.9474943601864152,-1.1307247788021342,-0.38989934972700274
0.11088489924206958,0.1697590416460266,-0.6883774989431928,1.0730062502362478,0.07276680484295346,1.5367440953767655,0.2194792165068271,0.4090740415761241,-1.8878327682122977,0.970155022078693,-1.1596214825162525,0.49818659729247217,1.2812687455240745,0.8931632812970988,0.3709537675735635,-0.29624093281749275,-0.026782424530280853,-1.4531199754701007,0.7531833287226816,1.2075611583570354,0.6370310276948388
-0.1762180872953656,0.9469162890656416,0.19232696691889078,0.7215208076715697,0.8019433185499406,0.2391326213518902,1.3271980633658254,1.4396089164295391,0.15665360106278012,-1.19740756106128,1.140138267358944,-0.7404008316917975,0.16639428928296499,1.2315944802257974,1.4183075158171778,-1.2760693534317664,-1.6534061685183317,1.4871854454011342,1.2211229066979628,-0.11179719547915548,-0.21378692214513773
-0.14720125276234616,1.2514538788740053,-1.6804394663393782,-0.09544453241560372,-0.30214921990760696,1.5210361104680508,-0.17950048573822822,0.48579765179859363,-0.6352318571435505,-0.38790843493445465,-1.4444248911609203,1.2609557735767256,1.0729415837721084,-0.19233008802764137,-0.5240279057504629,1.4953374792581986,1.2336183161862262,0.4842063908023514,-0.9851362087143498,-0.23973330866964146,-0.8430407743922261
0.5283911257832199,0.43087244179776285,-0.09165565866384781,1.1182693788012066,-0.5162509538083468,0.5403800459314545,-0.9645746729707945,-1.9325250854784375,0.8190715995848822,-0.5430029846142383,0.8432424997694727,0.5644824676443583,-0.7146718908996469,-2.1482272694298548,-0.043670855099468574,1.4674673350074283,-0.16966568651590858,1.3873494846017027,0.497437748232893,0.8406189026511334,-1.589286219956955
0.24158682181650085,0.6887936364076066,-1.5237711032342256,0.24513251977987763,1.2759033260083437,-2.123740401350104,0.9536648299996239,-0.03363483019835994,0.954409879564815,-0.9703593147592944,-0.22602615502177348,-1.2688502264803367,1.6159301282702552,-0.27275691375317745,-0.3911703524725584,-1.1265606318011496,-1.0997420946760712,1.4619175414108243,1.2142172001615368,1.1173109992335832,-1.2164819890256344
-0.3063624403070653,-0.05025717365002615,1.4180881586026677,-0.2730172883882223,1.327226086922581,1.1948446481573267,0.30313359909189735,1.3842580620917628,-0.6569215654773147,-1.9885314822127018,-0.4517387797878958,-0.8889052147156322,-0.16202292775054417,-0.37649595519696377,-0.013815539276101992,0.8571358876514363,-0.685131518811949,-1.3317163518549069,-0.40281033481621487,0.05975341412588569,-0.643981540746438
0.9046512712980742,0.2718408201632223,-1.2006991964268905,0.9859994731094642,0.5180191714155948,0.21318964118812767,-0.2862136600888216,-1.6966321687277102,1.3127023652842575,-0.028004609763437008,1.1172648811477957,-0.11214531275071206,1.1090961637034527,1.0271111722299784,0.17636050108627385,1.1628375820409298,-0.7895197754548174,-1.380227500952403,-1.61262279942347,0.1657100703793507,0.922366332445846
-0.7034928128649867,1.2821409637410808,-0.6723666717195141,-1.7895758962840296,1.2419175501716944,-0.9254110458573336,-1.0517417425885491,1.3469015969069718,1.5261972204625596,1.503525036050257,-1.037274007594618,-1.8757364155255838,0.5128097311058663,-0.5692601649123309,-1.345322371531558,-1.088063206467299,-1.1678118104192006,-0.4678109621619711,1.2692324711313367,0.5383740694227902,0.18181680914389114
-1.5914740100713831,0.2748938442295449,1.3253961328342072,1.50809072376923,0.6774437897487804,-0.1777842496252394,-0.8089369755279855,-1.1120394268896003,0.30925461630272094,1.266908022899246,0.9923744978467531,1.0944979540218778,0.9580057765208831,-0.09363588339464558,0.8049070065051008,0.7283972521438895,-0.7052164703863283,0.12211471919435553,0.4969734408948619,-1.2695227909162234,1.6751857687385505
0.8496124964798819,-0.9590971891699226,-0.2359666253070969,-1.142086907206818,0.4958038118243369,0.6583612990734335,0.8246233917363232,-0.34681097815999246,1.0171477224579373,-0.6570306115597212,1.4276190515175495,1.5505318180238803,0.921070439103984,-0.5847158451405592,-0.4703949697585442,-2.027685829873401,-1.4904937927605226,-1.3063248716007512,0.8408380555325309,-1.0480635816798198,-0.5675004354516617
0.7459445761751438,-0.9193424100212302,-0.44440533845595986,0.879603682681945,-0.7672400053419791,0.7560704489498471,1.420952011548373,0.28522073155487576,-0.1484981512532564,1.4659311566905613,1.0985239013875232,-0.9913723594578876,0.13051342504764432,1.4332643657093758,-0.09151500052332082,-0.631771304608493,1.1450100683814803,1.2706638218107231,-0.4506927278300419,0.6754390678492784,-1.7123898029611688
-1.5738754103676413,1.4756679898952283,0.6387444305520573,0.3746321147069784,-0.5878023731758963,-0.7403746365632397,1.213187691725049,-1.9480301287425918,0.3906940803659797,0.8745430116168829,-1.2456485570021008,-0.08729405350442293,0.4069725304963174,1.301947966764611,1.308063806642659,0.8102010058567042,0.5057911514325849,0.6502573561712307,1.100877582009738,-0.2611474895968735,0.36566987063273954
-1.935165253250213,-0.5374781302398315,-0.9682483318563864,0.6929964295063097,0.3504294410405004,-0.9984826428583746,1.3043943871891297,0.6953401883746297,1.1461085249314273,0.8289043557097525,0.003487078937028397,0.45211022117079225,0.006601443494480686,1.48664336967926,-0.16294395944924608,-0.04815975207983328,0.6264041733011371,-0.6660513963670089,-0.04248497716603392,0.30746600658908974,-0.2675736006216655
-1.9031251716937443,-1.5175199776421728,1.0180366027347239,0.1740775745062226,1.2127336023751862,-1.9446758790895755,1.386861175024974,1.5415307979943804,-2.0031028695145547,1.2258026636615273,0.6385376639489824,0.9077045605616814,0.4697131743779049,-0.9889938478674762,0.48470856066733986,1.139048523296069,1.4844858231279219,-0.838782159417491,-2.004320752067064,-0.45516644102478965,1.3989936977042214
1.0655358750603325,0.2501759234663549,0.28294608272594335,-1.305445356827408,1.0666270382897258,-1.4558129471529295,1.251759565790412,1.5405112330566344,-2.0855251059004964,-0.5112320253601778,-0.5120175926945609,1.4257810514418923,-0.6156502925472954,-0.25323729358539915,1.0215999613378934,-0.16830296249226578,0.5282444425555723,0.4354765259645772,-0.5463075297522996,-0.19314018166930422,-0.08916581521901805
0.9196475330842024,-1.095332645652673,1.0510945661760231,-1.5859373288059393,1.3045717574830025,-1.437380766863702,-1.237356432336157,-1.2941146002940853,-1.3231987982684077,-0.4862390528986218,-0.8106739512404872,-0.1069588562928688,-1.9742153835721905,0.5881363319183509,-0.30625428877511035,-1.1010120743353087,-1.2156433884099094,-0.9954069669347623,1.2527387357664481,-0.8642100052278624,1.1583650250743058
-0.5353385826622025,-0.5603230929710642,0.27593175746825765,0.26552532499291265,0.5178140430591518,-1.4572837896638122,1.086045953667005,-0.334557240509758,-0.21206995303862058,-0.7109434929042464,0.7066992929524343,1.2163102392841973,1.4768045127964617,1.5082700206929585,1.132416720245623,1.311017613661492,-0.7677291889634013,0.9428567551617414,1.0805912693853073,-1.3711643642803588,1.0914766435503198
1.403659278269022,-1.6278900806006324,-2.111882141624246,0.11700795605101945,-0.3375083201041788,1.1087830728044665,1.047557203373348,0.6503279194385022,1.2545176017914648,0.23179101435864458,-0.46623910471682417,-1.3318783949554882,1.29642536748301,-1.588371732601902,-0.6913667834337737,1.3694365683393426,1.4321365632679997,0.4306734143381073,0.17471258605959203,1.5415850466808494,-2.316594952583786
-1.9632985505125276,-0.5776539597335288,1.230252776400406,-1.0479457695623218,1.0011263154449417,0.5020354315335303,0.6986176755195515,0.3211870420402599,1.0042877552241916,-1.0209670942500162,0.03939701339392127,-1.1866157191230324,0.941642988568832,-1.1257965972429054,0.1565022177415996,1.1999537001649347,1.3148480539148515,-1.4699917142993402,0.8787484325128666,-1.222192812269701,-0.5406801942959237
0.15209141643398807,1.4731951666044552,-0.7832583787512585,-0.9860444622780618,-0.6884280588983754,1.377302316530685,1.0952072851998025,0.03777899224225995,0.559757900887534,-0.7317581241413788,-0.2554693728741839,-0.3267601700918895,1.0956797860187306,1.2670050552147596,-0.3024958168370893,-0.9420043252303703,-0.12978531051359044,-1.4207074968914384,1.3558156374586432,-0.4625565817907898,0.2162365633985959
0.9164327442153567,-2.054368586430354,1.5133431222827185,-1.482044886085,-1.5015013006897984,0.42251211999530075,1.0973184561308993,0.6021358963544235,-0.6215620200329911,-0.37268322784230207,0.034992793041459413,1.5765620339371524,1.1717351903313433,0.2109253781915471,-1.8428695946118367,-0.32738801650195437,-0.6286714745442135,1.0564173662758887,-1.280581350290154,-0.9754078183548485,1.7564778087953263
1.1728407397310436,-1.7762831571714344,0.17461173567050542,-0.5743835028735872,-0.10008336873273149,-1.658171510710575,0.3334974634675154,-0.47308127301403774,-0.22172614288810924,0.8904624927503264,0.7518842677802395,-1.6691994407259407,0.3153220281252029,1.2142820671132786,-0.17885571348063442,1.4936999137163305,-1.4881860994649578,0.7832946244286223,-0.9615947765169608,0.8202611505582397,-0.23389899352168897
-1.4322411443938678,0.09037791874029731,-1.1023575306793438,0.3425008946194628,1.0797331600352975,0.22740509835239336,-1.477069150479944,-0.537545769750293,-1.123322700849364,-0.1719373075444586,-1.6407319258134145,-1.432159287250474,1.449015803489002,1.010151646767564,-1.549075198921266,-1.0284194040857715,1.1511735742609865,1.5046947624394513,-1.178186424155198,1.3192995515167232,0.04295944176495338
-0.2479207749600391,1.2506913805369622,-0.5063090359743342,-1.3642708784408575,0.41712142435865424,0.03836292725594803,-1.2136890478852798,-1.9906841690558474,-0.5144427944087363,1.282501561733455,-1.2429036867918428,-1.3945136252368258,0.435183800809172,-0.5294702291999827,1.1139455630693642,-2.016442776164203,1.0771907795768971,0.7187187938589257,-0.4535208545101389,-1.0483913778275658,-0.7336730620179156
-1.1339902196932576,1.2167426289871273,-1.2672849236453254,-2.026886707402029,0.6100034240100364,-1.248841143107311,0.8721207039452719,0.19496814083783182,0.6566124935054919,0.15870273857121148,1.064547560452473,0.3971655284756128,-2.088303734800274,0.8929475017640973,-1.29339505650483,1.0452715190697326,0.5973305310674414,-1.277984850575002,-0.8472836120578112,-0.4268121010221462,-0.0032256871559401767
0.46912162974547017,0.7534032115454501,1.4468124920990904,-0.13184283513923062,0.7130046727700377,0.9519141666714857,0.640584018545529,-0.09500849786536864,0.8618559769618165,-0.7452315243324071,-1.2890068052183015,1.0456717378202174,0.31589991489738656,-1.526837019511974,-1.971051605418546,-1.8237703638586187,1.532476642648148,-0.4196798857899217,-1.3432173435667907,0.3836497374591562,0.9850301140530092
-1.7291576681366128,-0.43115307324688107,0.9782598268945428,0.44395138696128505,0.2632235086811483,1.479725769097926,-0.8943017561147981,-0.41999184059734196,1.044977831557714,0.588787529247797,-1.3609097638071723,-0.3328047774550029,0.3909768207269565,-0.4111458795023746,1.1277862636659064,0.027262213610668433,1.0730513016876997,0.9813284046748735,-1.0520280618016742,0.13605488625420667,0.536324212940452
-0.10519816881615285,-0.8403694160025059,-1.572154438044777,1.338089180606581,0.626120890635203,1.4498155097172751,-1.8326095462050123,-0.20151701465116045,0.2938937482064688,0.8806892630752481,1.441493219538367,0.8664166833363801,0.5624429772773019,-0.8344032646641248,0.7303255696374249,-1.092145486628038,0.10160154995898328,-0.514633935619844,0.23258090765049558,0.11618560592363071,-1.2222242302513127
0.6236373134468536,0.3939986197010144,0.7211249682155939,1.186151698393988,-1.2914911570127237,0.2306789619068296,1.447596130980633,-0.28554722109803754,0.0009817800391421483,-0.770765687538989,1.2902586394560651,-1.8126718185720172,1.230038873771485,0.405007802014149,-0.28710027047212583,0.6040537316638476,-0.5219004189796982,-1.7104350501850334,0.24287983483762154,0.3703377999133016,-0.6202141868888749
1.4558748130562693,0.7873363699838288,0.929510542135023,-0.7306476102127187,-0.5387220870410857,0.679628171236618,-1.994147698694186,-0.45545825196710943,-1.293130268215987,0.660004315232537,-0.8854602335917069,0.2033292790437893,-1.5333408623204279,1.3974016773933426,-0.22740808149651984,-0.4772071361313539,1.0402566125763173,0.49252061584640744,0.8576787686924349,1.3794909333552148,1.1586514153006537
1.3164283246761719,0.785335945059069,-1.6490946832442541,-0.27134696132680763,-1.581737931682977,0.112880175715524,-1.500346371085485,-0.7042259963403028,0.41107321563713484,-1.7126884904116793,0.6771502890639827,1.302919510236008,-0.397913042029352,-0.08064511658167636,0.690951912610225,0.2535244795876402,-0.29908924363639827,-0.10204884056853462,-0.505621353185282,0.13177511861957858,-1.7582938997150916
0.8567186593581803,-0.23908449408362317,0.8984011744262898,0.35632249523179865,-0.8202038697544095,0.3625044350284225,0.3873270792023633,-0.9513668302971512,-0.7894236389800406,0.5404980935340643,-0.12681406925419758,-0.9819138760557308,0.966366204127655,-0.8038954245636446,1.003563699093349,1.1374799059835945,0.8611908383145651,1.2439999637496881,0.09600549196105813,-0.3915213196708932,-0.439880345818625
-0.6874804929973232,-1.2146767370153482,0.8441859718033348,1.5477115387529043,0.13281194755241066,-1.2071382975291154,-1.397485962916938,-0.4860324128031119,0.20340953793596683,-0.12354476597545994,-1.1889431520097131,-0.5475192955156314,1.397428501108061,-0.43019769472931324,-0.7139205851328837,1.0982671184397794,-1.0522054719660756,-1.1696619613683006,-1.4433593582830897,0.1818083737995862,0.24446987877351378
-0.30290575393653996,-1.5672777049320783,0.5296193715400651,0.871965972846749,0.4560596118169129,1.1090194446523198,-1.4093714902847356,1.387162301583205,1.3891960506658338,0.2937342380111329,-0.6537798182773114,-1.5623395657882229,-0.592918055139346,0.3851379426537405,-0.6850077675373544,0.7316263053185075,0.687970388767623,1.1112925870223886,1.3767126934248746,0.08445707950899761,1.1524818350906365
0.3073757167346741,-1.110511009301642,-0.2183694195655095,-0.8596331509057938,1.4723482839081277,0.7513279100469394,0.9863771006316183,0.9740128207310397,1.4666250844999817,1.3972473219163744,1.329654470288342,1.035825072915885,-1.0782055093844274,-0.48000753865006635,-0.19489207538972675,0.8783472443543832,-1.87720065841927,-0.20773375928657184,0.4559610364282622,-1.4400275856143268,1.4195193437636462
-0.6316560364846282,0.7349962729614314,0.4112063137425036,0.6520264174653344,0.2910126974638766,-0.7375642680574517,-1.938258896498565,0.3481081112325072,-1.997121880041998,0.7320748166148077,0.17853319770688633,-0.8045911338102087,-0.013092465813362203,-0.7161043387808366,0.07051480882695702,0.04293202769114183,1.3052761978582537,1.0106644445402824,1.489821851134566,1.1346656135053548,0.5182574053266369
0.9691464099927173,-1.4642195522401076,0.6994839471784844,0.3238579320785284,-1.9305628148528113,1.3172579054322715,0.8942618961885402,0.5846616467700327,1.0200720460856136,0.6026437036017893,1.0928462314758207,1.5671878024155919,0.9154658797641182,1.5193106112878962,0.5661182262152774,0.4733354308817727,-1.3811867387274868,1.452424958185614,-0.11538936139657924,1.375321391689433,1.124315881785059
0.04615307874096752,0.8072300847582716,0.7848708996790505,-0.2111673563418973,-0.726631055795417,1.3119393974422826,1.4038330164483654,-1.3562485218014582,1.2247989852410996,-0.17264635560682956,1.0663038928522155,-0.12807338821628972,1.1808402938568272,0.2828036852522805,0.23384247696951344,0.7148190655826853,-0.6070161445004368,0.7963190231096696,0.34601046655745626,-0.21711443851710108,0.4450989764858016
0.31857598497828693,-0.9259971798912283,-0.3112889228712164,-0.12928257911907554,-0.32740372018893765,-1.3612332046754874,-1.5002215923788804,0.0526527251776449,0.1992013151836617,-0.12827125352227003,-0.5119162673316529,-0.38904737310658954,1.1483046781826163,-0.24641885559820173,1.2251551384754444,0.6102322244396765,-0.050886778071186245,-1.2041669362092366,-0.9664076129822542,0.12634361046621143,0.03057305886315447
1.512581172516345,-0.7474334290641428,-0.25272669691689875,-1.581689348621124,-1.1922310497108333,-0.7186010724117707,-1.0305761896176873,-0.9642929946395191,0.3606072141957034,0.22819213283481532,-1.0613016974923595,1.31827078514745,-1.3198751486500415,0.011182182238075074,0.9007100528684672,0.30325896079420295,1.2228247495674718,-1.635328257433876,0.30462449920248286,-1.5919820501866717,0.3684732396712569
1.0683532039089851,0.7564459258095392,-1.6535186563652386,-1.4907735543350389,0.2505579862209227,-1.846131023734923,0.16528888593267163,-0.14424407712636894,0.7749196238880143,1.3532881429396106,-0.18038309070271275,1.5901449584411087,-0.9227315918191487,0.6616291969185356,0.8880406047220489,0.9481942590473587,0.3302157067534077,-1.6184734179278781,0.4246095253626447,0.634739219926121,0.13990303614642755
-1.8229792482061526,-1.4185467382812176,1.1298533512599944,-0.24897693503004203,0.598343385306356,-0.6664965212905302,-0.9167852697692181,1.132497225524509,0.2606771181932114,-0.6180048673165014,1.0087959037998457,0.7339265034011946,0.19939707081786046,0.41007108351303767,-1.9629820092336518,-1.1841829639108847,-0.4587201285848303,0.40771153881734346,0.5020666090533317,0.05105277263914504,0.25631226312051525
-0.2084673568250162,0.8320018752649859,0.8445959473439734,1.1609101300191431,-0.3852646415946608,0.34922447855809274,1.0481854662638321,-1.6772997221176682,-1.8097326381484593,1.2074870327802605,0.3380503470555906,0.628215550116826,-1.6890540622235335,-0.27521901116901343,-0.46074894430764224,0.510942375241322,-1.6907988603784803,1.4515183828121738,1.2503975674574443,0.7353329457063279,1.4095632006303074
0.06648415656959682,1.527528192385363,-0.03571627881640708,-0.7036883277157416,-0.8768062537735727,0.9893491508781123,0.3715750293620443,1.30733917789337,-1.6941182706256477,1.0649287540164263,0.7435140894201591,0.6531156739046596,-1.764658030347257,-1.3326052135252247,-0.4446699497298548,-0.8065601740846452,0.02753270997070742,-1.702228670423831,-1.7977910635445482,1.5498032202289693,0.26979743422943364
1.2569577272949557,1.2996828971734016,1.3130534553110025,-1.4959425756231723,0.3329827416176468,1.0284139292969792,0.9061388065417129,0.1485610391524244,0.31657130261082367,0.8458431336759404,0.3673926775448913,-0.3969965486430213,0.8849926531952567,-0.8612335278583012,-0.6638940934471204,0.6947500542146012,0.5250719940784853,0.9755458772277017,0.3566754273301858,0.3802524820230292,0.65458470286661
-1.405474799370871,0.42144003011786574,0.4274516902156302,-0.03384706754600081,-1.4783119087389212,-0.253416096817497,1.2825337577986358,0.522314279561123,1.0301547717700814,0.2744037996759606,1.0275450852989325,-1.0430569123888724,-0.2882594905548089,0.18365929133077133,1.5100674846452886,0.2546225233096535,0.4649182037367575,1.1656404285326694,0.7938848020949882,0.33161527105635114,0.8747398994559208
-1.715534986542674,0.7115803331019469,-1.2205020304153829,-2.0849748825042047,-1.995316597440155,0.7375625465993535,1.3176561717985915,-1.1830175662982167,1.5265255896512484,1.3694982157318574,-0.48022522082903746,-0.8630313996042174,1.5085194830392123,0.16081078055093728,0.872551972525627,-0.6626997321831307,0.1313103263846323,-1.0449292348703951,-1.5697925610147578,1.559405838180882,0.6511581345882813
-0.9006287085825389,1.5013090666797522,1.4885148978181073,-0.4489120494872149,-0.219484537105713,0.7530557546079363,-0.4979093902213123,-0.12812297534635023,0.8147503015462462,-1.1740055561999825,-0.37113565088473277,0.5740437149309574,-0.06821708552697266,0.9395242288465185,-0.5958710552010512,1.4597408743307494,1.3845967426235672,-1.4970149012577993,-1.1191556588068161,0.7981684261005041,0.7074743178463975
-1.5857808368947965,-0.6238856930639137,-0.8734055849531174,1.0122674329200776,-0.925504335097216,-0.7423389524681585,0.8538441888638477,-1.7063113174442244,1.6048960330474047,-0.7694420634948714,-1.7586832148974583,0.3773052267355301,0.42364105728194595,-0.9215991807826718,1.5379992785839718,0.6282351570441904,-1.4792252058784512,1.5133159317582217,0.1885164199719111,-1.4753621967258181,-1.6791951683734216
-0.0190300455113673,-1.5680403218610879,-1.6551610835896298,-1.436856730592815,-1.4571960972233027,0.7541965781503064,-0.9301005953161234,1.3983744761431218,1.3097116828426683,-1.0268022439106073,0.7979277695770705,-1.162549889826767,-2.1547846042686833,0.9302260929391049,0.4280408053782732,-0.44913005630963654,-0.6382827246391075,-1.883277392338319,-1.4489841584888898,0.9813712730440323,-0.841872270618263
-0.7171942146533254,1.483743192781337,1.3878263465779408,-0.6432564170584602,1.5078164333235018,1.0506078169393707,-0.020647844795009567,-0.6387602876719698,-0.4157797147314506,-1.1031229819141088,-0.49121020961950357,-0.29976737478619747,-1.267077904072805,1.3660496942590896,-0.44271899632992445,-1.2995936187913921,-0.8566962737233507,-0.41840445990525515,1.5141239715350265,-1.9881827936725207,1.053756783344309
-0.08090008125900049,0.023759614486542614,0.18985502389875508,0.9175660728887791,-0.8026004590663502,-0.6323395480673869,1.1948915705734768,1.2948494573210063,-0.7360731124861231,0.12620019554981718,0.43164711012332524,-0.4918740986572205,-0.4919436987983535,0.7648312195543411,0.29018327218794376,0.42892416013065526,-1.9584194956467362,0.27807484511408936,0.9201937156109018,0.8741806441028266,0.5953160595188258
0.4809182435145978,0.5628565849540877,-0.7035180064971024,-1.8822330870708521,0.06354782697886167,-1.0924446133931172,-0.8052019683104429,0.5886923446194001,-1.8843881353225622,1.277216470597797,0.08620973438570867,0.09420149913052893,0.2152401278756926,0.905115423442116,0.911640163020383,-1.174200206015927,-1.7185585480095305,0.3754276439728495,0.3585100656299805,-1.5710709399473666,-0.3370988533488474
1.4632044434821083,-0.4499157212912858,-1.1552983560277694,1.1157622469778596,-1.5435091675421344,-1.6846601715000682,1.1095080665631059,0.34695126698398265,-0.46986239624854376,0.8104700102289359,-0.49931665923496604,-0.3862889142226258,0.3498194610843539,-1.5703614449503887,1.310509342588187,0.43814712415571455,0.6742667841680914,-1.1255708979299561,1.0880801467492505,1.3246487042403516,-1.1905519956986197
-0.11172906472607426,0.16018483676326664,1.00375906246953,1.3126775878858843,-0.4165042473220403,0.5278632760017151,1.328994303461736,0.4450251757426901,-0.7799407759275533,1.0332306370224633,1.3203101314689314,0.09845517612984865,-0.12767746133542046,1.224517260698437,0.040206385330135375,0.5739562104765115,0.1668318770723286,0.640019688087321,1.3405805752357332,-1.0893502486728226,1.6671777116170998
-1.2907789156545721,-0.3428953771531312,1.131138066526948,1.1978427682815689,0.9293934460013348,-0.3600664808760225,0.08950624126547137,-1.1329784883704297,-1.4346197087771193,1.4788219229689143,0.7918954298437529,1.4809717700596934,0.5977145002128502,-1.1538642023695933,-1.6830747915610806,-1.539611339628147,0.5586882469301552,1.330613105224686,1.4162712090604928,1.3579751262309332,1.318736583323171
0.30218751032090857,-1.360201982683827,0.5813468430602415,-1.0519691542671914,-1.6857795038256065,0.05530220787902004,0.3513388109966517,0.8079954840041205,-0.10724948834719251,-0.5148997515785653,-1.5547076875606187,0.9371679541865033,0.5065018249300494,1.4853065066545534,-1.6101412038754683,0.3487145423655525,1.396525681084322,0.1814168784699542,0.9695333556489811,-1.9783656630473692,0.872266566397234
0.6443003631857852,-1.7471252356184273,-0.6000474535392403,0.4886966641359789,-0.7630744634973876,1.324456818377963,0.9930922854683889,0.9507977842556888,0.6402231056959158,1.5378344200933627,0.7810791123476666,-0.5543475920969627,-1.8116663820154073,0.25237120493073034,1.1818668566436645,0.5036618260018637,1.4640332095325705,-1.0038620310168802,1.1122292680389199,-1.031556862854521,1.0064781116771486
-0.9604928683786732,0.2383877763860515,-1.396908751488818,-0.3758789950201326,0.2756790522168359,-0.5609294845787139,0.029230445798701703,1.416297966878881,-0.8854499599015123,-0.1273223906477811,-1.5498759725157976,-0.09019328718475547,0.8708912306147432,1.238960038347287,-0.8830549505364034,1.383427569527871,-2.054792161196922,-0.8391609790357283,0.05859558569661573,1.286917029785387,-0.6162509280028567
1.3211950747137815,-1.423588912456035,1.4695917077589775,0.4076244942181546,0.934309003050777,-1.073274662661104,0.09654908179081258,1.2602373523920793,-0.943979367844645,-0.6687582826670331,-0.45301329211969465,-1.0465666045084179,-0.5994820302068191,-0.3789047651293873,-0.49796024508076975,1.0461497186328514,-1.417761405633171,0.304802864524986,-1.0846502686428277,1.0561519730898865,0.2597389196777512
-0.5080930883735202,-0.16882423293711893,-1.6679644612407778,-1.799810774203553,-0.4783660433279273,-1.3846793707691527,-1.3170088493378331,-1.4919374184531713,0.05966897922938655,-0.3254133344695358,0.0073337108005547625,1.4531307543874086,0.5689818199379129,0.6895421305488391,-0.4916585419860417,-0.4510971933027736,0.9178178428673072,-1.504181156351002,-1.8302376489988401,-0.19200401567845643,0.5491097783039645
1.0574491419080174,-0.7254796164510867,-1.708788121666738,0.18663171700244297,0.8963602916090025,-0.7298076519704843,-0.9811094348552767,-1.3097277286930022,-1.8270738139291802,1.4531035821430158,0.9627283342053298,-0.9802858204008363,-0.8451860467247247,-0.9823510391863647,1.4713525229061368,-0.2744486113570039,0.09227660102229361,-0.9173728894216745,-1.3322830786375102,-1.8468471208073172,-0.8071815086362131
0.317304918776228,1.2454745379562118,0.07499826310131265,0.7628073060623805,0.6868077102460407,0.7956119183170942,-0.6096966408628713,0.03261858389562143,0.794301852123059,-0.30485036568561724,0.32807171216028963,1.3996841777030737,0.22280689194807107,-0.5376810482490976,1.2565719916529703,0.4650460039647972,0.34527197218114075,1.1102235261178035,-1.2986908481115573,-0.1795826438707763,0.3995348045072146
1.4281042600816278,0.6534619284390462,-0.5494665846188908,-0.40687716380144723,-1.1600297526016554,-0.32881947284681223,-1.0094928866487836,-0.01830621984615055,0.1257620579774391,-1.6939767661014855,0.9628140540590763,0.16709350297425088,0.3033264140343688,0.1281038746093378,1.3366318593009292,1.1483417325641536,-1.4648250102891271,0.43774664245836953,0.21893346018195348,0.5375788511762822,-1.8114157266355442
-0.6422435918217266,0.8563668964200298,1.0949046267149678,1.215728733052373,-1.0850881977968119,-0.221444120700658,1.1852620178860982,-1.6429118757258951,-0.8228803629278656,0.7884077118906159,0.16766384730687187,1.365063366894993,1.4861303956492937,0.8274909529184497,0.4918450453994709,0.3670876989877958,-1.5344585395830455,0.037618319505569486,1.0262040545640683,0.7500630530371503,2.248705462939154
1.4025273986882614,0.33051255158616505,-0.7074248054821735,1.4764703606170488,-1.2870109289183718,-1.8460160909396626,0.114668933627112,-0.22043613488432334,0.967444936773044,1.0400688438547285,1.1015119514451202,-0.5664726168467118,0.8075401870246522,1.446960637624085,0.7517745198784758,-0.5198035526733837,-0.3066900061191823,0.6978964954178963,0.08353532291664133,-1.5902417251990095,-0.7880606421318604
0.5036238191061738,1.1619906115934144,1.2168906249609366,0.9280951986592034,1.4694804381107087,0.9233983771058802,1.4730056990367844,1.4222559635867986,-0.6239139087593056,0.32210660176707856,0.15538639140143742,-0.8754884834700151,1.5634773736585905,1.416494937305456,0.821365852955688,0.4513692314121385,1.1264019909995797,1.3623405084725475,-0.9039436720866553,1.2074401254051847,1.2687628112198501
-0.07099655868674445,-0.8245021281879933,0.6562005313618705,-1.8133720608193635,-0.9008792554311937,0.13643085668382837,1.0048965281336049,-0.9839802754175832,0.7350537085249634,0.46271212558933794,0.3071354471844181,0.5449356806657528,1.4730243242087928,1.3634662874957475,1.106245902876936,0.8834443914876726,1.0001480536310203,-0.8257592069685107,0.4923108958004973,1.491085806665652,1.3875505676283644
-1.5552497587455003,1.2668582602202827,1.0037627907828892,0.5200354537788393,0.30457931942765476,-0.9937081245976419,-0.4122841453142582,-0.013772865844085793,1.1526374117710727,1.0453410408977768,1.345455931505947,1.3274243600573636,0.7578332399000569,0.5196192455031338,-1.5625734925746044,0.6968464330521824,-0.10271411252966783,1.3162528036148529,-1.1945830250395761,-0.6596699078216082,1.6099625195940215
1.340707186630357,-1.0442193395752115,0.6394203809844522,1.317074556964533,-0.8293954489151422,0.5061360901957856,-0.9636370045773437,-1.3925332386016602,-0.6647248789730257,-1.4677510937548424,-0.8088616935110361,-1.427379895210142,-0.12339828135044208,-0.20404502043841236,0.688882154072735,0.4431729627173496,-2.033997102379975,1.1809556510606731,-0.39685952044854295,1.2092650493289745,-1.4577992871040004
0.4229089839036427,1.078794219060505,-0.8976696403400906,1.284357221791695,0.9017982532615431,0.893912663299205,-0.3770157257954693,-0.9040860862925836,0.5379458959111203,-0.08345178043337202,-0.14697369312024738,1.4629692960825553,-0.10546053965756691,0.40441861542029434,-1.1646576682657321,-0.6439003614500354,0.28307624532701525,-1.6650439806201192,0.09461746493955837,-0.7002278777039063,0.3211141962681124
1.2476947298507748,0.37315619147085116,0.5212914759697933,-1.8742729427456992,0.8798308537367128,-0.25528884070210284,1.2864737301354234,0.8317969043075057,-0.305763472138679,-0.30588531054923684,-1.330252151870954,-0.04493828229309508,-1.3295657167054236,1.0372844843603368,1.0715432918372043,-1.7412381267129367,-0.9093615787206986,0.35628945841941595,1.0258553270641555,0.5570101301571857,0.9199258705018647
-0.2899896164464895,-0.7076108972718649,-0.6059553615928532,-0.15871196546998825,0.9213101170267484,0.7238962655741312,0.9081321335323261,1.0356738271525714,-1.4232581081760034,-1.5031232338604086,-0.905237829915235,1.3409150598356476,-1.910595847690385,-0.25259736919504927,0.9442606784369187,0.96883990536226,1.0946733470582415,-0.941797196337402,0.29384541083740723,1.3007186788950476,-0.7830465168550297
-1.4151034369289182,-0.9201165997653225,0.8721273385635848,0.4084865659286887,-1.8416504852183255,0.5500249610799257,1.0569260980487458,1.1316531731549684,0.33865835027796587,-1.6633867289406616,-1.701111267211643,-0.38290123273054094,1.2918544294278467,-1.3451512249296635,-1.3312497889067119,0.590807798443042,1.2822417168296087,0.7323284090026589,-0.45051909850793787,0.5334946315822574,-0.5362169390156736
0.7966057076945088,1.3050271083526288,-1.5890626626863364,-1.2941950419682462,-0.2855379070361996,-1.264631945555013,-0.8910409792723201,1.1210037553139107,-1.0251887649201303,-0.46786166801654866,-1.4406358803221575,1.3457044784668832,0.22926706261619328,0.23121882028816088,0.6697158803548172,1.4173533176039388,-0.09120326466499945,-0.5534557010849103,-1.2510339109593278,1.3941222301497225,-0.6239504724171885
-0.06721782198906624,-2.0223533914820364,0.3323525240915835,0.4840544934587289,0.3673058316806266,0.8220572936701045,-0.06732046683455634,-0.556132990573431,0.8375116041250856,-1.7451957782738883,1.0925421338576182,-0.6138950709558337,-0.30206324584589084,1.0298419586156384,1.1158666000035011,0.8309228201498162,-0.9470050172003563,1.4066141285510125,-0.1694187061043008,0.13135728786565987,-0.8991959726177958
1.001384421503625,1.0280596230402184,0.5075469774392891,-1.2366774984872646,-1.6870655552493614,0.7824274752046549,0.6587948763902005,-0.45305032976444326,1.1869872628665172,0.9376163473841317,1.3881831222456245,-1.722963123595162,-0.30398757206180443,1.4613196674514624,-0.7316581829649218,-0.3106318962039816,0.9977373827018953,-0.7192771791397219,-0.26107887879634817,0.11595564634811324,-0.6687492992394277
-1.6653978467357402,-0.0908328088848847,0.4875960273099088,1.4348908457790428,-1.2591385359976501,0.28511855173266704,-0.037821989125492034,-0.35389755569073045,0.23034722757540116,0.8243493285087453,1.119525440333082,-1.7866629031580123,0.7597786072630555,1.3726888540935145,-1.6886590985398675,-1.4981636704238053,1.4583533431795963,0.4136019803916373,1.2405658594474227,1.2045950608418656,-0.1907794955119697
-0.5945511148559566,1.561850506389628,-1.2393331709110356,0.5930302712633219,-0.020897799007478134,0.3923331301720423,-0.07948945491807662,-0.8095473971680548,1.2213711166232781,0.3871586434989469,1.2957673045990228,-1.3187461321509626,1.5655264385532142,1.114832636885212,1.4640013791838922,-0.28841434409462013,1.420384192960835,0.1521111963933374,-0.13080911548242832,-0.9987604479382163,-1.0770549892431591
-0.30134680345247844,0.5757348341990843,-0.700426638618783,0.8413554492018918,1.3878435105371412,-0.8276419567488618,-1.6105832778375875,-1.1977371085523276,0.1815134894384812,-0.3420462569323496,1.1516484782367022,0.27189307589309036,1.0151273005485748,-0.7592476696669521,-0.7595392802599686,0.9260527445559397,-0.7629011515342481,0.9825563837638838,1.3647269323367388,-0.8345887703257151,-0.6904822944737823
1.466242017014545,-0.9832326036448674,0.3437767221630176,-1.0991846664442309,1.4461020868938617,-0.5806773418009898,-0.27853563182202734,-0.9851547830664608,0.8543820238314087,-0.45516864364447446,1.062156114436744,1.1223720772171066,-1.4819727734772403,1.4253681984640818,-1.2155219162003421,0.9791382348816727,1.0417168276460043,-0.45122168184223804,0.8823933580177701,1.1980414654123546,1.0202289585430155
1.03830298959261,-2.0792226625929113,-0.8448480971894162,1.4454932172237933,-1.22197589815261,0.6704681470760576,0.6136016518997608,0.17212296344962227,-2.162937650467237,1.5209213699223112,0.8223982520301542,0.6020707818318541,-0.2769517610776805,0.17149055833953855,0.02570755588303395,-0.7060021917498666,0.4079281865100951,1.3783932123475706,0.7497650951234099,0.3419118660402645,0.7313306487308127
1.1367382792373932,0.1050757536851825,0.10456906810068203,0.8992868380582921,-0.6441419661410316,-1.330078241823667,1.354733134401564,-1.8571511145085051,0.015518085962341553,-0.8933839452176935,-0.596463884422837,1.6081126703856667,-1.2432752365311424,1.127420447347425,-0.42172666229841504,-1.076089155255745,-1.2125680537480206,-0.7288217249699604,-1.707599223744665,0.6303876976887157,2.084117931459755
1.2009560657875122,1.1164505757436733,0.49058094338898406,0.388774493250393,0.45521261349959447,-0.8994847955920587,1.4160760852612906,-0.1539201141668175,0.4629960119938938,-0.37233381959479084,1.1809380167854502,0.987786720604029,-1.7607072359503908,-1.0668298377830054,-1.7831685205769654,1.3675921485655935,0.5207584806554008,0.05821289768897329,1.3173054331197986,-0.5797122157898947,-0.004123359430611068
-0.11137682607405573,-0.8065510615028074,-0.22793517965451732,0.11606745138180853,0.10788720651334359,-0.387321905365941,-2.1601701633214248,-0.14735961026582156,-1.2545546549218733,-0.48991159808400914,1.081767914239372,0.5857030792011775,-0.11633116706059846,-1.4687311747510907,-0.035694063992753114,-1.0372170823981828,1.2660122301673131,0.8762419642123628,0.15919253739245043,0.8893979092951781,-1.7714339986309127
0.142068003911722,1.0813040399145504,0.7057890123961064,-0.16820505287884205,0.7527114853139515,-1.6563948196380496,0.28334694433161256,1.0770952445360513,0.6892325624118828,0.5434210008714563,-0.8784367181392568,0.8550911855749009,0.9574962858189937,-0.5463701651509183,1.0488244998107525,-0.800512337336712,-0.589245216359216,0.9572877917762642,-1.3627003639603823,0.10129342387940318,1.1008785353762582
1.4638738480476163,0.18107070178684218,-0.972908801850842,0.32794474540237545,-2.124816620521174,0.38874901071438006,1.4092050837033065,-0.7131613871058525,0.25487454927212577,-0.8753568303060971,1.2702550139586197,1.366329649707558,-0.3907540824736896,-1.6186880578948992,-0.06711754497612799,-1.900387529679887,-1.2646229159391982,0.3552856832548636,1.3045977194571927,-0.0821561806075251,-0.8072344189485833
-0.9372402732514858,-0.7061557070374668,0.1667453506593377,0.36214578663521313,-0.4827419960174277,0.9645938329187104,0.2677149351817859,-0.4793425893746836,0.7917800598924887,-0.18406233878807401,-0.38179056837973907,1.4553579591982762,0.4612618864927663,-0.728858592019906,1.6009032019309708,1.4768102297848362,-0.21563139332115192,1.3786247851987814,-1.7253487067710809,1.006719954531582,0.5725201704441141
-0.3074070671625857,-1.3165956676522175,1.3500629628261256,1.2981333724215292,1.2457251375872627,0.9316413214858824,0.02335020403564247,1.1801225627267962,-0.2149724870077765,0.27958280662689666,1.1976697164562802,0.24081453506431633,0.39649817587743114,-1.8761488848816579,1.0579882922506343,1.0922350038925441,-1.4430089929717194,1.3853116677104362,1.475731564906297,-1.53968501422332,0.3789422064891675
1.107016010125927,1.0584879527136517,-0.006939818606005335,-0.6907766138844343,-0.801081758597735,1.330810510485548,-1.6696415525906259,0.8829263426477615,0.7102549762787999,-1.6327482398502169,-1.6742620395075094,0.3253605879133102,0.6285160801686502,-0.5777362211904499,-0.037398290144943905,1.5196786768742685,0.24461133752014041,1.1295350349855693,0.19716734603412353,1.2273677250383146,-1.0865999671822046
-1.1395797713286537,-1.0043699940391673,0.45568694534905474,-0.7617344441779031,-1.5770461764186972,-2.036424221772887,-1.9326848351030652,-1.0167407057196798,1.605384343562804,-0.4392802621923792,0.60643658251272,1.009009736707973,-0.10576329690488069,0.17686211361320509,0.7502369382939039,0.764122460118715,-1.4887973963372994,0.33974849924686096,-2.0187607436127277,-1.0383574214240525,0.8937370356866102
-1.8119565846859156,0.697949321380135,-0.8143261803378415,1.304267815986256,0.02141395803068388,-1.098937015874985,0.32434872038892254,-0.38829875814435233,-0.25002981754849884,-1.3026113296118198,1.449420364087476,-1.5756759918621281,0.8476465529004209,0.9851910657773094,-1.1751712186215377,-0.8527504845019813,-0.4075971456740614,0.9600162343596601,-0.5719844260817765,0.46631374422015004,-1.389731034116777
-1.8706262287861768,1.5251009177332178,-1.3234448961147076,1.0711357943552624,0.3109505434887484,-0.019424291036206544,-1.9764489654120736,-0.7868999800215393,1.4210861378318123,-0.22883288418092185,-0.36271537209823557,-1.3190967659277153,-1.735938000719706,-0.2573054757748191,0.11627392949418963,-0.23342339276027432,1.5704161042695624,1.4718083665851232,0.2742253472541485,0.42634978273272783,-1.2929132817216333
-0.554124905751064,0.9477282192237892,0.6791314836128822,0.8941479675111138,0.9977037309170436,0.18679718129731784,-1.3502441867163912,-0.9173059951281053,-1.1304266233659945,-1.3596088767566625,1.0811241264620541,0.40088854050583717,-0.45618882978784525,0.40289550551239406,-1.138119954840368,-0.5778491791969458,0.8706218620365865,1.3893977728398206,-0.2265032559443131,-0.1812516826187754,-0.5752722809416256
-0.3512974408210342,1.1743399556458956,0.006838634381884108,1.4395031659286959,-0.49630856823207287,1.1461442818821248,0.10492183249032377,1.0423195385752695,-0.6927284119603349,-0.043728481009080965,-0.7696276112738746,1.0986704159177,-1.2821515065258338,-0.7331045499946612,1.405227003729693,0.15491354756289216,-0.48180724013965254,0.6547157853248601,-1.3172210544281227,-0.7726973534430059,-0.08407702378047427
1.397268124540251,-0.8963249102378524,-1.2722478519894107,1.3744342791396913,-0.9781564411604516,1.3387044673371984,-1.6074709654848416,-1.1844041659218156,0.605969277185287,0.4688394752537459,0.3729255242620211,-1.7366459498471887,-0.13844954146819533,0.9547623543102566,-1.3203473224242483,0.7593510979080369,1.551516487037531,-0.4957161179998534,-1.1142831792656147,-0.7524446988293517,-0.1229157237017286
1.1767786357776755,-0.701372788207666,-0.6677849429284242,-0.06315802075488772,1.461340464998876,0.18071571314902873,-1.524177849455836,0.6407176615282371,0.33036564710953775,0.7323698226418108,-1.0403543950541103,-0.8180123693524237,1.2544534517854637,0.7794165574356197,-0.011596457658871843,1.5016386560717851,-0.19966185729219646,-0.23084582344057208,-0.6654814743764372,-1.4215065395064266,-0.33199756051695245
0.9923975306418896,-1.982969592680033,0.00934291947621362,-0.21338331051234274,0.4322658623880662,1.501444256045369,1.002184379680745,0.19950477765323288,0.11554156682475489,-1.5916692440192044,-1.1621335240174475,0.19460308118385816,-2.121402844680863,1.4995234743227064,-0.13339044882687787,1.0163661946762483,-0.6100257004550361,0.7795373083248917,-1.7048750728014719,1.5295479511790997,-0.45629014669920037
-1.0450026028708188,-0.8076373980707056,0.7507084170135738,-0.19274960116041687,0.28848667560697444,-0.5226110286637545,-1.8647142078009775,1.5296099724353578,0.5055529165393129,1.4332704430329302,0.11832149935663118,-0.8126702234742329,-0.5708079226076093,0.21470261170658245,0.19402102789654588,0.06932496287072384,-0.34030969714207,0.39348613239715113,-1.0037088546479787,0.03196215265713019,0.6332061363987911
-1.041419571570003,-0.7728674254973926,-0.2046394291680163,-0.6770704367275391,1.4860381053193108,1.4264828722724952,0.12981465349730623,-0.4007984410573442,-0.0953523249601129,0.6614171130854543,0.4626101418190926,1.1561261649911532,0.47299079382956755,0.550030936817081,-1.7497887827149052,1.1403422476066216,0.7081481136777489,-1.9180035906520727,1.1765842820727548,0.757725977958762,1.5828185940079051
0.7885849005266021,-0.5780767663962112,-1.0699955540111528,-0.2972950955139736,-1.2479073501474984,-1.3912582149191435,-0.4982160980878415,-0.41065204798134575,1.3894164785121492,-1.1105114156060767,1.2204012946429346,0.6832982265757365,-1.0595382330842364,1.4276530467070592,0.9257498679902415,0.5066064942120108,1.436751190804975,0.25266960553792867,0.8963876028004758,0.6535670345249591,-0.7126133934279891
0.6269613858123462,-1.4615851417878167,0.8498364318086434,1.5027595552724164,1.107229337134009,-0.6717339034994942,1.2919016963525551,1.457702328824488,1.248798155769186,-0.46146654729694375,1.0832012832757207,-0.04089443823011838,-0.891178409967041,-1.0472384282244513,-0.8232059436045325,-0.5743249714090218,0.5380036071195481,1.024788823072446,-1.742113288294934,-1.9411378289588779,-0.1459729420241223
-0.33836609577793586,1.4078795221009799,1.1700197391838745,-0.848651406440366,0.17325847248002038,-0.8084426996025291,-1.7619856653372692,0.4372666915257634,-0.5508793509554815,-1.2544233547274695,-1.3469132049755053,-1.0229693318469215,0.33131289531166525,-1.8599754466093459,-0.09927682034786449,1.5293900936538736,-0.32601182333741185,1.3065110913310891,-0.33478158576926126,0.11904221167622703,-0.9650354743606598
1.3986795462920123,1.19461773170797,0.9623621059752812,-0.24764214074787555,-0.9920349240345363,-1.409295227808261,0.5340548526489453,1.519160122909805,0.25114764121863997,0.9488926325778987,-1.2510592386399129,-1.179822582130202,0.09502514759452717,1.3726181329308178,0.039777092569479804,-0.6455238524364041,0.7828170916098361,1.1134375720840262,1.5417064852656908,0.561187200833191,1.5346869983833986
-1.181478770238295,-2.072147593449202,0.7812374408121667,-0.11996585835309095,1.1575478118756162,1.415400336377761,0.5871610159419476,1.3790330001191737,0.4774535403906322,1.3393433680299156,-0.2656684032917054,-0.5824042843991052,-1.1381925860863058,-1.7632971126722825,0.44509731191562085,1.0252889060559083,1.234222679155443,1.1451765038588828,-1.3383003114251466,-0.07947381531607044,-0.24794959153975168
-0.5687134342313763,-0.4221586525383291,0.4346785878505494,-1.8466347897371258,0.539523308413874,-1.8891382318994636,0.011181799354861837,0.685605116248981,1.3274208736408313,0.7344641372292605,0.726676165670183,-0.1020379646015561,-0.46781709610180944,1.2647322580232634,0.6185817007490458,-1.4620488912538032,0.5417961514824677,-0.05651369870169165,0.9737695752885656,-0.2618680188146002,0.782593053509965
-1.6671075053173448,-0.636002768911715,-0.29304598170129237,-0.16146517062711843,0.9233242459353239,0.5335785829152359,1.165554210894324,-0.3349711211292483,1.2412429184874114,0.9888433669005007,-1.5434974478112011,-1.0572731029931428,1.0884149036389867,-0.4949978121783951,-0.017933726416948802,0.42289575418263875,0.6360890502455528,0.9471756008936771,1.0182674216273409,1.5388587946584233,-0.04581338153722619
-0.3127273881640193,1.3673629648886911,-1.485816917470343,0.5061047423545919,-1.6971649739752992,1.184953785725614,-1.019131159244341,0.4731155039378809,-0.9689898054604917,0.5917991748592834,1.0135363212561541,1.1210940980018769,1.4061898933325394,-1.903099745038242,-0.9757412997516272,1.5276307268201312,1.463807896783574,-1.022249985748013,-1.9112879030494634,1.134294706947503,-0.5308071990216316
-1.8538820941620922,-0.6835749634797218,-1.0154326685390596,1.4156823440991615,-0.6129979844508109,0.7171590694747362,0.6614831455319837,-2.1168591794056364,-0.6432172959444188,0.35365964011989104,-1.0527391185607415,0.3340539975260289,0.9157233654153751,0.6570714843880826,1.0931211551357851,1.2044680450035627,0.037071049654135275,0.694503923823793,0.7527594592545961,0.6620313041109313,-0.08580887962428985
-1.243057714257548,1.0915882987383776,0.5498651640762487,1.1017760811839443,0.7527397771107505,1.2658251976977257,-1.3595595857964022,0.643834456450186,-0.6464033814908657,-1.901530749722232,-0.7640109905924827,-0.801358649585146,-1.6370928261229383,-0.07980077250014102,0.3669643937170893,0.45214529153659105,-0.07653963898892731,-1.0955961166245398,-1.7486979662818165,0.5924232249595902,-0.08949299387399752
-1.7652157744572252,0.6488354300306209,-0.0982209408772222,1.2470768933803087,1.2354299157057251,0.12389423218807387,0.7731416729543886,0.4735774813126397,-1.6425920030803838,0.4649077731398499,-1.4073018669316955,0.4535603355562446,1.5623112542287765,1.3570225962201996,-1.4209903187431017,1.1955263835614833,0.2330292047061634,-0.5473132175527253,1.0346133014733534,-1.3696677850608348,0.9643666687776264
-0.8619489832696289,-0.08891575050678767,1.4922278989013762,-1.759430300041442,1.3016706078397893,1.3567762249460855,1.2790376770675338,0.6234603914144898,1.1410268664522383,-1.560467087058146,0.5955100252980915,-1.1708749273645334,-0.09204156646289796,-1.2045285247223674,-0.06577398142226319,1.4050552666849017,0.609895421587841,-0.08034309975201713,0.33658519228748995,0.9032438078001149,-0.7593668783254857
0.42254185517422743,1.4664380318776165,-0.1719923089843845,-0.08112782151684232,-1.0283871020674253,0.7305629725717228,-0.557133868370886,-1.3368750617592282,-0.12369907172447339,-0.1334459903025226,1.3534919649544974,-0.7600502745297156,0.5779259403603321,0.19157386676085408,0.5572836598999606,-1.131924553807814,0.6075267371924521,1.2420854648673976,1.2346811288014137,-0.3799675192644262,0.45166396065471615
1.0462575667859464,1.4918595272056512,-0.7567135672127608,0.787413254150557,-0.21850353070065573,0.3478908523135002,0.6879921166213188,0.18432105170820315,-0.5108960441106164,-0.056305949420895875,0.9425091483641788,-1.4322563854619426,0.5524052891048438,-1.6751285794897826,0.22566796552714108,0.142481431629203,0.9002873656931136,0.33429316672968884,-0.375389135555463,0.6506215575512065,-2.2110404308626372
0.9372779543137539,-1.7974974475763934,1.1216197525240525,0.45575457119636215,-1.2698718771098105,1.4917596477216735,-0.44206979687221115,-1.7852204856926832,-0.7284607549011297,1.3548967607150073,1.3534006237602139,-1.8027321031937784,1.4545578175401406,-0.6500863864746281,-1.8759822383122386,0.08787705947970349,0.43766033518311226,-0.6595199060087426,0.09310790463499005,1.4000699177304738,0.30784778695226134
-1.3457918568996508,1.5344909214459037,-0.41884947065890693,-1.3315848777164252,0.36879164040322804,-0.6431620769577441,-0.5094999379892019,0.9183015162857986,0.49366047571569793,-1.5509764954261147,-0.2840923519461418,-0.3609981441157229,0.48086167155182485,1.2982641691319718,0.5736392681277618,1.0447638603722698,0.023083566128406743,-0.8943523953415868,1.134449524497526,-1.2230142108973223,-0.6016172046098659
-0.3727873395963498,-1.8692453339259547,-1.613408502115355,1.5317651402145678,-0.414310850390353,-1.7452866519001233,-1.192397581905243,-1.4126692731559063,-0.8801893235824779,0.1425432108721109,-0.19276303336757042,-0.13586883083292497,0.35660129962708453,1.549288396203231,1.0582900226250056,-0.03217886870403319,0.5053686653857832,0.4102997025501165,0.8018317601397739,1.3908928903617155,0.061158359304567415
-1.2425247618552042,0.023021048003243897,-1.722020640683094,0.9947761783855849,-0.21840030643871522,-0.3406543813336162,0.49874507536283685,0.7247252732690876,0.8329261039387276,0.7968558834784937,1.2917308832985075,0.7720878648283932,-1.4364205318016279,0.7927806972697418,0.38685512194500743,-0.047856425670843555,0.5452934645356713,0.31174821838915445,-1.8498529880129269,1.2069713838433593,0.7150166483476547
-1.8259871391564253,0.6815687096102995,0.6812741524239967,0.39578246795705185,-1.1548165748004984,1.1451374721969036,-0.6664942422675122,-1.8028791489771976,0.03680994979408377,-0.6251867907383387,0.7795751525919705,0.09364020542460967,-1.1777811069057025,0.7610357766297925,0.5039748676791062,-1.5581425235963822,1.540354204684346,-0.3398709346854945,0.4256732948350778,1.4050990666431038,0.08711999847126094
-2.0401324967834116,0.8416376039504756,-0.7448771845208991,-0.6536462894504318,-0.9689266258862417,-0.7882191574112579,0.003925098806257788,-0.8159744365646453,0.3445551672087714,-0.2655996648830513,1.295204445785164,0.5879624804066845,-1.4972091524619981,-1.0672646118442566,-1.4997592960717065,1.3293137208698012,-1.2089150130021074,-0.9892738021938489,-0.4167202246332792,0.04721832309014127,-0.6794088114799863
0.02991187293547332,0.06062220344938837,0.6650089186857207,1.117367731972323,1.4741580511151635,1.2023181241626608,0.1363497592162633,-0.6926794712139185,0.41316070113488673,-1.0816939789317805,-1.806585494427803,-0.09637525241238311,-0.7032765745269784,0.7993631923201598,1.0740210944844628,-0.13551163665385685,-0.32191377258105086,1.0850350024908941,1.515364954557248,-0.6345111769816899,0.8059081307149507
0.9555801409114103,-1.1726878524414361,1.1597050823501358,-0.14198551822496214,0.2652357811662046,0.1018614903669984,-0.8287815481586168,1.1173832235356096,1.2644901276768505,0.946597798056385,-0.8192454963155448,-0.6387814046632051,0.690026001120899,-0.58423451787538,-1.9430628964289633,1.463006667407737,-1.3176987556655007,0.2366614697770673,1.1125331920419073,-1.5838351680321945,0.49218972687131674
-1.3908240530981182,-1.4823023998895262,-0.4612766812450608,0.500128913841084,1.050047634014861,0.13953558652465006,-0.9695556982105719,1.5449975203938615,-0.30682038966062347,0.9342528069079401,-0.7376633963109568,1.505656567563319,1.0747815784903731,-0.452311569311548,1.0360491182347231,0.6426764590820543,1.1922109802558096,1.0964483315944622,-0.22673215756444212,0.7389700778185481,0.29254655123220014
-1.310712836680066,-0.288006052409094,-1.7578921408015127,-0.013891951499464674,-0.975715973264549,0.19758745718066983,0.08136155650099336,0.3396139995555868,0.7997563197908872,-0.7801007271804556,-1.2573949073477646,-0.6139403080121105,1.0412415428344763,-0.9840524781955996,-0.2516002732959147,0.987294150981701,1.0341434604169812,-0.7021487167389192,-0.7052445008106527,-1.6453152451093387,-2.126204087949511
1.2287209869898004,1.315168323136111,0.6862372531767695,1.4539454014821205,0.46002084933175896,1.3889889238648119,0.5696688051389927,0.6944261469142899,0.8802650619730775,-0.5466555822749964,-2.0775036662215034,-0.6254851784097324,-0.4942992704968205,1.3386367811153874,0.5200205495560667,1.3433696732650706,-0.5949327422190908,-0.8559860993170257,-1.1111687334777494,-0.8264009774264052,0.7223257338065416
-1.1543394034742227,-1.426438752068651,0.5860815472740772,0.2902897354700242,0.9712133204266282,0.4227514594213341,-1.7715595995543099,0.8681243035595775,0.6944394674586881,1.1435650581266572,0.1018655137407201,1.2185491560558475,1.1995949506160957,-1.3498436334395598,1.2305115618851998,-0.40761874968494616,1.4768078775388187,0.08543417845093823,-1.4743104530592432,0.6539017252486895,0.5610051876463549
0.4997680535496539,0.44021692224920794,-0.581106269090915,0.6530969847320236,1.0020487343733708,-0.4988921136698517,-1.9823984031246151,-0.2711877286365402,-0.2822667686593479,1.508702342070237,0.7088154071427611,0.6770127891733841,0.491324708574921,1.395449620463178,-0.2113766422058462,0.7987454409726382,1.0872913793095365,-0.3440049121192737,0.17885021461397368,0.5257788697594346,-0.7492613860723457
-0.12014005259678413,-2.104169384499011,-0.25099831110755727,0.5939705510404716,0.20085224048452394,-1.0647443000175303,-0.36781906548344095,0.0025388721855241474,0.16334635583488674,-1.1422984426620602,1.0673082842334192,-0.083336777412694,-0.1495871026377092,1.0317736755726723,0.2755164938560841,-1.3091703303124929,0.6709641099566649,0.5381499758912843,-0.4011086258258719,0.3131542404228609,-0.5683421787403617
0.26447782414228965,1.2027195546897353,-1.3829539020619286,0.1750951040076881,-0.944214091566588,-0.9470938841690681,1.2207481798611712,-0.43005678134586395,0.4642619506649892,-0.15854213082995933,0.003565237646221562,0.40224857401394465,0.21764504380635852,0.3002236919338633,-1.1360372384746564,-0.2166960453192703,0.7413288993367347,0.6646828513301508,0.7902764087399671,1.1024950991126365,-0.9094778296111797
0.06380000824608713,-1.027720304786426,0.726600691299254,1.041462441220487,1.225545980811205,1.0660642744543716,-0.4324690970605065,1.2231200740401718,-0.983439746975042,-0.3240515794193505,1.1134231403614274,-1.8087602779675689,-0.9587060568887361,-0.3055889106931478,1.1682744900508168,-0.42640323838779054,1.4633074415702252,-1.4608013130833386,-0.22255520278771848,0.9030186862865389,-0.4552633927024648
-0.07209491973023141,-0.09302325115277325,0.28772236008972624,0.9926058541403088,-0.8620271039345713,1.1695369374580367,0.4632919864649026,-1.2458529235514373,0.3171919335486733,0.34832705487005855,1.401141230870983,-1.6481291719873887,1.4951367978287764,-1.2349435438791014,-1.9152321991139216,-1.6211612950082017,-1.1471426390331585,-0.23716554851680632,0.6070124598124039,-0.4516494968813232,-1.154443257056321
0.83712742357656,-0.9839094943620299,-0.7109189133398557,1.0521734865678565,1.1187245739974634,0.9923712850009109,1.3072611045403815,-0.14789517970012336,0.2445520933813506,-0.7729754210679751,-1.8199627470804756,0.32608724453731786,-0.9266297730046634,-0.26543738180418186,-0.4846382793466498,-1.020881641402801,-0.21654788599155886,1.4526181619934477,0.6638886652690061,-1.4376869459305859,-0.5528171021044377
1.471038291238959,0.20678033376052585,-0.33010986123242025,-0.2859934556768604,0.2690884799075608,0.058602751375008755,-0.6786637503633096,-2.080564593362398,1.1339742574189198,1.5225834906715654,-1.8021451848222338,0.5865274044263596,0.0028747381576475686,0.9401220969711268,-0.997472296904662,1.201219018005463,1.0549627520152065,1.0403640232926306,1.119422566059147,-0.9692861396414635,0.33878352116382393
0.03144065416706974,-1.5202578432912708,0.4596747194103467,-0.3308560515089996,-0.45022707967233766,1.4507607619632432,-0.8226725377449438,0.6740105256733557,-0.26623942170744086,1.5462320250398318,-1.3456587085459164,0.5481766373300073,0.42944473519713183,-0.5239934652717526,1.0398682393039254,1.1262199603592344,-0.43441762962336233,-0.797046357386954,-1.2359189360427882,-1.0697675738467016,1.3613882102944248
-1.6072949441754814,1.449704882042637,-0.9977676850272602,-1.526936457925237,1.1725584000331137,0.08889215438189861,0.7873557404438619,0.03823528173904605,-2.016670860979282,-1.3027649079277417,-1.7003843992321992,1.0958014802456475,0.4659321858452861,-1.935152242602187,0.5374676990010494,1.0469042483338293,-1.0901327482435732,0.6021473720350533,-2.0062547838875404,-1.5264706007995055,-1.153133786986039
-0.7662637329693937,0.1333147892899082,-0.5240817789475838,0.3681618499233494,0.23835731343077363,-0.7906574969525602,-0.15168507324121427,1.470131486114474,1.3167631516307916,1.3977484541717748,-0.3429303866218219,0.6181652921032657,-0.3685408355179351,-0.4289815552375895,1.4824866273701642,-1.188467836296602,-0.875812358221973,-1.1781937558082334,1.2046487476900611,0.6229919711800366,0.2857812440385962
-0.07280651078843325,0.9119812374381946,1.5327554150661082,-1.6694293124230892,-0.38923583012386115,0.6254378547376436,-0.4755449854259664,0.7091590192343887,0.5635812885604098,0.9458215154189262,1.2553470175420025,-0.4814201909454959,1.3477163430875811,1.4573916927248771,0.18546604876871692,1.0664117034431204,-0.3956392561132674,1.3568993566825647,0.6607565164810876,-0.22091173881406076,0.8208194594837727
-1.354308102934497,-0.06480098175240959,1.3043006091249334,1.0468912955464469,-0.05690001481685357,-1.248574053229789,0.9700596944566444,-1.136777776881326,-0.6745801073083761,1.531268789502018,1.3708149406083658,-0.48156682568841563,0.9042241061009266,-0.04705188794904483,0.5006957549777864,-2.033943815191865,1.3804311868843968,-0.6822718347895509,1.2723298617957652,0.333233937197514,1.6490967806444983
-1.1099614845856387,0.2526349037816097,-0.16160002594960016,1.4721416457389735,0.741018347795241,1.3832869830497534,0.5846577224672657,-1.2047899306852399,-1.2926903163545889,0.6161225375521382,-0.00024955055984404316,-1.633085068786117,-0.3426238539295287,-1.774888278715181,-1.5027930513765455,-0.601112239738108,0.7892256283564175,0.400692549314835,0.991281922048258,0.17369521303271293,-1.1028795843278858
-1.8179828104113671,0.7938532229512912,0.12801900186314774,0.012103473633730497,1.5305187765063668,0.03400371148528806,-0.8115024497070749,0.30616852021819413,0.9010999203409755,-0.590280017993656,1.0297646838368106,1.102514523774787,0.2655266608624594,0.9486348998162689,1.3098188185274513,0.4559478017982039,-0.7119109548487836,0.8262793892807258,0.7394900395512781,-0.31874733940815575,1.145764242607134
0.20411249396531034,0.14127067926794357,0.9636298021018549,0.683545281523596,-0.6359290021836401,-0.8137570242424892,0.12364784194085876,1.3452466819911466,1.140956406580952,-1.4619072287719221,-0.07143781591614808,1.5137949875344108,0.6504807354199917,0.6452680266812795,-1.3342000820983815,-1.0308750213859776,0.7673725075802832,-1.5283606694762337,-1.6938812234110694,-0.14874255101610231,0.5973894250261436
1.230818296719978,-0.19970755014007888,0.5829314492784876,0.7192716921269359,-0.9521589137132047,-0.5981038146063816,-1.8361700144794428,0.0743305395544037,1.1589967781399313,-0.862328017088974,0.6328905870159492,1.0943524215135063,0.6504989696680213,-1.2903059645257475,0.021364001500383988,-1.2054980146696195,-2.0637901309116855,0.5347580056825852,-1.5945624265673524,0.9367646964988176,0.4521374854769155
-1.8505433023315043,0.8896491694936342,1.1153998376251355,1.030448706517298,-1.7325856141593732,-1.641845595910276,1.4583650202119824,0.7558912755630072,1.400362145107037,1.1951243301077181,0.24496239755846277,-0.9197034574151177,1.2105507712000647,0.11820430857669079,-0.030408528590416744,0.38021258635593264,-0.5191029139534272,0.8572602914996048,1.0786742170961987,-0.8494151009956634,1.476600940146547
-0.241888762318664,-0.6036470972754147,0.7426914525738766,-1.543791695912565,-1.9031694851715013,-1.2969317190993517,0.23099681140088502,-0.9768702128395402,-0.9145137145472052,-1.4770004321803674,-1.5412418400145733,0.019564033947515394,0.9485496889382032,0.6189852210664483,-0.7301000807251332,-0.1582382183893878,1.4322795622930458,-0.11135077079018481,0.4979068648130597,0.3921034817510067,-0.19312936582211784
0.13000075245548753,-0.7483006119921473,0.7209199323074466,-0.5530040091236983,-0.2794891328003987,-0.3573505115354364,0.00850496942133206,0.3721880842424106,-0.07459778312373082,0.7830739995963556,0.7131183431590469,0.6582556913600147,1.2148180129710713,0.6274579795717614,0.3264360069137325,-1.3480862016568522,1.57138343721401,0.2231929801261668,0.9796780255671358,-0.749523549464545,1.3074268157053506
-1.985956388998376,0.8033581334902163,-1.9966185367895157,-1.236954177318534,1.2958492434203883,0.14273660283867234,-0.876661234268852,-0.3423773782440146,0.556607164388654,1.1483033597017416,-0.9545719001290061,-1.6866597420223326,-2.159480854328155,-1.301616666128965,0.5001711940382781,0.5538506829002336,0.08215492230056855,-0.9011933471154355,-1.5566152708246896,-0.4080051600462322,-1.6062354701096526
-1.9289801484486948,0.875008601239503,-1.6660726578403817,-0.6671996840511039,0.28848282058229185,-0.468586569179029,0.917947673495707,-0.3347613924952656,-1.129125156680709,-1.8230895393723772,-1.323903022173613,-0.7060630303862172,-0.04062081135750833,-1.6866310058056175,-0.4269064733535595,1.3797901300830682,-2.0224184435535677,-0.7980678666881984,-0.4596002625191519,0.32386984586388856,-2.884222346737589
0.30483120679683917,-0.7018110420236061,-0.22871841826371056,-0.3629443034954129,-2.068841595913012,-1.9271753458278345,0.758588789815209,-0.04350668646614518,1.5141998544898774,1.0753572524917467,1.2219721211822563,0.7176310935128185,1.162496686531612,-0.2605717663296474,1.29432695433241,-1.784368783592625,0.9888893878155548,-1.6761500892387695,-1.020391855279738,-0.44388624044477926,0.9141107871810572
0.3844673091701793,-1.2102176483377376,-1.2561751403819161,1.4552198593294245,0.2270084085032268,-1.0486400503103486,1.0866125608891573,-0.6988555384479981,-0.6711320033566321,-0.311973767295228,-1.4519210043220918,-1.1973689430074086,0.39808815704452327,1.3276921393853656,-1.4226808640927877,0.29749490908113496,0.028730986245164184,0.1659348491032492,-0.7217567438434711,0.243400902248914,-0.4634990394885796
-1.3388422647944975,1.427069079968422,-1.2523224288892536,-1.56690017379736,0.43131414791863,0.7006115126116294,1.5193980610036781,-1.4718121839099425,-0.030348635278436054,1.2151321275718214,0.8938253427855708,1.245610370358781,0.20988883755095356,0.46453596282725035,-0.8566737410795291,1.3352424158731082,0.6493287823172562,-0.48852966102075096,-2.0070940904290246,-0.7847988587677709,1.4005379490358367
0.8448108137999722,-1.4145951090779076,0.6231004112383525,-0.7065604968713677,0.2895797870086932,-1.6729302644600326,-0.9126540589213112,1.422724750451048,1.0808010226819418,1.4793387295388147,-0.042448725268622874,-0.44630502456261034,0.6766613839572706,-0.09671716929651095,-0.4074852740343341,1.1344070174593006,-1.302896792152783,-2.0259352047695383,0.6764665961085432,-1.8675694661164464,0.8721545409146312
-1.9397286276624468,1.1471260592370893,-0.05081823463340083,-1.066903416187427,0.502174188108739,-1.0682516417169,0.4187287039123035,-0.3881225358912508,1.4417255189911544,0.9929946226453472,-1.2825905724564348,-1.3769930637020502,-0.7653332510498949,0.2579535177335741,0.781123052183425,-0.6418636406233924,1.1026019440370975,-0.6285459463104957,0.22874539226822138,-0.5983764952114015,0.06793769575069077
1.5331139535778588,0.4789886162462325,-0.3595432568948403,0.5124149091208846,-0.554633869141492,-0.3905193628961674,0.8291460026014289,0.8522930875031914,-0.9137498936317677,0.6345105071037723,0.803643018392878,0.5659446753681149,0.2630137971227783,-1.6264734896431903,-1.9169594374391847,0.5300684359532011,0.21316710524802515,-1.733674978700249,0.9241825112757286,0.6530409042577022,-0.446800548071904
0.6944086764143756,-0.08234526387592189,-0.5290694850258738,1.1439986045465265,0.5084719870049409,-0.5121511122260735,1.3569649966206008,-0.013274185385931902,-0.9568708044404585,1.2302898753123022,1.4215463656718161,0.1984675807081564,1.32371485813144,-0.9955166474929457,-0.057055617198969,1.248933849156873,-1.6190585224567293,-1.39892974806176,-1.3526602474943075,0.31074820894681987,-0.14175202635314305
1.394578587336681,0.9480023911178619,-1.3235388966562174,0.48560841796141824,-0.18641984195439926,0.9865822171061085,1.485873688857209,-1.322311261613275,-0.7487137520343412,-0.9511128902841859,-1.5202024924389246,-0.7871289807077944,-1.1151635055854365,-0.6549753593933294,0.17091923965811415,1.198658984521542,-0.9225657686641267,-0.7927711613455483,-0.7115999245234967,-1.7327645878939022,-1.551598857038353
-2.004001006919188,0.8878199343975393,-1.4282703007364217,0.5532484802820103,-0.8114786548457629,1.4436778941001498,-1.0291485567423573,-2.0101379751086874,1.1603393032976883,-0.8834049447777352,-1.6688534682458134,-1.1061707222896577,0.01259964394848858,0.5437219547612306,-1.8670621410248984,1.0531874975745965,-0.6174745477410503,-0.9203665927831796,-1.309710360144012,-0.054472925620559914,-1.2129643982261453
-0.395800984145853,1.00759161782349,-1.2191720480541852,-1.3595393355945937,-0.185419636244091,-0.8565203771536939,0.9861896631172558,0.3392986719480078,0.5176436451652627,-0.49011938965460783,-0.7906909612066393,0.4811881578671732,0.10598614690389402,0.08961135048243575,-1.172541140002802,-1.6755799611442392,-0.9517135452116456,1.4789135533604656,-1.2855652981580854,1.1178395951073414,-0.5964585034576991
-1.2895430192663904,-0.2432372830278125,0.7386230155461799,1.1669925001292143,-0.8170650440249142,-0.18091910140398818,0.03281140453071784,-0.20440053319529963,-1.5259391609989246,-1.5816972559260547,-0.14704943411228671,0.37566907758491225,0.5444762267963141,0.8399165600267261,0.5731669631585116,1.308590180703755,0.24002825166419126,1.022370383628391,1.0744129103493527,-0.020501037778331864,0.19188616437462708
0.3871799623400939,0.5038080487118972,-1.4904709354584154,-0.9547914177378626,1.2983123968257362,-0.6535779879514428,-0.8021667141700124,-1.5237098468761217,1.174615999261169,0.989687607166974,0.3885030050058416,1.0959312502529273,-0.18782061782879397,-1.3408607123145293,-1.5739431886697426,1.3745394350196078,1.5162405662260159,0.7739649747558836,-1.5536441753745653,-1.50799758375828,-0.08903112622610157
-0.11576484527251109,-0.0784578263654918,0.2271056938371022,-0.4858311189526893,1.3758768409494238,1.5201610554601286,0.07291101877582828,0.37151950689331925,1.5155383943593586,0.02100714771669336,0.19430950606898456,-0.9208572030154606,1.584725199532622,-1.2784469870539796,1.1560260114079348,-0.5518469793448104,-0.07877032381876056,-1.864998714366899,0.37279286304001064,0.7241718374866122,-0.7766203382625839
1.5123068454621655,-1.4450747532509562,1.2432682036313674,-1.4102833255381535,-0.9086506873732985,1.0041625664940337,1.5238356806287898,0.6072924916897215,1.2030263260136214,0.8526312601471581,1.2935150321019688,1.0469436918756105,-0.9168569334910927,-0.48992047225022006,0.19459164697355982,0.7480136586496385,-0.7928778257933318,0.4697346182765006,-0.5155246725520984,-2.03207331508412,0.9936297842633195
0.9272031488454436,-1.2332159080419485,-0.8866767028135215,-1.2552137440346849,1.3429726108074518,0.7866936928203633,0.40535994451771745,-0.2936178111665526,1.378892795266438,0.6405806275677519,-0.4265135567810842,-0.7597197559194564,-0.9593244780648108,0.19878802165924542,-0.8637890504065786,-0.9081175022807505,-1.1457218272964695,1.3541631044550275,-0.46658421187448,-0.8465865512379382,-0.6200467071744518
-0.9287250513567935,0.6051652299465722,0.9175659572019514,-1.300067693389329,0.548651660930548,0.9530451313030283,1.1870657206415913,-2.124675590096419,1.2839756020611115,1.469316666014552,0.21191775315396352,-0.6328931187083515,0.6376966408756707,-1.3941001210315427,-0.03454400588604226,0.9642345246481876,-0.03470245190461253,0.6807830237186902,0.6268594627080583,1.2160808184082192,-0.20991007550428956
0.5191692096018821,-1.7134108589246928,0.9132604199971388,-1.060441801261834,0.8944744985349101,0.5728831852421639,0.6398371507618107,-1.760858316152219,-0.954543867334431,1.1013431977868369,-0.4360683425551458,-0.17119003063499014,1.553682090804531,-1.3559074328681868,-0.31337582479311493,0.6877290282436943,-1.2827092256839396,0.6633594302231658,-0.8107242052756071,-1.1179420870377401,-0.3340412187810642
1.1720073351524423,-1.581943743586552,0.3100962414658791,0.4678010378427717,0.16644346606810745,-1.9122811497164705,0.9395485704162279,-0.8381930101294913,0.17035465406107672,0.2699092783546876,-0.9084840250248184,0.4596142395047726,0.1287314679514171,1.5197374474149736,0.20078220842736114,0.5132233079561035,-0.20851932412857263,0.6849809067919155,-1.2142656191580599,-1.9261782671797514,1.1658256221525767
1.4327182460796646,0.9483637333304498,0.9937417290510339,-1.4739332564335088,-1.296999008805204,0.326931755562593,-0.8265733818958906,0.9971247854117609,-1.4954609259194709,0.07465596097140592,-1.7575042781459425,1.0330084689176688,-0.13143142983947387,-0.8090297552795294,1.5436703789510604,-0.11356216370696144,-0.646258725610343,0.9103791614167275,-1.5993874782195734,0.11345986885326295,1.0043125313309096
-0.717024480252058,1.0660211027850315,-0.8717560167307107,-1.8568094283064058,0.38167864954274777,0.8720768597655322,-0.09985360347778253,-0.8061921827758599,1.200828029571483,-1.5629469101929052,-0.6288953321661123,-0.19924161573282484,1.1220042663939447,0.5880101673638695,1.231094729278346,0.09758662540720896,-0.9783607161964212,-1.238027656500596,-1.8000673189557121,0.2511526533541514,-0.8919350593168583
-0.19656883407282452,1.5201281145606662,1.2932648206872153,1.5308956593639529,-0.5553594552955747,-0.6751628408909768,0.3773919213185658,-0.5730856646572835,0.36971809737692435,0.7140160757676312,0.22761739407920034,0.8900913012053047,1.0455746874191612,0.9673584749440635,-0.26726840327564727,1.4797478194606297,0.4595232304608808,-0.7965067412168559,1.4238225537997695,-0.5374141410828578,2.2491403662912894
-1.6194281996850488,-1.7561411608778872,0.7535625796641213,0.15517514028794752,-0.6370221323996031,-1.2800143414425207,-0.61079187125018,0.8584978833961363,0.5675774777293185,1.538574714447832,1.416226574570268,1.382469999501803,1.5278677630166992,0.804326580642961,-1.0997742518213829,0.9889525109521882,0.6715896777619134,0.1826979710442835,1.2085381342221198,1.1014530070321502,1.8623244487483244
1.3924120363960846,-0.7424458384543683,-0.01162235385874834,0.4455291256003651,-1.857410291951657,-1.682424405072579,-1.5234242667372364,-2.16562521283879,-1.9103223572769303,0.4895624222708064,-1.2883130916659986,1.4697593576163048,0.13616497326906246,-0.37063722986825115,0.9303638649878311,1.263294867032075,-0.3597139032277867,-0.5542169002809477,0.3733731427983614,-1.9296471145997347,0.842588234721505
-1.116238373104171,-0.5620475127872995,0.27325592445392943,0.2696176358852467,1.0892822493788172,1.0275315292674532,-2.0629230215543197,-0.06681972013720697,-1.5706402361998164,-0.7663411751652517,0.5888586404375825,-0.24272995652415963,0.9558876188107159,0.817008863682405,0.8363958725891568,-0.7919177071346409,-0.937235188950271,-1.1532752217914677,-0.12672236167274456,-0.6478050308912302,-0.011954266725474427
0.9639638059215554,-0.4006592084061937,0.72923004338542,1.439054111571814,-0.7021770137061999,-0.47679724828251857,0.7206380486271979,-0.7663953228955147,1.5858335981936655,-0.06398521763278478,1.0053214186569996,0.48955818522755823,-0.385147200113886,1.5159869314151526,0.05360293927261626,1.1955838990262797,-1.8936996709893053,-1.1756429503818882,1.06003793899409,1.0941466180186,1.388837181955016
1.19815908851756,1.2152871820615323,1.5393970471645135,0.7178744349420417,1.1580151133915007,1.3376727040182894,-0.676188199640041,1.0344167171407523,-1.8348583306034223,-0.03188013061724098,-0.8481528017870154,0.8601832457674942,-0.09370092634788754,0.5426201280784033,0.9615219070934924,-0.7024324398220235,-0.31583065701840535,-0.4211526278867059,1.361478479937166,0.9508015350428585,2.476405840015415
-1.1390809888073143,0.8118296773632032,-1.2692608360831161,1.199714126446671,-0.6950895737635255,-0.6937370548159797,-0.07879006458274909,0.27071622878320084,1.4680191689831912,-0.9933196889087669,0.0856538510683673,0.34129671102549863,0.591106825447612,-0.2547610387619723,-1.4432560596365778,-0.5327217142370965,-0.7225887986022602,-1.2957321512565803,0.6000638445755149,-1.8020108659535181,-1.0136569701781206
0.8697207840195906,0.06259563544182732,-1.7648265675011026,-1.3344111390494124,1.5267718317679113,-1.3847386409723543,0.9214888584723097,-1.421139219637298,0.8621522527010945,0.12583649332822003,1.0116720364221956,-1.0020570939770002,-0.5220077685502073,-0.7120124027303202,0.5397582288376417,-0.7717101300649952,-0.6207129676922283,-2.064805047267312,0.9586776783521416,1.152711762718061,-2.157915558804366
-1.084755814292957,1.0522268700289445,-1.1026762054700314,0.6490973847750448,1.3763562025876892,-1.5009848119910671,1.2191941556160057,-1.3580076189353003,1.1967763609854598,-1.1038672273183918,-1.7303978600677543,0.04259806744161414,1.4114389032960026,-0.28674213644204993,-2.02564240852739,-1.177879782690269,0.6874331982492734,-0.8665219804876251,-1.6230676552746555,1.4250103514293289,-0.884652595475473
-0.2519584393594895,0.07394318412371727,0.6832330995763282,0.3210184563643795,-0.6155087833583915,0.3486427742670548,0.45877636845861797,-1.0979985871074125,-0.5418661938736423,-0.35596740048318,1.1294659287366742,-0.04926459449811456,-0.2848544589055192,-0.6002927970172892,-1.7154673584814977,0.064319729247546,0.9096943434498117,-1.2215938292008526,0.995217666941417,-0.8862669051303356,-0.16290848911104644
-0.39586266670585085,0.6639743452822434,-0.44485616436940084,-0.5643064169356843,0.6974323644607521,-0.3451037113048957,1.069898462295429,-0.5256122439493918,-1.235383049746996,0.7816194200369672,-1.0683303979834242,-0.6934066824498762,1.1238658693594978,0.405218888240752,-1.5841475714303843,-0.09586650064076331,0.6306903751743501,0.8537581896932117,0.7600156199381977,0.8488839092511966,0.041419789417177666
-0.7171791269033175,-1.305430799406949,0.5534056286524546,-1.8987865110222888,0.5463155628075722,1.313001892367002,-1.5302921125829005,-1.278659028645735,-0.6392471399117673,1.0134403651404462,0.9581990299701562,1.139983785489676,-2.1343854977065826,-1.803834933045741,-0.6741596409808436,0.5065096735246298,-0.5825671604994143,0.4808525771419681,0.38666625126012927,-1.304084358999485,-0.6367550142949238
0.47342138600885847,-0.9053208284022067,1.044438407751606,0.1347812871366929,-2.095320531535043,-0.8394483719076776,0.8392572135832806,-1.5022232885928533,-0.39292990821201346,-0.6506878051327675,0.625272854315036,1.6185195157232595,-2.126716720970498,0.902703669869969,-0.9292866643156384,1.478837247858343,-0.5566907039595151,-0.46335926642543385,0.7304074508362037,0.347428556050133,1.586125582370847
-0.6613866796263893,-0.8670813228098964,-0.27375709241937873,0.982597472802524,1.1400744572065677,1.2544539837547017,-0.8658183452579657,-0.7913072837686334,-1.0727141592991833,-1.9006370802614587,0.06197154367675609,-1.8221527417856596,1.309307161037126,-0.48673994051411973,0.7903156670364845,0.5494770428159377,0.6355640361668592,-0.716688892254111,-1.6676127945757413,1.1051055056000278,-0.6531893910892508
-1.240933901096078,-0.9533643866584698,-0.4862190556277288,-0.9114364861930161,-1.8362897277133456,0.7320506665880931,-0.6397553169696198,-0.713087564300119,-0.4645338546611334,0.5566426495891384,0.2677371428339348,-1.1601738173217289,-0.6052144565912256,-0.37799799685741814,-0.7262888082082632,1.4090296557847104,-1.6336724949969557,0.4418734565220394,0.4763951751298097,0.6605979005233015,-0.8801306647136997
-0.4612554339597438,-0.6410747986636453,0.7124933032617596,0.08371302529241735,0.2333030014482621,-1.043314326290618,1.2736839802127486,-0.9291463293715132,-0.51550904084074,-0.8296753114919738,-1.2348023422140273,1.0827813156208417,-0.39408458041770256,-1.209223814000816,1.4726192692174145,0.8335517909530469,0.04973105508103899,0.5651151057616852,0.0938179235886337,-0.15558674995914532,-0.8005400792344676
-0.1851469600909762,-1.2951344336059427,1.0149887602091112,0.7082321610919659,1.5315075972741476,-0.8146702070414631,-0.3421334738296433,1.5533439976815937,0.8576967376816738,0.9026758942098762,0.27678712201874733,-1.3825002610959694,1.180015665851147,-1.2567159914930555,-1.671384916371123,1.0455339393818817,1.3460832596835313,0.6434174962440357,0.8423647883812222,0.008303057565029097,0.20919113566085867
1.5219656744036705,-1.0522289318131326,0.6421428983460078,0.9952934389448063,-0.05644158524086574,-0.7012625204566482,-0.8009326400200559,-1.693751235389064,1.117190576248937,1.189815257162714,-0.622610876654189,1.4647890089104079,-0.9961597579749827,0.5922516092025581,0.8357322591883874,0.7000605489837882,-0.2531978959523362,0.7105381488276106,0.5895856426552358,0.4836626354511403,0.9446117703313033
0.30512919339733313,-0.7030583430488644,0.959265611317573,-1.5615274080888826,1.3429780054103941,-0.42677557517371395,-0.426401983916165,0.9839851947476668,-1.9648565983333393,1.1187327791281967,1.1113079127994614,-1.0676963385732794,-1.4428645338172854,-1.1743423804775939,1.205434362100156,-0.4049401002365992,-1.0139881931578767,1.0467904658510467,0.3049956419494311,-1.2640167508004096,-0.46197587340722057
-1.6465557746160808,0.5588796176559834,-0.8416333024321421,0.7427899908681724,0.1891931756641688,0.4657191454622317,-0.21192668034739653,0.41034910606374086,0.8507693530483403,-0.24919808699856388,-1.0583792093785547,-0.5470335214014315,-1.9038990722810176,-1.2572003629474522,-0.8023355042371827,-0.5639767062650107,-1.9970330160737109,1.2532817498991782,0.06734175570970619,0.33038775790836633,-1.5321483166201306
-0.9150516478068577,0.6101953277163439,-0.5071017042215614,1.231623263375262,0.5773400322563694,-0.8106290796018588,-0.623211667624069,-1.547324624394011,0.32446151084804287,0.559162067097065,-1.786474088119476,-1.695004939155017,-1.4810476112445325,-0.8884847074142204,0.6809220996923574,0.6779139835717292,-0.652944162899254,0.8257270753648214,-0.46060198433163124,1.1373446421945606,-1.6303527264615327
-0.5260522769253888,1.4458178221795746,1.2485665797234202,-2.042861456505283,0.6232302742950642,-0.2575359615964776,0.8363203894732726,1.388863657024389,0.4174703125443352,-0.6928348887705017,-1.3370325545198358,0.09038027248693355,1.402577474883273,-1.3134135802752918,0.3514694071022827,0.3205483202376257,-1.9834012453979908,-1.520078217445428,-1.6862275775797362,0.3698213114529443,0.269342010086241
-0.22350283188228914,-1.6029281407366145,1.0074139157654178,0.0303958138502034,1.0391090626782766,-1.4735932881021623,0.4277764790048932,-0.10447344620443223,0.407722861369406,0.4408827414678894,-0.6946361499559215,1.4831970409812385,1.3034334948884394,-1.1336994725736984,-0.45498772029342077,1.1477182829148984,0.37681035757242354,1.1157742476175732,0.6604976744364942,1.571170820066992,0.6550071784816147
0.9355935527755462,0.1080040667389194,0.5386666020632952,0.30923494369915333,1.001314690039469,1.251246371431212,1.2058186904316135,0.47954291379820974,-0.9054999745906669,1.2399336990002905,-0.522115092906027,-0.9857699889905268,0.35161190362291966,-1.1761540976823548,1.5653943845995864,1.0901183305995907,1.0168980911579302,0.15544477399361376,-0.037623289264934225,-0.1239948879665618,-0.06904974388300911
0.6183773338871011,-0.35903258892310363,0.2667707874221672,0.36442126352529514,-0.06342324895655421,-0.5206023942612059,-1.8428962886566638,1.2457861151081806,-0.5441713589734938,1.448282218487701,-0.023921992637111623,-0.09546931634020998,-0.41894261769196245,-0.5696987863625971,-0.8138576917115861,-0.48153559032008736,-1.2755377662414322,1.349724678362261,-1.5032098324498564,-0.6541989131310826,0.8315807053508104
-0.39071461218441583,0.702481366945821,-0.5960084954088223,0.7748608654782118,0.6461843541058097,0.5453920284512501,-2.034260579977472,1.20022246845283,0.6107763527182918,-1.3456190307636513,-1.3300877692665654,0.5032979789704703,0.6509371900819293,-0.5438679927589699,1.5300301641871996,-1.7404780125958108,-0.6831599882608606,0.9623092877351556,0.4035577310540481,0.4367173752977738,-0.9350133945062247
-0.11534049185912533,-0.05578517163989888,-0.6003127740860862,0.7004105101516577,-0.19935914226263418,-1.5654834675197902,1.1063210465198499,0.05905922548455597,0.9640908008376895,0.8656531982748816,-0.93111989214578,1.5135168285793836,0.598492846336473,-1.0191238575663557,-1.5915841436047258,-0.37307160525288546,-0.24466243219933984,-1.509700355859824,-0.12412158865102708,1.0947475250280319,-0.6559324324525612
0.7527488784776947,1.1040534807739435,0.6327560088212579,0.8539778863123985,-1.1124693443062128,-1.113224316138404,0.1978140087879968,-1.1722524266283738,1.0668477462995525,-0.21898717484329702,-0.4864586902236633,1.0116763701834606,1.2499017276814035,-0.13140022934719572,0.5419686103996526,0.405431394742792,-0.5973347514039058,0.7491007397796177,0.16349619440299457,0.9606094409992776,0.6727594285368822
0.44531770119334463,0.03730881213470793,-0.6415442132969007,1.3300511032725693,0.06693550642463847,-0.09147919403481426,0.5120246414753911,1.257752265368388,1.3197236172769664,0.5562330336714345,-0.01617826591240399,-1.5416926310079322,-0.9754159124599189,-1.5490940401317153,-0.48318527259370525,0.27631922795798824,-0.4780525915522886,0.85110100156352,-0.20534069073683897,-0.8301096636307276,-1.6858891353701473
0.7447658327710043,-0.5252876061178703,1.2486787799332244,1.4979909601166317,-1.6457153033099374,-1.1259758098025299,-0.3243770292917257,-1.278667770344628,-0.559722403644485,-0.09699385402663575,-1.4900832471592416,1.5168533966251925,-0.6403681916822425,-1.8577090286369538,-0.887121127606739,-1.4789042780895347,-1.5888223743298486,-1.5106065873183332,0.09607891545285707,-0.22583571922394022,-0.02856387949948509
0.24227509085318089,0.9279810269145449,0.2532148289771367,-0.852333123301713,-1.2024370061921474,-1.7363850806822663,0.5702071375324935,0.5607072079734474,0.12053832942266668,0.8273604049112036,-0.34278020662728065,0.7700613219527754,1.4166198232887515,-0.4169794418131657,0.7235342636510078,0.9879460685938543,-2.0880874279982007,-1.4253113847457803,-0.8217111046320521,-0.6128629707559232,0.3740879158696456
1.3444229809562402,-1.4307397000346505,-1.2968928836421465,-0.8599423540014318,-0.7453870316389855,-0.2668041393463528,1.2566434830954425,-1.840372268090554,0.6472794908377825,-0.4235925765472517,1.1386654831751555,1.02922735444695,-1.4184993447177507,1.4334743728030148,-0.8588573762870867,0.27852193722346147,-1.5162090103611314,0.2736184858270007,0.4776442941183086,-1.1450839082226396,-0.2170920073612252
0.3472794643029906,0.6166287094051884,0.8561352272554842,-1.3113052806598167,-1.2467498384285554,-0.5405712479038179,-1.7236625005610278,-0.7435012354913769,1.0232790696180405,-1.8107496255777211,-0.7358514182899943,1.2621007300430729,0.47554977060916714,-0.29676293227489925,-1.9584064828577001,0.8604179751176503,-1.119950738926409,0.7608700150811634,0.6333558508970674,1.3934674984809623,0.1898131360182339
1.2110291721176247,-1.6484323220035657,-0.05012430649674257,1.0173803318356731,0.3061845949690562,-0.019858345957431023,-1.6620097034672328,-1.616581700490287,0.7215210034870664,0.027435346853793046,0.6796120271451456,-0.12803164226865515,0.45023535243994106,-0.12000788846234144,0.5932927881538189,-0.25468126867622554,0.8237292360098919,0.6536929918651403,-0.07012502002235205,1.5055135181644868,-0.31574484652663987
0.014266634914795703,-1.7902291273967468,-0.5170222028443163,-1.161645739774865,1.1674845389992876,-0.07429038561250303,1.3400825111480439,0.25586144454822923,0.8122115098719932,-1.3420220702291117,-1.7694332129457981,1.2606608869926166,-0.19559830420566668,0.13887771026842996,1.3972297991771128,-1.1236106522202927,1.3666346260095514,0.1986831405942627,-0.8540682607031601,-0.943779437642033,-0.8891929180391597
0.8363023968437746,-1.0550643975804308,0.8690639827871421,1.2739834835428194,0.7539479591384682,-0.8829636621001429,1.3708852019660343,0.6160835806833979,1.5483084251214607,-0.736067004227093,1.0160140506205413,0.1637102764616343,-1.9286826064851845,-1.3315542512655507,-1.6289795720299935,-1.4114862967344168,-0.7598142678970439,0.13909034346132435,1.2929983147676714,-0.06774076475125733,-0.4083012563803922
0.34485662575532056,0.936987277806361,0.05352676394033248,1.2907923519254103,-0.35497026679617033,-0.9833422026273873,-1.4350758079907657,-1.8981331422823338,0.5398806528160603,1.5388762185238183,0.9566186010050359,1.2588954269665475,-1.1227854155413668,-0.693130998056737,0.1913286899582403,0.18354146142548586,-1.0680619133544447,-0.7595017046136451,1.084844333451719,0.6911696329780795,1.2792807095473835
-1.6605328511537132,1.2684467211712283,-1.3221077446677076,1.1037831089740269,0.3479392515600213,0.8098176436920617,0.24022700674054037,-0.7530996021065204,0.0844248986454649,-0.4246744397049922,-0.416716316131423,0.8993459518252044,-0.39375143865773055,-0.6004413695920706,-1.9462411800584896,0.9556861204121752,0.01052497991523757,1.3808527518200169,-1.0747147685650233,-0.38978795272950445,-0.8967738191349721
1.2362402790477605,-0.9160258949910709,0.5310309616654973,-1.858471262813606,0.8191126697060415,-1.4188181801347113,-1.2962745958165172,1.4166189890869911,1.0416211800054445,-0.4742114020145128,0.2369729796951134,0.07097981028240771,1.1913687289944046,1.2061397362964397,0.09090364831918647,0.8031058812277784,-0.6686865339173543,0.3849306682052922,0.5653239151420644,-0.9192142331549515,0.18678398707395152
-1.355366970543136,-1.5561791245894407,-0.9810578363717444,-0.1621849127021956,0.33415916930161865,-0.4742392473976331,0.5583513240661981,0.03193618062783768,-0.5645858708453907,1.0069043333524754,1.2701808882294299,-0.335825938558074,-1.7527298763775292,-0.8012645326232318,0.5838463598558146,0.0621722562072609,0.02036688180345018,1.3626394421817343,1.091274246286024,0.7894713539214683,-0.5043072146758041
-0.38914973740835285,-1.0539443061434177,0.4206135407874536,1.1647760791416624,0.7229210255991084,1.293522237978665,-1.2748262551100575,0.22349576950617744,1.5824847044946218,0.9956203518579136,-0.38003947624959095,-0.9465679286522071,0.6115845991333321,1.29718328226431,1.2253830679701476,-0.30648527250074364,0.1191339376322599,1.3717668530583973,-0.050347248191884006,-0.8837261683184896,0.5037101358673194
0.24844872607761662,-0.22227339719107697,0.9824965900925116,-0.8236039349042138,-2.07928932023704,0.6717222728919118,-0.8167339309080647,1.062900193053142,1.1677491358130156,-0.5132816850231405,-0.8344851238948894,0.2883536188684623,0.30825475506973377,0.12338231839822743,-0.4349502545901389,-1.3814073347567943,1.4822017409178452,0.4141785449879629,0.2912175750791842,0.8293219687490716,0.0017050527828773724
-1.4849179657329876,0.9589026947889143,-1.1018782881730689,0.122585131811125,1.4655896660842138,1.2720195580620586,0.08919157728195018,-0.13920443211911201,-0.9063869731243829,-1.5684480182294382,-0.613031306617064,-1.3651558485973732,-0.4236976546399085,1.1636942594321082,-1.7241561399700323,-1.0802712279313997,0.5944964456076384,-1.0496819085653029,-1.6298278562952357,1.4354755018015493,-1.3100649313613606
1.110287376977517,-0.7500068279626912,1.2632572845059136,-0.46147920900662576,1.0193617147663336,1.1260294409547067,-0.32009094589224907,-1.7811449840447517,1.1723670615084671,1.1534239065596672,0.44128860139059134,-1.7054405617269635,1.2806456727758095,-0.03501279437133415,0.15111064532100327,1.5279725598308584,0.6094807509206757,-0.4418206236373869,0.5832951744816592,0.1413777593059997,1.5478068555545381
0.4131334628321929,0.10869126267069668,0.7602504810474844,-2.0640751103227757,-0.483348077191736,0.8933898776813651,-1.0420186073906115,-1.5358145538347456,-0.6140801036779653,1.4753275551494536,0.7638101907529115,1.0335202206444272,0.526877241388064,0.1707889570946217,-0.8224825442854633,0.5644912010497103,-1.5516486206031055,-1.326158608674098,0.33049464227648506,1.5679520326255085,1.1303205561164242
1.2128406490162973,0.7724771364462288,-0.5961150225225782,0.2774716922708718,-1.8953296510762119,0.40483231649219353,1.222188422783909,-0.5049211383806388,-1.9606272181207993,0.6552793231696076,1.3512964815070616,-1.3619740559255469,-0.6399510507132947,-1.6574177377785992,-1.466895404411737,1.2712058939691402,-0.36734748212766405,1.4663593678956572,1.3867074556375893,0.7433693469463297,-0.860921137058618
1.048845073054343,0.40536890998572284,0.08590577340406937,1.2697113836940035,-0.40943563700576097,0.4593931187670797,0.9207492192087484,-0.7164268867969368,-0.5994328674414537,-1.2243123230397124,-0.989238138274459,-1.4804135799111966,-1.9031779440746288,-1.8918480195257827,1.0193233375144257,0.525420544197748,-0.7451395582735287,-1.443876313926383,-1.075143518013979,1.4601697174489248,-1.231265617083284
-0.5194300425844536,-0.10136157556283104,0.10902525856216035,-1.847807841029247,1.146912565404631,0.16509134631492514,-0.24698162286257497,-1.5075495738939542,0.0793733164304495,-0.18180400386369733,-1.1456415451116302,0.840282439601088,1.0444541058441157,1.2351502348959467,-0.6058563778261165,0.9459389419420381,-1.284713017507479,0.8509729921767532,1.0642764123219424,-0.03098790508683622,0.7045940753773915
-1.5123700454062352,-1.3498061443300045,0.8803514284816866,0.705795779999071,0.8547769944258499,0.4463258693434992,1.1785023421249778,0.5139950988708167,0.687740948277034,-0.40835099640280376,0.5406053328500606,0.6298532506980115,0.1332319817322152,1.2698427078976966,1.427903882343093,-0.917619637421271,-1.0872813344675538,-0.7783214453796051,-0.3355520401603854,-1.322337175576427,0.6757826289503779
-0.21554632041228197,-1.4093574458924987,-0.816505929016015,0.755166289535706,1.0549888090815964,1.2031583454265982,0.6942673205942389,-0.08972238421224084,0.94656475105163,0.8025396918129766,1.449681036180005,-0.7698019048432393,1.1243639433692951,1.4970968827684832,1.2511535476430107,0.9340394889033526,0.18100407773543442,-0.7931135213559448,-0.270744914846308,1.2894486529625895,-0.7081456120512026
0.8342703701583715,0.709913078330136,-0.5768076378781776,-1.311857243150892,-0.11334401060997586,-1.2722143350621011,-1.219849082723473,-0.7348954084538306,1.2634963740559406,-0.6914399522590149,0.2368642805124855,-1.3686709649318354,-1.106869378696654,1.443911772601362,-0.11948655671649626,1.4135177339386307,-1.8689970910745033,-0.4209024632701267,0.49135749664884015,0.807688688947909,-0.7098488880540234
-0.23427424652514875,-0.49916873239789084,-0.7751419632125691,-1.32964652726698,1.3575308816427933,1.1963209864846025,-1.6640551759172213,0.8124277849928561,-0.4023354310691276,-1.1875284422358636,0.511093714223669,0.9287293224990703,-1.4431523179380459,-0.2001967227730298,-0.25163191682478775,-0.23699463747835361,-0.8630874174085849,1.3806963444591958,0.7330837490171276,1.4203530829217825,-0.6669045308192864
1.4083831867148984,-0.21857640338944773,-0.8460612885761171,0.30144616903720733,-0.4664894432054528,0.807148356700289,0.61619261805255,-1.8312332202621233,-1.7702971198073618,1.3753439529624645,-0.5822186040026042,-0.4108051734093809,0.5254485317293294,-1.094858940271168,-1.0374984196926194,-0.4666318437215376,-0.9404346827080655,0.2292097553926397,1.518102108421681,-0.820461178709882,0.6551586057848784
0.5439589147190605,0.4868549023539635,1.041039464320451,-1.4524388851327865,-2.0274285154990275,0.06722548490909311,-0.39496373831860626,1.5294950117891253,0.026828462035774943,-1.0975908505896936,0.5196551731073189,-0.3902538206904609,-0.8028683451827826,-1.7673077006734372,-1.4854709011588267,0.11059724857554254,-1.088083992072882,1.2210261407820615,1.3653133469750045,-0.6383408385541017,0.47771227152853923
0.8535469011670092,-0.43602403894619096,-0.3826843949993991,0.07978529370459572,1.451091533306978,1.3173425363799722,-0.1873314442482801,1.185104058263977,-0.9379970401849548,0.5189567773943524,-1.1582502896455364,-1.2109833232812972,-0.5063600267910516,-1.1982921739916388,0.8821240813693352,-1.6930124327825273,1.245996050838947,-0.6758988020848181,-1.3386028122964624,0.6640182386599226,-1.335362699511864
-1.025356816552575,1.1908171619628543,0.9085860928848516,0.0890838970824324,0.5968484431080071,1.1470467942826978,-0.8997004082951774,0.7702470544760918,-0.23499896373444168,1.4606520857490297,-2.0744048987849695,-1.8476837828791557,0.7017472068595677,0.9664890664761856,1.4501599921259445,-0.33387745215360376,-1.125654679760779,-0.8121693280804377,1.301826200776165,-1.909398765479978,1.0506601297582365
1.1229530037238358,-1.7317624943548084,-0.7937984251743574,-0.5979539818617576,1.0866380857618922,0.6144280317334739,-0.5704339263905823,1.250800357656507,-0.2578738086417448,0.3880402910182486,-1.3872711551740182,0.19384252765630075,0.14960632480910155,0.19096646906224346,0.334621358724561,0.5053480414638732,1.5091717894979892,1.1597963166990526,0.7231195275143204,0.6902586755930279,0.005111958549571073
0.3146310217911366,0.1705221974471188,0.45685159764902694,-1.1049631978494745,1.355492634422239,1.0298166269649718,1.2608720553712722,1.2345718247299395,1.3624661966965776,-0.03604637167418854,0.443817557873815,-1.6123977398993619,-1.2667410189977975,0.36989022679961586,-0.6536547449039061,1.2176106680457144,-0.4158725540391026,-1.8551947698434945,-0.8000775946148437,-1.3639087432194168,0.3104059634273974
0.1865218035574934,-1.3681032077037902,-1.939218012812372,1.2382513377341497,-2.0323919966790314,1.059206391524721,-1.7817977218737018,-1.758899169303016,0.5520348452496026,-1.3157870076316343,1.2103692558164814,-1.6318058641010948,1.5682274259147861,0.15124350939847286,1.25859269472725,-1.2836410461011067,0.5002074586042666,-0.06502142760643913,1.5036071691893143,1.1832675213175352,-1.044364685970349
0.622379882800821,-2.004079269824804,1.377153569458793,0.9604895369647847,-0.9165535395730747,-0.02067133188823341,1.0943723565822918,1.4314904876838117,0.9873100747355499,0.3264409406477828,-0.8089620395961457,1.12655051179707,1.0856094251596273,0.8060568597274239,0.6582772240825315,-1.7376376741974298,0.39721901699871454,0.5284122331810156,-0.1724223244136541,1.1194796936125793,1.3971790525907344
1.383264278628955,0.21622269437476543,0.7102625428996076,-1.268556004147648,-0.27574813588041774,1.1342459051389326,1.491985500641977,-1.925342486425369,-0.6718776025237233,-0.7941812037470135,0.17994600921050274,-1.6884605414357337,0.0476341368101274,0.7086421914851354,-0.11182175766328004,-0.43620990129263754,0.28244255150384506,-0.6884703324547784,1.1434088996382619,-0.5855295647038915,0.24982852198825564
-0.857396039931305,0.485942801806649,0.7251960118555403,-1.9128774651694584,-2.036111172773046,0.30501647154926936,-0.7699604107890384,-0.7640550934933847,-0.5773330830201457,-1.0127448775191414,-1.3507111366431288,-0.8253242891281175,1.1229774794506058,-1.6356552805447708,0.998253258763702,-0.9875780082478597,-2.1013959410710115,0.2968872850437069,1.3573928103059911,0.1814027989597898,-0.2755697265706231
1.5115317787801519,-0.2113870237112077,1.2681438945845815,-1.8871261231787992,-1.855664471894151,-1.4001273552704498,-0.8783522806418838,1.1007130614452667,1.1277420404484457,-0.604632957157892,-0.9919440309008662,0.31070695262751,0.18810256221774294,0.5928805908711796,-1.2587514191052274,0.5399779925565878,0.0677054617493224,-0.34347943779252554,0.5646551035685996,-1.952760731591365,0.5412206921931496
1.2064525757389344,1.1410119803986751,1.1653157462604395,1.2368540483534791,-0.5383359255030903,-0.3040108565158987,1.3441746910157137,-1.5331775861868626,0.7183417607197184,-1.409007492733956,0.1542050696443498,1.1118419230371601,0.6962150099737896,0.8657298619417021,-1.4409673526169056,-0.31051492293984395,0.05282293774256465,-1.3666267956571831,1.5321339502772113,0.33738089836694074,1.1933295290839965
-0.4768640179833909,-1.1632086652523654,-1.8372111332070762,-1.9346411771134078,-0.4230478987911735,-2.0624849015857514,0.4711842266302788,1.279496699962985,-0.6279918062436936,1.2657383956346129,0.9718161029322444,1.5012193549577955,1.3085349148583723,-0.15270933743135068,1.0410993021527926,0.7247206578412433,0.7836933391891375,-1.7578564039352154,1.1139999132162501,-0.8013141687297298,1.3413550874549192
-0.3097840362485787,0.9628092414247872,-1.6527195781969504,0.39290550156060555,0.8633688355590682,-0.8280825886197186,0.27264397816078817,-1.0488045808552011,-0.6981675531864836,0.987517422036243,-0.43475159012690673,-1.6512551623727652,-0.930949572233159,1.019973081373056,-0.8177168881499185,-0.7115314324783821,1.1997871992868057,-1.0775579729123583,-0.14645136680373141,0.06645854258355849,-0.6684990893057426
0.7270592869863765,-0.17244737811481492,-1.2777217012800248,0.3694106218982229,-1.109925227792094,0.6123524773736303,0.1415177850681523,-0.02175251664332995,-1.7785509923528693,-1.208467945149429,1.3748579341182596,0.24490662705314348,-0.513756467314157,1.5306428406584989,-0.6737432339856575,-1.8381017308203649,1.3407336478316199,1.0224666939779397,0.1914506192215729,0.6495890504929951,-0.7856001711818346
-0.013056413725978567,-1.1299675516409826,-0.363706257505,-1.8430187853650228,0.7155082424919337,1.4133977674488787,-0.9644937941485779,0.6349410787161476,-0.19976969816735882,1.3279194916655208,-1.4999235658862424,0.30407329951425316,-1.0356973228513633,-0.4208798638931928,-1.1429672489352587,1.4977806228331902,0.9350551615601297,0.17828603218027797,-0.7401916624503085,0.3289318307478766,0.5961214091888186
0.7043173803038046,-1.2924860464921757,0.8403191260511956,0.6814060546998961,-0.9968597759395588,-0.715031365855788,1.0919351379216045,1.3074414425851983,-0.8000673481698961,1.5463784524920654,1.0899234235541733,-1.0988531165867792,-1.6761645243976115,-0.29148394571384156,0.9799875357064167,0.9289874157317572,-0.6307382972646914,-1.1124040434592368,-0.47137270350552,0.11698761275064185,0.5282904948554437
0.1331865293889683,-0.32524299731193057,0.8070951161543661,0.10886843541843237,-0.9364076550925988,1.5188205146281708,-0.030238640902903853,-0.3504087017034652,0.5944103873789701,-0.9339015702525315,-1.8846294451536303,-0.9908132007739094,-1.2883928546902443,-0.4734461553996544,0.7542391387673272,-0.6466663534308804,-2.0884083921519636,0.12474715105415686,-0.4838393942021142,-0.11519101645025999,-0.7863324536726132
-1.4800022759434233,1.0151600063515935,-1.4673347344770922,1.1794859466827736,-1.5711323131842314,1.4704542680166097,-0.6659405913439346,1.2301205102297772,1.164164986162058,1.5260106393212411,0.8595599113207103,0.5479530225560085,1.2067874513839933,-0.9343313039121668,1.278561904388009,-1.5423904436427514,-0.9653002611233349,0.5457963695820064,-0.9524633795781509,0.3995793919193025,-0.24888911380493392
0.3070985117034978,-0.5692249798965372,-1.5896850660437738,-0.9999864436664168,0.33775224912470775,0.6981508062081365,-1.147853473460271,-1.1291197636963088,-0.7783493981002813,-1.6750379691381951,0.6617405130366757,0.11047056031580031,1.4407593693808374,0.4174206536868581,0.7678748035298867,-1.595791170916531,1.0132385283256224,-0.43159354481695195,1.3408968211075531,-1.8358491842008562,-1.1953952325995327
-0.3823809513153819,0.35509576448053737,0.6774119927127409,-0.5198552385662617,-0.3772662379282474,-1.280285672062477,1.3516450872082046,-0.11163875521030663,-1.0433271008491807,-0.21899316056577312,-1.5039833588310687,0.06507901658753278,0.23665493461436793,-0.059538579531073624,-1.7473031651239284,-0.7538560229590445,-0.16686815514974201,-1.204712575107635,0.06606076855746457,1.2792846105600673,0.43002657147215484
-1.875308909122152,0.8226019587506888,0.1834697073525428,-0.961780776669328,-1.7510808964200135,0.41349166768398443,1.508760416903586,1.531016757026676,-0.9019337612007405,1.293677726140758,1.2735494639874672,-0.3618388356300123,-0.2952939309962662,0.9382814354447098,-0.40014186062157064,0.1692446234499272,1.4708650464200668,-1.0249814182289028,-0.14727957772058511,1.3073266377178876,0.6789628875719819
1.2074330365390402,0.4266405344100782,0.8923466412535722,-0.4824756537364821,0.4644994251404681,1.022965094258008,-0.01289817425281583,-0.007877703461796799,-1.4484383725106136,-1.6628426183071823,0.8406678071593695,0.35389402199792525,-0.7487091553006733,0.35984623979754016,-0.6206664076304965,-1.3356719576596956,0.28361683895289536,-1.022902640046217,-1.7979966681722248,-0.6775042480773801,0.65603676982237
-1.335321022482735,-0.6965038378561297,0.18891543143408557,-1.0008789399904459,-0.02463300323861461,-2.1651449382810815,-1.5016521645288174,0.4457409397862673,-0.06773974700867173,-0.945589560336945,0.3984570575528659,-0.2614815068587704,1.2338246176980783,-1.439272126980878,1.2541904028307127,1.496281800242922,-1.8141560757148978,0.2625219055816327,1.3533905558086028,0.13414135070222433,-0.2569691270636243
1.1185202342780525,-0.6074751342923714,1.4366898046150973,-0.6931996526275016,0.343033396299156,-1.2905581914334914,-0.4070734741230353,0.5801584442161792,1.0918740524973338,1.4339876555273794,1.0862640668143313,1.0346104140772407,0.0199377090734498,-1.1720958387867861,-1.8886191938629058,-0.14690462312310112,-1.489496131299684,-0.3330183856749186,-1.15006474938754,1.005926711560734,1.135180237226043
1.0920097107036104,0.6179903626427747,-0.24274204175396047,0.6659164531611519,-0.7760125830409091,1.1586123199087162,-0.1481614992360479,0.008439977804666751,0.45934681240843916,0.05566135114211464,0.6415631219811873,-1.046609970670594,-1.549436826231439,-0.9759881711075183,-1.6878581057438558,0.748033192582353,0.9367789486493985,-1.9524861224779708,-1.4617202858672795,1.1063921822872902,-0.7352301759174427
-0.6535665071429615,0.12026167875253171,-1.6472693697684593,0.9560151441507944,-0.181751016664025,1.2015300947079794,0.2986151790685574,-0.5051290052429175,0.0686818688668007,-0.8617700706333637,-0.38986737988651604,1.1393192193907677,1.25674265090911,0.7493866719735662,-0.6383412104248617,-1.8765501489051597,-1.289828506482636,-0.03464018144602128,1.2834207666118884,-0.6959519753060853,-0.6042885509846202
-1.7187984855653846,0.9251705683838988,-1.8748399023435158,-0.5524645167762573,-1.4531369197456105,-0.9847276743426397,-0.6314936511490206,-1.862391938998031,1.0616267089364697,1.2727183249899994,0.9272986351200792,-0.4870322421795069,-0.5689775549317386,0.3270080191704435,1.4222137545602598,0.9907001810736,0.4731222348101343,1.2082218961663196,0.43397496220200166,-0.28750372691053105,-0.8619655328999051
-1.3294816120209751,1.205516702122947,0.33677487216645535,-1.047163093924676,0.08463068040960141,-0.1478545615959227,-0.31964982932868335,1.5696064882804452,-0.4507747088825994,0.8596805277673113,1.2483264789821458,0.48971280213087837,-0.7263304770236977,0.2289865876331632,1.2215921413409803,-0.3801972991917289,0.5866434255604329,-1.4054680070107055,1.316179971345537,-0.5960565660243119,1.3274740114865473
-0.6676234046218006,-0.44475814044902295,-1.342014007405429,-0.5713662221074811,1.5498960505567148,-0.9253658764356812,-0.13934235466141215,-1.2397259885898524,0.7510903165901031,1.0304752566160482,1.0235271561808224,1.3372163479463044,-1.461043902246933,1.2920075958125306,-0.4273922869488124,-0.2999666253668647,-0.1335829909327817,1.4841437612485051,0.5833192186869147,-1.368098614247149,-0.386848625700353
-0.3219280144283431,1.2681699891203932,0.04536222224834972,0.4232466040860681,0.6777282784294693,-0.5197068615418661,-1.8701746013239295,-0.3562075162631855,0.23336892010174642,0.6125892542544319,1.1221503535856185,0.6817254205953645,0.8986659836166474,0.8352389155107032,-0.4403069904451266,1.0832513492607974,0.954307249748877,1.4961191372284173,0.946639993998006,-0.971644386662272,0.858291824625324
-0.35053872244791856,0.2960104822233447,-0.34848430244291356,1.0870235235031542,0.8886051604089064,0.9956020899598411,0.97714207285569,0.27758786134628005,-0.47500963741449614,-0.9890425023370791,-1.355312736331446,-0.271921025537144,0.5666813723046453,-0.793206439692958,-1.4666824793516313,1.0696593122931046,0.9351810619892869,-1.4322284038214703,-0.0788941627855876,0.9734166364201539,-1.4285249509478122
0.7052951890932975,-1.3924045987582048,-1.839738614191194,-1.3133373863473117,1.0296223313411588,-0.573209675843366,-0.05573762447650159,1.3468276049174848,0.7964632054443862,0.615809574536204,1.440846956575455,1.5351635940650832,-1.1736378132289549,1.0607369215106321,1.1147624869716466,-0.3634286788607493,-0.24855551935849218,-1.7381967924691915,1.3806284664866448,0.7946672973691988,0.689636941785724
-1.0642663007851025,0.8350261345230292,1.5187575587100224,0.8569069086090424,1.4399389593443772,0.7017357525075268,-1.4577651164414003,0.7329303608583891,1.2068384737160032,0.4856172006664465,-2.0637146198956144,0.5636469723949683,-1.2288540000864334,-1.4332843519414564,-1.187812521661985,1.4564778050402736,-1.5190484774556638,1.3388069759697048,0.4001317610118614,-0.6813181147571478,0.2700842252875825
1.4669705005333904,1.2307093112994458,-1.2671575302169173,-0.08909091024661715,-0.4853823155274668,0.02072263445715572,0.23835532024912676,0.37481551482185027,1.4293463515930822,1.3884734475934435,0.6318595105717191,-0.23587947201205267,-0.5920535479793829,-1.0527592926033686,0.9564404165103808,-0.33901370820117777,-0.8153950624395985,-0.25952061956431044,-0.3815355327876819,-1.2490933696363236,-1.4317550866265083
1.4697594679851749,0.594768507807044,0.45288634269158035,-1.4195646068571968,1.1005859577545491,0.7037088883267617,-0.9680296741649274,-0.3488509613496444,-0.03737058685911424,0.06390973089106076,1.2058963756855887,0.4890189747200253,-1.023812950899386,0.24518904306146017,1.47184143795353,-1.2427253831776395,0.3530851450660731,0.14409620769893125,-0.5453277000693213,0.039145712258242364,-0.18323744676466494
1.210950878441936,1.223631299998298,-1.366549321062752,0.683664946886395,0.8511707279117088,1.2310732963637592,1.450830474916651,1.572591189399156,-0.4829451008621838,1.2465950126835885,-1.1169254749409931,0.38021746118922184,-0.3990882660343432,-0.5673377387434188,0.5757252483831977,1.2895730157273708,0.9406515092178612,-0.8600654468738363,-1.186050267509629,-0.37543782123501446,-0.5834300672102505
0.9921377235972978,-0.03642854450609438,0.7174244661780852,-0.1314508194723537,-1.2056890335836692,1.4889625102411166,0.7473677000615103,-0.4179041246638499,0.9018623821060439,0.35660706862996805,1.2157189212324453,0.5985323741686688,-0.07460132074309228,1.2575717998007419,-0.03883081280242627,-1.814469894145564,-0.9394377919580922,0.613141389153529,1.2873067065569022,-1.6481111339741572,1.7394379065869272
0.34225500050432556,-0.4328130051191653,0.9741234294758688,-0.4562383844108923,0.6248416934697341,-0.3636252720350554,1.2542647866299244,0.28057137658796866,-0.5994254478590616,0.5617289570865739,1.4582984595750368,-0.8851178787317667,0.3643279469315648,0.5798632361154774,0.6955264355139785,-0.049368329126515786,-0.027623004157849594,-1.5057656445590422,-1.3234942150119025,0.4667767414495561,1.253770917198377
-0.02648113357088698,-1.911793611620235,-1.0274732736764016,-1.1637919859237658,1.4506177877130149,0.8126745012780966,1.1896352379455262,-1.4685346536229738,0.5558490536656917,-0.7478751177346102,1.2288344945910106,-0.1724192253919881,1.1954454415741929,0.6310359811163208,-1.1895759262034695,0.7623743753941857,1.2906099775574662,0.4016459258388422,-0.9049534449560779,-1.5090937881802875,-0.9459089293467617
1.243409606226378,-0.8638957062011327,1.375989196524337,-1.7747094726822406,-0.19321277616773874,0.5682526744845707,1.4643254674140145,1.2858617176255396,-0.40270767385732803,0.5708776169538203,-0.6475061985528164,-0.9471058323330429,0.5483144848110735,1.2133208422926751,0.24120884053153932,-0.9040909494558855,-0.363912958197733,-1.339966941608087,-0.20057058004298348,1.5396244442129647,0.9924798805227206
-1.0622512882570292,0.23997408504509865,-2.1293697326267536,0.0033246734514038594,-0.5078950271096793,-1.947518334865411,-0.6923966860555048,-0.41207897506778485,-1.6861284997892745,0.8419092062063904,0.40187460763200644,-0.3663637296138996,0.061182479700939124,0.5804499116531842,-1.718762396673977,-1.671373283684465,-0.8131273125340417,0.29878896993018234,1.4495983419521103,1.0413415506964998,0.6717150965046104
-1.6588538877098935,1.3118214850444372,1.3823789257132908,0.9371106089273266,1.3430675739300386,-1.7168683432680691,1.4377380997759661,1.2775673488583457,-0.3311252326027449,-1.405277264530276,0.45862925470674465,1.258796640064143,-0.002474661910574583,1.3045580989175882,0.30541163982837954,-1.8504381219191737,-0.2677361681061846,0.8348088592433197,0.11912672224800323,1.098784246996549,0.6021451414042369
-0.4746689797015086,1.2049540988858818,-1.4479359512148893,0.9469368498486579,0.6095079104136315,-0.5847427601956947,-1.0662137297761016,1.3720007924299622,0.22771435675581356,1.1744932433216886,0.6259600948046393,0.05640282704114853,-0.06031289852791703,0.3286685571811363,-0.06458667246257012,-0.08908042136184699,-1.1817053127128296,0.261800331268223,-1.1076904015562046,-0.4196040545349162,0.5392054540274067
1.2402331815020362,-1.0111812461423226,0.8524531924170266,-1.8645687598659413,0.11994062531248179,0.9025313497774984,0.9632904523760378,0.4983539300324471,-1.1721880297108531,0.24698376938359531,0.3993824313953569,0.32813708461351193,-0.5282479209069207,1.469273144527644,0.6093661121079458,-1.302591648683667,-0.3682878542528253,-0.8566605885625389,1.1316672629632405,1.1492688737201688,1.8140875984339724
1.1713677139438223,-0.6547779019016357,-0.6218836222792524,0.4438410546375353,0.8902956048191764,-0.4389619730392689,0.5100301873080907,0.9658396685595745,0.860829352243963,-1.4565180403590072,0.9644069709873686,-1.5770547657809628,-1.5434571460349469,-0.1563121362083871,0.8814066050130626,1.0233029790290502,-0.0849377438536264,-0.6248279759800909,-0.795377937104545,0.13008604102921323,-1.9171345775159068
-0.1960169721896433,1.5619197004634564,-1.9308967282801184,0.4209262379264608,0.21434639904390373,1.3858790088191308,-0.049148782870587174,0.01904411455213917,-1.6432370165917742,0.4257743342779453,-1.7945792446613957,-1.6492434790506207,-1.7846012845183419,-1.611915429156224,1.038593804581722,-1.4661619458359976,-0.9662902997984572,1.2323576549008555,0.8858420238912484,0.5780988498342228,-1.6418116779100758
0.5881332148976635,1.1794148273132614,1.2615784487735024,-0.8658158350273953,-1.608504461656812,-0.815541898152839,0.7941276335076721,1.29335436915681,0.7754118753876844,0.8221935696469443,0.5938621896133606,0.111526403393153,-0.25690258310860303,0.5542528149142717,1.030748568614988,0.8112387844112983,0.6084388853315306,0.6816272073705235,0.7246789118649567,-1.5826645666807408,1.4470552063610453
0.7765487769076691,0.931275683515068,-0.7322260146109646,-1.5651994222124146,0.5565371005667742,1.5246634707364815,1.4639668752675825,0.2163155914655263,1.0562795379557333,-0.9723324656440601,0.19784169719665115,1.1515805968840478,-1.5955109336688904,0.6030952264609407,0.7819039124202236,0.3161524259061869,1.0932815666466034,0.488455978174954,0.9905622187088228,1.0203211973706539,-0.33077266636682034
1.019632696636587,1.4713201754693952,-1.6995156569288092,0.29970821886296617,1.2201910497972237,1.0648242836383202,1.4286408831272572,0.9778824006383456,0.5889975098572869,-0.9460530850049887,-0.7347873852739778,0.7775091864009323,0.9266861771132933,0.8140873892871441,-1.3781585106425798,0.540493817461878,-0.1546126186396673,1.0197124373648738,-0.9444900556463902,1.2895778868973866,-1.02064237098737
0.9775249378980907,0.510254857686986,1.4502215536968524,-1.8439729630684931,1.1631674984040479,-0.6187806315545856,-1.1572969404438833,0.7936004522401271,-1.0964959381382513,0.5385973397628853,1.0027771906053464,-1.0044436821635425,-2.0006913400370867,1.2114225280567887,0.8807950035404959,-0.05900873566845061,0.5992748551095022,-0.38220831103726044,-1.177360960004329,0.16907814388972245,1.6203207244451783
1.0924817628737005,-1.17987889030407,0.1210310765935734,0.35700175632604925,1.1204469169082447,-1.717639668657193,-0.1496318143728987,-0.09737763248513469,1.416300553849861,-1.5630990034728645,0.04689216978990112,-1.7551350932803247,0.46484637954014635,-1.8870023673968437,-0.2087346271220189,-0.2644249522311941,-0.11965755199939423,-0.3577536634660188,0.8702985336761652,-0.7346552169534648,-1.1045990227335853
-0.8564392243215966,-1.2704327051666193,1.388372503591961,0.6775695681415187,-0.6597826233168933,-0.7334920642545292,-1.0011336801009652,-1.6844172909814108,1.398167082295526,-0.8315837696835064,-0.01632669511915552,1.0168595382505647,-1.7781848336075552,0.576033579129454,0.04110753546980114,0.44007356800082,-1.332368853248016,-1.7048895523162615,-0.7295841557605772,1.486411585571382,0.48683102990522403
0.8873521575066028,-0.020743966974766496,0.8642234541634488,1.0635229011656613,-1.936908554588827,1.0272223776384883,-1.2812950377481194,1.1302638605040538,0.6908234389924819,1.4071324546795103,1.160645961730669,0.7288135785502959,-1.0147780998797298,-0.7100894057511903,1.4409409165202882,-0.7001282753197589,-1.7377787651679155,0.010067571015283069,-0.2720016747179982,-1.3997724966583431,0.8632043246753135
1.1838195586170677,-1.7334988509757192,-0.02057482213625724,-0.7257772179251892,-0.24028461115741578,0.8820402837428606,0.5246130573254361,-1.6548660772536659,0.9616352325591899,-0.3835870256682801,-0.7126997029502937,-0.37186854013296256,0.6956014613120217,0.4180104983224301,0.43587669296476805,-1.1318500213956812,-1.1362205848144764,-0.5981647346097038,-0.09586977516950829,0.9781860681377698,-0.2602333925143608
-0.5221689643330982,0.8738206588144825,1.1065603092596012,0.7125717735818645,1.1907550252091794,1.1083677563427103,-0.34890794113529955,-0.6965205044167292,0.43818062237257005,0.26444394015900435,-0.6062879419140755,-1.686513934772124,-0.32003874309995367,0.5487276454127673,0.4396939325076836,-1.0621144549362223,-0.2272481826978626,1.1994458896474334,1.1617491576217116,-1.982250542367296,0.89585834803742
0.9714684615784523,1.49535376458876,0.4393190943538608,-0.05140513011161739,1.4170270068913142,-0.15145290351715154,0.9885626636771266,-0.8476171878018804,-0.9011821943192906,0.7576386619984713,1.3304115893825779,-0.9909788444767538,1.1699695934197858,-1.0945752428016695,-0.8810103343912664,-1.2070060566462417,1.3036042379704464,0.997758668288143,-0.746349576158219,-0.7735602344928872,-0.5323871130610085
1.5660482800994373,0.837658351447016,-2.088313307462412,-0.9111032938752842,-1.506736578725176,-1.810701659267061,0.8050710234283807,0.7032827356517659,-0.6135919921260464,-1.0318920767044053,-1.0664073831105905,0.40582448801116766,-0.30622096779250735,0.4867629130961957,-0.8050222184983787,-0.23534483200003586,0.30637450752511797,-1.9644530416072745,-0.49330163873229826,0.42153004931121507,-1.8583708162206152
0.8868049171146527,1.2967045110132365,1.44105467596932,-1.6498038989091113,0.714342194934653,-0.26923006894180224,1.011143693358568,0.5838415719082685,-0.3268316161992877,0.11461957117100119,0.9425259007873877,0.3157104594285819,0.1957135862539587,0.8139985026346299,1.2708732577485264,0.8538997477021977,0.11490619097548116,-0.6290775961401472,1.4187254433611336,0.8011697073366305,2.3279594679368465
1.5194032569781495,-0.21778312783194148,-0.05410617737104441,0.3040248499034229,0.6671213190476404,1.2962913073879274,-0.03419552543002273,1.2258548775174758,1.110538399079175,-1.8738069686943126,1.320287064213206,0.7140234291310499,-1.4693336442849763,0.5731220961313261,1.4956764081354965,-1.5809423567334908,0.8713901028559495,0.6148943571646618,0.08148980351981262,0.8948587764058432,-1.3389571228481583
-0.6604279337128313,0.7601822179257047,-0.5702508489528243,-0.008443226750416866,-0.8501653087259615,-0.6820791136635105,1.3929870261942978,1.0723636994287404,0.5708277762915611,0.1766125968678087,0.9767744115630124,0.798948280427579,0.05655976602045936,0.7028816383039556,1.0166874079517234,0.5968481962409451,0.6269049873876162,1.4380158629943325,1.342378253014675,0.9049843614234152,1.1749708585350154
0.41015760785727484,-1.852919658711845,-0.8867862278113565,1.4092872338240692,-0.8595312429945651,-1.7529857044648776,-1.9646285521493023,-0.20567101526685158,-0.8127936764493333,-1.524367683552404,-0.21052739926543945,-0.757310640545681,1.3472646733903848,-1.2921063806638309,0.9362234061153231,-0.04076662647686543,1.448764191150939,-0.8703275500505206,0.30466186399542056,-0.27724265405800025,-1.6803116463935364
-0.23265005469705344,-0.5180152142875978,0.9679306699951807,0.35043152312037185,-1.6548985876096274,-0.190042571915301,0.6445064613469116,0.3433666812457241,0.8305472507080712,0.9736782347202722,-1.0858217727476065,0.3783020102130095,0.598469998671731,0.6403923951428837,1.2484239328756022,0.44457502766662044,1.5109535490303594,0.6631945671264966,-1.9904112913618999,0.9279608799504614,2.452886124315433
-1.326373706759493,0.06913911062070689,-1.4959544267563,-1.3787247113033032,1.4054842996558004,-2.0292723422463026,0.3031560956465762,-0.092891023804539,0.8401383346847056,-0.6609565275365725,0.9080281501736291,0.5183776254711377,1.1302175958063263,-0.8396845446779722,0.4083108953391333,0.7650075421138235,-1.5778203075722188,-0.4282197416836836,-1.0649720652230663,-1.0747260512033825,-0.8091387359116764
1.2764647498836048,0.09881784736005385,0.16021789830584812,0.6722554550876402,0.3447781034861675,1.2973800734031051,0.37531073974126083,-1.1794522098918447,-0.9809245756190174,0.13284939800805073,1.1366528804298617,1.2694692111455659,-2.00567952674204,0.66889066145979,0.8880185070574774,-1.3194321249270047,0.4889095997569983,0.6395643505135893,-1.1347349300320801,-0.5859309300433257,1.2195877143993419
-0.8086155410847045,0.4390574437424817,-0.5402013903017262,-0.8086553999633226,0.34107089997326623,1.2630288791480333,-0.12900054628703947,-1.3009159721326151,-1.492990506118786,-0.7931634093950577,0.519057484528102,0.4771411408135059,-0.35439353419072533,1.1834286466141548,-1.6126058479552619,0.12151523210469295,1.4974454001724546,-0.230748530221014,-0.2036775891159263,0.5297193612556055,-0.28009683555454457
1.1540115741941293,-1.6073898814095275,0.029156292854671702,0.021051696381375162,0.34962227523481304,-0.5933262035565936,-1.4661757567821527,0.2971450903579027,1.3582066074322223,1.4990947762539428,0.8104442806340929,-0.0352121003392926,1.3499648387032281,1.1199612972237984,-1.07106512014293,-1.9477126991527058,-1.3909816423369727,-0.07143447300643493,-0.8511594100302041,-0.38606558917475864,-0.8276290082479094
-1.2999931267354574,-0.46486512864431,1.2163746464589278,1.1418750293841644,0.32383968844933925,-0.1481124629300129,0.22443124924305569,1.0865741273662317,0.5763270307160541,1.128118599137544,0.7310030255597976,0.8130891912607324,-1.0706442196085446,-1.4399460746991213,-0.15704797098951023,-0.13707475562479243,0.5462547166129759,-1.88927061837944,-0.011424046872184183,-2.018101651649319,0.0337269736526326
0.562481510207012,1.4762027721136681,0.7042014875929417,-0.27781213382065706,-0.9341822277884908,0.8608395412436587,-1.0299417100014776,1.4394898062230386,-2.112956624511331,0.3266542007004571,0.7711605471811341,1.4418282421779849,-0.8228588339860874,1.3514419021024096,0.6397613444320583,-1.0099001796594909,-1.3187855985597325,1.2110618470176264,0.8914412726118877,-0.46052122552835945,1.963826601586382
-1.2355255543378982,-0.20755302655884164,-0.40868171197980563,1.0572383903090024,-0.7501877468299794,-0.24944455806506763,0.48913502143480986,0.38769315536407856,-1.8153431107792715,1.2189950807405152,1.3754824923732891,1.337225486931631,0.14207882135017308,-1.5941495917214272,-0.29951963498122847,0.8043369582479385,-0.2934169577737391,-0.8344929413074171,-1.7541854357868027,1.3506487575352115,0.27111908347123714
-1.7922103528934572,0.7192020912684376,1.3856061161717546,1.206214752373468,-0.13483648815919314,0.47343992823898,-0.324136361069291,0.6373293137503555,0.6777457733908866,1.4165491592132282,0.16694282014002046,0.04349184897873169,-1.321797114523496,0.05031664142122936,-1.9773565031613913,-1.78936303025183,0.8410658897272794,-0.6546013063697468,-1.2841240315782678,-1.1063281450491478,1.852627835368157
-0.7366749975043874,0.3943941816529405,-0.1659086042507972,-1.5553672915285035,-0.4203649920972973,-0.47447290157173083,0.7522501646530689,-2.0379143369694557,1.0284626696134882,0.26646115913492036,-1.6838157967915892,1.3007381030691698,1.2799915161886324,0.8392293957226389,0.8154536023701497,-1.4856706129830097,0.22316578219132086,0.9225596016399289,-0.7884025786319706,-0.37712718565303516,1.3040562779436622
-0.988475157086306,1.0257657957971011,1.4329148769031874,-0.9142896359813423,-1.529192970379711,-1.8692372968009783,0.3294914042496854,1.2593458108715891,0.3492421323037443,-0.781336721757961,0.9659361743000416,1.346394737994393,-0.6749077712620413,0.44223795894592555,1.3805020305447955,1.3616848808699114,0.6296044963393258,1.0965641602827576,0.11898954640197998,0.38557394499235587,1.1145813399321118
-0.16081129399761837,0.7331017219617882,0.8224653197674252,0.8181138687016642,0.9060945132312561,-0.16481410166090973,-0.9997745458901391,-0.5866218761277806,-2.0632712506807547,0.007378072034806354,0.8603098337752595,-1.4597812576531923,0.49150129623882416,0.9315136892906433,0.16083893425813425,1.2910719019468635,-1.6511543495133707,1.2114980212300748,0.6862264215834402,1.2729174906713712,0.5515479771587919
0.5640195175980878,0.47293004448787895,1.5452386506708078,-2.0227324207016824,-0.7397358767054009,1.4443194260126995,0.6943606497070619,-1.8627368157746484,-1.3974118172273926,0.20774221803891169,-0.23398727830874214,0.7392938300422958,-1.107802932337659,-0.9636089134485611,0.9451011910446623,-0.7444463550514799,0.961485430467916,0.8143088758672161,-1.5060809806492015,-1.3516091194278506,1.6336719686391397
0.7161749767955244,-0.512530485929584,-0.9475373741424733,1.0590711625679035,1.1686309017599696,0.08676809454831347,1.3154268396086908,-0.08906687634980592,1.0379619981879586,-0.866497219863116,1.2895617885049877,-0.5372280551407661,-2.050513127733126,-1.1701579472024781,-1.7426818619319608,-2.0819925243426347,0.08129529141947346,0.7828390659517844,0.8415642499079967,0.902692442514691,-1.9186782925948602
-0.6046500868852437,1.153303764335274,1.3064494910621185,-1.0771953956211444,1.06993264528914,0.41393172656672095,1.0382356988500012,-0.6399279525226499,-0.5094843509397406,1.0022833291659716,1.0560468039894397,1.5576765179080256,0.8259784294286129,1.1646513064677706,1.285403086951554,-0.11865329803573078,1.3581031587649368,0.05852389121653308,-1.0055988545495946,0.5068456532518837,1.6724511995974822
-0.7848182209032808,0.9873731959949296,0.16403811059646825,-1.1312407777133968,0.9347794825700033,-0.10812655182769126,-0.9776008777167953,0.21513055318661492,-1.3212847830186485,-1.2144508116776618,-0.9096949284462185,0.6618791992838287,-0.9551925599056417,0.022211707508792835,-1.7554068747976748,-1.062834073376351,-1.2951818589418824,-0.8495610136880801,1.4326102748485308,1.1202941552693868,0.5194659210437252
0.22790964227042276,1.272627545142578,-0.41399735114865166,0.40914085700993236,0.9141551762320675,-0.04059656441304216,0.3642589359994271,1.4340260289248055,0.4849708734888731,-0.19652742669978746,-0.8997271744613053,0.9130932071400154,0.667833851330944,0.4353723550018277,0.6998120374333705,-1.7362972121737799,-0.8225514803640528,-1.9252257142370128,0.32778327902434584,0.4833002977344585,0.6080453167488267
-1.2642752442359353,-0.5838524649562832,-0.14740540316506195,-0.5723563906527244,0.09838776599186477,-0.7863734984600652,-0.5688282602918873,1.5283992205435657,1.3550538912510648,0.9159644265555252,-2.0741029386199448,1.2790115542466547,1.135746762662535,1.3925809395347024,1.2377953849430836,0.4029521765673615,-0.7694873722047413,-1.4313572347696706,-1.592639745773895,0.9212175127140634,1.1487764933719742
0.6802826903343937,1.459324732767877,-0.05496672423731766,1.1552540943557175,0.20104229136879292,1.0878400520526115,-0.09011226979643062,-1.8701152781582158,-1.5431407308184184,0.4154699358166084,-0.8123961251398713,-0.7144149249178723,-1.7110629053782955,-0.4915214251476974,1.3377160800293224,0.6460940101732086,0.348426982341118,-0.25738346187704336,0.5249520365770749,1.0935029004356656,0.046912018536894806
-1.3205737207698711,0.416449530406523,-0.3252668510526053,1.2005718845575166,-1.7606529116639085,0.25729811739780745,-1.1143643619907466,-0.5642905864051294,-0.7258375892083466,1.3960103566875313,0.6679278446583824,-1.024485883126737,-0.0589770502484798,0.27147610276570544,-1.4203301698561441,-1.3148246608900325,0.0802824438382642,-0.5069648898104373,0.9466972844408449,0.40171818199702075,0.6460875171637547
0.34183029762214245,-0.6453009944492111,1.5235735872084237,0.2542327281062514,-0.7073786119122952,1.2387817868454059,-1.9681665307304308,1.1254004077109494,-2.0144377097339423,-1.441111268800507,1.1287038694518083,0.7944202576825202,-0.21006802338912067,0.8374215285535281,-0.03715831834965798,1.0980237752057227,-1.4304819672236413,-2.0371844766218796,-0.2277468625812787,-0.2346347829011572,0.41421614124802053
-0.8648358164093641,-0.20939573399594819,-0.30871443930272546,-0.1520245821250661,-0.894825360260645,1.1549941566699522,-0.08316040181892255,-1.1011519118257653,-1.751323555034831,0.9884942641345666,0.7219809028245868,0.057230647966951126,-0.2197623162056958,-0.8870779965864097,-1.7499989867535122,-0.6017028645458699,-0.2524419602746256,-1.4505635360447344,1.3163899468315645,0.5052702810890546,0.5003993578119585
0.09310312893907842,1.2940892864118154,1.3338306147082966,0.8993674554621616,0.6788464411015824,-1.4008613994806316,1.0438751194213554,1.349385943791644,-1.2564806479453785,1.1247040025980155,1.2620660675256539,-0.8577986156693768,0.5373771201475555,0.5226246396503782,-0.8685181105165682,1.2615483951345898,0.22523811099389798,-1.66361365954302,0.4014783061604549,-2.007579494578398,0.774225338501294
1.2181540899753889,-0.8321211700854836,0.8562521390807869,-1.3864424492956804,0.7507258333845956,0.5890938305762575,0.020148373044356602,1.425052188884943,-0.09973453890800409,-2.0045517460655677,-0.21747709634049225,-0.9098406848959941,-0.6521693379209169,-0.08877252877618622,0.11624907784030378,0.936870686575316,0.264159260057297,-0.5456560798648635,0.21846656204430107,0.8913003432480113,-0.7643106977126929
0.3500241314223474,-0.754483836892224,1.181885053919949,0.8194892170810643,-0.4419975947009809,1.3455517335305704,0.7570889753306496,0.5782976762143076,1.584109460471428,-1.2442921762735186,-1.3803328534180752,0.6307827519594194,-1.491457047168439,0.685181578047866,0.9080220527279509,-0.881190430722011,-0.9264665159463279,-1.6855403881981792,0.656861882015369,-1.8351258080828137,-0.008868686737316216
0.894722235150388,-2.147853023929436,0.48148518907372434,-1.0748886023379194,-0.9670225255533634,0.7247207899155353,-0.04714500310576194,-0.13591465939388833,0.23448987263133128,-1.4755252164744468,0.47683312164491193,0.04430626495049122,0.8064099595170837,-0.7785746237635895,-0.8682532306588341,-1.0628423131180254,1.4483974318134165,0.5500175011860662,-0.5053127351471699,-0.5882954241089836,-0.5907362299628555
-0.6135058115708527,-1.1869627263812952,0.3937913372889548,0.8530418850490963,1.407315433627524,0.1392125437011455,-1.9256494048982116,-0.7019427451604037,-0.7544111975992842,-1.5230123101427504,0.5631187573545162,-1.7665435144627364,0.9829934155044413,0.281584173053369,0.20882798776349093,1.1908632014315,0.8466970526149792,-0.12294205743369024,-0.03487639551909275,-0.42223498350978084,-1.4404838580155293
0.008424663795737407,-0.00549935236044799,0.3794327091730188,-1.5851762441189428,-1.190632799932471,0.7522816367794231,0.8476659891796388,0.455951955661111,-0.39902212283135957,0.04441667667776579,-0.9261755988377625,0.01579751018227234,0.05817189417483092,1.4903776764448546,-0.5145081899732045,-1.6828922927199275,0.7538104656218687,0.09863489568677766,1.0508201276011404,-0.3986420459594029,1.2718297969838341
0.7688530388202789,-0.5829408077350827,-0.7576362096091737,0.9826303983493261,-1.1883826621642148,-0.6251513903187833,1.4259900213600234,-1.3817904812809405,1.3095229711013017,0.9284809129362208,1.2944584898236517,0.7848731959347481,-0.2998119019874784,-0.6356779921332925,-0.9247406781369992,1.3281327792048354,-0.9628833854928027,1.0036407445087907,1.5417082735548149,1.558319326963495,0.7950199278676111
0.7021029909881643,0.815423653087509,0.9982064909930968,-0.4060991311052537,0.548344749926969,-0.6253687180054763,0.18718811012231407,-0.33632570720011734,0.5056915275309726,0.44071986443788586,-1.03886606031397,1.0051338867714377,0.6917769573953665,-1.646357577595187,0.7826604341177775,0.761181894697154,-1.000645761961832,-0.5673397774964649,-1.4438185892993847,0.5163889717273047,0.6109783696954435
1.456105134380277,1.483438814076672,0.5512269045931136,1.5325128274646673,1.0530660047920268,-0.5872624781612661,-1.1998191401148701,0.4537888635826311,-1.68758789887995,0.7693614470968556,-1.1452054929372084,-1.601902034534694,0.6002150927293595,-0.46883303630971124,1.3083985779779752,0.16346198828442118,1.2805920445030712,-0.6744286716295745,-1.218245722815489,0.8640830723159029,0.19564232876472307
1.3655968914628955,1.1027443623664173,-0.28161783419198144,-1.6584130440096707,1.282665505286566,-1.6804806721111416,-0.3744133793604753,0.5066786448237285,0.22373783066459998,0.9662063599939748,-1.626909361778733,-0.432358733461861,-0.8457872384449548,-0.049321672244927936,0.9428007666763825,-0.26086714133764516,1.017473417831309,0.3220864191204292,-1.1159413136790597,0.10198919604229446,-0.2381269736416201
0.18577860257310674,1.024745111356105,0.47716380561429994,-0.2585323852165317,1.1083760992504519,-1.3644388382000363,-1.234541567459794,-1.141854823509721,-0.6319014889560043,0.03135875129538499,0.15206905018036737,-1.3723607125064554,0.899337267578022,1.5057607644409932,1.0319383844218002,-0.30015584573024673,-0.9767238215618987,0.4055705815368773,1.252940514124363,-1.087057252843629,1.5430424698023928
0.7193897637830852,0.7838053580343888,0.16719860235678136,0.3852630522975628,-0.4233214102777482,-1.8250723047003352,0.4243787926627037,1.274826396289749,0.38818951516946054,-1.2202037812734767,0.9437253559717652,0.2814351722982775,0.6154121801737641,-0.1147773400130246,-0.4334801315577837,-1.0083181432226156,1.487322389493208,-0.8629083979596406,0.07988605487089019,0.4948328809486905,-0.38528764028294255
-0.5762566764822931,0.47083859674326767,-0.8800079375115758,-0.44968989241091584,-0.2545678062757278,0.7522059616083574,1.0458243209417832,-0.4941018091726354,1.4823741218265718,1.0584507554059919,-0.8228718007285646,0.5628069647159621,1.2925441130578152,1.262243999701571,0.36121093599701026,-0.9952378831947761,0.022400569023184876,-0.5568049119454214,-1.8000336117084914,0.09839217082417645,-0.01501369786492909
-0.23577732124539572,-0.11464300817533803,1.0374187174279532,0.544972871670318,-0.17446909296648241,0.757486544907309,1.3190145846952737,0.34547917829048264,0.14103859651722875,-0.8575161178469201,0.25285089105999903,-1.4026200111140736,-0.9336776844386824,0.272520723314568,-1.5197556854952297,1.0346282185975795,-0.5258427513150573,-0.9860819696324623,-0.0700237761463604,-0.20770878722108374,-0.21118319961507617
-1.2461354446174364,-0.7042382412817993,1.2027702204771646,0.2953538434056353,1.2000970098733197,-0.7977640030781437,0.33944263768210337,-1.167205083972514,0.9444909102114916,-0.8833025878236807,0.8234564057588607,-1.8332618125929068,-1.1674502962352158,-1.1269585509302034,-1.866799076651311,-0.10829936480747214,0.3377190285313792,1.368151997699327,1.4939960316604857,0.41755388119253867,-0.2220336409327552
-0.17712188657052483,0.4897835975014489,1.3868283356519628,1.0253449829451982,0.703968180630113,0.19504384582388037,-0.9408225934755726,-0.34686212526065585,1.3778988268579047,-1.0891463260764256,1.2617573913786861,0.6711203800514322,-0.4439514478514406,-1.4660201245770574,-1.3878245781816854,-0.9512032636642253,-0.4487244712435088,0.03302428389591522,-0.7486858453644212,-0.9005320887285184,0.34343442078155434
-0.6571221761064828,-0.06144283786619839,-1.5371013796348756,-0.6456583355623808,-0.30579071645007627,1.3398614960812305,-0.492499672623077,0.1670715644280628,0.025480358974693647,-1.215345859051178,0.21308088939995945,-0.7949453927185239,-0.03111359816040783,0.7178496265796523,1.2174769675116541,1.0541303419309007,1.3698149095890306,-0.05551804434084571,0.08124464544719434,0.6319864121604044,-1.4073628119051613
0.13263854242897358,1.2115252480591425,0.6934372822463211,-1.3178855772138296,0.1789875386040057,-1.3897656494736246,-0.13815296056714355,0.08485355894405057,0.03687211468134864,-0.9416059886543355,-1.0826764709539776,0.31832372799198716,-1.245362725611562,0.9594394981751233,-1.1840834109585203,1.0684690804901376,0.3318595751174731,1.018914692195823,0.8935990995384695,-1.8087467513370064,0.36325415438722053
-1.3560280738548036,0.6541001749835198,-1.3780152816442326,1.1915235935921684,-0.7447765372721109,-0.3167200625050333,-1.3147031237852043,0.7911442386357596,0.8311359102592996,-1.1637797431944739,-0.6055874218738788,0.36310764867507495,-0.17866730537116937,-1.9102897698886645,-0.38864307713129925,1.113052163826718,-0.1269611643038252,-0.7619236232086821,-1.438346632199127,0.5754681357314949,-1.276699870513383
-0.8863993802152933,-0.5518955517384388,-0.41946837948658217,0.26644470600649195,0.6038097834651965,0.2296616785104186,1.4445699828778853,-1.8470411345431075,1.1773807044587372,-1.1932989099424087,0.23200971059492456,-1.568594616904885,-1.2929836328538016,0.7796038023828576,0.24969156414208055,0.549763697250956,-1.6009925527862214,1.2766711777093807,0.7519347395747918,0.12197154827625174,-0.7316747148616183
-0.40953493476194686,0.2602154497402219,1.407451368189708,-1.9799793002927248,-0.6349429189981949,0.4964148073300363,-0.478165926040917,1.0462975366627814,-1.3830267270758085,0.5010165450395697,-1.3970382555572232,-1.1672515583814087,-0.3291747041935064,-1.7657833340100144,0.9160804121771905,0.8921544205839768,0.6646831637441717,-0.6153871546016133,0.5445034201820695,-1.1217217496609906,-0.6865806724052863
0.4253321157119735,0.7447420392300309,-0.44318427037882047,1.4708780090356977,0.4904487785010548,-0.5132302317024102,0.745413000378124,-0.5685294607380923,-1.232249911613573,0.0700792327011162,0.9130265874364581,1.2158106031965543,0.19610617670711755,-1.5688903082013925,0.08353432739239929,1.4197269609187235,1.257713609136183,0.13150596277148252,-0.4707413707094283,-0.6235665304700272,-1.1205497344728579
1.376260711363488,1.4779485632271459,1.0188642352016495,-0.26501038475992794,0.8712232274456846,-0.3623654145330151,1.009425843477906,0.7792599439896422,0.8685071764378974,0.04643458757446044,0.4874738311960799,0.06313511779208744,0.7138026421280219,0.6759671465160039,0.1540879281903786,1.429141994977595,0.3389290827315845,0.35131732626014023,-1.4384438406975908,1.1748056260297615,1.4149681203922497
-1.975572535163843,1.323472599726592,0.5186063033550121,0.7070617667178815,-0.507593140963781,-0.7434691634890382,0.7047473592733832,-0.27808899923592856,-1.3601925607849465,0.6642712593517217,1.1463068809527117,1.5756935504195053,1.49294437035963,0.07106954504055032,-0.034692501504906895,-2.0917070592685088,0.6542131595615818,1.0714182598548494,-0.38445011809234764,0.7546270907931468,1.0552658424000603
1.0306867767970964,0.0998411539763827,1.2123170243226886,-0.5986345406983918,-1.4428866210024707,-0.17686199868699562,-0.6950656512897564,-1.9532035648927082,0.6523361812042694,1.418580053046025,0.5511106699407301,-1.7780321914444244,-1.344195382777122,1.0898478081903018,-0.6300466336976074,0.37528668927249237,0.4639872238341054,-0.5095542811132051,-0.5204090945014221,-0.3014258311103155,0.48904806654999033
1.4100393184777995,-1.166965567866384,-0.013874921467592243,1.0730676443480571,1.2482325532693495,-0.48336245221052065,1.279639245474967,-1.3001677631702928,-0.04312307753798333,-0.20304268891176955,0.2939581390351266,0.9140890408722367,0.7215998846071257,1.4901260885366738,1.0199593777122635,1.1585588176474242,1.56097856430696,1.4454741636638022,0.6433070619042338,-0.13086874977708784,1.1918479261347088
-0.3674953434054472,1.205903561266464,0.6439070633463592,0.48019606519523206,0.8067749868332034,1.315593277940412,0.2937147203502018,-1.0861316597682622,1.4499765756904668,0.9041115735823733,-1.1228575966008127,-1.8429234723781354,1.4293506151426862,0.38442668569509225,1.590647663029162,0.10138395562314705,1.4202271300995442,-1.7482493828193426,1.4162321469495858,1.3945411288845249,1.3015514295418669
0.8049760344363468,-1.573185976990084,1.0256805281526842,0.784352118841124,-1.7954448550645625,1.0946129411008576,-1.6539041758373714,1.337317132356714,-1.0266315893286007,0.7193804812475824,-1.8897178402067294,1.4582773616214104,1.5195748225800991,-0.3667876492004156,-1.314368785982177,-1.5463435963213354,-1.1645682894477696,1.1663494159253855,0.27695676853202833,0.7497972576840573,1.0478869235600117
-1.4728320774493857,0.24835746141061937,0.6944536607121125,-1.6399173177963522,1.4477056577395857,0.5958191851999542,0.6213021914413748,-0.6132277859961218,-1.5133989737660265,0.29328887360238914,0.8278605311457634,-1.3384628993635606,0.2647689911287135,-1.154339660569628,-1.0213851937911838,0.3071295753065297,0.21189331427556315,-0.20639580277086472,-0.6863995831336935,0.33690977893703666,-0.6899133677367424
-0.8879808244708365,-0.5702249568228653,1.3449829409485436,0.1904224871722542,1.5100712787361317,1.1740603902263365,1.3336052422132718,1.568794072662053,-0.14776936003124078,0.9826864133505414,-0.35676175716996195,-0.6332590256158394,-1.042974608823039,1.0944210931429854,1.5471223408622996,0.7297687299898219,-0.10626522642919149,0.10734664696111686,-0.19666391917286408,-2.042240188010414,1.1990992180009856
1.0572345724845713,-0.8393562700051701,0.0936235405005498,-0.4155713820490864,-0.5780684072611286,-0.9328425924691452,-0.6488153395962911,-1.5857433788995732,0.24216918592041387,1.2364829248173514,0.17960032066146892,0.31166709337763226,-1.040002539316609,0.3881747933423491,-0.48827172472135233,0.28799061529287195,0.9828196850088956,0.7672170392048762,0.47823772935983905,-0.8099998192095952,1.3317349402810512
0.5712041677638011,0.25072885155941227,-0.14444993961017044,-0.20085438048888657,-0.11939376508718849,1.0028491872356866,0.5189032464604307,-0.5800651285315672,0.8512410380578397,-1.8264712564996364,-0.4693351591107811,-1.3387752751426,0.8761118360279411,0.6154850074692177,1.0482461765963016,-0.3101655177562981,0.9350220411622922,-0.27812004795466155,-1.2731829551746456,0.7658469685091862,-1.7518767612581951
-0.5899789300823637,1.000991932115729,1.4321904684834512,0.016693569157800674,-1.918066916932875,-0.04964214484957394,0.795306050738093,-0.3801903685533552,0.16909825430404482,0.30940842142239156,-0.7931019001088139,1.2620105413290965,-0.36075753270893,-0.45990890668401985,0.22127874545817328,-1.5445595115012083,0.9358046574344366,0.6622684479693868,-0.2629055772126813,1.4871855437217174,1.4326756398018052
-1.7405822056376836,0.321489652847858,-0.04356249767218154,-0.3801116402749931,0.1435178853477791,0.63921745480577,0.6573559784795573,0.09515213594937859,-2.013985082428543,-1.5388216694215024,0.09921643951882887,-0.5027016408688889,0.847944029647221,-0.6249552145263086,1.312147494791721,-1.3598277340242744,0.37068517215936314,0.2360041832395089,-0.6566160703030703,0.532831891859647,-1.2646125883787551
0.09928353169549678,0.3153715955532068,-1.8479292254962008,0.7795949819752515,-0.09660581011276195,-1.4031283221147266,0.6885450197036876,-0.8051684165748524,1.3837338186847135,-1.7702027504020061,1.4170328407622286,-1.258432822959199,0.13636239410375847,1.1212683543643271,-1.5149074844627262,0.3891194036022584,-1.973634306365868,-0.8159217211792972,-0.5845782078893533,0.3419050091953877,-2.0937981445432894
0.22542818346007085,1.316305904177521,0.12655684909150874,-0.3196527834847589,-2.1699864282555055,-1.438974604315863,0.336368999771495,-0.22377594502082165,0.3235526875072345,-1.9382993097764443,-0.9818577690089766,0.21974061773995862,-1.3443306458756823,1.3155047668105522,1.3503330862113962,-0.145556295227344,-1.905220493988106,0.9281067821423187,0.9807702599945349,-1.9001330906639589,-1.0595236843966138
0.2927639729889088,0.40100044727298295,-1.0561294339207208,-1.3342886561044287,1.4225775934036204,1.4619882914164923,-2.1379196453067717,0.017418935308501218,1.5477236019325775,-0.16762963841986683,-0.5657005260855091,0.6128454122441409,-0.9912396011739052,0.28529154113237615,1.5043381290296427,-0.6902676477030062,0.1301663519853874,1.497927059093736,-1.0579124349570872,0.26037828097094257,0.156336307027057
-0.6918125321333047,-0.9628946682378609,-1.2238089380634551,-1.520359587517832,1.4712527292603035,-2.0745459119433214,-1.2388498192303004,-1.069802825501868,-0.03821610984178309,-2.042194964821901,1.321722404246947,0.5937600538037295,-1.2874500374048858,1.3034899076088158,0.05177113140128315,0.3408603781167855,0.3537543956075743,1.13385595486501,1.2049041374274034,-0.145818562900454,-1.4749503223854932
0.1708474779976273,-0.7668898492405988,-0.45896953283156533,-0.940462416603154,0.6516966653732136,-0.11253406239095219,0.029264714429633857,0.3736646336525683,0.43924200808927194,-1.1724383746056537,-0.26272986680465477,-1.6843167760124012,-0.21725603696683465,0.3018513872075645,0.27037094015187285,-0.6759247505076063,0.027374223173906673,1.2999485583056651,1.4193130161521887,-1.7276578696406606,-1.0040642953104733
-1.584732579577843,-1.9694544569517822,0.7730881625440208,0.5426913622277619,-0.39446022525352975,-0.6738993833047907,0.1572988193918575,-0.07252239720296871,0.6904038683087594,1.09813599679408,0.0033174499759159003,0.4853268400253908,0.3895620293640327,-0.7273098455217079,0.6606665596273934,0.3571606429190691,-0.10228823332718417,-1.4436429282711036,0.5086780947561041,-1.127978721561379,0.4378754717021038
-2.0142083213572968,-1.1693230495798943,1.2746669859459314,-0.14564174991658047,0.30550601989497356,-1.093422991361894,-0.04788988145540654,0.5231610128118998,0.3390791372217384,-1.2668688770261458,-0.5006895578241164,0.6165777276460302,0.5279778057473715,0.36658711752597983,1.2932785954372126,0.12928732237336904,0.8665806966647968,-0.4078390893656698,0.24730060122390263,-1.690676712817275,-0.12883094332250095
-0.6999404370001372,-0.4820366619370165,-0.07913798784621519,0.017484591638249537,-0.000764424310966872,-1.32766133623932,1.4642088224968548,1.4582713277412078,0.13237411149464567,-0.05326364087130137,0.8180141929995178,1.5952320707635994,-0.5553678618549993,-2.1366375734201495,1.2710701337503119,-1.9321543158387235,0.8721438386601729,-1.0903127909308141,0.9647556607617329,0.5273467111840565,-0.36922446450628593
-0.7624907431285266,0.21762427422660172,0.2142605524136482,-1.1535428764848585,1.15239836748855,0.980366101833829,1.20262358604594,0.9691515859678242,0.5169125965719501,-0.4682275828464587,-1.032740701137542,0.7284154164392841,-1.5022784304829953,0.9652747005680355,-1.2515114539272034,-0.2724466098430166,1.3382698480580812,0.5359618489804364,0.20802921648583272,0.6281578739962937,0.1159442517290842
0.9147637969528029,0.8256195052310907,0.4557254632680247,0.6101043129548269,1.0872308096785104,0.8034098712126359,-1.3231138792076507,-0.6261400476688933,-1.18613862305546,-1.0182877411950306,0.499076192378503,1.0422118171549384,-0.6120816018824901,1.2194154518475746,1.3176228216287482,-0.07312705853689573,0.8965314812405771,1.0873740607684275,-1.560399904426751,0.0021011829161692026,0.5640099401134575
1.264693907338226,1.2803396940609142,0.5712404992342135,1.1527558668629805,-1.3965226635478833,1.3963348185218627,1.3863179598276294,0.1989286577675873,-1.0729210537151164,1.3707269966692002,-0.25740217167406876,-0.11031692741267334,-0.6408048400553701,0.9448904867053751,-1.0124701327601053,-0.9533681808260878,-0.6959601004360252,-0.4058566134693106,1.3807820021001016,0.9299481103249295,1.6307827194767357
0.32806323277528815,-0.8851891748131382,0.04592191402919907,0.9834379982660533,-1.1174200348703958,-1.5770297815464236,-0.25494108022707657,-0.14529888039481698,1.2509249988427145,-1.2396361632560566,-1.7697221565220647,0.20487375879994082,-1.2498816046955028,1.2430291532036202,-1.322739364701835,-0.5295939257559277,1.0237302236902162,-0.49380390641742394,1.2450042569080482,-0.11980120386813911,0.02015068085491772
0.38923982761615344,0.07536185751633565,0.26427108331955507,1.144888743118791,1.549001113691644,0.23908134858127164,-0.33068333485674867,0.5899392316898943,1.5714757474236352,1.420271748430704,-1.4020738966135113,0.779606670433988,-0.16560570055026755,0.9374190237342946,-1.1732840253167367,-0.608710945606196,-0.128876849917646,0.5286419880682043,0.744721928914677,-1.1030210841988268,0.5523489625509883
0.043617877406375336,0.46398346739034685,0.900683839617318,-0.864543937745096,1.4590564889256237,-1.533100608698058,-0.36618512967004985,-0.8968171430614975,1.5537719483061398,-0.4811430554794514,1.4204072769199672,-1.1915217061520649,0.06299260953646765,1.353156076467345,-0.7888149350203415,-0.30484489013587995,0.3653879376895502,-0.3048036206600969,-0.9369541377632661,-1.3202324839783426,0.6983296916100094
1.0346261615507353,1.3277585560460352,-1.0879831171351513,0.5926260429341419,1.4997772454721454,0.936601132580053,0.971584405414261,-0.6079259344966818,-1.6353046641200255,-0.19808823983876162,1.0279277680862766,-0.9594804011341984,0.5121665019888073,-0.9720861710203372,-0.544218541745976,-0.937131551160503,0.7113819280691631,-1.3113143359404211,0.6426199242531311,0.9572454041353872,-1.3625309984311278
1.534619528773077,1.2245113102456562,-1.179634545849469,-1.9059881226104256,0.6209773711592214,-0.005676228737397927,-1.2958385493533575,1.234628821469816,-0.7932649612323753,-1.88730570934291,1.3809784895391621,1.607156535078072,-0.4995124786828978,-0.9155148816474292,-0.1558322104550012,0.8152136111945332,-0.04952704451452283,-0.49278551620174804,0.06728069854662849,-0.6045501943601904,-1.3807252737752211
-0.09900800470977153,1.4472067450287158,-1.0905014714081898,1.3972646917237095,0.42351935233737853,0.8508511625860896,0.7900480213831094,-2.083669779673427,0.4011187731495952,0.7240386119068448,0.48686043197520634,-0.15190436144437966,-0.15271398963144334,-0.2815172195329883,-1.0512307662823355,-0.4583475789633461,0.7961831143496032,-2.0530574214290906,-1.1013927107724233,1.1605863587426077,-0.04712259941658142
0.35212282756537067,1.3237402423849098,-1.568305797987683,1.4797376526819526,0.8062040578566636,1.2889393738490356,-0.2755634086986522,1.2299122479363713,0.4148523336362377,-0.9843650749380259,-1.595961280070899,0.05998886110519562,0.990259176059222,1.2688401941332674,1.34032380166091,1.385617939732586,0.2568092220827454,0.9820184578426157,0.21341262068899733,-1.152666291854814,-0.8961203800723927
-0.04246296550318672,0.25885971139557584,-1.8763441512585357,-1.723203222993778,-0.4906005092688117,0.9468664760854375,-0.8875152426764767,0.5607530968369303,-1.1485026963120704,1.0005997509796598,-0.738437122024357,-0.09271508325018242,0.9265171018346214,-0.15095482465236115,-0.34270842517146954,-1.5707832809939573,1.5793326934681213,0.36636792361501197,1.2714440191983347,1.4798592210879178,-0.058746010922262906
1.3268990266846472,1.1392455105630077,1.5366333213580976,0.3967675037778328,-0.6232744312186346,1.530269992209625,1.1778789021563412,0.3205362043725237,0.41881859028788765,-0.17235240463167614,0.030423069621435334,1.4655388893958265,-1.1259265268916994,1.4909502043310419,-1.1554451706115334,0.2530911990508232,-0.6944488923100567,0.8504003126664501,0.04996633866953434,1.4187817791254598,1.5070786947536945
0.7298903438995875,-0.9133682543130719,-0.6854611449571022,1.3366690903938248,-0.5155300148055203,-0.9355769119838102,-1.2395665909517422,0.19193231497688118,1.1313846082663335,-0.15227026822130738,-0.0009824583257780357,0.831878554836864,-1.0470176870675412,-0.19219287315318148,0.11490918159924808,-0.3018068962057824,0.28623118645648393,0.4949961282987546,1.3730837776588993,0.7920631467605962,0.31693816643162726
1.3539759958467419,-1.4268043394557384,-1.734438231071181,0.666214306329249,-1.846718588051968,1.4004140227684954,-0.6538916060120393,-1.1608276507052713,-1.4037899453958438,0.4829864084850128,0.8891925179782809,-1.4668013237021562,-0.6282038540372854,0.7431061371820726,1.525200515558787,0.6590326706300272,-0.24233623255556902,-1.8484146478481798,-1.416568508017669,0.8706323313866186,-0.4296800170836976
0.5569086242452755,0.18193723434400325,-0.1288313434901214,-0.748254747104899,-0.0713283577111713,-0.9828707712827142,1.421593852998842,0.591890000721002,-0.187668485017225,-0.7345485575508631,0.9595544466882847,0.017397413608027677,0.7680312838069004,1.4551719489598607,1.4850414554299218,0.21863773221291571,0.7269940295327806,0.6801029408241331,-1.4227991702574319,0.13813157094445216,0.4922846164557833
-1.8545175573202117,1.4470911975401486,-1.0420638218286773,-0.4933106745416006,0.11229132292128763,-0.04785293073336713,-1.9062902382234441,-0.33990748298074186,-0.6817927241577331,-0.3518008213770808,1.4350822682390796,1.0393130701228332,0.29189703240043596,-0.1088579096856895,0.47377559736983466,0.2219021036772521,-0.44159158281261235,-1.0030461300920392,0.5714049458949412,-0.48542932790383797,-0.6393900022245357
-0.8061398263795878,0.2074439270362459,-2.1303553220439935,-2.0457390841852763,-0.1503131281016005,-1.559618863644241,-0.24600261396540246,1.0839404046395666,-2.1401144237480376,-0.11984946801520219,-0.010645408114649941,-0.15687922698651255,0.6796580947254588,0.8423002069444812,-0.006641798902137419,-0.08998581815526914,0.6750867912856219,0.9657989743672203,-0.1902483181836416,-1.2575969147022499,-0.26899822175100846
-1.4962063969303325,-1.216289461869147,0.13801108533280654,-0.5161513835141606,1.0890712380430059,0.9055969750021573,-1.297967464857888,-0.10877716827158149,-0.544403183944307,-0.3729134078568883,1.0954282914498379,1.5864933617590256,0.44685616779372156,0.1904606478664555,0.877375801554822,-0.9500570895498623,0.8021281829443526,-0.16512583432512054,-1.3367888672959876,1.188514146911331,0.4311804462544845
-1.7535302006239297,-0.00014714225303205167,1.362246536352521,1.2725172753930618,-0.7171029581152504,1.064762711985107,-1.1759292137657902,1.3024361894979501,1.223860278702988,-1.4097633714380244,-0.00016007773700377128,-1.0433067542156644,0.2908001194106494,0.6880620254658059,-1.5561039477113545,1.2320075999489226,1.320831941033348,0.5701605828225909,-0.7256679560893685,1.1318941623072356,0.21607496097795217
-0.2721433591229091,-1.0858805836181253,1.3587921376836622,0.01640167358342063,0.726832798992485,1.1986594593975763,-0.4528744589377373,-0.7137046553767951,-0.5293018025681692,-0.3677470967171792,-0.10223430450179027,0.7917105819539512,0.2962211116800835,1.2027888024070101,1.5010505145129722,1.510273467116536,-0.0025910836639789145,-2.0236590022417973,-1.5024592759950148,0.24647857595804099,1.859183121329973
1.044184500393807,0.9823987217108197,-1.8407995140617104,-0.341202809151058,-0.6561324551725339,0.9111168757778447,-1.5317414273449657,-1.7758908485604172,0.3445001067660405,-0.06998612640097454,1.0969730951777008,-0.8451847191739238,1.412794920491911,0.7951859238304156,0.707222938082154,-0.026618006984230273,1.0310732457344582,-1.7550199399519009,0.7358084269347374,1.038304674992278,-0.32797718832595724
-0.6162862964266135,0.26261725117161266,-0.5516568018115644,-1.0509296572376756,1.2660511623313877,-1.7926392727667189,-0.9541274964473108,1.2770787885720725,0.08525301263237817,0.31312009806497687,1.3657257563273812,0.3199805978946588,1.1062204461681977,-0.4624932190761477,-1.221193416367688,-0.3101640821450535,-0.7144096117836123,0.2905613809198619,-0.09399250445155798,1.0463279777609615,-0.8100463556013915
-1.1975471472774526,-0.6560723076076102,-0.21487639777633227,0.015180534243329068,0.7009313392140727,-1.1596809780242152,-0.8516496783021202,0.5436384913626267,-1.88206574879127,-0.4634920374199841,-0.55216985731692,1.0737414090054738,-0.9608749160294126,-0.5453317916182802,0.31936087423062526,-1.1112362829658808,1.160002069058728,1.4313260261555303,0.7351705596970594,0.24090288369913637,-0.1748174832624814
-1.003600683440108,0.545702831972632,1.2841612758479204,-1.161017075054704,1.3177488662822594,0.5732876376099298,0.6708978283090324,-1.0021016859507432,-0.31940904099396267,-0.6881889607841472,-1.4301093411996753,-1.5863844780037022,-0.308082710321927,1.2936458856761737,-0.7697737027501937,1.1089701185074865,0.7581513767472111,-0.2518800804658848,0.6103517878706071,0.2385368183951343,0.5558719354301872
0.6004445807664072,-0.4424567888098031,-0.8414112744050408,-0.1738994138014261,-0.8289161876541363,-0.2042860081263735,-0.1346242841850126,-1.0795910277045992,0.2327414879179856,1.0627044026290056,1.4585877991004017,-1.7008175627077393,-1.6402895272668696,1.304937174432919,1.0855230491948105,-1.8684094078139635,1.2016332124093028,1.3995645547406514,-1.8568608510382487,-0.5366632952974607,-0.1746378091119399
1.0452602718579584,-1.6947336215223525,0.8944061207523922,1.3454374765442043,-0.7183369870047673,0.09366049808968333,-1.1695279348281866,-0.567070704326286,-0.7178300647138577,0.6240411967347101,-0.679034916945675,1.4484727946709552,-0.6391568490162811,-0.2897131050051345,-0.16554027278642336,-1.0895999013134134,1.0942104400713613,-1.5575286716484211,-1.2668935556495986,0.5200674861748432,1.4125002819030386
-0.11063323084289711,-0.6522410843610776,-0.824333637863949,0.6727713037900447,-2.077680881810749,-0.8174266742035898,1.1830250258388848,0.3362609779693556,-0.7851633621378702,1.4434488283775977,-0.38347861034851327,1.6052168839162833,1.1525461777490726,0.49613015171743374,-1.4699281818087704,1.4569069233181162,-1.2949460609066044,1.3682113202888708,-0.23247029271680814,-0.8089997602262347,0.38862518839337346
-0.4921357440060888,-1.7679035812224773,0.5192645533926882,0.37146645368327785,1.230323741593367,0.2568142609649798,0.33951592555262067,1.2808563086090607,0.08666304157067144,0.15194418537876458,0.34446006804150675,-0.0594282107417479,-0.9740541670689683,-1.88663092975061,-1.7702800547116633,-0.0774922322362899,-0.952155534701804,-1.2138962841266607,-1.6963862449975091,-1.194400621308757,-0.3678016730242449
-1.5616414497448372,0.7865927865367034,0.4579319197764162,0.5965709495456507,0.4088568736728976,0.11165920391074295,-1.226136766803814,1.4863898119890764,-1.0749533884480627,1.4235256801591598,0.997185739647399,-1.2191720253861122,-0.4698430918910576,1.2881018647617077,-0.592132031683758,-0.7967101308090963,-0.19724752404611967,0.25524242484116794,-1.1593250771172092,0.6696964047063603,-0.5765378378651069
0.5519793034471026,1.5407769444867252,0.16114610400606041,0.4580130997448817,1.4827313522709629,-0.5278931286991083,-1.3002308655551935,0.44081299761203263,-0.49182528235456874,1.2195278172596236,-0.03502929178043192,1.1886120958826663,0.6946156742947124,1.3828172246564803,-0.2824699644584815,1.0576227760262311,1.263917483019222,-0.6333364636673083,-0.3100645065080387,0.5872214841664617,0.19117902174573956
1.1123189793643433,0.337224851321107,-0.9971678102882409,-1.328711926068208,0.321785934953044,0.2693721919050974,0.15510931246755902,-1.1392357459639766,0.8762861937041347,-0.8479317589564582,0.136001788062942,0.3190158797853757,1.210074470975944,0.43355502503032395,1.5522489525726615,-0.6271785291884536,1.4108957017089634,-1.7175120610107715,1.5332643917012643,-1.2053326029619886,0.053487295080287774
-1.4023367738642332,0.8269487013635941,-2.09480293565572,0.3453786338968593,-0.7824973027270067,0.8096702417920253,-0.4891231574499661,-0.08118342728017164,0.8424092149898496,-0.25168943120410286,-0.7711774650573896,1.064899035749324,-0.3939378655405831,-1.1536410200732226,-0.7868868000424629,1.3422028594926831,1.3712618744600096,-1.2728287353705077,0.5347955216381538,-1.3118204729271346,-1.5137251698965222
-2.121314344461315,0.24071196976199236,-0.5486430665421659,-2.010353160555386,0.8598687276413172,1.5349875636792536,-2.087950284410909,0.21158219555268512,0.8941181087432767,-0.9620109354566456,1.464443657336099,-1.5021461044845554,-1.6378884005172942,0.7058874260973128,-1.5941432564496385,-0.6645065231169388,-1.2144693362219525,-1.388788284119866,0.5478028627708279,-1.2046793327412952,-1.4537374638368519
0.16655437101513035,0.6519513872975704,0.31297125060298353,1.1545063417370838,-1.1608201127350959,-1.7964193631777656,0.19164740962276355,0.658206822222242,-0.3920688269480407,0.25310529335973775,0.2816470392794766,-1.595403104365112,1.1719366822433293,0.8637702300755322,0.1702487749387998,0.9389185386378252,0.07645043617602051,-0.38546611852487994,0.43617848861898767,1.553999471921963,-0.09811341053912176
0.7654703038274061,-0.018861773824528697,-0.4511813810032454,-0.7607603145252805,-1.9315590949975718,-1.981934807120113,1.145926851680101,0.4681267394305641,0.18990842996648927,1.178538844744206,0.8796640597232905,1.4807991728433139,-1.4571358696464933,0.10530134730742334,0.718021440377091,0.9429170948188765,-1.188628741002337,-1.6776994076981393,1.123400676916053,-1.3289325189904209,1.519007805207552
0.3494647291822725,-0.012570565173973888,0.9025792028484337,-1.926625825687627,-0.6544250393740207,-0.7900325358570814,0.01649932612121146,1.2024336142524528,1.3388471292100446,-1.077956042868801,1.3916298226093105,1.0906850339760337,0.39024702693450336,-0.6171478911548781,-0.2633375070606928,0.4667283846415235,-0.059144571749642647,1.4318183359367542,0.6357377415688618,-1.45567182544515,-0.15981657141577005
0.07166800022443146,1.5550746096304722,-0.2728985609109071,-1.1606926420143118,1.2179042200157693,0.15817962038768796,0.8845076599778225,-1.1236156435269369,0.38709331090760907,0.7577710566749117,0.6751536943507932,0.3711980720515208,-1.8596127290189353,-0.6960558299580231,-1.606940395441004,-0.40609621383447403,-1.1978910854551987,0.7102902756325502,0.622225197338071,-0.964951760401505,-0.11467837432152374
0.21278683372110235,0.0937055219814633,-0.24920721626442613,0.0015009315508168607,0.6360398645329773,-0.6627336032676876,-1.6164269391486545,-1.6515282164972696,0.7749144768338981,-0.2931482973575382,0.7342588527604391,-0.7391408110040479,0.0012108533067280306,0.1484343424932564,-0.7054556926386315,0.9601371707953829,-1.8395528479382208,-0.2596862936649958,0.5384746305074593,-0.7834112033030108,-0.7901120276288216
1.016278310470091,0.7853122379087784,0.8862214891370823,-0.22690001684332692,-2.070613180008123,1.1191315157749102,0.6000379312622696,1.214169806549514,-1.1958051666288518,1.0263358456005982,0.8458154566054772,-0.3487634118701234,0.33484552382322047,1.361546488495545,-1.0642329071878072,-0.1909613542494941,0.24937196426970615,0.6695924554488951,-1.1298083556571146,0.9246179754348335,0.22544258818130727
0.21865198363274446,0.9327235762810419,0.8905616997537484,1.3528351402400582,-1.1826004012150808,1.0109583010482075,-0.3836723035582975,1.3303999789108365,0.9064209862152686,0.6243997063220366,-0.49869371036712584,0.5538124700154786,1.505362696585962,1.202305654511488,0.6997050449949055,-0.4400388042438464,0.8168034357331184,0.4922870661074582,0.7456749395892028,0.5715031451579652,1.607898891871272
-0.17501907904881972,0.608394400622578,1.2261441836803286,-0.14298754398626104,0.8607158678125042,-1.5673680930544693,1.2167362611308605,1.5695984540832844,-0.44614209272212046,0.906657080549915,1.0334259766828517,-1.2448947046328676,1.0599400438487319,0.746085268785395,-0.34437984394411136,0.37863090051297577,-0.20664720577149998,0.9630455133795324,1.404274530140937,-1.185163402395423,1.7330547252793471
1.2229107013588603,-1.2749149434254654,0.8830543583588157,0.6894720759900685,-0.7595852164088743,0.6082622437402607,0.7379398173760702,1.3669916996851263,-0.570126226264802,0.5150396673078567,1.239141595964002,1.3313709722901188,0.15964965051515606,0.3621293441997711,-1.753310745292069,-1.1918845153692867,-1.3683510237334067,-0.6367830696470734,0.25755324115184175,-1.1390395444138306,1.5411961041961502
-0.7619581431883575,-0.1066359708702847,1.0989482761360345,-0.5755498160760318,-0.3720993945863987,-0.40073874883184174,0.007825891041371982,-1.524451035353069,-0.738481578390433,1.2541287569452297,0.9922773235210144,-1.314026702848257,0.50489515990733,0.47667672818357154,-1.5587191028507794,-0.2402284211710898,-0.7732168630484642,-1.2898593291970668,-1.9579142129342757,-0.6677562516063502,1.801748391761986
-1.6989755785617795,0.9646824957378984,1.1502494266097947,1.13296658078911,-0.8157775808665169,-0.5038626471230715,-1.0513534283906634,0.05458753623853962,-0.5093696991477121,0.09660870804383807,1.149084732003154,-0.9351986690384069,-0.34803574717641717,0.04170991105178524,-0.21508477387847094,1.4622235301650377,-0.08962124109783251,0.3559017840205013,0.5212538769699713,0.22839063056159192,0.5983852483898607
1.4268769601278026,-0.5962838414810515,-0.16119136022501776,0.7242572578669357,1.2586656144984745,1.1050320707451997,0.6580337643887304,1.4995285485349883,-0.6695879383555802,-0.09603383334424272,-0.3251429602854947,1.0966064768074135,-1.240632535953892,-1.6256271911450713,1.430131207416335,0.23358053899056566,-0.8780586410951463,0.5855530904489403,-0.01475627670833,1.2389062996068712,-0.9421058106492598
0.7366551123638069,-1.5262190108402516,-2.044898581532293,-0.37015404696230003,0.24815518439525475,0.23814872870630288,-1.264776864388682,0.8971452682751231,0.6699250839424596,-1.801425578018037,-0.3180383215850108,0.8771093847911879,-0.3255805966416331,0.710187731549568,-0.20018562417628463,0.6131634133677105,-0.9188039433340238,0.8338105951586138,-1.85980494173945,0.13359913443261148,-1.4852257124071393
-1.1005880614696066,1.1180701172179688,1.4748332217400248,0.1643357707561051,0.9237155762847375,0.6270552533979797,1.4427729987959306,0.26147106020601435,-0.13634561531347764,0.3339426745441308,-0.7726319575640677,-0.5048681874152255,0.9549193997074115,-0.9143178096034618,1.1847181666682922,0.7620270736168281,0.6180967030790598,-1.2229971643799042,-0.787811941192187,-1.7943773958287113,0.326415917571826
1.3704858547662522,-0.7570861665459013,0.06910289735049145,0.9202038852835207,-0.3721284490490506,0.5455756762997171,1.2334182227850774,1.2356705746620193,-0.43008675679911745,-1.7031827432998607,-1.6289878413048997,1.2775548501198606,0.05243355985441042,-0.7387683339101382,0.07367493283487168,0.7210193634402817,0.7649428806083713,0.9727735223771321,-1.8488170358588765,0.2616112352158641,-0.034328967680699665
0.15333654009918019,-0.5421001540969069,1.2399580733652782,0.6990673562522141,-0.15203816048771263,0.6939197392682855,-0.16986307048587315,0.07359786529127066,-0.3535583219514362,-1.4639527648719857,-0.206318882843987,1.5443795320128781,-1.5165258070079608,-0.6521841064909749,-1.5597675807640996,-0.8518376826576131,1.4018458409024366,-1.5683987722340837,-0.7389001349738873,-0.20812828871014466,-0.44131669598676293
-1.7478325962339847,0.4678896854194071,0.22586743570696352,0.3998895328000834,0.09973639754560587,-1.8013185970607604,-1.1327333449670764,1.3933973748358714,1.0203809896578824,-0.7863822585406023,-0.9683339843175061,1.2395614539022333,1.423870251677063,0.6835872221095343,0.8264270202458487,1.2651753066788929,-0.15135030257158508,-0.5249445911736752,-0.9234531426587669,-1.5744209242393894,0.20356240901899378
1.4516290752260703,1.0179773548935762,0.6447565694917937,-0.011356985979195747,1.4672208828177014,1.0173060354418837,0.5074720061469838,-1.0788896564440345,-0.6231140325036798,0.25670884217625195,-0.8663254077437114,-0.6797266728074177,0.5995612710645915,0.11463154437063848,-0.42796352568581425,0.10434971985703,0.2826256497544372,0.586904637407843,-0.4427147076788755,-0.4486127868396901,-0.2980928137408348
-0.5071710066496422,1.3781013280189012,-0.9909648075695753,-0.3452687752490101,-0.49712586267618075,1.1821335814788214,0.6183614080018023,1.4231714621756255,0.42446020454321237,1.543183467992935,-1.0427626732075554,-1.3107337371813368,0.038320560125755077,1.3543743425034407,0.4251724921142109,-1.5940765444546128,-0.0083405852869002,-0.17055913933518443,0.339326404235633,-2.0401269293225233,-1.7321284805004102
-0.02824647660997479,0.6882728466930473,0.8952486142576256,1.4173864991388057,-1.5764864607467313,-0.5863469560924146,0.22053480807410103,-0.1371812475738642,-1.1647008595554529,1.1598868441719454,-0.4544481977365445,0.5057186364316035,-0.9278261042825333,-0.24932633304178434,0.934800042654569,1.0446335445565775,1.2983457125225295,1.1713647903807014,-0.9365558666581071,1.3162613706441266,1.604127716617567
0.5560174403909643,0.35608500674765825,-0.42679382943858307,-0.8642813051495837,1.408843203626791,1.1124299151335666,1.3434088931796515,-0.5419759619148233,0.9738045062056916,-1.101143459700983,0.12611334268254612,-1.8375446927867043,-1.4050600407975344,-1.515866491847149,-0.9437739786608796,-1.708508989229205,0.5487964103661769,0.09260496700256796,0.26856332314277986,-0.4405905907985873,-2.3620966944638004
0.9562188758213092,-1.8053087546527187,-0.8127836465254601,-1.4541708448030357,-1.4107871926881699,1.2715483724602283,-2.055025110540371,1.2032955613135914,1.1103194151740912,0.4972147016077458,1.4116894388743018,0.4002906149713913,-0.8829479230079754,1.1015400295668432,0.36744774435560407,1.4978287076610726,0.3250727908686157,1.1476214293826419,1.0540518527764584,-1.3136464281145284,0.7413673761359261
-0.9248842224723741,-0.980132580670426,-1.1471674684396937,-0.5094583301416695,-0.8439555033147026,0.9212915288985518,1.3236019371527747,1.361460802288608,0.10872936655154018,0.4216475685296559,0.19992264530966636,1.4411451268697297,0.511180827619017,-2.143817763817365,-0.2679474247057081,0.28535408872902535,-1.2633344760801928,-1.06811909091219,-1.242962838887815,0.42399368080893185,-1.151759829897777
-0.816377810079109,0.18172103621912114,0.3874816909559509,1.1540744352421493,-0.466379182316473,1.3173800121763584,0.31463745747207705,-1.6688034258585984,0.5478735800610339,0.8623590196949165,0.09015646592840848,0.3630491295885987,0.06139268700640211,0.8867769708128647,1.2775154434139628,0.0365656171538474,1.3896184174453052,-1.1368029690996424,0.4480099936796548,-0.39089589980271183,1.339481679388453
-0.707401951895778,1.0868451085360096,-1.6487423234047833,0.7778869260951851,0.5142260172225638,-0.7390065916577304,-2.0766742707958348,-0.2663941127674485,0.6537960200272589,0.6142022433187826,0.1354372238713724,1.1707116959777366,0.41595358138044936,-0.26313527633956085,-0.1993723422113607,-1.3234901907776193,0.623888810857736,-0.5843907870528718,1.332770014666537,-1.8754339031122926,0.4397334074942443
-1.0504678022714788,0.1049362717503146,-0.4636203563227218,0.48326131607935213,1.5060048292718153,-1.1255748075809329,-0.6925953251380638,0.6697733143454063,0.730880909012829,-1.6405993340390128,1.1499432126901685,-0.39578439647462127,-0.10647727574877247,-1.380657722950698,-1.443613534149172,0.5615382516748012,-0.01076246098601649,1.23452172288155,1.316075585929411,-0.10168096537681204,-1.379648448436648
-0.16551761676657423,1.2250941876501398,-0.8277176788712292,-0.8041068164360575,0.7530369866732829,1.507572287853868,1.0172050142719105,-0.1828946989957258,-0.1666874249501995,0.436907935583539,0.7825478098451244,-0.4551733750748218,0.542332596969756,1.3763389329272095,1.0157880914756943,-1.7269978595661972,0.6404568585858461,0.3091566695958568,1.3798547681146225,-1.068852706704755,0.49375642036196404
-1.277529804437739,1.5571273629094484,0.8887042328958189,0.7843675089853418,0.6607710561992511,-0.9784521715393353,1.2369524016474014,1.3434224733276168,-0.3586454572322022,-0.6620852434479475,-0.21667007745573205,-0.18119998449729308,-1.7951427174150758,0.08116104929831355,-0.5553349497065462,0.7895424889320759,0.5780097495432293,0.9323899792352159,0.9112720130415586,1.1293702899966485,0.22687735574075438
0.1200326086005569,0.7929431526191777,0.4835979417532703,1.0193743466908864,-1.963836258311281,-0.11899481609256941,-1.4696907041974911,-0.10323228440750327,1.3151542718933422,1.362379180072166,-0.5438932641271984,1.6098376346678815,1.3288251127973774,1.1845046542395758,-0.4392667342168603,-1.0626239885794522,-0.010623668027151215,-0.7472970259754121,1.4738447538946577,0.9771441703041456,1.4276906796381348
0.5896876824115047,-0.8134081397185172,-1.3371823972578893,1.5360279264259047,1.1210002549793423,0.6365115894793364,-0.613246872154037,-0.4153878315666588,-0.4927989150555107,0.2994646429474458,0.5269959660237323,0.14408439269583423,0.36077751551491616,0.29321167927489383,1.1947088523385883,-0.7664510795832989,1.5168776822495735,-0.7695061134733929,0.5475876097608041,0.7206639070858866,-0.8571644740621723
-1.112608555540321,-1.5405707198051828,-0.9613831123831496,-1.6445676435897691,-0.17863314099307553,1.3750172583457936,-0.09308678272549532,1.4855072441590444,-0.796381429188158,0.9444528274283288,-0.5509357587637637,-1.6876659214362721,0.7131181531292714,1.3711742628906878,-1.2062921127644932,0.19428778348949094,-1.0253390580488417,-0.48967488005141047,-0.3586979373497157,0.42898971298182886,-1.1580559528717702
-1.0114995847239296,0.8007352766500834,1.4738456662757409,0.5003329785693363,0.6059306756160514,1.0569845483584122,-1.5910924705981595,0.6018095781667204,0.8428726701975018,0.04405612883256677,0.969608353389275,0.041737745643813724,1.285572321245072,0.8289089358881494,0.8767054555365988,-1.6484648401221584,1.433469430946138,-1.73946182174086,1.4813383750200764,-0.1336676536011217,2.149092152487695
-0.26282831013810387,-0.4918105841270603,-1.2895469110160127,-1.4602630233374922,0.38805686543217904,-1.1148001097126283,0.5226930886075011,1.1864647107071904,-0.6930078771451328,-0.8566786843048282,0.46348656422739076,-1.185391003166015,-1.6038265180785065,0.9115929460037382,1.5471251559581016,-1.3728071934061459,-1.069102524543391,-0.7035422742840917,-0.5289174538018034,0.9626316977154432,-1.1813128316119055
1.5182419801592868,-0.5623056111033352,-1.4992785758479144,1.4159051188958014,0.6963597558572605,1.1943825648347208,0.9527080168464169,-1.719090648275834,-0.5735560375116858,0.03357411988836701,-0.3821185244675945,-1.71689900863131,-0.5243507245086753,0.14908444216622993,0.20826948303175688,0.35068776651023675,-2.070937291060551,-0.09393378591307266,-2.0051594367875283,-0.5070187965781902,-0.019173827517599606
1.2040675550987554,-1.9807297080577324,0.2519341235953162,0.9727658088601994,0.9629665235917371,-1.7766375797738396,-0.5214177647168292,0.06398637455959938,1.3348911461513113,0.02322699301506406,0.5329831284758942,0.18935102579150856,-1.782605584945154,0.6553736796166166,1.454308327325867,-1.957241325942889,0.4549673400433407,-1.426149148746158,0.48346260491542653,0.1042110901396655,0.7997911894507419
0.6571746904836856,-0.43697976455127757,0.6183420714061646,1.099339400932863,-1.1726446958846068,-1.1168252575182391,-1.716754332813725,0.7322936058445112,-0.18524412457329195,0.2750763611077537,0.5622946066957736,-1.0145330583433885,-1.462096906048969,-1.3864004308276694,-0.8173768513760951,-0.6670667088308949,1.4181822085815945,-1.19614311889659,0.1542979366470782,1.4752286645484551,-1.5807633364377545
-0.026997636926332523,1.0007684966359733,0.9401769993851645,-1.519819578767307,1.4225205804055059,1.1993481098809937,1.3034023001431696,-0.7727965815408144,-0.3661969554911075,0.05902512095167918,0.7133370953352683,0.09039614297648857,-0.5907801367588843,1.0420614194330706,-1.7466824865464152,1.2486681625857445,1.295144706268118,0.5061179434987343,-0.551230136765146,0.5268243869955611,1.2064099185369987
-0.407603167075239,0.9638539487516722,0.23279478514228172,0.11222829796262827,-0.6988100371377476,-1.2072454784193585,-0.2832355829110949,-0.23080628627527136,-0.23827532961240785,-1.5426479793189327,0.46765756282008647,-1.4414949707518727,-1.0868987638605254,-1.102614535913387,1.1660615204927867,-1.8996998342190212,0.2717056622167273,1.5173620176541456,-1.2913602253865841,-0.7782250242868097,-1.8908192892981874
1.1203813734918722,1.1853008406526084,0.17873487807118452,0.19115105303607646,0.9288416509708968,-1.3456363727390401,1.1221764768834523,-0.8285809718963679,0.60167923592735,-1.027232677153669,1.1486524531500246,1.622451898743275,-0.8741515780416212,-0.7092533707544777,1.1133165944196615,1.2353215729852292,0.9669351182641301,-0.6540094758978582,-0.9178656635632098,0.10925943738790646,-0.618864886750929
-0.9751661504866488,0.34631444933594735,0.9110101314477448,0.663849755175344,-1.535963826807715,1.370216717394787,-0.11286179916408125,-1.9500232179175294,-1.0869517532737798,1.0111767692845466,-0.2986860842796458,-0.3672741317438977,-1.394004284899335,0.7163973923249809,0.5093377921955229,-1.1019901963870335,-1.3737239286890792,0.7053263072197793,0.9788874817267008,-1.9602590710871077,0.8587716507506007
0.2175099450208296,-1.798838158908003,-0.5325757984187032,0.1356782224459361,-1.5147284276712587,-0.4241010921241435,0.9576879297056303,-0.6384852137212701,-0.23454768540676257,-1.090232579675891,1.4085539460262886,1.016771450587839,1.450536083560306,0.09416597386643402,0.19152932306120213,-1.7116809589220854,-0.08645625568027905,0.8930186419662935,-1.242964407020015,1.2873377281480538,-0.04461370017746576
0.7933632484055955,-1.898509885010329,-0.48228125627241936,-1.200977260098312,1.0037711388721748,-0.7241869984925179,1.0995481737944361,-0.8727440676112203,-0.3060285315590435,-1.5105504429102907,-0.7621041469339142,1.4367944590737702,-0.5072017599554798,0.8624147542408483,0.013107761252585197,1.1249435164307202,-0.40672835682187686,1.3852687045174505,-1.3203114788424664,-1.1375557752224965,-0.3169714685226631
1.0444466283365754,-0.21393229679016626,-0.15027588483162901,-0.7143628562376859,1.4747208683599142,1.1764739298424547,0.7788328760658776,1.1593928271079392,-1.216630792612753,0.5350550504421092,-1.3013437552982365,0.0316761100240187,-0.6548538605526449,-0.09442604826759975,0.5603748479582004,1.247824262826898,-0.09476240766308017,0.44290169160174103,-1.7655938237089572,0.6179475591809059,1.0607022093849163
-1.876684594293152,-0.1006106266860301,-2.0142099154137396,1.253078139615221,-1.6541095478651042,0.093971822453748,0.6181118428828896,1.320788944267781,1.0107048123249407,0.8708807753849659,0.9793517415837495,0.7697429754065359,-1.185990941843977,0.28839432216621014,-1.0236982240951669,-0.1397110394286442,1.459914211836805,0.2894527090580015,-1.1378206809479727,-0.09479240331502801,0.3126492644868834
-0.20119375332748626,0.20801463041649876,-1.2153469426632288,-0.5972304162232569,-0.4503038273560386,0.0002446091247023123,1.231828990212981,1.4657277391408456,0.9665081147388095,-1.2724342861657274,-1.6242919987902422,0.1842493085624677,1.0324899127153264,0.7417550576948022,-0.6489281389351137,-0.8193758188459472,0.18750107246181233,1.3270451732040611,-1.4476778424058943,0.5253041166063742,-0.6434890624212665
0.9134162907939425,-1.2892796127838717,0.8747094936222374,0.347464509890702,-2.189865737488678,-0.8843647370528995,-0.4071283757270691,-0.3302844393826976,0.8800413549168115,-1.882128462694628,1.4233626122826282,0.7129660981415525,1.604849615852274,-1.9272481307688418,1.5643575504225524,0.36948265359205884,-1.1135514243678946,0.7843358894501146,1.3109579688053468,1.0948002254913975,0.07617165289719519
1.2341399296736593,1.3022534906099446,-1.8335445392211762,0.7869285605759923,0.9620942638771173,1.3645488273659594,0.04949003533625969,-0.4809929748744145,-0.10276671366252649,0.7938837576435501,-1.4591570401595808,0.9509162853128317,0.5396048008678309,1.0106993530097361,0.4814490796188502,1.1922508317375822,0.5050270468922252,-0.7469488048683759,1.368059581014266,-0.5112928824155016,0.5299175164064487
0.7003893174529733,-0.805318908089309,-1.0356102670582075,-0.3309521061848751,-1.6899257986340097,-1.4064145387925318,1.430082691105069,-0.48216603555631127,-0.6726983993182094,0.44532551409280235,1.1209188795571496,0.8825410379131347,0.7105302953709594,0.9484019108835304,-0.028445620832896704,-1.4173429149800212,-0.5840973681824243,-1.1677922610364573,0.8156616506931459,0.16871915486565683,0.6864496137715762
-1.548887671890325,0.025422194512750334,-1.8841354947428042,-0.4053900980667159,-0.37706920906272057,0.2408769153642694,0.20714707998902737,-0.7882306574142344,1.6031096899289436,-0.6401879991991006,-1.024658421207453,-1.7343173257455362,0.5027284374093358,-1.647828097667474,1.0564977688919792,0.9051824958424712,-0.9035156066277237,0.26648681489821546,1.3185883882314486,-0.3750199881609258,-2.3619582712395264
-1.5964855851911361,0.49865371535230935,1.0601069106313812,-1.459840842462863,0.5110156516130602,0.650358183643027,1.4248867565725374,-0.6865188184851598,1.5184331890090481,0.11055058476846742,0.10706102019051514,1.259438565928496,-0.4324171955680043,0.5183486059520497,0.4624386799377822,1.4125040530439015,0.1003792964797955,0.5981186868086686,1.0417181653790046,1.4079831517834078,1.8223270504294282
-0.3447793918452816,0.9306483762488567,-0.6043381574437243,1.490242369779123,0.3946014729668715,-0.4080914224521449,1.0379782351595157,0.9983988268051062,-1.0544383966283735,1.4523136878208882,-1.2960815407795159,0.5316829546977214,-0.5653641434896665,-0.590196271966931,0.13177205396806485,1.3922583744178127,-1.5898604479555019,1.0015484852898016,1.2293653942385843,1.2642916427471635,0.7106454976994885
0.47241979939121476,1.276034030502895,-1.8330464208565704,0.45713127295355616,0.16550920674653963,-0.336496220408141,-1.123412075762686,1.2767501803739745,-1.536414238945322,-1.001188167312687,-1.2861288990313289,0.5087299755306958,-0.9637451839208091,0.5499335886703469,0.08246648320436308,1.419419545452671,1.041211122353481,-0.26039070308261786,1.051830916736461,0.9828904017084888,-0.9224997377936968
0.9316221325331987,0.815844201066292,-1.3060473358571016,0.6264042099310503,-1.5254595345252489,1.5061944026098413,-0.012627702705341104,-1.035482696418634,1.5340743066007154,0.9416171114331173,0.8185176231098437,1.3863827158520994,-1.5369015283229206,-0.3176519898449112,-0.14711718291570272,1.3982227916153274,-0.7265897590792828,-1.0901560468277953,0.11074022754627953,-1.1342404864574274,-0.0695763848696387
-0.7495697454127442,1.1621960593965055,0.05406264440218706,1.007956554891129,0.7922532933223337,1.283882874154068,0.2651172690090007,1.2598866848726247,-1.850209732562069,-0.7334461972193094,0.7466576723369949,0.5251097508427075,-0.8039493059223565,-0.4853647077637928,0.7224776040491624,1.35897010625841,0.03884495513415166,-1.6754429186936506,-0.8911321822621625,0.4865582544244741,-0.38549503820846537
1.490488384251952,-1.9655466188046211,-1.6569935821189252,-1.4322784948050877,-0.0629959982196828,-1.3070215909117961,-0.407921382414209,-0.07774052954024253,-0.24217209907202542,0.408849405936514,-1.3784573586892819,0.3927545987918352,0.004334365193544245,0.45949295511148897,-0.25598053480500954,-1.9147360286107427,-0.4025751850595517,-0.6071385044204256,0.7178949237376787,-1.7307705460062683,-0.3441628688282806
1.238445188885081,-0.9840111556013336,1.2762665464912817,0.34906829118515104,0.26016054476479267,0.7224738728363298,-0.01895535780900588,0.6673053433945763,-0.5650198480959517,0.9518402753448012,-0.19674779416436955,-0.19016450915199012,1.1694320255423891,1.5276650365529811,0.17326831408759946,-1.0833580118532715,-1.9898289482438911,-0.21800884951177427,-0.2153753520155237,-1.884159276774435,0.3621113608467577
-1.1604276454014308,0.002491547793245849,1.1114774414237507,0.8830022591433998,0.28098703019371746,1.269656190266127,0.12654381002383472,-2.1547882014648914,0.27156985258548927,0.17624313461139224,1.138105614902533,-0.03005061929489255,0.4411596725163699,0.3449955868503154,1.3064148799320743,1.4484160409215523,-0.10325920685533939,-1.1333580316018563,0.011532417319574054,-1.2321312764678294,1.2419216057481657
-0.620531676286007,0.9488857376308703,-1.3827803512759904,1.3297686095183012,-1.4366418976404334,0.7404674206023172,-1.3295960911830236,0.0374867455024754,-1.7413228075614677,1.1342138843702267,0.5900652192900592,-0.4530991724637175,-0.887032947685764,0.8196482542486428,-0.9447410841250617,0.3522214162720166,-1.3538381423302708,0.814266631441539,-1.5319494696163611,1.414613273937596,0.4007850493387109
-0.2835073366488261,-0.10432412363555811,1.3302285345134355,1.2227544851323051,1.4508615376935852,0.37985319552762276,1.0789525675442864,-1.5503796293274072,1.0600367728274722,0.03338188147801889,-0.00377573362229934,-1.4817154402005088,0.4565674908609778,-0.6891581419413187,1.5172538008710146,0.7926441007618669,-1.1408324758233448,1.0029703796206133,1.3763893349393947,-0.4191526831319791,0.38413072116629704
0.280263146314493,0.7387289955566018,1.5217850948492044,-1.7440030510042288,-0.692647419430413,0.7934516887054869,1.4053785092388018,0.9073001456612242,1.5044746543840888,0.7817829386992167,1.2298939735263263,0.9484492129493745,-0.3528781598237127,-0.49695326270653156,-1.1971686340304595,0.8717273579407493,-1.072499360924066,-1.0737730887410355,-0.8138769941130908,-0.5961731084739801,1.1215087667507504
0.14444315314463155,0.44621681168852095,-1.7320334970352789,0.025020142288617243,-0.5642533921919531,1.0407786208084533,1.1379611260254445,-0.12415235604850076,1.324210930858299,1.2686537346532352,-0.2581637481750025,1.2478846977097235,0.5732934956323305,0.2232036157628803,0.9704016681305845,-0.33182523758992594,-0.13283170330376468,0.4337237923280204,0.1549128298053442,0.7422052822982116,0.25869575987721993
1.063305827064299,-0.8414516821530547,0.8709508637442415,-0.2165969250682448,-0.0007625251668752867,0.3253303319995233,0.642256602301459,-0.13384644518885624,-0.9402201504753995,0.010381383821036295,-1.878794317611682,-0.10999836811270114,1.2510077158360549,-0.6416257849360227,-1.0456756126024158,-1.4176918537309104,-0.8821023176663287,0.4829133065211673,-0.42165925441039626,-1.696972883586194,-0.3482786662043421
-1.0024270233097117,-0.28909805589273635,-0.9534712995609671,0.4015689988896973,0.06692186207230125,-0.9362811400727787,-0.5227454789783091,0.3935611999240985,-0.40272890930149513,-0.16420508839192943,-0.7085101866809846,-1.8294403215309154,-1.098554478858837,-1.437578159165606,0.6318028848215592,-0.3179802408440945,1.4941444859137363,0.36060069889889884,0.9454396156216359,0.3506580445078257,-1.6699300493363594
-0.3894224472941716,0.8952680525007842,0.9421446342934741,1.4278338281554468,-1.3144763814746807,0.5059089202676208,1.2402328975783823,0.2689656510409976,-1.4911920978693085,1.269266973578844,-0.524207206163143,-1.9002571747027743,-1.4184578537057746,0.7395733612928751,1.168007290950399,-0.3797754029579855,1.2039449796552286,1.0413778991645184,-1.2340509794864547,-0.08192838186874299,0.6772581860907072
1.1817441743193098,0.9238073183714203,1.0210375822304356,-1.6583478248570627,0.4894851440794076,-1.7886269252914513,0.24350305569393077,-1.9354220927670835,-0.6553386749232373,1.3014289168375335,0.063643649057486,0.03245775943494723,0.2574194148353809,0.3849775904648017,-0.0639957687321722,-1.4749073383845879,-0.15964851253549722,0.03970805874628535,-0.2684615247833245,0.25100078445720175,1.1401783411089692
0.5377683670869027,1.1676888140009791,-1.945479191673737,-0.277195516432933,1.4354037057836158,0.44182753142922043,-1.158895596297143,0.06440783561533175,1.5503775893071705,-1.4474626247573272,1.0582493620532034,0.7542266429528477,-1.4426915369583173,0.9612058395667448,-1.4419600579637901,0.5438232676446884,-0.6763119060360315,0.8976154543720068,1.1343128674587528,-0.16137401153590045,-1.0534668914541923
0.9451901358056306,1.363061903741614,-0.4298075798325371,-0.9131495486365327,0.19652259115024576,-1.0137550913514561,-1.2949046091184488,0.7808630863459276,-1.135679036173242,-1.0580455572309488,-1.4690166365242663,-0.6135759892603857,-0.1822921912767038,1.120419648748714,-0.49143463784223435,-1.3182355296480845,-1.4370767618223992,0.06467450928853684,0.35295482360292124,-1.3530520188951043,-0.9068142098970342
-1.590510925987297,0.9535107298866847,-1.4851840378333203,-1.4981728660181644,-0.035011338104160766,-0.8064128275991177,0.4677336353780954,1.1365292170389687,-0.1606849479286915,0.9397527733578703,-1.1865718732367367,0.48488612227320976,0.7821637071841159,-1.7743806782035774,-1.6063268325210338,0.1463632006855619,-0.5022943898087401,1.0119253184213077,0.27234595715096915,0.22424194465651023,-2.0481446710352422
0.2873033806026813,1.5314168754493704,0.7585787187633678,0.053832735784657505,-1.516608960483116,0.37045048055981483,-1.0255036764058314,-0.006571058708404468,0.6394057878182063,-0.35722647328736573,-0.6670977011078032,-1.4338655430541394,0.5313194827824321,-0.5921687674562275,0.5369014368185844,0.8548090499044362,-0.06878144248931063,-0.45348099727766505,1.1293669992698685,0.7203688197645839,-0.7087700399262172
0.6827719657133041,0.20739115804763075,0.371679798398913,-1.565791583330441,0.2930658437870335,0.44980763247438227,0.07169910432898395,0.8001849971183471,1.1581268325334666,0.4034944488113265,-1.9040733503246174,1.5031982282153207,0.8828271796300593,1.221461180209107,-1.70107062753662,-0.5865432654499059,-0.4025523307441592,-1.7804330132182822,-0.900223840098367,1.3267695340761383,0.8058484052017796
-0.5536569909415845,0.4593935751054994,-0.6626007372321768,-1.3717427423077377,0.9655395955170131,-0.9835701814983907,0.4700603275871429,-0.3531960875548327,-1.7737068972817684,-1.020567594394183,1.3462665566657217,-0.12065710671667708,-0.029621480496163644,0.38491399469371784,-0.011989469743911746,-1.1272083317446522,-0.2124729905672514,-2.0690700649664935,-0.01895789520957509,0.3417500975231189,-1.185630918453423
1.2389300174517142,-1.0098958599872019,-1.4907500794580268,1.0703729742949755,-0.7409614825203013,0.11044673198385635,0.8312344227629873,-0.6572575725182807,1.3735443493371893,1.134541539233235,1.045187853369929,-1.2576750900063336,-1.1061755577106374,0.6181017490619862,-0.45095790332505276,0.16321478053743804,-0.57699173695412,-1.4662234852684393,-0.3759442220302255,-2.0729879572125074,-0.2537663878685774
-1.658473954056393,-1.890733174000348,1.141791349899436,0.7104227692024379,1.0786747043773777,0.09481794159373662,0.9312639585955587,-0.6790856086502626,0.8778738370527601,0.3725553237026047,1.4249639447564717,1.1742178287740608,-1.657738749409878,-1.4785946971366462,-1.8979219390048174,0.35867855140884364,-0.7609345152687309,-0.9212152773366171,-0.5455980144050208,0.4016601283078133,0.29128602652045305
1.5465310491097966,1.339135646360763,1.071838783035211,-0.1605223327138923,1.121937623534692,1.165412640389768,-1.906238306387838,0.9102726999578403,1.0191528369807583,0.3922774304006614,-0.96912835481155,-1.3665364818317427,-0.292485312610597,-0.47830047830487415,-0.9530149389193681,1.2225361857499688,-0.882079014422865,-0.1982385284048818,-0.9237077676750743,1.4609839786159668,0.02160307106940724
-1.6429892949242033,-0.2755253229631891,-0.2154177584321028,-0.7476652842444469,-1.1893550839959524,1.3325618236986063,-1.5381299701344415,1.557159769266752,0.9693410596778744,-0.9386573777285288,0.07819001256173971,1.5600165387388694,0.8365286437192017,0.7225845871953593,0.006193761763873197,-0.8221744046574533,-0.4548355488999717,-0.936540572704452,1.352915390971531,1.0454270920905844,0.6653693336784133
-1.0820653658737323,-1.4481404392146622,-1.25411428387377,-1.4571391746313336,-0.9159738969491484,-0.8563436844362782,1.0079465457824268,-0.3722725546512886,-0.5943576096000911,1.044421311432724,-0.13862003141297227,1.1318518241726323,0.8925449101675091,0.12333694214202194,0.5308643684098596,-0.766937901531356,1.5168198663152093,-1.5558915223670977,1.0721048832369677,0.9680522205752724,0.8796740743326262
0.37309405022724285,0.6201760530396143,-1.0527480501299424,-1.993819744040205,-1.264858783175496,-2.025514489996527,-0.9296159528256078,-0.18703602382986073,0.6303322888290275,1.415618045659333,1.027083005735022,-1.5361204422342,-1.6702655767216397,-0.535136886592016,-1.9118675921655344,0.5246348491567469,1.3783216820870816,0.7525199831167129,-0.621457093351612,1.3964442488009468,-0.7967464426999147
0.9953374700700646,-1.3570254658974543,0.60366567630728,1.4818971818174997,0.09958759730143507,0.21997090948562545,-0.9819300541151529,-0.8025625924820554,0.7769965094853659,-2.082467912826869,-1.4046622740915653,0.8055194116480184,0.8556044837805962,-0.9475113655385039,-0.1713951170605363,-0.3408525363346416,1.1457534424188167,-1.7387933038329562,-0.5994994713248081,-0.5732016990232114,-0.21466236357941587
-0.5087036446499946,0.7369833839463826,0.951139073984112,-1.1828465519524436,0.7028441916491805,0.2048217525725088,0.5381083465243655,-1.325815628110531,0.3191678519598751,-2.076044913728144,-0.638959390582718,-0.778337156576318,0.9015012682508149,1.5409333096950546,-1.934730389867152,-0.412918304680386,1.5324426880753717,-1.0495791742794145,-0.42267264858177755,0.4148434991921743,-0.669958239882161
0.8869660404119079,-1.176228516808177,1.0256887538184307,-1.627803045432628,-0.17626887513356201,-0.3486619492543798,-2.0185457091823027,1.4053242592264512,0.15196047979088753,-1.1396353062707925,-2.0624051203860976,-0.2885801581232296,1.4074752518827862,1.4515894541815262,-0.13060768525571956,-0.44813159504958394,-1.3718502464238866,1.1232598249895513,0.7969728144243053,-1.8778038456824038,0.38362987204038407
-1.4740859145265033,1.426563763167526,1.3581451246848988,1.39329234158501,-1.7396274943717507,1.3429640033557602,-0.06945676551733315,0.40978036192965894,-1.695807823614853,1.0455449642618593,1.1019696874560998,-0.5133110042505588,-0.8260914593050159,0.5237852197302967,-0.7199275661345789,-1.1777580117345916,0.8367913409251938,1.301080927629309,0.31929941739593576,0.23852991240317725,1.289191170483725
1.2750754365274044,0.44774185394015303,0.08404858278665625,-0.2730603976887604,1.356380886172491,1.5065287898340367,-1.5007481736891437,0.42323692622158293,-1.343633271996892,-1.6664173477713793,0.2948962849189061,0.4589656262498174,0.8386452937614032,-0.049217468624256265,1.270687137282203,1.1056042470500362,-2.143037945386291,0.5316508535885575,-0.21852709486633626,-2.0667796448406315,-1.1254514452336009
-0.9797512860050737,0.45697957233662106,-0.6833256790153989,-0.10097061001337022,-0.4626674017006073,-1.018611001430501,-0.04825193145442254,-1.057809695126626,-1.231205531126268,1.1239975101608275,-0.9561184031135235,-0.4647535310582207,-0.5235285114631021,-2.176607621235419,-1.9495064974716991,-1.1704011805661942,-0.2052597465865944,1.0054890314576663,-0.20867582769433526,0.8097785275326502,-2.0524510223324985
0.7516303312432717,1.4690275208183616,1.1825607750106002,1.1450823509606725,-1.69184523713976,0.11230924322250287,1.0038213125963407,-0.9571561819018173,0.674410407566929,-1.1996808126704521,1.26412698289485,1.2987058352780951,0.6989357933180246,-1.2282753190967375,-0.921356502872572,-1.3113729573403667,0.271923226313149,-0.7046867945999541,-0.38953124732034383,1.3063644333196338,-0.2591404766086417
0.7623462884908526,0.45626127224616264,0.7837665169049327,0.7022392941726162,-0.20475419461664288,0.55362147945419,-0.9393880653889441,0.40342431522321925,-0.8031921199163506,1.5173082592069986,0.16935093464428275,-1.3174223189439735,-0.45294337585833927,-0.12586678962546607,0.8508224777941086,-0.21246383096223395,-1.3351799808292806,-0.6882214268156759,0.6988065075015832,0.029587343009700257,0.7322329953460482
0.8036668511439491,0.5922992453278467,-1.3977929584840814,0.6230915619963867,-0.09420634163211826,0.6302252590538734,0.24625968159257264,-1.9921101884285077,1.3497510522782934,1.3965137641149676,-1.999317249160655,0.6355866379614707,0.04708720830341183,0.30622786654449347,-1.372259348809669,0.2252880554404306,-1.1122398192539233,-1.1298719010375813,1.2321668952672258,-1.0235180210556736,0.9511877201718574
-0.47513106424618723,-0.07587885191878901,0.2715414631464781,1.3816021901217128,-1.7907437866594051,-0.9592716970958608,-0.3344393123254913,-0.36631229349716815,0.04463922931728166,-0.9505760123924883,-0.6934506410218017,-1.649715243904846,-0.024857446650328397,0.042235982060183884,1.364749465401088,1.1092938252688502,1.0853405741529782,1.3536776679070934,-1.894616207033798,-0.9961321951881776,-0.50747497002469
-0.06518325223905028,-2.1290542401506416,0.8386435189113963,-1.308760942386068,-1.091701213933854,0.6816905460493611,-1.2007476584149972,-1.3483943315663258,1.088839517443983,1.3528807118992465,1.1653719564166216,-0.4926538896397987,-1.571873034053528,-1.8911468559716058,0.24728969495631933,0.26370518344130117,-1.2132071143221066,0.44430121776419274,0.4126702171024426,0.1665261603648154,-1.145372399386202
1.3377753872282772,0.015403495977666912,1.1272544180118211,-0.24793714798479885,-0.8976109581082511,0.9031748405812078,-0.5262989855652643,-0.27815460313236956,-1.2930588851051221,-1.837410658365046,-0.8890869802553272,-1.3513912056694173,-0.24766288775494488,0.602602251338202,-0.35218934824528164,-1.6261580069254906,1.0334723903808098,1.0774634878861296,-0.6575432382875203,-0.7730312474875978,-1.0739987993546931
-0.8183646541982058,-0.1589116285056067,-0.5992171387931495,1.2613188035988634,-0.6725346228367225,1.4912764001356753,0.22401968751552157,1.4246946279120556,-0.8579796349065593,-1.3297108028698548,0.9446618616261702,-1.4148733635223791,0.19583720615826908,-1.7314705780849131,-1.4225044670587508,0.1518630898395501,0.9669166136537115,-1.164931920112268,-0.7094439283999798,-0.3329663231370096,-1.6795461826150602
-2.0664647790203015,-1.2324341535119305,0.3708067199282089,0.6544481899420895,-0.7613502089728839,-0.5960971050313663,-0.2828749575955715,0.6026278114762593,1.5680468509600884,0.04465817846469258,-0.6193758545656957,0.10761587397356713,-0.8931280848401036,-1.4235497587296444,1.048552448405162,0.1890056569753395,-1.8562731061253899,0.061262287593406205,0.38432416172400813,0.34563152138242453,-1.0980568440839251
0.5882975707665384,1.2265812678813153,-0.7019980445870073,0.31061020148252716,0.6685868974651814,-0.6410829799808982,1.5052293042266263,-0.4111896281252335,-0.7731547416881744,0.8455220076193638,0.18513260429904838,-1.4743789280225725,-0.5042636032467174,-2.0623838794631735,-1.6560345791618634,-1.1460140965529027,1.1200467903829225,1.2110181982629582,-1.701061507643194,1.1420000357013784,-1.559858323176408
-0.07697123553327187,-0.47390269461381074,0.628004362664521,0.7809171923103843,0.5861607368528473,1.136592099352184,-0.4660921292272046,0.9809260218753485,1.1306098821289488,0.65696476444103,-1.3770527662647603,-0.1520835042917773,0.5522094596377181,0.8988412755536581,1.3010162857565009,-1.9354106743476958,-0.2752577065921585,-0.7516656466466779,0.08066437013456974,1.0441203120095421,0.7045751237584834
-1.1909643032313217,-0.42648703054887754,-1.289203613831288,0.946782454679057,-1.9722675160767438,-0.5352390139525139,-1.254232724730189,0.25769249548905937,-0.691800017911726,0.5290933643256673,-0.16258429078517653,-1.8395976328737453,0.3219079022819472,0.43916218097144993,1.3787814263963438,1.2835114260301166,-0.08148692309308658,1.0110413927767914,0.6325961360202657,-1.312889597954215,-0.8035899405403352
0.016089047271679004,1.2131265881281754,1.2973447023660798,1.1048148759655831,1.4848612993013897,-1.801639687257379,0.8212824994443385,1.1560211453886908,-0.8530010575265589,-0.02840896539744362,0.17970384188780206,-0.8293099637253829,1.0624318458255515,-1.2874030277494555,-0.28779004369151995,1.363935289487275,0.40858423311938763,-0.7370972039231288,1.2465227302883415,-1.1520150202354273,0.1430880539303671
-1.827929720632158,1.201022172251867,-0.5822847565636593,0.8923119255135658,-0.5889346845798064,0.88649173019434,-0.9099497383610492,0.8458614127270585,-1.988931914604217,0.2409015806564131,-0.02948887337123963,1.107760262974729,0.03402575469166314,-0.17508072353062828,-0.49833691299351623,-1.6371711407571856,1.2065291298757361,0.4991980071174994,-0.9881926359252372,-1.0485519638056413,0.41832710843436394
0.016285474463336783,-0.6888507556060643,1.1912363166241806,1.4269549708691216,0.3592717519685717,0.6947232740781397,-0.7276664784619815,-2.0110708569400075,1.2038026787417508,1.3952209190282103,-0.8550506447581878,0.6583525801148279,-2.114097273226579,0.998880434295211,-1.9909496885954339,-1.1489341083463707,1.4152661982585655,1.1218133552754201,-1.6447898896611943,-1.8512724334661534,1.5538647247328796
-1.0192390166092884,0.036145281475366664,1.0914407032748998,-0.8134778740724609,1.1911048132790671,0.06540959833080255,-1.4571159440350523,0.21529672673641606,-1.223082740162891,-0.8273649919658621,0.7196013767033321,1.244583945046543,0.373802256358673,-1.4376713287956144,1.3537636616292024,-0.9081143142029603,0.5347143370029317,0.6351008319449586,-1.0698635260933191,1.332396604665399,0.45951183275518764
-0.8304926164250093,-1.0092920461531587,-0.20093960190273188,0.8184092376705918,-0.2435356160354169,1.4595780258562205,0.2645766447504379,0.023459560325664923,-1.0729930076808307,0.9024662724929033,0.8006209044773469,-0.18667565808746184,1.5706726615787006,0.3817411609849047,-1.184158936880089,-1.5999082306296342,-1.2205822476886927,1.2691192291831936,-0.46376580492152997,-0.7852989062959054,0.35500426091887866
-1.4214692358099668,0.42278995735852115,1.0325404005141703,0.9958898294553526,-1.4704235940012869,-2.0590254350198176,0.4871794577008926,-1.0215717444864594,-0.8793988326891448,-1.4321002253833488,0.4960764330605869,-1.0883376140355063,0.36082490688694485,0.1647537632577723,-0.27200092900133716,-1.6557162117374746,1.3628755392513974,0.04309449819613755,1.2619482160286448,-0.010890209077743344,0.19591436045309243
-0.8449838937383106,-1.278941819954607,-0.4886778139456706,1.4901543254541354,0.6428348044500631,-0.32042157426950735,-0.4714160207693999,1.3153828021254903,0.14212735428396447,0.809113342945234,-2.075696045232466,0.13499716525130423,0.03759696053692427,0.5098176272156416,-0.5002155436988797,-1.2883145283760917,1.2502395253464778,-0.2541714565831528,1.4641244608749655,-0.49907103106712175,1.755647619395619
-0.5421385571804663,1.07867176810655,1.089540050914491,-0.5626331052511355,-0.6977517968573089,-0.3337625345429502,0.37833341079465715,-1.3090106241360824,0.34110309013188067,0.7473898432215532,1.1397954867900746,-0.16409885129043109,0.7506789197206226,-1.4043814934294259,0.239388748036203,0.6527810553536502,-0.21676244610528303,1.0229429315833798,1.150898495162371,-0.5085088095805129,-0.11572283881053681
-0.4492628861691666,-0.808528791798395,0.9631585055316311,-0.6053040264316462,-1.360124605265168,0.3311607903681971,-0.6933518760361186,0.8255292347712666,-1.9210998708125389,0.7279584344513267,-0.17629361349587447,-1.7320307430135187,1.181610307942207,0.4731077932463832,1.318699217199541,0.9093142800417322,1.2535414458184504,0.8990330933309995,-1.3066757663901096,-1.0247126165871547,1.260812705967256
0.13654182579677637,1.474214562611232,-0.5556522110792731,-0.7476496393773382,1.2346549814644212,-1.0247809259232403,-0.5722188033337358,-0.20726963950563096,-1.386991095747249,1.340872098347083,0.19294217827446994,-1.0835788306654508,0.3317930583379383,1.4700520260544958,0.6721810857020268,0.33715963472762167,1.0527637454540772,0.6327900206494516,-1.012056591230651,-0.9329163440617804,-1.2630948892532816
0.6241034275797693,-0.31732659704635957,0.3749711037696337,0.006176013168391382,0.3772789613876224,-0.7815005007199665,1.1794956836152874,1.533706496670661,1.0008577669976138,-1.3202163677656056,1.4505175336256235,0.4537690143587257,-0.24199993246290072,-0.29668442427291386,-1.829198637736354,0.3430364374624742,-1.1633148248718315,0.5702923634353566,-1.6849965994950244,1.414695978917893,0.30800390610378847
-0.2692252997932165,-0.8436647045388325,-0.45855059670996684,1.209309573954212,-0.2004810103309488,-0.7279552222096439,-1.0874060958822693,0.938836450059884,0.05568910738423749,-1.3510476956231952,1.0668613761130032,1.576022935384551,0.29788185871921524,0.3617831008292091,-1.8150296069940361,1.0491263226374141,0.6656282284022889,-1.9418926451515233,0.6265404385687972,-0.84394733905231,-0.4578882779109176
1.1770627676453354,-1.4764003948733573,0.2916314182521905,0.9643774051901781,1.4749499414900458,1.5364719347381646,-0.12759455011565182,-1.9655558103762618,-1.6220391145203923,1.310762769262755,1.0186976128519165,-0.8697828876904986,-0.623675778551145,-1.4255013924280002,1.44858854712133,-0.42388945874677636,-1.0759750751422523,-1.1171120754772859,-0.0878932129566895,0.5068265277900164,-1.129399492308028
0.3789078476351596,0.5861829084821044,-0.05897197043695687,-0.2849113905762988,0.12018152378484855,1.076309742726865,1.0950635557506996,0.5850736132054413,0.802979248403752,0.4456109199121145,0.6957426866443058,-1.2432021065736991,1.4661310571690753,-1.1967015289275684,1.0782268615296544,0.24513160892253472,0.5990212408783471,1.295816434585504,-1.019877546825892,1.160066908356282,-1.089023367256762
0.24497108037440485,-1.5460076083778524,-1.2994766714924866,1.468603222084385,1.5165064100025942,-0.9348734091163518,-0.186150644320603,-1.171982403274077,1.4691999142221654,0.05511631245013196,0.29696187863090223,-0.19552599627541656,1.2487321470710258,-1.1724628629264144,-0.3200596802941254,1.3237315385824626,1.0898873263792885,0.4771055186875512,1.1935956834108121,-1.7083194254182927,-0.5254709164629608
0.1644704384343096,0.45357240699257956,-0.2821357462244826,-0.3062554640933384,1.4411014344388227,0.43734964148042776,-0.47792023490747515,-1.238585009744504,1.5877214952421685,1.5301004627004036,1.0051202543625215,-0.7676847010018301,0.23841322642996196,-0.6861969156460747,-1.7368606413159704,-0.2968926274826088,-1.325729010627022,-0.18146192760785423,0.3824905099756186,-1.6576088120177295,-0.19998668507046166
0.9835693604468696,1.0916736177299649,-0.0810604908703597,-0.5544734404225525,-0.8037049706946962,-0.19731250222863211,-0.1440013814032114,-0.9594324353062994,-1.8742096860055883,0.5826471094594468,0.09560072223471353,-1.3423986314159135,-0.037904579972547474,-0.8989231095727129,1.490280201853869,-1.3012717756334322,1.0022684588910424,-0.18229704306788946,-1.1080323379172803,0.34431806057954006,0.06396280427357937
-0.6971086749356018,0.48132382245031496,1.5352956762005425,-1.5246333524474802,0.7041544700232172,1.0130582107223547,0.34009702392001234,0.4931728500939128,-0.9038606133242577,1.1787031513907749,-0.6476056031899552,0.3162073005031711,-1.4333101773547852,-1.1920341271752426,0.5021411348756638,-0.6377403082179557,-1.5733920743995595,0.5891587994249465,-0.07577279185358693,-1.3915386320247374,0.3922130116241048
-0.14913746841768005,1.1339710573954052,0.8081896720113839,0.568261733258853,0.8783460759282703,0.9705566955660929,0.14438446157023543,0.25095543373064266,0.4826420606377737,-0.570961966349015,-0.6348947084121865,0.1393237868890892,-0.5889563339932664,-1.2940692546488528,-0.022958960889963385,1.2178710283053762,1.5691101019104512,1.0619134891252868,0.6140433392372064,0.0818520941698061,-0.15930599168274323
0.34274841331936673,-0.331143996895324,-1.3992283066235212,-0.6332484296929212,-0.911459184729288,-1.0146532858645914,0.5487051018162349,-0.04024349500923668,-1.3345879842500237,0.8185291888682447,0.8881736771298904,0.6044735979166657,1.414175953460839,0.5735433639856383,-0.3504891787773672,-0.06655487592317051,-0.858380634574796,-1.0605556570829224,-0.08995080467578909,0.354781432796894,0.057350041098981695
0.784359920389721,-1.2672682559708601,-1.2535620297236292,-1.5472888479811806,0.8917645042637468,-1.4406193661092128,1.0045741539384911,-0.6401465166550832,-0.7728094567870535,-0.6310961030272441,0.7765027688140529,-0.6447964764110491,0.0023198924198472443,-0.12124291686081526,-1.8975700152069608,-1.4959321741534408,0.4157650003169412,1.1930205946870407,-0.6654309467556069,1.1909264042498526,-1.531677701252926
-0.6076868778590611,0.8971301895891458,0.6732518781655668,-0.1704942370544666,1.5279723646515302,-1.3680937467052965,-1.2229848364458604,0.40724924190037065,-0.34203238591950647,-1.2646515956014208,0.5910558960719665,-0.9263222576567005,-2.0127291842726116,1.3451143825010752,1.2968120795084062,-0.702752642579883,0.7156436101485906,1.2230372055475538,0.5646988170584135,1.2539371020776384,-0.4739679120358223
0.8171185952437944,1.1874369970270238,0.6488639106891271,-0.4508131101014409,0.1265424867917118,0.5754090983044833,-1.010779158979851,0.6319297667466174,0.48829597264249314,-1.396786109023088,0.30850871784807493,0.9303575936212788,-0.22126054738428752,1.5032452607043463,0.6185307036317343,-0.18762744716346222,-0.7217945478683524,0.9722695307782775,-0.05912054025538065,-0.7494280679579303,-0.361110235599475
1.2130774354748148,1.1753386198991047,0.8332587747577831,0.3712283876574267,-0.2425929624997545,-1.0472752886364507,0.2898744834314254,1.3974962181623787,-0.725629876524946,0.5758451921435153,0.00042300240971664875,-0.9320044603274631,-0.6892852701744934,-0.6713543073670564,0.5509684864715582,0.8582956273849571,0.3501418116802888,-0.034787296288626174,1.1094008819942363,-1.2626558896068736,0.2693606716338269
0.7154515465135892,1.284417720274564,-0.2507932901640081,-1.5771431794950854,1.3810379843433038,0.5968571939817066,-0.4382212712742972,1.4958588177155947,-1.1587533742542435,0.5420046158294697,-0.7940513916521347,1.5901092347462704,-0.6024916966635251,-0.7986766422406287,0.677937535866616,-1.9564756820252753,0.9657675196344281,0.8380918153857773,-1.8803624251784308,0.7341714927807241,0.8109108609906597
-0.3164285664552686,-0.9154753888283442,1.1179381346241264,1.3634656459502554,1.2114847517066936,0.8298359455192134,1.262840340596479,1.479603825321303,-0.7264285985064981,-2.1636274052421967,0.22163443957659196,-0.6676586279585168,-0.04408769065967035,0.2266384606860092,-0.8167804395670201,0.6658451494137544,-1.8158808171912104,1.4999108927534766,1.4932790217844483,0.6557499483013158,-0.1727202526472403
-0.49367936730558865,1.5283121343891197,-1.5703736441770213,-0.1877258599808519,-0.4939482768851053,1.4895695193027794,0.4847817861532471,-1.6825382642832096,0.6393913572526376,-1.765600066787013,-2.004244001465643,0.33083059899816686,1.2180528984644179,-0.14383698873624523,-1.1142878845360655,1.105037464289275,-1.3293065246655602,-1.9952365907629044,1.2733310266475268,0.41837828227280255,-1.306158567579599
0.05725698394907153,0.12186229882496524,-0.2676542577537879,0.2343577682258169,0.2460694790650925,1.449511640524284,0.22286441771044993,-1.5479353457540306,-1.4174619324901603,-2.1708028401022705,0.4671813308599869,-0.037185721150940466,0.3328604422648779,0.8807932625613258,0.2368432660509309,1.2999591144379241,1.395203631852086,-1.983891562089754,-0.6534078448967893,-1.6423395219404013,-1.401542129380505
0.29102352305451573,0.9713264061495136,1.3582860990890206,0.62995920367201,-0.14190010433175554,1.207850859185685,0.9606781520960336,1.2443608074956738,0.4790780261231701,1.5349928848936945,-1.549282870704388,0.6562878523997504,0.7082544478801358,-0.07479103334846543,0.4417327664565398,0.6535647860814463,-0.03305193285871229,1.383000441564407,-1.3154695153476414,1.205390338361615,1.761279304954206
1.0300895233729104,0.06086334870242231,0.4745623588782602,-0.09325489237372762,-1.7901683297788014,-1.0071972589079015,0.5291659870112895,1.2309720981309034,1.3997871934913535,-0.49099140585791745,-1.15007539269803,-0.09080022603789677,1.1431621979528115,0.772262225003993,0.6377966856880593,1.4415396134117986,0.00870491786617686,0.9323508549549309,0.8202734036099003,-1.6371627301374814,0.19111910562902765
0.17313990642980773,0.16906494508740932,-0.4371175258019279,0.7409803249472144,1.5337300899722706,1.0258006407186817,-1.429461306216975,-0.1948060117790934,-0.7296330077984042,-0.24513756448921242,-1.692847035067706,-1.113601750720762,1.4696285215132077,1.4375428762966125,1.2062475301676847,-0.335536608203753,1.1178470536206362,0.4560692632474919,1.5027864687401973,0.7780447049559639,0.8664828244880204
1.241298262831447,-0.25468011448946226,0.0167459923711854,1.2842266169657022,0.4492803573120858,-0.9513946563941285,0.8022050762281732,1.0585520516602676,-0.11290534938454962,-0.14203810253936897,1.3873502846082069,-1.122057896903932,0.7108460155535693,1.4880882699159035,1.2434106846481283,-0.8058231147984671,0.9739081153979833,0.06971696415549627,0.40523590385661123,0.40241676699326523,0.12426227836670078
0.7181250354565144,-0.3436459965935598,-1.6668953295404971,-0.30847124003611415,-0.4432494771962442,1.188772887196699,0.6879548624676223,-1.2082682149683783,0.053224822926411876,-0.49943800014125433,0.9531554233362374,0.6498804388038625,0.45321799019034525,0.0011144103180094176,-0.5210956358050867,0.6983728768208691,-0.18218899946529918,-0.08596057367063595,-0.7771149520265341,0.8676481786653018,-0.40337866363443864
1.1143206141743862,-0.6208650259879878,0.15867478057210133,-1.541514118563632,-1.3713319000550137,-0.8293491195207424,1.1095538802791785,-0.5395844769851488,1.5946751686284706,1.3118337703334608,-0.08568047024564947,-0.26491410235488067,-0.5765876937008313,-1.5140177132649526,0.12283859283013016,-1.6035923310369296,1.3185704374681657,1.2436205829328932,-0.5135219025534584,-1.579592198940565,-0.8482340392994462
-1.6565432354643865,1.1919900552743683,0.22558515916992086,1.3908595430849209,-1.4826711785559372,0.7212508312426061,0.14686792645065472,-1.1992660545008282,1.5837156370961825,0.8242394978954566,1.1967399701088377,0.7037107653863918,0.7421987603560488,0.887836981097035,-1.5931408637061026,0.13203830606522532,-1.4146476442224003,-1.2492826162611765,0.600842045157196,-0.8021832359383393,1.0886846071945768
0.21805006059392773,-1.1320087852930916,-1.020975641305297,-0.6152019654238599,0.491830760455125,0.8864090239177892,0.5987413103027078,-0.3974751452345842,-0.47201328722536035,0.4538000998241522,0.9140993419124984,-0.2147988337028503,-0.42906576784972195,1.5335051672598032,-2.0148903342759725,0.1923796218303734,1.2329988245853785,-1.4016567165457725,1.5091718664614104,0.3258072516658195,0.4858507120695095
-1.5653868347688318,-0.5661079048996507,-1.218860757579657,0.6996675835221745,1.0905475139657024,-1.7495813394158242,1.3467084726497909,-0.18739251252471117,-0.05063517929038054,0.47537889112356746,0.6894682769812595,0.7769510048210171,1.4819899432125403,-1.0430863357122109,-0.28888265032712196,-0.4581267041889317,-0.8594959780690552,0.08257667914981737,-0.10884185484616947,0.8559771332870869,-1.1116984253636166
1.3071973858140427,-0.01580014941497073,-0.7026751410849222,-1.0031080169466229,-1.6141635128491503,1.4215161923906323,-0.6678523340834267,0.05520936270431223,1.128466946266616,-1.6323797790842116,-0.5875117124620854,-1.8661791322786705,1.1754097129306778,-0.5973882946973087,0.9828889722475737,1.4304953177033355,-1.3541795194323605,0.25078750975888764,-1.8724609482584387,-0.5462366224497738,-1.4012331565034646
0.8586390161124,-2.04483575190135,0.31511200093379865,-0.9650699543959802,-0.4415804243460202,0.29717816160290533,-0.5905009079620155,0.06582874421805826,-0.3656734852845515,0.27586435268679105,1.1791123716535532,0.9603918159452893,0.38583225190437637,0.8674939766624581,0.9209064954638038,-1.2968266033004017,0.14882668450632308,0.9882632899744869,1.293382177618749,0.714178018718489,1.4388741163313572
0.5254267131157351,-0.5076473903589751,0.1328114160492707,-1.0856103570091804,0.9126602991419179,0.7552257130073975,-0.5283112551766469,-1.715566320719347,-0.6376513442162837,0.4903795341057698,0.17186159480108987,0.6296793075636101,-0.9805123119011651,1.4915264063418872,1.3773749971351148,1.4326041330063601,0.4386208345662057,-1.3065929261106575,0.14010926498052415,0.44428272706257266,0.6341604077500406
0.12274828736832927,1.1821438632139871,1.09698902036512,-1.6483006921545147,0.2300375421036867,1.219504410222707,0.609410594048154,0.0017318030644770618,-0.7327782209412981,-1.4110092186860685,-1.9166141361764533,-0.9222040076508244,-0.5800367319372421,0.5092382992690777,-0.35031735212403586,-0.6424688312978749,-0.7021783066131789,-0.0815860595869575,1.1820720019380624,0.8226274118379663,0.18044585570525495
1.10665469721918,0.8792664164844824,0.9619779394116249,0.7586406199087705,-2.058138787527188,-0.5653210465576806,0.19557873404078818,0.4963604882257401,-1.4353929535837835,0.1974282183559106,0.36278153099562044,-0.9914713090196251,1.4780865074752247,-1.1319550100794686,-1.0608877099896716,-1.459387037356484,1.4376036732597226,-1.4120195572117324,0.13960778944912697,1.2075195751316314,-0.4117624686448972
-1.9412927394422361,-0.060724092823209244,-1.6479167830844148,0.694605998526447,0.33943998127419606,-1.0363457881873177,1.1713141699390706,-1.290019192412574,0.4761809802923366,-0.17330937670452506,0.5437943478571113,-1.3415298525345218,0.4148333630947221,0.11340632726120271,-0.5906852224953969,0.10347180957879541,-0.3298152657297716,0.08008203840041139,1.2763510144282828,-0.29402939171365494,-0.9997956635695474
1.2810566767252005,-1.511303503694197,0.6787950667112668,-1.3123784276930537,1.4506774800582118,1.1432977893645948,-0.7186819343792772,-0.9724417634298116,-0.8181519430096788,1.4959579630306024,0.3444395568337652,-0.23402133397008087,-0.15387704890436738,-1.4360323145054683,-0.17204995513973695,1.0514515342977413,0.9011637814433572,1.463243423794779,-0.8603900554644717,1.0867817649133087,-0.5921004479636349
0.06872559203663181,0.016667664007179117,-1.6013862253732183,0.8593659446120686,1.4768817340888245,-0.64374751262814,-1.505450851343951,0.1317810710318275,1.300164300863255,-1.0531101418237736,0.6038649055549443,1.5973256944465506,-0.25451579844718863,-1.1978776125929742,0.5810421126322564,-0.934340152879026,0.015571044780575577,-1.3032267981681152,1.2479153778496228,0.30927605974737304,-0.7814671658825028
-2.0054645049624233,-2.0064332685305906,0.8184129267214838,-0.09276892198503418,-0.24031396184711062,-0.9228982454768873,1.1348604951564865,0.9592157189725186,-0.13650637209830027,-1.8630148850531534,-0.7357578702777872,0.978846844798471,0.6686316090722576,-0.21821207418390368,0.879188675746631,1.4458711808986453,0.8331878969893584,-0.8993034536884772,0.7841696202205146,0.9605144674267105,-0.23047880960461883
1.19906090136939,-0.9039352092442503,0.6123057068292946,1.1948474678962848,1.5183782928958096,-0.15047504889428157,1.4487792651432896,-0.39415260510801453,-0.4804683253362971,-0.0711986631479181,1.0444869465021556,-0.6069610174938348,-0.3709045496085478,-1.5598065773135912,1.5380340895544855,-0.14851269412468823,-1.3592005086746302,0.7739517559894158,-0.42161728765029743,-1.5209640881383095,-0.7334910866893443
1.0646914405704557,-0.03146052873333026,-1.599029418795487,-0.30569446195870104,-1.686498687047626,-0.5393738688273491,0.6138375405821406,-1.2971470176411017,0.2613269449562403,0.06872673878831667,-0.32989843206274266,1.4771543654580306,-1.4662988176492031,0.17319357154111845,-1.592810576494359,-0.5159127274379854,-0.15288273071866879,0.46952063828031715,-0.3706554754061058,-0.1552634334985831,-0.27339409966179995
0.17353623386565684,-0.1873050929179768,-1.8254851317669982,0.2761598416155186,-0.8007914601492334,-0.00799642281323931,0.07293354020762041,-1.0187597948626397,1.1460571959274959,-0.44699047040268597,-1.6080548756354995,-1.557166305517866,1.1327190960037932,1.3631620897689471,0.4982062601487877,-0.4100619246692287,0.44811724357583427,-0.4123585384660593,0.08439983248357331,0.40553952485333833,-1.5452463202824296
-1.6125182761313213,-0.10317296858345502,-1.7171989253471738,0.8369761881877649,1.4900407322598188,-0.26366669002636745,-1.3978972831511052,-1.0009437102069367,-0.7330521450030708,-0.08950710739964933,-0.18039408811961627,0.8609637165078499,-1.738234930851707,1.278348915260565,0.4776461687647855,0.006675381038997358,-0.2212839576928741,0.9518112014154348,-0.644508467903355,-0.12308789119789752,0.01350627335655012
0.6853099687904138,-0.9929654973689257,-0.07049240812027294,-0.07335938163703093,1.1038306142065502,-0.9157320178560893,1.4797480806680918,1.0152730473118818,1.3504165678279696,0.6614289192993217,1.1581733691656864,0.5294001882014179,-1.3130179484856876,-1.4036308182980604,-0.5327877969065636,1.4600852916293052,-0.6990886349655957,-1.0153188779995284,-0.7085688446797573,1.4900209180017099,-1.1587045861372405
-1.4848261212609535,0.2282184091160246,-1.693370422872923,-1.412814347347884,0.8830244438828344,1.2529699924650355,-2.1262339284929865,1.3199655170163445,-1.046127243546045,-1.0114106879812288,1.1769187853979404,0.17031939594588924,1.3378259477330705,0.03744272401111284,-0.45054930050195985,1.1051218541259455,-0.9440717328664104,0.6672488331694334,-1.9203268237338997,-0.3435187297292269,-0.4780368793558307
0.24432587669742092,-0.4449054148298248,1.3670753841381218,0.8242581483394239,-0.5242085656066193,-1.1163653539530087,-0.2364627964143686,0.8802917346430772,-0.7196464567674026,0.4300293670822987,-1.064227871543448,-1.0486879891145524,-0.7412376912791102,-1.187026230900573,-0.11858441481797212,-0.143092996592152,0.015315134540675237,-0.7169373093821458,0.7891215175085622,-0.8107196290086518,-0.12144889381747374
0.3122124629426583,1.5601739668164558,1.0752672577707023,-1.5295011300936097,0.9580599164624961,-1.4099237717428719,-0.586669190629381,1.2855753935466865,-1.1232413226950604,0.8081259842624441,-1.0937566806127086,0.7807315415970179,0.2639305373292823,0.06789291895039869,-1.211430982294796,0.8768634254293454,0.12951342402166047,-0.7627322972559264,-1.0170611486709826,-2.061468913805985,1.3266129203346047
1.0978746809942446,0.11698157952158027,-1.9863523930747418,-0.4021094922719734,-0.7887684136381324,0.3907854864713553,1.3689200605938558,0.26151434950797914,0.8659335118319506,0.2663130176872561,0.8682904154417862,1.2132069277746758,0.372488414029954,1.3128375728680362,0.062208271478723605,0.9256052318512424,-0.07525939150555225,-0.24864823060008692,0.6714580640556931,0.8373607261857822,-0.33853330949324906
-0.3629552303311689,-1.1171782030078043,-0.8806171220038416,-1.6104179577947322,0.42645117132729293,-0.4848366848221795,-0.6469565739736001,-0.6635484127935073,-1.9133849045425104,0.5324554726119689,1.237405930473567,-1.3689348324208879,-0.4400644960430018,0.46651752447779,1.395215681978995,-0.19586337164108858,1.5796746316024406,0.20062444209417624,-2.0258235591775926,-1.5118577414709882,0.6642688766217528
-1.2483776551406178,-0.39398392003769817,1.5097345872771923,0.8480201867373244,-0.10998599806203134,0.4042705273549756,0.6664840034904992,1.0153887994812985,1.36923360835966,-1.357921607737486,-0.4464743491241087,-0.15799440347986873,-0.40034789765536066,-0.6849352308229582,-0.5600592989475307,-0.09719330092311465,-0.3330615944813152,-0.025644891123168496,-1.2609182371839922,-0.11139944991819727,0.025238708534163237
-1.3116472278410078,0.007373440984991053,1.5451697314528934,0.29975677956362595,-1.1035894090437846,1.000631330402478,0.028057397295867346,1.4973718976997257,0.73983092344896,0.8357796828132632,0.7274458847612238,-1.3620777813223495,-0.9291368568366827,-0.20601991253159682,-0.7344010032617485,0.771485562457664,0.10745047168610283,0.42306780239427894,-0.08784203842737481,1.128571269718196,0.5109607059931547
-1.2247724584178712,-2.1466151944126612,1.24894956096014,0.16807561018476605,-1.341030819213312,-0.6308846684754047,0.09533865402474459,0.44760665385780335,1.0360926147216927,-1.738295033857105,0.7414464533825333,0.10741725519545331,-0.27114709497023937,-0.5278834051704491,-0.8940930424655369,0.7157953421488668,-1.9453203120902043,0.8706903346638183,0.10224600021942161,-1.6645271928484084,-0.6539729879161609
-1.3630042901628443,-1.6847361069493318,-0.6468387626319054,-2.0789978732010095,-1.6562186231210327,-1.5718788645544715,-1.0807935365147208,0.027455493060754847,-0.5530726700826452,-0.5516075854316811,1.4680785753187038,-0.5196395712034108,-0.20256304642909873,-0.6440682811747676,0.5321713871935803,-0.5491695748655662,-0.1414828641845512,0.39246043361862526,1.4395221349949934,0.06917042935672249,-1.1781011824302738
-0.0963732584383616,-1.8968714910045077,1.4321613159833728,1.5092658108494201,0.29028350735541697,0.08496473618051252,-1.0384967230558289,-0.21290598413707282,-0.6042910125238689,0.2279136096831271,0.45427988889830173,0.3131388545946346,-0.1857105423311237,-0.34997496152020485,-0.433903969073607,1.5301305027873453,0.4245768479994345,0.29493994733872414,0.7964967050042736,0.3828331135113116,0.7292175524243157
-0.40602451343356655,0.8174211685582993,-1.0340171603857131,0.14334546722370914,1.4153503774413099,0.8524366242068204,1.5348255451063975,-0.917027951429572,0.7744036071982945,1.3890877827033175,-0.4578579865447152,-0.7695326861912513,-1.687513783440924,1.1567736284569843,0.9845143446324202,-1.4458974680961014,-0.9055406068700443,-1.0766869559409935,-0.6956149905732847,0.14776742177121865,-0.4274308339862181
0.25659484307385644,1.5209543746668168,-1.1170639160502764,-0.6101318493216905,-1.197544870396402,0.8576924273566271,-0.07953042734575151,0.2694558276403685,0.008152992881686107,-0.515600661697874,-0.9031769067739217,-0.4621877795787132,-0.5701709090026222,-0.044592905172839925,-1.427447414512286,-0.3240200334950442,0.6962185681297026,1.409183688269347,0.11152676557490206,1.3571028083903252,-1.0755674262829462
-0.228822588160945,1.3818763793843332,-1.6169358257829352,-0.41482085561660853,-0.49992295440370393,-0.25012107501305014,1.3264736687390104,1.2363186279623068,-1.0048136447214455,0.5898473071183019,-0.30962229324509477,0.9902700586868058,-2.001686222250699,1.1880488958340003,0.2557551829534695,1.4344475249666593,1.4920811569588681,0.3167681468473999,1.349776362982072,-2.0550285515592233,0.19063738303679267
-0.2241638019882249,-0.622534640587756,-0.4798707583036553,1.4958849442988102,-0.8246872576388609,-0.47575232794599276,-0.6172475758636519,0.3814672552213645,-0.2234602795030901,1.5312445260719973,-1.6982120786458665,-0.4122707852145235,1.5386686841969444,0.7922900201458775,-0.049650365050439654,1.3623126801144538,-0.5252423261586396,1.5259413325437396,1.4862137877628518,-0.06360659511636324,0.6633540936240012
-0.7878361965361452,-0.9465999195497132,-0.43026957526934945,1.1949814384920223,1.2533472959285274,-1.603763972623238,1.3803529414827476,1.3975018711193181,-1.7223833713236936,-0.32082932096139116,-0.1624029291893553,-1.6045272686903094,1.508451393493038,0.12199862447890364,1.1726719737972762,-0.6521618204145726,-0.8683520331755159,-0.03479471841700371,0.4770782956685761,-0.13406586037939391,-0.9791734624376148
-1.392970375189153,1.1226610881011045,-2.0509216186165187,0.5950786698125674,-0.5284615371085998,-0.4518656772381856,-2.020239453721329,-1.9652544736780075,1.2261901658904508,0.49983720440747265,-2.0457479985780984,-0.1289914681008077,1.3234098946561794,0.2596237916326334,1.3121689296830903,0.3120807464408948,0.6253727446762483,-1.095437572933748,0.42589338413260547,-2.1087020222627175,-0.8644777421065352
0.3676341682907174,0.9321972311462774,0.39265817336065584,0.728702447699487,0.5956068153807638,-0.08276017481515688,1.4701274996633782,-1.0088333196474637,-0.5373952281952689,1.523652352075095,0.7329808874028894,0.33822253562251703,-0.02992687718864608,1.4188867102510994,-1.425155297567674,0.11272795497558401,0.9475695923284204,1.2273262346448564,0.03967673084502466,-0.2590905977217054,-0.6511517949735994
0.646280019155121,-1.5626663198270088,0.6980445923205041,-0.5199739296240621,-1.4103037054161243,0.5394146983153304,0.09085299081343715,-0.5255440368185418,-1.110219936591129,0.1875210405811098,1.0058494806138996,1.2562728448919878,-0.28593897111639094,0.4397874194628406,-0.9391946065754423,-0.3110609900184875,-1.170993206527736,0.731220714699358,-1.4695097975202245,-1.4925933193673016,1.3747452896961938
1.433358299826571,1.4926537597373029,-2.088801521277263,-1.216322039350222,0.11909223070773488,-0.054110146760513136,0.6011255395436772,-1.1959531854767655,-2.06767372655678,0.6713933261928445,0.7729163313875507,-1.7415006806164461,1.1453362790324937,-1.8321736974372624,0.7932485820188306,1.4941871479066695,-0.27717641014109856,0.49751964794991205,0.841209149946436,1.3185348489639974,-2.7063770777886416
0.8571552669958857,-1.684177534913415,0.5882178020152534,1.1089669279460623,1.0952342516001121,-1.91024657523149,0.5412329793982777,-0.6836734863505779,0.3788938907584082,1.3905127003326991,0.7837621255310464,-1.0540124288291437,-0.141508267894509,0.3297908508075709,1.218169846793374,0.9635345969555028,-1.8864963141561908,1.4047414400621225,1.5294485047573294,-0.589025952934651,1.7201692062133516
-0.6762993520183435,-0.6805763125730434,0.12787642238238928,0.8677688342215877,1.4332825228915902,0.8098426821986318,-1.4545735790147525,-0.029768804363313545,0.12731441382554126,-0.980352582952201,0.49757010676308866,-0.3513918332409108,0.06342933536115883,1.2462064295893813,-0.7195788220844926,0.8245818299832378,0.6218453188994414,0.4517940970989547,0.5007261770693137,1.4090509274360468,-0.11674984730678999
-1.801213707482341,1.0820113936047768,-1.109664300562464,0.20927545353610444,1.1927352619508764,0.3997795860062744,-0.8695103626558086,0.3222635890724336,-1.5617644939179232,1.3665828831432574,-0.9627646199534562,-0.9177405058172904,-1.2795492710615712,-1.7336348708934202,1.2065576255478754,1.4950446370836614,-1.533412204263673,-2.0219912460407845,-0.8264248729444803,-0.11030248172169196,-1.0485258001154159
0.44727454622809737,0.6799345815926674,1.4536074796787737,-0.8503536211538115,-0.36845711400405634,0.20554524391068676,-0.5459907527631981,0.974122274848159,-0.951794993431196,-0.7853840092553751,0.592848350440232,1.5279186641067137,-0.6455049028580753,0.32376933847190975,-1.6803482249759292,1.433531932364363,-1.4107412657158402,0.3310357744056118,-1.100344261498744,0.0422920639366813,0.881689352398281
0.21109386566174138,1.4952559002291657,0.5267341601594389,-0.1974341418051197,-0.8619436789504611,0.4214212794404477,-2.100008812635384,1.4313964947734186,-0.16994881872845807,-1.6458348975416182,0.3866274409704035,-0.38893063383643756,-1.1272668673725363,-0.26872218068816717,0.9413316928171741,-0.6714929880130481,0.7142493471554862,0.081100603961956,-0.4320127110646212,1.1271549119992226,-0.7413840856951491
-0.16243652191293506,0.5858572752563921,0.9875740295341722,-1.6923704197805858,-0.9438344534824434,-1.227032262828112,-0.21681203901841925,-0.11472049087093993,0.9903111868775257,1.1282100870227165,0.29124608250746964,0.2637524841670335,-0.9847636414110669,0.06942971398814599,0.8207601599641616,1.3784746724237449,-1.6232936649592755,-1.3192344590860043,-1.0889376372796746,-0.3135653250410367,1.434220313618415
-0.7092088435755691,-1.9541638060733846,1.273123666362024,-1.379281269764311,-0.3116147007229662,1.3353275419887907,0.6053678154043741,-1.345069127735281,1.3427674531882543,0.3812707833591126,0.5538454897724026,-0.05601492579230502,0.727655004039726,-0.7877549653834837,-1.373374879320635,-1.0365423424101348,-0.1553641572331218,1.2787313470520871,0.13018426590409143,-1.7321811604475434,0.33433149991099576
-0.7498630902064732,-0.8380392554488666,0.7768645111572884,0.4736399048666458,1.3233465608246078,0.6368840777707233,1.2732605263423393,0.039190501430204076,-0.45960515247974787,0.1486369762251412,-1.0710528853594268,1.53395084328634,-0.36493898713991146,-1.5756108061265592,1.346123728819646,-0.6234491930236266,-0.25488396925715495,-0.867484798305379,1.4676915789790657,-1.5237520021879487,0.5343818411943756
0.2142923067184215,0.8673671119896712,0.6137018599608035,0.7398559106271525,-0.13933031270947024,-0.8083364617785949,-1.4946874519857083,1.3526466844158687,-0.8172902252540708,-0.2973573820929204,-0.03278391088853479,-1.0407706641002374,1.3635575927218975,-0.5881218857209431,0.32101469390729914,-0.5492083579191752,1.2902446434985868,0.5426005412750871,0.4644681252234754,-0.05292260557591173,-0.5647715661324523
-1.0550690280648192,1.236206312140534,-1.4850570888137078,0.9159593403618006,-1.0233149161868738,-0.8232005705817155,-0.9196730260699671,-0.7919018625606254,-1.8668344106540773,0.36940337444260324,0.598566828606192,0.8698679049686228,1.205303286683026,-1.0683923576885352,-1.488433323442046,0.1165339888895295,-1.0951371712346931,0.49223835129236715,-1.2305350690972745,-1.0139790504491109,-0.9675282432785764
-1.4285772273986144,0.8264442037658047,-0.11989175391189504,-0.40818077511324596,0.02492025093155903,-0.02238671142138836,-0.5639970781613577,1.4274360800599435,1.392432973619157,-0.32966812213698177,0.5327963954441554,0.09303815081162765,0.4313870579769092,-0.007622153362019297,1.3908871980899007,0.9424302845176888,-1.2722602119012665,-0.5395973438657171,0.015450505510147698,1.4146234643661708,-1.2997860497105194
-0.9679144667789367,-0.25985263306228024,-0.9193438853501235,0.9520987813873746,0.6302553683535829,0.0646102132705456,-0.5851745460126263,0.7135725342742433,-0.3999215341837999,-0.327330877464406,1.1970881878981463,-0.9009265309741401,1.5106926350169867,-0.8392781369720219,-1.377617895349372,-0.46300684465148556,1.0988190602499988,0.9023378767363274,0.6898301923032812,-0.3260673787763829,-1.4695175592310654
0.23977454415431337,-0.17141486524881636,-1.6737425100154484,0.22867944724098416,-0.33306017569783397,-0.31671279983219325,0.33220985778893514,-0.6847125624402465,0.5326036179582722,0.48110909204622926,0.06946530253438381,-1.2644086926588984,1.4744533998756817,0.6909714018576831,0.2555940764044245,-0.5669330271683352,-1.515950665036801,-0.5545267409092529,1.214430953043178,-1.0705006356620614,0.2899118542717112
-0.3489753671782388,0.10030224203505456,0.9166279250549065,0.7765045565195061,0.13869312864433767,-0.700374661488028,-0.8831784887245614,-0.9377714312425476,-1.690556509127688,-1.0186152089664682,0.6202160329967692,1.2167071073098321,-0.4404676084408922,-1.3227383544225986,0.6971867394031741,0.004455331361770361,-0.03908252132264393,1.1547284996087441,-0.8244225854000926,0.8089063568948941,0.047177866859082124
-0.3331541176604838,0.1420039040031307,-0.018594407878188005,-0.12469662772889724,1.4377790885071027,-0.7979921530337273,-0.3790253991996173,-1.272483690888709,-0.4230411559789208,-1.6162286308863425,-1.7911271528062158,1.1038818088929556,-1.2121027495300127,0.0020511994623359443,-1.8913998408738264,-1.359986767877295,-1.3707268346235695,-1.5292068379052113,1.262292527585846,1.0545759127368417,-0.47371400743495795
-1.7769555319130679,-0.4271220758422865,-1.1607951978823992,0.33060302174325074,1.4396097160963877,-1.6651833670044507,-0.2876170152036468,0.8942857632407939,-0.511492509817402,1.1744904244969,1.1925839720908336,-0.30562078035336365,1.5139819306433684,-1.770583631791963,-0.9014352566990654,1.3007469801785692,1.429623722513526,0.33564132078483305,1.100057433455782,0.14182150297305487,-0.9983714503777696
1.4593015064577992,-1.7177913159301672,-0.0910721361781385,-0.0230614924108525,0.504884144325215,0.5226603143434426,-0.27289063702195665,-0.3807701805213938,-1.188523750969921,0.11755884915377506,-0.756666394258728,-0.5200258845942429,0.03204754264199396,1.3753413755687378,1.176852417408792,-1.2922165885402492,1.1037301034730478,0.30776158445928714,1.3681255483116943,1.2824299145639717,1.2406154909488867
-1.9602380879874917,-2.047972935325974,0.7508843939048919,0.3593954137981421,-1.407402976261259,1.4364752008120254,-1.9640755606965685,1.4235973739521084,-0.037584122314995444,-1.243739747918257,1.170523765158951,-1.5903452690465858,1.2371122200221112,-1.0142230249076474,-0.06610854516869763,1.095190919800067,-0.17231944263938526,-0.4497422934138696,1.4978920406986147,0.16576354854710282,-0.30815536847040015
-1.5545980213488872,-1.8333212833087702,-1.0526150369419798,-1.427442274450479,0.31318443080539243,0.3234786854390385,0.5675190581490197,-1.8313596484698276,-1.6269492757530568,-1.062825810308126,0.4884210672269833,1.1484919106107427,-0.10795455669086407,-0.1536680593866925,-0.8912944270052917,0.6353537949337723,1.1490472543144585,1.2444302480616236,-0.5460530503848681,0.011283248864635905,-1.572391411596603
1.167880829299537,-0.2441903929650928,1.0501713996015838,0.48019693540353675,-0.21509017754582374,-0.4042015553877819,1.2511824595574677,-0.0825968063980563,1.5936421059045442,0.08659386725958021,-1.3053431588869593,0.3729998517026043,-1.5486690238862069,0.42464894051368285,0.3795290103312687,-1.1484412512358848,-0.21251682033225155,1.283229460133756,-1.69178229068209,-1.5358796984100698,0.8371965556485994
0.3876432917949678,0.38409703735390094,0.7609715269988786,-0.20918947745817665,1.509543259824738,-0.8457564272023564,1.4129402426351159,1.0252740089267585,-0.14476265601817112,-1.4829232130669863,0.5656894252206107,0.1431533413564132,-0.45668683267527405,-1.3294462914714889,-0.8535812842426435,0.1430477908500123,-1.1078633935238669,-1.1176435258176594,1.2087259496557246,0.08349909236333071,0.13464001365090608
-0.5761830297785008,0.8432331850628951,-0.2732562178999059,-0.8881915934012667,0.9001969524859487,0.8301646609057772,0.7750692861369456,-0.6247819228376297,1.183239869531243,0.3502593023746936,-0.804927156639884,-0.3960784604482322,1.2339741610761008,-0.11621051716365008,-1.0768961499372978,-0.6855032445961304,1.0675335769243912,0.1756455973389224,0.49528849903220246,-1.5652853538598699,-0.316268892269751
-0.15299361503203135,-0.004129816774856113,0.12424497124383523,-0.7633698052651137,0.11663724728667098,0.6467903706229191,0.4258721115311225,0.7845213475579937,-0.41534363791783196,-0.09930868202316741,-1.6757484112467325,-1.358059737924214,-0.48949634436539785,0.7454190218767531,-1.5817707144747049,0.28248556450006157,-0.35587098116403393,-0.9942403723598248,0.8995829406850698,0.5745935002289446,0.6349209172139652
1.5511288625516975,-0.3319685259960221,1.345316225526305,-0.2235236091748472,1.2532891926926444,0.9451653614684102,0.0664817334382998,-0.42069947611598063,-1.325928767969803,-0.006123238590225719,1.0970203004594339,-1.1400220176248688,-0.8946294619733967,-0.23469510636977667,-1.5598996665986744,1.0901036690918644,1.52157456367588,-1.593243254076534,-1.499592366747016,1.1288164253686221,1.0931720214040508
0.8095187881999972,1.0504294975362327,-0.17933528934314888,1.090788831145717,1.164211048962237,1.2453229894123883,-0.39002231516894104,1.3358690865288785,-0.3891095656592174,0.9677364288301773,0.15509197700522173,-1.766972976604693,-1.0961929623717765,-1.755789334535569,1.3498409961357867,0.8644295135026672,0.09455774014059931,0.15832777702298315,0.014244951699753764,0.566069373381513,-1.5784632619344465
0.5431969805871442,0.21096399972380378,-0.4121151123113034,-0.5109782631987394,1.0492902706223604,-1.2014104816412638,-0.5673146623033717,0.12542470047716603,-1.5719245635064663,-1.5139861224873967,-0.01183703353793611,1.5013360274316347,-1.0707996477989314,-1.8757966556140273,1.2505452739138663,1.4395168375000789,1.573844883884649,-1.680985007682298,0.07318440211581248,-1.1156997095581052,-1.3017602966553827
0.17729803120928736,1.0009867006378634,0.6033188910192744,-1.0423888833416335,-1.3595780010357374,-0.018168621703316803,-1.9491578330849217,-1.0715469680182805,-0.47134463597344894,-1.4492975374954051,-0.5325515323144395,0.03170693759304248,1.5817150685568704,-0.6938553705195127,-0.2918884928070064,-1.2003749671992676,-0.2095542083563988,-0.08924936729051874,0.18044185636024943,-0.7272534123556512,-0.8528866088581474
0.26636553556134723,-0.7732785206193565,-0.10674718175549228,-0.9211951830938233,-0.337036217113686,-1.606148896319275,0.24894502730205725,-0.10180332247968658,0.7691704289330898,0.7947216078006101,0.7927152438709375,-0.6043122905093133,1.1140936762080613,0.080048376147617,1.0101822470729713,0.4459030768044359,0.5538343219776339,0.870153818299314,-0.021227480217772154,0.2965922003801944,0.17442130015635662
0.7133153960389865,0.035512906209908025,0.6296043747249929,1.0486993617411942,-1.3021885507755766,-1.1176743427776366,1.0828471322727724,0.23430902642292661,0.6827770946336862,-1.8880239961514573,0.2805634595124723,0.8189251446033868,0.9085578126806514,0.4333813145314604,0.32613153670029976,-0.20083116697337694,1.535173350912254,-1.2921032967200345,-1.1018206012872749,1.2593075335134134,-0.45088026665718345
-2.112306327517844,-0.14208839053581943,-0.7999190941377108,0.28255860642749236,0.365858568823574,1.0170803922680294,1.4992309528993029,-0.20575401004789393,1.0901845732686744,-0.8374525799886484,0.05341855826131893,1.0021732323355454,0.22629653081040887,1.2968770049046394,-1.1315857277429553,-1.748955404555445,0.10148298119636542,-0.776206484456456,0.3680297417411683,-0.3539653574975319,0.08697636963389782
0.7722326855957703,0.2709484000784653,1.13945297085321,-0.07912961181509241,1.168000530081552,0.595347122351966,1.3035914263092745,1.0408277180233736,-0.37318573273046673,-1.1805383300073595,-0.3140093116140035,-0.5369826647584566,-1.7900937124217848,0.9760905532929306,1.4240667832268858,1.4435092132244156,-0.04535956531171349,0.8076232885237211,-1.2001099570466907,0.7869419248584506,0.5367909525525013
-2.014480968759898,-1.658173589029455,1.0160158651064373,-0.027103601298820446,-1.8929695831689846,0.40626988468035,-0.8940905671262444,-0.23204363498384817,0.9443945642907096,0.10300930244221936,0.5669238739181206,-1.3108751233405338,0.5916056353997955,-1.0761258390458772,0.003694045065067257,-0.13692694114060353,0.5948186924849971,0.3325936565842626,-0.11292139650657128,1.090305926244069,-0.5898474726169689
1.2493532295999672,1.4058081031843246,-0.010485791449133185,-0.1782214774155873,0.9019466574119354,0.28942865346602265,-0.3146746092546159,0.5444034857979099,-0.08553935805229895,-2.078706521526862,-0.22968992906674035,-1.028809449016682,-0.8267725244096673,-0.8479564367391942,0.8423979640455928,1.1973359759204094,0.30282562702736127,1.0595106155622276,0.4295613137986034,-1.8077737204450879,-1.1013860407932794
-0.6320413090434697,-0.06020851907908429,0.2801080410706913,0.4676911299393402,0.6727844215142104,-1.2649183358004048,1.3438227989135796,-0.05269206882457058,-1.837884110173477,0.3895899626016691,0.9757358021706775,0.7190749139296426,0.30316685209821836,-0.2869474764087219,0.2681980078903155,0.5785820659181128,-1.2719640956976006,1.1776383437827875,0.9865249719964705,-0.3579458818047105,0.6164009024217295
0.2089348707493267,0.7539916878643511,-0.25983879531860676,0.6556071527530527,0.7664168243659604,-1.5691758039170767,-0.09213925366511828,1.4966588432465884,-0.8228729146760513,-2.084055726641159,-0.8991713090465657,1.5209239657219402,0.1957109805235801,0.6594523853660662,-0.42404669901871644,1.3362050283478548,1.2349826098478758,-0.8106491919786146,0.44076572655662755,-1.0573583602103793,-0.32172774545926974
0.19814285402760065,-1.2661584057820774,-0.9545860252580594,1.426021113435204,0.7566660980808305,-1.227744375760454,-0.4389783433640435,1.2232013076180235,-0.15290544555321958,-0.282029702175181,-1.9724529922315457,-0.6268776520263903,1.178002857476204,-1.3498778272363394,1.0019450469840787,0.1963195163399249,-0.2921301343970558,-1.5055111499391545,0.20186671873229678,-0.8664942000745334,-2.248517640474711
1.4452811151896674,-1.0127916311668794,0.9378577374621118,-0.9696431201072375,-0.8770647505336745,0.33194851095385897,-0.08027619206152913,0.9779843348590528,0.8671473143360867,0.6026659357720208,-1.3971715423781426,0.4354019011363515,-0.7031620515687598,-1.948802801087971,-0.9766144206477928,1.2636968395191692,-0.6000154374433764,0.2609411348660839,0.31591340707319476,0.8728223529124681,-0.35803470175025626
1.2331043368027512,0.6492589801359304,0.5447672900635185,0.5832973640239534,-1.1374508908671264,-1.7507425610323906,-1.5433062287200092,0.1609909608112059,1.5302218989581902,-1.781039632725842,-1.562441463448753,0.3128981543052142,-1.2378828929379952,0.8795583282851365,-0.2750649358035444,-0.10506799634987535,1.0299338765363895,-1.2798183451898348,1.520135620569318,0.47139265179235745,0.2859386031735331
-0.5366786476182862,0.05473851847249741,1.0544193408271245,1.0316834522641385,-0.13332749752438847,0.940821971360554,1.0773419951317147,-0.12293765492260493,0.7617877330031633,-1.8921162300606966,-2.042559399464294,-0.6172684141506422,-0.23086014074405786,-0.9588354300554557,-1.2007205597202049,0.2041055969031906,-1.2337699638225899,0.21209222909957104,-0.9098567012684988,0.7969135470108559,-0.42392784969682556
0.4878318462945047,0.14039622423913542,-0.7351354539481885,1.1565612517233295,-0.3203811448432924,-0.16354742649411652,-0.8006234272971092,-0.25760042442466685,-0.22507120476361414,-0.46774979376246295,-1.3852014233712209,-1.2125352400408624,-1.523562623768604,-1.1036590910092898,0.37875075268964875,0.7449198387734163,-0.583881558909812,0.926448894861194,-1.2575529134097456,1.480569262000397,-1.3485908094826324
1.0446920387870315,0.49430532449499964,0.10568249764244492,-1.678495193003379,0.23215174995775104,-1.9200131008569488,0.872988030245029,0.5236001402163106,0.07163411960155784,-0.6884554523432456,-0.5693819676519605,1.6157659445087775,-0.6451719248242954,-1.8065832323270525,0.6504793507157239,1.2832089770743333,-1.794965212750394,0.31283712647793666,0.6588551392715235,-0.25128726803571233,-0.28102400011623857
-0.7488324329799578,-0.2626532316059787,0.238632411744328,-1.6000620692956573,1.3052406686280793,-1.1483280127494588,1.0986760074582518,-0.15792438266179276,-1.1347929325028425,0.23682866774841535,-0.7034248818765552,0.9230201962439668,-1.9896508507730697,-1.4735338811991971,1.0523538340066456,1.3258997664807661,-0.7535312192023241,-1.094696199503358,-0.5744460191540562,0.5298264841472422,0.05125692331796546
-2.049436249678081,1.1931960885425401,1.4787031711340706,0.2836883346403468,-1.4979978819395698,0.15227768610549575,-0.3469849726548748,-0.4388155182361186,0.39030203570635036,-0.8976058098255493,0.16768360539112614,-1.3332305654599883,0.39586768542052775,-0.5776384521901508,-0.5664301989707825,1.1929218447376462,1.208340003673716,0.5258396461047428,0.7824372101680922,0.7268741088966592,-0.18029720077013295
-1.5024200995875916,-1.571186119334274,0.19357843812360703,-0.3983190829641309,-1.1754143513813364,-1.3492030014081018,-1.4742506814317824,-2.0976288151834033,0.7070632526289559,0.5979261808326768,0.7666123573747606,-1.0816415537024342,0.8505487302792449,0.716843371314693,-0.7590910908101351,-0.01218177377746928,-1.321404897581192,1.2528322187537972,0.902940261538541,-1.8328299359366458,0.06251930182144441
-1.6009536669383688,-0.9586138058844855,-1.4511070516410576,0.748041549179939,0.7510955499442643,0.707826432549152,-1.5786302460470834,0.5547754519824837,0.7752426616835957,0.40000088520660926,-1.8461366403422508,0.7836489438733611,1.272823894897521,-0.8110672255712713,0.7200335112486482,0.6499552285616105,0.27632519851334963,1.1033730076285997,-1.8431927492570161,-1.0091807561043828,0.04926717312605834
-0.8494925317869935,-1.1336688834113162,-0.21094020649146744,0.16790211027177596,0.15714657245641503,0.6463643247768273,1.3389617093996502,-0.5637635255520077,1.3250448899319294,0.6004945355448661,0.17242224257326022,-0.4863992779245784,0.7232366636849191,0.8483625181809474,-1.2768274713706775,1.0660359324463058,0.18571015767386337,0.7610467090600134,-1.1049700801178333,-1.567257796393189,0.6542095232551747
0.4880892264854344,-0.09116610216576629,-1.3323049234027822,-1.2282916685348177,1.4810841315789827,0.2423311887282554,0.7772376683795558,1.4439475788629887,0.2909691698595589,1.2532497632639181,0.7226808345268436,-1.2103868412381198,0.19023968418895248,-0.4341672735631019,-0.4738211963166538,-0.4812659675638079,1.2186526800940176,1.1804455246378185,-0.5561993201528463,0.8418259145170767,-0.7552112420405972
-1.1550924527005053,1.3834146009659036,-0.08259966383249594,0.6855821163238229,0.6406725139802351,1.5180131873726987,-1.3818105777295262,-0.6398938797589122,1.5695174289105143,1.2015386883647596,1.3191716042917494,1.3509658688815853,0.6487157922378771,-0.3572244958562467,0.7054477307774292,1.2290273204986215,0.5016697257522602,-0.8024322169049082,0.18927562696047465,-0.7425770884128431,0.737507053701164
-0.6070100405770865,-0.48743470345779555,-0.4406611224735514,0.8209327325826072,1.0253679801247777,0.5679573222074534,1.1551555772872455,-1.3581872333293048,0.8988226813801543,-0.9372594562334633,0.009204679792848757,-1.895658185042394,1.11580134745956,0.48419793092672403,-0.45834249426109186,0.18953713580617762,-0.29326864332076313,-1.5408424586090417,-1.3782077281083494,1.4223799260707366,-0.9544090853113391
1.54824761545066,-2.047522193343271,0.624803779318862,-0.42709848415717977,0.4452008686041636,-0.03194522348185085,1.4286208668280769,-1.5066804513210474,0.5973494665820254,0.801688762332965,0.716744969177936,0.3075056982720527,0.07841320955660805,0.5481945670516799,1.5285435128518086,-0.3121459302790751,-0.45486297885386523,-0.6166164153656614,-0.6957378945952796,0.012666287446233515,1.3068862267960886
0.15831704940063743,1.3758301199016518,-0.4093482750236998,1.2018795104980569,-0.9741919821945351,-0.34078585334874845,1.4583271132691171,-0.04219387050631863,-0.23295976737215401,-1.8697902388775087,0.2883111154041339,-0.5636838757275917,1.5044226807319936,-0.8453712848096885,0.4511876224302078,-1.1188674045620888,0.9589680857626457,-0.032007083857691916,-0.16661601722806824,-1.4808351348920066,-1.3027957920528808
1.035166923272996,1.5170172989394826,-0.4196464649505693,0.15523390193939446,-0.4648910345325505,-0.1440442873743601,-1.3052517442753078,-0.5795238357145709,1.1785519538066407,-0.22585262953085583,-1.9312658533543503,1.4692216141472791,0.38521100922444634,-2.0162958738774064,-1.7491231530228875,0.4288604216239927,-0.4148172296401106,-1.573271062483232,0.07316739990233498,0.7774966663417407,-1.2992964769497795
-1.7012564694678276,-0.10946276657579412,1.3446867747192248,-0.019971401087068207,-1.9219872607186763,-1.2429174802692557,0.1273349062452827,-1.1262427068483467,-1.2671189580991415,-0.8182919861721282,0.14242088216059026,0.6813593622976994,1.4681294343783464,-0.5792089351677798,0.960775178418536,-0.010337626519420478,1.3419646905855815,-0.5471761611748311,-0.3656321620099496,1.1481826264369763,0.23150013814398473
-1.2297770639885766,1.5126866647774662,-1.2739391539138658,1.1645539007370023,-1.2172103619849437,1.1602491655425688,-1.1880216787303042,1.3360338049432745,-1.657691784607311,-1.6131819544677684,-1.3288695221533802,1.2981686012992968,0.4659759434960276,-0.8206145644595552,-0.7994063526413876,-0.4624987407007855,-2.0659336236140384,0.3415981449905949,0.6819209696916619,0.3846416141944801,-1.3141723349716117
0.2230243554637431,-0.32920549093806656,-0.3607475088094665,1.4430912467268922,0.6704975253597324,0.6471034092821927,-1.3924500025941964,-1.8764562748841074,-0.12530101438060873,-0.310061469507223,0.8840768987339854,-0.16714095868371842,-1.0993512392967375,0.8797870823611708,1.4743010126449299,1.2490219282829025,1.1357182125160965,-1.0411038025666803,-0.1870755524614393,-0.971240544728957,-0.0005172206574059698
0.5293816147937572,1.1101961032393075,-0.6467886594797825,-1.7497911642664943,0.7606240348000973,-1.601234321498949,0.8618690950107628,1.1906945717895505,0.3109073523164592,0.9337564490851097,-0.27924511722919204,-0.3792788062909008,0.7621153488002661,0.24079006619160861,-0.6504104826551519,1.424790307108949,0.5290074081652861,0.47051503681865037,-1.6873027359346424,-0.14192131182460063,0.6809351162331639
-0.42099946955343104,0.31112473098727234,-0.35858915489751114,-1.2548821603542717,-0.4141058995846276,-1.061346859714955,0.9059970676920404,-0.46986283833211706,-0.44854341308328144,1.364631302123405,-1.9875342729790781,-0.19547013533007176,1.069997777204172,0.2020001263322748,1.1089017738459161,-0.7617032485965379,0.47390642731863136,-1.1802624114805782,0.8412646659345888,-1.12002499180156,0.9049213851226577
-0.8594023357659635,0.17443007616402906,0.6091989205927297,-1.15708192271945,1.1622262866936195,-1.7549207367598296,0.9357485699133856,-0.8802852567042074,0.04710246934909539,1.0468934980002234,-0.946186871222751,0.567431490180042,0.5959852136241424,-1.329483258576107,1.5602819011479372,-0.8987108755952371,-0.5997818601947082,1.0233197625585222,0.02738276240064198,-1.474221658100729,-0.21568513981791648
-0.7926137140900398,-0.3885775070306754,1.4632170791853816,-0.9963565354743572,-0.02953086498669566,-1.1826050458635389,-1.5279953274351001,-0.9576264267702447,0.07802217204154198,0.8973278246048804,0.1639514065009635,0.07507375144245473,1.383780238142464,1.205782568996308,0.821602782393012,0.8565379415704525,1.0350863535266859,-1.7605954227810203,-1.3650166007861253,1.3267999737986862,1.5289299262787495
1.423411163501684,-0.5406101570033526,-0.5910277463882856,-1.61724794130925,1.2453157564978796,-0.30016591807914156,0.2457021481881545,0.061241409755309055,0.30413535509837725,1.3005533561682279,0.2523942744218212,-0.33306887191877804,-1.6221068511054135,1.4055774201635582,-1.5847270600908512,0.9941777938155175,0.8879568142998521,0.7130908263960815,-1.8739383538198637,-0.4206319542280339,-0.3063884319504544
0.1911428463445429,0.7894790344723741,-0.011704604897707756,-1.311032175161043,-0.30951622664346057,-1.2838326915784846,-0.3972953639606516,-0.2472067913572444,1.1618224367616519,-1.5823850594631088,-0.45231192524578934,-0.32263646154718295,-0.25796512204451233,0.981714436308474,0.6844737416676782,-0.20568037745652745,0.24530154747836988,-1.9418451048478633,1.0574128882460285,1.4823964260090758,-1.1984814857688482
0.999621795274818,1.5176658688777216,0.25853440911336256,-0.6309264667186217,-1.8920167378027013,0.011549880177820136,-0.9085468220947337,0.5399299374348073,0.7536050856299898,-1.0037341635439332,0.37459820290049445,0.592423653237698,0.1161454966090274,1.2948452259065582,0.8763116945424887,-0.7394060433632419,-0.35448035492592456,0.2958867933722204,0.6396935344516256,-0.6002548387196588,0.07852150015192022
0.7798879843650334,-0.7260378849753244,0.8844526352696445,0.5655996041124687,-1.251971446465309,-0.576690239699985,-0.3418963507257823,-1.1251830462067984,1.2730069062744334,-1.4380726365803376,0.4337103070278574,-1.0177448563493454,0.37847350752919595,0.3158054187019497,-0.9038659543139715,1.058981762179417,1.4595559763580963,1.2275859395536082,-1.242310551471353,0.36120690779415143,-0.4775862263114705
0.23496636592558848,-0.3795143508020967,-0.25230868273610996,0.6972996610659882,0.3392125610772873,-0.5437967442697949,-1.224329647103596,1.2165016628215322,0.9337245984923818,0.5920408541819787,-1.174246056368925,-1.7891067585085199,-0.04759208960038553,-0.8113238646116246,0.24094477543325907,-1.3691820797224996,-0.7974860627039366,1.3079052720143558,0.3226964700110277,-0.19461593942049157,-1.1746127694557889
-0.47043118447500637,1.3105600826347665,1.0543248990197671,1.0489841470707495,-0.8531645966161285,-1.2035096994828622,0.767865879234518,0.7431679838725824,-0.2296299739299334,0.22365090808973398,0.0004938211601556201,1.366416252620766,0.331132435880769,-0.1205651148633077,0.6516225815243364,-1.6682976866104682,-1.1564864458999413,1.0287112832745884,-0.525404443119041,1.3549671295335939,0.6483452818119256
-0.9848692264952245,-0.6989203553044105,-0.8326591906818014,-0.0012001188042368085,0.1427529050693724,0.9645620811906149,-2.1168796084726904,-1.110751468008614,0.3196379313656274,-1.5281607509081867,-1.5704851906035533,1.2207311147623723,0.3344814704722151,1.0522589793147625,0.18942170291939542,0.41596269322839685,-0.24352646448282805,-1.1541078625278856,1.3572698461948545,-0.15443511269779617,-0.6429218927145093
-0.45261576813503035,-0.0025585772168844963,-1.5342968168206144,-0.6983973948315045,-1.4049786043258323,0.23968946731704857,1.2937676035775205,-1.3438393380012668,1.126125357632927,1.4222150721257671,1.1392612783142757,-0.48157273412460533,0.7788947464148568,-0.29291796651428476,0.13451211854165873,-2.0385785320504524,0.9501722410137395,-0.30742371848034417,-1.1256485640507465,-1.325944119521928,-0.7846750121728433
1.4425305523868261,-0.5424826356259891,-1.5958590596705537,-1.8957198365034063,0.8337314555938763,1.0097962806110687,0.712174323251302,-1.0534444880617169,-1.3166964950919764,0.49063382903617864,0.5639628769087371,-1.3996567178481452,1.4949693049960673,1.5390223080524326,-0.7666516238116,0.6461108878666707,1.3754142544346082,1.3668435508826744,-1.3408999002885889,1.4923700730666194,-1.0939221391468592
0.2797748975427163,-1.6538227980994096,-0.26511688922568416,0.7113459477649426,-1.138767980927693,1.4890836748191683,-0.8435874367575162,1.113225798916697,0.6088142908489385,0.6361586114254034,0.29971148413549703,-0.3955376005057932,0.8131782465992198,-0.34834518424662736,0.17138343615633628,0.9379269259272149,-0.9790872822039137,0.045645638378962086,0.9982476841047624,-0.709526896035253,0.2961687018966051
-0.43376624055793517,-1.530126301891782,1.1271320349625042,0.7907718138650078,-1.4451689690630645,0.34492392863578575,-1.451166353086222,0.8452221947223378,0.013516980668972126,0.5820155434252616,1.259168024868665,0.059868432535580975,-0.02734160255637642,0.9478370000987238,-0.9097363356945107,1.0098120234576746,-0.7152228337568097,-0.5781035875071878,-1.6321214020120463,-0.7436799163773843,2.000022515883453
-0.9420238523249439,-0.33957054312818896,1.1408690092943203,-1.4303005212023323,0.8484879897797357,-0.582888059205291,0.8016370022126521,1.384783759767958,-0.08099653624693674,0.617511061948157,0.6414920185838102,0.6663582108221657,0.9275852644373799,1.2638123766865246,1.563468823299545,0.5621525030126686,-1.3460186362065116,0.09047624369346742,-0.4326585537577322,-1.8499076338763656,1.5378154161728896
-0.0751084162135127,0.3584291211289484,1.1679118702988476,0.44780464521510777,-0.1287817040380577,1.3680667367166166,-0.07888296152584727,-1.907659604920763,-0.04034627972359386,0.3872735539585108,1.2115768055932126,0.9073115317430092,-0.5778970919674865,-0.48808667243969406,1.3116258084045127,-0.951967476131656,-2.0061268752145103,-0.5764732417945334,-0.6841004571196405,-0.011538633243497853,0.7706545441907767
0.32726672584910427,0.25978096875679446,1.504564796282649,0.2471863807054167,1.0552664211971177,-1.578536971421258,-0.991013810440856,-0.9230696711138788,0.4005416520190799,0.9045962510914146,1.2748521714997771,-0.4886922339041891,0.824102678902893,-0.8999565250093422,-1.258365028246254,1.3082986834398858,0.7477091702560926,0.6696348888996577,1.3113270498201495,1.262238205096372,1.1374439687156235
-1.6597153349977434,-0.46983268840396414,-0.23097432163847437,0.730807019925941,0.8575652905454388,0.3070106825998089,-0.9935422573819813,0.5314979702764795,-1.0981774955210493,-0.12221288181721719,-1.782754130720835,-0.602658539523712,-0.16367131498560242,-1.6125297425593879,-0.6659941610128564,-1.885196892975872,-0.34501347465933097,1.3943759452620852,0.4570297390526218,1.1371778721493535,-1.7138415366126298
-0.10568518704340454,-1.9384332257267758,0.4210924469001002,1.5360938353341473,-0.004075748963765232,0.17404675749416423,0.03971006218473533,1.3105482415346192,0.12560720995179336,-1.2605597890138562,-0.30738998829178127,1.2364623181096548,1.0080019216978,0.865579024279976,0.5122283213010808,0.41088304266696557,0.5328705535463477,1.0009236675793787,0.7052464223800159,0.6826254265407397,0.7072308606135096
-0.6315546966865784,1.2539104241015688,1.1732379573896048,-0.6539496951973942,0.7806201054576836,-1.9975871686930269,0.378757278199363,-0.8847097880845024,-0.10831095148988235,-1.5234392872684084,-0.40115147509610855,0.3762379878516356,-0.029968727400435834,0.40761028632808527,-0.6392380003628325,0.7016465221110557,1.3838066767293786,0.4043780512931773,0.8294212378051563,-0.1541155740585148,0.14971869637003155
-0.3539212459361963,-0.8916601234511179,0.7451721387709387,-0.03968821131347261,-0.9242550370525066,1.3046400687340467,-1.301012221432854,1.0390355436074317,-0.9947777109135129,1.3957997668779314,0.7514003993883557,1.2586367972129413,-1.8168949480599976,-1.3994400434453977,-0.5391439473379552,0.8745298231118568,1.5697007319603478,-0.3221974171506897,0.6970927342384566,1.2460936656405988,0.1465518644571939
-0.531632205209691,1.0368732389015305,-1.3470578977600876,1.2547689624159648,1.1652624401119005,1.4657242765680534,-1.1125532923945367,-0.6765621437149308,0.025197200702813997,-1.016465714435709,0.024811769986276867,-0.7390033053534983,0.8123243780234702,-0.8261113344446237,1.10900278811054,0.5473852672070213,-1.5292769129034742,1.1532063041347174,1.2730368374695609,1.091596061515251,-1.4292035051195207
-1.4178515593986338,0.9456182752315632,0.18010069116558006,1.54220439842304,0.5241309126683754,-0.20367335438883863,0.9490405996178513,-1.4642749530383259,0.83341148537953,-0.6067258413047951,1.0915708700163789,1.4628995316925273,-0.3852650924150358,1.4368085695133408,1.0560772635717344,-0.7786687251324619,-1.4668849767416068,1.1485840677335206,-0.4357696783869776,0.884232315349207,0.6074284742021984
1.191095078769375,0.13687617893034962,1.2864499952136939,0.9870318156704727,0.06754718689021857,-0.6452671611160572,-1.740897605029284,-0.41217131172681587,0.9225310370140629,-0.3043351574325616,0.8988720462767101,-0.9885259847611715,-0.1832123672343954,-0.8913912755079505,0.7109528065363461,1.0405547681844796,-0.915663469611393,0.1595971130594085,-1.6413378206153546,-0.573631684089903,0.8864610680896828
-0.4898688952252655,-0.4206486722038767,1.3799133448435597,-0.05202650687428497,-0.28772648232858294,-1.3825966728000372,0.06678492215501872,-0.5108986458931454,-1.2598513360934176,-1.8867351800003351,1.3177006647101046,-0.5943290743803105,1.4210718360040293,1.0359465250324302,-0.6480593693578847,-0.01956742065018925,-0.03550521507656944,0.6161067952397186,1.2989758813309062,1.2278007381337301,-0.15961547208051183
0.8863752663123199,-0.023257927190811243,0.9736859407917924,-0.32717628159289835,-1.3569893788404885,-1.1613507878700022,1.4997263773590024,0.7524367960381649,-1.4739819453768177,-0.13668227322435422,0.8969846087061777,-0.18988397480540312,-0.26425600118364007,-1.1464071715466129,0.33681134676898805,0.17063327223043548,-1.8710428070666798,0.10439171562510317,0.866983216389167,-1.1282030815693411,-0.7415885041615876
-0.6551644539561331,0.8547885827910043,-0.31007845385363536,0.718581623341398,-1.0682613603581712,-1.6924594385195064,-0.046823278488848215,0.22625040989377568,1.4667508401107312,1.3590908217024136,1.0158756271801521,-1.2865796122129154,-0.6654300162656763,-0.6906031935692107,-0.14371674533724563,-1.130608147574837,-0.32228282292787225,0.9345662022154847,-0.45905283060959934,-1.2433250678360115,-0.20719491553322275
0.6338485906787951,0.9387636256540909,-0.4167838951534837,0.33272763455635485,1.4741944685349249,1.2405751260226006,1.415233437836912,1.362440460239209,-1.434469590684911,-1.1720813702018968,0.37659406697433917,-0.02434591281363829,0.8823431416795341,-0.05104403856986162,-1.3191739474391366,-1.4703160884749553,1.0521694926334089,1.4771162929716228,-1.7487242412028075,-1.3515789648434913,0.0004838834182901544
1.1286756245524598,0.014151085500988031,1.4353092315736364,-1.394499571741547,1.1695532623027902,1.4459017915190058,1.5321847033367502,0.8330164230916991,0.835525100415525,-0.11048238684657984,-0.23960230212274802,-0.4385041666784504,-1.960855321469396,-0.6461733007441924,0.44849224931329634,-0.7578798456175496,1.0966782413932927,0.17398079493716376,0.4849618245640134,0.4871631104361693,-0.00846519839868256
-0.2271949799988013,-0.8749876008115706,-1.6351596175593681,-2.0325555955248347,-0.8408411538379749,0.5579752851568262,-0.97000816909918,1.2789335975224512,1.2402512392196814,-1.3921454163055584,1.017208821174832,-1.0723828005155542,-0.48393761371336563,-1.4981420899674376,1.2978838546344187,-0.7906726010187346,0.22749371073348063,-1.2832434605414729,0.17570574505761302,1.3650599291469956,-2.18794974901199
0.19435328021602202,1.5339919571791696,0.8633425935592504,1.003210420920349,-0.015985501137020974,-0.1887352637685382,-0.5344635401244772,0.9091679509367052,0.8696961325729359,0.3224126450857803,1.2084691931401803,0.5360853364772712,-0.10865670119760092,0.3497578475927858,-1.9253445539945568,0.3363978899255712,0.9051399750938897,-0.5625739779952832,-0.5459407462862339,-0.34349032714041444,0.6287928066742711
1.1451145782972378,-1.6633139822043332,0.5308518447999514,0.0520753687531787,-0.8356199127835694,0.5332089352859192,1.5106647275689409,0.08676968661094753,-0.039150497799859296,0.3542489993977852,-0.4646686578747039,-0.9455524063931231,-0.8499426692142241,0.7735394704034596,1.1156902153821506,-0.9902381971695463,1.0878045335269004,1.1606443885916677,-0.05769027082067836,-0.49234112657379536,0.49169857383791754
-0.08435957434292843,-0.545388543938133,-1.5194213858494134,0.05346370335698452,-1.6096430055435198,0.31377970923170506,-1.0114093567336164,0.03305185232867833,-1.3773918229138142,1.5208159007843405,1.149247012498022,0.4923468596351961,-0.9560304163302922,-0.8697710066020319,0.16961328651408664,-0.3205782033739818,-1.9508965255380641,-0.0015288989334249251,0.3394451078142368,1.2626328192243523,-0.9343516974546894
1.489364935554008,0.10036032553409648,1.1509525652495114,0.06273851448868217,-1.6464887457848523,1.0890053039993544,-0.9897113050062447,-0.11509968511920465,0.2555161904456982,0.295715418523686,-0.29063822302944153,1.0079792074936267,1.4163062668968402,0.06962575613082325,0.7540110353166573,-1.0314401884965563,-0.025156827897481474,0.966953140192675,0.7716861781271623,1.0407498037045173,1.580315739061685
1.2408552769455148,-0.6611908560514883,0.6027427950267708,0.3445436823333188,-0.7122293085798357,-1.9334740044845626,0.8322267243879868,-0.9326220116496495,-0.4128012885166602,0.22670701442781607,1.0361989690747342,1.4246250167875387,-1.6073245805874878,1.208459243331851,-1.7378855318485729,0.6737203192660642,-0.07023483232166652,-0.37896190578900707,-0.01707929056249342,-0.8555846401543464,1.4965630662018208
-0.6814337987808562,-0.7167480724188968,1.1873526856049401,-1.1619152942292446,0.2751298107628631,-1.0499435173744485,-0.8256626908955044,0.20308511978722843,0.431156444991583,1.0387041897813287,1.4313249448529013,0.17636277802256037,0.29226525916528123,0.5092513979862403,1.4566150827041398,1.5143370693118556,-0.7693677993983904,1.2708373717209056,-1.4627998321467721,-1.4731758841997802,1.8086577083523987
1.0600863993566925,0.4401856748402464,-1.3070086831960173,0.8455374176209505,-0.07998983660614377,-0.7789017890559425,-1.950294419340837,-0.19596406667844865,-1.1974183433057952,-0.8710795095113003,-1.8558847309298079,-1.6450055556790228,-1.1728842315785832,-1.7765318605154319,0.06054294930630477,-0.7847495578858681,-0.5736837107121796,-1.8484060420947357,0.3932070046048292,-0.2874316942512982,-2.755261390149339
0.12440445193586772,0.403757615814118,1.0527044758427888,0.6965172220983735,0.21913117750362848,-0.8032490355737004,0.49799409384857984,-0.46776346663510515,-1.015352144915923,-0.37455147809325445,0.12914725714766748,1.1106017978777538,0.21060072202287608,0.5659135357304663,1.5289559857653194,-1.3772938998261186,-0.41147570192677124,0.5065324879440004,0.8919661569137031,0.3270407414349815,0.639200505245443
1.1690406477676072,-1.6453319782041687,0.4622911776966184,-0.6091000290690795,0.9518238807077626,1.2915001599050575,-0.4182744507849487,1.1277414591301846,-0.27012044870165336,-0.3966180219632322,-0.9143070012863714,0.2649169362878764,1.445948276068629,1.028582565015005,-1.2382596907138186,-0.32516464141878076,-1.4276545329481742,-0.6683942062611653,1.3355033968142134,0.2310111166869343,0.9383889861132214
0.7042610892771481,-0.0474983936069882,-0.578895739248474,0.6433972726200772,0.9954261968542325,0.7856215714826665,1.2093201168227505,0.9894270127105493,1.4348602819533443,-1.1708404835840813,-1.7670063943256853,0.11962798551940414,1.2884491409242311,0.11705874821162003,-0.010615013308398624,0.6501792265337647,-0.873587651061675,-0.5173759567025528,0.9595971982179082,0.9958732968215853,-0.7120958450317537
0.95243336739267,-0.8819984610308257,1.0422780374804819,-0.956202685168569,0.7529093177852348,0.6955488121273786,-0.6980370217233304,-0.9020509721172163,-0.04521123254397184,0.015056701908439192,-1.3304651397650022,-0.46315308146925116,-2.1731572868374993,1.2915300247309631,-0.5794129818088514,0.858431140133598,1.1713052992122572,0.9896368453534579,-0.03675982528299447,-0.913677128020877,0.8849678587001674
-1.211569604406158,0.4914521120857088,-0.5758741205088529,1.5592552547096081,-0.20232050943231195,-0.8065817074244619,1.0883303449290564,0.7630170729209952,-0.9658770344243638,-0.010043559437386659,0.9248179973021873,-0.46562671436701497,1.0931645927128897,1.0366706041081604,-0.14496179650903132,0.5959753331813159,-0.49014915588370805,0.8501396382628166,-1.067597418828486,-1.3794127976545045,0.7298513799713592
-1.4460489950087374,-1.0672450677662875,1.0406775324927091,-0.21561565577356312,0.022904809897787533,1.0778000595730401,-1.1323315636138767,-0.4520630853298308,-0.7833747406159058,0.4426460602399563,1.3581218237508215,-0.24190409724773212,0.23690035549696584,1.3859003408837158,0.44221349781441155,-1.0184968504666245,0.624761476793893,0.6546129909278413,-1.8936853969963396,1.373545284253799,1.9384378887929783
1.3307332730223114,-0.7428488449484851,-0.04918058314781282,0.36289607831513776,0.06272592365547144,-0.9033233428139757,0.19499810001975654,1.2830325827169322,-0.5712630964477158,0.06378209571277402,1.3883652288025565,-0.39011234547367746,0.576688119423372,-1.5222324944434245,-1.1821013864052285,1.527805088174755,1.3280640881026278,1.3472662897270156,-0.7399766393443579,1.4315592795007954,-1.1024166362153986
0.9497930539793936,-0.05736124679242046,0.9756915166451442,0.3312462072116965,-1.2525312769228951,-1.4891557540164202,-1.6168703642724873,-0.2588048093620548,-1.246520457556487,-0.14983907569421565,-1.7639138404310906,0.37524693621375205,-0.6475468470168676,-0.7189640212782613,0.48461361318327173,0.056652973900091816,0.05520884457588212,0.8813501499754116,0.4245407766181728,-1.1490196705704527,0.3363531484883453
-1.5915592222712671,-0.8575824031095269,0.5700448931610693,0.3883667849529112,0.7327078324271481,0.12189031957465073,-0.49771357199640454,0.46823411715494,0.23126572864621273,-1.402529901367993,1.4163050566045823,-1.2636902878054215,-1.82660994313614,0.9647445054561992,0.7446753066203442,1.080411582094202,1.3677262183889747,-1.263877120978381,-1.332797273756586,-0.49292898303237187,-0.01854844507375815
-1.1169515866334923,-0.9262910201387937,-0.5364180273950645,0.5363483164170503,0.1979991518149723,1.1526249007833758,1.2098337157344603,1.2889442362804917,1.1142157372798944,-0.5345366163415644,0.6215594593562015,0.23242940088906466,1.4761610433227568,-0.6367151795539744,0.24958554933931346,-1.5904810487286474,1.1108361858720746,-1.1360879194503581,0.1643701337217469,1.0422149914217493,-0.9061104057829992
0.4563748441612987,-1.551076933813252,0.32454757188289135,-0.37771930637959983,-1.1718493790867623,1.1417493021621012,0.5139765582659579,0.9241066609851427,0.6432027935409181,1.532259297055586,1.409783222694844,0.0915064858456661,1.3493949844664332,0.846674768147089,0.702627970822439,1.5158054361454862,-0.6521505184386405,-1.2125922277678058,-1.1359892010642572,1.340878121544435,0.7700341574706548
-1.7473677393445761,-1.7443339392776858,0.5439707048383541,-0.9907827454497907,-0.7985474382405973,0.33631092513990807,-0.7156542076434641,-1.7197887422366742,-0.061484823448177454,-0.19513138136172864,0.001659742638373779,-1.028491795689495,0.20840317495204744,-0.13451853032317063,-0.43456292547054753,0.28655673473598453,0.5659837137030505,0.6574846821588144,-1.5164478278148685,1.374433815390947,0.350918424248021
-0.09585939647519513,0.2087859697457302,1.218896755397794,0.3309441295677249,0.475674103659027,-1.2763686670172079,1.1776233474778788,-0.47430994656796827,-0.9532462640666546,-0.6364376032844539,0.8396051483351802,-0.07742734249691491,1.5863206814199518,1.0030309367201862,0.4086158772564898,-1.316082844738129,1.2841132579077976,-1.2287046547951903,-1.361676770840467,-0.5826193021055861,1.0915900409273527
-1.7720286227344582,-0.5106456163997504,1.4928626550330235,-0.5660984152620555,0.13020295676634308,0.19533351731497645,-0.8612638045303443,1.4601252536232996,0.7138167743248397,0.4245193700073418,1.154031851279565,-0.4049200135899595,-1.1832429663831394,0.9497574448824768,-0.06073086221222855,-1.810865151819975,1.249411317229529,0.45909167699854847,-0.7404006291574576,0.6204590354432701,1.1869138997590756
0.880269026145278,-0.724393687098485,1.3620509208465665,-0.46782302510691853,-2.1292064101457253,0.5836915508812033,0.8663947639845792,1.54560946058596,-1.2422740570938127,0.3682477044151947,1.4033830289190539,-1.7877272158913642,0.1401168474783096,-1.7128985865956239,0.6694954954795106,-0.8152406155514795,0.5396309403568099,-2.0209368001903583,-1.6845655962513555,-1.1846276385186252,0.13635278429205672
0.5256251832398927,1.3642860649248605,-2.048554584768097,0.8945061938243343,-0.3831444081870959,-0.9056240022050757,1.0743440599075045,0.26741041050633263,0.8720267471189503,0.27140108989552014,-1.4661592393500333,-0.27124151877665015,0.9609648835003677,1.3301310688040442,0.8368673988820214,0.2755899222153425,1.278894606126803,-1.344100027933004,-0.32276497948351024,0.8519678767359743,-0.6390449161045744
0.7350525407499563,0.7445223608315658,0.667730750746022,-0.513414613163598,-0.6143106166599567,1.2319508695195307,0.07841913252974293,0.5455077824216364,-0.29911583008914,0.6533256374636773,-1.0429382420266853,1.5651886515408766,0.5066107387231065,1.4539429774057242,1.0581830081321737,-0.9128045219655245,0.0752360058732229,-0.5255915301702812,0.9829476445004097,0.4027836098745481,1.6723094840663026
1.0801788393979608,-0.08932303728622171,1.1385077389450853,0.09558966784051359,-0.3602602941988282,0.7274439335533717,1.1450108469253908,0.5629202182567712,0.16387371199053544,-2.1182901857868845,-0.2489067868370896,1.0876245347058104,0.9914579542388854,-0.32769608398051286,-0.16060676599118542,0.11286431675227662,0.6541351831878186,-0.630139344984799,-0.6406709692173186,0.7080452675635498,-0.4248618666058681
-0.817810620134639,0.5978307894896254,1.1189515707326465,0.405155192114545,1.1547171203338487,1.4376080075564395,-1.2174015892197898,1.3712288453264958,-0.6469683683778293,0.43972491655661144,1.295025544188829,-0.7393451934723028,0.35558797504102146,1.4670702805226046,-1.2262807168288723,0.22351066079391235,1.4159986117109802,0.6834483983765752,-0.9526181821086998,-0.053735710915485665,1.237159145505731
-1.8420476224165434,-1.0781756166769512,-1.3330217042029409,-0.8435264329561548,1.3875909120430276,1.3145327966078544,0.2953990163718883,0.31977708657451326,-1.488544780569884,-0.4978006285596348,0.5123352363481135,1.6091750398944442,-1.246282861614019,-1.1812124241881528,-0.7305792998758662,0.6677679226749514,1.3375612721688537,0.08042525394419486,0.3018955272830606,1.230640748578174,-1.5690377390768444
-1.4769346902299485,-1.2686499203764117,1.2494130334266962,1.0285262991740323,-0.3423291669337552,-0.8703632188125845,1.2342246499423628,-0.7701815678025606,-0.1690087786795942,0.39047935591004035,0.6758925283052982,-0.261754302900502,-1.7957303317519813,0.8651748837104141,-0.5307512671560446,-0.11617831175966165,-0.7993669800944723,0.4906188346099697,-1.8816160367905008,0.5711865289528203,2.288457901150837
0.7012717872023517,-0.691843297084707,-0.7846664806544029,-0.8128124610386208,0.8253776670329621,-0.223946342757373,-0.16911551818701256,1.4017322895499684,1.3322794691688664,0.35008159914775244,1.3362672221793686,1.5866061931165762,-0.9309554329739763,1.1453647943705199,1.2614849763350298,-0.9197996998803871,0.9979717440139065,-0.6124450379458493,1.4753082946630227,-0.7162114874511427,1.6899861746777194
0.8892833589736833,0.8948891133966268,-0.9806739726237047,0.9635889752176207,-0.42515990582240504,1.4569603771251216,-0.10311685533299411,-1.4011096214201633,-0.10643745390780773,0.5173760797996515,-0.9875853373493233,-1.6418123961606512,0.03929374528662023,0.01738156458409216,1.3251996070220942,0.02305783314295583,-0.3400689350241932,-0.6487131815713222,0.8192394340810277,-0.15499595283708087,-0.20688222965461403
-0.5753092572170754,-1.03440870053626,0.1433827742408521,0.9935697135332872,-1.161021963605383,-1.5907778695004655,0.7610638288628926,0.3109335805691424,1.3473631513922844,1.545883953322408,0.8615128489087914,1.5020405052991164,-0.6712068882051344,-0.4845227027687078,-0.9399309869566421,-0.8744384402581872,1.3997062939931229,0.4373753426349273,0.7644387026878152,0.3320920049794843,1.2558863633719657
1.0881250536508786,0.9511909959876113,-0.3405888045576175,0.07653878621045856,0.9148080186393468,1.2235159900188435,1.107966158493259,0.3008427118989269,0.4889398461554046,-1.235821481237522,1.2914401661430999,0.03395805734326407,0.4620022488987134,1.2311309683897678,0.29291976803127334,0.23798116905388442,-0.916224321546818,0.39646512778444976,0.7849884174402104,1.374983148255523,0.0769762649789681
-1.589632779039324,0.6946306244833373,-1.466527726107849,1.2193384052486762,-0.35072347831760814,0.4353639503948203,0.676203255373616,0.5848042967509843,1.6093165839441286,0.5269756776473475,-0.75267254166832,-1.039287519051774,-1.351668045008539,-0.651868852480953,1.3371318674806698,1.0743942586483097,1.3583985812838673,0.5111015020903388,1.3678366207324122,0.04400366310544404,-1.0085714207592376
1.3167398415785643,-0.19024643199394614,1.2905826097387578,-1.8068866032699935,0.3753350992547711,1.4005488945003406,-1.271112493128355,-2.109408499984929,-1.592474759807739,1.002212154625878,-1.7593222339945809,0.4640076909847079,0.4816159540427896,1.0602174214926003,0.28093253005326746,-0.8728034587896379,-0.4109182352641244,-1.1262977483467922,-0.6660259357633297,1.1890373126200782,1.6959210715193205
-0.9283008405877967,0.6194520785987571,0.9731421648993517,-1.182484762032707,0.126324503894198,0.14501876870982724,0.025427072326069985,0.1565426637829579,-0.4000387439621506,0.5824807899856093,-1.2064407830897321,1.3010583833060454,-1.1872057055901877,1.1156444584770986,0.6226891142987763,-1.267182966084965,-0.7875782268893311,-1.8836471297382027,0.7142299573904027,-0.834871637175605,1.946768803951432
1.4790389412415301,-1.0275743108284436,-1.7470076545800068,0.4544196168781261,-0.636393025820534,0.6430755402121338,0.1631988361952396,-0.8906463376697344,0.6998877353556066,-0.9037907740534535,0.5071028073028417,1.5843068985239956,1.22372811079261,-1.4050031899521847,-1.8380181203670014,-2.0037312751572975,-1.4234712174844133,-0.04810781273571747,-0.8882276050823763,-0.9368383838616736,-1.3054041408488761
-1.8148953999197974,0.8087735027408122,0.14069265610081821,-1.188764570478655,-1.1482624179734917,0.6681786036705025,0.6043836516244308,-1.8868994645235309,-0.05760664906251374,0.5721883210629185,-0.8564781586516343,1.5229861127470596,-2.091883132190839,0.18223248122174798,0.8763558222317894,0.10309687935093373,1.3963829130854422,-0.21379440181727452,0.4847157132427712,-0.3654052818664308,0.14211673528099578
-1.0527001433411507,-1.4199122752425604,0.27583377084872873,1.3848048905270018,0.7784727903838724,1.017534989451426,0.9038053614625474,1.509955182636708,-0.15032819147813706,-0.13551544417946917,0.8579211265745503,-0.345198714352041,1.5285929400065876,1.4174093563475896,1.2726846022471747,0.28990492470744134,-1.5804251468807793,1.5082890958913455,-0.16453278412680838,-1.7211727864524151,0.22581539830667055
-0.19809066343077453,-0.3083876411388687,0.9439934856019377,0.7930781360040201,0.4864143741237071,-1.7892232605470901,-0.2474559009095066,1.3392264091553874,1.0027275843216934,-1.7606937746271172,-0.42322180579457774,-0.22294353342220605,0.9552047228986603,0.6024610314666135,0.8320908177054575,0.1753956426077664,0.12419010446285268,0.7746364435808389,1.163924851767325,0.4423920906164735,-0.3390683780461253
-1.2577214164761885,-1.3511761428568143,1.4648192077846827,-0.39006614431214415,0.9476443578757769,0.6550094388425494,0.2331440027057827,0.9159117389930719,-0.47165108880642626,-0.856330776502969,-0.16621364552827655,1.5908211422411176,-1.331913641251287,0.1391009726868361,1.061698383208825,-0.5358637595477312,0.8616658511055185,0.32819605357740544,-2.0291003957728644,1.4180141532032262,1.6079691701163707
0.767666834589542,0.512031932821297,-0.08869818107493324,0.32670346736954187,-1.5009676389201732,0.6022329381890335,1.170882027984084,1.4207102664771605,0.6842320518646264,0.022965828502311037,0.9272885824156492,0.29676358513445605,1.013272984850866,0.0478180707339572,-0.39239964781826353,-0.4963466504713649,-0.6428425267828745,-0.9688342801548074,-0.08231903611063962,-0.08854576626586592,-0.2825161022984831
-0.41146326448313025,0.912942957482407,-0.5244950124082465,-1.7223312872365,0.9004181989547362,1.1596488914584318,1.1688265498088328,0.8155198687462689,-1.5081399123291304,0.5804263173114953,-0.8571883807750905,0.7749113394912264,-1.0536204287418356,-1.3416064386161952,0.9545918809580042,-0.8998430236647281,1.509868297824893,0.172066734964939,0.30807710908030894,0.5390803955563498,-0.577330794912544
-1.0384607436820998,-0.02455916949089951,0.6439981191797741,-1.246750093983482,0.6066366643695211,1.5438571579932319,0.35616414798080337,-7.702674319882632e-05,0.7352205805132779,0.14976974130759546,-0.7236830904218851,-0.775054798727749,-0.995798779387916,0.37075888429716986,1.584932062649678,-0.1749124345754438,0.4681494724866981,1.0197546494753202,-0.2126056493734327,-1.5628107932139388,0.16363817094693153
0.816092695187368,0.3273116306784376,-1.0449090476030947,0.89530590918113,0.6475034623557223,-1.7890515374376483,0.25415013826393934,1.5452111985422492,-1.8046084164411766,0.2396429715860333,1.4171255866797312,0.7837792916155389,0.14865148812881535,1.1990791808335581,-0.7013611506555846,0.9049573053995591,1.5304136432677784,-0.22597988569940047,-1.0341088704711476,0.6631649098457751,0.942859612761265
-0.07756785522867247,-1.2727170517256154,-2.0987120267944346,-0.3973050539447347,0.12136945996546421,-0.7896278672891439,0.45079490708448305,-1.7215359365859155,-1.6322837649929955,-0.26834215537077477,1.1796194263092987,-0.8405689187186055,-1.3810741885622386,-1.4293891596487485,-0.05517008289300211,0.8712932934168373,0.5594462353239709,1.2224415530400974,-0.3023936065034023,0.13470900484952517,-2.208154896894413
1.2421201907843489,1.1701931670323458,0.8010666245566544,1.4991870458477343,0.8852566541024857,-0.9660274319699532,-0.6650227030406749,0.4172965636946666,-0.5099143801270986,-0.04570009901036026,1.2745295324333776,1.6048176561205922,0.8197140997441104,0.8580298784841841,-0.7976986628133894,-0.9767574823732947,-0.028698099209688462,1.4392340419506509,-0.37917583646860353,-0.29934179797290555,1.4817018090957756
1.3769317274608834,0.5427379164660677,-2.0278281132668705,0.8480633509650587,-0.5481043763007591,1.3896283104476173,0.9241953718009962,0.6900056571288514,-0.8128691413503607,0.4727921899262628,-1.3616539635406937,0.3469885228563764,0.9987480257651583,1.545055185787689,-0.5525416670891536,0.9967393167956803,0.039991702167310746,-0.7452706446333253,0.784658673015452,1.4418952828284461,-0.2948561112683741
-1.5245308776165885,-0.2122811155205897,-0.7824376414091274,1.4417298862940011,-0.3152535178161235,0.8885107837477393,-0.7365476158847101,0.5425834833913142,0.4606047292233455,0.4480972923562887,-1.0633295166333085,-1.6421506238365453,-0.1839632292480194,1.0846249067290261,-0.03548890436907204,-1.9754181436490676,0.951633109872278,0.7098330317928034,-0.0004288352873159304,0.9681501151908717,-0.45144639181867763
0.7190548254761863,-0.6722120630627484,-0.5940495691813167,-0.11600002832207951,-1.754270378543769,0.7683524294682887,0.6740800335291748,-0.6573884635579338,0.9641290737992246,-0.888479989642338,-0.049940489056935065,-0.19949940597620577,-0.01270790730459915,0.11384243831568304,0.9391183161235028,-1.505800581417541,0.46738331575152686,0.6364092025129231,-1.524284778151782,-1.7507319465567948,-0.38494171916004927
0.9284743968740226,-0.3384748678510463,-0.4190700186413385,-1.9111057922953618,-1.528617932558527,-1.518405373301474,-0.6538141419746462,-1.427355221549358,1.2379652765060989,0.0689265275490338,-1.682186373202135,0.8035664263659501,0.2558141256402444,0.5953541062653461,-0.8793364546955724,-0.16643442143618006,-0.2746054884684162,0.40725041475400897,-0.9626517565155349,1.3314423778750937,0.8201477274866882
-0.43476898501599376,1.3607212973640939,-0.14854544538291967,0.27673679620302316,-0.6492187557468608,-0.9458140745437367,0.3916907108927658,1.046876328299932,-0.6262433827836341,-0.5860289820008856,0.74529254616836,0.4943407130334256,0.8422467148512541,-0.8226504648729135,-0.06191576481164825,1.2531272494854615,-0.015686585422327953,-1.377607168053589,0.9931300045579444,-1.2184899518735008,-0.5459859951910863
-0.951389193576123,1.0364942804870978,-1.7366438316105655,0.8105271165983441,1.118994875815965,0.01850624656970798,0.6178418786089167,0.006216687653612529,0.2535986097701614,0.533825923903985,0.8620486708592425,-0.2501886836452734,-1.1663508730737742,-1.5940963638840466,0.484329702549734,-0.8978736088418738,0.20667714702165094,0.1172825509716008,-0.19661258630951559,0.8712539423804205,-1.8289611601918194
1.5688332721075873,1.1268255281681845,-0.7910703607546844,1.195346677747859,1.4447324506795247,-0.06444300614186416,-1.4873274508033596,-0.6033288362942935,-1.8482961693493003,-0.9103580365876496,-0.3479705704745356,-1.0795986042345043,-0.7227183259555311,-0.07569537601884431,1.4457952064349786,-1.4650659779622863,-1.0541857191275472,1.4740778253964733,1.2339235707395968,1.4560819087073675,-0.9161771495969124
-0.6515828203875529,0.9836252175887042,0.061475884673166475,-1.4715821826530457,0.7251836710064389,0.3269454736669442,0.09970341707359756,0.1324060187866707,-0.6068391252060635,1.3851591264777197,0.15813763157280833,-0.09386731210171705,0.23138716762195533,0.162456685959761,1.0769335539617446,-0.7294376489199709,0.12603870446624957,-1.9181932028002529,-1.3830953088071702,0.6715092581794095,1.4687802638569079
0.18318884490407494,-1.7074126902728601,1.471630827575559,1.2390459915001686,1.0789424860972632,-0.7833009294986287,-1.7067552835358908,0.737391381512869,1.3094952208597173,1.0752509962367462,-1.4075800218768189,-1.124832591214257,-0.8972275972793684,0.5912500481119164,0.5028631393397768,0.23407620840425736,0.9598823210013826,-0.09637503001333639,1.483055698496735,1.1859587687413375,1.9641839315752545
0.9544926336574923,0.27066336138837255,0.15992667069326724,-1.497562962253438,-1.5335706039001282,0.5196391676332199,1.0887625628537665,-0.007773528780857558,0.3732422635374147,0.3644680216032225,-1.8548559610059827,1.0511936492908691,-1.3680199772200652,-1.5936528141153974,-0.8957949539058309,1.1833304633367248,-0.563938071519622,0.5824895630148925,-0.24146979073870575,-0.5213577000211468,-0.7593295296825976
0.34036227864293345,-0.23659970439294015,0.5389912517557052,0.02651955496072173,1.316664167230702,-0.5153140042104003,0.7248579437686617,-0.2926563531721861,-0.2018273891384717,1.053841989800793,0.30124879216987555,-1.180303725616186,0.3481607124868104,0.8132054407562394,0.6963229472421617,0.17606125229584033,-0.42905710167387623,-0.22368607138369012,-0.8809998796715549,-0.6071236222458753,0.2204764740848288
1.2997386432909601,0.6442349889226879,-0.4974334489808776,1.0641739512599149,-0.2549931106063327,0.5214333514179916,0.1108931600061536,1.5330308831912314,-2.0833149078281106,-0.9020363531632576,0.6832162626881044,0.4495564259832366,-1.9069370955822516,1.539525041192478,1.5192655405717326,-0.16486964441597346,1.2459980693987,-0.48211337206513677,-0.7112230079646904,0.6115271921749275,0.18417358536505232
-0.5080293657174387,-0.35291522677130105,0.9886608148068403,0.4147399082488547,0.014924643652982813,-1.9197945473698106,-1.802749814894465,0.009336615085273808,-0.030673992420489772,1.4695489847934737,-1.2793163892912156,-0.42012723718976774,0.9264188828018587,0.7022168244634371,-0.18870678440974745,1.151153769725823,-0.36392364442557656,-1.7924531157977346,1.3504351918943478,0.14466046583877992,1.3494266850024037
1.2270389811147877,-1.4557934837289392,1.5039612821056065,1.2660245327447812,0.9787335303935919,1.1107709165791397,0.11025612505994259,0.5593251261824789,-1.8741404476164498,-0.5698170489290191,-1.98543875597283,0.9568127511358813,0.7235557597055076,0.8256682960575276,-1.8998643431017619,-0.5353815090477272,0.7570389938390258,-0.228756685172201,0.49406405394032266,-1.9224571661744718,1.140368498144975
-0.8064735030127841,0.3026185893387882,-0.42529897777289294,-1.5092631005334796,-0.9676554703541779,1.107602557783976,-1.1042422076241611,1.3806123463285809,-1.2388336100231916,0.30233946117272886,-0.15567861363922078,-0.6196070062441658,1.5801737241594955,0.1179924370358252,0.4784265167059672,-0.3994247227456966,0.7956231244657612,1.5178549439539781,1.0965342923252448,-0.963688648849918,-0.34999092490881706
-0.10355052810848792,-1.303446794091927,0.024738083186529355,0.061998308218333804,0.2927394118687737,1.390321798618437,0.7315339408886831,1.3337989754317192,-1.1844980059571852,-0.5255115916637655,0.5400466000042256,-0.6026066062312425,1.1069770431888808,-0.5060901163838168,-0.37458550118339573,1.0154078700761904,-1.9351858850259986,-1.058045287048692,0.43234823385238363,1.5431832651122426,-0.961763836923368
0.5222316393524437,-1.260418840002476,-1.6935497828183474,1.4819644056840842,1.0617710252483714,-0.9808516254630034,1.3590512355572846,-0.38676457631636807,0.9710512438274237,-0.2706329929034751,1.2007949078508797,0.7257140781430998,-0.9838499944880037,0.8087649509086636,0.7381550845438645,0.16316111773334188,1.282536116733377,1.109863560607147,-1.186083448311144,-2.045794607976386,-0.1649848452226301
-0.7315112676738066,-0.41834216404880037,0.22889872627225227,0.7093032424269596,-0.4216907796615697,-1.600460095226408,-0.021667003792382712,-0.5052951701797956,1.521932957070147,-2.0545797374953807,-1.5671218313160682,1.5362789052778618,-1.1342053016680378,0.12414780629550211,-0.4978586635329921,-0.9426127470173822,1.16509715707198,1.3225118448341349,1.4033504149588742,-0.47900447454264816,0.2066114088177605
-0.6026819893048309,0.7439781162469608,0.014963738934638154,-1.6348690102850472,-1.8444186444753752,0.9355581229199899,0.9754475675300937,-2.0218222632745184,0.33839295168641725,1.1645725649428984,-1.5669679091608177,0.5073182467702638,-1.6604583523362502,0.26669763890949505,-0.8333675487846383,0.5459577967428262,-1.9120606986140842,1.1363659838879694,0.24279318661967642,0.3662790205688969,0.21952689908010234
0.729683874364083,0.5960407491762189,-0.004141489701124876,-0.1924764954275173,-0.9593830591882274,-1.6941590876627486,-0.12738243452229836,-1.8253304865195012,-1.8382252764314155,-0.569335106392194,0.8643960448230399,1.3762583894367122,1.0395670953511997,-0.7360196673543831,0.9180776003865343,1.512852516472125,-1.8777844152807213,1.496553673400574,0.11312216095687948,-1.1983349958996334,-0.3154486492694643
-0.9670203351422494,0.36791809739813114,1.5362384173469483,-1.0563407905879987,-1.6806066933015262,0.7500278623731035,-0.448465159322065,0.8775442816672607,0.92950972242492,-0.28196522674414853,-0.6741793485603959,0.4503076818261197,-0.6306270057988805,0.9739838204685843,-0.6676602104900162,-0.4366761664728878,-1.385718423465805,0.06124147303645698,0.8588582382110812,0.02330330871582163,1.5028423497792467
-1.0302425780910793,0.5544077152987336,-0.5252096141021867,0.9429467498210092,-1.3082666707574502,-1.8320764995236547,0.06383487833813226,-1.378405934481358,1.1287852152659859,-1.3325661382378247,0.6148865250808597,-0.5656110396558366,0.0925304441639762,-1.4460045171320464,1.2093530345133574,1.1287073846852589,0.5812906408340942,-1.3919903358398642,-0.08621258514303883,1.0407394022112295,-1.8386976721661819
1.5064959107641425,-0.8107269156614658,-1.4380581022269934,0.8864738983274179,1.4738428198608564,1.10216787907314,-0.3725381364835205,-0.386296704770601,-0.8533686858067207,-1.3563322201483365,1.3949563847010376,1.4134203207268647,-0.08247601218309121,-1.8912736286172955,-0.14526647622106773,0.6035555729170382,1.4398377686617745,-0.8882876744914887,1.4827673182961978,-1.1840985901875773,-1.049285970711395
0.677256947085708,-1.1541067680399486,-1.106768715630401,0.13842175561285125,0.5754123335945627,-1.603192024934039,-1.1403401840183787,-0.2785782488946167,-0.2580409098288323,0.8913503998584382,0.9615297449107654,1.005051860767855,0.9562118645793442,-1.1996342187597953,1.0163006243625616,0.5088266474849863,0.4652136864552751,0.7903192068032,-0.01578399582356269,0.7248768809862393,-1.004667166610537
1.2171033990970936,0.5147993977702509,0.9867856346812819,1.442260230775916,0.15130058022556453,-0.5747195732163277,1.4709971819425334,0.7296973619561604,-1.4537045748243393,0.864394505675355,1.4550915534156008,-0.7177015524198138,1.4252447631696192,0.2401966710135364,-0.3604937341947849,0.07919865460385667,-1.5149708647402023,0.7425578922166728,-1.9224083279098583,-0.31881940473837617,1.9070240099888807
0.8716559472894477,-0.8491176353475783,0.8909697132606694,1.3211352548519832,-1.2595136684630497,0.5215134956658672,1.150042132790253,-1.2344604668840264,-0.8964193994402333,0.5363696140021671,-1.3099416504667307,-0.3900386732078701,0.8348089832960948,1.3580588809627576,1.0188573556647673,-0.1476335246036381,-1.2441875799071793,1.3763565339623927,0.6730755454384845,1.1366540388907713,1.2485194534759856
-0.046426544394768794,-1.007392034513264,-1.6087374908759124,-0.3085762485868943,-0.807880329690492,0.3725197938306255,-2.11291290898293,0.9890708865248905,0.4075665763960157,0.9186262413417431,-0.8529893912715013,0.9104130149425886,1.5258325475178551,-0.8337543792423566,-0.15053470384358555,0.24608674684237095,0.808684398023792,-1.5384625883220666,0.49604380309374113,1.0396231148244677,-0.43581614906119204
0.562935532155303,-1.4945170985414267,-1.6597094315809178,1.158544349929243,-1.1466782904369472,-1.268271298838169,1.1991766707777125,-0.7632495525189557,-0.3070108540163186,0.20201713638655752,-1.5351337068558042,1.136348641866704,-1.9678486495654606,0.28505872591235626,-1.944419256224737,0.10990235300591161,0.5535435320560463,1.5040953447876737,1.3931272163750543,-0.19286321399147824,0.5180843727992014
-0.5127402589865473,-0.8435482253104576,-1.5276031854674317,-0.06933787778404354,1.0447513072759378,-0.27812372944400554,0.26382270643653094,1.513722032336204,1.4100452172195514,0.18641298060582728,-0.5342713944534137,-1.6410763576692018,-0.6102786854302162,-1.910917853660911,0.9907548454404582,-1.2041343206778679,-1.0226727719161754,-0.8762350134091209,-1.3149383712064349,1.5418105670666011,-1.9409844757986459
0.8513568677781465,1.325361319129982,0.044281974231103256,-0.9356010971545444,1.398661239099378,-0.6751730297756428,-0.2538660981519448,0.8681196922801229,0.04840313837128772,1.5329752621499273,-1.8679442406524915,-0.2489223809480691,-0.3956060019723647,-0.2638473754436799,-0.07988481272387446,-1.3577736355354082,0.09245347241237441,-1.108432179067932,0.44368198913591195,-1.262228938195066,0.4450394609812958
1.133940413377674,1.3734389429698357,-1.5199558043514965,-0.8610727350118903,0.1990889090560589,1.1424918310797323,0.739485841662642,-0.6559385115890723,-0.06806885610893063,-1.1361432502963953,-0.412392130669861,-0.8605473878955027,-0.3870131606880982,-0.3297521926202596,0.40996097626074274,0.5766970846432476,-0.1462552896063609,-1.4261194090468867,-1.4293459266176127,0.14969493457022412,-1.5009878993027346
0.8196393777810037,-1.3231193261217504,-1.0248586223290495,0.7410370079812322,1.3659963751885562,0.843676681669093,-0.443057043099689,-1.1063002265287118,0.11148075405612687,0.14047865791948386,-0.41557556412406726,0.64951413033756,-1.5117522227488047,-1.6321331221154953,0.6099402951365438,-0.999219711238189,0.16821394030786843,0.9196931618697023,-1.302305455120978,0.41304884334904707,-1.3298207065873402
0.5547064317182965,0.6716102506012024,0.015012215009102612,0.8163957671622716,-1.376754450273171,0.8323857996732481,0.24969037490537763,1.2254882677588173,1.4560648435077324,-0.8094387400770995,-0.3024101851793723,1.1624046563828627,1.447630530927116,1.5503229456469123,-0.4230442454074307,0.6365640282892282,0.5310276476061467,0.5190136170012885,1.151550204443534,-1.166924291134468,0.9401123414050077
-1.0645452357477792,0.8562747078022689,-1.1514807709711823,-1.0663897729061402,-1.228914585179275,0.844126975772293,0.8532931903774005,1.2119403111372833,1.3351423274912733,0.7811582864099227,-0.4674629737471952,1.1153871480431852,-1.0448065876268735,0.29464506248413225,0.23782578268134127,0.14258910383181583,-0.9611867201279867,-1.805208100428636,1.487609675636055,1.2281732204735087,1.2405044374940881
0.8550787798325612,-0.42905514826955404,-1.5218310290961028,0.8599492514276644,-1.6866275638934316,0.21906183005609375,1.408334269463154,0.7634168291604235,1.529795666138836,1.4450116703808502,-0.6356890003857211,-1.152652278887477,-0.9124632544989817,-0.01379169420426138,0.6613210033576215,-0.7827438511878937,-0.5196164615546924,1.336013024749959,0.5789185222109953,0.9411943935161581,-0.7193994766717619
0.8740976043202789,-0.09920513499285898,-1.9460826126797621,1.3548573989226673,-0.19842463478157035,0.7321148528561563,-1.8393685517115095,-0.547040399501543,0.4528956255177565,-1.279169221628825,-1.1873015367736535,-0.052266725684022804,1.2229758038854068,0.506063502372262,1.304125543077136,0.7487347575433977,0.3880128321815212,-0.20173740604067553,1.4485496961036983,0.1375005215776594,-0.8795693037434827
-0.3180270473029309,-0.526846793451265,0.6272395295221171,-0.15245725595852086,0.8273175283028303,0.5985052694510348,-0.4311816888832736,1.2958777921415907,-2.0551115429986644,1.5053512052904812,-0.07345182200104318,0.06795449600807045,-0.9355381705675445,-1.4598661441951246,-1.6524204715830213,0.8023459184240904,0.3357002786881531,1.4524493562725027,-0.3953135165187973,0.3548737857022261,-0.30336451151043153
1.2777456348538323,0.622939051119727,0.07347486237206041,-0.7074855060093314,0.04127504656468227,1.3461615946204115,0.8751110067783981,-1.3077561107403455,0.9588459979611152,0.8460773121910748,0.19638990925627808,0.5963546090305373,-0.2537234271273735,1.143252112311646,0.2139511749729001,0.38417838745981153,-0.9146357234437579,-1.838880109292698,-0.3880600696919641,1.455794179343954,0.8602113600565355
-0.3569878664608183,0.22356934978218443,-1.8497034187980148,-0.40895100015563074,0.7298022801986599,0.8318660537589085,1.0659724466922855,0.424347803583856,-0.5666281535217713,-0.3927935772158566,-0.46747381081547223,-1.7063385672784956,0.04218044625972914,0.6979354000229948,-0.6705988724815144,-0.47231484487399567,-0.3848332146256361,-0.10306292976134065,-1.4179919231723046,-0.14066792519635882,-0.6759477541212138
-0.19427506475692916,0.7320719030400914,0.19192389088216807,0.7265539207515125,0.2515283590953791,0.321275549217687,-1.2667192971946626,-1.0579368717554962,-1.090270947558886,-0.9257890548054365,1.088282360110085,-1.4186444376208625,-0.3345654002609372,1.1122641912725537,-1.540166312959126,-1.7804454848705296,1.0341114210567606,0.25436219004754246,-1.8512428131749314,-1.7398316696409608,0.6971513979782086
1.1320495775287682,0.8078418797639988,1.0110425756374584,-1.4574755882614845,1.467725696310381,-1.2032271124056855,-0.08292382111737194,-0.19546102715819275,-0.9759516136624429,1.31056203435977,0.3733694339569565,0.5608796167621295,1.4246246183179767,-0.706115322250036,-1.125582815391664,0.9201948839780262,-1.6913712075985134,0.6559830303541295,-0.3766883148516733,-0.6493725057332876,0.7700952359170695
0.18362465195005478,-1.7023453181011778,-0.42530441474041203,0.5838409346705976,-0.21872722218435872,0.5472034082012365,-1.9164176085363032,1.0488958684296088,-0.8605411600012871,0.1045141518481162,0.1951389547253107,1.359337441517408,-0.7259255322302689,-0.46527805094770447,1.198189522216381,-1.6466197281630013,1.3585296033560834,-0.2667555400143855,1.0220719475355116,-1.5952423339665442,0.5454271600038498
-1.3258156358627318,-1.2382941490262442,0.4285357122749718,0.1682510398973994,-0.24336511455915155,-0.5253289470702078,-0.8882943975254434,0.285549757972255,-1.789406200518328,-1.7141315104399049,1.182967550434577,0.7075496203339219,-0.4515981555547492,-1.072393988032308,-0.05412451727131055,0.2727646605343034,-1.0242808327903055,0.10616422170432688,-0.6998471921047604,-0.032995733381431136,-0.35354850582236746
0.6500198360165815,-0.40601075021310873,1.0769359704681587,0.8819870974967416,0.5343865695446787,0.2885068094673016,-0.6522386059012752,-0.05350252645198722,0.7237586388714752,-1.4087127973203533,-0.4453070647784313,0.6408607901246692,0.34767928539237714,0.72365815511957,0.6226403584855026,0.03962312013882832,-0.2825493287655987,-0.23585655535420016,0.8204977987533574,1.284137776656643,0.5769535253106668
0.1049399294666349,-0.5602467203955107,0.2282016655906713,-0.7622951880436054,-0.12793665388914927,1.5365366721972693,1.4446815174448266,0.07306377412988628,-0.1329817249097538,-2.0184998935767267,-1.219938644413259,-1.312379119942381,-0.046550967958136916,-1.0125751997127908,-0.5178260875278097,-0.9294371640929048,-1.1217735388614345,-0.500100919438902,1.1530164643159837,-1.9693196518904406,-1.2730291885060883
-1.1129812675092698,0.2482167843564652,-2.064250243647974,0.6949886329168407,1.5487417606322833,-1.5213268257901704,0.38694089235542667,-0.24546546834947688,-1.3125760466002039,-0.6727512770078449,0.03581300126481166,-0.7448830116446987,1.2808953213907008,-0.2609520812531322,0.8609058312062885,-0.07427616585843867,1.0299789833287638,0.8230732509648244,0.10569313029249866,1.227403553538893,-1.9681957275468003
-0.6920855847109004,0.4308236574266481,0.33550445316148786,1.2514515523805287,0.08973971204488915,0.23657397716059825,1.355609082508869,-0.09593210077951642,-0.03936033000722856,-0.4450434004611198,-1.286480057679361,0.0945969165850409,1.2480862703318931,-0.6666485733568649,-0.6606193195621753,0.6028275427148371,-0.34347996787639135,1.2932274662730596,0.8279563576051384,0.01897305236446331,0.00387613912262676
-0.15979100529974108,0.40940339955013894,1.155477421575899,-1.980746608357579,0.008622650496853268,0.36253991970090177,-0.37100370913490865,-0.15341170550961794,-0.3568885629802719,-1.8771263225004688,1.1828037570898406,1.0442159300733234,-1.5427912993381818,0.3157754199928351,0.6805929373520154,-0.0853788766988564,-0.47774464443465164,-1.107542285598351,1.3170044903778042,-0.9978376997847133,0.5334583431124524
0.3529502749020423,1.2282919163673165,0.25544910208108773,-0.5818628180639012,1.5268738938618944,-1.7151012566987656,1.48790760833797,0.03907945001973414,-1.4897931218943619,0.9794266249114394,0.8071801675087054,-1.8223073007313173,0.8758114961865197,-0.4133054622894452,-0.6565389895126208,1.2159685297906242,1.1223447042978998,-0.04121198214154423,0.6786150585775038,0.6530686481053872,-0.4743054806192343
0.839406368999805,1.3180707480109766,0.24277531590282306,-0.2964132176422885,-0.746908235488383,-0.10564001780278098,-0.7878380860081479,0.9238443884249011,-0.6542582849378393,1.526508304406945,-0.39389992241027433,0.8508764994704988,1.479594732835,1.3715862036201594,-0.12263404131414735,-0.03957589417140632,-1.7252170244799654,-0.3356177171205131,1.2579739818249345,1.4108071575042207,0.14621808617112322
1.2041297447851982,-2.09068536716326,-0.6935084910753442,-1.3251461029855738,1.3666138343183365,-0.4058385551179872,-0.9843735659610816,0.1123675586935696,1.5356408358167877,-1.6466929340004177,-0.6129811537026959,-0.4344573353389692,1.0310728084981517,0.8074406768502,0.08617822760691923,-1.5051748078456764,0.23384827329799654,1.491941283832021,0.5979336982286328,-0.1534733568005209,-1.6691660834443078
1.559486198736523,-0.5948739558060923,-0.6446275668070084,-0.8598023542019628,0.7211561373393662,0.47430015872762216,0.9484502845143922,-0.6949922151562709,1.3806400978775346,0.9829456032223666,-1.2647987965446088,0.4296557534901794,0.468543254051556,-0.7097269965379048,0.0352432453609016,-1.155968816218813,0.8204266710333499,1.4686373042242824,-0.9575888470025762,-0.9897182692905129,0.17140962776100901
0.4845439692009395,-1.1751188305532407,0.6055991145317561,0.8553052235130211,0.6521037306782966,1.3763715171126347,-0.8594638787925807,0.96247016480049,-1.2016874488317335,-0.3300004377819318,-0.13177722846218573,-1.8425609132118228,-1.0858606079869004,-0.5897005376019642,0.3891483347669312,-1.4578747383442054,1.4490354846284486,0.16021794691580868,0.4252081835062035,0.7132881001828867,-1.0454280197076034
-1.1257495225793122,-0.39599200906437304,1.37029785679034,0.45155035739589344,0.600242332125353,-1.0849021054194505,-0.5214873487874521,-0.4351610449947687,0.5656821215869741,-0.5498214117247163,0.21467207227770752,0.008750576132579594,0.56549576160299,-1.1021710631381214,-0.27688068581194275,1.2414842478393822,0.5704874803522441,0.2188028653761596,1.3472140433828732,0.5731054412781448,0.8135474268852608
-1.0398745164808727,-2.0159122350510965,-0.9140748876504372,1.2346133696990096,-0.3162439411738848,0.33325499652944557,-0.16490153122606666,-0.03238351253902235,1.4825546157044218,0.7466928512798817,-0.3314430925647151,1.4188862623550134,0.2445512073291906,1.360484866116425,0.22035648419673293,0.28576953896976465,0.10502109873580098,-0.9074302959271284,0.9758837630590531,1.283265583818647,0.7907429408769969
1.29063187827215,-0.9896092723384857,-1.2228691242071488,0.6223211668602721,-0.23899274560025174,-0.5025852730085417,1.4558999234252938,0.8145932836392508,0.040306507037604286,0.8410303210715917,-1.226699687716129,-0.5438461394735538,1.1566553604811842,-0.21582324355554725,-0.45322812869011475,0.23991726266213997,1.2626808280446828,1.4383803790163077,-0.645868693937441,0.2347598158664003,-0.49067732113884066
-2.1437304326781095,1.4814715272403016,-0.37811646446149627,0.5568760693421205,-0.12111270779031469,0.38407891546863543,1.0162881904551833,1.0179786155682746,1.4329079651180456,1.5424575131095308,0.7496578634966254,-1.4142680464576085,-0.1877504421888009,-0.13636519962920546,-0.6876607208581281,-1.592746208271855,0.43620202261749574,0.16824996975500695,-0.011543643123459289,1.1533500005716233,0.028050544740572086
-1.1587700739720823,0.8155638205976198,-0.811098938834818,-2.0464562213538517,-1.2386850365848174,-0.7205820796524183,1.1669404230176583,0.040173743920823755,-0.9911039561893968,-1.9035865497545856,-1.242609207470529,-0.6977705381235976,-0.14148734127269694,1.4078568677747698,-0.5244183702664116,-0.2977585908510209,0.9110192031821537,1.349233263066043,0.4131459948784401,1.215542283644107,-1.6020529191374933
0.22149482188204964,1.0354690374073474,0.2110962465782857,0.5048599642996069,-1.1882337167793706,-0.25451707551689184,0.4848878731542022,0.460722602837464,-0.09407294030209135,1.5458712405574606,-0.36326911151106933,1.3173569406640213,-0.7532831283708321,-1.5411821949465005,-0.2300954089319885,0.170314792032762,-1.7189632458768154,0.020967879572825893,-1.7352815997022102,0.17550212847533544,0.2240413528036211
-0.03681035367586312,1.5269075715979286,0.18637520934275223,-0.6931999978079817,1.0245351448959346,0.5180225278814875,0.6123845739851423,0.8579985295054136,-0.0009944371669069437,-0.9860457348807504,0.8685890038290268,1.2488034749099743,-1.4160810989847394,-0.8223723404930778,-1.4654452369464739,-1.983823632074846,0.2122373887218056,0.7990310966311717,-0.4915061779117027,-1.4851418925290696,-0.6562772271465768
-1.3346523022007222,0.35588651826985357,0.937666517113522,0.18659180190637678,-0.3835188022764786,-0.46978589958402855,0.10586388262728798,-1.2066763784556735,-0.38227563338210085,0.6083984925722297,-0.7017773348100605,0.7734345627423946,0.5430717474207694,-1.8624305906475942,-1.9678955286829254,-0.037458452000552526,-1.242765305754879,0.2550063163861577,1.1180148785496682,0.540149393117774,-0.004902586010217262
-0.8507677108300761,0.3590949155549185,-0.5468304595655996,-1.6416085719446774,0.6975586308772844,-0.4313266294666564,-1.3911295713413325,-2.1632702670435897,0.3086210565202001,0.7912401493446989,-1.4315637195524884,1.2528702504994953,1.3701607532211124,1.5429268204190374,-0.010640810752458945,0.04236251961390922,-0.6701129554986481,1.4034950994456943,1.309646204601215,0.09050707561572262,0.7148653048241175
-0.5625228988457305,0.9960533584580779,-0.21054622569880105,0.5855010806523805,-0.8637992112369035,1.0755944824415318,1.2128106294476753,0.46255987131070747,0.8175878969017286,-0.11139882575832522,-1.847061315948223,1.1459520929702056,-1.852611482790146,0.148624437228125,-0.8864744211022605,-1.881710618285466,0.265324498282962,-0.4597283893667643,-0.7696362743068127,-1.1265563249491803,0.2746558745128262
1.3861296809540935,-0.24481012928402104,0.5271120871612506,-0.05832547003199079,0.6760095070587532,-0.8934189076866117,1.406850193957348,-0.42561779347140055,1.220072781840815,0.16341568016382393,1.2340763084828936,0.19417383077484154,-0.49497410566010913,1.0278189342925967,0.6736087297285923,0.6729220959684351,-0.1327311951394674,1.455717034130227,0.09639547803461583,0.855895998621262,0.8396343701073798
-0.6569555492136545,0.7297436061365511,1.1550909819954809,-0.17073216065545072,1.0141350040990207,-1.6874717816523654,-0.9029531065531595,-0.4336692735402842,-1.763539238458841,0.37882139767424666,-0.015782791415105548,-1.565908109387612,-0.6483101680770857,-1.5355886712038282,-0.7516096801664771,0.622122383702753,1.0200838611223375,0.8804668173849343,-1.5292863265481562,-0.5764124638586459,-0.23676090680708423
0.8976418966545796,1.1363781643760573,-0.009363663200381657,0.6838083303927818,-0.4528357288288979,-0.6800905048837655,-1.8760340539692861,-0.47805403769485183,-1.8575925793026706,0.41855252509312735,-0.8123992551788604,0.19552287144471536,-0.9735659013616853,-1.774351454485309,1.2096616383343772,-0.5720471562296671,-0.9909212051389421,0.6894590422900746,-0.2786693021291463,-0.5849788645389384,-0.981181051132568
-0.17160510320571917,-1.739326117803217,-0.5927907478646771,1.046382565617257,1.5214121708586013,-0.8269210230946695,0.11111933311831469,1.3778423094902865,1.4105284629723749,0.9439886872971601,0.9656951774166933,0.908597364263965,-1.4757648654042363,1.3968073892396633,0.5946612973514759,0.05435013013112951,0.8281020968740048,-0.9800222577029556,1.2228035765547778,-1.0077470086634954,0.7503504343414662
-0.2931200534770343,1.1854863093271046,1.019511968327508,0.25590198470953457,0.19405983710732813,0.8103613540368049,-0.8756901070246818,-0.17484988710217786,0.9029703701001648,1.0490384346803543,0.9276286750678757,-0.6974154539723106,-0.31910130405892606,-0.29863490067933085,-0.06693940286886255,0.7083522972046574,0.8625771767814707,0.3437325373193011,1.3747825827331361,-0.943454459742216,1.6447891652577613
-1.1772964106518804,-0.029757946078713342,1.4858582279986658,-1.4287077470170073,1.54259789580043,-1.5864293581393196,-1.921772551756668,-1.7109246175536361,1.0609647178401407,1.4791380218593626,-1.3614770504550824,0.6761599078679087,-0.20918391745906406,-0.5716788215240315,0.08266242397943359,1.3113480134205877,-0.12348112301995624,0.8071452766953291,0.8209083715037496,0.8247891233308856,1.3476615714671671
1.1379451409758972,-0.3568340945932398,-1.3897165596625531,1.2895651981680885,0.3285770350371986,-0.7748939555820519,0.8917657441747461,-0.7966218643133791,0.346466314316375,1.1747175130388154,-1.0095438467679612,-1.1918466631099331,-0.504544024640362,0.13955901725874478,-0.40711310844846427,1.0671874421689824,-1.071196297229084,-0.7761090922165779,-1.642332632965076,-1.5353190604058489,0.30172320128686864
0.725929311139787,-0.5384319697512874,-0.049776811071316665,0.46269862574161996,-0.08569622857786587,0.8530591795696888,0.9552144438355819,0.24213870861284675,-1.0462887308727504,1.1066861399835242,0.4782900757295759,-0.31358369763035,0.30881712707250697,0.9932435947798084,-1.2899229159458583,-1.6178536156228351,0.25984359265897017,0.7902849253361145,-0.7073567272088814,1.116035000321158,-0.009453593925705439
0.7395494118136053,-0.528385245951364,-1.1844921909012351,1.5588900988639758,-0.9486981830680202,0.2341816627931408,0.7663532876842696,-1.822875774070503,0.2821192173437048,1.2066148976817064,-0.7026866502630228,-1.1242755948974572,-0.20772624111822696,-1.4400631260157593,-0.4996186766599809,-0.5802420343837472,-0.9092722503979613,-0.1085904060719386,-0.8566211832418299,-0.19435749539923414,-1.7047054698479385
0.09583059374064183,0.23895918121382406,0.39368887951592463,0.08081922281240415,-1.1125353297439782,1.3252151613477527,-0.5553901813816035,0.9160830066728508,-1.5034555878914448,1.196578268681941,0.7858647693451128,0.018510573491031374,0.09651146940240966,-0.9671777872685715,0.9229569321035479,0.41383812753386456,-1.3710614389167453,0.7406948468483383,-0.2596558188900552,1.2144416717302273,-0.4180247217091648
1.43357853302286,-0.07947672922268056,1.0210771502530598,-0.5534274476079132,-0.046275652065987154,-1.6111305054042278,-0.7002418974363097,-0.6373229240122883,-1.816194622843262,-1.1810428935834092,0.1302650028593651,1.5371225972338787,0.6476615060557196,-0.9834891649230356,0.7804399491515264,0.24399084002693594,1.0279271966149006,1.2762046237843925,-0.6335360203852717,0.90907162553702,-0.05070019509344925
-1.495613166712824,1.1989585394711126,-0.3067972320451448,1.4098434629290149,-1.337523855463992,0.08368636504024433,0.12098677312382831,0.36131062421287025,-0.060768092319708394,-1.1569195379626098,1.0873608548594251,1.3382500441871468,1.4928434154037065,-1.1577097470641546,-1.2661767364579202,-0.7294665636346502,0.1456272932894219,-1.497568648437697,-0.4344411088611413,-1.9998477573493878,-0.9394078889005842
1.470103371419707,1.5019408464034731,0.20624412963999775,-1.431750209135952,-1.1185443884101232,1.1950885377370408,-0.6473012143932708,-0.3842820204275378,-0.10032683026035123,1.094944661546097,0.47227436032167264,-0.743539135482661,1.3246967890253278,-0.057399377120647445,-1.2597334571731553,0.07701492449896019,-1.8904524525792306,-1.6665228832764505,0.16474975251413626,-1.127324046760673,0.7645797250567413
-0.23552203029879812,0.6037869326530914,-1.1151972837899589,-1.661139499702043,-2.1861726416158316,-0.002876810602327091,-1.404449254440754,1.1998560291561293,-0.6051309117975575,1.2239597853695297,0.37819611674388454,0.4384874983049985,1.5648918974570925,-2.0766697172043074,-1.4388000835763017,-0.4349044821988979,0.13632296998716498,0.19169298313024197,0.08316645601498238,1.1897599955190616,-1.4671126770446858
0.6187480580305725,-0.8814669539779368,0.27757635980378037,1.548333706418255,0.10759699796624876,0.8530575633741605,-1.165172871233234,0.2676160887367436,0.18108332524686066,-0.006591164350018648,0.6280948554960172,1.5627083642504036,-0.903099091960956,1.4709681690972016,0.3093393378859528,-0.03321171214063453,0.9623845642373549,-2.0743666606761764,0.6588147947124439,0.9708202221003942,1.2239190043197863
0.35879207006870484,-1.6642656806243248,0.035400480300790044,1.1425880986955461,0.41540296353772577,0.41593169789817047,-0.13656332552402187,1.1184802846900024,-0.8142620122944694,-0.25890606520717335,1.4408030292656289,-1.5913753761727676,-0.09363927379987726,-1.262770243324892,1.1429380012251487,0.34200058210791173,1.5776279765826635,-0.05292239679047277,0.8219078711456376,-0.5718766407120582,-1.6308653889893678
1.3415138294092432,0.4560757556270802,0.644123089813233,1.2041149992894284,-0.9238156480179379,0.24718060902663594,-0.09329959862161989,-0.749005544060237,-0.4716606480808053,0.31576636297088917,-0.7242173928279843,-1.0740422421651137,-0.8001592854321711,0.10385298382498731,-0.8569851426500646,-1.1350276558773442,-1.4682538257795081,-0.9270454495023145,0.07120403395739179,-0.4210761225535197,0.19657847044487745
-0.6507223717965707,0.4992228392915793,1.4254850454290697,0.817274383366591,-0.2580855446615633,0.8601245884627512,1.3023736330407905,0.009074182258026026,-1.7260431387574682,-1.808764590745558,-1.1320443003804928,0.7096712248128143,-0.35464993049738414,-0.09058730277344362,-1.0881908855059064,0.06097760272440613,-0.2535607079125893,-0.5087092114503496,-1.5044473594482843,0.7868182520793906,0.5368035152693992
-1.2417916923095058,0.8389438847303325,-1.7643190564433215,-0.41761691300189535,1.284719829928956,0.15343984343043696,1.29870842224918,0.9939907127509319,0.9618729642164363,0.275308889188224,-0.19520276449063306,0.332227786669567,1.4150952637673442,-0.23390208783121333,-1.6764209394988616,-0.33106459971960395,-0.12700950990231374,1.4485960918081096,-1.8202534656726137,0.770550646218816,-0.3721130392308367
0.6857635968477443,1.2247304513032518,0.9943705416903235,-0.20325924494112568,0.7186794137768057,0.33340283685327915,-0.590650035330176,-1.9657168907868627,-0.07330620360501516,0.8702346674119289,-1.273611390164794,0.7550794418192422,-2.0691236946205196,-1.6334864607758721,1.481760243129808,-1.929653619138491,1.279085292235055,0.2036335350015733,1.1338646267975252,-0.3820802036503168,-0.24174061727570595
0.4657176372825747,-0.2031839760750739,0.7060478647543136,1.2528650433099424,-1.1672763168264075,0.5560836663781519,-0.7210907220009307,-1.5118393385629285,1.3344613751227805,1.515522618112215,-2.0899876024464956,-1.6410228755591212,-1.8833122921512688,1.3541685118841778,0.02459837969382979,-1.72188613603478,-0.23638004114957673,0.6248026594187562,0.06749836700573467,0.49221275686404065,-1.232564074482538
1.1961354365123997,0.005971118746257415,1.5463269429360003,0.17305301486609193,1.5080979082008534,0.4776213134257528,0.387434644572561,-1.150024467720104,1.4372440806046607,-0.9583635593050065,1.013471533018853,0.08304174265316208,0.10747115214166449,1.0999266526375022,-0.9121747082744238,0.8339382564972222,0.7222642498564198,-1.6962334935137102,-0.9204603017593388,0.5758609237294692,1.5977038197841948
-0.06351571279147869,-1.088937249627886,0.16489650565446862,1.557319713909135,0.7149793724055167,1.1412509899550864,0.9389055043553484,0.7558465148900062,-2.0413321954233483,-1.489200944724275,-0.7754723916630356,0.024100234350325267,-1.8671118250845253,1.1536344538602437,0.2733620510740677,-0.46404560949826196,-1.2044824568949173,0.4732139262806176,0.9418753691675898,1.051805898114046,-0.28693491303709306
0.8115358153956349,1.1866583838233449,-1.622023956957906,0.35130040872167745,0.7822979375623257,0.24607708465492234,-1.3901122255720342,0.7026009174545755,0.18161521093290414,0.9322709599692188,0.21641223456752925,0.6669297261533194,0.10731250282708192,1.2706668164885213,-0.9776110406854883,1.3432418473443875,-1.0772182893290891,1.3782279775411783,1.4331551601333081,-0.028130447712282878,0.5194805113119622
1.0911421546046496,0.872824708681249,-1.2400841993475722,1.2309332236405417,0.19560659044309947,1.0735937255850032,0.7005178318902499,-0.17000815759921156,0.5099668436199929,0.8469870698624605,-1.9576341654304703,-0.4162235383035739,-1.102002675824068,0.09818704848727644,0.8265552355851823,0.21554619055605712,-2.0009397015123422,0.056196941546274956,1.2899297559678553,1.2125538605877064,0.1270924197748193
-0.47215180125116396,0.521179170765575,0.9403537638299866,1.5282842546362934,1.058198194289827,-0.26918321613650936,-0.5147653523473508,-0.18492094220161207,-1.0069630296800969,-1.1728132637040016,-1.7293248438985303,1.0526234007866935,1.4759113860534268,-0.8057929297892348,-0.8222639276119635,-0.7720798481477628,-0.13474163597308259,-0.1421990543908034,-0.28305154882164263,1.313656216148527,0.17034876180890665
0.9129164626617691,1.0290549346590867,-1.3174801994208798,-0.3154316363599288,0.6546808604130003,-1.0695551219110984,-0.29127909523979384,0.5308202685215926,-1.5883673954832611,-0.5752766805922783,1.1886228612039187,-0.4326638920345227,1.0559946899550428,-1.8108241031208634,0.19574851967569254,1.1032830408373353,0.47193013883544027,-0.5540352610440363,0.8392423226534932,-1.8196630646809953,-2.0702624209366607
0.47546293164746356,1.45338135428668,-0.11405499682545728,-0.4683494247823222,-1.2636626426080995,-0.8729251015202432,1.2165093796783575,1.0766394939287502,1.6094217529499928,-0.5337215943209901,0.9723807720881259,-1.5937359162178675,-0.23314614710348494,-1.0152075532848894,-1.0012864280176952,1.1599304990873296,0.9457121851604461,-0.08396765799265626,1.3043556524476725,0.5147290544740896,-1.7829481311437851
1.4894347948175248,-0.9808041457198361,0.7367209344813018,-0.5337666626477353,-0.8209436305041813,0.4038977500368937,-1.0732130734165835,1.0201475729565297,0.04283051115220709,-1.5543165376017873,-0.15821866751930988,-1.639891994140215,0.39840945841146497,0.32538813507649367,0.7483007092927701,-0.7461234177464284,-1.7631925650663804,0.3460734787220894,1.3418204225791295,-0.06854441703584069,0.05433588292473615
-1.418886350671445,-0.019912740519150412,-0.1088991918122464,-0.8285369754733303,0.09557233753431835,1.0861649251488068,-1.175729786778368,0.4071803902598054,-1.5145264609508273,1.068793795498564,-0.22654426137135297,-1.2042892276672659,1.4647478639324851,1.4979544784185437,-0.5181412612719261,-1.1804269736664474,-0.7845336740128176,-0.8886891025206193,-0.007343785163902797,0.6046497588388778,-0.6133526668203971
0.22984631600025734,-1.203531297419578,-0.31353679034003157,-1.8970132769024135,1.040268668039954,1.0350872104900506,-1.3302113417431445,0.3849097226493154,-0.0037344194982602205,1.2116666033157415,0.03707077846737767,1.0947391482723055,-0.7256335152808694,0.7145097601790851,0.15759968494775714,-1.4761683775027254,-1.6621141180880195,0.662375478012772,0.1128267066668432,-0.28899327515020007,0.8781854612855445
1.122655920057195,-1.745490118876113,0.88403816363307,0.021188581746471986,-0.40836704482278613,-0.0574156704485037,-0.35984614239112156,5.1550970006502685e-05,0.02446602979504925,-0.11695259414924872,0.5511496429502102,-0.9915548607042488,-1.5157366716277794,0.0536197345743667,0.7057429685423714,-1.9761325874529845,0.9444571168879725,-0.9068788386437616,-0.04000819027670182,-0.8436869339216971,0.08617354687085765
0.6917548465555913,-0.3991598679356231,-0.1033300872324114,-0.7121293330317334,0.1453883529222186,-0.8318712425001267,0.11732237569302727,0.6197621145603757,-1.96607689450362,1.0531139561971057,-0.771290448528584,-0.4804914560261753,1.271060406476575,0.07568884769750207,-0.45895295024809063,-2.0234184788834106,1.5667221564542615,-1.9858564925928783,-0.3852043399963008,0.6347277677762602,0.6796142900522794
0.798785813354178,-1.460023564084704,0.2883737370478887,0.5211554331003256,0.6230068102111352,1.3112814516412945,0.26210276214357464,0.6879179311311162,1.2939188709334155,-0.9669087476792341,1.0394684711650888,-1.107517470786081,1.0395418185649348,1.4113396025524285,-1.417247477218005,0.8154940140673963,-0.3567190953171415,-0.8251145934853118,-1.6798908613704258,1.2521277439514615,0.07161442223452917
-0.11950583516495153,0.6501534155343077,-0.7254176453393512,-1.705974953220475,-0.07378995687860232,0.08596404291063914,-1.516317369079402,1.0000089041221933,-1.453043771311935,1.1399405869141113,-1.6718937075092946,-0.8542203706473774,0.9384188908941316,0.10652635541169722,0.7970916307576932,0.593012444539866,0.6672784814028916,-1.3243536056289125,0.5651068226379716,-0.2645675224544226,-0.5261594948522339
-0.5302890141439212,0.4115512960132787,-0.9847649059846126,0.08295552972411552,0.6160519369984102,-0.7139103029009568,0.7771265478080693,-1.4744865090682167,0.3597306472738448,-0.44795131265149274,0.1488290832275652,1.1317833835866853,0.7297043494539687,-1.3923761712661489,1.4345748950924284,0.09548675143864598,-0.08589730586078664,1.4013901844913643,0.29634409017547025,-0.6241615602171017,-1.4264118550706741
1.5235883041323113,0.2661070506354162,1.101200899393985,-1.0475007716440603,-2.0259983160116017,-1.2109100726949933,-0.5303951827388798,0.03361832303043143,1.2900168350458319,0.5880003411936281,-0.47738279105380194,0.8202852907375002,-0.14614259057440235,0.2389596956526625,1.2240566242713538,-1.8633604307651386,-1.8153273241171748,0.7355812282947974,0.03318568422027893,-0.45590034001643015,0.8565800462848993
-0.2981257498190824,1.1998913280172727,0.41388450949715155,1.3657440660765188,0.03326008930232385,0.39434138915653055,0.7829877726376695,-1.3156316218577853,0.6049792523816802,-0.5475439067922515,-2.0102320275774552,-0.7131390079221779,-0.323328495529327,-1.1424835971617897,0.270490838354364,-1.6580295340907334,-1.9265374194363996,-1.983196678831852,-0.4914603274725452,-0.7785900709424954,-0.7793487496997614
-1.6955211322846806,1.0398367080383806,-0.3827883899258938,1.1658688778856117,-0.9771595299706521,-1.6502878942037904,-1.3027854879074294,0.47556594547005876,-0.36970975468640405,-0.3459806133897998,-1.1239939485894928,-1.0813373035074176,1.4601205488878868,-0.8951655789949102,-0.9422955702650226,1.4858585449194415,-1.3225925079399525,0.6712595875132238,-1.4207114952871214,0.7236588186678675,-1.0064831719998129
-1.0037274277121195,0.09820935417669936,-1.2931918288833129,-1.631980088823443,0.6110339349764824,0.9518225779773599,-1.214160845298232,1.346018280302769,-0.4339447071346102,0.1673140454120156,1.1257902123417733,0.08576743653760847,-0.9378163220680362,-0.858136225658569,1.50849418778546,-0.348168753920889,0.6431030678468856,0.7237214225429635,1.3023416548558502,-1.76119545061478,-0.8268371669448651
0.2815592992215123,0.9484062540987125,1.4660306636037517,-0.8264303587174666,-0.09441185185066567,-0.8070095767536521,0.955721229848515,-0.34118847960259174,0.04864960574920979,-1.529097689950544,0.16635239177227,-1.1737805705953754,1.1021365553635671,0.2724458945762807,0.857273204022483,1.4381962045778254,-0.26108955201087336,-0.2986313256694142,0.34285242955100104,-0.440654961494367,-0.2329673741801533
0.2945186301703479,0.6987749870268751,0.6139547278312794,0.38489500737872456,-0.25894523864347346,-0.47434987450509714,-0.3379121303018761,0.9353018222648275,1.2776048105418392,-1.5443970746731146,-1.5517639742382139,1.296068928378845,1.2972505143863244,-0.09323832188840597,1.189994768875357,1.1220517099588971,0.9601465524367438,0.7992929559667538,-1.3658202427273236,-1.9763493446215135,0.27984453967457046
1.4314842039479254,-0.5024640491973404,0.3751969979939965,1.5202926435417259,0.5284300627043905,-0.4633550515782738,-1.0581001418047258,0.40307389937526683,-0.9469197740333662,0.9437077379851107,1.2735311318838227,-0.8194193902384307,0.3694775489756497,0.708554031733952,0.8772398165475347,-0.37727187503529136,0.8386916403623076,0.6845961105645071,0.3708568397331779,0.5296583190973085,0.6529456164125543
0.716757842872085,-0.7937234070695783,1.4492307110781826,-1.999946170187107,0.14519339298367911,0.2404327091551833,0.5504764456665624,-0.580929048085984,1.1946840516733193,0.23675034557554317,-0.8429346738921051,-0.5545381159328877,0.15611990272646864,0.1479064587072816,1.227856582258197,0.5300978700789724,0.8374446772989674,-0.2951820929529856,-0.27964608041843664,0.1905464682291654,1.5245995009359807
-0.9771753704022672,-0.9060246736761802,1.1293134293073335,0.8815723643390904,-1.1616655721704052,-1.0107792016818564,0.7054231651912044,-0.03174484566718475,-0.1349645900177711,-0.9796107362400424,1.2659392295046954,1.0495148266530183,-1.0542380758683778,-0.19633710201964835,-0.5369715228398395,-0.3097509769488994,0.3453434489378164,-0.552403934154763,-0.825838961552148,-0.796159310495462,0.3080129281840691
1.1937144335670098,-1.5110484742138712,1.3636727512387186,-0.6868628967558617,1.4078169543064247,-0.15426088255259676,1.5330603175201687,1.252947030053876,-0.06746206416124831,-0.7282151532220813,-0.4683085397266432,1.4829093161981572,-0.8129982745787755,0.08906874385038495,-0.21775676078314088,0.7667127119248716,0.7741558558320385,-1.112797423871314,-0.549860669576689,0.39043147809821416,1.09822139648414
0.5490688564135792,1.4373290396519254,0.7934404115320108,-0.17577266000214778,-1.1153812933468272,-1.1353189337406768,-1.6814669631060435,0.700630738400104,0.5761810223379732,-1.3674856037551695,-0.42000884926072496,-0.7951135697893934,-0.07517529998591303,-1.7499586080784189,0.9008637696448435,-0.7075437615548666,-1.1787499876365815,-1.852106190171166,0.203822243784112,-1.0340429618252716,-1.2351459545403523
0.932670638664763,1.3817374406845655,1.1383835439097816,0.2976916491995737,-1.8216939054146557,0.17118629020156542,-0.4475581769399229,-0.24965735003914075,0.4858835238499448,1.0935816288599463,1.193462628913392,0.03479130463490428,0.02866647895235321,-1.372576846816881,0.8154749937535973,-0.7599774724077061,-0.2911782704456416,1.2412025844140198,-0.7595324770460384,0.9408111801789513,-0.24095719456152762
0.9102844468103575,1.5520635995769227,-0.9643378129076807,0.0918920372348395,1.5180729648608615,0.37227377417474955,0.25676756164511827,-0.1441015540072469,1.2939220321574678,-0.6704902333633896,0.9969522913434498,-0.37315108787665796,1.2035750175624507,-0.7783969155915107,1.4775066851263055,-1.8581503423702839,-1.9640760865623232,1.3791283829457002,-2.024469601634977,-0.1954142645844057,-0.8263847808449127
1.1805363178031334,-0.6249656129110734,-0.1882145861651498,0.3828958368260584,-0.7906610989248477,-1.477938928958126,0.8735496006489117,0.436748187392241,0.9872476010108786,0.4443969436952646,0.32556115824288734,1.1362694705924021,1.5498107752894763,-0.4761393461567052,1.0722037831260214,-1.6152255871890062,0.276759053218785,-1.5338533150339517,-0.5223356861250004,-0.7661375661185972,-0.17862218683521072
1.5642455148332712,1.3681230876602535,1.2137189823203167,-1.3653156656780305,-0.38828998577119367,0.21178342699741823,0.2188746538043203,0.25353597078743073,1.575077031454043,1.0019959155354847,-0.7520456747927964,0.2176217023295222,0.8489489639627057,0.9725629329166107,-0.06040391084237485,-0.7035920201973738,0.7108564034234423,1.2071666382090434,1.3098991514507141,-0.47197164328871805,1.7738542738058687
0.17132331808956808,-1.9543794852296539,-1.0891807770153887,-0.5291031572029733,-0.18162788320268144,1.0530772589802146,0.3886573912505681,-0.0616988769954309,-1.1963751261154796,1.532969815577786,-1.1040888614721687,0.11007818247465015,-0.18639622118182803,0.28170770811056794,-0.6232950255106446,0.15778556437842095,0.44428561909295416,1.2421162287036753,1.362517738999687,-0.8246416504525386,0.3746866971327691
1.5566683526588623,-0.8933889644037302,-0.5048292506360847,1.090664225425362,-1.5645916597009228,-1.565607939423191,0.2733513321839812,0.0919776627107197,-0.2651022179081098,0.9766137587804751,1.3691937234058638,0.5418432374049686,1.3273573987531089,-0.8971089393069986,-0.6048496989829307,1.4867593789988856,0.2642768330710971,0.7032908679169617,1.0879400505822963,1.3134988036384017,-0.3853861694722164
1.1111922836952717,1.00088861833788,-0.4845825282353597,-0.6095638931945284,-0.41108479146836613,1.3583368053504676,-1.3501980833843592,-0.5681335306990777,1.334370883865634,0.9432981316377369,0.0598021284430895,0.30511750355123846,-0.45778451415433,-1.000862234892427,1.0882006657694145,0.5212797155116408,0.1992073572728339,1.0446140823808923,1.4360695865075128,0.8984092155873241,0.3104004944455158
-0.7059005009508285,1.0888599099927405,-1.7426014367062512,-1.5093888311803414,1.1407685645690109,0.24932647392065627,1.1669776758546009,0.435977620475937,1.3767565189861106,-0.6010578067750386,-1.2130512108630374,1.3605054756284267,-1.3027488461126102,-1.451539551360805,-1.0898048852062039,0.890554085163286,0.23117471161282568,-1.1728128743449835,0.8235158278576019,-0.2735650243437939,-1.7186532330407143
