PC_1,PC_2,PC_3,PC_4,PC_5,PC_6,PC_7,PC_8,PC_9,PC_10,PC_11,PC_12,PC_13,PC_14,PC_15,target
1.9386521910048882,-1.7255283370806926,1.158846646336275,0.4908283107493891,-1.7796651192743922,0.4673808488863022,0.6808538547730297,-0.008843684575283622,0.7624943873279576,0.7657976935348638,-0.2555488921151046,-0.19018347279751227,1.4875283353041304,-1.0370292278778999,0.2841534005731773,1.7291842962370958
1.0690878889489102,0.7484536286760086,0.8897265788025883,-2.1381437983796876,-0.11456834822929093,1.6236073221696004,-0.8699893109798472,-1.0450379692773129,-1.771657295408908,-0.5132813011319513,-0.7716829476588599,0.34007524704736014,0.15792324138231284,0.07514112208098954,-0.5909416921849101,-0.6165134564077376
-0.6326346154939115,1.8398766462391694,-1.559362593722245,-0.19254333659949946,1.0902453300099497,0.9951967452510027,-2.1385528598084314,0.09268451415965315,-0.8480661726184957,-0.7253961538081465,-0.5177299308632164,-0.5607678327905137,-1.304187614766538,-0.8262991218897975,-0.08944481419744695,-1.2399663798217009
-1.0965658972453238,0.33429586680350354,0.8839200634213318,-0.522569234290113,-0.38597883399339533,1.1764999988861629,-0.17303704891186086,-1.0188431757528833,-0.12915799967651903,-0.39126173252481256,1.7035757111075445,-0.5036838209734348,0.04473223169289272,0.3346145146320027,-0.9146665736325328,-1.707157285546374
1.1534067985877012,-2.040812923749956,0.43322247267466696,1.9695322524283774,-0.07865041474668541,0.6155127475576728,-0.751499973484868,0.6440222609112999,0.26845001039937577,0.9552776106426435,-0.4845489086071537,-1.004839371753314,1.552107221813065,0.212361392451564,1.1729952214943435,1.5338959532366887
-0.5840311310990293,-2.629199809580247,0.728188698682825,-1.4431777155895396,-1.5454585624423485,-1.2962661324461724,0.3581803670839002,-1.0191108996698397,0.28665209461054697,-0.05518970386839146,0.34360975881081957,-0.10809223110085069,-0.2053895376506032,0.1434201394854457,1.7055597425288294,0.9219810880606666
0.3619303429254308,-0.9447038593510998,0.49422266311786506,0.7176594561114763,1.4190417615006297,0.525387921234042,-2.2378078689642433,-1.6412392012015837,-0.7323396576684505,0.7886911932203282,0.4688594150458208,-1.5195798819356576,0.3272794942123672,-0.3691998304430733,-0.5937121495423924,0.604366489177464
1.5522215640512416,0.27627768172876027,-0.22834058347534167,-0.011843929909036896,1.2999590441656206,1.0026184001595642,0.28310801793637214,1.0022060785972629,0.20986898779902274,0.6291565682332385,-0.35625207561658223,-0.7149592497616571,-0.9113934244466854,-0.8958513907296468,-0.4797927551149148,0.4473046453565338
-0.7025242262753217,0.01839632586114128,0.5121716383343989,-0.348566377509216,1.3276239529136966,-1.1813943213811762,-0.18781991318027144,-0.12347157818291878,-1.0631464192431361,1.1523943002898913,0.9291935089356069,0.9372482418615138,0.12024205852012555,0.3613546814769664,-0.9700550865985063,0.2044254921363452
1.7119314531801575,-1.5298758745108263,-0.3228794666345561,-0.9608723879524657,-1.3917730930609324,-0.33327368502556065,1.1111207625540023,-0.03905690421652106,-2.42825473239991,-0.11940343529450277,0.08941604664502117,-1.2780311353113052,-0.09581827933696076,1.1095316808004219,0.6136462646352254,-0.3225180654443723
-0.2924818581186694,-1.5392167564221533,1.1846090917684855,0.12202724960972845,1.8826740207613204,1.9648945925538728,-1.8731388037265408,1.4884347786140324,-0.9085673113907087,-0.21308812867485696,-0.9481361439648578,1.1973115191516226,2.011194008453828,0.06173880357435434,0.29326170350803576,0.4240100732522684
0.7198928406654709,-0.14657779115261096,2.0999074158868845,1.077990965335922,-2.194112810231163,-0.021904016888360522,-0.08303767762218413,0.4802990788677136,1.4291269605826693,-1.3393757759239164,1.322925867367504,0.34955954749220136,-0.3082066906872713,0.37321384304994565,-0.3408244097617277,1.245607077319074
-0.9019378096852079,0.39025286139607157,1.1362894907862162,0.015852524880979203,1.8534569216490107,0.46391985829621424,0.36659701695493163,1.2256319992081985,-0.883370232938293,0.07566613486199318,-0.9219231927772343,-2.0152635504035543,-2.010725074796792,-0.09019770230618192,-1.2373338300228414,0.568540484923787
-1.6653185671234496,0.5071253467558641,1.181215285299495,0.4371381094843133,0.3007051271290116,-0.46072273375834355,0.5271688461703378,0.9712213502256408,0.30813438294819745,1.7397819292131065,-1.3155093741442612,-0.2603441455359001,0.461812936991053,-0.6232191919790965,0.02042676124613547,-0.551193073156888
1.9751232171572362,-1.5606865320900047,0.5042087645978431,-1.7102159252618783,1.5150004693832266,-0.185244124049379,0.4515486520062047,0.32422254472607975,-0.16489617703748322,0.3735451016394572,0.05104793998963346,-0.06320863508111821,-0.20597898099506767,2.22006880930233,0.39577838697471646,0.2000987507287411
0.08321527362254691,-1.762214217905816,1.8689088120659385,-0.581608162235472,-1.024369915941129,-0.6896983681819757,-1.006193585930872,-0.03278572586898576,-0.5576596595749987,0.9107417035932152,0.5748025902403546,0.24716359576756827,-0.19781686468927193,-0.5835851796942265,-0.36013980832984166,1.6630543422483266
-1.0256431603287406,-0.12353839128534037,0.16548443967061888,-0.3496946401959406,1.5787482528529657,0.9130597078095026,-1.6658114498267427,-1.8201015546885693,-0.06270632672783887,1.0193146867161678,-0.0006976151544787759,1.3271716638799547,-0.06128276076365647,-0.419420618374963,-1.9587771725366232,0.7127661728797087
1.4861927717680694,0.9019629451767934,1.3862369220069262,0.5486496510323593,0.46348573033566526,1.303094635399737,0.09368245589113933,-0.9044173434484671,-0.782946768330545,0.893879730937247,0.341649292331453,-0.6268714257808533,-1.6327564140840678,-0.6024597742994728,0.5470752957588738,0.7947638095563037
1.0641243587347753,-2.0958217342498684,0.06684212296547128,-1.3741815378555995,1.705128051291434,-0.7223040257876125,0.7257538555424047,1.2266840856846353,1.4813787845420594,0.8717054135116858,0.13642853520244758,-1.2833838051952169,0.4881138312620016,-0.2640341306942544,-0.5747967817439739,1.5305657589241846
-0.8321582755930975,-0.32741293997474447,-0.8296373930646588,-2.3185524173069108,0.4246167724953047,-0.026521715289905635,0.13276474392914603,0.09009257356517898,0.9499635058986046,-1.740777173586911,0.5955636920232213,1.1933217235495692,0.8910665435340761,0.20603666723320288,0.4127904746180198,-1.0675418907507253
0.790371021184322,-0.1181073733076462,1.5145938490578372,-0.6433685481702056,0.8141580474616822,0.7019619247402309,0.902164184379806,1.5471992124295457,2.6462762910780597,-0.08625744076073551,0.5820021436962908,-2.22468190061147,1.0415748168278003,-0.11206338510687847,0.2223365888768644,0.2385240209368331
1.1429544667431857,-0.7469049625236082,-1.3394873152342515,1.7734745535218208,-1.555404497650561,-0.4220478097468663,0.08474172819283632,-1.7255311980726256,-1.35842221791342,-0.7869507168915604,-0.23730447003586083,0.20972747377452225,-0.20704086945473207,-0.4930310236569709,-0.003436439420647048,-0.2528691987266427
-0.8954361181571291,-1.6309262859149039,-1.857250601882712,-1.4458040163406565,0.5159526579474377,-0.07492030547295161,-2.702484316744342,0.6104809715984744,0.8860037666608032,0.8066030220075825,0.14490108422187734,-1.391719173047544,-0.4121049453062056,0.7699460508744181,-0.5933045929407346,0.2813756264189871
-1.4427745814683586,-0.15740002611420575,-0.558111982184755,0.5716815747077559,-0.798081991908231,1.0509189953792881,1.5532924227292637,-0.20309996642505643,-0.9781857476545581,-2.203775280626404,-0.32629543535111893,-1.3040851727500546,-0.8803452609275949,-0.36399359035807033,0.42322612924443653,-1.292206136024226
-1.6815016049802192,-0.8659754919942843,-0.4241844528017376,-0.3159712085829953,0.1848706386324196,-0.4038100712908726,0.1842051197739998,0.7518551787833285,-1.1824998264672726,1.8075989882466084,0.2895054622171001,-0.5781437382893708,-0.02694964012966845,-0.7253150129923535,-0.8673823067425876,1.4625626622873935
0.7738700336049501,-1.807839541952074,-0.16067521906187512,-1.3049706148935392,-0.9690394727510775,-2.0604876673050376,0.9227616300699335,2.0061669341027137,-1.0267939885374568,0.2764542184062602,-0.5952697065593225,-0.4112351121842079,1.1100653699993057,0.13584296388308834,0.22723151141718012,-0.3155659773858846
0.8316722116375472,0.13420839935948808,0.41355475202134373,-0.9752236116415786,-1.0567701195615444,-0.18382297055946278,-1.619372580229878,0.5107716151677533,-1.303348499165405,-0.759763970946138,-1.254281727204867,0.10534937313825583,1.1824991394869393,0.6506868202128712,-1.6155816742895912,-0.8230930296846302
1.0684958058726026,-1.4545700285561125,-0.9283892345819948,0.7497630289419235,0.016431952828414833,-1.067463022561544,-0.7007423603271675,1.7652185184059472,1.277497066889573,-0.8267979885217837,0.01360321506186788,0.4803157007614934,1.0479355242843407,-0.16049415081031534,1.3275865823130364,-0.713593361690078
2.6248130291274743,0.49258885204716296,1.0345073411260741,0.9785111105162325,0.8141442916787255,0.38783508942926437,-1.5471279409552983,1.3494828365967033,0.19523054832135753,-2.4297651765143486,-0.051005253946449836,0.05125152986764883,-0.6133688148006861,0.3672709022907472,1.0656856594829085,0.0912086075715038
-0.42407456990223047,0.9469070028838277,0.12047402978686918,-0.7433772825946847,-1.2860306821423886,-0.41628622010386795,-3.6046503479697085,0.6687704672287934,-0.3089500596914238,-0.9718217443850635,-1.63608809326794,-0.7021048099998871,0.8224395585737698,-0.5217968914350555,0.8713379228225181,-1.2768175941225592
0.5589687883171554,0.6560756382579956,-0.13496665685570963,-0.2456413458774258,0.9399026862915909,1.8036211625749992,0.8418819964707663,0.6917738718273263,0.8908489607225636,0.06030795261052994,0.548867832101952,0.8120320118653859,1.298535749022281,-1.4513263160642986,-1.8205424999011668,1.2391085340477677
-0.478715432033802,0.644095235554843,-0.7063788842777102,0.1675870054575836,-0.6880540234951315,-1.563165027705724,-0.9427347894941664,0.8105066376549351,1.608369116690989,-0.455399928658469,0.43665787984800386,0.6256502637172523,-1.222063810825288,-0.26588720586473175,1.5863903056678816,0.7158888908370109
-0.42651030844174614,-0.1264232078375723,-0.5073640329152672,0.7907205253169625,-0.6700974358998562,-1.1152870162046926,-1.7611736636821445,-1.3892368898172989,-0.1540623857217267,0.671748081397813,-0.12316855081137856,-0.09904085466323213,0.09650171699132858,0.859788321787922,-0.029870988171668625,0.4395767216719515
0.07087020741043241,-1.4743403042545127,-1.0122716608872846,0.7163019335947954,-0.2344659430129403,0.7055785158673556,-1.1745154128573885,0.2700285480045293,0.49957166275793863,-0.4111290790258109,-0.7739880327026636,0.9791438390454972,-2.5260073346755436,1.5902380272976882,0.6757079721336392,-0.3361700112033415
0.325878431141703,-2.2665626108554964,-0.2261090765020189,0.07758672936612662,-1.0830444514211819,0.39781833288379354,0.8076037289273501,-1.158138275699124,1.3090970751855064,-1.161795545322671,0.7712697758117908,-1.0831302187068137,-0.8896996848772369,-1.1619728789369506,-0.6645194055857417,0.8405097320003767
0.6761623650790638,-1.4131188188738941,-0.5899914037405003,1.707329800794536,-0.989965852334332,0.24187031978319087,-0.6830769864071746,-2.07631810259942,-0.7860756405774953,-1.542254093994559,1.2094978666316678,-0.5765530030809966,0.72713576464816,-1.2102227819463787,-0.1914147277675845,2.068762871154084
0.6894643000034401,-0.7142383283700462,0.36897066450663835,-0.7291053702255249,-0.4821648542896433,-0.9210055798936939,-0.6054252671959539,0.9433313572591727,-0.5640811102102824,-2.301138702228861,-0.6266210818936256,1.2164490757655029,-0.5902888448009282,0.020459504914444333,-0.7763703547779869,0.3473494791413807
1.9067160463010646,1.38571949220104,-1.342563378452105,-0.748327456325404,-0.08796194617410158,0.6399096816828708,-1.4946147830334424,-0.6128064937488102,-0.30143441778948293,0.989428855307166,-0.12293645554957047,-1.035936497288995,1.0473077237296151,-1.0798477762488288,0.30681543159668867,-0.9812485842178136
-0.9122352401814701,-2.4466222508042463,-0.09314249978021737,0.4007527968167796,2.0806663854020875,0.4129152443088772,-0.2707008701162652,-1.496181078005318,0.19700398336450242,-0.12285021499291017,0.8567159237972486,-0.30567906022458424,-0.517090192033501,0.909591251093993,0.670994593071452,1.0975755744271791
-1.6505633696581075,-0.21199666841971598,1.4414809774096424,-0.805631719109752,0.48135234736653293,-0.010283044845024458,-1.284764214438433,0.15433633423528254,-1.0239353380463991,-0.5995686215817524,-0.9485247246472563,0.9430503801830056,-0.2322227633997444,-0.9739502844192024,0.5897236077564464,-0.7133922378686993
1.3704183263619918,0.3717712000046517,-2.731017116888692,-1.2394334896968455,1.7279977238600817,-0.5099490669577789,0.36020924025610956,0.28503293197748747,-0.2393571650068916,-0.13211134269690283,-0.007719313212607668,-2.057498985145196,0.41725342123573683,0.24239469559922922,-0.007172582130083531,-0.7800531794542601
2.2452404094954153,-1.2758040734882283,-1.2025954063462077,-1.0456260188984452,1.3911810228739403,0.9851257499029983,0.09100736332532065,1.829941873513203,-0.3111785167874153,1.711658248133158,0.32587706348234674,0.2495691643779631,-0.6134691744115963,1.2678278184899743,0.57293602233874,0.8749357878419676
-0.8028745738323578,-0.0385227983756052,-1.564935555335968,-0.008987392010729392,0.003168861943825377,0.20767267129775144,2.7288044037176937,2.4383760763035918,-2.2390281043281277,-1.045722782817857,0.7900977684792843,-0.17433799249144127,0.9747623556388978,-0.6382955643513283,-0.3034091460970694,-0.7781275942807789
0.04162260756775491,-0.400315781032223,-0.803899837037903,-0.8326001850791246,-0.6919539175382755,2.3054923253707575,-0.8712701045158713,1.3292224535529649,0.21887467324870946,-1.1094479217269178,1.0524015441428354,-0.01945257463614656,-0.5587280888566729,1.223082760778703,-1.0495913224608935,-1.3624297913944532
0.209867188950997,1.5112853567712985,-1.432877542794312,-1.0738089177984342,0.4297256951094741,0.8115340652846413,-0.6799249746006666,-0.047419839511362805,-0.4087033041710338,0.25717991556031355,0.4229803920080845,-0.965614421737043,-0.8262305271931456,0.043971286635231616,-1.4230442298359651,-2.0749953672938504
1.7567763366713771,-1.523615681257043,2.047589873790497,2.3803841256966223,-0.16215700674833644,0.6802870205735617,-0.3309887916969828,0.3566931644991476,1.2093780617674288,-0.06512644066267752,0.501748589355988,-0.47142602255781013,-0.9963494061832888,0.10325304716156981,0.29521982516098255,1.1232758764613189
-0.6449334393955668,-0.22119784750373533,0.014558499975730525,-0.37932437783149386,0.6787235602781504,-0.03184918797376334,-0.16042515169204488,0.20955152724583545,0.28663830041515526,-1.147883072334901,0.47011086551574605,-0.5917145347010346,-0.28124730357855504,-1.0286406733249072,-0.9342905048139099,0.4095552201379628
0.07662319913499062,-1.9605001132258566,-2.226781123612727,0.4943172543364508,-1.1268800553675509,-0.14683243725629191,-1.0448944563878455,-0.527239494740175,0.63596960948768,-0.7942609969730129,-0.5812716006661693,0.9501283150021487,-1.7087515885357225,0.2692703939015163,-0.5084816961419241,-0.7310483350996427
-0.47944775462709377,-0.7194331415470084,0.9490895668392116,1.7092127257560341,-2.5254189291388016,-0.4819977073456583,-1.0958431936008701,0.06913819216473387,0.6819897459369294,1.3188353582589492,0.659357218218309,1.4249012515150818,0.7703355033691314,-0.6720387059616002,1.0003423946419308,1.622146076750422
0.6425785690742027,1.086112377511871,-0.04882918743678991,-1.086535039917374,-0.5645937278620029,0.9199648036252454,1.1934188085777562,0.6601366046890591,2.9122394234669016,-1.0023860009248242,0.8967722153404828,0.3595844361828538,0.20002952460452128,-0.1266786900543436,0.22059544143641352,0.3943888857611121
0.067522339713076,-0.5509994716339043,-0.15753074963135752,0.5893000790718659,-2.2641623491730085,1.0879026630376358,-0.7113362532953361,0.5203958000007709,-0.031022980086613992,-0.08136748077216736,0.31832214412784343,0.7772249181351036,1.024204440115802,-0.35761404732221974,0.36485260860297025,0.209741054280538
0.6089068780183736,0.3530511400233419,1.7210628424272256,0.621160008163719,0.9510068253901441,0.3840319128127415,1.3421735775441614,-0.8699089094144125,-0.7938426743888156,-0.8887757409546378,-0.12322512259187841,-1.3596982953832877,0.28475558660708017,0.04425455971399821,0.7111589587875187,-0.5431285213388461
-0.8541763664903269,-0.7654824243642454,-0.8293439904201597,-0.748548978315518,0.8428036244899462,-1.6047625979125981,-1.7280536830693292,-0.024297682266427947,-2.1283682461651567,-0.6672984450658161,0.9527621936976342,0.37346117059473105,-1.275618558952715,0.6640978988374259,-0.24065921944762542,-0.5978463289759274
0.5097623441776808,1.1524901491892119,1.6166558115960354,-0.22646522173721936,1.0508312183814599,-0.5621005178248591,-0.7825846898936253,-0.16280727839349757,1.1356690169962511,-1.5657162643003564,-0.18556654592812907,0.8216431600184154,0.7751564618339887,-0.22192204886241312,-0.5312034149374555,0.2051216476232758
-0.1843976745371148,-0.3854747071633175,-0.8550557271189041,0.39172088715008135,-1.5236063259374542,-1.663947678593915,-0.6326151381150558,-1.6679929403159224,-0.011292628964581733,-0.03282536908837696,-0.6884415817712508,-1.9929506237107333,-0.5137764630053988,0.4360453541466984,0.24466714905716508,-0.5707948717401514
1.1579347097765644,-2.722303695116212,0.30956430667655144,2.101899230990878,0.1923364185537386,0.04057455453837888,-0.7302173669988693,-0.2691290694855857,0.7517942143885848,-0.3601829517505032,-1.055237065631818,-1.4629955313980105,0.4388641006594924,1.9132746852109077,-1.2162832541038193,1.745971008335948
-1.149966296505502,2.018111824988461,0.017222873190731652,-0.9573841140421386,-0.05303323369908444,-0.6160691277374528,0.8207698673532201,0.19067673189346482,-0.3920495210477548,-0.6105957958301946,-0.5112666694790614,0.4289381102335345,-1.2770348308135613,-0.3361252920134401,0.96709104492861,-1.6266057850287452
-1.017127086704264,-1.7589191785797758,-0.4195022338236748,-0.7575763897386152,0.4429750021957912,-1.0063195663047997,2.2150879432096593,2.4500847036780833,0.6790909302067472,-0.6679320550993879,-1.5835369090728637,0.18520472146945935,0.5528562490134117,0.2719740941849621,1.2431811465516482,-0.4384596506750555
1.7944991523747054,-0.3599685988906271,-0.8724888521896491,-0.29177982636099975,2.2896599811510447,-1.9810585444356104,0.48978424745082355,1.1895014257890584,-2.180133571428433,1.532277794770335,0.6473706865147966,-0.6923912726245616,-0.6919211273092656,0.16849086179824413,0.4838053682028015,1.3370472900899044
-0.19813742547479204,0.15021278125528587,-0.07457990563748265,0.5926181124687085,1.8217827272279128,0.3593144785106947,-0.6347380776421361,0.7277223111694969,-0.24034227674966255,-1.8685311580779456,-1.9915218110883603,-0.664923599123119,1.0857472277944356,-0.17117415804448544,0.4615274798859571,-0.3317549408220675
-1.1196120642035,1.1369214302633022,-1.0705485756240818,0.3358343503889893,0.8978233532550296,-2.3853007687959056,0.8894718115592793,0.3246715008712558,0.9313733534036645,1.0723137934317624,1.2481126707575805,1.2688914645448617,0.7436024834783432,1.68756796403833,0.2681804900890269,-0.450592884676939
0.668747469433991,1.1293254399477097,-0.3657974415391277,1.061299488560564,-0.9062062837620025,-1.700991658914124,-0.5056070437963655,-1.7108742848164529,-0.2544394970745313,0.3084886040776037,0.7197845859352661,0.305884317517322,-0.23671029147181774,-0.004723801766918257,0.45882020674480256,-0.8787661797930231
1.102697646153644,-1.5102606302571298,0.9837074106885576,-0.9863580861608162,1.2407246905915799,-0.3981517203489803,1.5055906447906662,-0.6047917990466525,-1.378314098435312,1.1869792320897627,0.3407023791470085,-0.4155191853459065,-0.31985991778166184,-1.1246061671003227,1.7462432449473033,1.680467949564859
0.07131528061761426,-0.18675048695115193,-0.9356477656720612,0.029129223324226867,1.8828679520712994,-1.0425820714841558,-0.20491359223531577,1.276239162947773,1.2792209233319547,2.0724257696351485,1.279952125571251,1.0911650230535956,2.0144738934607935,-0.13113773701629175,-0.05615980563441433,0.7784980763477531
1.447209452326495,-0.10965937080147077,-0.4638330958106488,-0.591801322108365,-1.4866062815591676,-0.1900457910846589,1.3436200062453245,-1.2001698642636278,-0.30964282688614175,-0.08482075193279989,0.5767377437295375,1.7936856289074725,-0.9664503221989705,1.1572753894307457,-1.7376363738698202,0.3497422745317924
1.0759520052983125,-0.6407434634116097,-0.7764981687067437,1.1202025248944416,-0.46538741711854914,1.8962612550193967,1.6968305298905881,1.3976410507717818,0.004662781669516741,-0.5939689588925682,-2.475204045509839,0.9725200731169455,-1.4846766405461564,-0.0734147845158194,0.38370758342246986,-1.1108058935871716
0.3875795004298397,-2.393223454752679,-0.9824793079887751,-0.15544399447535365,-1.3362914570093907,1.4975611074812294,0.1543227385250724,0.3237211160160175,1.994256806495672,1.1704194441817817,-0.43476275962324246,0.4087544531486169,-0.04005776944138552,-0.048753956310266765,0.5692263876037135,0.8140437272532739
0.2244368587220903,1.2472732572784573,-0.10013893373764128,-0.0750243816150091,-0.6629216163127705,-0.6023423604872854,-1.181805425344189,-0.4180009831116643,2.15341507134469,-0.6473770022930431,0.329697576217037,-0.4742617126190387,-0.08858973642543493,0.5956879636988559,-0.3137599569917715,0.0200423255261961
-0.2999188422466762,-0.6994526546136657,0.6881135580757864,0.7398576522339696,1.2643589851885022,-1.947515394231692,-0.4601106084345107,0.12538856595162085,-1.0151709699148717,-2.860647331629962,-0.01511822546143435,0.3202552989675171,0.10089857000769656,1.0957078937014602,-0.7919200805141299,-0.0336796027375956
2.574425765380885,0.2126827049172442,0.5155770066316298,0.5106168482833325,-0.5686784308570486,-0.734023606177046,1.1417676675343515,1.0323629461206352,0.0033820843465222263,0.09710212657339773,2.0352049544638957,-0.14388640866938077,0.4476858215410879,-0.9053403040074495,-0.06838647594663437,-0.759315699290583
0.49722986118521567,1.530841278839824,-1.7319635852129402,1.1774909502123672,-0.3228987260873332,-1.238288132315972,-1.0792209684118181,1.4018573733371145,-0.8254277774287615,-0.715181344014724,-1.0868001467646387,-0.8427487681481531,1.5795417810482413,-0.260260866326778,-1.3345596108861373,-0.9358722249389122
0.9597869602040439,-0.8639041580740099,0.6127501125390656,-0.014287131476199023,2.458852546113111,-2.0714363692237763,-0.7402203622398232,-0.4544632627514539,1.027232410444083,-0.590820743455631,-0.4418811751991699,1.0885514787932555,-1.07549188815935,-1.4596955914117336,-0.21454970400427342,1.113688351417372
0.47937803736632156,1.5052505935140195,1.407796720279306,1.168838178422958,0.00922364154270881,-1.4701451413942315,1.0101224279369143,0.44411123001954145,0.18663420315575724,1.2558178947378291,0.04831543377094932,-0.34631895154613207,0.8423446143559469,-1.2820234656752862,-0.3105894710929194,1.6401872898647132
-1.323872024322484,0.5425507273093263,0.2543263352095772,0.6918679919760876,0.11355200577652627,-0.17778485626316423,0.4086464841007757,-1.932277765600544,-1.0767479177466375,0.4604101864934638,-0.9835896359384125,0.7308803229707661,1.6770097367578485,0.3915554654877974,-1.1307478319091036,-0.2594659984644261
0.7228878412665478,-1.22494878175863,2.809840789365438,1.2716536119117114,-0.13031549396096279,0.05941949027507054,-0.6944846886446419,-0.3897608812550102,0.6132123845118547,0.11113137758563278,0.8537093462240688,-2.015075386936825,-1.6867875229007585,0.09510863363679714,0.2949888629427817,1.3920338052955863
-0.3966859015775455,1.0307487354794966,-1.174594864213047,2.627394839709293,-1.3592975628737984,-1.2198750424065132,-0.025198892964432913,1.1493732857315047,1.0850579264017914,-0.6614106121299891,-0.30050586560505327,2.4635338893648706,0.6659993767085799,0.8103267922066825,1.2365207224375925,-0.8309973664988316
0.45282658116122293,-1.2593768411108,-0.40062485537557146,0.4468598042521856,-1.20642441386083,-1.914242441884956,1.0872561265805318,-0.17666850432140824,-0.8011298863542288,0.11645614945240346,0.13239346635996432,0.3448339665776637,0.7121773449152243,0.5569136180707855,-0.9943712273339773,1.138898855834536
-0.9681956807023129,-0.8576702476432883,-2.028985994328873,0.8034024532055152,1.2595306780699378,1.942935784076912,-0.04248152575020986,0.4541926475088323,0.5218209013805984,0.3910044943381029,-1.2634872218299018,-1.744724863504554,0.1941469026987636,0.3833731684406567,0.7359370761085094,-0.3457820897052442
-1.1034241578996857,-1.1382066726216102,-0.11746022360141771,-1.4280407716637817,-0.528756568156122,1.7972842684011041,-1.1798170187180883,-0.43770070765722413,1.3773574996962825,0.0699510329438067,2.445180078453744,0.7110111386208336,-0.09772070193581203,-0.5084530757550012,-0.698583553598583,0.7273906696881751
-0.810445638181745,0.42714356251653496,1.0744403553219215,-0.5370433997102632,0.6292683938251813,-2.0512488371954767,0.5347713648899033,-0.4136934894264777,-0.7787164009508402,-1.581906910092034,-1.8211754706494276,-0.6187817958103864,-0.2880938802162532,-0.2842256116050817,0.5710887570205565,-0.1558474156762145
-0.3145847548552671,-0.5790515401904076,0.2729293903862706,-1.7048591834867135,-2.1138979574223282,-0.5070103427093136,0.5443771649027757,0.6491155509541564,0.4619287569665419,2.500210303853634,0.5586280275472627,-0.7651426400415029,0.09289168446944504,-1.2460525700919483,-0.3272196050368435,-1.6877459901835714
1.1954149036304984,2.806760761250261,-1.0303528523155243,-0.2434571175829608,-0.41492328183756616,-0.27764742801786546,1.0605385209619833,-0.7610599635294525,0.7123988813808931,0.5070495518510972,0.14916927543948624,-0.43668313497642397,0.7105139576813133,-0.30687398419216994,0.5702608298038297,-0.9676135411806304
0.20065156373970708,0.6394551834436875,0.1070620112609181,-0.6759203847345514,0.1669769138689043,0.14471932026345607,0.8058052711121936,0.5997502226840724,0.9969760919840621,1.1123691543716614,-0.6598468325905238,1.7521843254806415,0.14629979682938735,-0.632804602528213,-0.41361231027967055,1.635943839362478
0.9601733940961638,0.088657078476541,1.3369234497848443,2.6212140369923604,-0.0169319514722005,-0.23062632397611496,-0.07421332815963487,-0.4028953657540135,-0.7890845238610562,-1.253859427660873,0.16360872107783295,-2.365976112786749,0.3180798734190408,0.23859074310723088,-0.04311459487374543,-0.0276884772242843
-0.07967794846592442,0.9235744858975503,1.6064718900935924,-0.895478794353542,0.14975962414851046,1.6567336136737265,0.8955912158621723,-0.07985105403270026,1.226707465251581,0.5941132054364259,-0.968641149954381,0.781350296815254,-1.5892794386687707,1.0828711741509587,0.9092863410133262,1.1510166722843258
1.1441239662633496,0.3178718803353231,-2.1293008770547113,-0.2871602745868985,-1.1131280842345557,1.0645571681846808,1.4390392329621469,0.46460510848440817,0.47426921618742784,1.5186382376045262,-0.8526739441593867,-0.21842657809100405,1.0913326933330183,0.5647942618510043,-0.060894799730015776,-0.1806201853912797
1.7776559471534812,0.16145611992136957,1.0323669350859788,0.2630897481437134,1.139559988761803,-0.23382213517015876,1.0253421192335328,-1.6247626586462747,-1.5593086062714745,-0.6854701479932812,0.7430068414002582,1.2442750706943266,-0.8120713409396053,-0.7984564040242839,0.8177198017153228,-0.685084942595286
-1.946394375060253,0.7820697741581155,0.9249350541764974,-0.4591911955203211,0.07355769665997487,-0.8955848873576605,-0.4819770834399568,0.33453468819189774,0.07986921602390469,-0.8090860516261053,-0.5213843741774837,-1.581592315691802,1.1263328116297562,-0.5049023362142094,-0.44774691242212095,-1.2280792074930116
2.3372209421805454,1.2563448938404282,-1.1385449131322447,-1.2492982950104796,-0.9975006054991621,0.4923371617469002,0.019510364361071033,-0.09592904263633706,1.5355356008457908,-2.4132755220488815,0.3192105556156874,-1.3116811009045755,-1.262686266924341,-1.2761601911403444,-0.9973336672437019,-1.6357135662657365
0.9216577357552591,-1.3973035730106786,0.16731137935277327,-0.3951462417058537,1.3360454725447908,-0.023146541570708685,1.3004168529439346,-0.3729272752329814,-2.342578625430757,1.4014342515733862,0.45761377739183917,-0.37106888818063816,-0.6738203982332779,-0.5214857246268069,2.9068490917714014,0.6952014734804175
1.0569092208575293,1.913271782495396,0.6397576011828342,-0.8461288940760332,-0.10644972170923538,-0.09754041193921609,0.8012037386567546,2.1960629544889954,0.21571663888218273,-0.5913148107405198,0.0648356973060315,0.8923029025972498,-0.6680322392392728,-0.6652198618239787,-0.5657668405470019,-0.7745940828299891
0.43332432787868924,0.4983556252269801,-0.24414798067186916,-1.0237144183285332,1.2244502204790542,-1.7651777855956905,-0.26663001803248176,-2.2014262016427155,0.5447312861816029,-0.5973459113024425,-0.14635244333277359,1.1371439218895256,0.6943995208080161,0.37411786200078123,-0.8421257394947204,0.1636098171986463
0.46167292588160225,0.29664893384816154,-0.9851987816608616,0.9494150560388495,-2.794981024080539,-0.3550860585037828,0.43950251694723413,1.2471606399238895,-0.25197569980237977,-0.47072311121797816,0.09505058679187087,0.6482218355344204,1.182770115566927,1.061237526453753,0.06882126163468572,0.661250618804664
-0.7129093845962011,1.6601561594941268,-1.766963998789505,0.49552816356665186,-0.29140589170426984,-0.09667527073308513,-0.4631503157915789,-1.4115821684732133,0.8664370858144084,-0.6000092808096328,-1.019124594916263,-0.5634797517958182,0.36707351031634056,-0.5252219320783816,-1.092114049755808,-0.8662684821999301
3.513088869695087,1.2605484698899059,0.030083896754403924,-0.1456831121507327,-0.5973461579641864,0.5493096269535489,1.7968287073456202,0.7652773788260565,0.436840176527899,-0.21828508507851085,-1.9523389289348567,0.0866587483665865,0.5720862517700344,0.5331470069926743,-1.2457521127543973,0.0777692797603607
-0.6472511465737439,0.8785523347753117,-1.354337759034807,1.1307450061373454,1.4842241255260595,-1.0540239174496557,-0.033249544111569655,0.45283299069873195,-0.011922591169169104,-1.290901121503913,1.0687843497056753,0.30603291233696484,0.7376385715507974,-0.5723101264754327,-0.5757980957366966,-1.0863910802532026
2.51168798532699,-0.07172899753517716,0.4899106370050482,-0.7720651444807698,1.6031514012357442,-1.1340807701023543,0.5796937083167218,-0.032423980430097366,1.368699494119777,-0.874789196186679,1.0492147984055848,-0.4712526654754047,1.121179855948693,0.07507777663448012,-0.2948344270500376,1.0909327539391211
0.8985663631334355,0.9111346027790029,-1.069908225766388,-0.5944715345607046,-0.00715778048906666,-1.217763301661239,0.6723177851360534,-0.012160107871622208,0.3486728145245829,-1.8556599539813434,0.3687616078471925,-1.1053416681365242,-0.035846797030257546,-0.7059570767064125,-0.45597711141483804,-1.3871881277083804
1.0092065191071922,-0.07389266223455779,0.8839254385872444,-1.8587262680852523,2.2181735178115805,0.039607971663847635,0.021640356696584654,-0.39136303526356625,0.5594191842670625,-0.3784991910033714,-0.41572734477238643,-1.0563776842136072,-0.09626868368091056,-0.7668292737766597,-1.0576266617946324,-0.110584223188428
1.5919166163854221,0.2870505884747553,0.8717590249759409,-0.3052341653505281,-0.3946573301102767,0.46930802100523694,-0.6463389269283537,-2.637576929896286,-0.7472802336670425,-0.34271584012417655,0.16872110220855438,0.7929093447391126,-0.8526564052842446,-0.15705512757933357,0.5258913521758003,0.0360624105694405
-3.0334206837836204,-1.4093049067441739,-1.0909268047971286,1.9575969454830047,-0.060020009527782026,-0.570405637913457,-1.3771886061120546,0.6925218355257292,-1.3194522850355124,1.1730332932798255,-0.8215732440647242,0.24662159551951748,-0.08201156609281367,-1.4679031241433784,0.5559885122704844,0.2818239931058995
-1.382722904472857,-1.0155427005960445,-0.5685995341996961,-1.649256254146434,0.30091203382830933,-0.43701687181177956,-0.4998349014851453,1.8262234450957637,0.36072326470582416,0.22766244360251914,-1.046494903391114,1.4212635243708034,-0.9185373267347264,0.43388533233617266,-0.9209139684235038,-0.659471001428452
0.03852813177636607,-1.173720105814792,-0.7183874830468144,-0.02538792498141067,-1.6062221707791038,-0.2600507868909394,1.5188044830836382,-0.64068224373298,-0.0023832339713279987,-0.45376197574764865,0.7943581267813359,-1.7023569180322875,-1.2095603454951283,0.8583005640251402,-1.0499234103169166,0.1849633702899362
0.2505141558068237,-0.16396196815157335,-0.5270577599220777,0.007274701728955351,0.9390911918352546,1.6356286575036247,0.19806443455966616,1.5737955592825332,0.3843600313555358,-1.4269318272213625,0.3215629706239375,0.6703057297758453,-0.0012794184037057876,-0.0386112882545413,-0.5326235227135285,0.8890247791072963
-1.1874492496932811,0.2965022625895303,1.778603209112846,-1.5758423612850097,0.8673485866751487,-1.210370287939925,1.3484914601818936,-1.1886241420692154,0.02851459292386175,-0.9214654670063586,-0.7692964603205177,0.9978954741101488,0.18101524190796553,-0.8260071499739363,1.3420930801696316,-0.4502606938730563
-0.10640646967109706,1.0252337666998035,1.250380531172272,1.5373284052397536,-0.002828619403224062,-2.827379141505499,-0.5950725082822315,0.0224196067658569,0.2256200854999684,0.3536325978627387,-0.91907673335813,-1.7490957677256007,1.0439984615729154,-1.417539567104494,-1.1192652622696224,1.055269527536663
-0.09481162645079982,-1.5291493736155657,0.5192149625751675,-0.6781625249021936,1.074827254151781,-1.4441057575386882,-0.0698851841861271,0.009728887933387784,0.6188414488327377,1.0171397757569696,0.9885116473703087,1.6131503906637816,0.46812253730596776,0.19908199975727736,0.6775362797077364,2.3090199578973247
-0.45327594436199586,0.17184079403715785,1.6244322610635857,2.28605660581316,-0.7473332587138085,-0.2863651558117563,1.8153550569472616,-0.004481260156512014,0.6715501542522205,0.8506396763571935,1.1973405185680959,-0.35957409289183123,-0.272446485763996,0.03411872596606342,0.13805677224191945,-1.6683436508234952
0.09010355595029676,-0.07976813160802423,-0.12862819822182872,-1.518393979962803,2.3726729193023113,-1.1441746449641454,-1.6708541900961444,-1.3397836751773193,-0.5951198205687604,-0.6310111118730509,1.0610075437860236,0.31104434056780594,0.797697098323098,0.24042808049713232,0.12132660726545175,-0.3004383121220979
1.1170557699598087,-0.43679889105649966,0.6276526431960686,-0.6052799712292835,1.942282969589864,0.5877325338828471,2.001664438321231,-0.663817120337273,-0.41306412139139664,1.246696584025694,0.6712394492646834,-0.41346032979311037,-0.6016273171774091,-1.2829290486026887,1.8764963999056263,0.7549874475936063
0.717534832978128,0.050815171912987414,1.299590393706936,-0.07449813711080677,0.7928386822631307,2.047782329268404,1.4219181244126666,-0.36696583447145525,1.286669787695881,-1.7443473030715346,0.03551875431617732,-0.3177830479405819,0.29518559892960405,0.26876087139369753,0.5789580219558472,-0.8686513097465075
0.3535104744246384,0.9680405877876893,-0.2895466207718986,1.1467106542301826,-0.13646277184524644,-1.0146277762236642,-0.7673933885972652,1.2380222289682894,-1.0869115633374988,-0.5528653694746126,2.366115759465519,0.7167653237155585,-1.767535758675786,-0.17260083412342192,1.4186534384805616,-1.1552417640279933
-0.1843597004562276,0.6765122071344261,-1.57899795544415,1.64982576123357,-0.0324522413998412,-1.3861634756489267,1.4357794019435832,-0.7156726322384066,-1.3276245009289178,0.9750597244218983,-1.2816653734390733,1.930817513303876,-1.7331506004263229,0.8484268471117978,0.20675630157718525,-0.7678611812322151
-1.1691344397840466,-1.7280245148251199,0.6379983196746126,1.2369814922036122,-0.6225692637492023,0.18937435148089543,1.6792786615646391,-0.4571036795441623,-0.5955790225243782,-1.349435983448436,0.2237985004438985,-0.0838927599599688,1.3691300910004687,-1.9017483370767352,-0.20569284164980708,1.2171109217334857
0.1874602306249845,-1.3631457976341965,-0.18928226785614238,-0.13467246381303388,-1.7884888285313971,0.03294645397805472,-0.5775182041584791,0.5225615393319462,0.6077761824642908,-0.6478493683342831,-0.11753631284276957,-1.5282206207685765,0.7551735274443371,1.6208553952664984,-0.9820380244325854,-0.3265686346067843
0.3084542011293601,0.47838261797882115,-1.931200457941575,-0.35909111415181116,-0.4879767268900374,0.01477713906153858,1.3704381716864336,-0.5781130041206359,-1.7646181359402306,0.7639120519298733,1.211407020487042,0.0342585199681741,0.2912048158306838,0.19336991820955343,2.118658876197672,-2.1061471183180043
-1.1629588690159032,1.5300318249360005,-1.8059501508518043,0.3673553455726938,-1.0693074368263669,-1.8378657455581568,0.5962277522643209,1.978701012030981,-0.5984432643970918,-0.6731664698051028,1.3222550888916467,1.6084842653793716,0.45091908474433784,1.6888830743373946,0.5955907157616825,-2.644579955615991
-0.391372500049088,0.1358013386005969,-0.5716933543723673,1.6213747486340908,-0.4833833548546023,-1.2811104747182007,1.5706679223993638,-1.6811238826699562,-0.9192145437432842,-0.5010272711926091,-0.531072940163542,-1.3422261866492078,0.5991604904165472,2.2828952963153646,0.9973736531439877,-1.4906894118311536
0.7611423231076947,-0.9551392672210212,0.9463621406810737,-0.7432583010857222,0.9656217421069788,1.268519824110389,0.5908783911702119,-0.040730781271718246,1.2156920982489314,0.46572985097459757,0.3052696158624822,-2.1986985662114638,0.8355466301354058,-1.630939670372887,0.14064153334535673,0.6815590503769727
-0.18379783764706747,-0.6632868619622504,-1.5241091894841488,0.37417313432626875,2.07239109120121,-0.627867024857403,0.08283662703880658,-1.1745050638126067,-0.34444761797018614,-1.3220116303895875,1.791757657048402,0.5714064439780611,0.27598485253159677,-1.2331847565461915,-0.047143507128495035,-0.5928422708457083
-0.12036028260296162,-1.4689452471158435,-0.18411009050056068,-2.209414243062446,0.47726774292559504,0.9435622506065132,-0.4027465174456421,2.012109600376994,0.28243148573692506,-1.8554478544159132,0.0537875725375498,-0.1435109421507493,2.285811827711299,0.8436062936396667,-0.05502178669522451,-1.091212295590534
-2.737697919382686,0.7046638941081236,0.745436573180919,-0.6001556375455327,0.04927780237177741,-0.6939449999933768,-0.40153246269908804,1.757166431378283,-0.771919634057873,-0.5001242797373517,2.0360516687367527,0.8511263470736311,-0.2418093784496615,0.3885858555106954,-0.7389630505966854,0.2088194555149104
0.9003991471769689,-1.0926556273760442,-0.8884717142552638,-1.7050177239269872,0.33137762161554907,-1.370797822979738,0.06655255829363098,-1.7398678881967604,0.7684678260951667,-0.41091642352168745,-0.7504692693180833,1.6590923088787903,0.4523280072733728,0.43620380066267,-0.5474958509608262,0.3738347212310981
-1.2114354255104534,1.0395001944589226,0.13451630967201167,1.9601388132839346,-1.1564648896764917,-0.00945567144281552,-0.3335092447920536,1.1361582361347622,-0.5521895508941952,-0.10134631927546287,-0.9483379248224452,0.6232641577650095,0.26217272702207783,-0.74622089969655,-0.03873762844097664,0.4107861737095259
-1.35594596601102,0.599309503080897,0.10659969254262742,0.6099636101233791,-0.12497263959674232,-0.30670115205473664,0.3435305858535484,0.9403725006455158,1.3496749625621605,0.2499728789282983,1.0969189658692329,-0.849565477676596,-1.0551970173140288,0.6269159511288638,-0.3036390828295577,-1.055381938562342
2.1985914083846434,1.0300241923048241,1.4262014153881035,1.5893243565917108,2.304127884277251,-0.7653089200429583,0.0663349387997353,0.13047526047156807,0.13560761844515437,1.6951486187878837,-1.2351904111934289,-0.08024083384338997,-1.1760726417885476,0.8029905068678345,-0.07691079687356246,1.8502472503374632
0.6591795432361495,-0.7014089467758771,0.052651814081836334,1.1288913758525032,-0.1767589281594431,0.25152328615151276,-1.5649635053476525,0.5274673161474283,0.25687049559034847,1.4682549529131448,0.9864443012907779,-0.6929089881180006,0.4068684492384177,-0.3965352109315086,0.6540145304287437,-0.2618470221032474
-1.1063677669709533,0.7468595473690496,1.162454845048666,-0.1875748251714646,-1.636869863637199,-1.7958931543246655,0.09004888282627603,0.11393063009532114,-2.21413972212114,1.2927817739192138,-0.9331178320119536,-0.18193501792090117,-0.8593412859099802,1.1880088733096172,0.20767209913232057,-0.0415993160165477
-0.20923172614358837,2.2749740732308017,-1.5089236990942245,-0.581245935505721,-1.4610111118495617,2.5208798107156194,-1.0278448280504275,-1.5035639341494769,-0.32800676543439644,0.47733640958889656,-0.6525257506505963,0.3287595548439346,0.07281968877644965,-0.19103349866604427,-2.137329927463775,-1.177284544081608
-1.251704109419734,0.13284566270441933,0.607779207489912,1.7116148709684111,0.9162974090219136,-1.3561080462598063,-0.3957105721377561,-0.18056626953938137,0.2359287401234954,2.9530901230740465,-0.3781074651315598,0.652576887304855,-0.39946881584242766,-1.1889244573764586,-0.2179792659362332,0.6846906618330989
1.1622043268216267,-1.1256751285111541,2.4739990570875876,0.7180538903032634,-0.03450731668614613,-0.39175524021869584,1.284295873338528,0.3780804114197428,-0.9189444678707094,-0.34163485068945487,-0.7688910535907734,-0.3676045527541577,-0.11895847601657382,0.6271204991657852,0.8708390543366384,1.433104170467233
-1.6093346096182923,0.6081723638066214,-1.1448491769607452,-0.5354370042338362,-0.3228586241608698,1.1373290798549893,0.16032417163809976,0.6694348084374747,-0.4340471984820899,0.35603993460694405,0.25755920549211936,-2.2870631720820978,-2.146853763275406,-0.15521862934162908,2.1149964019573857,-1.8930121634479185
-2.202317482436041,0.018390898549328526,1.9841814131180677,0.22184412616020013,0.5931524123609376,-1.1567482627257832,0.14450356455388044,0.08115913095931618,2.2341841970403635,0.689264646515018,2.1068424309510614,-0.43527381931013603,0.2301983363726636,0.786338418890067,-0.5359610372924469,1.2655458610904358
0.4561780850119205,-0.5307184199750473,1.5882153299588995,-0.1577999016296555,-0.2660666025470781,-1.4472159109064615,-0.16910007135853147,0.06459430888316992,0.24000641512017237,-1.1441566981686446,0.3738754619419712,-0.3765023341265395,0.89933665903948,-1.0613881458000682,0.36849488901814004,0.6455368473323102
-1.1168045541227691,0.28313330235802436,0.7956354801992986,1.8097816846740733,0.31671352086711857,-1.3702770040451069,-0.29832916377644497,0.4615624048630025,0.5143954693695172,-1.2971115774582185,0.501371012576213,1.4004350301827933,-1.6113512810064505,-1.3341897943693508,-1.111013045736188,1.5958884104985231
0.1477949623168112,-0.277773471181022,-0.3182527419552207,-1.6591483364418094,0.5017398130340747,1.0966759689459848,0.8154573408133954,1.1816303668685355,-0.4251415732650236,0.4016687660627008,1.1481835975009513,-0.12018178286779843,-0.3154032760324555,1.993978298874813,-0.8692295354729788,-0.3105454936264895
-0.38745628687442857,1.9458201107272233,0.19387394274909378,-0.5103134314509542,-0.7875807637678113,-0.17486737562840848,0.6082859572125969,-0.7920333691340689,1.57234571666891,0.8814575661705187,0.04217607136895668,-0.6480616647782406,-2.1689031922814612,1.080531358756453,-0.22819339247247258,-0.0288693624283257
-0.5229728588009117,1.1823318690430629,0.9949944279537967,-0.011343942727740695,-0.01259754519000166,-0.4956404854511393,0.30488250894372243,1.3980357553697058,1.2737082348392648,-0.8393721962164008,-0.2983910407198146,1.6065864727733024,1.507934316694381,1.1031939322771263,0.4614540850462478,0.559228477136585
-0.6888574661290535,1.0013334619976888,1.0480457293750116,0.6814073030196294,0.7640859390309798,-0.6672522940089562,0.42683432563200413,0.5635731650595407,-1.8220207876394163,-1.4434141737429078,-1.8947722360392438,-0.22721451308104934,0.05488720026920827,0.34900081704055924,0.3754121118821256,-1.7263803141722511
0.47947034058665133,2.0549180384041477,-0.8330483924770222,-0.7989479571517194,1.444934565714715,-0.3580041886598909,0.06455900760362276,-0.7911465823151825,0.8887088500547381,-0.6015135451280864,-1.5346313006178431,-0.193581091643825,0.5404691519987275,0.8650486716087782,1.7257088808811807,-1.3412049342120935
0.009087066140799047,-0.04790622716203735,1.6596312330249767,2.697143103932268,-0.8508276297993035,-0.7240159879745944,1.2656352768295078,1.230847941875587,-0.3848584552963087,-0.8654792690397164,0.08504174378049593,-0.19965988828525028,0.026530987976384836,0.006009937092601497,0.9877967147075534,0.7362580451165537
0.6310122554041248,1.4980442106881666,0.6440319621898302,-0.8993814431914624,-1.740519726698661,0.7516290832281749,0.21083843255411355,-0.8596041246411734,-0.9523249466086492,0.31061296520889803,1.849288996436515,-0.3488839499606596,-0.753688628635283,0.43686725889443534,-0.6603623356899335,-1.504029719675361
-2.547907926026323,0.3805196762810408,2.073929565084726,-0.086984523747825,-0.40867619389968485,0.8925481751936057,0.8612055931418864,0.5383905206390155,-0.2735033731156658,-0.37497461865218085,-0.5733560539871059,0.18660742647882045,-0.05745913316565783,0.32605178849210203,1.2116198514779313,-1.012500421281798
1.9650579823590772,0.34934860607618257,0.44034925112436935,-1.6728898231543121,-1.376524082348592,-1.2983059761239488,0.8192514878393287,-0.8075415278879756,-0.6563410192312226,-0.11892482746440645,-1.0639254539738507,0.12171435634402113,-0.2773364522438,1.1046536315372546,-1.6912773656491986,0.7200442181356503
-0.9985688032771167,-0.5209593622813754,-1.6163126602466835,-1.3224692756150878,2.7187667354159406,-0.6606031743774673,-0.37934045562701174,0.13696333371243788,-1.981498311167606,-1.798513372193722,0.4357927960654366,0.9175013948066197,0.4436457026325468,-0.5385041528322853,0.1083512001631797,-1.2646114811649394
-1.0120724511808015,-2.318754210479037,-1.0536421195299632,-0.9988179152114146,-0.8556564229866275,-0.42879013505504016,0.40022813522373063,1.215210139798629,1.4560273639415873,-0.027423790828738373,-1.9985992242913484,-0.25370722393420475,0.08404424846116887,-0.7626158744546282,-0.13068859732282953,0.4023464181036541
1.8460673336036693,2.2972196022141538,-1.0992858687907148,-0.6119447334265438,1.0398572756317375,0.7142256572579405,1.7040405438361612,0.004875147852784006,0.12561584115111799,-0.7803743645901134,1.0282798816290515,-0.47251336057612275,-0.18641301314660225,1.0726921441610058,-0.06778148067403758,-0.5009423307096175
0.4137021135340211,1.4571767472933244,-0.946985790303759,1.032913313599426,-0.1381926351889553,0.7941864921819627,-0.07066109117205208,0.09140895581813491,0.3028850202891491,-2.3037628253188016,-0.7060004308530387,1.5492609132603723,-0.5232396741957477,-0.34379018066221934,0.08179125247241849,-1.5473271847516272
2.0725428825277863,-0.5485039023891579,0.2719399650281484,1.7446949297112675,-0.5802365139693448,-1.0960693527197432,-0.023627217022944146,0.010010524623887285,-1.505196973929937,0.6749098253338399,0.9547496049816003,-0.6515929362693257,0.8927240707161207,-0.40154931994990106,0.8655711934432347,0.6920628850237521
-1.1706742186414525,1.871521544259464,1.3878341672466896,-0.23986147926497162,0.30850019372477666,-1.869024938139749,0.19223903560773523,1.2107285902276221,-0.4185092160340269,-0.35869143567308714,-1.3186974722980325,1.56364836448758,-0.14561899637095896,0.4057283280190379,0.34374188156566715,0.5264493788489402
1.067275424675569,-1.967910370804042,-1.934274046051853,-0.06984129045849405,0.7948058839777016,1.0798011089693271,1.443482333030344,0.579982837797441,1.1553613366347866,1.0900801142743817,-0.4696065956946276,-0.6898789966474546,-0.18212973138323793,-0.16949137535053518,1.640458205491956,1.414039297781248
-0.7814605951641056,0.4573976839619583,0.01638359407225047,-1.2247955042314214,0.12156589177942041,1.5961199652163025,-0.37897894144492006,0.8531808983771951,-0.10225970851317363,1.565345592308038,0.7362990041526021,-1.069666989987147,-0.3789124959711292,0.43308879803880695,0.4408578616995066,-0.7480601267451221
0.7920307934614171,2.4413607905512644,-1.0623890304941412,0.23558402573654127,1.282496134976605,0.42121169744348214,-0.9299046705824621,-0.23677869109321087,-0.6748489323801158,-0.9855053858671516,1.011352871669748,0.7831182225034908,-0.7908106343573427,-1.4586220248402282,-0.15329671581345328,-1.7924907687871332
-0.008109768012743768,0.6093863104914535,0.5201890404011514,-1.2481444324949151,-1.4424017391668527,0.1595294143447664,0.43580815829396435,1.16947905401676,0.5211821741177824,-0.26385836947520847,-0.5171850959801274,-0.9446376827757164,-1.3772699755463018,0.5313564698981256,1.1307876468931428,-1.1395651298299092
-0.24723253620695063,-0.15906272540845504,0.9970854216555941,-1.2596246443300017,-1.40550109497224,-1.049919853577401,1.5189785804181413,-0.16305504269830995,0.1502485966478686,1.565892167744633,0.5905414149730189,-0.5164264658702674,1.6297633084679461,-0.8590668013650851,0.08314092121353014,0.502325167058171
-0.5042732623679262,0.2878857944909238,1.4250536839588477,-1.411505631427738,0.5798807388865962,1.2266304128467433,0.022210898016669693,1.451737706875039,-1.0469116886192529,0.044015368002559854,-0.9691626826611979,-0.8495066594258888,2.088263769665999,-0.04417317262091885,-0.3835531852520663,0.0044595749699363
-0.30607098393640614,-0.7437900420189002,-2.1144100567350725,1.63349842686772,1.8794104868951003,0.7247604707778739,0.220648201364492,-0.41000648115765304,0.4824702205269945,0.4435307833356259,0.619754693122892,-0.15133768164298783,-1.511373670201706,0.2699990684742187,2.109263465099982,-1.1239188007662682
1.718722284409747,0.5955845117821967,0.40130064805164145,-0.03608582498608516,0.7528476109499517,-0.8377107901178119,0.9263766891179547,0.7845104790974764,-1.2539880868962814,-0.3857885232697915,-2.312807633848542,0.1436038145000648,-0.33408422261384063,0.16928620627909027,0.9755149773870011,-1.1429960921382611
2.1652705900166405,-0.6668699478299916,-0.5956958532949684,0.019782696802790968,-0.17429865225530322,-0.39825740557269157,-0.2691383308882652,1.6757263510950606,-1.9776581452090132,-2.595481481669825,0.4974294871855181,1.6845137263922,0.17610570638682643,-0.17280003586728768,-1.8637544006581812,0.8458193345781166
-0.49174336354618653,0.9452191276217085,0.053416556485744365,-0.884417688937094,-2.3357090339333437,1.0239102830093008,0.30942393707476473,1.0211107477040422,-0.29436737154340725,-0.1480129310443797,1.62032237942362,1.1667905910376022,0.17227980360458886,-0.6249466235596103,-0.1823179619079505,-0.1874070542007856
-0.25195853884757663,-0.6237189295349506,-0.04908520427117964,0.6135739016867111,1.387451593892362,1.9954088285832983,0.16401221287658052,-1.9093005697409346,0.05229978847104657,0.7730451104621089,1.333818389287188,0.7116734903481039,1.1235673757521647,0.6795694479045263,-0.6355104929273016,1.5895603120487398
1.1652565417497798,1.152744611313014,0.5346124247704137,-0.7259641249000096,1.0129616239460575,-1.2405347418252317,0.8539428680584472,0.2293407706217892,0.09899661834533688,0.2488322307945175,-0.6156710804841183,1.0686837226213348,0.7199896801707008,0.19408477864126927,-1.0762352070338286,0.8612839453165698
0.07831712488551232,-0.0411264012367166,1.4463479057983302,0.1351544347904999,-3.449808648986898,1.3898291123721551,1.0871724464074748,-0.6976592146012223,0.24730260982414146,-0.00986251523362867,-0.0718740748956965,0.9835472817116054,-1.5489783961277126,-1.1207703415421113,-0.5012213400811819,-1.196560610038092
-0.08356687419025564,-0.7655067135287925,-0.9210635408400172,-0.9669245311633945,0.561351745107244,-2.184168802170362,0.7985663027249686,-0.8301753555643353,0.08891224051595382,0.6309537409569818,0.6921556323849614,1.588544023972988,0.0652244466599195,-1.6939038068502448,0.33001631832909084,0.2038922692519237
0.13486088108329292,0.6843116732835831,-1.1881336250052101,-2.100459421669604,-1.452089638976558,-0.7787902379478371,-0.16963041008837199,0.3515442628852828,-0.09271186516365179,2.826845569135375,-1.2600172906778895,-0.30440663011475944,-1.1384659484702255,1.443875844844837,1.3031801381569488,0.195208768797949
-0.045536964173815184,-0.2826245279598581,0.6559736649535819,0.45407475721824886,1.3704546102585304,0.8504552772265501,1.2226773547622658,-1.4625289301359565,0.759847778310446,-2.566702735386512,-0.0510751706722602,0.1566261696001738,1.273542871219547,-1.7705360162072468,-0.4439031685619058,0.0529677435138043
0.5295995398271214,-0.5926743610154577,-0.13454638855857026,1.1411445717306516,-0.9742963441905544,1.1262212649471661,1.6201860946896167,-0.06290128406332074,-0.29029665096603974,0.787633793823321,-0.013445623903849749,2.5538553733696228,-0.0682701095486676,-0.19287512097497586,-1.410279869340326,0.4976892511556315
1.5706913319844626,-0.2452484401066113,-0.8049097310950818,-0.34558041886447155,0.05327481277021773,-0.8889625486466495,3.0651791598499076,-1.3709868123978206,-0.29945506686713125,-0.05785609224329434,-1.0494496233648838,-0.4553211865369103,0.4429435986318124,-0.7768486035525868,0.2533084677604413,-0.3645268051057828
-2.1873761118504804,-1.6861543558802663,0.4596767826200026,-0.45746059943015194,1.0839441642916623,0.31280890412678053,0.46817201714992734,-0.861433088943425,1.810153400272038,-1.2136548827030484,1.2606092267774742,0.7665042048581294,-0.3485899113797605,-0.2083714979337977,0.6026573438052786,0.5446981123913874
0.5236276466254177,-2.461208054253128,-1.894818595550233,1.117158324766016,0.7914552533011776,0.6569455242330507,-0.9009973498253296,-0.11064786516240764,1.2813136898459947,2.040883080000722,-0.5117686966057219,0.24652800039999526,-0.02067697896581835,-0.2638547699965546,-0.2477589139849069,1.1205111520957791
0.5915417634589745,-0.971492858348371,2.335657693296511,1.216533203942423,-1.7675867870700697,0.1460054872938133,-2.3158007333883877,1.3641654729710837,-0.36377275636701545,-0.5740822706545459,-1.7295855081887521,-1.1649054244489019,-1.0377915788151924,1.6181556084631252,-0.2061931827587926,1.048002259433638
-0.5907911893165029,-0.4516901707936425,2.238938706047479,-1.0115712490237063,-1.0828271606153044,1.0690898993452929,-0.418272982409026,0.2075548188861896,-0.15046976383919192,1.0730028080900718,0.5772077199297697,-1.4156466411391024,-1.191203832409274,-0.5086514999180303,0.36858013739336437,0.7099112882553567
0.03434101378475028,0.654845439107927,2.565397005507108,-1.5044095270331301,0.7489159711473097,0.538586076405645,-0.45920382057954456,0.36259296838796956,-0.7046334589654119,2.312760349860543,-0.36867941153466477,-0.06383461902331998,0.9488476229437914,-1.1171532488936746,-0.34223472226545576,2.132780041083026
0.24429027787169955,0.10328978932647763,-0.3439866868193153,1.777960560006105,-1.0423571009871395,-0.10659089780827688,-0.007475803550212363,2.0888038018142625,-1.4247755009322678,-0.28397731994160946,-1.4566022118301747,0.30105231115377706,-0.40562377303676117,-0.7630237082842859,1.5612150809647285,-0.9032357271853708
1.8620087595082464,-0.2120867055832093,1.3339973968484344,-0.5210627270207717,0.1249957810753009,0.028217338710377016,-1.4844804431707952,-0.7631932248368412,0.8144385896742712,0.803993467144186,1.0533873112510448,0.12686427448813412,0.1265763376258716,-0.0793800674160961,-0.4801018742343148,0.941861064512837
-0.5961401510537937,-0.05934282699347953,-0.682397674248098,0.6213420915977449,0.3289078804097631,1.653638361913534,-0.5611165278840111,-0.8322124262553647,1.7092004105006147,0.7894627162713532,0.13375203672533306,0.9378409916810865,0.8942401903974476,0.1869724036870475,0.5206968701876862,-0.1916402251453121
1.3519467844469348,-0.20492725858241329,-1.5342129434037268,0.9310217051174569,-0.715423741441349,2.165241575661217,1.783546318955218,0.39422902389761555,-0.4072530764211594,1.0387969122939733,1.6483412651630356,0.16030092418203093,0.5220928766834331,-0.9944432988369958,0.5775659689966172,-0.2335515423516919
0.24675687847038044,-0.21401640944557768,1.5296899755594062,-1.1440244481211637,-0.5084441326723229,-0.8073183669723377,0.19369705406688342,0.17508276951718674,2.2273182896454684,-0.07998428740426387,0.6258275709856318,-1.0683829335700032,1.4800060814205707,-0.8995011435538581,2.2224221530720065,-0.1942028980693057
-1.7867626248446604,-1.9501722338249785,0.16640397352246042,0.5156743074187934,0.28033668421516056,0.7061639916126384,-0.37038816055931967,-0.6622875570042587,-0.9771480130867793,-0.4098780686957443,-0.16120081446668205,-0.4127564751532145,2.5188908966739953,-0.12905567367231285,-0.3939112934442502,0.662115341021946
-1.3089515854392437,-2.334670680863677,-0.24528288098697296,-0.424958596841335,1.2674453806140262,-2.626598716323279,-0.07270249606592182,-0.15973014467150615,-0.28635379174506126,-1.2105491516435931,0.6421962435714281,-0.6003019283015708,0.11511592081402652,0.29842812267015867,0.6099746354345468,-0.071542012746706
-2.322128670428794,0.19308534134608502,-1.2672427342509716,0.56063840401038,-0.7993071047485896,1.6937319253414094,-1.1498814025693214,0.2034733216046896,0.04700101533128771,-1.8974461745470004,1.4028272065761378,1.0543157722874164,-0.4557284773061042,-0.9134855435084953,1.0206851903937684,-1.1952836023680276
-0.04588288580390501,0.07083412986120315,0.07124748980276314,1.6165134282619216,-0.509307720830645,-1.4785324341678296,1.380025884441355,-1.0960779276135961,1.1752991004211928,0.8020878669784532,0.6421306557738935,0.5696997552214739,1.1012502996238762,0.00564458788401543,-0.8858494498760643,-0.6246112759440979
0.06972048796029072,0.5797789858659854,2.1241376397306904,-1.0554633741454988,0.4866181467495886,1.0576833359044377,0.9463600397175719,-0.10381607946745953,0.2070546006908978,0.2945703200030819,-0.045620426588095474,1.1766502313456366,-2.4560697614995712,0.6140352911960457,0.9815337599527502,1.9505992425327665
-0.44902759202941606,-0.2589096358730399,-0.07913733377284113,-2.1193517607513206,0.6925547142749732,-0.7757855667961372,1.64904898840868,1.3025853272762333,-0.6863161814745063,0.2779919619518036,-1.74162634470876,-0.17094985456261,0.10459074466925264,-0.9790304618607015,0.8902726535994525,-0.7974653518252061
-1.3823661312534634,-0.3138588133152092,0.6042327545901681,1.6891615199196133,1.274209254123155,0.1961211870254685,-0.14254554878990103,0.6755089566077457,-0.895317773813393,0.39707106212308224,-2.160226454617392,1.7495631198025108,-1.5199063888480817,-0.5334757046736132,0.5185470505056923,0.1604922629385077
-1.0619463425354796,-1.645242545312434,0.42966468492259324,-1.520636398267764,0.9715322397973418,0.5946625123423607,1.5901614069303645,0.7121794663519312,2.4666793962359996,0.8510189206694362,0.5514238597297617,-0.37085862315370755,-0.0327507992171265,-1.0908645847815568,-0.15374343198352872,1.1969310967065694
1.4988228041718226,-0.3168928471704574,-1.3123358913610788,1.6198322216256515,-1.5896017850849566,1.1706522145729263,-0.8404841156492864,-0.21524809963902974,-1.4729593797348872,-0.8819805288299082,-0.25664505605954846,-2.7094400455747794,1.2761248407713346,0.716739774192575,0.3424318178850942,-1.2681948864432029
-0.2932899865182066,0.6334169423081103,-1.3757896199732722,0.09867845607074674,-0.4684670471836575,0.6790815837636199,0.44683559326807576,0.7257354125281567,1.483337391792743,-0.04808981357488717,0.32876041443312165,-0.3244894564265113,-1.0220845606982758,-0.2672382037279131,1.368495804086816,-1.6422937942295797
2.393809252386266,-2.2329690258753296,-0.2235463422261805,-0.8894130443343611,0.39746739879944626,-0.0885224182251804,-1.1527531649363414,-0.4087342838236455,-0.355389913571126,0.5095742514444763,-0.42266816385505945,1.1771476757735655,-0.5196186600875592,1.3108754721672327,-0.7132691037026238,0.5490598026563736
0.010612013795785885,-0.9617749299721927,-0.23752401841347628,-0.7018121531381897,0.2253303906960978,-1.7511443425662294,-0.6600035899788556,0.4789626001514106,0.6666678002081096,-0.3944283814072492,0.5806001120791622,-1.806154493261809,-1.1307790615373534,-0.17613630543370026,-0.4720825178711576,1.1001925615974102
-1.095658032035442,0.49563902396662923,-0.6007066554620936,-0.941181986718985,1.577723032925272,0.341141384925264,-0.2112476520298717,1.1947902288811594,-0.8054448584882965,0.1393339328369409,-1.7492775038576323,-1.4634598527748157,1.0417692956744538,1.2571969161105865,-0.7149920518844733,-0.4542648337589794
-0.4368820619155507,0.6943820752322769,0.6987210681393059,-2.548735598527116,-0.10882149071527542,0.09105867818745633,-0.5725861164994517,0.044565236486768446,0.7219371808042565,-0.5560623201894419,2.1305601570742847,-0.26495707253606393,-0.08376643893579698,-0.17205052912425325,-0.37355333010192415,-0.8656256515457063
1.5404938386455715,1.472529703823634,1.1032285245903783,-0.3464851215193848,-0.855692273434991,-0.6595937447624564,-0.1818977366542307,1.2700195460855022,1.027714114594868,-0.1325500682007574,0.5427661474828344,0.5256812887011144,-1.433195190638504,1.1136796829376103,-0.38806708586202815,0.6693206744912477
0.13400829450900564,-0.7490015749132871,-1.3046588561707086,0.30472478039888273,-0.3426839053696309,-1.1306175015764797,-1.730700834837586,-1.2525771704062532,-2.5952082525727853,0.3013374050864636,1.722891771569458,0.2288208483091079,-0.0576694315348141,0.26920613919705416,0.7103042399686051,-1.8118254894115469
0.3326610374236853,0.6130124586516037,-0.6263760673031221,1.0991916509862947,0.28305036768170927,0.48325619608219617,-0.1997751954166321,-0.6037628471147697,-0.10221844689146838,0.6717120329435694,-0.6812999759855309,1.1506279669311275,1.7275829824446214,-0.23782565192285995,-0.31077118666058073,-0.1441258646549609
-0.918014041017521,0.7369297359168616,-0.2798342400530079,2.2765576236947638,1.8593698362180808,-0.8841876459849809,0.1059958668973388,0.4771698563468458,0.3553598779862144,-0.6741229985889001,0.31628308102575414,0.3212298830583358,-0.8624270904517041,2.1068854512115758,0.7707102166551473,-1.0685555806787348
0.10612635718579547,1.68724079608236,0.3883411669879173,0.25897324501321317,1.1728820864323986,-0.1323694192823259,-0.3674077320837625,0.8478349137743866,1.2298900838707705,0.13815956502530533,-1.1217926715839028,1.797008503240077,0.3695803750966608,-0.8760705453174222,-0.3117749609928566,0.6053470427426388
-2.1683001253179186,0.9684418069200325,-2.906448765143979,-1.808550698731537,-0.2610459595120031,0.7192379775493095,1.6296282976696594,0.21380380921180125,-0.9101113756548544,0.7160572796569443,-0.9713701798479993,-0.04584744594262475,-1.4908789838499081,-1.160280942820382,-0.43248933679619134,-1.56399012081763
1.0542827529363792,-0.49297879417951945,1.165385492094282,0.622537292780954,0.724508016924452,-0.1385894575122282,0.3278280906026478,-0.7124251368295965,-0.3655986536553583,1.1407277772698343,1.0734095011454459,0.6149378177467657,-1.0119818704493897,0.6183732147678724,-1.2432443213101834,1.3825496759226366
-0.08683539246511483,0.8332315880076153,-2.1406801922422525,-0.336036159129186,-0.5613283198381751,-2.2460657441795506,-1.0250473516658172,0.029040190857219265,0.3115826286024954,0.8628667773974682,-1.6009123763133541,-1.1440955105129806,-1.3167529449237587,1.0187893669083556,0.08021137848865055,-1.9983065107930889
-0.4553161179946958,-1.3254214886868039,1.3877736066096649,-0.2036635066190642,-0.25197941912954924,0.5816588341124947,-0.792510959265525,-0.603735271920505,0.3302040285762273,-0.39040348309061035,0.1142004418809449,-0.5031668996408087,1.6380240476847199,1.7522506573684518,-0.8292692293290311,1.1390861426494363
-1.8795447404869996,-2.2781187299980328,0.5532936132983389,-0.5664180708233565,1.2235642634463315,-0.49381899650138644,1.7377116407799729,0.3735049570561533,-0.7267296836923087,0.46089342602212396,-0.3952494665299904,1.4743054676256875,0.3748692756662029,-0.029577766175626095,0.11057239377274457,1.6118400033826918
0.7952812829499458,-0.07282691497978852,-1.024740991161086,0.0820893323124131,0.7200410801738609,-0.2766644292729739,0.19309768597243307,-1.160323964782333,-3.5185720150377766,0.23789704873079215,-0.34030995191817054,-0.8939283622147263,0.14431160160985806,0.03585182802159909,-2.0015519532452424,0.5568277204795963
2.3266209300715515,1.1604930902197932,-0.6197525643510537,1.0137999293679003,-0.6473705141200126,1.2311913155055918,-1.1422650902823013,-0.2055003039418269,0.759553968905671,2.1224274686742697,-0.5369020486648868,0.23046845746885228,1.2984076831455715,-1.7618400172289734,-0.9053687500651824,1.0881829187839445
-2.3119439492929703,2.0734890283494556,0.7838334249316249,-0.30406550992865805,0.8987648062367563,2.022862774046842,-0.04719880265594319,0.48275532385843895,-0.4782100131523729,-1.1830476131145944,0.6777739260146546,-0.7447640535244054,0.837519603704921,1.048052046299519,-0.8860277070029486,-0.626616163027493
-0.4436296966835273,-2.508156947788378,1.7054826147287292,0.4082511877032807,-0.5672192687693579,-0.27326585512596424,0.5292890908621722,-0.28754846324857186,-0.6264183819376072,0.9421676154767308,0.06031622433790403,0.3335711701940887,0.5737808063324124,0.5807027908577408,1.3638798101978649,1.8027255703041731
0.9668237051634849,0.003724921779208185,0.08411743706900626,-1.4419164595104712,-2.1823311175781295,-0.2494403924792101,-1.883232779635183,1.5361211885559483,0.17973973967427032,-1.0019038514474858,-1.8466500116350515,0.17898781028264243,-0.15920406981617194,0.3989612701287842,-0.3519464610149353,-0.2550104430772977
0.592563268661139,-1.006347479211361,0.14108425172691033,0.6600503612241291,1.387301481110064,0.44752163979441867,1.4612498193332102,-2.632233286914514,-1.1145083275037437,0.15990550409028984,-0.043674560811513025,1.723878794064992,0.10913285497506116,1.1770584776298385,0.9317134950778634,1.0207629935137257
-1.9812946716155617,-0.5247819457956056,0.06370728074303364,1.0162643759507457,0.13479007327453338,0.3540690463225559,-2.3227174389170493,-1.3368046775940072,0.9483945719752161,-0.9957082387889539,-0.20107381659482576,-0.3400281095177545,1.100634381257172,-0.17182061116253453,-0.806674101746064,0.5447104821072905
-2.9526282212959223,0.45553185211612285,0.15730107343201627,-1.2262398599978714,0.8043726696054968,1.8247402110065933,-1.324160174122269,-0.40426855153601055,-0.04622009944269126,-0.726995348222716,-0.588815222013127,0.38376377416792673,0.44859896336756677,-1.2516630914003306,-0.21078906735574296,-0.0718640569933996
-0.7205201312668333,0.6322363559430396,-0.12903351277381603,1.5624216708387373,0.9826959207207728,-0.18788886905724692,0.9891270477794462,-0.8350559489488381,-0.49525193829901526,0.49258586209857974,0.2699310087253313,-1.1332895675587067,-1.1938065706618453,-2.1412800759971886,0.5409664939812432,0.7201932492399968
-0.5407337120980821,-0.9653102267344393,0.6466139874804754,0.6446363638062237,0.8927545856776468,0.5551160129771296,-2.0586372144672183,-1.1692420843801694,0.24502633062691503,-0.6351662759613883,1.0661618833269015,-0.553501793114313,0.3543729195418154,0.6576463911146139,-0.257499156688478,-0.4019361549587408
-0.2819287924080987,-0.46704440467919167,1.3395069082698123,1.183034770294004,0.4598221831904686,-0.21853688233351007,-0.19717155395535707,-0.12958852678049432,0.509682344558431,-0.10521549650203751,1.172413480968208,-0.49002768839423383,-2.559782754623249,-0.6210888558958728,-2.1372137720825393,2.432117734509806
1.5961196732834482,0.1177161737950886,0.31844750790322446,0.8882870093985396,-0.5463448252387344,0.19649833709612033,-1.8644719103865828,-2.174910566938894,0.21594566074725136,0.28635867809248206,1.3900278001961972,1.0605703299602132,1.8522184927796994,-0.15506815422984022,0.08796288947271733,1.19124836247528
-0.9522225443191815,-0.4582700822963564,-0.22931749915683766,0.22373430306263842,1.231851415955391,0.06772469366686419,-1.4327591646308784,1.0796892887788831,-0.8922922328772385,-0.22958716335245527,-1.3689014035071356,-1.4315713560275005,1.8278793970064904,0.21470842359898984,1.0830351441668957,-0.0296108484325601
0.5780881844089112,-0.40007931727919255,-0.8527253026447864,-1.8847080373006444,-0.05165809002091322,0.6293065033360109,-2.2342444172263245,1.5217757141155037,-0.9514962317120988,-0.4090797299290601,-0.24012138965553695,0.5310265932180593,0.2758020044367998,-0.8821785414018684,0.46903863895869263,-1.1990998343910615
0.2780296155959647,1.1591622924561218,1.1530532717746553,1.0960704650317115,1.2540240783009207,-1.1404672564607008,-1.409798449159425,0.11487760833309651,-0.5355295682154273,-0.8628079546113925,-0.3229635221370129,0.047765497071601326,-0.14895624207287697,-0.662332792376504,-1.9946206472686066,0.2441205461829479
1.5967068837558667,-0.8875677642831589,0.04211872908960572,0.588168578893206,0.3747958711505218,-0.358679399095772,-0.5501743437765779,0.6984988079381409,-1.3122338077434224,0.45243253288685403,1.8849260346287207,-1.9889235901557014,-0.2966225175315668,-0.6960256903668212,-0.05697137462468157,-0.1595922168501448
1.858559635709469,-1.918768179562495,1.627457871362628,-2.7952026838230144,-0.5708325239767982,0.2482294904498686,-0.5963340546376249,0.5617598675090262,0.148507284930354,-0.4939480167434049,-0.9838948482445722,-0.5366034449125335,-0.0007554187509881717,2.4526952126359505,-0.46126616122615033,0.3938957688127294
0.9982122427986945,0.9845909328600679,-0.9413262324851316,-1.0895514043443884,0.49877145685236796,1.003589853778395,0.3432102214721166,0.025827839638947424,0.18248286162914856,-1.0209482001237482,0.5743118185262343,-0.46844124157151806,0.030697865340205244,1.495169139928676,1.4833481938480808,-1.0707021651369488
0.676341673068016,0.30901848655728126,2.5213142982174257,0.17186236318815168,1.4050572025564025,0.32732425128171255,-0.6521809442153823,-0.5340189903255903,0.6569330739131989,-1.0643653564547138,0.4617451891802874,-0.9898073972086305,-0.6694249564528457,0.5781365842719989,0.6281354433693279,0.7125264363456771
0.5692999346265579,2.2713021271732647,0.7120138763795081,0.21513397019152777,-0.7098121453877869,0.11448324235092602,0.3825599674483386,-0.13018417502890794,0.556880537497307,-1.0348340601395247,0.6203040585765329,0.07599677541597034,-0.5322871266145388,-0.6670363466385978,-1.3475424188368792,-0.0682377538988477
0.819796476151466,-1.039185444414328,-0.6558424901902622,0.17320214670655565,-0.40073244300493405,-0.42857279842467144,-1.5452403357640865,0.5664612432880419,1.1098241915907445,-0.3657848787015053,-2.3965509866873536,1.2506241275112,0.03806900617910844,0.745094360554766,1.3332767194639805,0.4865279014198897
0.9051288169786991,1.1631808560395887,-0.9632471334522711,0.5015123517861532,0.8611791264560912,0.12637736101382627,-2.4049238222911566,0.2925251458129369,-0.3869441475529511,0.737354871414035,-0.4826248178867584,-1.4922158678610378,2.0688479586030906,-1.5964286478311325,-0.9975424679809329,-0.9082096709344658
0.8957112224050297,-0.9139553844084833,1.2313957454459064,-0.25291868871287554,0.6977445777011817,1.0025209080395363,1.679361457047628,-0.6084580922230108,-1.6779182694215256,-0.3541969197382612,0.8946941947338274,-0.5628449345769838,-0.6206936095328756,-1.2969838319369102,2.020010315742291,0.8036741377554195
0.8917120054768785,2.3300834848525245,-1.598401182815456,-2.032257322089371,-1.0704853300163946,0.8282566321027405,0.14915486671058656,0.4419098394958999,0.6994665626558099,-0.4067358676699387,-0.019333611115867545,-0.1671081890733703,-1.2896316076487377,-0.08834099146195164,0.36908009973471134,-2.3065433038288816
1.3170053439463374,-1.6071039430617913,0.18519819585669725,-0.3730452958480571,0.7018691231029647,-1.5041832471480512,0.13782381801666752,0.6510823718220513,1.3428382053065404,0.8129742849231331,0.6270727901834523,1.341244056877022,-0.605286202500365,-1.0620166093949637,-0.4429319757642342,1.4411627660323436
-0.3037929039847498,-1.0546391559239354,-1.5731286941399958,-0.14629472659228784,0.31210838530716517,-0.10107022079040506,-1.285462385136304,0.7296211245864554,0.19735851742396246,-0.7750716976868345,0.7231325177392143,-0.41676281463096465,-1.0858245471791121,0.2360722537252575,-0.9625952317555345,0.6177471035677603
-0.6419209377372646,1.4803380875198382,1.6567265355443097,-0.2659182137846432,1.0793781026927247,1.120094915193866,0.4607427275314832,-1.092383150077041,0.04831194715962906,-0.008138947525142465,-0.6431555596420929,0.5432888740277062,0.3156149763257274,1.014769775861621,0.3955926262502875,-0.0986929508853592
0.9833709980839157,-0.8583505402102791,1.1263301713691949,-0.43154856510223527,0.45629856255792983,-0.747646561115216,0.4927698332418383,0.932456483350114,1.638554577672815,1.581064277664169,-0.5696954297804274,1.0933327694985142,0.1833370065587521,0.9311264723242452,-0.919122460680675,0.8243820206453463
-1.286709766112422,0.09017196949931423,2.3512665345181776,1.3166580715564233,0.6153730050382561,0.6070547898057373,1.3055873075596074,0.1873142087112111,-0.32795002477433705,0.30084899447975,-1.4173421907833865,-0.9011065472633091,0.2536904182405919,-0.25390608459252456,-1.4049239315995965,1.9252338903305368
0.7784912206359216,1.5746578281297021,0.10640539918856586,-0.3458259078457302,1.6212822782374001,-0.08214385651217188,-0.33019550190630476,-0.28501394291655513,0.9492049518080453,-0.47609745218969957,-0.8347893923090404,0.8115600158174306,-0.5163488448995668,0.6299438228403972,-0.02414889452065036,0.8172207624721693
-0.034986325920067625,-0.7052067056558592,-0.7786733770284217,-1.530592232286048,-1.6046218485680004,1.399597682643634,-0.7297085758389023,-0.3369845740698646,1.2205183703283982,-0.33571649902015527,-0.3560194569579756,-0.6553136400704488,1.4104212705201513,0.64153395217415,0.684790084660589,-1.2363564819359765
0.11712476602908914,0.9308677462139574,-0.46505455334236623,-1.727299779437434,0.5639864251383471,0.6573654223614737,-0.9447748057311895,1.4940562126655994,-0.7522512137293005,-0.6413365429149768,1.5136429094717918,-1.3730225160832623,-0.9701781276189421,0.6439150695737272,0.6730429941076814,-2.1951400702722568
-0.014165538739399467,0.062139301216295115,-0.3577348847788032,-1.054909970945108,0.5707606865231208,-2.8065544427687725,0.9127794382606905,0.37959584982697786,-1.2986892218248616,0.12175191151490287,-0.49476295569790707,-0.798872154456739,0.6361798935479256,0.8666073806082429,-0.4157563788368968,-0.2485427822597495
0.8954418553033519,1.9171310559204537,-0.010623028374897304,0.7730363695356729,-1.4810804414933134,-2.19534697024422,0.28332379512174166,-0.0715550054580683,-1.680872416466263,0.6745281186164782,-1.4470350000168888,-0.21062026940702167,0.8449776599449738,0.37903307214514864,1.4307766015731234,0.6775537442125217
0.5117910955591662,1.9926299952169797,1.670444940461203,-0.36684318793557563,1.6335653998673185,2.2571679385929038,-1.0015769256580904,1.9112594109191514,0.5656972187777539,0.47381899986402637,-2.106342210917437,0.4380229076790049,-0.15189736854533187,0.8827080490590038,0.6084744550156044,-0.287080767040574
-2.08691693373236,0.6956556155629334,-0.06721204984366842,-0.053367974571688306,-1.4550714234292996,0.07229863747016116,0.3323320235558171,0.32666927014508534,-0.2591004621639294,-1.376270230381911,0.876082479134649,2.410670212964019,0.13508519654456652,-1.2522181954777045,-0.07463128099962782,0.0624056493537033
-0.30528590968094854,0.8681779816889259,-0.5039719730054141,1.5894402301130957,-1.07136878087933,0.21984701499803927,-0.41034878748987635,0.48541706132943935,-1.0506587459828025,1.1975145264039708,-1.7294450798830443,0.8574089882648579,1.238467877046939,-0.031329959426604506,0.26327063524050603,0.508865921427715
0.7159653412994184,0.31042639944395783,-0.8922284098515364,-1.1741974671796824,-0.013625007158200827,0.39840221467215386,0.5853156407134406,-2.056242178325444,-0.5422566949603634,-0.005082163216226713,-0.7923932650927351,0.7002223201294904,0.99129943165765,0.13334660452115954,1.860810506801843,-1.0204077854627265
0.586135965394434,0.2821773488043446,0.05218188178113508,-0.6840761425747636,1.0870464665776474,0.6547631357043774,-0.3053048165559747,1.254632060579066,-1.598004445339719,-0.5013016255294099,0.8566385760231593,-0.3333918463906758,-0.9931679578209728,0.6229424996742575,-0.7092695575457743,0.0463219098116812
0.6583844062146897,-0.004956950953812192,0.36805473463495586,-2.061021514392384,-0.6295526128843937,0.01801272230687632,1.5748709703684276,-0.315540616729288,0.7440827038466841,-0.4253722042735329,-0.3564298047015296,-0.2887560243852022,0.5150829501222811,0.8865773861160532,0.9090910223700566,-0.97181251123207
-0.8959212656473635,1.7714585253042185,1.6698833585983521,0.307873016401418,1.4984681607324453,1.61815389203202,-1.3685146635916656,-1.2235393730326016,1.4668661433808865,0.7316860146618409,-1.113430146334405,0.5309875805295058,-0.7594782611003057,0.41785178610424517,-0.855044442031353,0.2289347731267866
-1.7029083121950828,-0.6340160181565317,-0.2508291275344154,1.242472680656782,0.271061655297538,0.27589709151297737,2.1262137494762867,0.8171664669912195,-0.0793130443416711,-0.9561460232754917,-0.8670003802262549,0.6240510572460448,-1.0832017907894254,2.2746595500824305,-0.7591923244246618,-0.5665065983890403
0.49692366492778406,-0.8509897580519628,-1.7844932047243127,-0.19332280077467756,-1.0297523995358047,0.03057389921708624,0.5853233538645938,1.4092101688726004,-0.3537384594398767,0.5268626676012572,1.1045135521916198,-0.15470100615183263,-0.5355450405451319,-1.3179791386683157,0.6485053543172253,-1.392442070111652
-1.0288695809193207,1.9272871462046313,-1.0137684924543908,-0.7217395793869614,-1.3351343974120862,0.3528728180557002,0.6968934969204714,-0.012752525892894004,0.6015270682345596,-1.545991605212079,-0.006164090227449936,0.8400846733252784,-1.6660778513516146,-0.6452976714310039,-0.1294819242356642,-1.5876994124352994
-0.41356060835313263,-0.16118252535132768,-3.0990661547054783,-1.4486426903391008,0.22095257464125934,-0.21570270778266493,-0.8292185584752372,-2.1692601524008563,-0.4270612034280175,0.8540893165698571,-0.35406022958748185,-0.055340958856047937,-0.91692523490658,-0.2852845097967583,0.9267120025898873,-1.674500406812885
-0.18239227821244214,-0.47598979405412034,-0.4592567569720339,-0.26845191038554866,-0.5328493634443131,-0.6795606825526854,0.6395494952451063,-1.5858314887304057,-0.44342147316849495,-0.08839097584085648,-1.1349653464186895,1.2941029968433417,-0.8068414357532474,-2.62063093861582,-1.7367332512109286,0.1561261558869273
-0.23935898664075825,0.4778005618076101,-0.3443109532063497,0.34340582294496075,1.1602201503481993,0.8923251258551568,0.07021929851903276,-1.2060695193503645,-0.6985830050292681,2.248744600044605,-0.6854759634991353,0.4705806552670332,0.5238285145899257,1.0377663560699288,-0.07064400331822854,1.5748971262678608
0.49714014361255443,-0.1941524881855763,0.5007007701731555,0.691426056495932,-0.15926016840864402,-0.5242389504354291,-0.6969414440731488,0.7198180339714999,1.496345395324074,0.055415343305440026,0.45815626715464347,0.4115196384429976,0.1171598915951077,-0.4334267721149796,2.029099397752292,0.6023249178366554
0.8411371288389022,-1.749748344832373,0.1896600221096079,1.1180355467731928,0.005625618258224976,1.0946717515095825,1.9262490387116566,0.16409422502822013,-0.13854487577222804,-0.4668898473243258,1.666525926651738,-0.684964766157891,-0.12489387578697675,0.04735686793317853,-0.1714439179270926,1.3030961325861097
-2.6672156491948478,0.01248695365875626,-0.4424843034520765,0.016880128901623197,1.8940937637837707,0.4302911583970499,-1.3238418107352434,0.7027506703214853,0.00856195063321957,0.06719449860055206,0.44665926664755196,0.46137741748550426,1.0863736937343282,-1.3413918765443495,0.4519804543693448,-0.3631947040105832
-0.9346265201044122,2.941167810987338,0.11365032826672092,-1.3970316846027353,-0.6772229979898294,0.0055937718280039605,1.180874102420137,-1.176630680509165,-0.25029823243252636,-0.40899101118883574,-1.2798229984274399,0.845105466371857,-1.1486651003671076,-1.661932517285853,-0.19885255816583397,-1.2559111552702356
-2.5568156416237184,1.1122874908655087,-1.7547235531578063,2.065036974054276,-1.2788046575945504,-1.6079266434800659,0.681609341960124,-0.48699486895239746,0.39565381773157976,-0.2038271431685356,0.17389963483205803,-0.6810653459093267,-0.106938882575023,0.621043889944161,0.12935619933765938,-1.5183956289629716
-2.116664749333365,-0.2821653213451329,-0.5101317850761061,1.2070546035655967,0.5314733967190309,-0.9074199981326996,0.4296784367082385,0.9605293560483839,0.8362430878902801,-0.14067635639551437,-2.0816304489476125,0.3679151482796838,-0.5522494031485239,1.28716048981234,0.21519621781948373,-0.2823657152648718
0.7001236698787341,0.13857057918237936,-0.4221930802741851,0.5582129706843633,0.6766504279396605,-1.9484657724801568,0.4445994038287798,0.889869951737404,1.498364061016524,-0.944647021190584,-0.19078221457802802,-0.2477255280241188,1.178548389058047,-0.03936303766568491,0.8234212603872266,0.6230865285093068
-0.30597078324524934,0.4321564374894919,0.06219007053030151,1.066852601974444,-0.5711864959457916,-0.9777999541520025,0.5188827047203669,-0.11969461625550953,0.4218068530136529,-0.28303465108266274,1.8441995267496252,-1.1037816520754697,-1.58395173715898,1.6224846758384155,-0.17782445420323276,-0.4667038159826599
2.295438012330689,-0.29030805655772146,0.3197220213342481,1.173836289847571,0.234618529435818,1.5983218193560749,-0.548149353116025,-0.5472389741644522,0.7203954296529976,0.2568202971339404,1.4609408744312289,1.3377467411219126,0.15329437648680538,-0.6423203563733837,1.3790608637785484,1.3838169985144686
-0.6830991367766424,-0.265232462244267,-0.21709198332987117,-1.1037099719448669,-0.7599852812733285,-0.6339343754787563,-1.6637450427958627,-1.3057343230450227,-0.9285767942689024,0.3047182958125057,-2.307177275058111,0.5013232198619901,1.2007385900377183,0.6435792426745421,1.4119230911743705,0.5276393176864949
-0.09518505248691893,1.2382171754329856,-0.3546819142152655,1.8508370024982188,0.7062301470106047,-0.17690277119248615,0.28797122894906596,-0.9628513518530337,-0.33746949788096087,1.3164122418702586,-0.49078983819954564,-1.095156175536929,-1.2415674432152382,-2.2475591372909167,0.08045975530443956,0.3240122513747713
-0.8778899797864081,0.24816145353776467,-0.24107778117385759,-0.5621767007320757,1.2640352654542817,1.5832035677960614,-0.0354433918916789,-0.7513673948282549,-0.9968873337731023,-0.5116529811949316,1.3131544406923321,0.8294918712525763,2.728341761114119,-0.2810273138674971,-1.8010470928904003,-1.362733609813653
-0.9831713186864113,1.0403011321387563,0.7377834386714223,-0.172076499712309,-0.14285656139705172,-0.3936157259960905,-2.420761071987867,-0.5951671953645997,-0.05515475070795811,-1.1076349928466707,-0.22761700348398897,-1.147877121068954,0.41688493441861085,0.8414048482298856,-0.5446973259746549,0.1839189990731443
1.101194521134114,-0.6519695497422067,0.196090828231107,1.070426380820674,-0.2806700225016949,1.0172222976836187,-1.6446315620299894,1.0128633549788677,-0.7772300356899574,-1.7077324125097144,-0.7858699329312886,-1.3993157580457702,-0.35153926508341704,0.07121016661485084,0.4139678815026728,0.4613469139860245
1.2311920785335433,2.176160909253794,1.9408836675066785,0.46240660112850673,0.02458514887663992,-0.3680094477440052,1.3315787839870497,-0.05493210732366525,-1.8194243915125785,-1.4149705064281268,0.7365165904874773,0.12312934047184902,-0.6219941834176049,0.06486950340173285,0.2925305197651134,0.0764295782201371
-1.9495699704765177,-2.078641165077978,0.19427361566345244,-0.3721677967138349,-0.32799899210660854,0.25292539824753707,0.9073262431314427,-1.2862141520481247,1.1058120234805096,0.44986462998700044,-0.02090020033930665,0.48741661509784795,-0.8084518395773939,-0.07183549597831977,1.1746859242618042,0.0078940472034735
-0.7578384403871006,0.10274622624886665,0.13962641668057996,0.7518811891456035,0.5656016693194059,1.3053552792432475,-1.351421090561437,1.2783997768241584,0.7640509909428294,0.5228447681281536,0.03246614873428363,-0.432189401492803,0.5017644823154361,1.6561395878728173,1.729957568832765,-0.9302017152252764
-0.6638906739167414,1.09968508766692,-0.12676690323466788,0.26064536120785137,-1.2023377652812752,-1.9402370287364559,0.1806031527177328,-0.8857302595179609,0.5182230325782226,0.8297651899193832,0.04325996244459926,0.09758251153939582,0.2628455564025252,1.7812842067889505,-0.5114614391577025,0.0569991941783802
-1.2052415470927393,-0.5444973186803893,-0.8193233376292633,-0.5405482013768662,-1.9230337998635478,0.6605797120582766,1.6737764875914187,-0.7901316134289531,0.07344951381238492,1.29249095207805,1.163119721451971,-0.7986106347380972,0.09137646034525303,-1.9964129145795522,0.5149067694550947,-0.4044642771471354
-0.05035381241823185,0.03503194790962708,-0.4197350407408146,1.7306369776502626,-1.5717669256905933,-1.0055593167119965,0.2689852242090042,0.2872873515177708,1.7278789114684039,-1.2645754794847912,-0.9689970354357413,1.7595412751895265,0.8401407534442732,-1.0644819600970166,0.63324022529081,1.404232336546126
1.2276106776292732,0.6771121480275916,-0.8225206987177733,0.3041398246194611,-0.15035069415833932,-1.0532491298086937,0.29013452160506215,0.9470198482044032,1.4219204457110786,-0.0866106002670508,-0.7473636519765546,1.0365902788467936,0.24327018631096695,-0.27167364760144214,-0.8196290281340164,-0.0976820752806039
0.7068255059997041,-0.38010452703031594,-0.0645369023740069,1.5927741455834217,1.6494411105093194,0.38534836582399146,-0.34170942349297584,-0.7674146738922578,0.24170569661189048,-0.6183997844866863,-0.7631914188886191,-0.4777141887271013,0.7339994020269923,-1.6116420754006502,-0.18296908621431096,0.3194476643968927
0.8551863513393829,2.016965050626648,1.4138107469141339,0.41838376202042765,-0.06531765534528197,-1.455808194760022,-0.4461376043551656,-0.9180294612749557,0.19848118334027387,-0.4487179527959559,-0.4195626280202502,0.3601433081214507,1.3402871583029985,-0.9570025282683133,-0.27000729706116955,0.2090872611566451
1.2055793845861718,0.4095508909481073,0.7375830991100423,-2.1757232919026874,-0.5897131189026829,-0.9309189055120324,1.188491839333172,0.9332807260674527,0.1215320925217528,-0.17941242950408526,0.35708731035992125,0.8459246909238718,1.7222805301087654,0.43641659788121706,-0.3388799721645159,1.5357147434878629
-1.4919063686137897,-0.9550381330524513,0.25152388837355444,-0.44822991226856684,0.08211163359345108,-0.4815119940474134,0.23483115316232195,-2.9591167234660394,0.7215568833542703,1.0181236379922278,-0.82503321415499,-0.15931545711076936,-0.6466161794266674,0.13879860086654097,0.3117265468981561,0.130361200278429
-0.5149845149999317,0.44055373437318046,0.6987957287823621,-0.5080859119126192,-0.8036890613214321,-2.144438789755471,-0.5178103205815339,-2.4568600468680595,0.1104218314862122,-0.2916592983437713,-0.49826219992820037,0.3455668662536511,-0.127279156147333,0.7135130176302571,-0.2954792680770086,-1.55987825361979
-1.7567039664398967,-0.4795410664371834,-2.970653128301575,-1.8411896435542643,0.4337344062353619,-1.4048304584236113,-1.1766018211483955,0.4186731642865112,0.49959570295298067,-1.8568501081445208,-0.6682277299556644,-1.6990574037007675,0.6737520987422296,0.0755508903472268,-1.6618772300019853,-1.118439645784217
-1.1286084530968525,-0.01794536558381487,1.5071824564651664,0.32903113614352775,1.6123792984647791,0.42234780946017453,0.5893731355362911,-0.16150373404235818,-1.4684472002766706,-0.2071750901643583,-1.4384841609609882,-1.779826927816505,0.08523719200129884,-0.3618398349657554,-0.7432491249365517,0.4407128096575917
-0.36451612789083315,-1.4766187687388415,-0.15268246428230062,-0.34598127991120875,0.3775778924681423,1.5468295932819225,-0.09331027054204076,2.072000518258257,-0.24726597038100268,0.11318746920684551,-0.035308813624901285,-0.4426656368437006,-1.5088854055479626,0.1935718287554269,-1.5661290932722338,1.3567797426515804
-1.214028827878081,-0.2263176629647466,-0.9939888932606112,-1.3898730500173553,0.9142550391202172,0.10507101791390423,-0.4725753862922375,0.877997869262502,1.7109743268432653,0.805495261530523,1.150384481892154,-0.497319425672977,0.39457329882287384,-0.8796039904809453,-1.8845417167760423,0.3375659243186822
-2.4066264738062646,-0.7692195885228774,-1.4575908164410134,-0.12107573419771467,0.15956925104705108,-0.31832180055236436,-0.3492494121480457,0.5130814157192268,-0.0018541004448369806,0.7154667331223254,2.436977912070849,-0.09539693758071631,-0.8767890644518849,-0.4847360023489942,-0.040996986627062124,-0.5579750106314796
-1.260938570195894,-1.3868800951764164,-0.8353510755236061,-1.4991578618107961,-0.2205906203434604,-1.7270315945432504,1.024340574488359,-0.29877951882220116,-0.9971402213491477,-0.12968488727736635,0.9410529697491951,0.19523226639347863,-1.6576423489344114,0.5051766479514842,-0.4147853213991436,-0.2181590124069549
1.0989389665036533,1.0848945272306048,0.3370545545421606,-0.9230326568168499,-0.8275720428226866,-1.4176616695521274,0.4442444741771367,-0.766701940780789,1.5179493224439153,0.09945449676904372,0.9948512675438405,1.1651300469427022,-0.4895456802498044,-1.469299929348425,-1.9606106196196225,0.3762131197113275
1.747006296457537,-1.3862537025164143,-0.24652486679502272,0.20992062971605846,0.35720309908449766,-0.07418089488690648,1.4473827199917664,-0.5241964935848561,0.4381094936227907,-1.3192953315490987,1.6721406068284215,-0.7405164609023008,-0.024428159073639683,0.4765491862278886,-1.253225723357446,1.1641591528992223
0.40744378722819363,-0.9264564738824126,0.6811370186131381,1.9898486289100223,1.2647844908157544,1.5271283043568187,-0.06056398218816391,1.5347101438448696,0.0743239249129493,1.7021075817392184,1.1746821499822602,-0.15603517093050384,-1.1502056530247202,0.559980112205236,-0.2728263513925269,0.7743708242750637
-1.3332861539337015,-1.27314874511299,0.46573799735625776,-0.8683135905702404,1.2369981591224506,1.0490455071858258,-0.4557891452338008,-0.6967334262084177,0.1539907325705765,-0.37289917866807254,0.17584677953901132,0.8578031882660971,-0.215150118220505,1.7238024292407477,1.3284870970979732,-0.735949146164326
1.7321052382451383,0.7128639620216737,-1.2535118581759583,-0.7958129958880915,-0.16209358859741443,1.3138251143277244,0.6505936886267819,0.3891374094476101,-0.2117147490437202,-0.38939267115916465,-0.5762582868704137,0.992355198821783,1.1327752547873986,0.6613410167823401,0.12101124999845793,-0.7613339498705015
0.8581690817454727,-0.8469692885942407,0.3238865441051423,0.9296583608490919,0.5260873439391658,-0.5362230924037168,1.6027037099200934,-0.9950916705103185,1.2823064133104134,-0.5858888228292386,1.3575549760346397,0.41868379898028657,-0.40877659279422085,0.18899233648091016,0.8465958505971112,0.8429104344761276
1.0865930340110952,1.9714278368942617,-0.3645656052772716,-0.8453446082145556,-1.2060672668193304,-1.6943046851724892,0.00771844177654007,-0.7968969401345363,0.6999245856769843,-0.3933132100662097,0.9668840790591287,-1.4828459905830242,0.1469033437526734,1.5428188539552976,1.9076298554279407,-1.180744081804506
1.7635966762709647,-1.3389741332192362,0.9938959324355322,-0.29218532970235667,0.9514631288897105,1.1794563154124489,1.7619126419399809,0.8672523721873261,-0.7739515181791923,0.3214012507559422,-1.1743463073662543,1.3868944033836734,-1.0632958162068908,0.4344062609141509,0.47871720636437626,0.7461415169877975
-0.3377649964463361,-0.5288621287670118,-1.8781517400596845,1.4055353528835937,0.5883660723016938,0.6273764399400295,-1.520116964195695,0.9459009178134151,-0.1609566499556873,0.5366795851899524,-0.496711645704058,-2.167025448889872,-1.0999624677553457,-0.2706839852238439,0.5501299171717069,-1.117088287184761
-0.3424911461146312,-0.6831307758421988,0.356902912161384,-1.361353998817195,-0.4967161344371434,-0.3167013614858602,-1.786908739307166,-0.17446151876557545,-0.8692979808667997,1.3516330209832883,1.2053786608854022,-1.4867226290054605,0.24930892303491212,-0.8608867158591756,1.1722281730586246,0.6148590094777779
-1.5754840346112342,-0.85349146140848,1.4936900112504288,-0.2998855348039807,0.6652767793955752,-0.1351791516349523,0.7597021611563263,-0.3173737485014134,-0.7256894382523122,-1.8887720580711342,0.36689050489443603,0.2219812703360132,1.2122839867218693,-0.7147983463599421,-1.129184336884861,0.571499112428573
-0.6384147803139443,1.6317999617461043,-0.5761030945744197,1.2284728404336698,-0.2808267873940983,0.964083405857608,0.24438815942959718,-0.07458937091220516,-0.10254451595015658,0.268002007447172,1.648640850556558,-0.3166967718661717,-2.316785200227104,2.4570902878533243,0.8435314985914969,-2.2619979147367224
0.4343998666609772,0.9705380211374893,-0.5034060991925777,-0.6703241551809671,1.1441782119981911,0.9233547855093758,0.1589535940852962,0.7946787863002794,-0.1959548139600802,1.3099714899953283,-0.23309685564235907,0.4401832236118705,0.0482271695051928,-1.6670394204092966,-1.3618441352266253,0.7423401341976099
0.16975671873735418,-1.2868856248719485,-1.0125638031388762,-0.3646439716950289,-1.7114572088678888,1.010868809889619,2.2467869535292047,-0.7206249039656649,0.5161492666974851,0.08232610725862285,-0.5578340247573065,-1.22453629545648,-0.4084727758290583,1.1636780064937104,0.6891723436740884,-0.5940051470006993
0.8384557739264429,-0.2686875604445902,-0.3115400964081003,0.05247081209598175,-0.0898385596249752,0.45703148416633227,-0.8734117052719659,-0.2227852479605258,-2.289240643639381,-1.6317130005946776,0.23598675642381572,0.5770428245153176,0.2831365463291863,-0.7928390660149973,0.04309105210000501,-1.7134648164705109
1.610450241140815,0.748016393426396,0.3065139305530659,0.1330997688892083,0.7745937553365635,-0.6576181226240201,-1.0838917988263186,-0.09253515151897913,0.9712286839698003,1.0117229630192281,1.2081677616854178,1.7081085398527713,0.6515070768143746,-0.8219429880553132,-1.0566916135716167,2.2313573373956777
0.048197080604631355,1.0993377210383874,0.5055406178449043,0.5915384527137516,-1.0930705331603623,0.04179973657257625,-0.8739521598409941,2.183198689855768,-0.1478143890555967,1.0781419759663944,-0.48944450097652925,-2.2965392787657604,-1.1180993412197038,-2.268924014763786,-0.08608937084352054,-0.2287512771005749
1.2468606265440583,-0.6171552829370885,0.09265113395273465,-0.6985200699998616,-1.6287975313783711,-1.198665116699017,0.4091819605767061,-1.427760937036338,-0.360058664368793,-0.3250328085902198,0.1736061772905847,-1.6782545583764603,-0.6977300632769126,-0.3679357874436871,-2.5979411333229514,1.3003087089756438
-0.4592970912687387,2.1608032230958756,-0.3312300878623834,-1.215449759063347,-0.13500662048301412,0.0007250618682427549,0.6891850592993198,-0.37950819073532027,1.0684420584739536,0.37993273952469087,0.6402368746953673,0.7974910593782302,-2.2240694892135022,-2.015818437548457,0.7516912152306495,-0.9762460666251934
-0.7334264249649143,-0.19039380183437304,0.3572367854189874,-0.08625638320635313,-0.5681541988131668,0.9170378026543379,0.39195557008858833,0.6550061608096153,-0.003495288788534574,2.283162371305489,-0.9481902965959861,-0.7625496404545979,-0.3331791986619971,1.935193739701725,0.16308255405494468,-1.1232808394584295
0.9976320370874584,-2.1721392411736864,-0.08619454030871647,2.036966184600304,-0.10818652205289762,0.6206549653307116,0.48978084259863897,0.5761319220540592,-0.024471231774688334,-0.9028282327499495,-1.1961434585870057,-0.6741280054872326,1.2165700479551287,0.13616032993278326,-1.01909410981283,1.3699364380591137
-0.8820675872055557,-0.20022854787963565,-0.7138593833140174,-0.328278007232798,1.4284586477164303,1.535694123948953,0.9064425493767228,-0.2604956748789314,0.20024802829748098,-0.7217649060733825,1.5508056649644082,0.2849858691469896,-0.15424433963029038,-0.08664091432262391,1.9216846688884426,-1.8695752129486027
1.4426653383979209,-1.240611497056694,1.2787649463236554,-0.8436991564566035,-0.621928896342597,-0.5075037401321563,-1.0513909689372258,-0.010987948251267978,-0.5727675471893993,0.028307835471332893,0.14978907904518401,0.7672929371136373,0.49131062287661703,-1.0131695905685234,-0.06717938734135381,0.0935217995317383
-0.898869861539731,1.4128751345978772,-3.022540264571491,-1.171597331549204,-0.12357906603635614,0.010117501189961168,-1.759838208964399,-0.1797748925255134,0.36902469537345933,-1.0304091576433265,-0.45633896707318283,-0.48616228803965733,0.40562096693607547,0.33937513342906445,0.401773598333771,-2.818962416664862
-0.7282488495434158,1.2295375353587321,1.9408824093734256,0.6226908360873114,-0.6197851356841414,0.4113314490576754,0.21420856511115585,-1.4872822209246004,-0.8122910108992898,0.17500220554845927,-1.3790856300492058,0.8704333521727302,0.4384115634278602,-2.3554428197280965,-0.8292588581303088,0.1019861956010512
-2.2409463424157012,0.041747172628771034,1.2148048533834133,0.9939484450307683,-1.069241130160449,-0.7655478876733145,0.9047740572038389,0.7165406427433493,1.5884370089838193,-0.1582219305731639,0.9035801822666925,0.8271849407697476,-0.3906053750538842,-1.8964473814491611,-1.0390032789111487,0.6830120359169167
0.1860785940541508,0.48392320700274355,-0.797285833291173,-1.2266270933468186,-1.0535907176087465,-0.28304169875091584,0.5333805116503949,-1.0604279982122813,0.6139185449402332,1.5389928130633361,-0.01480315962388237,-0.8364153174955063,0.44058146257266295,0.6087587538870677,-1.420170820513116,-0.2950658788431938
1.3324034551221169,-0.4898321281003866,-0.1642893573794346,0.7895467524430153,-0.334225966228769,-0.31607108590664684,1.9556474455726538,-0.4140530292891652,-0.7941753232095208,-0.5356825626516307,-0.34627969455549734,1.4008164780204007,-0.49433688438010087,0.17139500128980403,-0.7618972535557835,1.3275715847685794
-0.3728149831205862,-0.234224915266783,0.26365646218216404,-0.2599295334823525,-0.7229817558226519,-0.7324730556689122,-1.0960083823767932,-1.769781856412111,0.4447908987442521,0.05537588542881907,0.6294359202568842,-2.3258594243445203,-1.0626392683707477,0.8638422483772498,-0.30731342512675,-0.6170715250726266
0.8574160217174761,0.46952279907200234,0.8387992810587188,0.3536182633518668,0.7319896294614564,-2.0922047013406453,0.13072146823599254,-0.5544574824877314,1.0581364912647064,0.36000269673455115,0.5739828118323054,0.27092926875270257,-0.9479839373167616,-1.031260091737677,0.98514221537526,1.173166465145349
1.3697312878292838,-0.9553605094224329,0.7607215185052739,-1.039526928552309,0.6492292807112953,-1.2848146881068065,1.7043682075939306,-0.7896267262564461,-0.3835785333861462,1.5709884893614823,-0.5730626536276245,-0.4649061913813943,-0.6318157651805376,-0.38100309910215263,0.7384786124175613,0.7867381806091698
1.0483989684902815,-0.1012915884189951,-0.47450930956219844,1.3312954760159568,0.04881678282201419,-1.081694625870877,-0.3047341623246496,0.9120873458430928,-1.4935224231032767,0.8389821596150402,0.703839749208525,-0.5861476708197967,0.7806556417544367,0.6257074691918245,0.17696310370929855,0.0726807039607676
-1.2658991226114475,-2.743253934986024,0.27356262606462195,-0.43572774062219827,-0.7201589494390991,-1.1717097921011672,-1.5225888906178198,1.5403269492384775,-0.4838525384819033,-1.696556471029488,-0.2648116205978765,0.1457506494487687,-1.1416302680181374,0.10636085636839772,-1.1925767076612788,1.005087664043378
-2.160245730913405,1.2506787996119975,-0.5555027524261632,0.603359662835044,-0.8130907351638862,-0.4937705638575433,-0.022138648863525765,0.09971650865484069,-0.9114328880516344,0.6693874001736972,1.2067660371512443,0.15350866054714482,2.1429802756539336,0.4673558196190067,1.1619763446117959,-1.324372528719418
-0.018975598337797637,-0.691775053667144,0.10688369981356823,1.1142953851639512,-1.2132788172299547,1.4288662843167492,2.1090148843583267,-1.9792438778978234,0.2673747410360384,-0.26970795133504805,-1.189525186575323,-0.08930084976109905,-0.07782299108326675,-1.111349520894067,-2.3563841893393414,1.5463753946488372
-0.5262173285134505,-1.054217841556482,0.05778480973658767,0.15274615946555448,0.3708327827237491,2.6997305655692476,0.34101531766991894,-0.44924784235457677,-2.1416345698756634,0.9652824235091277,-0.46567449228486374,-0.255390932919399,-1.1416452205039629,-0.7677575315712318,1.6618766289253193,-0.8122570869369342
-2.3404003177477284,0.7899943736844008,-2.557280808911426,-1.5550413419954694,0.29321111239204745,0.621129049521626,-0.31473701294681855,2.3569684317157664,-0.4812302289585736,0.28403665587757826,-0.4125046228357979,0.48443513638876345,-0.4809263093887157,-1.3112104098427022,0.15203702022005083,-1.0155475316642946
1.3567113254844632,-0.3912184508844044,-0.2617233428196814,-1.4079042263328545,-0.623622661156734,-0.3399241669245841,0.3250946535538575,-1.0627575192373844,0.45199334807551084,-0.1264044784518116,-0.8229648448147989,0.24822406010907344,0.368553701297728,1.7958361681571569,-0.9938262435375986,0.7099299502170499
1.0387138639305007,-1.8158495136087682,0.4760859138673341,0.6003430111452488,-0.513396931279064,1.232777692937949,-0.30728632175269316,2.8555740208568268,0.14401422769720873,-0.15329010593534953,-0.6570586093234576,0.05548877709746039,-0.40609065842129605,-2.342416628077662,0.548485966510308,0.8661217087786401
1.812783948905725,-1.5573818240264947,-0.6559574785989105,0.16525172672688568,-0.4291091652018968,0.8982674155299335,-0.14004694229379552,-0.20949240706646904,-0.829094715491602,0.7392519930648516,-0.3712039895372034,-1.9978400041354922,1.7151022002864464,0.1950135255767849,1.1838371169887218,-0.5423002409464669
0.680274669690128,0.8130231303861533,-2.8881448389159883,0.9184011543264465,0.9279806871072068,0.3067686553000536,-0.6574339099843028,-0.6210081787495059,-0.20193639937096738,0.3714190651253278,-1.8785561241843005,0.7834116271342584,0.3080131926846866,-1.2978975891526439,0.12124985667284127,-0.6524144261674153
0.2251971700674418,0.253202807471371,0.5264182781970916,0.510918784044551,1.3050027986871775,-1.2493557950409468,-1.2216797101223023,-0.9135401998297673,-0.8599801225154879,0.5468016668587046,0.9660449789841717,-0.40755105471657704,0.41990520033954265,-0.1363863817941583,0.8416804759284476,-0.3629905981469211
-0.26402236432055914,-0.6183888419443682,0.32727515692919856,-1.2407365626512126,1.333433569010651,-1.2623794586122237,0.09534317995887599,0.857998456121896,-0.5311756108127826,2.0326480969331424,-0.7949826314044991,0.6185449071380443,0.3337340871086696,-1.894157005124032,0.7083935346650504,1.3233746434716789
2.5034964042812238,-0.39107134656568515,-0.41078313732447036,0.29891049412102794,1.195859997802975,1.6575188784213857,-0.49492973927330935,0.029964335831797556,1.9474171533496691,-1.22643561914334,-1.8846217539919394,-0.7542430138321747,0.2758340534030489,0.0891948173321505,0.42384875086945756,-0.6273871801831158
-0.4530119677785292,-0.3921238501637436,0.5168250644923872,-0.224232153621624,-1.0167353264106844,0.5327021419845639,0.08058568160552258,2.3812467246263718,0.18448431011824246,0.5497449314883669,0.0812711765635037,1.2008742527586005,0.21874621568334926,-0.44258877939615093,0.8100821969674226,0.7371466114924364
-0.9050730314047206,1.7647310798392564,-0.39513813661285224,0.5001924856055925,-0.15570117672717076,2.175648960913016,0.04289737042183453,-1.0927364081581115,0.33077461795598356,0.6859996834349632,1.6136024943712775,-0.9769424179387842,0.5621132787716546,0.7612748428786131,-0.37405337182703824,-0.922966726504098
-0.7951092490748866,1.433998273165392,-1.623913911243935,1.3007335107708458,-1.8789924655182622,-1.5457522716333303,-0.1565082525006264,0.006852633779923297,-0.319657245271537,-0.5409784125503099,-1.9952514229212415,-0.32321094466395806,-0.5539227868992225,0.4370904749103406,-0.17442154935529205,-2.002537510461726
0.9428572017453174,0.3932515219490468,-0.14219718127275488,-0.7302530583340352,-0.47980500913241414,-0.8067487266552315,0.2706911629123178,0.2505402464677692,-0.05360666805155345,0.5264077448759287,-0.10907919183081607,1.0932038754833524,0.17957401884915625,0.8651204239871269,1.0519567488593757,0.5276536836825608
0.14948902919740312,-0.28913702642030364,-0.6125318364410457,-0.40686846588897657,0.699993838895021,-0.6926836230645916,-0.11696356273647242,-0.42812927236923587,0.8485761941795831,-2.3982141927902485,0.38581125166817015,-0.1933929437534383,-0.8133346114422401,-0.49137295272078446,-0.47864378014880715,-0.7715935140057312
-1.5677568417175138,1.568646122145486,-1.182925789813534,2.203916204027471,1.1773478266174133,-0.17406662218816984,-2.1098903766362294,1.2977205938201657,-1.8584834826635817,0.6553745487749151,-0.05627072689275068,0.22625072905171287,-0.4138015678805035,-0.11218846864380909,-1.5912277464785887,-0.5061934088018587
0.7564411042647061,1.719619575125362,-1.1039695101881764,0.9096372223362306,0.6807108244023249,-1.2739285741106132,0.024983868689027133,0.06386226234189188,0.2242828841097225,0.06114725754160526,0.1334675188075735,-2.45487060714089,-0.03185885698588325,0.13783426252257758,0.7561169987086676,-1.0776850735701602
1.3776415285499588,0.41543626719107113,-0.535734201606466,1.5161988247785816,-1.3494085570536918,-0.931820385215191,0.656599111014639,-2.2357255240483336,-0.23292028846878599,-1.508532385002759,-0.15542904179869166,0.5485390280456633,-1.0468320635313924,0.07258236912132773,1.0547865917338877,0.5262790061745961
-1.2970009738934172,-0.3496050296942895,-0.10034492615738602,-0.1410633550658656,1.0812440199525541,-0.4654928109922379,3.2278165616388335,1.1610671286376686,-1.5197876456825956,-0.45293022652621673,-0.14283906944127223,-0.4464056584762589,0.7727360062199101,-0.04379718864319478,-1.5642736050867776,0.6702214586517721
1.61731480150862,-0.5660438246432111,-0.5630457048667086,1.7918828457903881,-1.9392016061627506,-0.32026522388845063,-0.9704099962713639,0.012918387846822714,-0.47077431444869466,-1.1983618554058422,-0.09778621483314548,-0.5364095070461106,0.9035034019481706,-1.2542318817541773,1.8471026779191762,-0.7781796492407398
-1.6736597662044204,-1.2790714743333549,2.0974609945044556,-1.0159256153048235,-0.5366622266265614,-0.6337829575475915,-1.3525469319898935,0.7015819371530806,-0.02448757806878403,-0.13602900065093476,0.2735204938968299,0.9332388540466695,0.8950064007160436,-0.07147082926330162,0.9114872006127022,2.4552936876735094
-1.4163886714666993,-2.4556879499336675,-0.5161890819192605,0.5297857579376957,-0.9668900782245772,-0.49750672566700177,1.0181364435890323,0.06797083041549701,0.020038060392891157,-1.425425097423912,-0.905385838797531,0.4030522051091491,0.6045455394973434,-0.8876569129353622,-2.566584455677647,1.6249922727945174
0.8022111679818614,0.3916397368455967,-0.9189516388980061,1.2528188258925004,-1.4313351395068359,-0.17373223889064038,1.6251367271884407,0.1400624554253537,-0.9055891400954649,1.4417649481741581,0.49048053568349276,-1.7831780214070914,0.16916137585248991,-1.3281229357363178,-1.4396174728122821,-0.755984748686721
0.37718943226565393,1.6793228753200304,1.1730773608756742,1.0782684811452756,0.37267540145119016,1.307512673840462,-0.019609521578239062,0.6642372138371974,0.47886967485414333,0.2785669819290561,-1.8536395483765253,-0.16779644204449726,-1.5876270858028472,-0.009124662580914484,-0.7870835625425678,-0.5642896930262186
1.146515620786212,-1.8588673099648292,-2.4008038461251506,-0.8471129757267833,0.7419016655242994,-1.4862124069579337,-1.047929711445266,0.18298167657215328,0.40314122238564937,-1.6787107523248193,-0.01027705396686836,0.3361007667994592,-0.7915297751768888,0.4257762419621304,1.3016603034849716,-0.2603785070900438
0.9688240440711876,-0.7525432330655613,1.1445731844907352,0.051843422444048326,-1.0870757924463934,-1.3363725798007682,-1.7064413355138253,1.260965371677788,-0.42486760898731185,1.4721454202816537,0.2535316616912184,0.7781179175859567,-0.06812698060492091,0.7316386081747847,0.48373257314910706,0.1601636787408874
-0.6016555027333642,1.1446355370704777,1.4817749470427988,-0.8105867666716893,0.5141968109491684,-1.2556101944685716,-0.772192314262748,1.3230940986259774,-0.20383114355469648,-0.05884262117600832,0.00015211474841417407,0.15795330256061232,0.12338843248239992,0.6258778637582166,-0.149770096858531,-0.5396150140013836
0.352354099849843,0.9297917906865234,0.38788179901153724,-0.18369754794066792,0.389518292700496,0.5208572032305808,-1.2317444394661545,1.0285771209196368,-2.7736063555707795,1.148254515087797,-0.2970894923048202,-0.39491870645626376,-1.952572722571071,0.9895291927717641,-0.0865737580217698,-0.4127162403637134
-1.1294997767703516,0.6112661895124767,0.03616900102129927,0.42729438433580985,-1.7974235257597178,-0.9221749283906469,-0.8665605977016286,-1.3909488594193744,-0.20000337638521945,0.07165585563258335,-0.6936830734200988,0.770606911861995,-0.6882993254282981,0.5074476776086057,0.11726547495454898,-1.0421464973621066
1.1336682175225261,-0.9483709452060985,0.5042144250349262,0.023333252090392893,0.9206777140479467,0.06061258805311419,-0.23508163088146017,0.8921498525168112,0.03202212087778756,0.43185128099804077,2.2818558018325588,1.2862422731227408,1.0298927589488218,-0.30417176946044516,-0.5259870250460393,1.2967567183658155
0.5343991194215174,-0.17754552286187433,-0.22420374273614987,-1.0955980910224834,0.947042936823543,-0.24766012967506623,-0.6308198311411835,0.014301953981604255,1.4642124066222595,-0.3236346050925334,1.2700899706962845,1.1110349448036998,0.9176352728951714,0.6979256170075058,-0.673527003904163,-0.2130808298678763
1.1138937329905232,0.07571986525696343,-0.08372305621894276,0.5946848231896795,-0.6223730323256594,0.47160528008952024,0.07427356742337662,-0.18467190912027534,1.9034010208781085,0.28144545955968514,0.6291337536364657,0.3645459665180056,0.7427031925305955,-0.16568256293678404,-0.9959394273444045,0.4544168398433483
0.36592051217521404,-0.09192520642120704,1.7771213027868789,-0.5804835347905147,0.37210963697321897,1.005424512950288,-0.9703919405915522,-0.8168609406898671,0.049337623081064326,-0.808652064319701,0.5116501983570665,0.27476013087440626,-0.10780229725080845,0.3302667093688639,0.6406452667727573,0.5842440541849683
-0.5524137788622985,-0.1768225270664401,-2.6283167276313932,0.908050176947802,0.6037668014905577,-0.702929196548478,0.9722428821040627,-1.0546385633642328,-0.1675971366657426,1.4912035305822728,0.19893682624850428,-0.3762690747452603,0.7291042126380607,-0.7208660511291031,-2.4912384600999826,1.3953423518249664
-0.48813091750292004,-0.6989817812848709,-1.8253682518111314,-0.17183799931847357,1.0643620672637941,-1.8228596486123654,0.37647394870504486,-0.22523820018337268,0.31688013143191124,1.0872289019349584,1.1238397607529367,-0.2765935793938158,-0.9292919224123039,1.4921230666404628,-0.8504107865450247,0.6866327244428843
0.33784089579582083,-0.8510163909315236,-1.3598426718873668,0.5966631452824981,-0.5645559233076318,0.602075558909222,1.1170025502917298,1.500209569150941,0.9941370116588539,-0.9627923819288438,-0.3268949940709835,-0.8770160082741356,0.43333648591800594,2.185692313453778,-1.682904901089638,-0.3125567804681313
1.4948445529772194,0.8778278346294964,0.13788445572572489,-0.31537765398466705,1.0403391921262628,0.1645707541920373,0.4527925345406795,1.401576436344823,1.1289094789098115,0.028298503600178344,-0.5508628394489666,-0.08982466603626557,0.7048269190804476,-1.3734990305663644,-1.3334451594298533,1.6658878111643267
0.002160239240471541,0.2998827416404045,2.067492301751096,0.33033233449689886,0.7185929736362741,-0.6925853892324645,1.019382301123224,0.29606727437066754,0.16688973330869908,0.4072890195065947,2.3013582921677553,-0.35199161799836765,0.6687116213723336,-0.07724840889927406,1.2821795254901485,0.1385496679676369
0.9173572685373003,-1.0941056358787091,-1.5209198893986524,-0.43003674973118133,0.6739797132165009,-1.3492015280273746,0.5195014872423296,-0.6918342723021813,-2.2955351527912295,0.9005321146460663,1.4861830931508788,1.0340473962925356,-1.4218752585502032,-0.6161296439111759,0.5935403833885053,0.1539469116199904
-0.7978428551371022,0.45393601969955566,1.4077071421248546,-0.47302437066984127,-1.011326390757652,0.07422245084170953,-0.12166548405244139,1.157447769041285,-0.7401829480550971,2.186431675562864,-1.113678023593041,-0.6281328102715174,0.9342684803773337,0.8999544020303507,-0.6565700426569088,-0.587418397452878
0.8580286374800943,-1.2030466810869622,-1.3841238857575675,0.03804625854962284,-1.6713153120516133,0.7847864156695703,-1.1336814174868652,1.801115757052162,-0.5605530178459152,2.033411637346595,-0.023919187296683977,1.0533477175515544,1.605031495024382,0.9946960105532918,-0.7348620193335148,0.7689996013660211
-0.13037286533642667,0.9460393093691589,-1.0309861937957108,-1.001732085290976,1.8325617704085024,-1.4022665535365177,-0.8605202427863928,1.048125854530577,1.636896650804263,0.4241312672701536,1.1092384951742293,0.7543581845683979,1.0169823930622084,0.6496220409607306,0.5005080544025445,0.1570823573910126
-1.296971447601603,0.44930303614612926,-0.7571776501143065,0.8949630030577581,-0.5519864265008799,-1.6788503800064225,1.250307922846082,0.38098843857696274,0.620892440233126,0.34658280651187107,0.5154750445377875,-0.6051196811217208,1.8742525698134633,0.8111378817195352,-0.9363812017153629,-0.5077480926513279
-0.5061809376714405,-0.11875382106291632,-0.06767155591678894,0.06764871642759268,0.8259046522613115,1.5195176053338717,-1.2531439507257398,-0.914913691276368,1.815992857925258,-0.17059425759617375,-0.6435025298325946,-1.2275507450457925,-0.5219301946598177,-0.6000130765658007,-0.14299030892396086,0.041070916031142
1.3417612727825585,-0.19434394032117522,-0.9143211575582516,-1.1068790646925462,-0.27041806938993135,0.801633041674911,0.3818660263371291,-0.6081033843318188,-0.5038702192125533,0.04701490520490078,0.17475356450387486,2.1353113358903837,-0.11705026784123185,0.6968109007458666,1.0517555026787204,-0.6823649321614008
-0.18797506126578958,0.9071565490842874,-0.6726310685587603,-1.8284404642801653,2.0396629415349663,1.1318686904409214,-0.003519747990774497,-0.30142579440667583,1.3008058590094476,1.322973054815971,-0.3486571034331825,-0.022432770910061194,0.04928420640642544,0.4910281240968959,-0.7827226208119992,-0.5159087111226789
1.0054291655669199,1.1157679852133195,1.8675120527540463,0.6297617440610669,1.0108956957812545,-0.9846259024214756,-0.5003770407092187,-0.6586101951383355,0.6244990303877487,-0.580658590995457,-0.508434320391319,0.5865486564641744,1.7671003237395588,1.4513881278434706,0.3799278023462095,-0.1408846636270971
-1.3381643816622102,0.7782516061367003,0.2567951394945874,-1.267650852400254,0.5546577096022256,-1.2378894803195,-1.182925508789988,-0.6462095451920711,-1.604256777241599,-0.6495011366420829,0.6248432640773505,1.7328930487374912,-0.4068364060014795,0.14787573190123549,1.103631140517375,-0.8915764803067661
-0.34144787305017876,-1.931565710670063,0.9465259544595221,1.6232906321204938,-0.8524363559677475,0.09517730074844234,-1.21475029407892,-1.7516154533573662,1.489197621993689,0.20721208778235453,0.15053831759578812,1.169158988717942,0.20697162404655417,-0.3052826281899225,0.44692641641166514,1.500288318022878
-3.467270481523524,-0.46716197494767037,0.4954036876952892,-0.4512182491210279,-0.7110718623685685,0.4806351350091339,0.5347603698519807,0.7644297116561831,-1.0583748387155811,0.10752658568558718,0.5484925279402717,-1.2638541939114725,-0.7979750281794719,0.3118256923691943,0.4394451377465276,-1.2976560514340905
-1.1051296332515899,-1.1554060710934762,1.9965516479130323,0.033456628018800304,-1.3124400857195446,-0.7058704383314195,0.21455991800801189,-0.5340932019217031,-1.468401019058283,-0.1712430597220755,-0.9341859886851585,2.6489338174907386,-0.3116285385323297,0.3333902399827039,-0.2706949970770507,1.157093168128097
-0.9741316202912552,-0.09687498233621263,0.06981489124650742,-2.0820304671324434,-0.15167427467949918,-0.9109548129977393,-0.4167021592173468,1.648945424223034,-1.682542049710182,1.3327162210134758,0.10080948161291031,0.9197532257106711,-0.7615864394646142,1.0124272179590892,-0.8862253186793155,-0.5016199156420371
0.40553213453667075,0.5734616418488913,-0.608738005730535,0.1080543431326303,1.3212910034732803,-1.4956381573153916,-0.14743160937124103,0.30664252357286403,-0.6055838460533715,1.0285907725908288,-1.2711569445833641,-1.1647585021932516,0.08063604975856635,1.4358479181426511,1.1136456654728766,-0.7809461248561353
0.3246941160768001,0.26151639025191226,0.09371293420286705,2.4715868068683196,-0.3986159632092722,-0.04136521961378654,-2.4330915818544345,-0.9732759134007517,-0.10751942998404738,-0.2584172756058124,0.33606537706976014,-0.14532785153672428,0.9957953596605797,-1.0811524083245845,-0.19673778385344992,-0.238840761070633
-0.01499325144443672,0.8032455913992376,-1.8260547196194603,-0.9844264627340776,1.3201958742482895,-1.4013926328961237,-0.0607460960653819,1.7929899441010253,-0.8636747250937878,-0.43447291801418764,0.7487707099451861,0.518162720045691,1.6710083521500998,0.797969117614697,0.5165904876687148,-2.0200369332860406
-0.5812774556824187,0.38079157108030404,0.5855026556323429,0.5366639092676637,-1.287538528274715,-0.19042684446573066,-1.3241417840166227,-0.39934627412001555,-0.764762762933319,1.019903875312702,2.333157463256278,0.6288564821814238,-0.27013104303691876,0.9813512249028506,0.5859295794252257,-0.2739919072901908
1.505992934248175,0.7642786343944816,0.3894048241788415,-1.111768343247222,0.7325733677172069,0.030801213349537754,-0.6843047366260926,1.0582408453455112,-0.7046662440560467,1.2055698892364963,0.078040524952497,1.463765941283095,-0.906008602264273,0.8094280506607061,-0.4955501634006075,1.3449977247451472
-0.5658395680990727,0.9032315848515816,-1.2879538168316735,-0.6459499940674184,-1.6261850233558597,0.61338402922206,-0.45077085656631194,-0.4117617265807701,1.294271576680005,-0.6598500606813594,-1.9740208272618867,-0.7062123995632482,-0.9039687574120114,-1.0231906579040067,1.4529477382751903,-1.4911521117940756
0.5965531628826534,-0.9283165051416178,0.2696661561031314,0.32938434144862316,-1.1865930053459555,0.9573049568248956,0.6977631380648598,-0.2371443389631841,-0.3249660094656808,-0.9954114640465709,0.7079234398422212,-1.4690824140161949,0.09306742564649957,-1.0950781638944511,-1.2178328807131524,-0.3626501678264199
-2.2978426998420787,-1.190434697568452,1.7238525447076531,0.44704782834419066,0.9113109555602077,-0.5472754235883776,-0.008272485684391703,-0.12954582899422928,-1.2026955266476407,-0.7504413868060302,1.4748071810828653,0.8471980762996429,0.8180376874390961,-1.652387720786383,1.1346141610244957,0.1975289162085214
-0.1773095704971957,-0.6094064290654168,-0.4389104747762109,-0.7239718940750945,0.47042426349022304,-1.2454592551865644,-0.1420836804407745,1.3683935110573762,0.9001824623810754,0.06324238659607516,0.8826256498229286,1.729802010948378,0.055850527296757366,-0.283459971442676,0.799590852866251,0.2813939987767692
0.8987512054021155,-0.9316961247234022,1.6837961868354367,-1.2368341559851335,-0.9884913169990664,1.1729755293648938,-0.5650204698108056,1.2079622528454257,0.27998121760606626,-0.7519563088335532,-0.23959680578506204,0.3549691263546535,0.4206663860964601,1.337643576648731,1.6716974721560665,0.0697135993894805
-1.1092322192185344,-1.9817029698936832,1.0600189794958037,-0.09725799391555262,-1.8945032633160486,0.54991800403589,0.000754873404164022,0.18363721867712557,-1.8775901779156008,-0.016509511071507586,-0.26336646261311714,0.7888269131427218,0.2947968953549903,1.365582624885444,-2.0195819515912476,1.686314542706315
0.43093490076562657,1.0180926071595229,-1.1527037909959914,0.3769363055549921,0.4684120211487162,-0.675991784945719,-0.7642496547375118,-0.6943187564238719,1.1027262301618723,1.2792166882964267,0.6442826507350178,1.748015759998798,-0.713840358637041,0.28342478528355436,1.2984621653637618,-1.7376974568895294
-0.8771844262735071,-0.4972615017471411,-2.5594523824224615,-0.6311726002958912,-1.580176935563142,1.1311704109125986,-0.2833638061584377,-0.1257625036637753,0.23474029912959912,-1.4740217682686345,1.9193695051406316,0.8137920722490393,1.0353030957284624,-0.44224060843873025,-0.3986373741314887,-1.5102752966831798
0.23839937989844354,0.00029612477786397726,-2.3695922545502577,0.30101778663685286,-0.8271753475294462,1.2084265417887436,0.998207013211452,0.5163844470347873,0.1263005213495283,-0.23334621423482863,2.176614609374725,-0.23057329095746265,-0.13428837855132422,0.04229610878941197,-0.4235400676249135,0.3132552913877713
1.012077148075074,-0.5075654306149242,1.728321742671274,0.15280668195799285,0.426350585520462,-1.1818890049837485,0.8375935893057694,0.21280385777164554,-0.47221079083137446,0.98032042032213,-0.1250457248117899,-0.630239282126438,0.2081630418407323,0.15712598031038624,-0.5429536389359375,1.3036285985052234
-0.05012345174508914,-0.8390151065402875,-0.4137856819333066,-1.3264530418135783,0.16414287902004462,0.08392375540164289,-0.10047155290880933,0.41360830492097533,0.72082844212301,-0.5889102034170621,-0.14015108433284265,-1.088406230228023,0.10605871020115461,-1.223060295034762,0.48037575350296996,0.5423260136102096
-0.89267302608746,-0.19205455660289064,-0.1026942747394745,-0.6894006233500808,-0.9826241266640277,0.5152845087046174,-0.7901970295069313,-0.9260212582093796,0.3683035063120499,1.458050630823973,-0.27989749006442605,0.9312616129333344,-0.15668788926457605,1.342969969823284,0.6392979288892443,0.6413228028789364
-2.1723261543183936,-1.5119203312584397,1.3953687853114862,0.4870114750195768,1.8488167192315155,0.34849882388861897,0.13798552688778534,-1.1991425113793406,0.1449680472287753,-1.0014097231584858,-1.1138549385924994,-1.4817181838794178,-1.03658718140874,-0.8582742439580199,-0.31709620471199085,1.5996725844822044
0.43099773068612873,-0.6710401758777493,1.6776221796561468,-0.4811340296071135,-1.2443092773117164,-2.2669503142847787,-0.2750654442633384,-0.256526186909069,0.9117034474572853,1.0166268906503768,1.0695796879299722,1.349687604274583,-1.1908357095818234,0.6169042393143616,0.6450284151956459,1.5274840708137976
-0.9953748752534207,-0.5151891835931424,0.5580957092274923,-0.7623296402015625,0.19306098619499704,0.1425746322834115,0.3915076026227311,-0.6745114300941226,-0.7065695718344455,-0.960044363143606,-2.4973690657776157,-0.07786418228206195,-0.09488717245291503,0.755496073122141,1.9773837642044407,-0.6401110603170242
-0.04404024872284392,-0.3673963935276498,0.37058923013158535,1.7208459284479383,-0.9492928627067274,-0.6633807750862191,-0.45585126218205846,1.5538351673139636,0.4089818076066662,-0.5197647581937332,-0.35239744565539943,0.505269713059667,-0.7536860148746666,-1.1085996069207464,-0.4197205715504232,-0.2209445664195122
-0.1760846580816317,1.2581755872359361,0.26026644411728006,1.1562503780329023,-0.637904170813373,2.575847380361444,1.3719397000761577,0.03625855410359037,-1.4558621866380788,0.4045076733311593,0.9308786508165414,1.180427248516124,0.2135041085885589,0.6356268388140571,-1.2933998363106638,-0.1047619568797643
-0.8777143688883059,0.8885792893603293,0.6160246181467476,1.447228749488414,0.5668506352820306,0.46134359492841026,-0.5682424905489464,0.4460329085949794,-1.6382925998821778,0.10931790463524754,-0.8016369245338932,1.4294777569486339,-1.0476757941009684,-0.2847948148456038,1.2254145246170922,-1.5389481508066023
-0.97582687970287,0.0189268993406164,-1.5191984162692949,0.7137238714689378,-1.9853688288650013,2.244079993326034,1.2267207921716858,0.7441670347971115,0.3491615154418083,-1.442176184487099,1.951283307638514,-0.5991332404235349,1.1237723177332457,0.24919413302008392,0.06850677263947047,-0.0026469940512722
-1.4617052651203646,-0.022601603642107487,-0.5665196843297178,-0.7530447214032854,1.5729710547664155,1.0202866712435514,-0.05851234101185527,-1.1050690845157918,2.0845949427350012,0.6048751100387196,-0.5777525371794815,0.4539560660355569,-0.36858770452562145,1.1232831882797805,0.4335797992071831,-0.7310850812968425
0.5716878955216075,0.762402496736792,0.817333347692016,0.17816068162972004,0.27066816759630796,-0.8061161404232823,0.6590515624648103,0.18737219659649626,1.8607663428183048,0.48972945413302343,0.10577848861201473,0.4253746191729919,-1.0687718303798768,-1.5891032150647741,0.2826841914147938,0.8774818283964639
0.8658882642070218,0.02917157223993464,0.9368523606602557,0.11755429636080884,-0.1609495159939864,-1.0791171196381424,-1.0842438936751764,-1.5838888751751556,-0.8553553256105288,-0.6131682940702542,-0.3305611782603949,0.6988661940344292,-0.1913557337225293,1.3334182002740742,-1.632922423254203,-0.1738709111617789
-1.2779232773740652,-0.46423545247277687,-0.29567544110856625,-0.35526674325474034,-1.2234416269400115,-0.10929568452212628,0.5171741662106509,-0.19816185827681468,0.763317802517959,-0.279342913066983,1.0291948827172896,0.38742717310837066,1.0287045325464252,1.2401916166688252,-1.1674922096287177,-0.2771774144700287
0.11638342353307936,1.036160874506117,-1.552368348226343,1.6046663242848918,-2.425275882995232,1.1960815116183139,0.47196455711725543,0.7649528091510466,-0.08967812723973663,-0.756705457462882,0.8576911379493047,-0.512116028485032,-0.4378198116007857,-0.33537949687033386,-0.24342654297408892,-1.6607901260240756
1.676726654308354,-0.13333805947211635,-0.21278089502401804,0.023404009333549403,-0.24490286199748065,0.1272325777753173,-2.3881758489126725,-1.5049552408090348,-0.3612191717101657,-1.0064858916336428,-1.921535134062414,1.2697098877271842,-0.4463352754600585,1.7236801257049554,-0.36392428245850267,0.2030808294422492
-2.763724830758746,-0.9604882001741455,-0.3848638847556275,-0.6308214300760392,-0.4360946192542772,-1.9560784390705364,0.289671479782305,-0.28313189551357965,-0.4561869607634259,0.22673169970623683,-0.5516276442834327,-0.33363085173872875,-0.6967464215227763,-0.6030190284575248,0.28118192555055316,-0.5519733426919882
1.2018779981269414,0.1660133261235988,0.6651756361418304,0.09704516409701269,-0.01587738387241056,1.79079629619311,-0.17930794940477138,1.9783862147735658,0.47321275402434154,0.41083689759117914,-0.2286774029106827,0.05537692268127242,-0.708427973554015,0.5550932122157869,0.6263944618725649,0.3077867827570399
-1.1987297725306134,0.40004752851947556,1.4184785780173208,0.16817338834860954,-0.98185549477579,-0.16460541957001118,-1.230640038994075,0.8181904388093945,-0.951976269458836,1.0484764853116417,1.2100506119911836,-0.12735373531341254,0.34986653853482036,0.1709330994132993,0.04532478385085536,0.6434005951134086
-1.371196413039907,0.41658261158223103,0.3910568570234976,-0.5514716860156397,2.8556745022223184,1.9540697630223802,1.3294681592828392,-0.7619084551534415,0.06699107949683794,0.20363620700425572,-0.16736935145414283,0.49781362391264117,0.4839340323259466,-1.3642573599137495,-0.14678857165939344,-0.0020314004977347
0.40820070260025887,0.8771461234189986,0.1962654745895323,1.273574754696642,0.05948302736391271,1.2110133789722703,-1.1426993768560685,0.5168377346255478,0.938475884119508,0.9815479225046649,1.9335633080806731,0.8716492048969339,1.5471592543209487,0.1026512815514948,0.2838069546988207,-0.5941699419806327
0.21865162354670914,-1.1847347818777758,-0.0033945156864824562,-2.288783098421342,-1.4898439602036067,-1.008213498420661,-0.8121445076256263,0.09006813814614135,-0.8945373985409831,-0.29567289760228016,-0.3672188584336934,0.04799574860549106,1.4592110160502263,0.7113438221990402,0.46080786040653393,-0.8761458277353201
1.3250528818256775,0.8096731733225214,0.5808524466975088,-0.5130673420276388,-1.9349686181304764,0.2531707484777869,-0.9184461013438855,-0.6281528376183677,-0.45658708994030067,0.23038683219328465,-0.18847527771534597,-1.8620707360507336,1.635881122366853,-0.4770740476111825,0.5035113738142816,-0.5784995097464789
-0.9353705123374637,-1.1090194111032474,0.8314581459127329,0.4178849021657939,1.1592415334791875,-1.5958263902475676,0.8588329405118829,-0.4713127960281886,0.2637967561089032,0.932627481544642,0.5689985920474862,-0.3902739028368734,0.5639884334587413,-0.8525439391255388,-1.9431671153005872,1.6631939481611513
0.7054289184237793,-0.35650459439903115,-0.3847693952569615,-1.4984712226025054,-1.121518702413182,-1.521708997481007,0.12057952060124327,0.4724793486934795,-0.7226292245447785,1.0565447450523329,1.016764601570925,-0.34364674410436735,-0.6260548163946771,-0.1845111530892117,-1.2535653816710253,0.9072045333055652
0.49926808277738977,0.5791192274778217,0.31559233004866866,-0.10979996505022004,-0.48751467482348704,0.5462354422832683,-0.23017984243974118,-2.4471121598781718,0.19918531033464718,1.6352139371120564,-0.48302170980600523,-2.1070699004145563,1.0692262482166315,-1.2007831179237407,0.043465041533487736,0.1018448064674485
1.3194629135260747,-0.060214888756981,0.9952416605846852,-1.335097302454333,0.09869845202390443,0.34594656694588555,-1.7009585429343614,-2.0447820380517694,-1.566121388160141,-0.4579575805266829,0.5487916616633928,2.06752930526252,-0.9204385361662489,-0.43485483786609674,0.7387719666298066,0.2977151006182957
-0.9895281942303089,-1.9477269169715958,0.6082549979307978,-0.5240779841133724,-0.04052542200591874,-0.13008302787129664,1.4811234766705927,0.18446198387728552,-1.236549485987448,-0.33511957870381537,-0.20897771984923744,0.18200678631102055,0.6216471590749646,-0.5731322490715317,0.15049854260817494,-0.1641348011529084
-0.9328515748417526,-0.032800998432858886,-0.0643066519301364,0.8639993072287788,-0.1702273574938472,0.5639947839496727,-0.06409557291026727,-0.632201041692575,0.5583505386341384,2.076814059447305,-1.806252300727899,-0.7875870656093676,0.26268493522796954,-1.96345996146427,-1.0393586149276182,1.8406943346036273
2.211924947784664,0.3730561181802951,1.943297220014189,0.530472065470839,-1.1782134251765883,-0.28889201683812993,-1.8344653712684376,0.029437282542430752,-1.189325209822741,1.5798829796342242,-0.10625448323605254,0.5312975279976411,-0.8887988361938306,-0.7703986092401239,-0.5557418007133669,1.4220882239315098
2.2613388519951774,1.3148311973575961,0.04456663045158049,0.20145744106699354,0.0415289145070612,-1.307113083274328,-0.604027571803622,0.717533291699896,2.8624063744693844,1.4077122375731612,0.2213243004338166,-0.06440564655936161,-0.7669680882003904,-1.1086582894575783,-0.4114223072116405,1.470266330161876
-0.053361383085477936,0.10131362653170485,-0.25280931016454666,0.9079292092928203,1.1580592419774096,-0.008303879839391569,-0.86441198272136,-0.6406530584469033,0.20110654016992036,1.5883270494568085,-0.1511715298865768,0.6362094009763547,0.7035863114849027,-0.4574712643630772,-0.35769335287279563,0.6352885617199956
-1.714099523461597,-0.3586705413465045,-1.8067021624632118,-0.5258795224825352,-0.7233776389782929,0.9562658583686211,-0.41961968643425474,-0.4853038322774079,-1.0014532847981858,-0.12448763524571033,1.6690870948298606,0.31705895591255784,0.6239342907309502,-0.02446095334349583,-0.2568822388856095,-1.4605152725183967
2.2563374682558264,0.11322702041269624,0.043095894271699534,-0.03841423278716784,0.1171217927249461,-0.0916365493451595,2.4364757846967207,1.5137531072012242,1.8990891374693109,-1.1384011225259414,0.9552967999831944,0.46943657128890454,-0.2492373336605752,0.5289457600654132,1.5561599473450585,1.710202030067814
-0.9919250381752143,-0.17649712467398287,1.5015085613157089,-0.05837574428823529,0.8082539844821374,-0.4142438709001091,0.811433418646464,2.3347538117326714,0.5013132931854538,-0.1645984077284898,0.05362774523521065,0.3367978010738919,-0.36811993950918903,0.7162070216578162,-2.3000400063480284,1.2577153504606846
0.7934060382306535,0.44139226658067654,0.6594853933222592,-1.8859968660197959,1.4218434878955217,-0.34855036122856164,0.474151652259606,-0.18389549877413985,0.8552177121310375,0.05610171855435559,-0.7834086420193315,-0.5580599574472404,0.503212599497794,-1.1325540814192803,0.181470328877779,1.144400450239926
-1.8340181042333703,2.499027682423768,-0.5150814348033063,0.8333223627784586,-1.4762809237597923,0.16526498464650116,0.619009987809902,0.12570548385769467,0.9758296873689223,0.12896979600005887,-1.0241840048751754,0.34095520232430865,0.9554653465841825,0.090870787647451,0.166825752781314,-1.0690109344688872
-0.9566391900121064,0.332510436048284,-0.5991844386949238,0.042999530151069686,-1.009340854361904,1.7191906255422824,-2.147745142457183,-1.4237612096146472,1.996990753279541,-1.1244924575041848,-0.19388832260582534,-0.6354268653376459,-0.41427212517782047,0.4643000441478478,-0.10375305847841576,-0.4010169873504888
0.8576904908349341,1.0629792674104834,-1.250913818343943,0.8603189552183298,-0.9599614351077521,-0.6290980366250255,-1.4759417982107044,-0.016300461890218595,0.8772147460163455,-0.13513409514579466,-2.0518177333442695,0.15746800926543195,0.0062557775141652994,0.5255283474299648,-0.3218223146684086,0.0114009197847174
0.29679759873555245,0.3100489275906639,-2.020472757833292,-0.19034303794502466,-0.9242859907063093,0.5488711375293548,-3.0005555980109464,-0.6374972724089697,-1.6587924795645457,-0.05339711394808214,-0.1898368806559904,0.6728585442356676,-1.0235853167882345,0.6294300897802482,-0.40258059011609326,-1.262188520620599
1.4461910066682258,0.5004719662173139,0.10254781245032174,-1.3541987337353223,1.679561762824729,-0.8739393125664238,2.227152878951835,-2.084826302375191,-1.3232334535208925,-1.5348026997669517,-1.376869197093091,0.4435829021605388,0.9301480367799859,0.4745093227064469,1.1042076029125176,-1.4349143998455496
0.20022831239319516,0.2766678990161512,0.45515033113454234,-0.42574219937786345,0.6429368088302303,2.3331397125188675,-1.5099951026629195,-0.8616352170278004,-1.4687716775866269,-1.45546628184727,0.8896281621739284,-0.7619304759125342,0.087092838441613,0.4579694810010193,-0.9878685897707045,-0.1950645366051817
0.20120033433203058,1.9456477838736435,-0.4300252802890129,0.24195610951239843,0.09503695603252085,0.4019416579078366,1.3909990747862295,-1.651724858945431,1.991862166012791,-0.4279946350959003,-1.942751889976314,0.7295360705795907,0.325141907864011,0.8231936004524895,1.119383093027023,-0.2023195742462521
-0.03624395952252454,-1.2647184733474086,-1.586798062161846,0.1743443207978299,0.2887169941793654,0.9367193508784931,1.8159117736038923,0.7129542643147885,-0.4679545068737484,-0.712657405528798,-3.6036247620060466,0.8739876692359102,0.14554681398814304,-0.119276262707742,-0.3149271041191686,-0.6104455196525548
0.746700160668084,0.2990610263262163,-0.23375683399518837,-3.104634996815889,1.2376896444757441,-0.5479566464602312,-0.6964099250449167,-0.6462780069159443,0.012963257250553417,1.0875721778412977,0.09744594588452536,0.6547964476547039,0.7570252046770968,-0.24304142802258197,-0.17803535803280224,-0.5758709536246585
-1.144432827184493,1.9067756094383903,2.194347492653531,-0.33107168295095407,-1.6472313838407946,0.437863249618942,0.5148778662405591,-0.5091213332519156,-0.03808134365207087,0.9020847804593382,-0.4637691912112025,-0.9889883446550841,-0.9728404098493146,-0.7483443280743672,0.07625281659573184,-0.4280977924939435
0.6679554318608194,-0.05555407946649692,0.1892017845551021,-1.050612569106147,-0.12620826485209188,-0.3886407073409848,-0.3837778929969449,0.8286712420339357,-0.5239324825005708,1.3195350982434728,0.09107341948017374,-0.9390855289386074,-1.6818147553959764,-1.6544176713511585,1.8234076330789346,0.2975601786648539
-0.9201802471471614,0.9726653682701488,-1.3422231823837598,0.4788053347277604,-0.20048507326992787,-1.1179060459782497,-0.1827872469149364,-1.2403195379314536,0.8650522059262735,1.1299757625943359,-0.10558965222054224,-2.837548708638262,-0.5475863813292625,1.015192608220395,-0.317625261289051,-0.350025063371901
0.8809054705821897,0.512973686194672,0.1280127678129388,0.768735344024919,1.4236148301133982,-0.9992144782166578,-0.2263068740257212,-0.5434453587911765,0.8233071706752981,-0.9161490882494812,-0.27541646605745607,-0.5550999879701024,-1.8648337189864668,1.9165591277360448,-0.019385984420778178,0.6611015093946617
1.1372946330653455,-0.33081112498129106,0.08584267086404644,0.8299514274317312,0.8304631372950948,2.54575362249136,-0.6384204277150266,-1.3659488189073519,-0.6950263537744477,-0.8792035701253769,-0.8782433624424782,0.7236723896032802,-0.7504055589133897,-1.3626234387560454,-0.0245357042556908,0.4955063273072366
1.8527229491360584,-0.9120610783195184,0.8223220776330552,0.7599852287290583,-0.6816596115267011,1.0169707403305528,0.9770786515751648,0.8854360580382491,-1.0076050087340012,1.294714284558344,-0.33473083650468555,-1.9528902584390748,0.1437142517547339,1.277257687881109,0.17130783224666235,-0.7982443801396927
-1.3653288919431075,-1.125165427034735,0.1757994596011433,0.7986567302194792,0.6312470661179548,0.20667145491305075,-1.5265746642972993,-0.8965235004315707,0.5439050237107212,-2.246392347350981,1.3296148080969024,-1.1454702642752657,-1.0091241466857204,0.6524360348702107,-0.34751444162314843,-0.0175648483766521
-0.11072049763964921,1.2194532873161017,0.8594063114508897,3.219776264622458,-0.9185718466931921,1.8613793073619282,0.4824803230960407,1.2338455112842541,-0.25728998758220323,0.9266262802905997,-0.43888319744683757,1.147054410907997,0.5478871262722328,2.129411473045252,-0.8438285086203366,0.3192850790008383
-0.6063906982951919,2.1404936212932144,-1.4643664949513195,0.1568859355064422,-0.6652928950508593,-0.4249250767552961,-1.3076203950051548,-3.0435835667424134,-0.5726229198113506,0.4036889627992865,0.9822801686326396,-2.2276408521976605,-0.05325735943890491,0.7449698416790385,-1.0455877412310164,-0.8543439889478672
1.646077557721602,0.4029205943453865,0.21577828561538906,0.5449002921882252,-0.56061008936458,-0.7428436667460313,-1.3819260327523317,-0.22742906684781466,0.4708234985025929,-1.1438984046492986,1.1171774384897248,0.3585254741873274,-0.6742740553949802,-0.19944409349313857,-0.7677199633169871,0.6785820990203681
1.2140983552508215,-0.6059562287772858,-1.9741483817753263,0.9011658994929718,-0.618995854893049,1.693727834260864,-0.06548522322804855,0.13765279957849316,-0.6932419663480679,0.3610497242899466,0.5297336949385829,1.4721758605099258,-0.1569579003852923,-2.064180303121822,-0.07324127556469323,-0.0522598862597686
0.8832311150776603,0.5233162228422545,0.9689766844267429,-1.7543431539252954,-0.3871138051183826,0.047482232917535165,0.988024716485463,0.03895865622679567,-2.3273537280766408,-0.4258420363521764,-0.09614548809563161,-0.840594614672643,2.2759845946035084,0.4503929268417101,-0.3817141173040947,-1.160005165388345
-0.817712072755547,1.2597895156810062,1.464670387690691,0.08309367558054478,0.18120891006591655,0.4159743849083417,1.1347998314484808,0.2669478344257431,-1.7999200353872646,-0.1182564687615627,1.3193073527806987,-0.45455766777786494,0.2255264319103955,-0.3925082798540541,0.6348922917287986,-0.8273015826132666
-0.658599170748026,-1.3761183247101532,-0.9642527781527978,-2.0569658401917517,-1.212699276663062,-1.104082066347988,0.06930644886319802,0.31244107366981994,-0.7489210543416458,1.4526817388331903,0.33275221610834443,-0.15954997804435717,-0.3219445781293203,0.07279095087350512,0.09176981952784226,0.4543582413352874
1.6793570519240477,-0.7197642662428374,-0.8420671935274141,-0.6312572100019707,0.04075021810033464,1.3464907571866198,-0.302496641182271,1.012503351505837,1.498487884439868,0.8743113890393531,-0.7449024139194936,0.6253435458795891,-0.667072431091852,2.351003813985371,0.2796463293556276,0.5007825759101985
1.4589130479811152,0.23643385455422886,-0.15214770043199333,-2.1946217345188592,2.454923461136787,-0.3059866980152047,-1.444236511847521,0.21488377208894574,0.11658603581465996,0.06860605716808962,0.2952065064205532,-1.181394513873774,-0.6406654639144075,-0.6434215265893435,-1.5354013764118657,0.2166165123582791
1.1477125401199528,0.8195888252360065,-0.9682068079228555,0.42512914854388456,-0.666677173285599,-0.7124635080968281,1.0388938294186765,0.8459982589915929,0.7291213220116707,0.6033161605200226,-0.4542262245996946,-0.5201541884196152,-0.5278223799378482,-1.6313458488272967,0.17398127046275083,-0.1877148113818702
-1.6502580639068907,1.5844963148539861,0.7255592228950102,-0.6310783818670984,-1.4860541390397402,-0.5206564379581502,-0.5137980889795807,0.1728585810815129,0.2266604941763292,-0.9308125989647692,-2.291000733809011,-1.4843029928584046,-0.7947639629009888,0.5505161348349762,0.7819344813745874,-1.6697706639059504
-1.0089467967605534,2.806620018916892,0.17127145623668796,-0.5568207111618356,0.6095648398773093,-1.97317062124723,0.7403167101993635,-0.17792134073132404,-0.5629772022895143,-0.9158975918870657,1.0082647439901058,-1.2159109277132734,0.18480414373892276,0.5677894709782795,0.4534137099376989,-1.919751258271345
0.5808970852775553,-1.140677431117978,-0.4507978634523163,1.2231292024560758,-0.5614913057845826,0.43610869989875634,-0.46382361726373467,0.7315346105078753,-1.2853313900849217,1.1767652341260753,-1.3208905240008653,1.4109851212859323,0.3593744688709179,1.0529262868648834,-0.6389767975432068,1.12918988428433
0.5154941213048108,-1.932219699582133,-0.010512812362837524,-1.3744448731386048,1.0715007774876537,0.28407253192805754,-0.18067716029656383,-0.7124843154973841,-0.5025176017577343,-0.23417796175892858,-1.4047995530477866,1.2581455178347452,1.718351350964716,-1.0354335539776887,0.6942959558406311,0.5414167045064916
-0.85916910026486,-1.752924963493463,-1.2847006373499383,0.8348218350287475,0.4492881740518737,-0.044962921888504516,2.5665850553839764,-1.3701426200499691,-0.348055058527,0.7521005241476479,0.22000772741649038,0.5274964583449671,-0.47675407796502284,1.3714692257168364,-0.504385676158733,-0.2853417902194647
1.2022436976620328,-0.379247219604494,1.4756191395120875,-1.6666193943456749,-0.42130296179662796,0.49955844586493225,1.426019211923203,-1.2877552209184704,-0.7798027321799746,-0.8951394955230233,-0.1386015180765488,-1.7314755739505105,-0.38155300034772577,2.411510017818756,0.7573989093917487,-1.6258547880405885
-1.5904214184999235,0.24773429795363017,0.411704625819652,1.3675080422257804,-0.6455767243000333,-0.7353132600591293,2.213154357029645,-0.6478114208552812,-0.7365431063552916,0.40070753824054595,1.2369908720306106,-0.004618675256022423,0.4630449014304329,3.1111878870814547,-1.1358466379774816,-1.0602003968018887
0.4284432253802757,1.5255858109606868,0.9922555197378068,0.7397885742109656,0.5232845763360281,-0.9259485747573051,-0.9402829266172996,0.7298820745172881,0.43313128121919,0.628132176864918,1.598330534916226,1.1886941482481368,-0.36820434771398625,0.48336317337678514,0.39973883357883816,-0.0803491712802908
0.323480334849819,-2.2305584990700984,0.45824802086158906,-0.6983191244701283,-0.9943437916660259,0.3026733314907107,1.4531322471121615,0.5460490056535645,-0.9273338609520841,0.40026335054737394,-1.970211563598274,-1.1494845834027807,-0.17176042936933583,0.4393017151611058,0.7010440501410122,0.8808749948979345
2.3593346211222923,-0.7939593250694259,0.4073324494114126,-1.0913423401794087,0.29364734992544395,-0.4768272666839896,-0.8890764060525772,0.23349124729401222,1.3561703180151765,-0.2475808393597113,1.5186934271533454,0.6041396657576347,-1.1523974054042085,0.5113304123360127,-0.5898350831982582,0.2043665069711483
-0.9555894571187167,-2.302477124469815,1.319802987927325,0.5027281570633777,-0.574072500501021,0.1686226618779037,-0.405785375393143,0.004195288876379172,0.14450857561373504,1.7842149278481576,1.0102771327756028,-0.20907705928454934,-0.5066439876916164,1.445818878438881,0.5671946276502559,0.9934343211676828
2.3528359622095247,-2.52917324019496,0.6253892742201554,-0.11571229096833313,-1.7245451729262393,-0.62473683734635,-0.5121927378863081,0.8464898808808282,-0.2734287225176767,-0.6242023342933377,-0.2612100003089093,-0.30366723884296476,-0.9819641471061424,-0.8238961173688029,0.04284806431572237,0.8595982117193378
0.9963160472591451,-2.173994947516745,1.1553964507286334,-0.3176882624682359,-0.96495574349204,0.9000798174669237,0.26385933950726426,1.7447970762967273,0.7846696835158531,0.6384600110272376,0.5441288640451755,-1.1447399997901835,1.4428921033703284,0.659604440366231,-0.25025596393240934,0.3727095824877931
-1.8320325019928987,-0.09616449487474688,0.14386700237963523,0.48113466030657337,-1.1977802306842968,-1.1849179512666117,0.5828743644146217,1.4410095593081282,-1.3374838866714,-0.7070790266031038,0.7007403486881817,0.45045141387887266,0.3742239951423155,-0.5187324966727022,-0.9702217195952558,0.0791902537943525
-2.182339926378746,-0.29738514275267447,-0.35944617770539905,0.41408380690932417,1.4048177344612804,1.0539728736489262,1.7263216475422813,0.6149190199974996,1.7712763826968658,-0.0348786155808608,-1.026892431618735,-0.9507872049116528,-2.4376722581896964,0.1610628975620193,-0.27007584293457154,-0.2278265875786954
-1.034595634502228,-1.5274409252088408,-1.8998320204209926,-0.9568490307467954,0.9642394758559366,2.0194799991425736,0.6967425856058012,-0.4845843657688272,1.2286081569901501,2.1487186274239263,0.7758804315627511,0.4205476166770404,0.43473810295680254,0.16668180936341018,0.5659572369114448,0.3218036650013712
0.7492602010723064,0.0410443056447686,-0.5795396283165688,0.4889512335293932,1.2929198505910933,0.08530631706905162,2.811462899867346,-1.1615868318475522,0.0844728263347911,-1.266069935732399,1.815663553081219,-1.5471239473194653,0.3157902901479917,-1.3023003809152378,0.12005472916455963,-0.1461695457583085
0.8428902164009274,-0.6646926738849627,-1.2350658461902926,-1.4261473747255127,-0.342798760476178,-1.9679714841199034,1.1173909011529553,0.7261679639993438,0.8925732663033069,-0.8838322004686626,-0.2634581690205073,-1.569016350555308,-0.5301082217437331,-0.42418749911767967,-0.9872725628524543,-0.1960711863630723
0.28425363507390544,1.6384679880799913,0.6212313338380434,-0.18942336262909454,-0.7723203744654084,0.7530136086981939,0.26434198063058517,0.3312914456836191,-2.878500291694688,1.0749822007774836,1.4077251443195022,1.328103022320122,0.8162926168590768,0.1930325886953133,-0.520250215933955,-0.306588796228397
1.3582089154231907,3.083104629732754,2.4756554339877397,0.39464509778559975,-1.4703983246999928,1.7595997797535998,0.4534732736538009,0.8152034231014416,-2.0813392794208374,-0.8108012993796062,0.3903443166151313,0.055800335294237696,0.33487430861089074,-0.04087240942846596,0.5260992643956051,-1.0114544785105348
-2.31900185510027,-0.5360601799083687,0.035646061779944234,0.3133708820871518,-0.16416364775978695,-1.1000871122654332,0.032933192731485726,-0.6593624464012169,0.8876572716220641,-0.10958456072936021,0.4116759560421539,-2.3321126152082594,2.269659370082266,0.8195251186678918,-0.4006207997433953,0.0167031273395993
2.228493200583496,1.0523249714136051,-0.9515266375007307,2.6734376331604146,-0.5421690103344429,-0.1074673981337481,0.3253905302118886,-0.5556442566542782,0.8711178290077656,-0.4790339828235519,0.4574229220248013,1.1126526939652674,-0.9607827252422564,0.06987017454263199,1.4798591606301779,0.7989755988267262
1.4289003763573647,1.346610396208358,-0.34890246047909285,-1.6746589931515232,-0.27039498733356365,-0.7427160510326043,0.21342163928964902,0.29829927678039736,-2.033665580395617,0.738302497443448,-0.7199366169337292,-0.5952010092723587,0.6781598762735084,-1.2971531186822174,-0.12920890964021714,0.4491339489022413
0.788789477746059,1.7956427626821105,1.2526697773213504,-1.8228994224955855,-0.5808715124424654,1.0358429882892186,-0.5793964676235975,0.2564813074391432,-1.6150315685878307,-1.1783601716776493,1.4981622134482404,0.5743151490249455,-0.30759006670655736,0.39838397186028207,0.14099022786107177,-0.849343166123238
0.9051407500839562,-0.2125409356371412,-0.5722582532060076,-0.7514204646981637,1.0442097375940458,0.3768826051460604,1.7398981962126532,-1.2133718492738488,0.20449360721086735,0.9859994328378274,0.13703441425298032,-0.07780198474736427,1.448144392072014,0.38048043491792793,-0.8603247599523972,0.7037613205233675
-1.8683088069154459,1.4047981734248505,-0.7332760989641596,0.11332190469562207,0.3696943777478755,0.8153687454788857,-1.7409413041761295,-1.2061759712832956,0.22131969731437562,0.44566963872481885,0.9087572155479312,0.04185311029644924,0.09970711426844676,0.9883888031261198,-0.04977069133367918,-1.3892659157642766
-0.47427125937840825,2.3803106212497487,0.24782266534778444,-1.4907087769039318,-1.062277155211575,0.6134362567205572,-0.348191604179408,0.9326805603914533,0.5868925486867558,-1.3128235081975013,-0.06413745756603716,0.049354103104911944,0.4703295952903065,0.1255811392973613,1.1011312205177732,-1.3899331309719698
-0.12543540607549647,0.36247081675483933,0.7969791394319998,-2.1083879300136226,-1.6946317196889702,0.43249368059905396,1.415740937655524,0.2602983131230187,1.8910967992026695,0.15018949823798652,-0.47062987408618706,0.2499854658388309,1.1235331694227242,-0.6317379897619216,-0.5032732159897038,0.8982792190167477
-1.191940520673713,0.3004338613338154,0.07374037430671418,-1.4766075320129608,-0.14738095123246198,0.2655399880554894,0.4645476535570766,-1.8784169861834512,1.357641082196666,0.746468717655676,-0.11759946653492502,1.5467643276559753,0.48613297647710857,1.176892991677592,-1.1479995214606296,0.563486041553444
0.171983437208348,1.5636915659355717,-1.916773690158498,-0.8758935477551649,0.47769858561802336,0.5703094450717446,-0.967429510068416,-0.7406854924614544,-1.2134421599416658,0.6598544059184344,-0.344235002502939,0.4498461668760088,-0.630758673936261,-1.240878001698685,-0.8055779710583734,-1.4730386494915129
-0.16227528805333205,0.9609470797853028,1.1258190055829191,0.6274803878144286,1.0043718419825751,1.6091424808716999,1.5939609445629421,0.329891435629251,0.18336475681404765,1.340962498492701,1.9017287425225582,-0.6391840096537634,-0.29939975813280256,0.1949591505783321,0.3607898414696919,-0.6806890677668506
-0.05094207976280186,-0.3595774362847051,1.9369698249041685,0.5923149467969492,1.1808972015392052,1.5761891572542366,-0.3058808209731828,-0.6553252993237367,-1.8329790130100656,0.6532782244562084,0.5655190895100461,0.8520742319356005,0.10106860523655616,-1.1396266137333992,0.7786911791681413,1.2213769800686007
-1.3486362000548988,-1.4963464393133303,-0.20238109074111763,1.6074373327963318,0.6755110080403827,0.9482789267116316,-0.5326642584086166,2.6930705745520127,-0.19167327643411464,0.9338719202966462,0.47013830490287317,-0.26938056338033717,0.5385538755938463,-0.5372914959402121,-0.2965307005324235,0.1504519227694365
-0.1125348143697174,1.1643173948360594,0.4813935359599444,-0.0769448777006472,0.5292569492393792,0.3367088359297138,0.2862313487009213,0.552130872288235,0.8951699696185359,-2.051169249161391,1.0001045742291508,0.3231542769040024,-0.8862617734814102,-0.8632938767861353,-2.0021841592877574,-0.4832335843518496
-1.0334673580684652,-0.9271029580725846,0.46225776278112796,-1.9833726535436236,-0.6194071355638426,0.6220837359812024,1.4281291100330022,-0.4767489210722341,-1.1279207821284942,-0.7760067676880144,-0.8818726999993862,-0.7827349886683891,-1.3375574335391325,-0.3530802061131631,-0.2987671423182691,0.1701244715676346
-0.32963238688704705,0.32293817628786664,1.1180871916685544,-0.1535818771618161,0.4346811992270235,0.6506610910684052,-0.8667596356686075,-0.5039071257873218,3.126657004737377,-1.0906998485327932,-0.45871148385696636,-0.2929938957724386,1.249126751732362,1.2879752876097013,2.5005135591576,-0.1537832008057789
0.8250329495305917,-0.7938798337184216,2.366241118412727,0.6549318398383779,-1.35485890432962,-0.2226882151601786,-1.1460809227286695,0.8370471939397891,-0.3534152753787943,-0.4723784210407572,-0.07031051069653671,0.26778041472031944,-0.6506380102746655,0.3750262925974431,-0.5402276587617578,1.5724316140791377
-0.043463044129564435,-1.5052972156434585,0.2570650777509859,-0.6985381859628383,0.22310561581419994,0.6131718396993447,0.8983883464729514,-0.443980432238938,0.3515644241239783,0.20915205432642445,0.6987703821933875,0.5264654652143859,-1.451529725263097,0.8169062964381751,-1.1799274719210078,1.5175472772254253
-0.24816113899860376,-1.2115928993689764,-1.8582333108505604,1.5779251086364985,-0.628329381715397,-0.4098853273260202,-1.4060490420410285,1.2220513961709372,0.4055519315966144,-0.3411601497467445,-0.29493995279699264,-0.4441355363419045,-1.0296723376333754,-1.2729378002509804,-0.23488326691894862,0.2367775081703851
0.6082167800856224,-1.3416628381760036,-1.8026090378821458,0.123157567645539,0.2899726217930305,-1.5556136125910718,0.029871888626395688,1.3545983195156812,0.7187637684630583,0.09998100557827112,-0.3731141764318187,0.030989969499848405,0.977055623101595,2.2130417196496515,-0.6172675376091522,0.7744309710221225
0.778270837582269,-0.6531084555054187,0.6495373311520232,1.5533356639933513,1.5562496029703905,1.9910552710202198,-0.17196197983710867,1.2579328577465496,0.07414105387642858,0.6240561491100138,-0.9748707809210491,0.10533862408544188,0.14482173146885458,-0.12270821014966177,-0.9227583908026096,1.9859082874306395
1.5354622419902002,-0.8466925383720755,-0.451597278552716,0.6329789442932747,-1.2489238982612936,-0.40014855026606,-0.4721837491804055,-1.5898326312053244,-1.6245848551297033,-0.5756470706610366,-0.2230208361992617,0.1458681222034803,-1.90569754293606,1.3087269672348745,-1.299173814364373,0.8237205201089783
0.12865093060883606,0.25986518134948045,0.06810035583190518,-1.2100266644182522,-0.4526289460481149,0.9035860035328123,-1.7064602127327355,-1.0115753163190744,0.9202025566909782,0.2471147164723002,1.8342063347764985,-0.8059286760442835,-0.7933519186956349,1.258796144703393,1.2309694815119008,-0.6845757246045507
-0.821748464818146,-1.040926957716552,0.2851137620101777,-1.9400815021188453,-0.419929855016919,0.5137668434999908,1.7355656023262809,-0.1537905525471185,1.3862321280795475,0.07032855933345153,-0.5689503619682637,-0.26188450644826156,-0.5519600953677914,-0.9745660921978061,-1.063363679878877,0.1773127608843006
1.4912674279722522,-0.643472300010279,-0.24446088188887005,0.7228526069458807,-0.8605346303059586,1.2202672989243055,1.4683217164736933,-0.3765420947869668,1.4108642353568468,0.36056565047380407,-2.080245126627066,-1.325230020057448,0.3033598665519359,0.9398158037541943,-1.3776928053270254,0.3453590906373271
1.2376838507528274,0.25942334219620683,0.24584068084637647,0.3091017136226202,0.7854469909847577,-1.0118506887806726,1.3718953920736527,0.6029910208966888,0.08362752603011775,0.05623192170775668,0.7303293053604326,-0.2128716297514844,-1.1670438949015836,0.7687590892696728,-0.30723276145029815,0.1879282193641091
0.2984054438639757,2.6841672062306827,2.406908034888896,1.6610555898481871,-0.942613659500321,-0.1389787443101358,0.47638800843768486,-0.706722446527069,0.6324973595132735,2.151690149285553,-0.8687171045963591,0.34607783599711384,0.47208883134345425,-0.19750238925599248,-0.13859871868077994,-0.1715580593002333
-1.6374967707307315,-1.0255510891237316,-0.8526436802239359,-0.1618014993289012,0.3038671159656824,0.6565042750439041,0.7770149703298354,-0.33341366963155605,-0.6498808503178876,0.6033012055424287,-1.372093858417604,0.6367610101784719,-2.0217593408537744,1.6438314010278015,-0.8217313596875461,0.6031179175747245
-0.23730049341317502,0.6855169714215488,-0.7587919124812798,-2.0527088785666607,-0.4882716852105693,-0.7491443986971451,1.1238481986804503,-0.9410488247404675,0.26401981741773645,1.6051304581736536,-0.046475749838124795,0.047380979376039044,-1.2908978933018067,-1.3484130006404695,-0.9319640474627073,0.0831031159711733
0.710696738973101,1.0320084574381667,-0.366941086572847,-1.2880489956011179,0.8509973945819526,0.4745434876969313,-0.4100194609403062,-0.4474870428929559,-2.2288265244987393,-0.4205505649363946,-0.13600484051985123,-0.9205614388373782,0.008048202476588955,-0.919085986717811,1.9788608852581973,-0.7528287025642586
-0.01926421566053701,1.2006221979325995,0.6909723230949442,0.3235197424157311,-0.012596860836093543,1.2104525007225635,0.7943803812094913,1.4829339270017279,-1.9006982160673729,0.19369284413153054,-0.4564273173088652,-1.2713540910998062,0.1901406962715204,-0.8416868551946282,0.6318536309548118,-1.1863915308323498
0.27595586035010744,0.6944811517019814,1.0570280431294337,0.9632210938168189,1.5624382031425423,1.0596333908754008,0.34117387056652465,0.5488822645290502,0.5734800366020375,-0.944376483090378,-0.7409921614742838,1.1360871945378748,-0.2945056330557788,0.7240505576746729,0.09483323241278535,0.7341772205412364
-0.07597667009104654,0.8981920914018109,-1.2431992279222928,0.490879666403676,-0.8262614168799797,-0.03780121636167485,0.9225124882741982,-0.20298567183909672,1.7331529662479739,0.7515520066122472,-0.5185862406722624,0.7771448264122464,-1.027398579073248,0.5413345711172746,-1.0977542728278609,-0.1903871712874899
-0.48774839366318656,1.1059280877800386,0.4844840339437612,1.198540918846192,0.17116898736056224,1.134988184625642,0.9381478818669053,-0.5211320616354873,-0.12420542393619399,-0.577172270859867,-1.700998007304769,-0.19585587070082572,-0.9477877666663431,0.8750732595281295,-1.8709519169461086,0.3616895983025749
-1.53282738197852,1.527535883279183,-1.2716655140452462,0.24709847347381203,-0.33649216060316445,-0.6199295054313548,0.7929166184471582,-0.0524869299068703,-0.24312522778958703,0.06865115952292326,-0.09409754030651721,-0.9274691804536175,-0.32231893725888194,-1.6397041197615598,1.4262478780380201,-1.7829215549872737
-0.9202826334476687,0.2076850122182933,0.24274613818247232,1.5164397813441473,2.3810325779413235,-1.959723016565122,0.20009789263017466,-0.22157443684031142,-1.1661223189389887,0.3426381821337725,1.446838399514269,0.048661088768032414,0.73349423664761,0.429319036863989,0.5711088909584761,0.9445666372954122
-1.0708966850028805,-0.3363308928768509,1.2799780907515637,2.2557172717382135,-1.3166197349838349,-0.4810620133645089,0.6507820351919397,-0.27935067659736584,0.10880088848257005,0.8351661193693996,0.11156764739935851,-0.940577834443409,0.5504489414183267,0.7562313839934667,0.22735777044088984,0.006921117152004
-0.23684297851270142,0.0717395411372989,0.10864893821381284,0.6779765026507855,0.8608445828947657,0.6929226388422757,-0.26256203994856486,0.1491820349680519,0.9418460843430327,-1.7521759756663082,0.08644732146301101,-0.969827170597966,-1.9018905862535844,-0.6170059497335256,-1.4366373173870337,0.5798787284185317
-0.7878559201627866,0.3274198175442591,0.33154016919141327,0.8574298787695506,0.9473150127579265,-0.794094166630386,-0.3567775286872813,0.403716791357725,-0.2088770818295259,-2.78335928981971,-1.1250404602115356,-0.013948540355051406,0.5259691096846824,-0.5674356220210448,-0.39435837841627125,0.0626673462599602
-1.2029222681686247,1.4435516636833698,-0.7664478765541536,-0.15437182731444432,-1.0856833475079821,-0.6322778336714355,1.4634372484659197,-0.9986172380625549,-1.2760307979496057,1.2542458442916404,0.9028737953062745,0.540246878375202,0.6315396101271955,-0.40483338170771804,-0.10884690070754342,-0.6416800041522467
-2.68118079450335,0.5417335297960255,-0.44439849540895665,-0.6130010419296079,-0.06383519700642565,0.4113012466650185,0.4495731978593284,2.0388018129304926,0.8071610914071532,-0.13046567188125877,0.7275310639612185,1.0203811376643408,-0.8396802103579973,-0.42597914721785274,1.3900371482255907,-1.5366868830700642
0.9714471200521111,0.060786338997160766,1.8811745085224687,-0.8738110827007475,0.3977224673930443,0.6972997127074483,-2.0413100821324517,-0.34549424100749465,-1.1225496262541064,1.4904701268030542,-1.81355282556435,-0.7085051835423504,-0.5414701972626664,-0.4757640894523789,0.6571954540453688,0.6713050760345532
-0.18460133049873598,-2.0502126142329566,-0.6555888679070213,0.9018587896174656,1.2450035304673888,-0.02892162548491266,-1.606649467347187,-0.21213114070377434,0.6105626354089931,-0.371223202958165,-1.4549512982674329,0.871157884228974,0.9362148976370168,0.7257306018665888,-0.22522142914109858,0.884325609056317
-0.3211038221520191,0.6151251989176426,-0.7821965811236352,-0.07879467116817852,1.3649202746703994,0.7296554291059916,0.4121774580045865,0.08552454534696502,-1.6667610350038007,-1.257252654075003,0.43887465047108,0.23426376621242598,1.6698942885365284,0.35589067206002456,1.280075595231957,-1.016295267008318
2.57949649497163,-1.54223092217074,-1.2327628567865316,1.232437288052816,-0.7940222158971926,0.8262377849947928,1.697382477697352,-1.5135043264217578,-0.43415511375331856,-0.7574046162612632,0.23230610409964708,0.328955901061676,1.1351280597878641,-0.07340172580451874,0.8278945030756526,-0.1974558702883873
0.4005986805365614,0.1674461276165807,2.6589091024546843,-0.08494719560789085,-0.42927452109923464,-0.36681387404012117,-1.365739746108191,0.3853139848463256,0.6395683236687102,1.1128301983031705,0.8957378690485317,0.03343225825891844,-0.8496932974309284,-0.6070069527066965,-0.5700509110980919,1.5996033540992445
-1.8349897949460334,-1.325801334370518,-0.019864182503485917,0.22699417100239158,0.20000411768738438,0.17090453637125894,-0.31732922482765763,0.8207702981239982,0.4354845703040227,-1.6888739106990474,0.5152829990877722,-0.5553290324853691,-1.0623021294647492,-0.14620795252293592,2.2788787580827448,-0.9108636979620628
-0.6440932045783072,1.3789917228497237,-1.6890506999358648,1.324438107117085,0.22577481937730334,-0.5369391982510212,2.409542177365859,0.02219632815897591,-0.7979784510208863,-2.154549618964643,-0.479039215648263,0.424787385008088,0.23187270708040672,0.3995178611654812,0.5656127009971751,-2.15549606041491
-3.096510945001129,1.3886727180095222,0.06207401677293245,-0.25638650253123685,-0.6046445413166839,0.8146835705730844,-0.44213713195898713,-2.250936715459948,-0.7310008730962673,1.0381305811794657,-0.34804857243245385,-0.920051492543057,1.4561106340999366,0.32527830574018995,-0.2007500397126572,-1.2727783518677471
-0.1999060202812581,0.19188870286852722,1.130890835353335,1.104013441179127,-0.9030745507539237,0.3907789338784523,2.300240422324697,-2.2411894480713226,-0.3858430322176554,-0.8985313636746882,0.9074465066136929,0.04759591348137082,0.11385317484190935,0.07152906832642487,0.24942588463123694,-0.5261303665702688
-1.1096079648811314,0.9199833080359526,-1.1370721139421305,-1.5631618312813211,-1.4492753936413527,0.8529279539155155,-1.0799763212577533,1.078299178848412,-2.343725166201901,-1.2722498664105057,0.10753695100882589,0.8581495109586572,0.15187141552408173,0.036806376602240315,1.1842883746012989,-2.692527143058691
0.4742481847065556,0.2498378434206149,0.33297054111448043,1.0211838155345454,-2.3726661380665584,-0.07146585795553133,0.7157025498250607,0.21822491552084403,0.7880976011812031,0.23100208478285925,1.1488022166042866,-0.2827203352859854,-2.379085779101976,-0.7955040767532028,1.7027718437584796,-0.6917617797467883
0.6386626654349867,0.8795194466177575,0.6213605180068922,1.3648346404283465,0.7151624179673083,1.0686529110460872,0.29081158475725416,-1.3033812878694584,0.5332347997457824,-1.2733890489906226,0.4666158544764743,0.8102163089850237,-0.4328485836687181,1.0565559229944483,-1.4475519505244132,-0.4538213611303293
1.6450216101587447,2.2432909688801757,-0.7667157100197893,-2.9156024535301737,-1.0445660103881091,0.4116042749789705,0.07089250845202782,0.5009063613020872,-1.8777496195643386,0.1517393386647723,0.8012674628541565,0.002511074156749677,-0.5794232125484436,-1.321029445275618,-2.59458372727144,-0.8344963244593473
2.7601825027076448,-0.5939374086242148,-0.7714788866909068,-0.03958410717117094,1.4498696028219475,0.9639508865629844,0.21455165431170461,0.4770222964767557,-0.6402589366129243,-1.4123332356703246,-1.362235127899285,-0.6034647985892437,-0.9298006913900515,-0.9293252897992464,-1.71969774897646,0.8961901475369713
-2.798162052765582,-0.6005679032133173,-0.4348793470627997,1.8263435721266337,1.3021271608397957,1.3475745319769608,0.5707324564358442,-0.47624777088766124,-0.5234463600824941,0.5695845340570314,0.4299849526478004,1.6596530911040666,1.062926248394798,1.5309573753189005,-0.32072382842410263,1.0926025080095108
-1.5908933614085325,0.06787250482361747,-1.38693083592395,-0.5516502042650131,-1.5440389948770992,0.8001403133112117,1.1885389497761274,-1.5546673785123744,0.5452080726847558,0.18414373972116585,-0.34665619002300774,-0.49718596082123206,0.7671157045586533,0.2653851681067376,1.2435866600397771,-2.306679224364237
0.47438467406210416,-1.615082918830034,1.0952042331633631,-1.3494965509623986,0.1129400066471531,-0.021658763019345315,-0.411669511127024,-0.4605200204067253,0.240760414328861,-0.5870494259482865,-0.19074892890155568,0.20645583526717703,0.999368656857027,-0.4027871770200387,-0.059174698405878676,-0.3391967772085676
1.2222573549183895,-2.003518618720564,-0.6765225648768459,-0.8415780612655048,0.202106791678259,0.3862908294202442,0.5239210056863358,-0.32236586616065854,-2.685138428378582,-0.5291335246319953,0.3328035385451518,1.412795908694144,-0.9497352452666881,-0.6202151401001778,-1.0217018657172385,0.3789731862495261
-0.26073845937728546,-0.5894633524752098,-2.6384716463031226,-0.09011177870283754,1.5471281603261886,-0.7654492169763116,0.9701606905313063,-2.137532042449296,-0.7648377592110033,1.8411788943749894,-0.4113474037731979,0.6690165056633126,0.22165285785112696,-0.9537890930072956,0.13574589027314102,0.0130515847442149
-0.4071440953677983,0.5820769889917148,1.5882368181909166,-2.4174789408954642,-0.8353326518086042,-0.022226908098964368,-1.2951199562894837,0.4951879635070384,-0.5911288674558247,-1.190369766551942,-0.6458519314339355,-1.6511626313662082,-0.6370736833932061,-0.5057621895565183,0.7793986486759245,-0.9038866617507968
0.13173658806625432,0.7362571978485066,0.7990217023284365,0.09056617271734961,0.9472364168704815,-0.5241966349713509,0.9242981331589554,0.3139927095885375,-1.6472613510831722,0.893445007261488,0.44732979372249415,1.0163877845401483,0.07232273222009619,0.3508848005490236,-0.5500585908026561,-0.7211425563244219
0.5010121370753496,-0.1991411456262261,0.2227533515203398,-1.0695176627677008,-1.528537574656498,0.0454719347655917,-1.0744695615169486,-0.9189145645579141,-0.31738652892341424,2.0861974811414377,0.9513780990339745,0.036231625464047366,1.361552173555454,-0.15289302872917568,0.052750002237794955,0.2290938667730968
-0.4045728185397517,-0.6332782282277147,-0.1593741107285086,2.075800634238774,0.18230959819456827,-0.72602685322814,-0.15367804888391226,1.90091986482145,1.8400249917347642,-0.07532805061848845,1.529175363800776,-1.0256111971361483,1.7016709521143014,0.5916189572997932,-0.126919780393286,1.8942848225278803
-0.25188817479330305,-0.16608759905631523,0.8038667361602596,-3.428576722012605,-1.5956787182060828,0.38758606499280907,-0.08706312163593474,2.0785634970665035,1.1728172250174833,1.7306925115401963,0.1632807300528206,0.419471290115992,0.17787075346009318,-0.5504359259595715,-0.8248729669057406,1.0507335014313743
-1.028004054326512,0.03254314431212995,-0.0942435369359744,-0.9952778685610696,0.25009713757732815,-1.9443140248637827,1.9598679086158877,0.7045545167205021,-0.4706903137702594,0.583685487510831,0.8780003194206472,0.4819086587952369,0.7796161183009841,0.2458193998792508,-1.4964612235216401,-1.2265866248060826
-0.5684214098346801,-0.9025047320159846,1.1102757782126857,1.7501823700010093,0.18559151160167947,1.2663627817675804,-0.45625353088882903,0.09240141938287397,-2.221111491092949,-0.7290424559050027,-0.003551092092217072,-0.23729621804039955,-0.6029065795440297,-0.5299814103519889,-0.8300377974718132,1.4071254048618282
0.7194637949694239,2.136288572674218,0.9587875689260041,-0.3718613159575572,1.2764882824484685,0.5169312768347181,-0.408664130896197,1.2449755982963966,-2.3148473708992845,-1.9285110826314804,0.6763717311685883,-0.273723976718108,-0.2253462831582623,0.7357514849792373,-0.03550998124809082,-1.6368110776318476
-0.959710245459964,-0.9614797990160907,0.14775507604225402,-0.7943758590712409,0.07591046153422647,-0.41605171431571786,0.957450308753535,-0.14646531039254052,-1.0659764224418835,0.008603417393512877,0.16965613880017574,-0.9205163095353562,0.002489836518725297,-0.6578802158528786,2.249888965249032,-1.1461548390452243
1.1655568518858532,0.6747746142662533,1.6984797042186996,-1.50104032591275,1.4020426147287997,-0.5709856198154178,-0.8030881358744179,-0.6121601555824666,1.0415577639892408,-0.7687621380794668,0.626681673526809,-0.3653359817663692,-0.5606455856106759,0.5723779532595745,1.0087577391031266,-0.3175042986567035
-0.9509071023334513,-1.2642688929139478,1.3781208065644044,2.483554864783413,-0.6785926050106245,-0.7492065428379043,-0.7191172634305271,0.5294227423703263,0.5365173596207713,1.3087704647537335,0.13790258372091185,0.7058497002547792,0.3430715848159292,0.3578352333281461,-0.6399426127270224,0.2381569965929215
-0.1437855698580068,2.2446679696482215,0.5604530023337206,0.017037845156360136,0.5630936028365408,-0.0679301147324214,-1.1349780452939648,-0.46473817236323717,1.5566273031704494,0.287805512850799,-1.182531970070264,1.7591050431232302,-0.321375863270897,-0.2964115831207923,-1.2365040567766088,-0.1612408561259552
-1.3934040309225684,0.6563076964712151,-0.1983636160422254,-0.7508955064415214,0.567806937883691,-0.21654753816771874,-0.33141975046527944,-0.7953127874273372,1.408633035915719,-0.6650157759067391,-0.1509228998430789,1.0634230514170975,-0.7045832120278727,-0.11351284656507607,-0.29001754122947965,-0.1405800526087295
0.8071221237696381,1.533298310999783,-0.3590560404484775,1.643322860505318,-2.018294737400722,1.276752735980614,-0.24670799705430604,0.9755554696981306,0.8543596783024128,1.0438351652130553,-0.7285282169657116,-0.6999324005966712,1.868644454022893,0.5404700925113017,0.12538496285934572,-1.1197275764781118
0.6261821533473448,-0.19769198473479785,1.0603231952405807,0.8974287585317826,0.34863212097334234,-0.6408878193066581,0.7426169643758489,0.5628451567340357,1.9134379851639196,0.7767192540781137,0.5132799019565092,0.9148813091213482,1.1968465012850615,-0.963402100407833,0.2357255315263338,1.6579989678339615
1.6907394616016644,0.2511938876538985,-1.7925451975216828,-0.49446260064792485,-2.689656499055997,1.0052276478916216,-0.27137275378370274,-0.7923742708112862,-0.599688948904242,0.8507231026966844,0.8898437542730502,0.6126428989398562,-0.14386524100849818,-0.02207831383781043,-0.5249192661519367,0.9527683592021868
0.33093054021613083,1.0287918220459351,-0.11761777455805822,0.4866769637082604,0.8712593666317294,-0.9050811211700781,0.1394119695423031,0.7367406267142586,1.5072624840733222,0.11909030834901208,0.8917024494543753,-1.2048945957573949,1.4083693978251917,-0.6083969553620434,-0.6046228577526591,0.7348013679022879
-0.164964330521008,-0.012762122106539797,1.2206081135179068,-2.228247303618753,-1.1835299757945799,0.7528426638134719,0.4416119970967424,-1.0490231224942392,1.4915694253285774,-1.3949585362230803,0.397101370716404,0.29631377288944194,0.23140908743171187,-0.3982287185824796,0.26199327355457736,0.8096978607348178
-0.482442882547839,0.0028380380097192495,0.7241327231241983,1.3280135702751161,1.0310167019160605,2.8057047332999465,-0.13479737386325177,-0.8503427746843416,0.5074732560483618,1.1573908172703857,1.0725450377025403,-0.7559716630533495,0.4021806601263598,1.8751633585948562,0.2606401922176768,0.0867224738512927
-1.3186933670845136,-1.0505085182583624,0.5138339255885646,-1.5975043518577539,-1.8442242666890996,-0.1755727460094143,-1.2333918337289045,-1.3214735177022694,0.813857787610701,0.1289652942158332,-0.6144241809914114,1.038425185094848,0.5507323363975869,0.869297045975301,0.372195989776069,0.1938591239576556
1.6302907779679083,-1.4195977339954293,0.9460258843126981,-0.24371642247624034,0.1467842681983829,-0.24758825156753353,-0.5690432766539044,-1.378847706479706,-0.01764221437649188,0.6042286303306321,-0.38780808067024813,0.35919277121045273,-0.171103788202555,1.2257199872879718,-1.3153027638407364,0.875046109586231
0.7618072580105643,0.7482917827598585,-0.9472059921905823,0.5914899255627962,0.35286734752871673,1.9313537817087154,0.41329842039472975,0.008146886828439616,-0.931427852742364,0.2687696240898116,2.1747576317108943,-0.18829036476073568,0.8606333107825712,-0.00884162131640357,-0.8679725147460648,0.9243844866495664
0.00663070432067105,1.2188963161441717,-0.09860572718632335,0.820109586283236,-0.7995214844859676,0.28422775392544614,0.4389733550678769,-1.2429698369024764,0.07335720713193365,-0.5589855168302643,1.6254729899775218,-0.5928013703745224,0.18206498028470647,1.4138291654151331,-0.14228305064092933,-0.4399585627738143
0.6027718227610908,1.230532238894475,-0.36908679481944784,0.08541134882915828,0.9320955101946706,1.7727218132792755,-1.2408377719360315,0.8434087265556305,-0.05594514215695937,-0.5763853548216515,0.1370670990190889,-0.5858518267065759,-0.5143753168383534,1.1089185227402258,-1.2645001735915942,0.2568890885023672
-1.4652524298417775,-0.1083505149352462,-0.18758210825816585,1.035847690925831,-0.8343506367176802,1.8406993847826898,1.819693509828574,2.260875215867662,-0.5888499768715926,-1.05991267798751,0.44325135253932374,0.2192528902988737,0.9966712136807502,-0.13520175306530738,0.7255078661643432,-1.095095492981683
2.1818764151650143,-0.2136309363506771,-0.818294139285996,2.1119285146486075,-0.27205406643130253,-1.255374479289605,-0.7973849821649116,0.6848670960023343,0.9499262185212464,-0.18378268610010243,0.15403094070611967,-0.462961253405364,-0.4573835812264244,0.5440384039036653,-0.8185110589762693,0.3988139724176388
1.815077076257644,-1.1919977210916672,-0.2899016935199646,2.194092213467197,0.5985755576109899,0.4626460640886627,-0.3937315642788055,-1.5648525449428605,0.015306359084083945,-1.1870007615146931,-0.4221973968503596,2.3735415335056893,0.28796291335114926,-0.8782281111297002,0.22720336577451983,1.578154777756525
0.20688767550632728,-0.6373220072052139,2.0347479382040543,0.2731396632635,-0.6314997971500925,0.03994083377649621,-1.3000841762575976,-0.8742159058041953,-0.5683977725700828,0.6193376201942439,-1.007220221169324,0.016830720486457673,-1.5522825010387027,0.22112014917559572,-0.5238590436362626,0.0179051959201795
-0.7090295591212301,-0.8615001332738139,-0.4834907859629479,0.43620653221725403,-0.40477026918255077,-0.9171742365127722,-0.023432673567052274,0.19440248410457706,1.4632902033859492,0.9236415784487216,0.11376541915178245,0.9936364739287247,-0.1320463181545507,1.5162413458886068,-0.5698297916034563,0.6606855006579565
-0.8796142008822514,1.7689271569498077,1.1765830363311955,-1.5611729774339538,-0.9798090111439137,0.8572687128606793,-0.019462570203143268,-0.057196425227987485,0.31676866561761374,2.001498865892109,2.0330159447906406,1.109647133616491,-0.8922594037126003,-0.2184251635016393,-0.8577692699990296,1.2978415032412254
-0.09767596301176937,-2.1241275465030753,1.7846570668189359,-0.1780081369479087,-0.7388413736317735,-1.691232161894267,-0.6479614921985676,1.3178809958899653,-0.012865044060026639,-0.18629717436705462,-1.3292872982436368,0.7637434312818204,1.4801096712123682,-1.173130431513653,0.7520327327920198,1.950247194579217
2.120597928275859,-0.2954484243097271,-1.2355205472137645,0.4162152591169747,0.32050337231694775,-1.6866384440871736,-0.25641536594357445,1.6617540428252147,0.22604479836593971,-2.9605214185167226,0.09226730188939702,0.6755944238861972,1.5280434700945744,0.1970827104858155,-0.9293781809194552,-0.294258619620816
0.8272857609264643,-1.5868100774971972,-1.2991420393818645,2.054118196532708,0.7456627294985547,0.19950491037459073,-0.47799851386975845,0.42011280815748225,-0.028071672755086714,0.7620594122292769,-1.1264903497186294,-0.5393271826635838,-0.7649372899322394,1.2541499305153787,0.6602846761567205,1.133976198458038
0.7614029984416909,0.377778570706878,0.3935370666562064,0.7163184038673736,0.365799454390663,-1.3431343159350444,0.3524616927734356,-0.4615075101924979,-2.124132758577991,1.3189107184093132,0.15378993309609246,-0.73588093084821,-1.0601687304780365,-0.0945175351724349,-0.16812466071311713,0.8823409727997692
-0.1066265526051761,-1.9310283115340985,-0.06751723345787682,-0.025010191788248863,-0.5512039960788632,0.449723908676108,-1.933733103934667,-1.7387912854829755,-1.1630303726239244,2.1493724544590025,0.20942036134109804,-0.8615942510465836,-0.9692144939884929,1.4355754108267302,-0.6395581516727237,0.8096390453191932
1.7871041860685255,1.1328905815284533,0.0952250088160798,2.684499354562783,0.8135692383218155,-1.1255883809146343,-0.3655826710029954,1.1246879286099016,-0.22862660139216912,-0.536645693315242,1.002806783395788,0.989892189585872,-0.8879359958963995,1.27769787781237,0.922657256897982,-0.3630875633693756
-0.31470725923710596,-0.05618040707289433,1.6159230619418536,-0.3022623663028932,1.054869741412579,-2.318019047113542,-0.9890666585012512,-1.822137756412548,1.530001089266016,-0.06253812615982064,-0.17529681368278105,-1.7524518522751096,1.0853989441368252,-1.3845281794935438,1.096191263443168,0.6090492863806518
0.8609613789096123,0.47114026490804223,-1.5067752233501333,1.3567315644758684,-0.06739867181953825,-0.500877205325851,-1.6617437472796877,-1.0057734740223578,-0.7579798964375529,0.9289515323006475,0.5656102403720127,-1.1229791148456836,-1.1834156529429913,0.089104906460103,0.4100858935125083,-0.6293151663725166
-0.09686580401250801,0.18158979487128274,-1.874557567896048,1.955236380449976,0.9475074180483867,0.20722010014136372,-0.43628672076712993,1.9760868227086634,0.22384191086480978,0.3135968785792142,1.7874782222318384,-0.8084327519147327,0.8537747670698398,0.3235941105450554,0.34698805004359423,-0.1233021895162767
1.0760601291984928,-1.8787981340952415,-1.7761583120547912,-0.14987703119054047,0.8599405067248289,0.3477946951759614,-0.14520242686088672,0.8467941707066637,0.0002258148673855166,0.6824416787301263,-0.17052782632362018,1.07857704369535,-1.0188907303743484,-0.9796771236906917,-0.671890651088196,1.4285200601327537
-1.1497027471933672,-0.955164444083275,0.11379212098725601,1.0058098384012906,0.9076023125692182,1.2799011683280832,-1.3001285138495082,-1.793939297190979,-1.0385696677577791,-0.37652662941071746,-0.9831594958450531,-0.038360759402019946,0.7301447947137799,-0.7421505028917944,-0.22196008506718262,-0.4181292870661431
1.0969695197260334,-1.3913292744756243,0.8863659067728955,-0.5161994037087377,-0.79519496191881,0.4954023960774164,-1.5033648711938035,-0.5550904723673296,0.9413249924688661,1.03028116351896,-1.9130044459280595,0.5873351828996969,-0.4467596718520269,-0.5518578903177483,0.02234317567679609,1.4961153024310236
1.1525301339510063,0.5419368536956475,-0.41472313999003513,-0.5455482376344006,0.305316659335416,1.1810510474363185,-0.6318991402757578,0.7278149718398221,1.1159874990039815,-0.6785807388482361,-1.4103540233330756,-0.8512454954516461,-2.1403135279770167,-1.4201765819024854,1.0512463081456769,-1.0642672986606978
-1.5346915115396091,-1.8615628509521156,0.5883852030882797,0.7847963223724057,0.010396299100570109,2.0762926432556084,0.47169084129877503,-2.225620605101809,0.6300660115102479,-1.6690128476154762,0.4626578782530574,-0.07056206556386761,-0.9747716388546822,0.8078602580009288,0.6855580846115789,-0.4328644465786473
0.08621359574699503,2.9354184396660186,-1.0493278862433328,0.10233633395938341,2.2896329871942624,-1.7603705974852586,0.7683478608673014,0.9768047442069993,0.058470878915635204,0.9655378193059101,-0.6825846494910728,-0.4897055895583335,-0.5316545998279023,1.2186614495116952,0.49280595784847026,-0.966212567021601
0.08672689942864205,-0.8350569224033634,-2.567531977463035,-0.008753992998351284,-1.3590465968446777,-0.733352546975604,1.1399083764978983,-1.0349838951662862,0.815940753818714,0.43556768347071384,-1.3920364841722228,0.5303309501298387,1.1519116943534442,-0.4718906015783926,0.7136115560502586,-0.09665401726109
-2.21173150537204,-3.128270089486712,-0.49403789783242946,0.7808915757360295,-1.0220469913252022,-1.4278758364091693,-0.5404316920153793,-0.3631545739156783,-0.49063468186272197,0.18246717997177583,-1.7199331489823233,-0.606972587792397,-1.7475713685786813,-0.8582151495361132,-1.0244537223652308,1.0508137915919733
-1.495498420546018,-0.48232875126346897,1.7263810770066481,0.053809998592915846,-0.613330782915471,0.5800118147725324,-0.2685913151661843,-0.8217193657405044,0.963310548161352,-1.5358660502339794,-0.10795827806069246,0.014144292856663451,0.9376613370768195,-0.38252122993161725,2.3104945240114376,-0.2661959721608592
-0.2048309330588076,2.485091288110104,0.424390811776908,0.2199003818423541,0.5733193745784362,-0.4890891176259641,0.32232669028332134,0.4059185975180786,0.1591770420289109,0.5438199745345987,-0.8373229048409274,-1.0338191239050032,0.9354973139274224,1.0527149368866713,0.40193570518000754,-1.429572665117216
-2.2623054474426336,-0.6547075902105918,0.16518448809895678,-0.42615841041567765,1.5211345555293543,-0.000829992906559699,-0.5456908993510948,-1.4274989905991533,-0.7401374833795444,-1.084181824245803,0.29908831913051687,0.36511469431400345,-0.666376627573394,-0.5387992315750589,1.3511430310924275,-0.754382551203952
1.642615279278899,-1.2813152566371602,-1.7755961299780356,-0.1400275152312175,0.49222721184898827,-0.7786431140520236,-1.8051940063304137,1.7342704822464285,-0.008290432531573983,0.5457002139203837,1.0716710842263966,-0.3448700665442474,-0.37584067242592184,-0.16498469243049058,-0.6665661282928953,0.384501146738933
-1.0712534496135735,0.8031143431022891,1.0924692348102343,-0.8416757609383706,-0.11959671250961432,1.0618349455020961,0.5055811860667773,0.16540381934011927,0.9234083808738063,-0.2573102751767548,-0.7558683986912013,-0.7780999504855644,-1.8094976698320504,-0.5698193066776254,-2.1545695141539793,0.5442385433529
-1.378140778823122,-0.956860066869575,0.6682105323209482,0.669314829308668,-0.545219966482516,-0.5815326766425577,-1.1263145298318027,0.40496348134563825,2.044852303041746,0.29136169199738937,0.8275667088650889,-0.4397583323710721,-2.0342724355645343,0.06773794386252303,-1.148534400887611,1.75070117970212
0.7029354117328577,-1.8393443120725705,-0.9072923174716065,-0.16273829647240598,0.8941663516730304,0.06713931915756052,1.3261307793825976,-1.7210494918641948,0.20511190221407632,-2.4378038911075866,0.44836537436230345,-1.0232079626872121,0.17786129972880727,1.2480409950076934,-0.6761440269095041,-0.2957573335525851
0.12268577895574952,0.9201058104830322,0.4059318401860943,-0.9056613540447814,-0.7340846467809689,0.39458497284187904,-1.607461911908141,0.8475231051222952,0.3054395132821514,0.2685372466234593,0.2489976895555398,2.0839965557678677,-0.7098357142416136,0.05041523688367047,-0.2570705934873836,-0.6813034466794012
-0.9337723895211951,0.1752281828437399,0.46942611541256773,1.7236409313898886,-0.6133834970062705,2.3542215799245803,0.9534709452789366,1.7935306167825804,-2.3800160142850633,-0.4739201934149717,1.6885829278141944,1.0711946486252586,0.15060927967422222,-0.585574168506911,-0.08646602396803083,-0.4066776959267992
0.5059217383885174,-0.38685866485029735,-2.0471057376715693,1.0049788205451957,0.9723289884995966,-0.7749428989385091,-0.0990639845864718,-1.535637870267723,0.9848796488581989,-0.20533089621526437,0.13433984748504946,1.9011956504555312,0.7627406269215574,-0.2623906639522892,1.3458941027895588,0.012167955719419
-2.037486275109095,0.5440234426737366,-1.2847409170775335,0.3139233414303248,0.5214676257331092,-0.3384317759389247,0.8066173879920053,0.23670209128420264,0.7647721854385247,0.8382819099990583,-1.4412531761917686,-0.06433289507466775,1.1206675199343252,1.162073775638712,-0.7584004595196971,-0.6627501120497372
0.08261972553973305,-0.022448132809580062,-0.7430229481332624,-0.9247684711488523,-1.1690520790289955,0.32372665365598985,-1.4775462539704072,-2.5274154448410733,-1.2911462759069703,-0.5616755064246249,-1.3123327616272757,0.002787003272427758,1.0300282193523265,0.4608487178918362,1.3200467507619096,-0.4500108341574864
1.595205178955119,1.4565939652839073,-1.5865180164606687,0.6190350907207007,-0.0769937479261461,1.2552654867008506,-0.21197307636221396,-1.3623872024108012,-0.07808070978210596,0.20519986878295232,1.1334544105620787,-0.44381898214726395,1.5891447369382388,0.27100274770171534,1.4027918206476242,-2.043159625981746
-0.6581726779090608,0.20183130008940658,2.0580336867861795,1.666350250141049,-0.7530947225589306,-0.9805611795207164,0.5772541910617909,-1.1779319610762353,-1.428417374321592,-0.5291137725032402,-0.18644023830492615,-0.14783477621735816,1.7404020509707918,-0.24695097597980578,0.7574287624974775,-0.7568949668379423
-1.9070622894791645,-0.7435990857206273,-0.09263106085183748,-1.3041330026112827,1.2949522781043965,1.5600319376720264,-1.3873120325629114,-0.0662884788600752,1.121061055018275,0.023100864566762774,-0.06264633799094023,0.015888126656660485,0.9285223260702333,0.7852755585776103,0.5862215775788854,-0.6175561007008594
-0.5289608690419743,1.9688076019904257,1.057745625312468,-1.1579206166131852,1.6765300908632903,1.582609933348648,0.9507856496946557,0.5329939591212434,-0.13620708873762088,-0.9316341381411171,-0.12949853127372082,0.47209829173516576,1.2321211852153269,1.4000174600249498,-0.7367816800713249,-1.4010249145567015
0.08215453933439947,1.116454041451454,-0.08501631808443119,-0.19149160830063144,-0.3085287702385432,-0.797175687697248,-1.1780592255541988,-0.030080293034184538,0.42863635005241346,-0.6622738002196902,1.6001015571242685,-1.1391442635577183,1.6751531113611933,-0.8923636206003526,-0.5641153377435741,-1.2656298025246222
2.5763711881050977,-1.9590076244543584,-1.7406799082732807,0.5995763797585922,0.7577348012108259,-0.8683028783236661,-0.14390117478353784,0.7466858066267843,-0.7284544698275853,0.5829797137049564,0.7401638887343351,1.2719808775581312,-0.3730172231536511,-1.79414335599539,1.1973394431711042,1.5120391362258936
-2.5869737920596108,0.9726811478537848,-0.5550651648187535,-1.3056500950183565,-3.4578359831632355,-0.8767240959879161,0.20999966396512518,1.0519387517778043,0.019615765565051794,-1.1749836112039211,-0.6055519280026485,0.1913010144565162,-0.4132301143647931,-1.0108205981942882,1.5733830156870585,-1.598964290140504
0.21839537455401767,0.4010284947155179,-3.096731672196145,0.2376461365373853,0.8443456722924977,-0.37112087130130056,1.732151067915099,-0.8691465927878181,-1.1025022857552849,-0.256619563038941,-0.4319014069008217,-0.0746028474540898,-0.4561024919192826,0.7143175513810587,-1.90370772736513,-0.0714094374075377
-0.4101830886191703,-0.29588014597295265,-0.7688251464601376,-0.7434703107460814,-1.2521424604059523,-0.008937026016753979,0.4079028691848582,0.8979760790156013,0.5390234481367588,-0.9329571130601498,0.9880853527213554,-2.8463379151295194,0.9569283675391516,-0.39956708835264887,0.36881164126356974,-0.7970202856873491
-0.6837903364374187,-1.533261535055699,0.3834248228944326,-0.7670359908011898,-0.31063438448884123,0.8538947334503385,1.9684701238337996,-1.5556829015468654,0.24646062236275326,-0.7851539230414897,-0.6248798904897104,1.8424315071955444,-0.42236348679662816,0.826612354964373,-0.9993543237605688,0.8875542702933713
0.24962327384939884,0.39980328476490895,0.9120882702883036,1.378038364004406,-1.3530757544843786,0.2322929009665192,0.48926750656971346,1.1986033844695185,0.9018626095168594,0.5439095953721593,-1.1238074237103484,-2.1895276841625546,1.5246193127781684,0.5317303234262866,-0.4621671605141817,0.3657122935886647
-0.32869892114673344,0.09258566888477059,-1.4358568112251338,-1.0753238229671,-2.4026710743564155,1.615058964801535,-1.691625458581053,0.024243470830651495,0.36054829780973197,-0.297468192307288,0.7212309202100622,-0.924712417439258,0.7271960528392626,-1.6145793702522486,-0.24431105401718187,-0.7507444902651559
-2.9563837464241454,-2.098313526213315,0.14547427483910766,-0.4193750681298581,-0.3170450290374071,-2.0198576498221597,-0.08410839801449685,-0.04854318468934465,-1.36280549664956,-0.2493124102201828,-0.6929750052404307,-1.6142159351363192,-0.6770177981647962,-0.15501500906524543,-0.23950567011529067,0.814624365070399
-0.43633985504216116,-1.2021937730247618,-0.26681156348689755,1.6821026887382602,1.07093739277464,0.5721440227614217,0.7362163323264452,1.8864423731122015,0.6685537396328589,0.3311766201205963,0.9033279606725435,0.9674456089693434,-0.8007544141026584,-0.9394585222407458,1.4014789221307125,0.5363282646324525
-0.6010780186190898,-0.3364355257744724,2.8409543787507805,-0.14570439576675315,-1.0647553672920282,-0.15463603881490937,1.403530390280355,-0.2291163889985908,-1.1982647921511667,-0.5803539391557984,0.8288923030512102,0.31315638057952067,-0.2458736722896029,1.0637569389906045,0.8043736811248335,1.2378220797181425
1.9708334051604524,0.9615270953828658,-0.3810798638318814,-0.7939741761005776,-1.6194028454048606,0.3355829924873517,0.5659072072259574,0.9792524857803843,-0.24799228530740194,0.8532708675028979,1.1737174895924574,-0.6367700482937244,0.8594672836737745,0.32444973080244877,0.5393769811750913,0.3016268181556604
0.7614125671141765,0.5189449399496832,-1.1666805454425981,-0.5526991998735175,1.578414322527899,-0.9669859208355732,-1.7071531505304567,0.8884731777197981,0.07012913052316233,0.6345045184233175,0.5333766539259521,0.6557698275137157,1.0574157410990728,-0.5696273795845372,0.2424656499104342,-0.5211297396803058
0.6238728367606501,0.7687092358265842,-0.6995727361294436,0.8860037015368362,-0.7660904574520465,1.024111010249904,0.18551874380424865,0.9794902736636947,0.39473608286422907,-0.02200757626210254,-1.917447328773196,1.3240127599643883,-0.6615738013216064,0.5070319877899772,0.07313066770459552,-0.8498954208289824
1.711615706909289,0.5000942759549222,0.7349798597683955,-0.9916829085859845,-0.04408215438274949,-0.6451752622458325,-0.46147046046337664,-3.0641978947327564,0.11600958192086382,-1.7918144408865075,-0.8777325734936055,-0.29474862271211466,-0.8752124397492494,-0.8577758673906024,0.23264555934232306,0.2196181605783123
-1.952360734176312,1.666721247006935,-0.5313936554727731,0.9514300562933448,0.8815538972101767,1.4256843960030352,-1.2998675851907666,0.5571173400397446,0.08866008093212309,0.6014567349127995,-0.3954029788964636,-0.5079458561102007,1.0352225031736726,0.018339021041131928,0.48292187379441726,-1.6360586176616432
0.5138165793425964,-0.4375587906512289,1.1209086159731276,0.8430200205151431,0.4864165532208079,-1.5657223105608626,-0.2510579200902184,-0.06448215068277609,0.14661705740226172,-0.5638432480369104,0.18120723325192636,-0.6678443554333862,1.6982415961758153,0.050954912372402524,0.016804805680498518,1.4752908955285648
-1.0019989924849155,1.5089597028536776,2.642465520070122,-2.2934151007783528,-0.9826701048113465,-0.14469702273673923,0.4356044836795811,0.101495111801581,-0.5267252652630235,-0.07459424888633741,0.9890528100916299,0.328666894114227,0.033225988855461276,1.1994774293439576,-0.31091341198491984,0.8693503368944657
-0.19977764343537902,-1.1332456944653069,0.22728558063593238,-2.517015070875023,-1.1602520892134252,0.2503764402078696,0.2628566157973131,-1.2509126186827364,0.981399200175474,0.606180340097091,-1.223246564514215,0.6677032312726273,2.693647123642446,-0.8782057745265847,0.03663059041751998,1.0537833002469787
-1.2350879245648279,-0.9066105874244142,1.7600390977458136,-0.22602689408965626,-1.440798375530589,0.25439544858580565,-0.06882706801768235,-0.5761402786161709,-0.09865080725384491,-1.3846282899772118,-0.298261794150105,0.2909626817404001,1.3072506559988764,0.7814743331020416,-1.0027831025111764,-1.040603565153562
0.16107132727334803,0.4301700657660803,0.0728633306998717,-1.10785964051351,1.254527435601125,0.3196020549856761,-1.1550234837027675,0.604923343680168,0.4441058429498095,0.8538632819412934,-0.16487422615908714,-0.2688077464369283,-1.1843420827026825,-0.7560309973866725,0.8410717359628214,-1.2626699749314352
-0.693981207140908,-0.31507891889417133,-0.5287185982175567,-0.5633678121572115,-1.166396931604716,-0.9456506328661055,-0.42928571838754337,2.212340481593015,-1.001257801175311,-2.3975365321436137,-0.7149025781658083,0.6848764252289731,0.08460084463210442,-0.9192063119482718,-0.07586117845047163,-0.949302534228769
-1.9751638044753181,0.2938244199430496,-1.3460951091420152,1.9197377140753586,0.08396555734506086,1.9939786464229077,-0.7377111575427711,-0.5182735651513228,-0.9739352371877833,0.9705427405126523,0.41805332632442277,1.5045194826489408,-0.2134969451390796,-0.22952435994029594,0.23699416484526148,-0.7073374972844123
-1.3670427891715924,-0.20927049673548645,-0.7325345410712302,1.1372959063922254,3.864528386708655,-1.5021127622394412,0.5571124528260842,1.0392204462720864,0.504208102934488,0.2803594623959804,0.13530948825231495,-1.6367041835117462,-0.5260393932786428,-0.1725901705806483,-0.999415614382909,1.393821248300397
0.7774270280766362,-2.0938299842404087,0.551988125315297,-1.5082429362598453,-0.5710258504278538,2.5389956861818623,-0.9122761651811554,-0.8755667398124095,0.6573947568116354,0.002161483592041811,0.5918290923279418,-0.3564366575737987,0.11187186682335573,-1.9016754346083935,0.6349668181579657,0.0074968722010145
-1.8024705498250033,-0.5016965270987729,-0.4447085169024224,-0.706438284153515,-0.44867486067114376,1.5347427734318977,-1.0518337179494541,0.5208722932353358,0.4215152125909923,0.6186853870965665,-0.10751214667422679,1.4838374903228426,-1.0399859660743382,1.7093542757516968,0.16393853096733493,0.0374920994932783
-0.18925854976649886,0.09881681186544904,-1.4103989224220685,1.9473272283479297,0.38080139641292293,-0.5930837642371167,-1.6471748258648777,0.4932198902974679,-0.8243712373930344,1.0679590181106218,0.5999014818798647,0.9385357749500091,0.4932544485152024,0.8062557659724734,1.4466724194134484,-0.4235258848192102
-1.2096092958287055,0.0950594352392226,-0.5504350966268977,0.2444399197549032,-0.5888027595704166,-0.5629802840623931,-1.1456817320136183,-1.9466857741035315,0.5906305675723628,0.295716007795496,1.594992201948009,-1.1407181765800631,0.10709068683786975,1.3106074148494817,0.4778922708863515,-0.9881198994312222
-0.051283025740678084,1.5158765164691466,0.07440093682454024,0.12054976077144658,1.701177100968393,0.047779706436094846,0.6011747337703582,0.46788885763643995,1.4847036454644276,1.1240090455122211,-0.4061339391352068,-0.09328580445290564,-1.0793229865212224,2.369520517206707,0.5523845837926209,0.2221578275808221
-0.15427018113165025,0.1610523299858178,-0.8768818064566044,-1.959628397762559,0.038415802040132306,2.2560287485882653,0.8921978625976374,-0.6055440566317868,-0.6911189860042922,2.2391922783394893,-3.255568671442619,0.3330919064964356,1.7945510746900015,-0.34339664861765623,0.8432791966145875,-1.4140567972710405
-1.3093010961765275,0.6675436273946548,0.020581228050748773,-0.19915753382126014,0.9538261942438091,-1.6797756980950418,-0.6561969945680668,-1.6176182448556273,2.0507446537225555,-0.013883064619611514,-0.4156356007273693,1.153143399092695,-0.3555874471027081,-0.8896264351991638,1.3700131828511535,0.2395694978516129
1.3388561525430662,0.6935450642944206,-0.11564762213590177,0.369891834288669,2.5924772462202896,0.9763628312027538,-1.3765825948228505,-0.7556697459896253,-1.4546329522016523,0.5887147149037699,-0.2656294212125726,0.1875329358163229,1.1563385679150195,0.12693683226866811,0.5615460902712371,-0.4344371360475555
-0.34738276122772527,-0.4430892764270966,1.0984700232242581,1.3971845657643065,-1.0696774368815158,-1.3685138711013605,-1.3617285389817604,-1.0031621487639104,0.2582220468351236,-0.24208864183144943,-0.6872297072622094,-0.052878867668874535,-1.257867730540545,-1.5242663898844102,-0.996454571805141,1.4269985202196134
-0.34870708165083486,0.04626485936642213,-0.3904914943037733,-0.7112836624655077,-2.771888716157447,0.5592220869362193,-0.5058913676243854,0.17244156773046118,0.6003104316658061,-0.358037899447305,1.4095668336044243,0.7803803365784613,-1.1631476684319941,-0.5785617091246552,1.8125155296011477,0.141335736534826
0.31653127797605407,1.950283953293156,0.848601951893444,1.326580371971667,-1.501828003595126,-0.008816599674357231,-0.18785262779584147,0.7334062000362008,-0.7284493059766982,1.5254663293152655,-1.464468526978324,0.7313928180186274,0.6015212726104715,-0.9323965328648406,-0.07995260282975271,0.6523183999487754
-1.8573999120313902,0.3296591678420794,1.639748696223125,0.21239339835397297,1.30739476944419,0.1506480332427163,0.6652650308523276,0.05026285214199999,0.7756670774969631,1.6908896332848016,-0.9902329673213423,0.15619512978984845,1.1050992363924048,0.5446764258442489,-0.9464878545792107,1.234417764711564
-0.6626570424737251,0.7385768456775315,1.2981694600361287,-0.4209061196730988,1.7436243884219897,-0.7280264572186421,0.271084450476792,0.7531881060262411,-0.21226443761921485,-0.32268727186479745,-0.5552352456571201,-1.5954795482016064,-2.11937571211512,0.4314515131994617,-0.4062811407504403,0.3042207161708028
-0.1890892345005976,-0.2365305572128192,-0.0047545040417040895,2.1801145488916838,0.49520780718886204,0.6868505930770662,1.0892383782713237,-0.917565984005225,1.4733216459619114,-0.5555529669923286,-0.712464598713908,-0.5358971728360128,-0.078496728964456,-1.2801719627774975,-0.2640325232612497,2.270097727950868
0.17300229681372067,2.6562089292478808,0.39670678945753374,0.6552897736665515,-0.010954196043453442,-0.5223994421312153,0.17429384924452307,-0.8070136871971619,0.8236799107638904,0.12569789497618744,-0.2918423306416614,-1.1526346017800166,1.8178630133518108,-0.15553015837584136,0.2206913189016509,-1.351119485494182
-0.7997983734606783,-1.1209705772278813,0.7802896274445464,-0.2470515538460926,1.8742586265672578,2.132198094395221,-0.08020044641619152,0.2506077254969049,-0.5107234855697574,-0.16276825546382548,0.8971637393459615,0.25146924138693283,0.3110653304417383,-0.256630518388139,-1.6756978110947411,1.847152471741092
1.5626114182923714,2.0098393821479457,-0.8893835177188139,-0.8195011002846245,0.5222835812924795,-0.30280180264953205,0.49565194683612257,0.5423385308789634,0.057981399601321974,-0.8497630311881889,-0.8031478159955119,0.35504282776269774,1.3591688537697504,0.755551655094425,0.23141302625201515,-0.6633098905059538
0.08778616278912735,0.06635235577049087,-1.6734233986428249,2.1252247640567665,1.567485897205548,1.8447993953557247,0.48210422742267406,-1.1073326747569294,0.986492999812096,0.2653006449623146,-1.958194222125021,-0.7761175287979796,-0.014798025906950623,-0.6591720227187909,0.7787704841405131,0.3029797105550967
0.7909913358700941,0.959274104903793,-0.5658406320724524,-0.4481831323978402,-1.0729361278721663,1.269467719493664,1.692965867321926,-1.5021313380787766,2.0989842961211473,-1.1012507527665822,0.05922159562343033,0.28593423723826433,0.4542091007382829,-0.3546092407097173,0.9771541014344692,-0.7038393192237904
-0.17703405638555728,0.8956634295301528,-0.136927753487617,0.8473391329783325,0.4062305856574085,-0.7662428557377179,2.318443613195608,0.28676669911332103,0.427212078597445,-0.5212960623879984,-1.4023741368275764,-0.02013082870319713,-0.9892351189667689,-0.6627143233961575,1.8364731696842704,-0.4801163612060896
-1.305103820517358,0.753869263748257,1.9290125550760187,1.7155097971524975,-0.9579235696496148,-1.0943986891942865,-0.20521010156690703,0.5880185746231,1.299517396443362,0.8224724026413485,-1.717709719250289,0.9656302031499611,1.008483430732841,-1.8745152805306735,-0.5706021298362219,1.2856670298747184
-1.6092983585200562,1.3379878907886567,-0.653771206381529,0.885716863684054,-0.36493336123025477,-0.6741692524193102,-0.2218303860061987,0.9699382956546803,0.2161955485380986,-0.21700422571483546,1.2911280404054304,0.36574527214648656,0.3210121566361538,0.09637067663945888,0.40307571851456936,-2.1583303139230785
0.1958616113836635,-0.4199773644535706,0.9654851009013887,1.0560628531584717,-0.5351530633699447,-1.931757029433871,-1.6456723067141161,0.20559493863856917,0.8941112146629863,-0.5711901132336612,-0.12174059139623054,-1.2953055906645674,-0.31763745982196906,-1.4859029935736954,0.39890291775306463,0.6545415967696103
0.6380255182592736,0.9325952608488215,0.14429685687424507,0.19008242274402026,0.9616071433520476,-0.38001688428074304,0.5883310093153524,-1.3816274547673775,0.2372062245607258,1.7634246907665592,0.6749700161904975,-1.2972625479739637,-0.9129564111228795,-1.0994402323061339,0.22021068400341992,-0.2471406697249027
0.8038503007961167,-1.1413473955208353,-1.5233027333001736,0.69400788393043,-2.8951833008117704,-0.09830069661914813,-0.04372194854450946,-0.995434433730192,1.0338370523104954,-0.24751895437043892,-1.463615786523559,1.3780883557221921,-1.0551874230760963,-0.6006079499866637,-0.9846404564412043,0.2323331250854618
1.1218192114442043,-0.3746265085158753,0.14202162255818424,-0.37625955769759356,0.3439423776458127,0.19114378231242035,-0.8925726099937646,0.8258425114290706,-0.5584829096159254,-1.6446118804378203,0.6312566544147935,1.0472921967635158,0.3568568324028692,0.1688971939495592,0.7990012474642372,-1.7656772791760116
-0.3272989317451701,-0.2648372315142117,0.5840877574514552,-0.4167753238813572,0.9648963124499635,0.4601291925715872,0.8666217742369137,1.2878273085320906,0.18856685161647196,0.8164732672889122,-1.465835178425249,-0.3483010484373431,-1.4914404558251741,-0.01123939410104478,-0.08153281339174308,0.6396342870168091
-0.1438684104365266,0.4431720172099335,-0.7509912131507482,-0.3387328063532946,0.17671590378064747,-0.4853665251335766,0.11929171211082643,1.2128948247383402,-0.2880891873035306,0.7878027039337011,-0.020279250728596397,-1.0159078479430412,0.015768600641223585,-0.8751622263528358,0.5430951348281002,0.5470755212798838
0.39188337615431046,-0.2920719426243247,-0.08782102811611853,-0.2466990194361889,0.7485283759738363,-0.4085220683770822,0.22732026557118917,-1.9036441177892283,1.7379522477332277,0.6890019150839538,-0.6032134869538123,0.7977248057531043,-1.187547052181937,-0.512951900894808,-0.328369428764153,1.8108428035866913
-1.5059073033371213,-0.8091669844476193,-0.18796546613274165,-0.2744578051847147,-0.13625303650999288,-0.03057788268519719,-0.9604927592099346,0.9060906768299735,0.7430244677267034,-1.3471620086779859,0.09283877798722233,-0.4727225239931102,-0.38070516405098287,-2.3380823479106403,-0.32174914843434055,-0.0665330716407022
