PC_1,PC_2,PC_3,PC_4,PC_5,PC_6,PC_7,PC_8,PC_9,target
-95.86813281129483,379.4157188241037,-425.02521111233125,-144.40355190504738,-55.45308703608595,183.65722055774722,417.01070508952654,-151.1632716275766,15.567026568137521,23.538745099571567
-4.599765451908624,-227.87158178142315,-27.90679633271816,-136.07956686064904,-142.1214404668435,-434.06131794272443,143.49082698545516,-55.69006175188059,-156.59418398094493,11.337853990065538
-125.84632073669763,-169.50822533409004,220.14964663835292,-315.2107918923373,194.569077811994,-122.49056035277931,-236.85064334428236,-145.90455562403355,26.438623113005974,8.148005301013328
-230.18782665556623,47.168893929793164,114.21228030923112,221.22999534863493,-128.09611251618867,-201.73605223158808,152.45175727441546,-66.66379629366294,27.785942609600397,5.780021402954806
-90.29205498268004,322.9206480099577,-333.181262793703,76.02824574529996,305.1970541760169,422.05061952096526,235.92902733472278,-62.563026416725215,-185.75436255999307,22.51387093635957
423.69271764151256,356.5834651934571,190.86775234869754,271.09710897430114,214.28020315140722,-179.81354504639654,-117.62477727737888,67.35936001527361,-66.18488259878575,19.311894798296336
-222.38063922370534,-3.1446541115830087,-99.77414168337481,33.105012341308,372.3061681637256,78.15532277273041,-67.83478679297039,84.35718301074968,-82.9395892620015,17.655996518937435
-99.57818178313764,-286.23370875617593,-275.3936512589204,-347.73610263051864,28.2827871262609,-5.559890245269685,40.18879561291561,223.23908722378727,-247.2920002454531,16.83882584730975
154.0188883067546,-198.6441821757655,90.71772782537266,445.43617924981186,-24.78141333290621,23.350448485115976,-175.58048470458712,41.72010131439157,283.49715631982383,15.57749026661876
96.68584342635333,364.8066482667821,-491.63669847424114,191.58873120371572,4.260591964453965,-268.19487713161953,-226.1668320611226,-109.79610297429943,-457.0375371924914,12.851592372524298
-40.85487312358998,161.12175543011455,-53.046286245471435,-107.07551665451365,284.05459700522727,373.14632590471945,331.31469515010446,131.71218735617282,52.72130015153493,16.717726231974627
-484.52532095726247,281.72687851383716,191.93399071515694,141.3319118266038,-150.02010184595224,-316.6226567346014,190.18106513828354,174.3086149190538,-85.97629200006202,21.00350769205077
-80.46975999839307,-520.3280510712767,167.9550858588707,184.6213176932224,112.76042862794867,84.06715475885358,152.78236492528185,76.1821944618992,-254.24929637024158,17.46949806843477
138.28697928367546,-289.6185062527974,316.23769833979895,-210.51566418544917,283.64077827486847,316.2412915991822,0.3561616918678965,-107.71542691094224,43.659448285211624,11.673698970940944
16.028190010462822,-41.25466603967982,-407.8469990279053,513.5403346992059,274.865600263279,226.1599948744623,-187.31750436746802,208.03543553657354,-146.0475582291494,15.555047000127024
-185.93402061849562,191.47554160900376,62.74374129336678,158.92601277389417,242.20108500780302,-222.55347606229452,212.28145143922035,-65.29608794525886,84.21971479683612,23.19154137590893
-41.97914750478921,-121.01762344560774,260.7359737691404,-186.24030817732273,66.41685373437821,-138.6254536031434,117.43387186578963,243.5662683317897,392.7392162331863,18.220644235532284
-215.49034011466156,-166.7358228240257,387.45244244639184,-142.53154893777685,-87.80316659307022,-82.48607458174592,18.1899471487111,-47.571681482061315,-314.9755813794467,18.64811237195736
123.62271017149524,-469.5694908236535,-405.9524118764759,46.02058056102055,330.16879692580517,261.134389065165,-6.591583162808149,204.27097069701082,-21.974126688004276,22.49640604895444
475.9554098121955,228.98935756828436,-369.579624034385,176.72222519514798,133.5871138213959,-36.19108853600102,-65.49935255716377,-44.32036214755593,278.54588192772735,9.027150860622456
-59.19580513552302,-588.3444777619006,-376.592276582028,132.35401161542666,302.46302730423906,297.39528045888017,287.32485706877327,-86.48124391613209,-178.95939507689127,15.754396245186044
-30.560744726006575,607.1148864617985,-96.2256613136251,-272.59623392594426,-210.8423940672369,-189.20835361431517,-190.72331599809758,-166.0909789691698,-102.00765354487959,13.210988916978543
-114.63065025736324,-407.61483313584233,42.703239764454906,300.98344366774995,441.83151356224255,-185.24510523257504,-93.88054103629375,200.70524257850073,235.98420898527627,15.97679703919746
499.3706807859104,207.04817025223653,171.9960117119063,146.75034876607333,-341.6222087491236,-164.26334696427455,120.45092561055856,-143.6480759598991,-283.8301088622298,7.882160757463732
94.69682805807727,-234.01582027778997,201.64491752424738,38.19490361601265,-25.252706322264117,-22.636413581621923,3.691537622268413,-67.23275592700752,114.32544622749253,22.139859830227145
87.3603776145875,44.48842268615481,-412.8781684515765,32.68321898232614,135.9254915095469,13.499785663484658,-212.16964395312385,-146.76897657687374,-48.88621673383312,12.887452955585534
-510.2927467614527,-41.95668618042686,-371.21400543596155,7.255363244718524,-61.80903494805183,-289.40959469273184,84.64049304392648,22.878802650910856,118.54989335026062,10.277648750490174
-103.14090727721197,357.70630854093895,-349.6310406663657,-148.2444520918708,202.71377585244826,284.9639288973784,-105.98005374462772,142.10119162054903,41.1555677099218,10.839249525964266
-778.8074881218392,176.33124348278918,32.472385461616454,145.98923082050214,-188.03636380633145,343.4846588338348,0.2939641784569744,222.4139163794998,-91.89733539141213,14.990540127105804
-273.94251508835623,-188.71114277908063,189.61753830069716,-211.70985776090197,455.84402870747954,-281.77428660434254,28.638055963113118,-401.17805718693694,114.59414938917041,7.960446367124867
23.613568077371056,-307.11531006208133,-300.23213407764973,-264.51742713925614,-336.1899486147828,110.74799836949546,396.921294621821,144.6438871801528,208.63194118836896,20.96949810363294
110.3837226674028,-57.07442604857232,452.92484113813236,15.281808750791129,213.34678452188487,-157.40658598998823,-273.2391715773473,-22.491848296774204,135.03842962005706,18.2369180895513
-193.5918585495891,-18.651399875562575,346.08472557278196,-29.578371890716426,37.86058195059121,-303.71458868998604,-197.24361090220822,211.08779542169415,-21.73179348808418,16.798648442840623
-35.770403703672315,551.0099217043255,202.61836621550287,144.20746646167322,329.84164437272034,-112.96839091278974,-7.715531438002017,250.78546013625058,-85.53351375939116,12.781180762119709
296.6998721053149,481.60750090714714,-325.60472080731995,-97.46925016786145,115.1390866158631,-252.0941329177267,14.166229077815501,156.68604942654127,-127.5070144172463,18.88672131679975
10.254494899670291,531.0214592530912,117.34101895646626,-89.76370577234354,-301.00180761317426,-222.54593046379915,-176.14505377072908,96.11966278659631,-62.768970277387325,25.324030969057397
-29.68231897767801,438.20062411499737,-328.06229675639383,-165.22095787457988,131.1444366675918,-318.87510685889083,-141.6665091636143,244.75081941635457,-65.07802153669678,16.319381359182007
-160.9733359525811,-264.8183233352994,-396.06003261240267,-318.0897595560333,81.93033722918256,-75.53176859357927,-156.31031260467807,-244.37279068251206,-16.287885019624127,9.468061647340736
469.83991215702906,191.16225933746983,126.5788141792836,395.3827524115113,245.4732235077,108.52795877973995,-7.968430909769154,342.17198762139844,-150.22179013909658,20.22921133420806
0.848797730323767,261.64172389643363,408.60710431099517,-158.64343883686968,370.6369054688935,150.8798901478723,-33.585745886655985,-113.71263734763423,182.87113539677284,10.840281830262006
133.98851670989063,-639.3281955688774,-345.6834882807843,74.88818759844241,-212.8759257561291,153.44415648009885,-321.65953948287455,-27.605709000772226,-35.62668672261594,10.498288709527294
42.820216036198325,8.406972286071763,-509.52386925952817,227.73413499232242,350.1392413463958,180.65564549221483,-191.69140742915687,233.58805451348414,-196.69027549926835,19.066345641835884
397.56085433109524,218.3189516474887,-438.3031180184531,34.06586503454287,-411.6404382655595,140.44258064360974,-121.4133577478078,-184.4658657945347,-172.07935726646065,10.508163177388113
-416.2779988631496,291.6402150961623,-327.8060256818005,196.08850845511984,104.5552001664048,-173.41460045314756,165.50700709984437,-122.54933763013942,82.30624684454415,7.525192040427538
-264.0129745668954,-316.14544158266335,-390.6708281816968,-241.2259760628143,190.17775171092305,-305.96875275415175,-77.83976467494693,-163.19024938114384,-108.27341426995997,3.933547079991631
-575.9230741371916,304.1868719052883,258.86926392589703,137.28828028605494,62.726091365682436,320.98648648670246,297.80715439391344,25.251242336027616,-80.91236749501871,20.363577106544714
126.4588378547077,-67.6043612789878,-68.00557725671399,125.46630180173884,-49.761000298951046,12.422911757716975,99.33479756655868,-104.83292397826366,230.56308182274893,16.642594006401563
66.44374268587961,553.555771462889,-133.69689154366023,-210.0248262233323,198.17377967847878,-339.1247143830661,-25.006804386420526,80.21630009265095,93.96632822251286,10.749669518233611
-165.29480006536465,560.4597659799327,261.3835934241288,5.54511030795868,113.8868179355791,-88.64163172677775,221.8721312734183,-169.3763963982194,223.72297112204774,22.976837875642428
230.60866157757,-299.1764885166608,-139.6217484976324,130.58863553763035,-320.78479702268066,-95.36306164785606,213.46933767064348,278.0377494485216,90.620270717175,16.563774503435404
-6.479830827535622,543.4212770084134,-153.52989539392678,-59.390417899364934,-49.22834273351573,-225.47482255952173,102.6240790092412,-6.3422265218919875,20.36574628995129,15.60506395717344
14.027632401072225,-29.183234210809957,53.55213091088223,-84.62582927200447,-174.94709636128576,257.94175216547274,-78.11708413098779,14.10785541298985,-358.6132279126195,11.715182432872574
-141.0261809139495,167.5375215732649,335.92313820614527,259.84096330474017,256.9054078540488,-183.94726533023265,-497.51826122720314,-66.12585779989575,162.93319664598664,11.43380213514023
-260.8143558895134,-222.88627963726103,-24.32628101898007,-285.4642409162452,11.118057962584317,-65.43930502077217,34.58827688667094,204.18517125992074,46.61685400919032,15.581101388092868
-100.90129247896749,-52.69414665864258,312.4887991595756,-27.272298519738456,55.95522923615471,-217.0467469267354,-300.74420343282145,-157.868858921264,-18.541994218799005,11.572886560605273
-396.78133773939044,205.23404533468062,-402.05127016735906,108.80523910307772,252.76935962786084,66.86545284358454,247.9611810356933,229.9253668205853,-185.91876299677335,23.62690542930927
183.28249413634535,-72.67345169599352,196.93424872637377,-295.3288128880429,70.53029339990985,-143.7623517288131,-241.01711968307904,-62.62820815547988,-199.5852681508553,6.186667061559915
621.2607944365068,25.3560037183495,-217.6295047581784,-0.7969161887173186,131.47675180601377,374.44103267824516,6.112280515775296,123.61554497131127,-118.64231471653841,12.253972366965304
-282.1380988007669,-294.4560719056119,-337.8304008803554,12.312776875630561,194.36682980162524,328.3499030809909,-354.41829071211066,-105.62196865435348,-220.62028212877118,21.48222641500451
29.562335193535382,-165.82894346876574,34.82182804933376,-377.42243825162484,-21.021395031014436,295.35741032744374,-2.682278834526187,113.18206752015678,-161.32913153337432,12.803950804308236
112.50129860847932,-267.91248073410077,61.10681915851973,416.46351726702756,-194.74640436530498,207.93972138751576,-295.26374207325114,163.69200935728887,298.21675969643,12.191479944108933
-292.76180569818246,147.44211188239183,230.31097331638557,-52.83547975524516,-153.2228314325987,-93.12002868550127,-300.26591248938723,-162.10666447033537,122.66686025462786,9.99244662921279
403.1179512038366,118.83391387865984,-153.5903503322158,73.6581876256555,167.97990057242535,434.8595495150745,-97.88595040750837,-196.13464576148837,-225.62936613690056,23.28295338148686
136.5369516275735,-217.50223624741224,-444.1137578809378,79.70117350769203,272.91348146312055,428.98335150474225,-142.94707772647914,169.77656667138294,323.6037882754297,18.56329281009829
124.30933510573745,336.79460471617085,-364.76997567258564,213.70643470193522,-242.3769226148276,-426.03499581519947,-43.65324444218612,80.472318264559,60.30326942819397,16.33181052189657
39.24781232805585,326.5733548369829,47.815975757263914,-461.5218286271946,-264.3441508395603,199.36100860100305,239.271163447437,161.88242661047695,-165.63242396767805,8.80632317516467
256.0125480466854,359.98637775183045,-282.62722668228264,-228.9417073804584,393.8268314975087,-81.3287674418674,296.765527340416,60.055308024938014,-45.46841582900083,18.748664639960708
-235.0993128821747,-329.1756593415745,-52.38578862784357,74.81218687491514,42.91717978107886,-304.08763677357973,47.081812335262214,74.83187552312887,80.19936306798581,14.621937339173387
-212.14359945125116,279.7132735048641,61.06671230907307,344.6463728076044,-199.09360206141514,30.59212425182966,-154.4778353147509,305.48507214536767,28.70610880126833,14.34386730177307
-349.4349096370281,315.69683781559576,-571.0640227125047,50.3905183951764,-130.09908103317974,219.371742423844,-203.7776591090731,-150.0289904863008,-21.864326862028292,10.604645193989606
-399.86053432890037,-294.3393157937787,-354.27623620437726,-261.72083055320354,-175.8674970068739,-32.97240408045292,-167.2422568856652,-241.57317894330026,153.99043644668154,9.700145368777823
-129.59829670446973,22.964100065547683,128.004533223755,-456.9121035435358,346.50529233286125,334.4911068911633,-264.6773491823763,300.0307598214805,255.71619753123468,20.313448699756805
-279.6335680367554,-342.38082539922857,10.298993681679633,-194.9605900421717,-318.1144988109819,225.64227707200746,48.028634343483304,180.7793314812523,-24.18900761294799,23.071518215776557
120.3765923188367,-121.75905463428583,196.13487413049404,-183.60398076773856,-300.40950337284323,-48.38926194464443,187.58260258607635,-136.98433737408482,104.81907363927121,13.176936282134506
-456.1271589181084,103.38317398673463,230.33152259953647,255.22346917761615,399.56603723441003,-4.054785483951036,111.8999033920253,183.9132006493653,-335.8472346094675,21.77025302237489
-233.09973671262972,556.7828407286275,115.06169159881529,-133.05141345078061,-195.83669414298063,274.8654456759813,-40.69647301958352,-131.23387552804695,272.2560647668879,10.23714252298106
23.088155839412636,225.08391911019095,-100.07633408711223,243.2883492346275,-342.86032985305053,-96.1357855013676,-150.69968060638104,220.19974048022092,120.94378851225167,20.44526981654733
524.5225688817721,-177.8698677665051,-149.04685514117847,-73.23033431872636,252.05752918790412,204.09289704049263,99.12084605527963,55.03744888743701,-273.76071732740013,12.731612042910855
286.79472292431655,271.6842218002687,-168.9154684289643,218.71580504141775,297.8090630198917,-313.2746674322849,174.55262041798323,-2.209237240558309,286.75823171609716,18.296862634013063
303.4982478225783,-196.66420910901,180.69928641450514,-207.48836058850054,87.09173831736697,-87.73172361952385,-189.264256902346,33.29634355664841,-267.88927655017415,13.712107692125784
74.3909658622769,-83.94460764204769,-311.2835381765668,-183.80473203768895,514.4041580380879,-223.2971977745836,79.84788028202519,-423.84716134687494,60.90213618642588,5.877946512155831
-26.76433396145937,-418.61057631423273,-98.23082868148694,-275.35370768413657,-357.90720834118576,-27.61911232287781,-190.7149935561613,-110.79078811255141,-78.00377996685916,9.537783159332532
166.37224493241305,-58.65083774050396,-205.73078923434002,-203.15795048111943,-35.253538562466446,144.5218039053408,196.83196938752843,29.711377906238383,291.2814930992357,23.04924752137773
-691.9482901424092,19.882393908166776,170.29231893351965,53.23607847676851,-303.918661420321,267.29522385086534,12.96582920928131,-65.42081092876485,-272.1808797699825,14.374870176206176
233.83995050271403,-62.191520015649786,131.55573171939773,-35.499109698043526,364.30023511204524,0.5673625514486957,195.6506101866973,52.55345002580154,-232.22261712538756,20.50864072771452
345.810301435272,-198.87522303087022,-410.3237461786442,105.78288031487011,-361.99709993765225,93.36855022966222,119.89267617681611,-113.12331068418389,60.367995557248264,13.58410430858527
-101.52311198424252,438.70419348498115,98.50721186270408,-224.68910946798292,-233.58544369784715,269.83929192615733,-277.89460246020525,-28.060622323902084,-113.97631661520956,10.985602215064548
-154.23861471685333,-418.38446018789705,167.16394934843584,-96.27007409053772,0.0801486180661044,-71.41830266257108,122.17152025040787,-103.04770926888366,-15.74522245196681,8.208532461875812
-184.4470492515588,-226.3966773227776,-358.65476554372975,-432.8848217417167,-154.16147660854895,-479.60530606629885,-113.85301266407473,46.13624954358191,-162.3593138925437,6.140651500629623
379.53071670340603,137.9218257620748,245.24916420890304,164.44588963323304,40.518103393448314,492.80072016246163,-241.60997341382446,-202.6559858537411,-307.38699209861863,18.12911494794459
-292.5253479233031,-115.04708426106731,-321.3764080429746,-469.32550198485035,127.54986134304292,-63.53854400517196,-148.3757377362729,-107.8347839993169,-92.27257510625492,10.52628383914652
184.41284433845297,-216.15114681338557,-64.41592542619489,-77.17892873164476,-152.25811112603873,-165.90399705470958,-218.40772524761633,344.3931422419628,243.88922818111973,15.36581315522516
-141.521416187312,345.7804340309544,-348.32078980050255,173.14850056112778,-266.4151001994496,-266.100671224495,147.7849773902218,-177.27786387550512,-46.82853983320746,17.95223677190507
179.70809396782647,-289.0057807457031,-2.022212789312789,-324.3339434913013,-142.3262666830633,-249.51589126445214,10.948141507213052,-218.5843774387112,207.6232777036456,10.05644975728657
-325.1920452939663,-254.61544955462088,-502.23141403834524,-459.809506774358,-298.18142219775166,26.17580520999195,-14.190925555811077,159.34936296162667,-224.32415139332085,14.920911062129491
76.2587109866454,-26.677535827753786,-230.09303352873326,45.85541207648021,-248.24027683944604,162.15671463603042,-117.80247836625955,-27.421762164601752,215.22542883841015,8.930922043967499
-151.6343022211548,-425.62931597729823,-463.9199492723482,81.05269486931309,-158.29801383968424,138.98221878232857,-115.23561009866168,212.6407485560313,-0.6748078159226338,20.194485817571007
4.04518717883856,-290.5470430831044,-240.70718114769224,-14.872545518269362,-340.02266492972944,-124.62397049209693,-134.78235688569734,-58.16690934985155,24.214674135235214,7.399448545986691
59.26053740196377,-453.6734297962116,-338.17274727472676,-240.83145929314128,204.90862775476782,-75.06749630112205,-10.312374841002566,320.35716628047464,-202.56196414989392,13.946077292136934
8.008067974463799,351.3926611318533,-21.704590231180532,-290.9674536059638,73.00559588317489,-319.01565864646534,-213.2604550517484,132.17047739622282,-281.37111151914183,14.704889111366692
49.62127550418609,310.9297116997187,587.826181684693,-218.3790618557573,291.55899738051926,218.67361292308885,12.062562993290271,-253.09645358949268,223.56435654554912,15.979124558178004
91.36319422093179,25.290844144548842,-204.9895451599661,-225.36069649301237,484.6663725935823,-198.6627131889909,94.55019176327846,219.39888184400272,88.07703848251242,11.11714352008188
143.41897422339486,237.95570334115666,-365.2473271350005,406.4513031097317,-133.26553357743066,-318.3877748541164,64.92201184163866,-94.40717271290907,-188.4514566890473,15.476545701123106
57.7637042418435,277.4346047080143,-259.7650922273255,71.03504897049856,-147.7566882285496,214.87586536006575,10.19685959209005,248.26821731713696,120.01084725876922,19.139872152669877
530.0590198063974,-121.7017905769433,498.9875954348797,-55.75959221686469,-75.10144305248821,163.29662079368586,-226.0353332920464,137.43883395884964,52.883753319069,12.193190774780994
-496.07782367929656,-475.75956733495127,126.74329949945053,-149.74288997488384,-137.45648453177225,148.99410779805544,-29.061133217292394,-46.220674652594106,171.16181211271794,20.008085985395997
92.32310483221251,85.9046310912041,142.2964870283422,304.7909864389237,38.00871023423443,281.7907442688836,-54.89862356136601,232.4823594372447,349.92499639215987,26.589465462797744
-219.27942316283648,252.69411331911735,125.12645350636751,28.46651292070669,-62.937342874049364,272.2738217281858,138.91223320876554,-183.87691519873303,-138.99462797636988,5.975870211779437
220.74499181279415,-151.6172168971885,-251.14294622520958,162.7678286782318,381.51529635231327,-47.03450119990629,-342.54057715898006,53.59929966305549,74.86924549386879,12.965495219228693
619.4564961421004,-132.47070304236794,-128.00660809279617,-38.99946089208902,139.7804677430568,383.8974888921563,-146.63777750366452,-59.89847790196297,-337.42199857015424,18.44071431411399
112.21305617047574,-10.123752025687608,26.995263218318826,-89.23908724299383,-244.59601007005926,226.9814901252846,231.18973414378257,97.15613394315059,-153.5374796908452,10.044245936529656
-435.3178011270619,468.4113750291476,226.29043943488398,193.75892832400586,8.439977492004687,-34.45280448637823,-358.94240086101684,-35.87091208591029,-128.15469801719672,8.579676539619035
-61.499345038812464,413.80411374597736,376.2498960593165,-303.72960919292007,-167.0962770913141,225.17224759600708,-430.03688524015894,-32.14182469879536,62.708428254104206,10.56081418678285
384.74066862723066,480.5396957347564,-116.51170476802753,-60.54456888273671,-309.64527308504705,156.24534532815187,305.78072512468333,-176.43526429106498,27.294185251225258,20.854387703288698
-146.1497105281579,77.93575076525268,-505.760658688297,321.3962382997845,113.19707497953667,-360.98037482295445,191.1149039278465,107.39810348292102,-184.89131674556046,12.83069988236585
325.5344142049424,87.61166504016356,251.7308137753207,290.6778312982192,-560.7344547364195,145.89014996427443,-311.6699793369536,-96.30961744786188,-80.07731622070838,3.778068296832197
-298.4657032444576,171.36995500956186,150.27926318636662,467.3461503882679,-416.80964723656837,69.40568169274945,-229.5515394364814,-178.22244553862268,370.77424126113795,1.1216618686898852
90.23082650078209,95.89220165961416,244.69913126813537,273.41750353241696,-383.8065942202346,149.3390389060387,-250.5866657505545,-31.649346573197654,-283.6529160574122,6.874432255981826
231.1616567882887,-407.96396345733433,-224.54827297634301,-173.87292869519274,83.62926484572216,129.7341495363329,236.13669066542803,72.55408005115424,-226.1248474861789,18.05803404572984
324.098236234258,232.84338461453538,-45.18039603325542,129.9387887435022,-343.7240988713519,233.02273588707726,-249.17521133246774,128.06966478440282,297.6585169116771,11.459526714972109
271.0273943193388,-43.9069718314945,-485.55485485655686,493.35588002384065,42.852559704675315,61.75059075150625,271.86187099029127,-100.06337601301799,168.47552511326023,8.906313482628837
44.63187731287027,116.32345246694214,150.3629674819294,578.0316290115693,54.83574543230998,-174.94608486682847,-149.29638474426912,55.73196297665177,211.58651767103424,15.600283197110436
376.566214769044,129.47748309799675,-342.54512340086507,-212.8960983025645,151.4663296745459,-227.25056395457955,-251.8233641636024,223.96772813922038,206.29685359027985,16.4569721577558
-197.67765126989067,145.91213560343593,488.7585012340677,-380.75535580406097,-56.275731667114485,66.47188486766015,-22.840637930045148,-311.1122420925162,127.94374060368057,16.64899176308739
-340.0414374268187,-146.77450231256068,211.7262886911485,360.8841179517324,18.520448952215617,155.94892022940383,133.05856532673494,-118.72441996235166,144.85975539141657,9.089245215682244
-546.3432429055616,-448.5411868520339,195.16361988828652,-74.65294174969654,56.09866564591661,446.18378921267765,-89.91510246231857,246.121712425151,-166.6597522410429,24.174763350785543
-421.07130288049393,148.83775980853147,-141.98832255561373,98.33345943731445,333.89544597193526,281.47653774456137,67.28351682253447,-221.8838492585058,58.63944264469899,13.164646084972286
-335.6894442325962,-54.91283528596176,391.5009538326532,171.07425681605332,103.59981794619472,-196.3883961147131,-3.7102883702091276,-336.93457750215043,-112.58392219149175,14.302887391207614
-120.99869290018498,-206.90559490824498,41.86830236334623,-440.2622537173957,-173.3666177043374,-546.0831848461551,141.4980667420735,-199.51818746424846,138.09613490806794,8.467308813188088
-272.6752901261674,-100.1904851312755,471.6597048295614,-439.31688557877516,356.0829034025202,378.7245695686071,-35.127078639267324,-113.44863801425619,157.88132297086725,18.074349896556917
-207.3344538197625,222.09812098299426,82.56833864868753,124.31454094454637,-114.59023755941567,293.66352771388495,144.20547234685392,11.271797979355654,-268.66431965897516,21.985459747749548
249.66360803233226,-164.9917841382127,567.008488276898,121.18592641152873,226.7928058515678,9.579184327871872,-227.51769094111395,-179.38741875768454,-347.2214239949743,4.8447707714530805
-66.0761471623787,-336.9274958884008,285.83086808902556,678.5153409064458,239.42765278601607,151.6125455338139,155.23638965830742,61.640002232932005,269.6085355992466,21.10786595896735
-37.67595796118081,-7.416826496064928,37.86384086570996,23.813718364664624,-125.60667698358685,-25.444266469873924,-11.905056380910253,147.50483151701377,15.453847428143376,17.87038821213887
-207.62772054985626,294.96847406193604,406.7412117164761,-302.37482059650176,28.168322456033025,-87.49471264913194,-120.02643873235633,196.284568850144,171.40768479943335,22.839058552331963
167.96650218314298,-149.17970299408293,-458.29181641813216,607.4019035371391,96.08615371726424,-131.3542920429481,-35.45949352133837,8.893459608129064,-96.28232771044759,12.91335165647035
-124.03048827041016,-518.4836501326002,454.90716935632065,155.53963169567282,-114.82822654289211,-341.1563484366296,30.74537074715272,83.49752618782426,-125.3063863660297,14.368759176358878
-20.335122224262335,-207.8849504034885,316.434820079927,166.78984635727443,-280.17123176162056,168.14218257248217,-1.8216072790761473,191.36174501664877,246.35153525242197,17.421032461536093
-38.2074430882341,-9.760415081281025,229.98298477918854,-58.49026758046023,-197.71042093747053,228.07892664443,-28.91851777160079,-40.62853760363258,-192.42091214680858,5.6830898005535255
348.4394402289605,-437.1089874757604,13.594975616752492,-8.059991939284714,-63.19737436391246,306.2706397837437,-210.91824475870627,-4.1179868749411455,-34.44759611753079,7.633035997132899
-202.73759483790573,420.249242815152,38.03209655007703,-42.84747823944929,-62.13494387943747,213.6846337521688,134.51849640999558,-221.07107519231786,-282.8458584748974,18.34308128552152
-405.6762576946011,-11.751001140209183,-27.874473791824983,77.25882820653442,-161.2201556340176,-433.97538650508403,-91.22626654782238,-163.22036109850816,-158.08832258570544,6.806841171123967
296.34055804611285,167.1428075378283,316.35887795063275,92.96854300136249,184.33600868814514,52.46948774211148,293.340669611622,-64.67778643351764,-239.82783806574741,9.308313465038331
-139.49786339525645,-424.0598542319194,-99.89635998531949,129.04771166031844,-296.841161555637,-450.52738673181676,-89.99770383237922,62.707824538929586,-13.393384836187295,18.25857399445915
490.0930185548468,73.30617766874903,-248.62959724862708,28.33102405991906,-42.2277079732016,25.219198714879212,-268.93825546725475,94.4294702387829,54.88391343018827,8.022557400776094
517.3713199525101,-54.02699336849085,-154.9121658021103,-248.90138607952292,258.63047044147845,-144.5984223482693,255.26564825609654,122.20433184293015,71.88811968754123,16.60512845032959
112.17010012709511,-373.0363706422834,-516.7129664305739,309.92998903668604,-408.5735524713933,4.70708736953145,-113.9063773120352,27.00614205215095,-198.35037987614288,11.932254071182816
-54.82007861756145,285.5429530754179,190.87312600204677,-158.67451216476888,-399.94069591647167,75.6210033506037,58.07361986167484,20.7025851887349,195.1632824383546,6.587594079868672
-453.9191391443759,240.78877188953848,-145.8203505064544,-56.2526972740975,-210.80692129380327,206.4040929862192,-182.83211310220628,-120.67700764144325,-194.8571225274809,18.112761274241585
-25.34484093849683,-157.7558451265364,349.6006312949793,-47.35555165257517,4.334747486993422,50.344041599890375,-137.132805914285,64.79182059953541,76.48699954983613,17.250461119300923
617.4795135040483,-40.394771810873436,-256.8673689906245,51.96030551896695,64.28031036196984,414.1809894035283,101.53479949763818,-62.940437062541505,-107.52445424934473,21.885552833144224
-57.09292116436316,-436.9299953611578,127.10475533566307,478.31498865253457,-34.870862894073,9.35469642795124,301.3482114505851,-81.27376994540975,-24.00931691189828,10.662384577029917
-357.0230242084316,-59.76748514538019,228.7308634820506,-386.6500851325977,-323.98786313396215,20.592745766809458,-297.47324869355185,88.43108358588017,112.15798570042625,5.350070283008505
110.97091096951115,-5.796734692102717,-35.800003654563795,90.93166890552527,315.2722470378318,-143.5005794444465,-125.65471079045463,-74.8652142222283,-266.1662939475841,8.659616714286127
148.9619008101389,-212.68844478517147,-256.3519620331532,62.09325096242435,-101.1405580035041,28.068791320052696,245.74419520549708,-377.18353372720514,153.73160543849826,17.124958824140336
81.52147327124099,-497.0547432391169,-159.2589558028626,58.08860089098141,-91.89818332027411,58.60769856263914,304.44384843729705,-69.6200861340384,-116.73730144891732,14.541263346176898
345.1613049638862,151.9319583582728,460.3562654908327,185.91122595657066,-26.708718769939466,453.66070726491523,-255.41059082024822,154.17605151651023,-76.87590350328975,8.739423072929302
-241.17548666737846,-52.40969335146738,-18.92986922663357,-527.7790585075552,-83.64846071293971,323.26063836025514,-190.83919733308664,0.06460528575185265,-293.45104478977885,8.642119357645033
-243.00272796127106,499.66951998488366,-580.7142930357668,-95.15721615379209,-177.45080492518454,-324.62884633871573,-179.2095441343485,206.11287447793816,-72.99065688783037,18.914421840883342
-62.9935705620143,273.1642136902499,-91.09846760177282,43.0059295501685,-188.59475612857696,-368.2608315228207,190.63149809935106,-264.4727966340831,132.75759569092133,13.54904201999648
257.5156121438259,85.68935556530218,58.66341705755991,408.2871209191437,-386.51743139100256,202.3085566119173,203.56768732487683,298.49664854701496,157.92653202453482,22.805857464280752
0.1215658582697614,-323.9058761014023,-330.5304362627396,35.75347535825301,-183.48202710746145,185.8292741246828,-74.57295317586215,-3.4429622958803066,270.7925218229767,18.995108557326866
27.117457546757635,492.24348198670623,187.6788909119561,-320.40990769386747,-105.37897980314928,-463.6920760306977,160.98473426329463,55.49963010366328,-144.87923767107844,8.369079293142008
355.18938465640406,152.10297242913518,-275.05542978633537,-393.43819516646164,379.1113429517238,-17.375856236742607,-296.2342179569332,-234.4245322016307,213.40737874515526,15.574724331400288
183.75352776037442,-394.69034396915265,163.97158156135083,219.19181163507346,296.0857577922585,-157.68573843035972,-311.0372037445404,-116.58454377727514,-0.03742831291606308,15.529683295400158
346.02531856778864,-15.792734229189364,48.37731227275839,-395.60152097736886,-384.5149664936754,175.8756604952781,96.30816618526882,161.5222896537437,10.3327770962577,14.79243960555331
-16.066488361276825,581.4374207594749,-156.11843229079676,-297.2892802474321,-246.63473802213878,29.356812457235606,73.09318211426921,219.09289387700622,102.83906737455936,17.100844344043377
625.7933832634153,-186.72494951153632,-246.74109488014017,-218.50356743832742,-417.7831734169099,129.17395112924316,-157.3846058648737,-96.1896916105431,-159.3721588527946,12.634963224803284
517.8302032958026,209.69292977785904,325.25124335791554,183.03820605441933,209.22885261927067,72.79912087214632,29.501123800283608,223.59341587251814,151.37075231800907,17.345415210057695
30.382974016127683,173.15398511048147,-166.72661150239225,-170.596323388575,251.03896302339027,342.4582853617601,173.37277389550417,131.35653496331727,269.2108843713388,20.349121356578063
-625.5922786507303,152.3039490499234,93.17907126085316,278.7298742351236,487.44286445890873,-221.0114655146469,293.2803675695348,24.915781920144937,-300.6065581635861,19.970108744179328
-31.62951590120187,-143.44177560030076,333.36667299568717,246.27196306482824,256.5788691399192,-211.9100902045924,230.45332416071034,-32.02447750119569,-206.032716114449,18.20576655716305
-125.92105058890755,-473.02798064921035,-58.528793895973706,76.04275807235763,102.62508840512646,184.2257215932524,351.89065371684654,-7.4810725024891624,107.81725435289468,25.661026571571195
-198.42679681435285,283.3650694845786,382.3079614948871,-340.8683792179437,-116.27750459886363,241.34079358732242,-46.97466817197548,-263.15474657868265,-135.42228558435477,9.8671672800548
-433.0761013912107,3.0139211131039048,-398.40050027602786,115.09135088680091,404.0163834317044,-30.71560778866393,110.10433433653219,-142.1705203798382,109.11502458185748,19.4156848238945
165.74044030001795,85.14523520273872,16.72950241789823,-241.1709689583588,109.90128917041886,77.75484594806039,167.31635457436073,144.16302555863942,87.963023927113,13.527173976020237
122.36710947974952,488.0244551043437,-461.8428912589278,-194.6794204173632,-222.03297021173688,188.56390641866244,1.6598754486248595,-232.49050486366022,-166.1241665469115,13.310721243784268
164.67540062119645,-204.5110423535456,8.480002822218182,93.50453327279217,233.18070059324694,331.56613276830274,22.199256114960235,-176.6453390565381,79.3498953551233,13.513936022935034
295.7469259115949,321.47302555383544,-172.57830212524567,106.8163108669911,-39.252733786058215,154.70589796344018,263.97354764308005,-48.8448050988691,78.55547308591474,17.956741186300228
405.4449692898338,156.13294860842265,-46.433925731780164,314.27797156626025,346.8346987884779,62.78644669416644,-296.89174566409287,95.25714271154538,-44.09814616615256,14.14798256245812
97.46898831862579,532.7171465042475,472.71033985251654,-33.10778791566304,-138.79725104673093,-238.0040641624309,-14.678833543083442,39.75812273302033,87.28764489302569,8.37558584084523
127.15173645833684,19.126929912563497,-117.78275379654175,33.64997302128734,-278.9259290541013,76.39421572337892,23.32719710670716,15.082542481077027,206.49625058193442,11.296238858702036
292.82712635235094,28.01493462591357,410.86328584142507,146.89669578846224,144.01609626655366,-112.67958668582884,-48.59112176958703,386.5101777336024,-287.3922409004105,24.70235749603218
439.7268732146829,-209.51803964865334,-228.9668813062834,-271.50102626814294,260.06212469997115,290.26332867212614,63.333300691160616,-350.44376540322776,-76.50873112350922,10.409010599411406
51.51587489231974,236.73391000298946,495.9636993217547,-337.7763331531031,230.1391184770027,278.25893769694517,215.19693504033677,32.57458694368506,-47.19603957957247,15.349648502160054
667.8155675797585,-283.6950550742863,-199.6018601616045,-72.9287268871418,451.35046835621915,67.66889404414917,268.1252018855801,133.1116343645739,-41.94927134746746,20.748806266208938
-331.6900266440708,246.65918971840404,-443.3450437412919,264.68108094304966,-258.0163822829413,-12.53408643352634,137.05380356263822,-325.0145434779488,-245.6472987056764,8.004321779694525
247.07157350220223,160.55654282829477,-146.34181751076443,-86.4224108636165,281.43248735508485,90.57893718825756,-113.93132054785579,-159.12569277403588,-83.84379661359736,6.107411774880411
-178.04437719556202,489.15512044773516,-542.490740384448,34.37360407667302,464.5089874677825,-77.43825921580054,-161.43707207091882,284.063166184082,-50.03617121508,17.368112790250244
-20.970945197771016,-224.56818660073995,-50.59411279306289,300.2198560078382,267.8509325811383,-111.15001945435932,-243.64079573563959,114.1434013021119,55.67033634461052,20.24289219254858
-13.105299956089482,-636.393079497645,-97.57437990214808,114.98062521356769,177.50766620226878,296.6041588233487,91.56246416704005,-312.86661517439336,53.17046876734423,12.172569339754515
88.34992245359852,-236.0905600548082,-275.88389762577503,336.1679940074009,341.16851140715005,-271.4899013950976,32.430099268515164,-319.9258912098802,192.910132255112,10.059742132672117
-476.7702400724353,-200.30947627710444,-150.9053268399529,88.47652319002987,157.48731368675269,-277.10372360059085,-112.99514744160399,50.8168270080657,-108.5567758636144,17.994275710764146
-184.08301990160604,561.4702680684352,-0.4659230449834695,105.74072904909963,188.68975734175305,-177.3976613770521,-477.4413019071603,-186.50898192706467,-12.387661013310549,5.25277742322053
-20.807357413046375,62.909383729459336,-235.69658359739157,-333.1994480555853,-217.66653323506483,147.83822050773153,172.71828439147652,44.21626159173303,85.03170021088522,13.772686330238397
-205.817774598057,196.64563683695764,277.7519630137756,405.2547343035517,71.27875455512475,527.9732713287976,-219.19407568108028,93.86467974663213,-15.203043125872966,9.021975033929852
-116.25921227565277,-172.27553103301275,98.06387084385818,-488.8223950320055,-3.073658130303656,250.10380514447206,-30.97630436761213,189.61070511191934,280.256591390463,17.661101785685965
643.2609328012925,-285.43413810832226,79.15186159166961,-338.26976809674466,-89.06700429422003,-298.20055600843455,-182.89151935601876,-181.0921773016627,20.62483262373098,6.50326998509199
-575.4562008318579,-78.308846848419,251.35856722203823,116.9100607796222,-231.68358359036884,5.257603864882412,65.92646048908802,248.47097248968262,2.1970711917272183,21.72056569784271
-120.8491332779667,-406.23493608088256,63.948769910501994,-72.46015642532313,314.79072616672954,-218.20067909523783,-331.0986531278127,-155.84109372409824,16.685508959659956,4.316949389905767
184.80812391301006,54.59484784844175,-428.0336985973603,445.3398345012006,241.86635660525675,-271.89074403249555,381.86692225958956,167.58669350588934,-205.88158442969075,20.44624920046327
555.6427116071541,267.39440179179405,85.31321048864373,115.27328188033209,81.51225141894085,342.41209984620184,-66.33507293393995,217.8503395203987,103.80212012546485,22.922756837417843
-193.3702953670054,-112.03307011039485,-166.6509530518127,-172.47514776461185,-300.6424155812447,-157.67920198053918,-249.90206475614457,-81.59126885425968,-144.44808818835605,17.40853804683488
-378.32542408024267,-242.40330809527367,-244.90058748241734,-484.5349351448127,-200.2902038406495,81.7764134107747,207.65408236635147,-133.64099852630758,249.2637706841317,20.180111505551416
-117.12894799172344,-452.93194315635094,272.1952406938017,285.3610786203742,-301.6468521657098,-76.62794390960266,258.3521518926552,-20.426097869233224,-81.27634598194936,11.28593631826369
79.77288393778012,391.629884310119,307.72231753242056,234.08640453936732,47.45671137922872,151.25044487087678,195.83154334146406,61.082570810889194,-141.4282693180457,23.92504182332012
-514.4974640475906,-94.79518442587093,-48.048756203309836,-221.3645771482296,53.371742214467076,-412.88912429680744,106.45331685778496,93.58417218154173,29.881696382026917,13.199935547211425
453.0820713594103,351.4890207392042,292.0685741469272,304.6016564357715,-447.0914678752181,270.7475747996501,-103.39188816629903,246.1996718199716,-55.148979798268385,19.82778121735429
-10.242293293619625,-15.523781763391597,306.56777048035224,-166.44073387393826,119.65966844828753,-256.4593416388089,202.94321359531386,182.45702746505205,124.17357860587197,17.34547957895265
409.06555729029947,-150.80967035713022,381.8643297411986,-235.76019465816444,192.64347037612285,-167.9322446596916,161.8439295623641,-36.11457808247833,165.46389007061532,14.146316775918717
87.3826034258659,-53.96009424530985,467.8267079149887,-389.51616561061905,-28.99777996209515,330.2679637932156,-205.052241550281,-255.30338929180422,-94.6125273304607,18.25935069921386
-287.7522658277029,163.45477949121837,74.58070798643325,338.2733431896345,146.77850219349742,-10.699133141825996,173.53703479396938,135.83760539427522,44.70653613312368,12.442142927199711
-439.2368055677182,64.58553436483736,200.7713097752054,-116.0485920767245,187.20454137134791,-181.08743650261533,-0.8832659546695254,223.35628177831606,-71.79984828470253,27.238533946395055
-290.8837169355145,272.55697689358664,-82.61821985742,170.7611807124972,-264.1603257068975,-85.77907605913589,48.96209784781945,151.05436640511377,244.47125091288046,20.71907693463854
205.8057392780101,-220.56521775035102,-32.23383355668386,163.2105265274472,181.20436588771273,357.78085639483106,-16.674227407176772,37.883478212517076,-88.58607677124576,14.364922076194652
-94.51167784834541,224.13312137018656,-302.28201974857353,-138.77060372418862,295.07078258824504,-93.30354350503359,-166.8154767484686,42.99427984889773,145.96387550120653,8.356141981713138
-718.3159021133157,-282.5682798318295,196.15707314723778,-256.9543336158515,-162.13181463756212,-73.52700929741752,-29.93671520029838,335.1107211319254,27.70294436126494,15.78343710046962
-444.3730462039358,111.47000626038508,-431.22544824760195,281.087345331458,51.98359915732999,92.91500663872318,-140.89897919302697,-42.21833879376749,-210.0243843647712,13.692755677829558
-174.24932377877158,-12.542864845742457,-526.2620371505658,346.12769637557676,519.4248355053729,-221.7875344100908,26.87669874847171,196.00257495251296,-264.9553382670811,16.56121195875939
173.7766223431645,23.28705393257877,-315.6130615330316,350.40490970323617,-147.37758707218734,35.52090851521484,-164.75447506705427,155.40150077249206,-243.65460220433914,9.01101500767264
-247.8797515940785,-185.1882567242827,150.1478097393075,189.7271255518558,277.4842689461276,73.23953671936295,67.56448504517562,93.3223857585044,-267.7856966256904,18.219394881097976
-362.9646100873789,-331.22024816155954,155.87865335631312,-232.48685281395024,-289.5304195667884,-371.853570625888,95.83982777897972,-27.682137664545944,-59.449097674020436,14.16507430356212
-64.90333383380406,380.42273348866036,-154.8162669004689,-270.80383084998766,497.68750182864744,224.21667969844395,-4.247336395471109,50.96681945384542,83.94698268743423,17.042790885528007
-460.887752174291,-401.93433205987606,-469.50675845716916,-304.9688698839607,99.35312321484133,140.90891971819167,65.0937356185479,-257.51887064747575,147.80215999030997,9.841707178703809
424.7017272457625,348.1246401551391,22.46450221583467,102.13985236742712,-162.58122385740367,190.12638320737483,-152.6278099976784,107.31545302397146,-394.90866349645205,18.6945811951003
-122.48358637768996,-295.36688594537304,-113.03151005888412,-273.99989602186895,-108.37509893096444,-351.5012560962691,-89.91992367465613,-128.26712695872607,-47.720991984916054,2.7819166489628673
-87.12901647966109,284.1527087697192,-398.5083028738109,-219.53743630905967,433.0339746791444,231.31216843339212,-125.814490632743,138.48312596274738,256.4457700766868,22.027693843534813
-43.13768242999109,10.267746207880407,21.802911747314738,305.24397642435247,-48.11655277564418,-224.124739114664,-101.07052528834785,263.91405951451213,174.81501530997343,17.725666667650273
192.56913516123382,-321.60214015072665,467.05659228123795,156.15509057320673,-200.57461283149777,113.40838663254362,138.46236350815343,61.817463256857195,-63.61244018590065,14.00756352645491
-302.8075387932437,-187.6459239852223,-193.06106079470447,83.75904160057871,163.99889798501366,318.30522101694567,183.82539661858146,160.28016456342178,309.3149746138374,18.802589487745013
-150.2726777055043,-244.28654127132782,433.45029345061016,-189.39132560107691,-213.66710966196626,258.46932088682433,346.74086173334064,75.57869381368963,-119.25262032103461,24.56896839037216
-46.34170032002689,-358.87981518745505,115.19107745210852,-51.682756063140914,-148.9904696807107,41.3090930939386,-53.78528861169622,408.3232764663819,25.968062510322397,18.765235659225347
143.39229559708275,57.281273922125024,-354.9458663231031,-85.48199584905558,170.3818926933623,-311.22829932875834,325.0811245993703,-83.13879877044484,-123.51693259387508,8.166384870564809
-27.423409265615575,-275.20643474273515,-282.9695040339947,330.4280181694546,291.4410026165689,-222.02450346955675,-227.7003737775628,-24.912752838159914,-337.41262930977484,3.3347950702842004
-50.161524681458616,-284.5210272950493,-329.16799863271274,-103.98557629607603,244.3764408323175,20.321899778085708,-358.29088807791464,-198.96080183705766,-116.99187717392607,13.2333232407341
-206.88075184231607,-133.7467287430501,274.8248740529931,-250.27890427261912,-210.65436855950202,-3.618340027035174,-345.12848097674254,-207.35266524086444,-153.630949543344,18.037166841472924
-476.02838720625493,-382.4602725177913,32.87851164070713,-249.3890795629984,351.0775469181592,366.229243869044,357.24524199921115,25.828729048482202,-146.1426484688937,13.034416981358415
227.33732584397367,358.3738448745946,379.75979305761075,-55.7284991329924,-289.61462209468374,-309.0935634631558,94.60839427625046,-68.51532396080178,302.83050982147563,14.841323913484503
-152.04274252159794,2.7469482462154957,160.81144280460137,-356.81821018325525,-229.24745829138323,17.42338631829614,233.94662403471563,-156.23839809365032,-23.43082690123282,17.158983348466855
573.1262291837035,53.76282250009261,8.493761386002575,71.38131267306392,-198.70329353928287,189.91022905519526,-115.26809326385333,-297.6386488483722,149.02703601423366,9.2679061283385
-310.9730445566877,-65.7830807249183,-131.99380927275374,155.55537967654504,-13.827696782084544,-93.37569226077636,-199.64497113866287,118.7915696596327,-180.91731848314458,14.758019884741218
297.67767454444686,-36.56951411425524,-358.8403050578561,1.5615051936404143,75.92768855885632,-64.42946969325715,-24.75474107638223,-55.87120271919133,-223.58670784120739,9.516310572255197
-238.97456961329223,-266.1303417778454,412.46790747147236,-236.11316705638933,371.2053571548587,88.25450284017859,214.29593437839736,161.8574504937623,71.30726804727101,15.70464048164546
286.34227404312276,178.0120394140146,244.9698961014833,453.805679861671,-346.08073731912833,77.78257085476844,242.05251904634173,198.02501674752892,-55.58619497038177,11.594939067293868
105.76116490157307,447.40041071071903,-362.88514017668064,20.746425570158294,43.184772313180645,112.01747945128238,-130.17727574401013,-321.8989410607062,131.09183651547573,7.372772213280156
252.53214345881798,-46.7151496838095,426.79978097563105,-242.86062133567043,-272.79989829315184,-428.00250438297485,-232.06195753411737,87.56870764021045,26.96293926112105,6.383338609672958
543.9664079887002,-155.817800747174,57.44578277983766,-105.3127463263371,96.35926756876731,-274.8221216387225,-219.73726602414294,-163.44973415309022,108.2638660371532,5.944792330200849
148.16733985017652,73.9663686736102,38.85665284407844,-720.0372749782588,-121.9304250069582,-375.07165161150846,82.60903255076659,11.521239476295719,133.06471887372948,15.327010892771796
204.47534150906648,-440.6890257719575,241.71071008280308,138.46200467386643,-234.36943029007074,52.37215026353522,241.41891035184705,7.178899402101891,-14.426946212491032,22.728930983854443
-107.48626810760248,121.85972761199088,275.827506886273,-153.49845908321527,272.46890220449893,220.7876472180776,-162.9901573763351,20.035889595934833,-13.841926371057184,17.645367188099545
56.636955423600256,347.53213866959123,-156.26327775140933,274.60852544401314,-386.5608609709533,124.26469599953361,124.96937683443099,177.2261633078228,-188.85255282959105,21.30444353010259
315.77081592716564,-187.3229966782267,285.34636235404344,-85.02354862667505,223.25206424802573,236.31898032735796,112.25110514706193,-137.56279370426648,283.2877915775523,12.64183090553254
290.59502746767225,-162.529679194853,271.4573080539469,-470.1327095698827,-181.30949267998307,-242.85681712014525,-151.01926006977794,-223.41843831347902,118.93681035811824,8.066837374159785
142.48133527045536,133.36873713988956,318.159918014166,139.2547489508886,-226.49515296622587,-25.666094634345086,-213.39257525402638,-136.4554685804089,118.48352760445266,6.7340742394006545
356.119075392838,-68.55843566304694,215.53774006956712,-13.873917603592758,288.89762253730896,121.32588158860176,67.10337263325533,79.66426926056494,-55.374041371298404,13.05874807030207
84.9150980069501,-268.975732025958,-128.19797643829023,-58.72419043950731,-139.3427236948578,225.18126194761294,-135.07443011582376,121.74285328236152,29.91181948335145,17.75347024570027
-283.602226629298,152.62882811040316,-100.4949692560966,427.965847118302,161.0971376798257,-150.07595122076395,-185.26665208068718,-87.3101517639731,-224.93660286077045,12.108514697655512
-179.0200816596591,372.7076333363791,208.91810670881978,-24.785358230234237,-275.44963240322033,234.36161864615747,-30.56942570450684,210.64366248100052,55.92739409025694,21.727204999649192
320.12128849181886,-132.70810616159974,439.6662398549852,-53.05761645518476,37.79736751108442,-224.046229602788,-105.26889177519564,14.704093562141423,41.0795874501224,17.256652285845796
-58.496613983177525,-46.80240054583638,111.24213353205437,-643.8654516730339,275.23905614673197,267.71150681181757,-126.75842165078765,-369.9833593877761,-143.83374591305346,16.198172922561024
87.63438874529649,-68.74668390020398,-388.74134046784417,-65.95484978418517,-273.0985128236159,-53.030557782225344,292.8115580679012,-77.0727378750355,160.5999596945245,7.52364864215893
-196.8030796969895,-429.18277183787325,324.0558709815058,381.09110345496447,-54.72939748126183,-353.70297227450635,20.66676546236124,174.32749639621815,5.438460339432936,15.47112938856377
-390.4416209354722,312.946948253204,96.04122760622494,181.4203022616532,-63.870629961280805,146.4300647067006,-23.395814404267924,47.382163505965494,-99.45479929174229,16.911838742312018
-311.7394201561706,-43.75935644593048,327.5689082848994,-84.98136712414566,-394.98030710176226,-113.55482013684463,-253.46436270807868,-2.5183785713169016,-346.8375638117046,14.913970601069227
571.5369159834513,336.8993102266402,238.15832123528332,221.88111619646952,191.31094990357659,25.696217953827727,275.6469759540717,106.35250555331484,19.66034869793657,14.559042942961224
-241.9924129914822,-217.61129003097884,427.1226096742412,311.6758364416464,196.97686707499892,246.62416325224103,205.04331481801273,-27.48602603241776,-90.35685335834154,9.729159167235306
-130.86326092315255,-305.25836853773706,160.95619170496803,234.79072083999426,-139.84441020487426,-295.86862704953035,-128.37954925178173,8.838788347433557,58.171057840409844,14.813320211957077
570.4923782562321,-57.367016864931855,175.30653182065197,-87.92537675571577,-248.05250941538657,-238.23771671844742,53.59796184503091,-239.95059015154348,16.26537713792743,12.429115258834566
113.22685474054225,229.00430520576992,271.71878677696304,-358.3515217747205,-281.92415865521275,-39.53386931038659,91.47478044627286,105.66285798547693,233.19098569479945,21.83416609509406
-257.2424008969988,-128.94626578378598,-249.46582696907757,-229.84216924060945,-234.2205556115091,129.0738885742552,45.90172610510035,167.05310422838502,303.1595709013924,14.01279082900488
-5.516930364000061,57.32873735809903,-150.8462398533394,-587.8874467986378,-16.118558110351756,292.7639966633868,12.573245590619251,186.93275107424884,-121.50362494626944,16.174468590324174
-359.6785494593206,-135.37494218629863,-50.75307124929503,-461.46509534953054,-155.3541983502965,-14.656415395749718,-94.37379795993365,172.29032091345053,1.535250160321823,15.601672424676693
99.50778033300402,-242.9088668701261,-383.64770749615377,197.56692147057856,-265.85008635724324,-83.52189082554492,-115.09842447137345,116.55843445192272,134.66918840018445,22.523409580892025
513.6398208727757,-119.00971229744732,362.6725690299637,-54.089512093563485,245.78951022293748,-162.56473504625473,68.18726972078485,-10.590462858623788,-35.8832661008712,15.193443578268678
-227.68919776914024,-30.552199478906914,377.4807442817407,-296.8017535551977,85.71264100632484,-315.1457426848948,-277.36198855442706,-27.728101142542336,30.512100768859113,6.524075658923978
309.5707525389424,-524.2777339837916,-280.6543166259679,-37.72386418993108,87.77528640242085,-410.36615234602414,-148.27279192362394,-77.98897984934345,224.4869116124703,8.76737515739585
61.02836252074046,-442.5095123490254,384.2666420323809,19.378350026761723,-214.84764895251146,209.39453929428805,230.97027244091777,-23.22501355980464,-198.73575349909055,16.804554775468908
-48.46222377610445,0.5862421618369922,-258.74330459459895,-25.428505857992377,309.0942960685494,-208.82087842966757,292.18723300886796,55.50329918810678,-146.97724812013382,21.58557434741053
131.59734055809,-482.00440488658023,-359.99441604889955,29.68469181020248,176.690296637592,-199.64300954054653,189.7130931368921,184.76043586495126,271.2123297102013,16.26856447017485
351.4184358851679,179.2702780916921,-48.9373175351908,352.67187711270526,395.4098690751987,-106.9756825053422,-41.029357856104895,-308.6155604245242,205.76193989005458,11.638816482604
461.4809812934741,252.65838753477402,-2.0896971054045252,367.5941351846818,96.94235077451845,-247.61532881069598,-383.987993095556,47.273369578902106,46.45183401090742,13.390204738860175
-174.98101858669466,-237.2930102256141,-96.92063230073066,-348.6398915755657,-159.22751590193155,-418.5315489527424,-105.39265247585223,190.36202398462834,287.5823440785442,16.469329605283583
85.55649141690054,237.3347508095216,-524.7721170795328,122.94699228574984,-137.3908660153158,-184.79937256331795,-155.42642228779138,254.92039413582617,-223.91095553400334,20.57737681462115
-564.8428171428893,33.83951310785524,235.43579711397854,189.47424779920584,91.49665167471167,444.7545328022826,207.0413512362565,37.2929927384736,-32.57656749579354,18.54177260777785
278.8979040420375,268.53781262535665,264.7108951767226,347.00136850191757,303.3148145582652,135.64175425386168,39.311456168833445,182.3479879289132,-67.92590162130574,10.724522099942474
155.65306409396663,-42.33841155425023,-281.6287147593783,-32.41029978415486,-386.2399093506407,54.287635720134745,-82.67678488361832,72.5535984980379,51.77709290664302,10.594292826545647
150.6493879548948,319.6789539510762,132.07094902542457,249.89992833470546,-300.0845193250908,322.41480008798715,-125.1554174871003,189.78168317458892,42.265622753694856,18.89924577970087
-168.3808253372274,-365.323421846394,156.4991945201249,529.0849326018329,-216.23094375570236,-96.74498401438228,-368.3148415630676,-106.68234965721322,-58.08014847649474,8.449676878085745
42.214141629401986,431.4082505031905,-322.23566737617676,-203.27575693813628,252.28445769380082,443.6435968930107,155.0077988006076,-179.1238742614845,-146.85631565339497,18.39460013498444
-229.41198161180287,-166.1390467831324,135.39035749681813,-141.83819561212613,316.4205205594652,111.01515067227876,47.309382858185074,-216.9386910553248,-177.08676023587248,8.774269542988558
67.06926003625668,-187.6110277982256,130.74832521555692,347.33960625808686,325.6755929391295,-124.54993570949847,-128.3843518739684,-201.4545105215627,29.011886878185578,17.710628256852573
343.9857959759273,148.13777445389988,2.484675278359873,180.50872404206234,-220.0707113434275,39.09347164654241,165.61766397710215,-33.863836698878096,161.02459363627145,17.484897482898027
-415.02485432513004,190.82226706622868,287.2197913093894,535.6116257544234,23.074271827235975,-24.59724986238996,10.308214377164575,-169.75017302618846,-175.08969023033137,3.0027038523568983
51.60333351011431,-414.3183644424387,-188.87731401790217,-129.85106716343103,-216.933454145167,162.7899463716633,276.1427711050565,-174.60530940907174,351.72190615470026,18.3747844363237
539.0506632678521,165.1906963892804,-187.67907779220974,187.64410520654405,-135.10732173972403,-130.15492696440998,99.00840581113971,-127.77853416307264,-273.2629094924886,11.453548517932669
-189.92216011080998,519.6785327573631,-85.69748033982677,-82.34127988878242,-194.56514992185848,43.389682701595234,-115.7856540187789,-256.8748433713928,101.6269422484329,5.748211021110883
-308.3638079673693,-146.1969873566612,-261.9499357535632,-71.91269484563782,-65.73485967337045,-18.702557124653026,-29.242716809738226,226.35643214315357,395.8394503482799,26.18021278098024
-518.3170790996561,-308.994894724588,105.4406534151612,-219.39863054328055,275.4083139060158,148.2703539311624,177.93328501373082,-536.7010315308918,37.121864001608174,13.335507228992
-309.5146708225933,-241.04842494951535,-225.50737091903642,-59.641851365256,-190.00948550155948,-512.4101665269321,-46.812555881581716,39.934401950897026,-54.1803153272665,21.289849351053725
176.14895143949383,-104.16612890575541,167.73696332310556,-460.78207048804603,169.925440958826,-177.06625435403004,-125.52921939292912,-205.7832155038114,49.709605842179485,9.493639862811326
-129.1633380842763,-288.9008263001473,158.03054378891238,-9.254131573423479,391.5082379762365,-31.72563274140498,149.15116963282082,-185.2038427974752,-264.47058728904886,8.742677523517056
-101.37626829152444,343.0640990291509,-401.4830723933045,-258.4029350408214,-77.96211880937152,186.8435360161451,246.29821966842024,51.28292166398569,-149.9524852997539,21.654490270874263
432.2615275430163,290.74763079265415,49.509416795881805,147.21085770238255,29.39105622257199,355.418838241553,-179.46663468970638,-25.615937888850617,-91.9272718098793,4.962464893067805
-246.56732200872747,378.2220134602884,-252.02646036142903,-90.76158271726467,204.9807685004615,43.42642612391592,-36.313670622528235,-130.98507134926183,204.60563717037883,15.002525720346036
82.87882935081535,-344.4446375922993,139.8294678436141,-228.7956709524875,-50.2357380539046,-350.6862586512974,-284.052399760286,-48.034468378759954,124.19464452186446,0.2798047685672666
-121.22188411946587,22.17000294412736,527.7959763591139,-589.9074625730051,-292.1919747055957,-23.291096327441664,274.40739005752533,-47.73198389314166,98.8965645314114,15.04638561836838
20.271045586452303,234.75550843105685,91.09101079155204,-445.70647661091436,202.94557050001563,-133.86445003404287,109.58655637520803,0.2039413150996907,135.8125078052468,18.06560411785364
51.69448893751239,-413.5793526897378,-397.3081328802026,131.6468290025358,-76.01014569896928,-324.633933277332,147.5652634788832,-121.14582393858086,77.06025665817992,12.993214418704158
100.1156732407147,456.3571523972495,-284.7372314051821,-165.55167813945627,-274.7747867143138,-29.560753465559742,-91.11210975538452,129.87694278007527,-119.48784787887149,21.43260308401144
-270.59785017171737,-153.0124380578658,105.30758984917122,151.9728936366796,418.41853051504427,-241.2348186001915,-167.9015528784498,-193.30525226998154,-146.8465508105253,11.334985903508084
-210.1800397845286,-65.6833647504593,250.54916121337692,-199.58140235178962,163.34380208100973,281.1911601531275,-241.3676782122569,-93.84305129810383,111.2825612107797,20.624489656264196
225.32408333749567,-130.2747554338214,-58.978989455488716,-143.7711597054839,75.97509205119087,212.32552073967418,-204.93052475507096,112.23041844084617,-196.80075286254515,18.606260354195705
-495.15305130380307,-37.55282488035556,-110.67315394198428,116.27553079578183,-135.0612922008848,172.61884660827116,-202.14457385545933,-137.57666306563934,-88.27999552125937,14.894549679198995
-129.32937912613767,505.5256817578445,-34.24921110212631,135.1148685069486,435.80922431483293,-249.35243849640034,-2.797118247790422,77.72725453041315,131.68319067172547,19.745890090746254
156.21449947116162,-24.783891029075335,204.44364215901237,491.35379026927126,-374.5849380260988,131.0011735033347,76.90800967242546,-317.4695339934681,210.256812521676,7.718591926480252
437.25639296538145,199.2482186931037,-277.2551806877365,-342.16108048691774,-196.72143410868534,-301.83843530313516,307.78778744375103,128.573335442338,-156.8998194377918,22.579321801273117
32.78531203156554,353.03229683568134,379.26431331558695,-356.414192294621,271.36505828066663,274.9556475941487,-32.416463873419985,-278.835798416539,-328.46557322065917,10.333185582909952
512.6581826424481,-330.4967318451377,147.71888144410065,-235.58527276369068,68.1217441487278,-221.25206316569285,-129.16361477579667,-119.71983049693783,166.9414168033676,9.292741868924168
59.42474043893883,-376.60466820656734,-97.92130502741907,203.1908535520331,-257.5701371711807,-348.13696911792863,28.3041551059697,187.97304979250345,24.131456590165612,18.20586380918771
-36.71409244565102,479.17295892065124,-297.9495924489905,-300.3121281248676,330.2419818107179,337.77845456321495,268.80979304222666,-148.32802914389737,-15.999374612385623,19.020351724157763
-19.769050803523186,-1.7929905375633695,-395.7093473274976,236.67206202568218,-221.21523694349497,263.9087122675761,212.17676809712918,-146.71084217438838,-170.8787218909112,11.719443287250936
57.65393614509319,-56.10780461676978,73.53622398279697,-699.7160391847037,-222.7669381873867,189.7462523021486,-222.45759959785488,-23.31882415352566,195.93180908312092,11.153390713725855
-234.5025859075378,88.44010456151781,25.01248562740767,159.11776733824354,203.5689770470618,310.9108203137197,-269.6789060687288,-37.990749338234586,27.301328231584307,12.642883188043808
227.99722647047662,-209.22582600803818,-37.527598502667445,-334.687845862499,362.89537496890443,363.9741050866712,-77.47602315008533,-118.3091776536837,147.32660218718866,21.41062521877169
-91.24346862555055,-70.96996135330107,-344.80590716673396,-538.3366904031377,168.06619426182434,209.67958114662918,64.81341260516155,284.72266542793466,-203.91082514460487,11.281974354164229
52.92238140701843,258.5526839225883,-0.7917950854933338,7.427545729786743,103.62103452089303,56.68098812268818,127.6873489126545,-10.803921922900251,72.20064479259463,18.34771287424371
-137.54288005488593,-377.58680771540617,352.5818338220431,240.88193746641377,-406.9015547133379,-116.49477360858737,97.21238872955212,11.310934397392657,-62.69329383712403,9.766181374458183
-55.4788485846594,-24.109253128511654,257.3029792093023,-314.098473063348,-173.87145349751006,-319.6281868871756,-214.94297843756098,-40.59269769979862,-69.62570097166895,4.295773468257804
172.10114240329904,26.142517565317902,-54.74376639825641,261.2614137162989,43.46974053547831,72.77809140501745,-164.62990059347277,-240.84873429329406,193.18979749098048,17.25672703149722
132.0517272369892,-45.61018623671657,-38.51644678842365,-164.10382658695346,-118.49325831044615,-283.0921399491947,-112.19834681961814,323.95647802766825,-68.31055446035907,10.541672150626203
-630.5534967496835,-126.29363943606901,217.23826024954985,-14.644642798666268,29.30960698673283,181.34064703432227,34.95931314505907,-326.8818634851623,331.2640124923082,11.905228051047876
-181.79801495826237,-642.3039732072548,150.1607232391616,156.81935203758758,-280.6480871475453,114.40357234759415,-247.8161178163578,-44.369846569396614,-182.80884317016051,8.975364297377778
78.85439607960777,469.96045866230486,-33.67499604576278,-325.2473624017638,-108.57268758186336,-319.6135700255442,-275.10334241648303,-42.895561642987765,-321.75660485771493,17.249574687875707
249.08969574124902,-80.16285379921558,-345.0799645431526,-226.05101912621126,-255.12732427746045,218.86338609909978,-48.4531659292646,-74.24647813373889,-189.23172084682074,17.998968302178724
-248.77889574537105,607.4075148488023,-143.7112072461949,-116.89126509161486,-217.29536829511875,188.34099767302268,47.37110480727233,-297.41760030443197,-19.322450204402912,10.507896234239713
246.05380545659997,152.20393669603894,306.46417319847706,480.1311219998497,262.93774248776685,-96.71475365225797,257.93175490464654,42.77237219075248,199.92014492691158,27.36078858622054
170.70759682349046,393.8331325601139,-288.61365155872454,-281.70244804731465,-113.08010128725645,-218.35043931811873,401.840193504699,118.29578028489647,163.19693237806314,22.991773942184366
-331.30371338295856,-46.5970319689101,-417.485622155353,-316.0286238043659,-278.0919639741705,64.50637849265138,58.41725364036819,-317.4694337128973,-84.83181656693603,10.621731528488803
-497.9997929739018,-181.87656324020153,291.21907827688244,-414.00114822817267,-30.63237953906652,81.91982503249005,202.4494996832252,181.32729856095798,-193.41474425609744,11.606340010224182
220.2954561958121,277.5974042987448,-132.01300895839924,113.79769186215037,122.98750579007492,-44.871713312515624,-367.95269661307054,198.23417106615648,98.3156388387265,13.17222612095705
-525.1549469979025,61.024802809066905,247.27531765066863,380.7543352846542,219.74061645137354,-38.712951738361824,-106.7231725267248,-41.58302934797952,191.9298130918146,15.34794480817377
-296.166402591296,-182.7882257139661,-120.60192575485064,231.6553626772261,337.28846024903817,72.6164080243957,-108.23948777225644,1.7296148046621553,53.985684113205934,11.73325698645049
-512.4815206569428,-151.23662601997577,179.68794579184868,210.39072741555105,215.5725597749848,-124.14828293883374,-67.85426319409655,-183.23619740557314,-249.5753793665794,12.386594824529164
-151.35840131275202,282.00266035229595,430.1948824863307,-114.70615141468647,113.59993576486414,-257.364964946909,-69.17377629355829,-267.42705702174885,176.23631056827458,9.156845156221449
-243.20427098701302,212.52111878612513,-358.60083799708417,271.19861087517825,-101.1513499879628,194.93837414279915,22.284508234177736,100.87876417848668,261.9370948459813,21.271252545482213
-200.16174939970782,-94.40014480579882,-274.4003834167326,117.46550900965474,-33.35010960792137,3.3599521110988917,-57.88753805040193,350.29461754895704,311.6232007588203,13.416430337409896
-356.6519287741063,-61.90127424807574,-201.5904170400797,-29.938774215076705,-247.55380395350574,86.07316811714895,322.0097976245997,19.68257881598886,302.14343848075237,16.875804592562183
-53.13294095650892,60.15209223329795,320.97030397374897,285.07505209760006,-67.28767414550133,-77.72461579237881,109.95133180310955,206.06079797714486,-56.69393997861755,17.55123846513458
122.87611353423526,-326.80563238893285,-199.54476447388703,-247.30162003457588,-322.3836661002156,10.439932821411276,0.4417497800047272,-177.2946055545797,352.963346899949,21.787587288876615
67.04462236633007,-132.60504795095954,-145.34314666160552,333.98605219526553,228.10214446120906,40.81606392379774,-411.7995714935181,30.248948352878884,182.95759082723168,18.084468359153384
-70.58623291871422,-202.05715253581715,-446.4072886263117,362.22633978893305,-283.0341125094198,-180.24309560360877,265.5645266064169,262.84311829466174,-101.1371822932004,12.902976036892571
-29.588372521029626,-516.2879263552061,-340.5413858159804,-166.95972032056716,-256.58180598070084,124.97789390344815,173.82157609970147,208.4079078486868,137.54240586203014,23.206414815079555
-101.19820931007789,100.33242790398062,-21.61016041549226,386.7201698187896,32.861040674256344,445.9543137695532,-116.59547668272853,-65.62477150343709,-97.96197326485577,15.235889425364928
184.12192137117208,330.07597357531523,103.28723039528722,101.88023162259628,-138.28306609134208,-38.96617379462822,-466.1771417988441,-46.24166206001667,71.97355896752208,15.315712207161072
-298.61419797719,-466.00824599884095,135.1726049765789,65.01659618460894,95.16649755760287,-108.78819497871058,211.2330740120941,-141.0908179971753,-81.60421764819893,11.487411341009116
-369.22116638434386,272.7374413883624,-485.629998870471,235.866896242326,-11.722749380809645,-14.03671403247472,214.95209380733394,-171.32933529939703,332.99666897735096,18.51376724202744
177.22480958466312,-418.53801475096543,-335.95943983390475,336.0291171929698,223.03235414516874,157.11849570017466,-201.3309386845499,264.88518082251164,274.043452625702,15.331968569731949
96.98558051738684,-148.83754502704014,-352.628763082428,447.0348441970066,-337.72113746087473,200.7543732327216,51.40017432303995,-71.34018616456854,273.0511162664493,11.897226812700335
87.05013214586431,-170.5629296202633,77.46962343610721,-275.4741084510065,336.15149552246146,-31.893549168213895,159.3717858572706,199.5561134963939,-81.6869966764379,14.73082590809389
116.21932106059475,344.224187740096,156.9542584775341,-44.908991720294125,-233.3987199639074,10.154869859419364,-332.06566531629073,100.16249252205364,143.68530438058588,10.999568782740203
130.14930915788477,-600.9263124808398,-273.77432144582,-47.129118556254866,96.5502200365896,3.2019268482026746,185.55874893236978,274.55594458771407,16.125550954993173,11.85523044422147
-479.7379328816753,-254.55253511806924,191.3469812922466,68.18531990524332,-240.12805422044582,286.57308733624507,-28.26751007463062,325.3461525973796,7.478153495040829,13.789438695023453
179.00294282145177,166.34392082003072,347.7816058547867,78.68478450766736,290.71106866663365,-154.7495043873492,-368.3546480498608,-180.99084307347516,145.68844893870278,9.9268547441564
7.933554725530399,558.8371140443703,439.488189234719,82.7776085153746,109.26163884320022,23.380820434856105,272.8506839661646,81.99698018300904,302.9331799655806,22.337637625205257
417.8282165037534,72.82406886439034,273.46602298527705,409.8283829032582,232.1699955876003,-141.36427979706406,154.14948604520157,-199.90316729654134,-210.21892697822352,7.85444077166706
71.40515962674944,638.0485376190987,405.5151926932607,69.80107705081275,-30.388846589196504,-211.69841579703694,86.22023700252254,84.04793487855989,121.31328138645517,20.540420367246405
-118.72511843394503,-169.55204864038026,-122.19694833753115,139.79545812914694,337.43805246032935,-274.37199855702,-134.1532380031573,-94.47912212565298,32.31236918600257,11.928766606808155
-24.56618371605083,-488.3478513881561,224.28903084172168,300.1123952185044,44.703848060676904,421.0566985298807,-311.1219222421106,-42.2920654702359,-57.61217612354062,10.493709744751724
-541.7513625597962,274.13174328326147,231.72358467365802,-9.953018427592383,-240.78478675366324,173.72233394008208,111.23978500201918,22.933695560823878,296.8089185473069,13.283412127127198
21.447733585836083,-101.85132213863517,-540.8150481731257,301.8150810256873,-35.36645489645255,287.7176590144087,-264.29118535963164,-169.17379068807216,194.59643460951838,4.208218164441801
-367.84357150795574,254.78021135593124,316.9888499172405,467.53466470438616,137.25908583190144,-234.0620134231263,16.135856506783966,-307.0788937816227,89.68313387360104,13.101962702795635
-203.3977299986211,-234.52538049507453,-60.38204034167296,29.8220926869202,62.13758189757763,-211.25091554288042,-185.28669084572556,362.25076698683927,-50.86396918502925,21.52386470846885
321.2778607780151,-108.28065932690865,285.3451528486397,-416.11348661734087,132.6008186623998,-260.8672464213875,-49.34061366204844,-183.91831713041648,-66.0738389993229,6.872087596930404
-173.57796744352063,348.2314741662533,-441.2146162216037,-220.9634369460241,-44.9025664011542,-136.65468964381063,175.01131919301127,-196.5123102103037,-180.51020016331807,12.644638306801856
218.89740284291804,501.30890135179607,243.72116686684376,41.15048930989258,294.37081352200516,286.1626378573876,-51.17344155207903,-253.0417134608304,50.02784595323749,15.541717448117474
181.22778114789946,344.9578120438681,-313.5758196544408,44.21032181893315,402.3813896016935,138.6022052814734,-207.70401652658023,87.58021894490616,212.87393656750476,15.97689241185656
-183.58481955631558,389.86853070507186,-133.80272035300536,236.68801604996293,285.32132312221063,57.305100499258174,120.3453178685894,44.500549314885234,-187.61540509095573,14.879179218120855
-68.81638434910428,291.9070616251743,236.35794426175858,410.73648334460427,-235.16173687731134,-430.85574012643235,349.23684292993397,189.84486558248986,3.44372398175733,23.31364725366523
-177.52373867274255,234.96602771244,78.71679794463688,-123.99152673893047,210.00285543736746,289.7774618954563,-294.0404446495649,-26.45129340548061,292.13954175592005,5.626044013035317
276.4486082759866,486.6469884205834,-378.08030667078737,-15.54798073481038,-134.3445898070167,-419.37345092857,24.33224528771308,-186.61391432245438,205.16210020036385,6.7752031292654875
226.2427831360427,275.1700356876118,-403.6533565105435,68.13117091185575,-171.03360720639668,-238.7608354094292,-203.06496565643596,-52.53585822086387,-84.87096474032302,16.142312653570826
-258.34754250733727,-124.14614898856371,-318.4288720389926,82.31853743481224,56.87444761957471,166.98972198315107,80.13760074688963,57.89123371224595,-158.8374373797668,21.30723140849757
459.00699020423406,-269.8272712431806,-227.31377671127544,-45.57471471701297,62.152480729351,-235.1043700526928,210.2801660337105,100.10159029264995,-169.45320635473394,17.333071534855087
135.51915596000418,33.938747009447155,230.88111011968613,-14.151559281818095,268.2973982181205,-262.43445345261927,15.977403179458804,27.481033155083708,-45.91130825388802,17.848440348413646
348.68202308871207,-166.47909867010773,602.5098097300036,-120.91929594262399,177.60843936962917,61.057403864735534,178.8294533445184,246.63360918286335,-206.28889415305986,22.858913345328133
-189.22193533502534,420.0349295407923,66.33367805700419,219.22527845316176,490.14454925681457,-97.9565418491872,-268.6157538792107,110.20536767249752,97.67613111189598,22.480244791831133
469.8580022560076,-55.17822856807078,563.3866463546359,78.85899694908483,9.37445958384626,156.41654660494123,84.60962891527714,-163.0270750494324,-140.46868755777223,11.216596975600703
-369.07460248521284,411.5987155911056,156.7611739789815,-87.62996535137859,-73.19479430329409,220.4491840630203,80.05130255612215,6.128687565376367,273.70976443915856,13.375819752741688
-115.93962532484105,458.8028408297846,-286.49619499441246,-11.446990520777376,-254.94834203327466,-17.825456556321456,229.644274119846,-241.2878021078909,-92.15772544689861,13.976181510098796
-100.66745852055615,448.9769375005575,454.0453612785867,-176.29076980059938,97.64118035972251,227.39142587200547,-158.9752397247912,87.83601719034095,-147.64974549008684,6.630007980886819
262.2842749750607,359.29332943561144,-177.424778923503,231.30774046948181,-367.925871243095,-195.5418139404395,164.29997812843936,-221.7285945487549,-74.43184175062464,14.504476045229506
298.39885732846255,-314.2155971747487,332.73695020897594,86.74921399713321,68.00725514359695,182.73729143349226,261.8277179094417,266.9240114746783,161.2137577091944,10.749480957029812
-205.831262713492,-66.66355795914646,117.98141146261605,-484.12441440422367,113.5486726116776,231.07942852723,-48.80422477495304,24.491114240085693,84.1312526084622,19.079632091111765
-501.7918742336909,43.566986770474045,-36.93178034520281,-142.1717662696475,-33.84787381749385,-370.1317025696719,-117.9925946737707,299.5018010128622,-118.38731155079466,13.61897500148127
254.09241387771903,84.46717463981426,-215.9435218881453,539.6803094467666,-209.88785398338433,-275.26272762701245,205.17552602105002,37.79850321399503,222.6433050011077,13.085522794918411
-147.00427147669177,331.70796030332247,-122.7741134831484,-119.99716074328649,-278.1757847773443,-283.60249135647354,24.88994072789484,-171.81559536434753,-156.91006761017525,6.014004597589243
-391.15194880815136,184.64188363327256,280.99270345321474,-8.400281389723432,-82.437296269751,-218.07137414814622,-111.88484106838604,274.5443206656222,143.50043966663077,15.570515256390124
410.99545281787096,-58.91839765646617,299.6749177021637,-5.159407699341955,204.94673864288657,-183.15155373560395,48.454201017782225,-207.21564185557656,60.10660399011397,11.669685547783356
-287.7692042796257,39.412371817187406,-235.785085389965,-13.92835010258841,294.3848267857868,139.04669916818955,280.82146171525807,-144.00616449301873,-173.51307517476954,16.113917195783603
-313.79997577084725,-150.26126662069103,306.66469028950155,319.761163459307,85.31047532389985,-253.96516872655548,209.49176575645987,-230.71621739218142,-20.54814002104365,17.859261942468144
457.62538479816044,-209.09372913323838,27.974807794261324,-425.7064132338589,-13.846713968515886,379.56157812950096,68.06983696069352,120.64352914682985,-59.71156101604714,14.507662569608584
-525.3779457406575,95.47145273383471,-82.28849621599895,65.30623285745367,-130.76693956207964,262.05563901109804,119.25230618607895,46.82923246792147,191.00147478726774,11.452701335383937
197.3752519888249,187.7246484185094,-338.06906973082937,132.12293170058683,279.41861586251207,-276.18735622954773,-253.58801082576977,-123.00948636250433,43.0702866001277,10.005864991978306
-249.97732613942097,-292.2874570247849,-223.8331218609681,-15.233710065470405,-96.45929917856728,-255.96608773467216,205.41109428784438,-376.8251962331866,-116.00764538444867,11.533268402764376
36.888542128792274,-354.47276976540047,87.4202014083047,133.37031046721768,-228.87975767708372,153.64327027104537,159.85947353530617,144.4024566162658,290.5029833903948,23.19227418825367
-209.14270467841143,-178.866121367504,-367.4889102478906,-39.26729130461899,40.57033082083359,-439.2446702913179,-170.69080094076213,19.641286689851967,-71.43086968146127,19.234759665707088
69.41122186854949,-393.9580008808334,-13.812757773535964,-250.77443058619986,-68.59207238050547,-121.08983490064082,182.594803811055,-231.77470880860065,-137.7253899081329,15.045652952403128
-21.567060775150978,562.1500005711449,87.00973462146538,-75.65165299611363,136.15778377117365,-266.2912751442086,-285.60934057410554,166.346931294962,-8.460423309944758,16.061623441793916
426.0968009332364,341.27977347953765,-20.28688237919482,244.69770873672996,-221.75094832706037,236.2604210207619,144.71385288604324,-71.06568593596609,88.4622395758339,13.669282032903826
260.1700657794753,-143.33418874586172,-82.75022825543567,-532.0623799810754,251.3235477876561,13.881664093816312,201.20248293963016,5.463947424769152,27.42965156779553,24.124557491875095
-665.1926118981756,39.5565421604888,128.50600759351255,7.774111926050182,46.93245223536559,-184.34077008399885,15.284886255603283,-18.16625120992252,40.3758208393499,21.927730486738287
-488.9229369117702,-345.3178328708211,-284.17508398009306,-364.12546164089144,280.83016718948204,62.55244455399907,-142.43275083598093,168.18190089009244,144.7328581173058,22.18024222437476
43.35902011323028,13.394403748444333,-100.80094453495735,-66.84188017862903,158.05149389913478,322.2845803931733,-25.777337016571238,-16.37152011908305,286.4778505752282,17.81701381390591
151.12973611967203,300.46941393602356,-0.16562808227524783,158.0040204660961,-151.87634408969677,-212.8356775609464,8.267632965836242,-266.35024815920985,248.85661204186067,7.027381996475494
246.2936887011672,64.49457256846355,-253.53024681205784,171.36646290466888,-309.9692897674049,222.4664873715583,-129.24709454658762,285.02597136508007,-160.40568348969413,23.43906615797471
-378.4142332640829,-137.68719048095056,-328.75212223719166,-116.77633600342415,325.01113686492533,14.273542748296336,142.21423219839858,153.64354167547992,-49.032259030623095,21.06687973894115
311.83419309455616,-579.4095455766173,-29.98561062391417,-50.49013201991784,-78.07166535111386,200.3777144993602,1.8863487603392741,-9.904265383006837,123.84769303468204,20.474040035402993
197.42514839238606,-230.44085132873406,147.01847796414114,-177.75401769357723,-263.986220950699,-156.85981798368783,286.4076967559237,-155.8993721411634,25.508207627474007,9.019650058072658
-11.617832762951636,-22.903174277595895,293.4971683154913,-110.03018655573112,96.15226337261328,-386.08239048219394,190.61279146851126,167.0501192060267,14.030231542412366,12.446879588799682
-225.75071464332788,-232.68002568965252,115.29149540480086,-223.4041747126189,-150.13693122374053,-264.7815064252655,3.71267035272092,218.00264416011325,56.78889836606061,14.577198000627584
-195.39425454222973,258.0071147079808,103.37325003742649,193.73260186995185,-48.012652262520106,-427.2311389086985,-167.1512083039212,-36.94049702598378,204.91476260991146,8.034888280965566
521.109081237013,-193.64676336683218,-12.06993140569665,-167.10781602206873,-457.4490345092414,245.68203981614295,-291.18448312150815,49.227955083089455,-195.13060611649644,7.157222167949337
-133.18276273649764,107.76530764939919,-270.5548115735616,252.49426410813953,-105.48498067942018,-319.51704974519134,165.83166245798117,138.1218002712687,-231.98881722823006,13.509485157515998
392.0673169972224,-225.15899287978354,191.58578824885706,-247.30638979079254,-346.7016252844908,126.3029531294161,13.301604177430079,311.9794856878716,-88.59253219926944,13.472010359518997
503.3509435073072,21.665061130175317,-186.28867087069722,-423.0042282813294,-251.2265349638232,116.31164034061419,339.3997652135267,68.09624653813012,-84.9662773455272,11.369040334277432
105.93705604334542,-411.2369735766863,-268.52591206274496,-137.0724497068237,264.3820041776163,-74.10107428997395,-235.04373367159366,-36.86745109987939,226.7596831742013,11.5467843071993
-83.45291241519436,-188.8661012805148,397.5816140261795,-242.53371527655315,148.65735737100138,-249.55751337491017,101.2201854090082,-241.10991937199114,-226.7956705258324,12.307348616875396
93.89815500030515,-150.37053223629258,247.68897498382626,-95.62638444060985,323.56559221615885,23.288712822958473,-224.77335421221773,-122.36342486988178,-182.11958696251065,16.06081910196674
-38.037869783003586,-631.8935969151353,195.65564285577068,298.5160110907825,98.21628875958558,-50.09229819419818,-152.2340757816452,-258.45333751480416,11.967367783500322,12.70973315366631
-181.4897334486691,-344.15094878965147,343.40782616018544,388.39259807624603,-135.83826922189988,-72.60223890309891,-148.65456418721598,452.93222078886697,-158.47872631286845,17.95146005121823
-1.580631228831436,161.22693841838904,496.84871467265543,-461.4842630220188,-289.59994418745487,-64.21343039285404,3.9674193308857184,410.15883500626876,-144.00205648743832,17.089489855375405
-211.05171278903336,16.75386402429436,-311.9264795152547,401.65762698536264,-76.79958871260669,218.27110091238023,24.36649163742902,-26.55446162768091,-325.0895281783899,10.40501676855988
-49.71365157315117,350.9294049921831,33.15202536216469,281.48583470205335,364.97284705738946,-162.5004362574757,12.660253505074252,22.023480318143697,-119.62077984945785,14.42726238719831
-660.8294773747917,198.54268706646508,192.55654019794122,205.61971311840375,-396.13298924402625,234.1064711762964,474.2893878502825,110.29860248518492,-55.12856238991685,16.173624287912673
-125.85481088577521,-566.2286150099675,341.98347861175,307.35162096105773,-348.93989531799195,-472.87042174469946,-302.36921637863907,-17.38996562601445,-0.8248937256852287,10.117528243982555
-550.1151922154704,132.5569056256414,57.952350289241224,156.53066334996697,-195.70775899879266,-201.37566934309172,-148.24195691395298,173.64101813955773,206.82976893288935,18.0425243883322
65.67115653903667,532.0075916842924,-275.0754191040696,-358.0622171328314,-185.54500138686933,50.55301972026189,159.4364409251728,-304.1225833400508,235.6965990365684,14.2477305822112
-138.44683996446864,-198.57372630910797,-533.4513666586164,176.14520488428275,-295.83445821636604,-27.02553988234081,164.22079073550515,-290.14761516784915,-173.76559302771233,8.555390572580189
91.63973734949295,-58.10637005226528,160.63250445946278,307.4332421466986,-308.0276039360091,70.47366816682597,90.4103305795735,-235.79237655466903,-201.17059552346313,10.25608120983896
499.83751324455193,37.527792948364876,-270.75618828952753,294.15485474855996,264.1723112896656,-294.0242787870325,-194.10264731572985,-58.08974154496166,46.4013820378982,16.875499908943723
40.861809991661495,56.152508929705455,-443.17862213669935,267.0370817591338,351.7646125793988,-20.66585543786664,74.5813253632665,264.1618026527707,-97.69769841444992,17.116934670312578
-170.12880805725806,-592.6194143725138,-391.46394210079154,-54.00200760215171,433.3190374970809,-111.51577262882051,-266.92106957557655,144.14118899378994,13.135739732884076,15.640731509024857
-23.899956659703832,37.38985883737659,-281.4244872576186,-495.9394775219222,30.733221148027837,184.27803690651274,-224.2902462224414,-132.8792591122567,8.340873814618249,13.547452149184256
148.00401394030672,-349.27194641123265,464.00538459204233,-48.13678300751053,120.54278068764023,-323.70800867983155,15.927508441027157,-56.66551973036992,-264.9479520451704,5.9686665916954755
-42.31574893330077,-612.8900123715596,296.2013962874403,300.45138313270513,-295.7152570640028,-50.213214399635945,-326.48008836384685,-109.17473252527063,-79.99479426130756,4.710585077957958
-299.06631634459393,140.82123062278654,343.15315234933166,78.56581851246949,-331.1867780026175,69.89981225148267,192.4912098242587,129.29855367249706,150.6481214489961,20.39450035876581
334.9464163105516,136.17069509690867,-177.69191304335888,-345.0029848010887,-30.11211300636289,223.90011040552213,140.67902486118925,114.80558180718972,123.22158000715103,17.32833983809387
575.4962037960969,345.27962746534877,-123.51549605378037,218.59416413195936,-119.33087250254755,110.76421454707884,-153.47268565334636,32.498237597159786,-63.51290737266305,13.043390472075505
111.84367054454633,-47.65094247289224,-196.64568537346992,582.3113619505712,-100.8920427109383,-116.47843237174743,-55.35013285131265,-0.5126126046519914,-412.3380953078022,6.190461763584524
-232.93538761014125,52.51400527670224,220.28515790161805,682.8786947845836,-431.30278381253436,53.52658737223351,71.47779644413987,-144.15038764228734,-3.4482674287655186,9.06463849372938
-580.1557303350927,-16.93847078293595,313.3392214991609,112.4498531500011,80.62192034929669,130.4904838505056,-285.6050913578657,131.9379760139137,126.18471586517705,14.10242926275275
411.67129438622305,20.23589124342429,-18.725871610525928,72.78719206204005,26.38110780535115,8.065126440704944,183.98299709034364,-129.5099280130667,-274.7116386245999,19.0973396751678
-393.11753874808096,199.1072316324835,-532.1790983241921,110.67343982950979,464.24901413692794,-111.73152743965841,-187.3787902886399,164.26456335269285,30.22168768776055,15.577184297894062
-197.63344717803753,282.6489590552861,377.4371638437533,429.18420037830106,333.90427548367734,17.397843647053833,121.31849231991583,191.01461704177058,-131.10898124293772,19.68501721974675
-237.1148410047172,593.4837243805086,-269.21816917775277,-29.399990551321935,136.2846704747537,-107.8016396286639,-100.09176017509992,150.33788831092485,-56.41665748129998,18.98631273303572
-77.42490941753425,77.67722297672447,-515.318882179721,373.61450178005794,208.22280516614447,11.702415686130166,308.810805650125,74.14535404826,-156.5002534773189,16.45112636887946
-156.1904970179092,352.0778423108361,-8.293323774750888,7.219137534005199,-178.59888047497748,-100.45290223443027,-54.92797338191977,-94.67945925491574,130.6150264642987,14.928272667497446
502.74230062557115,-245.54170069578268,171.0035853505205,-118.68913795734795,334.7192513561607,87.16030876229775,263.8238675391445,113.20490167999446,-199.93339017476353,13.340281982470918
647.4475154310901,-4.189459230663871,-203.62658227450945,57.18461368915666,260.98367679724913,200.26188613588442,116.2163499301983,17.132293496157857,102.2314003721234,16.18670339627357
449.59727460579313,54.65774701846248,-399.97494566153733,-52.633408300934434,-304.03584828682176,264.79633887573755,-158.88970850779555,-149.4483282962683,-237.22726520455734,13.762123734062389
215.19285432678666,-391.63737203339804,-371.1365824284019,8.308662694300779,-134.1345321688564,-286.71564371736997,-145.04127870850576,213.36199384810615,-64.43252022472967,13.504285278890066
-502.68703731796063,126.2508598823739,68.55981045749286,278.30954492905926,-450.0866731505281,64.6195716632285,67.09323626653236,-327.51264192718713,179.4123268531156,12.933763768818114
-776.2786446881943,26.243619230154508,147.49661184242206,-0.7533779850756446,-445.4981597947602,100.97502412661925,226.50611642587097,-335.0335715455619,-244.03989608200789,9.313658698854358
269.37162527398084,-233.09266416510738,-307.2429555836741,451.7472027761348,251.91005052574005,115.26509281701885,181.89096788707081,-331.3122056764171,76.71567981931537,14.604648757913292
-313.95066541172037,373.25882415249464,335.87459336124084,-98.47878290759093,-442.6761086090884,258.78462578311587,-163.95666394990582,34.281225276949144,17.24194780565267,18.670077114276825
103.41504837167264,-301.9440416751323,-399.9750709466331,-131.24820785530983,-105.50023087399728,-104.7565799487545,-165.1518513930735,-303.3975568211949,-11.194858090850289,16.848336795865883
-300.84132106446805,37.14478022157111,-111.44340431517392,299.3085249475364,-130.5018553212778,-321.2852846520788,22.35913173718393,-219.17128620589327,-65.52867240095026,10.14314611502838
357.9734434537768,-211.48992276387006,-375.7624935537225,57.176354776125095,-331.7869329081795,261.7858427830663,-84.71924238213992,196.534873419103,72.89047432039888,18.173718421096588
36.586990726714276,-258.52349926591637,307.1866778067887,225.96220594403758,35.64236578985245,-266.93108381737784,68.57317129470476,-28.226906834996836,70.6278624502479,7.388898480043563
10.173672678096949,-370.8225141116991,313.5853930674598,223.3872498591884,-281.29130577357614,-137.82578599813394,153.24315547349244,-271.16170170974397,171.17851665088892,7.385510751997941
425.40730617397753,-215.2969588833989,-306.0921052772097,-82.9042418544409,-57.002212680206924,-259.59964279998763,321.72604809470494,15.097884091653725,105.68763953441135,19.188173079203384
368.8441474455266,-286.68380344283526,135.46544092350655,-15.658863823386355,-120.33533239873852,-357.21985888811525,122.12502997830234,327.17487823906936,183.57156532109684,17.443191036503777
41.682217812277806,-142.8481707798997,-220.22605188511676,-465.15250149507153,80.9575681222507,-275.7670666092501,-37.43560721760005,-267.89822874668323,111.63988372334359,6.963891022048722
-116.84862801914306,-338.11209513156257,300.8502242265797,305.060993199,-308.77426870590983,339.706412612991,203.67293046533752,-112.56394849347578,-103.15606084462092,11.00817417799258
96.13017632141523,246.95418791493816,314.3896389035642,8.147864255924446,-56.96609242730655,180.78952327913112,178.10617153949255,-35.78559073681565,-132.8103543371035,20.87670989947059
-235.51143829005585,350.2063839776073,-336.9881620097676,-124.26932670716633,435.4511357239969,465.95123710288,230.92546834422575,8.056128511776485,-65.12004445599024,15.297592319099422
-234.25064707722035,68.74961287317127,-272.0573576740752,-411.7032145708625,49.583790026654356,-190.43592218282498,-115.663401894733,144.49975605025253,-2.9631745792557354,12.023409732574711
516.2231117276436,5.130950185589896,157.3282260593445,147.18005030496852,-61.955320851157396,-193.41348916463375,136.63225348407747,-246.13591708645384,-52.44861706142848,15.39959353659531
249.89685335161064,-237.2811433336266,275.8558696411684,185.8874803136996,276.72731929032307,208.82028551759913,187.6218818437638,143.97080090966062,-78.89047414256493,13.722775280035538
-627.0834490666131,352.48125529336727,88.55417505439567,338.8227781684243,38.18039962475723,-100.91383049040104,290.5760884456534,42.252817222351,30.202157092465313,22.715997102262037
23.601292850797243,168.0347249428889,-38.14906575479796,142.36909125238276,-48.45742222397217,-185.52928370964878,124.06093165956378,356.8437254543942,-40.729762554179956,22.42813577376413
-67.54078808482532,270.747396919354,57.90151352126492,-240.9958728706755,181.39358886905066,-73.83893111035121,-115.18769185847242,-32.07994122479262,142.5511526691148,15.745333762314202
69.30469292618857,-160.87364590945046,-380.3263218875252,586.2420932928089,-141.28572346101092,91.83554412846524,-121.25254287311742,260.06573819294545,225.88669166057434,18.54208621792265
-193.66972639503726,39.995751364373746,-196.4751118634004,-358.4845894619141,206.99531648689495,384.8849696900445,194.04998358108054,141.17501950958737,-108.29628897896225,24.88807380098621
-392.0407028881539,398.5448318942548,218.31362357767625,39.913763971427215,-197.54997266701963,-392.5002532935432,-285.98224592890864,153.8083044033025,-142.93326726570137,18.799138942926856
-85.86501436659614,-166.265263197206,205.55353800051807,593.1170682696043,188.5274643063378,-246.47731428799233,2.778527096553546,-58.02818608158479,-49.7338090838939,10.988216882173994
441.2129160655951,-142.33991488876197,-194.7322351939032,-286.64109337275954,122.77815000590371,-226.39682116579127,319.6360925822689,0.7250491508546517,-12.809380519294109,15.436869447030627
-101.43404025058322,-168.95388568001712,-422.7270346345817,-220.38527457442865,-171.8472011581784,-19.58843013925184,489.4876506870832,135.9352732739383,-189.17236528296223,16.30904267661168
-324.7907130507707,-65.43528352740802,-109.44242214534617,109.726794981387,-138.05523803317578,187.4240112101453,-200.6025484844788,126.64076933727475,-109.4665440532844,15.49192229053845
-496.9936191086583,-231.78514592428078,326.060631788783,-315.3412461811421,-148.104053294116,171.6609580048888,160.21277586148858,-49.167813358324636,-56.58622704003011,13.630925146347456
382.41443915254195,45.9049904006546,191.1192428341381,23.14902149210093,188.73686438521028,-217.1378543445902,123.30220409988499,21.74789547618498,-120.30032836896606,17.649495875779184
300.2264376856677,-274.6191455251792,-57.22231630568632,-363.0896283800006,7.836505814942768,-358.32065035458726,-220.37462479934484,44.31942572133484,50.59144181148747,14.94854448874338
329.8500732653978,-174.99931170596167,91.48115335751635,160.17638451573885,-204.05656127616624,108.74179785541651,-184.3995947225169,-209.34829210153538,-169.0000346854809,10.637921406549784
-12.306862062146067,-188.65886894025536,6.046411436680728,75.60949409418265,-263.5333426724359,259.02656878932817,282.28653722195446,-399.3031281715507,-192.17703747754763,8.420896219744254
42.2799373080513,-23.401096770775325,95.99581312570274,-60.40757218947931,-109.009350098622,157.89430001307016,159.0162678230497,353.7181029850192,-93.860872148554,18.332235272429592
-86.3608691641578,-276.269812213088,306.74669508628574,5.033580577814519,-357.9869087402319,-104.7995276242383,193.0526455101894,198.79964263686477,247.5157430345913,13.53364699154388
-288.25973038445284,-164.83237851741123,393.18493695470397,-334.5700915670743,-288.64476870101134,-117.64505151548974,137.54185499239168,224.5465089852771,-181.33727361239977,16.393874016029336
363.4073085328481,-197.1580581655899,368.39734698289294,-146.41696883010627,-208.5534487828147,122.68504001189638,-146.73989313729453,-313.28060164248154,48.53520501805019,5.398240204167055
55.831195021705334,21.59072218141418,120.99494249757714,283.9322511216981,126.37955649542377,515.0158750450648,-378.8379329431902,-115.81232628860037,28.057085771227207,19.429811448895567
-151.80387077684995,165.09374446439003,273.9991933888001,192.53236981749706,-51.29992323321744,109.17555339560579,166.20603861267062,-138.24390550096612,-128.5613995306569,14.554006207944322
-237.51284504379058,-157.4815009016112,275.73799662411454,-141.2285927360133,-90.83864080893014,-135.32420169612237,151.84128574561623,113.942183507751,-2.604648605120019,17.528514884843776
21.55780526032502,-8.736699726397575,226.88805098084106,-163.1982491100855,-260.26379821519544,76.08146100305191,-21.06928260751181,196.56100044563522,37.31660939830431,14.84267945888146
326.6716473017372,-51.85470744042911,64.96024182884793,-112.9574590638216,-278.912529256986,-221.88157718432132,-247.9839106228854,-187.4068856195145,16.82263013484078,11.208536245029062
437.4024367208358,129.6344308211737,257.8212166769928,237.2840372513988,230.08275691463294,138.88342376525054,72.26974949574009,-189.7292599461248,192.19617122646355,6.64145558113987
-390.796634239177,-279.17518319883345,339.1896679271706,-171.74579714263734,424.4269611880296,57.91916818569416,183.52016909586513,-200.18316267612462,-145.60502739718828,18.004613402626465
90.53460996892473,205.44350474811364,14.007552748749333,-82.02692932757498,265.1395209891265,229.47403792423256,33.04778779946548,222.73166342732665,248.20829891772883,19.115347558106908
398.9038186805178,137.92079646994753,-340.0781513099608,377.98758640612937,-331.595147141545,298.6756334058507,174.45718900675888,-259.886544750342,-69.15351785365363,9.288920842765602
143.9421728764595,576.1960876714504,-362.72957182322443,-196.22391289840357,-400.2513327652838,168.54708931491768,-58.944816350641304,-87.53723601377813,-170.24440854888434,13.497132749412598
-536.881785024571,-65.15843716312543,69.48320406736565,176.63881392969483,421.15593133181494,-53.98623024355766,197.53611654408877,-79.24041186164015,117.47948554001857,22.858550102896665
431.9980784347049,313.041883693204,442.49457837677244,437.77791134846075,243.14838821535008,108.08128755714995,69.3514366243619,-97.23235220505606,-116.41532671619751,9.828122791488385
214.25474041764994,137.35300473616687,30.475000160677837,-286.5674718449916,-481.2371641057839,184.29298035193005,-200.32055597528853,-73.0337589874544,-154.45451544940653,3.532093982525359
324.4834203579046,-375.73224795992235,582.3368559836287,28.127381509199836,-131.83280517064463,-242.52214259634496,92.49647592854518,-255.54663701507437,41.98161427381774,7.980998634684151
209.45242550776368,284.701916526896,193.92329614608383,-59.57216189848543,-388.75330069180416,-149.19012676575437,4.9370681918580885,40.197703897974264,-303.97155468632434,11.802633596982094
204.34327522019476,390.1519892522566,-71.95366049784548,-1.5251526623973177,1.1859372966261787,-372.54245730794645,-239.90008690981537,-160.49423908807248,-116.21296881079746,0.8889150989191075
-166.54061557241414,490.70922496225114,269.8052727192563,-116.18697787794724,178.819796471402,-89.03542252696144,-123.57968655649955,-260.3592768782439,-210.2352375526824,10.95132050801905
-339.1990223923809,276.42689688416306,-63.09057971376217,-52.84441454588705,-226.58622088515617,51.078042063633575,1.688866385546362,274.3323751598342,-8.078191518401923,12.174853186596302
-283.8827636876158,-399.81992971651925,-498.54421131614015,-224.89683604714014,-174.65315679579686,-588.1092370968322,-152.25892880460032,-194.52528756109044,58.66023042414429,10.219213375099224
-200.53391140267811,-38.834626434835656,-320.4658841878637,-560.1954586074442,-153.25087809850004,54.72362655841323,-152.84346874807918,256.39712563603837,-137.99250245915164,19.17726944519061
352.86923837391464,344.88471654499926,295.7156121896146,373.06997782485064,-269.4644430695496,298.40293312601307,223.5489110317314,230.97025652930935,139.58072025452304,20.203214332359423
594.3617329670764,112.19392790906059,-33.832161928234996,77.47946455917679,-193.78267188820797,-80.66777899308886,158.02496928952428,-181.17060506783693,-20.498465606320735,2.781243572330448
153.67339011681827,176.33320713151517,-205.59071589111812,70.00001798097526,169.44432645038907,62.14532451578418,90.13201228215598,-48.31284901539375,186.87326623834554,12.765571367309928
115.67326332226288,656.418820794918,-430.27569761742615,-151.99351434778464,-62.796880935591346,-263.47971598418326,-134.31589376082812,87.60224350453336,-152.5264737724441,16.483670430044732
473.8213995976523,-114.67984143759423,-11.174060046541172,-400.52254868097725,-78.60550787727186,212.67786291091534,-370.15901658771577,-89.34055904914771,192.00308706061105,14.585743712946758
11.63450047124131,-274.1631398847121,156.2806586460261,186.5934536986167,303.257565073436,-241.6639010518407,1.4159131314991669,-229.32281303187042,-96.54146028779445,9.863835237883482
58.8256103803496,-100.04543400570356,50.759977924526595,267.38415182949234,-248.32782870458647,145.22670377343366,-131.75677688407615,-41.541525756510865,73.87320335762581,10.800503968708153
-268.56764100028704,-46.45536624529183,-201.28180570447424,57.866447950094994,79.28798914504702,-198.99124077011152,164.58702840350662,-323.57569238964413,202.21322012927646,15.705465933478
-274.97431028573556,18.80883693727928,-281.25370537966444,402.00492268082394,30.938408823443723,424.3237878186626,16.72222948966305,51.92418222292628,158.46213666065194,24.40624572924263
136.3877012137814,-385.6483309686895,-323.2038909686957,-13.839341432864103,380.7289012087872,-380.64223767963404,238.04472269655736,-32.36997040688743,138.4877200300882,19.984381397304222
268.7995953310476,-205.48748806457874,-280.59161712649984,162.35139410706643,-127.38452984776409,-21.164176924716912,-231.22141453634006,-64.7592215315305,213.11131682257735,8.216133286102245
-76.07011280897234,447.0057850341425,106.7451136214026,-20.666940608563664,-80.29884879325368,-144.10370014840765,142.89509118952623,139.90240268924774,-276.12480592842354,21.849324882867567
-460.9278141088648,-32.76138690043547,-260.50434769293315,92.81946732857818,-97.56129732862323,-57.85286875455881,-185.67314016100568,8.225011483248572,-334.93044715152456,6.135107133063768
291.8139510352737,69.11204479874286,370.15566238229144,-125.57025307659148,144.34328811508303,192.2853298843279,-313.4399805686865,-142.49345048389432,-256.36927375954497,8.626011137274869
-119.90655810328866,-271.45860228333663,57.54281012290198,214.392259095667,294.58905777267626,49.087422872185925,-200.0701438413289,246.7768684186747,-124.09351876135935,12.877454324238649
-397.32719779943784,387.4501298225423,191.00655818984677,52.69257045112829,318.4971456747337,270.4705528514588,187.28257403610945,-88.39818090254205,190.0470191757728,15.75249177920645
-368.6911849129717,-207.84446523057207,201.68865626502463,-436.76086129588793,10.757838529293508,-56.71662133229927,76.18393094037106,251.0672949076031,324.2617046156654,13.684236256003787
325.1563916081173,-77.08104190048812,105.19167127622387,10.9584624475076,87.68451468093266,-145.60930486722822,119.99904718239094,87.6502737951794,266.9711414407018,13.79101312813394
-476.10276751505376,-127.81935053191006,-269.3074001522364,-37.92029921784081,-289.13627458335475,160.2277127216836,380.8938642942816,-166.33519785527787,7.336080269190234,8.760804511651001
3.209639647821831,18.527433123533868,-250.64000723798713,-223.44769166070853,74.1422662065815,333.76678266911915,195.74038703836192,27.507683256723595,130.75350168228226,23.165005428285156
41.153877168118825,208.25241608459905,-316.22953376665254,30.105866504984988,-220.2347623670869,-516.2048304144321,17.377261070624286,-188.32191384345293,31.52953892173241,19.472637027051206
-203.48389430922148,-420.78061164533017,-358.1386567195825,-158.3227731641291,111.88870547929915,218.7172681472765,-127.72458310098153,-125.33374106971063,63.50874309293863,18.33548853500435
504.015759658829,-84.56073060022206,-59.59793374876389,85.8077008305878,-81.67637041206416,-405.20503852871826,267.8065461805756,64.4924620210212,-20.765559206229568,18.725997849666253
-164.22261486742607,-45.72637775148351,261.43938194951534,445.2244858422205,-38.329380740091025,323.033796035401,260.44868415628724,14.441975516904265,-101.43291867360023,14.967296438474383
166.82484884499684,121.81522871361936,302.503456050295,31.693801031017642,143.1959571661915,-398.58634639997854,183.53015974080023,86.81108662520944,186.6933567660045,15.522683077038565
-220.56568517155895,155.63854076539636,-458.03176344089957,-130.88573339195932,405.3740526478979,-231.97457719959777,52.614084409102134,139.7349227320458,-210.16197806431762,19.06692134738865
-170.01414937969892,-27.10341282653104,-155.938547954469,301.44775130071844,-492.27607330070066,137.60309629783978,-2.1020473346603126,-122.2886746583956,118.55878121968396,19.324441656314765
-71.92992058636872,16.08219302182276,-13.598067448004656,131.40555149267993,-184.74297784733204,-306.206147014003,-202.98495256921268,9.830767524699787,-256.05220100929085,12.246251693535326
-313.1698554082408,-355.7484534152286,-73.0860331456368,83.52544471116107,-77.0205317210445,-238.1638410883216,-58.5653985010581,343.95690559107663,-154.7766859631276,15.849700077965316
371.3038179803557,201.98734743191977,122.41843822936715,292.35259897071865,-515.2999895929097,155.50380208640433,402.37862147240975,-38.34991492263485,-123.49246582584385,8.886494170071018
-499.6152760299408,-21.231328808472654,-342.7291167608282,-141.0904116416865,136.54773304199963,-61.95809895738,-175.5771079154232,-0.8184772688713764,-63.38763749274432,16.586770551879926
-62.83907557363497,542.3827508796791,63.29469940538621,-475.59075008870855,-238.36293967174834,107.51033398998038,-57.423661862706666,349.5261417678354,26.165450321288176,22.746020704927957
-376.4339037764154,227.56712518222378,204.55242423762456,-81.18997799534293,397.6194755570381,-122.2909228896865,136.8014016019477,45.58211669467781,-124.90410101086275,14.61087235649089
-87.60310886836683,140.18572254342064,-36.71563489857755,410.23831909782234,23.78517754528616,69.76118096680216,190.14813162158543,113.9241268553919,367.5058470422566,17.949293039735522
-221.927512718293,-343.63158072122224,339.16710269448106,326.617487671713,-203.64852867631396,-365.57586583164334,238.24132657721526,39.59153602003427,234.93714626269013,21.276931994554417
57.36907640566515,301.7505683060163,-65.96607569966929,-160.90257111086305,419.33662856713363,230.86607405477582,125.67058928169592,-192.58434855253992,213.78071628295618,24.700506027878816
-342.62372092422095,104.50838966863243,-517.5797803190093,-18.72869086869207,-326.07963741010104,83.73129038269462,-192.85935392065653,141.81044466570927,225.65050389951875,12.99737964128494
-12.275442313666971,227.30315692927817,169.02186662932826,255.41264513500164,-13.642330284162725,373.1361236016435,-96.06226752851407,293.20590720339123,-70.42639426127153,20.41952813736447
-409.9940740026925,-191.45094825117778,190.52990654421797,-147.40560978716678,-129.16621141904812,-92.51609773385672,-174.67183870080476,-41.624626120812934,-298.77008177278634,19.104990181343823
-156.50009503076566,24.202111770495904,310.26288195195343,420.8394214827938,228.38272823912305,-284.9348070896982,-1.3576464338849519,57.32835117783719,-54.72268304866452,18.725691090975378
-677.6833068259599,327.6886428496117,93.84150125185471,308.8551825843376,-188.4041308128048,405.61990153785973,-248.20842723789343,68.69959047599629,-25.406011227663214,12.642383276523264
211.81657057804387,-478.86637132313604,418.5146677483268,23.033594969828528,200.67069523184065,183.68066197266205,-189.37869867907492,165.67683065091578,109.81449411509391,17.680377967675216
-247.10038218690116,-65.78477161147828,238.6946760326889,68.38708843089603,-31.68506431587268,-192.76218964436634,-288.7726317602607,25.07687367788688,-132.66576508479824,11.272067341640296
-225.74831650731338,-126.98485380287664,-102.71441728997252,344.5110494546027,-236.79256355628166,360.0314606995188,-96.80359838599881,-29.508788038313394,92.89291068184605,13.880325258829162
41.344150266293354,192.17675897099554,-106.40594826156445,-376.18360669163985,41.475178887237604,61.59257518346635,-187.51898258675652,283.16971127884915,179.16937307267028,21.96143608338645
237.5415271160582,237.63002146613252,39.88461040027835,-233.74978395840583,79.41058182760565,-52.9294413461684,229.3920090357252,114.18826485360549,-105.32750793896889,12.358704964765234
-101.7167597640724,80.19260894650412,88.5921082656759,-441.9300218719957,417.5811444655145,-127.40675686826239,181.78550022883616,142.6080777977061,33.564804217106825,22.31575787811864
-2.607772927569684,-125.51923816089493,198.2385054169556,-501.2216362579466,198.85170057713466,-89.66767265186218,-83.31653180226698,147.58619241254343,-257.708889000475,9.04387126156761
318.8979552545036,433.21603943222885,547.1787324146932,131.37185156773796,12.390132382670714,-161.15299121623372,180.05320199202384,86.39121976123545,-185.89548500341022,12.282793678544389
-32.24394687746195,-777.934034054283,-35.84011225420653,188.34360095623038,-50.64031698901799,355.38426230547725,-292.0818148386867,-16.62793538778252,-72.60908365540263,9.544947731460235
610.9152266158638,52.455240262948294,-160.4652593893451,-151.0950405478319,-285.6345258685531,4.217590057462303,-37.13002199939072,-118.56274242327655,249.04528795014517,14.018107041542695
204.74152767254776,409.28836207245513,9.248043347043676,-299.7440132134535,599.0734878773733,-238.69441141567074,31.85820172059414,110.96594424171133,-81.01592888699889,19.984800974263255
369.71377277230476,112.07842412561891,483.51321983800995,-37.25810115679997,138.77527412597553,-88.94541555720531,180.83616498425778,-39.82889924173866,-214.04247774464636,13.142198850817072
-181.8373968861728,-537.9773069913318,-154.2846627400952,117.3097437217017,-9.640411557888982,273.48343516342027,23.007391162935562,-220.20723708285357,-115.1929066853317,7.184322110887971
435.80299801151966,26.95121667132122,556.5725508320367,-5.61496511179962,185.25313894211067,-77.63739357391569,-52.05746125133288,-12.435997432591975,-119.7642733551678,10.629950388966096
-446.12387552298696,-55.182576615683246,-346.70389170014255,56.67770273438248,207.98536751456137,-55.414164688159815,-274.66984106720014,121.73325513286846,171.61040222951203,16.51239385992692
-5.635021238334176,-345.9892953383619,104.91548572956282,-170.48444499243772,28.663515580661482,-351.62792049747816,363.32554890823116,107.90268956435796,-67.57843076214135,17.343023733226985
-199.29460522897145,-3.7150614005247036,345.8778373793649,253.48309478388978,415.045662108256,-194.3199890395731,177.0528259887107,109.17050421814335,212.66421364509029,23.65174909945632
388.94797091726025,121.33928384994732,-318.96429137170446,132.41160076380936,-211.17765525553332,-172.80257088589963,-133.9103919791595,188.17721057416782,-212.62386608611604,12.989646744652427
-377.36843301691044,155.99918887570166,117.23072037132488,-57.622163457382044,115.7575541813178,-196.75796938329927,9.461487405905757,73.82220677350226,315.33172986877594,11.005019381527196
-249.74364049280737,614.3841725536777,162.88655609459073,-85.75382133525488,-320.37160370689617,125.46517750257749,189.3250482517211,-266.6860524322635,-127.25606336226218,12.417709614653257
391.3477373050945,383.5755843074363,-167.7930737800041,-32.59112918967821,-147.2820702036366,291.3381312083221,-184.0515963504808,115.577011237394,305.3406430161036,14.581169029504538
265.09171232696053,-469.67095015930886,126.20212020641787,-2.4824396895893415,-238.75679675411186,104.87959856895873,151.2180955148292,118.5553930235572,121.11031314503919,11.100301017655129
437.34794217759907,-68.78535756161739,387.36220882754367,31.81657462443991,-271.6678126220189,-419.6912343073243,-154.14080338118868,121.1848470343289,-131.83140892880687,12.19447759303448
-108.28752564457122,-1.9389006013008157,-14.012230585739246,-88.59853425740152,-380.030535595032,245.00263112463597,-283.66545757919994,-150.96536166075919,11.844101192699668,4.092598783458358
-151.56997667573265,359.41091275982274,151.86886474392435,-124.68598801847372,-144.11871884058792,268.379542430917,61.78914059672252,-336.4371503941154,-105.25335966632309,10.617062425066994
383.0419568686816,-233.50969756019785,120.1810854797572,176.291236573187,361.7796358549173,24.67597901028762,233.6045703727114,180.91642026258987,61.08715001234589,11.33249553726161
109.64257925251754,-467.31236209090446,-168.61758266442564,169.00341100957462,-279.56962707321657,84.30055790391339,134.16676361279224,174.43918810600994,-84.93385681972569,7.329199479398294
-420.7493995531222,-118.59119256035473,-476.05718472862344,10.62461522209287,19.12779227902655,-55.48033769406567,-41.053858445393416,-211.0822700552929,163.1738176034694,8.017375138877915
17.0939433185808,493.1070907956049,-354.0514130452708,-387.00654583619206,109.51591527536408,256.03622216512383,-326.3294660479411,11.686972027888345,10.051835636087958,22.399252387719432
320.4974581918079,143.9546165367322,328.7706614096877,-171.39836400522222,64.67736552603759,-442.01799453242654,33.81274807502075,-438.1068420555529,99.69441225504409,6.326377582279349
398.5410566347456,-84.97668012011854,-402.9509754404381,74.88447823011961,-393.14082962254963,-32.20117105193174,-208.781991727313,-52.66741961728788,101.22841296055401,14.14866831528865
95.57982787358499,-196.76888386293658,-189.25027154489766,520.1256965063235,-240.53336093904943,119.97645448580568,8.195045932585458,-315.66818987271995,170.24579692220516,10.411292331912309
544.7486426559853,362.4794044025424,-168.8227360791592,-16.23938392574155,-81.08723307443645,-280.64882690438054,173.35877367948592,265.6540683355314,-66.3056945923554,19.132197583317694
-337.6807673441791,-369.36959310095506,-263.54872896205416,-9.260061648484111,-35.29394741937064,94.83081865976078,400.2402661055672,-236.7648066108271,-179.556506597706,16.41477252368094
113.97647315951438,2.766988099530991,-148.835731352127,-191.13816581175024,-86.399039047622,-522.9001595136044,106.2004892422184,-40.96823705373022,92.26110394629313,10.648613381769884
435.14948951618726,46.793635565021546,288.49623665717024,366.5220876928872,333.7416998832963,-81.83556250247176,-63.044598975585814,-206.08714068220803,56.06050723520582,18.751693141765365
75.64997049967896,430.98633378423676,53.260208230729745,-226.47298238700353,265.8583740516507,451.2324890616927,-89.79347949568108,156.29758065431335,-110.48508954715777,17.301862251510933
11.396734840387865,333.8123487968043,299.0250319313435,413.28778441450527,-165.72834360898398,-151.18269968472936,103.66404041240031,11.305685788167295,-298.5443292797422,20.962765747305717
-326.8751524206989,-139.89804212082157,-434.0907535910941,108.18467593777746,-183.31884319987333,-107.56442822651155,-67.3883795986439,-217.25384474005605,-123.15077561753367,16.08193309609718
-199.719561631919,-202.09944486546598,-354.1202321028397,-125.1232421391253,251.5666779609658,202.28282588508978,-218.68500097962985,-49.235076564950056,269.8780878937615,11.828364121943531
-206.83435127255458,60.17232064227066,210.09568242149498,-525.1397069422544,-113.10104870520593,-21.444597916801058,72.089141819242,18.046663748007447,-48.38566390206529,10.140316971705138
130.95453073032792,50.98710926486962,-62.14840642449241,-404.77096948458586,-0.5253166392877091,-356.345157706946,-186.24642271624117,150.7217601089687,-230.1149366680225,15.656303798243188
-106.65650586889458,-154.05379897182704,-10.737073678497893,-219.5135887844773,319.086869854248,265.9899639069022,230.42735041134296,-311.13182274435917,-34.56897968480206,6.13890836810047
6.448716807578705,21.729525262030677,-219.9434106883882,402.74574174717714,-72.92686802406249,323.6812543491533,-56.04546268397871,-7.706843486040341,160.58732086659245,22.206582034751097
-13.371835542561868,-373.031527875139,153.418851846935,557.7717238195594,-98.78800527938412,-370.8273571479361,151.1839182506182,-93.58198005741626,-54.55838908648326,19.037199073039343
674.7045438104168,-187.48737385367482,-239.46769523148237,-162.62426565812336,-32.15970052914638,-247.71489455605547,283.3243383558034,58.988829652054065,226.74428358465696,20.000319093242094
-34.561017700358505,474.71053630403674,-242.7203485347047,33.16838212097457,95.52211548199483,-239.33645170846654,266.67013386500145,47.50001764687613,-33.8374716970082,9.164726595074146
-143.86108091381075,-341.6361925311652,448.6074800516984,-63.94123797532336,266.3282608364801,200.74421212500363,-148.9345349216408,-25.3107984407519,122.57911564809979,8.032438031649118
117.19448668114475,376.2789500189027,-164.58602950334355,-112.84832776539292,-22.43149858609472,-239.34292669338942,-138.38460048407939,-51.32564823802953,96.3681931458085,9.63143755124555
38.688829696274695,527.0491604144174,339.9144135121901,-82.039429136477,-65.62207295998536,129.26274122144105,97.35836467213852,-143.75198839412144,163.93712625464082,10.871360200809242
207.05104667942635,-582.075896106551,-73.17512579370788,-22.260577001666775,281.7109040366288,345.4182820754777,-175.73085123805146,319.1727460653593,-161.6752055436662,21.779617812300433
288.26667701401675,299.6811027571118,-261.95747612218446,-253.38927732926868,330.50825309993263,-250.98640151092548,344.48783211307233,48.26900121167458,-168.09196214318234,14.556986812350871
246.70535056269858,270.0146417034774,421.1710854511333,545.384185980183,194.6665299614348,-98.69011964871015,91.79239236300884,114.17334162522658,301.7547348941114,14.712292690083006
-190.05260174084052,375.506991744003,51.86250026242578,262.1944742592507,84.2294887013941,272.12293822992456,-160.4910908840456,-96.20834092887789,100.15462623311873,12.330901675574683
34.17786302236859,-73.06684107663838,321.01934045557243,640.2726171872296,104.45147978040569,-127.31558451930249,-70.78700942073928,-303.6950068985832,213.1191158352683,9.432931341416191
97.45782297468425,-465.04978769714273,-57.096494326195455,405.45276302578895,256.54262700863217,262.56576408857063,-61.44995799234917,264.5083439535324,-161.1769555931633,15.66947972625702
547.722577478608,-279.8977871506304,-95.63715703654358,-457.1311205479052,-38.57654816006462,246.34224076758267,263.2296704606445,-270.7619280225375,-11.446688194106855,7.263053899722927
353.90857360476537,-148.27587194562258,510.8044151360682,-228.32606158939439,309.8974331321033,62.14848426321669,-266.01684501779056,156.1278155295712,254.52523232138378,15.75982119566805
-56.135913061898606,-132.8443789100851,-241.23763694799698,-126.59934128503846,115.42260071314482,329.19164850998106,-115.55569477260056,-28.970224898211566,-126.28513951606766,12.274692439766506
-329.4539440214978,176.41650307887826,463.35702645680306,-334.5128427183122,55.846773972909915,-244.3086564968121,36.96438894373978,168.22882717393244,121.06455354103593,21.953462417405305
161.54513154809482,391.78200677822815,395.3608806110974,158.28181777213877,-34.97442363062906,-382.23683970746663,-9.41718981723443,-228.22999760881464,76.95078194512939,15.250332121432384
-324.26009453707945,-40.08555777360374,126.45251190071366,-495.6485446810323,-112.60190575773018,21.619846477855845,75.29118048067528,-194.71149133509454,-18.238837811450935,17.905710023544486
217.44271614131918,-396.45962358827,65.08084892067859,82.18638232778756,240.27163373264725,381.7323646875724,324.0088619229928,-47.400013497515644,153.5050743860353,20.94495037766361
-19.312800209709934,-569.6770262585079,237.56625202595706,211.20774224054003,308.1004077716128,-9.686490560232755,-43.008926928792164,-1.438945143775065,-279.21396956737874,16.095401043947078
125.64717984209673,5.6309762395775635,257.9202188966391,-548.8013684213773,-191.207668743128,127.61905237265648,15.391952057288279,296.8287538033808,-153.05605003336808,26.384336002431738
-245.95771073578513,-443.5034504966701,82.91730003467495,-207.7124091870014,-265.7136664585975,233.12584380440887,-151.45278278786276,-154.20813206575443,29.989841892839536,7.582654650880495
94.99946143723601,-160.1032197066954,55.18107915039877,62.418281241731734,-145.6857548417942,-51.58614868819933,333.89044540290473,300.6853420905693,21.22800889313612,24.15849823196439
102.55390024374204,-430.6334905800046,-320.05919568105634,159.0839325372608,-427.08126483974286,153.32650397720124,-113.06124612316256,-30.00115667220458,116.93346077820672,11.097425899984806
425.3211566131639,-223.67461942110626,236.01091684929906,-360.22329033699475,-306.21422820106073,323.9587366701983,166.23430092363503,255.81270275607628,-157.99106309483489,16.088957495787003
317.5546973104357,-69.57331487776176,104.20978740681636,-309.7319024406188,-378.0440484343468,-82.67234889872566,25.825549676559717,45.36156157277314,-63.289177675575104,10.889317159658765
264.7318028089787,-89.67233596097549,334.1533666078345,-393.72368558891156,-191.47103287134496,307.9778863504564,-125.2300405618195,-57.75512066102246,-248.7312219458717,12.039457697247585
-145.4220959070534,19.815439329478863,194.7760529391402,-593.6661674461815,170.2155606384171,188.23440082783657,341.45778021225243,-116.9524083208832,267.2821781327169,21.21319450079722
-191.5575849512335,175.31185242568205,71.21373499117072,220.9940339161567,-89.12753744276482,175.58912073532326,-55.59857680331069,-247.9137395452752,271.45388974257344,3.5179794715734216
-324.73526808382246,-32.63952559551865,382.57786726202517,-101.99531446528829,182.21314551956735,18.567894377615858,-157.44294959032447,79.70766531704811,124.6617036137477,17.917290026432536
47.54122540018533,-373.15648473144404,141.35364532958408,-220.1297522503029,72.87976029597004,28.84290397355869,-222.5037807118846,-60.81875755796329,-203.70510323323197,13.240561623231304
-14.889769630530495,308.3742868760082,166.22906558670297,-551.5616549468739,-107.03140323787038,-472.6151870892196,78.92731116427598,24.78668205300582,156.08350344303358,15.722272990638086
-288.8946237013878,409.5149630660492,-28.788701671205104,123.07524895113943,-98.71849369530847,211.11557308880685,-155.44895572962906,-52.00281699472911,172.31935026798772,5.485073887986408
186.52202455978187,-185.30997026212285,98.31277793626822,-195.311433874851,375.33653347066297,173.978510263638,-65.88437063745033,124.64482033608968,-197.5706278335378,17.839646334095733
175.49153650898984,-229.30906600032822,-65.66961721567304,-36.70624112866494,224.2323036687542,196.40938225346633,-243.751361253279,-310.61697085099695,61.932257578805775,17.357786779116214
114.01798960170431,-238.58322926296742,480.62685940765846,-196.30649431852805,-165.90550829847598,-45.84618841402386,84.18770262751815,278.4522291850973,224.89123492584656,23.967691505344035
207.2871389041103,105.2412643270689,-36.08181436326544,-317.4109745145428,379.56042279175347,-149.05266989020902,119.11950181551248,-206.7130176395446,149.3526477360234,14.173892247581206
