PC_1,PC_2,PC_3,PC_4,PC_5,PC_6,PC_7,PC_8,PC_9,PC_10,PC_11,PC_12,PC_13,PC_14,PC_15,PC_16,target
2.3695936367066293,-1.4570153784081024,-1.6637005069489148,-1.0365300757734528,-0.3862333847636323,-0.7837043427346289,-0.6314900230210971,0.092721612983141,1.1908492577967085,0.296631949733666,-0.7956345946088167,0.4147614725836079,-0.7439164035662514,-0.5131860880767725,-0.160083462031916,0.8641897539424381,1.7394379065869272
0.6836416748089907,1.2375115515989197,0.7041179417117094,-2.3714332795168116,0.8542195276274872,1.297103161453226,-0.4268502078021774,-1.2923267190808752,-0.6691283750167671,-1.6398020877612254,-0.7929952964743169,0.8549327855257035,0.7254274172762366,-0.1255543711279586,0.0459918636136911,1.0963959584070455,-0.6429218927145093
-0.9983385160991598,2.041695186438111,2.108776845482174,0.6524794589967128,-0.601082360331148,-0.0763984529787647,-0.3705025586873685,-1.3268342671155835,-1.2456364299414615,-1.0270648514070866,-0.8086790836210707,-1.1213039696390068,0.1142354619198312,-0.1270059502311811,0.8566083041634377,-0.5559914730199994,-1.276699870513383
-1.1074870799419547,-0.2312636031132346,-0.6766529893279591,-1.5103692408170808,-0.5191843697380241,1.1557576066987991,0.002369930712005,-1.2232580984903592,-0.7365294463188725,0.6746720276244659,0.7470078457279823,-0.4602719607069801,0.3339710676310868,-1.2422067219116908,0.087655211419008,-1.3372005362863486,-1.7518767612581951
1.583527063798703,-1.6323984164019387,-0.5905602476847478,1.492772539593061,-1.0522927252451326,-0.4084400519676859,-1.59738864885451,-0.1820032122821012,0.4257547659352853,0.0945231255999765,-0.9157325165942034,0.3106705947558651,-0.9554191134430428,-0.3433893725354059,-1.628343521492048,1.6507659214964328,1.5411961041961502
0.2038986985503208,-2.619739739001576,0.3793197542777874,-1.8057316047495755,0.4946924144521127,0.2103241818000587,-0.8253419725093099,1.0151246269289296,1.1150400659352593,-0.0004341139741686,1.1113992107374016,-0.4545553894491736,-0.5622481054900176,1.1441833580138812,-0.5302808709573228,-0.2526652533125891,0.9199258705018648
0.6073203264864382,-0.499598863327616,0.7685078158950857,0.866499582532331,-1.6905956198367809,2.265516701257182,-1.4482139653134054,-0.8171816313476715,0.4340704571286826,-0.3911963648788312,-0.6642007110633162,-0.4437282187105599,-0.4270947968836786,-1.6062686388694447,-0.1587346311070309,-0.726184546867475,0.5973894250261436
1.4958219093753595,0.612029564565078,-0.0761684709857912,1.176645035890212,0.5477209991127207,0.2532238409056403,0.3655595585094865,-0.3581367161881512,-0.6154497907537718,0.2970452830381289,-2.014639550321718,-0.4069977040927277,-0.8413542470441014,0.0034620114995226,0.2098059910694754,-0.180786724028932,0.4378754717021038
-0.7080979054741775,0.4171531193070749,0.312292904775055,0.046921865166983,0.1101717599774217,1.7089472560568797,0.2506653348786009,1.31635024628213,-0.345174127971014,0.4372082463252284,0.5838100212375802,1.0641514870561612,0.3225281186731368,0.2549991651450493,0.8383350022400257,1.1265628113877668,0.1911790217457395
1.823997993433764,-1.1047123335515776,-0.0846391569742918,-1.4126316068079268,0.3730877166226324,0.0820447936301299,0.4370723720138343,1.3928272719718326,-0.3315282913659239,-1.5081465170081976,-0.385689562213179,-1.373786725369608,0.028909090512452,-0.2519403929221801,-2.764017759873028,0.04307123753374,-0.3441628688282806
-0.0508875330648121,-0.9702637392514778,0.6749191313484532,0.9197976317774536,0.878163465713302,0.7446914559394742,-2.2540211989314023,-0.8416164427059689,-2.039143421749538,-0.4563970224947319,-0.8081647795045104,2.720375235887026,-0.3529248892153898,-0.8971609173936507,-0.1315553030526625,1.4350289175212918,0.4142161412480205
0.8011195556239475,0.0905712209317456,-2.185862115186845,-0.9200972562287156,0.1781515306733262,-1.2446494827112928,-1.7530277082745498,-0.4821824719928442,0.0187971012179702,1.278765285606295,1.8567684931033988,-0.2900216327367749,0.6223573734665374,-0.2332592603282228,0.4501488391160961,0.70216346999847,1.2485194534759856
-1.1782241763765786,0.3788623721528857,-0.4570568797915466,1.3891569117391511,1.176721758483964,1.2397523344852146,-0.3410483351425918,0.1783509477639975,-0.9522000623680836,-0.2608535484079693,-2.218664955006543,-1.6188701065425035,1.1396282702505671,-0.1073266394125902,0.7039362834122969,0.118694402264932,0.5610051876463549
-1.8707073075463,0.3493608384403162,-0.8240250709170037,0.8201326808519576,0.2678947885033447,-0.062301739179403,-0.4305266772068978,1.0244939227507854,0.726223089053219,0.7893600872796988,-1.6067431236427347,0.8561238225441584,0.1106651701799646,-0.0336046747538713,0.3683590059600819,0.6435806604362869,-0.5765378378651069
2.027564775286246,-0.7238192228593887,0.7946213752586988,0.1724018299942484,2.0700345477797777,1.6942064444730511,0.1705794879408475,0.2954859852809449,-0.3671000876927957,0.7224272936955395,0.1958171225105775,0.2648357189282166,1.0502976269771465,0.383097137523266,-1.6911552525726168,-0.2698905728479737,0.1867839870739515
0.6181592972780522,-0.9990228620537372,-0.3552485569096812,-1.7734565826360098,-0.2395317899436992,1.0041978599681232,-1.9669820779214855,1.21692938509657,0.0044783222624156,0.5179859358913823,-0.0636424085631625,0.1361107228929148,-0.1145488435538153,0.3642612138758569,0.7842537314440218,1.0096845920615571,1.6723094840663026
-0.7482072501382332,0.033080667133402,1.2718413974511698,-0.3066295591612969,-1.143346656962568,2.030307216579702,-0.3503679667521514,-0.9211158782779734,-0.1112089414143275,0.4516442465503542,-0.4064318925151031,1.8814491237575417,0.7971897911926649,-0.5299626986025172,1.8494060078997037,-0.9670153688061516,0.7074743178463975
1.2668032395850914,1.1049751286321414,-1.389464548016998,-0.3335354982044463,-0.6103217278053729,1.587703144229722,-0.2238730641405122,-1.2805499088617611,-0.5922212584548312,-0.4672909423657614,-1.0673024623298135,-0.7624968511984118,0.2470193763450526,1.5515298408503748,0.6088900096998093,1.2548923828514782,0.7907429408769969
1.469337232246413,-1.28306667027183,1.000099423475665,0.8515605128420701,1.658393175438097,1.1789045768944504,0.4948073040126555,0.9717748577884912,0.218019867541901,2.0978837698559225,-0.8007534444307582,-0.2653074339129577,-0.1745755084596306,-0.7627513083427347,0.2729565894173202,1.1495419493018428,1.5378154161728896
-0.6883877816667137,-0.7778526552522699,1.53983125073264,-0.7724691190988056,2.095379720296979,-0.5243394732310886,0.722305033071709,-0.7448165213335469,0.2215506409663019,0.1066716516111695,1.4555822025403733,0.2015789585201451,-0.8375893576478579,-0.4126454957596872,0.0452962268336194,-0.8362468884394338,-1.1013860407932794
0.5446715882500289,-0.0988522365251392,-0.9886974602859132,0.7476259107427473,2.0515954342742826,0.3190114972515944,-0.0627293529434445,-1.307114429315826,0.6660595358625091,2.385199364916084,-0.5881779997893782,-1.185714852639354,-0.4908633456296293,-1.0691341418804776,-0.2781283927461455,2.3390567448771615,0.2258153983066705
1.468708531078942,-0.5317366841843969,-0.0258239967020645,-0.3753729375573946,-2.2721151795799894,-1.0360987970209308,0.361535797628159,0.3515144749825376,0.3796239895472649,-2.032459185372709,0.7886887657528603,-0.6305814340830822,0.8545153806131144,-0.0223745664915276,0.1090514318629466,0.1009147099374331,-0.2733940996617999
-0.3291950738353991,-0.686814892056751,3.731901334312586,0.0902554807716201,-0.6079346914250219,0.4241111675370694,-1.0741520280011383,0.1766298312592168,-0.7873464897222069,1.969805434238556,-0.3705372622253692,-0.3902769475958992,0.1678384982410136,-0.6801836538098067,-0.3748676036990422,-0.6585683931558763,0.269342010086241
-1.339736475013329,-1.204904773130444,-0.6603374082235866,-0.0661646960020702,0.2589099722738895,-1.4154845526957684,0.8691437047310686,-0.9517927094566004,-0.596631894325528,-2.093267428304501,-0.0374671891675362,-1.8283728116386515,0.5318648737741567,-0.0009348785737251,0.2124173608567295,0.5374143712588338,-1.3298207065873402
-1.3113387705193618,-0.7452985902985214,0.5135803694508037,-0.4057382860345813,-0.8790755204272092,0.7607864494456626,0.3890227511266425,1.897005007738585,-1.190858340050457,0.7259961219708662,-1.1951930931121233,0.2794752687525846,-0.2738498180081801,-0.3049605695670927,0.5171680514055468,0.1170458567682656,1.468780263856908
0.9583010587458,-0.822072502950859,0.5810239090049698,-0.6950083175649929,1.4448086451699045,-0.7010501285534176,-0.0290916668966265,3.224097142963807,-0.1737948638902373,0.0627685990359038,-0.1435959277604563,-0.0028080504553071,-0.0801584845041816,-0.5894430890263058,-1.0955533134404694,1.21949889789558,-0.3370988533488474
0.5287626615650038,1.0133256910387136,0.8088617916989737,-1.1700507998090364,0.4201747082321452,-0.364475845178145,-1.530526223073183,0.8180399268534371,-0.1495379968180019,-0.9625743520407491,-0.2985083158338256,0.9579842067330292,0.8026275708371253,-2.091954485127159,-0.8681110607093171,-0.9919284096295532,-0.8528866088581474
1.4708374563337026,-0.8682818193660836,0.7531869139271328,1.6248134353893111,0.4146807504652528,-1.661189470974877,-1.0204434069813768,0.8706874153666243,-0.1087040731258711,0.5531408721094977,1.036086126819645,0.2487462030376131,-1.563860882804018,-0.190848592036591,-0.7054165267032575,-0.2095172673943745,-0.7415885041615876
2.295482252031836,1.2695284590779483,-0.5561683134480409,1.523675027035417,1.066626962095544,-0.2577066660648536,-2.1408007533926923,-1.0832415311128245,-1.538658328322758,-0.8439328902321732,1.2135105567265547,-0.5584827796348966,-0.0333670731580078,0.0599526850268888,-0.1071381297596881,-1.0786442466466573,0.0761716528971951
-0.8200028135545707,1.9074210359016064,2.1304609921436564,-0.8642971277364995,-0.1341576628631693,-1.0065771995408734,-3.0785381463445285,-0.3316197907383856,0.3887150356779607,-1.0588593503426025,-0.1434684047491039,-0.3642870831054933,-0.175597585369035,-0.2811330026458263,-0.1127255755964865,2.084309576874788,-1.3141723349716117
0.537009687521623,0.472055118753142,-0.5671140313278705,-0.0330886273859838,0.4735108627226922,-0.1103039485491598,1.3832548449836608,-1.1118355984320811,-0.9450137246405876,0.938633067849898,-0.7783334878767336,1.6700566245215722,-0.7252985096999498,-1.3738118269860538,1.771210219199923,0.741099613834337,1.2419216057481657
-0.4063030119408601,1.0074256974818343,0.999776664259016,0.3979913425426096,0.1767422841201709,-1.5776865643749856,-0.8015087030097612,0.2481159959300945,0.4107210818733741,0.9296755047655656,1.518725946263952,-0.8058164667611056,-0.5717103562346386,2.2384002045438223,0.9302814763386236,1.6949197209915932,0.7106454976994885
-0.2781447768169167,0.2291101569443748,1.0545346180881885,0.147831161643414,-1.9552087295492808,0.2467540981205503,-1.1602572267988704,0.5868522190071237,0.9651578735568196,-0.0648628363885499,0.7476887139763887,0.5237128190097887,-0.0694773149572135,-0.0013506201868011,-0.996322593938084,-0.7829005177975438,0.4300265714721548
0.6752068408760609,-1.11884848878249,1.26911598664679,0.7202007304279233,-0.3021800836768846,-1.244185707772573,-1.287871730549655,-0.7126858200583537,-0.77307076978821,0.1990159586986736,0.0333639394667176,-0.3892599181739478,1.3871196745197607,2.157462109003747,-0.507786842404414,-1.1292579375361849,-0.3580347017502562
1.1632418532468194,-2.50888980539718,-0.1864011234999529,-0.4052264121488346,-0.0841586455506458,-0.9554088917988346,0.2018884009521048,-0.8034754802495406,1.279079146521083,0.2359261330726777,0.1543196073938865,-1.9258755507814471,0.0596567975143171,-1.1807957083073468,0.9941329648154212,-1.0204577744343195,0.8371965556485994
1.2701061737200312,-1.2672707888360115,-0.0317372366556037,-0.1974827322507935,-2.2509500231481905,-0.2900930935289598,-0.3538529906091792,-0.6757430921950179,-0.0236141973340376,-1.5768005020091262,1.6862288666872565,-0.362395622504684,-0.2248051213339373,-1.664882037647849,0.8857500483110424,0.2348166277069983,2.084117931459755
0.7879546257150453,-0.0510906812163408,0.5769216775704464,-0.112547674373915,1.9091038161138272,-1.305478640786493,-1.3780484273277378,0.936194370367872,-0.0739482798385081,-1.1659652014515571,0.7855966854945441,-0.063402160124254,0.3644755373674767,-0.7930877608152228,0.2877459432189418,-1.098599798516484,0.3363531484883453
1.5232044376605909,1.9183796195601963,1.3663888649735565,-0.4153918998402238,-1.038924969911558,0.1498132523122167,0.2794736942246703,-0.8882407706596417,0.6980658085661927,-0.4823687569716157,-1.237163181242222,-0.3416317485191443,-1.656295970155921,-0.902644238691613,-0.7145680723099962,0.1457336306726636,-1.0136569701781206
-0.1214958349587496,-2.7843668126940577,0.890362111515667,1.2785863876696966,-0.3325740290930704,1.924867761677056,-0.1732387863297345,-0.951550439937314,-0.1161019056891968,-0.0093222359664125,0.7162847833159945,-0.152341992300751,-0.174011407943838,0.7328030735549843,-0.3271600776102329,-0.0381089636359768,1.09822139648414
-1.574620690163681,-0.2424067070870205,0.3260359405462559,-0.4310258511632052,0.867534669232395,0.5601383083570544,-1.9132646182395336,0.196701106002182,-0.4702720661190431,-1.226741226001595,-0.2760774208158847,0.5312326971076465,-0.1564343059865653,0.0764209031380661,1.0700478505040618,-1.3960112990172622,-0.7413840856951491
1.07948441199325,0.9435635968610808,2.491134937630064,1.0476823122539822,0.3604234751195702,0.6990289293925864,2.2661278334624435,0.2488683537164486,-0.6228686035786715,-0.0260446583556133,-0.1666514735410421,-1.0855871847465437,-0.009889472684112,-0.8833722907184689,-0.7079883968815119,0.5195061712297999,-0.8091387359116764
2.4786056123193085,-0.3586963328121657,1.200834224094498,0.8698817310887446,1.101850280738481,0.2786373921580557,0.5661489135281507,0.3202491561610976,-1.5826920260984847,1.3006294294421694,-1.457763141468697,0.4440353386341023,-0.7075488239968655,0.7354278560618263,-1.9048601729661685,-0.4612811647875389,0.8721545409146312
-0.8574235052904718,-0.6572067028002891,-0.7117475337206953,0.2997841659487389,1.0614257661343356,-1.55920581129905,2.45721761330464,1.6804717685509525,-2.428153491238101,-1.1230275012531157,-0.2539275374995876,-0.401405593482541,-1.050773250935264,-1.4097456050010728,-0.5887549477685589,0.41640573954067,-0.8071815086362131
0.143157942083674,-0.1587813654861174,0.8755850404596744,-1.1996337973356512,0.2736489263130299,-0.8564880092571007,-0.2740325304970818,-1.5310071425721108,-2.614289994087195,1.4990500455425864,0.2354434994384795,-0.7068704932486414,1.521303753943512,-1.3090179281848926,-0.5110805301329174,-1.272166083251301,-1.4012331565034646
-0.19029669703814,1.612516508626983,1.336786266255132,-0.5341557475339417,-0.4023947968542051,0.5111513375919351,0.9627725071051896,-0.6691256959109657,-0.5750774975813682,0.4555859232617479,-1.1123155278072026,-1.4518629232946405,0.1842257105436368,-0.9286403665910744,-0.4350962413780995,-0.925797163901177,-2.126204087949511
2.1418137874940117,-0.841306801062973,-2.0005071264181775,0.8362982101263591,-0.7127798609901793,0.2642070917728658,-1.910657439414588,-0.9021682624552896,-0.562953645119248,1.221702498251935,0.3874188185591098,-0.7226814287218591,1.5157822395428089,0.7504108361375266,0.9089237742752844,1.4855685544330972,1.124315881785059
-0.4990093559135658,-0.2044892115280164,0.4734383561584661,0.1053287107209443,0.6145625607125761,0.1218113501886755,0.0732363789363938,-0.3857291764276463,-0.2825218300292375,-0.019198022952041,0.3016726796584234,-0.9865700840737228,0.3633955047778052,-0.7811731999174981,1.9133344388026776,0.7331148946565724,0.3995348045072146
0.9433873084425736,-1.4935569580625911,2.0864492185767447,-0.169121636508912,-1.2002608716108645,-1.7964656687834166,-0.4171887032046439,0.0325464767108443,0.0466861068981653,0.0129363703197027,0.4240807303890453,-0.6572450974546192,1.2906519260144147,0.9189649721976392,0.5338102909477853,-0.7880864621768178,-0.7593295296825976
0.0202758049095015,-0.6187181532926014,-1.296607733100374,-0.9328138045107351,-2.0011016104934187,-1.4614609534522256,-1.9992068595637704,0.6322884711650139,0.7105966368161759,0.9012315629677295,0.6751866763929711,1.1162177067854762,-1.249607492848349,1.0184536401064082,0.1731552044219466,0.9099473207201622,1.6307827194767357
0.5038649142069294,0.5492913965700738,-0.6105323416930896,-0.3810628651267357,1.7607275255171793,-1.5335355451717494,1.0626447123444815,-1.7861240462640668,0.4870580232840901,1.669856225242265,0.8305839070755601,0.1949471862398526,-1.019170237970468,0.1777176608676606,0.5663329631595962,-0.0923936779020529,0.384130721166297
0.3792967171838741,-0.5458346639895165,-0.4476019751651451,-0.9875394079744414,-0.8265045958047489,-2.1493393247930332,-1.0750360452690146,-0.3674637773819015,-0.2596326423597118,-0.0188907817376553,0.0713891466649665,0.9072718150760136,-1.09459401242354,-0.7366019713257216,-0.6484850363801863,-0.2959099946934228,0.1965784704448774
0.2299334707299739,-0.1544197919767768,-1.932244133921542,0.8147997187624466,0.710222171737977,1.343337567561268,0.1699805539382838,-0.727649485195914,0.3463336250538174,-1.487682178911777,-0.0201693920229575,-0.7409115812718934,0.0605599243743551,-0.6655801999769578,-0.7274785098697828,-0.2718911174493838,-0.5683421787403617
-0.6248241115918122,0.2019656915595954,2.346796829694818,-0.4057841102063696,-0.3075274215994763,1.3605838151809502,-0.7355971459306128,1.5609174834036943,-1.8922991454277251,-0.5273364966635259,1.6418250336080005,-0.7622474263148556,1.223665888448242,0.379379918136338,0.54046742818166,0.2323422879137421,-0.6239504724171885
0.0659176832935867,1.39973722492924,-0.2742268615416884,0.51251107908369,1.3945590432075043,0.6455900272652478,-1.0925638816670318,-0.734444618595744,0.771039413983803,0.0078568719459323,1.236251917079313,0.7901031877196382,0.0793215352681739,-0.6744067632145002,1.0017124815788725,0.590734558491052,0.191886164374627
-0.106012989968369,-0.0349493120798511,1.0735032400068505,-0.429549808606513,-1.7005074196575054,-0.18644991998254,-0.3280836913968414,0.7237882897072985,1.6337789057594982,-0.4665980705417388,0.6028180025660218,-1.7479943409890393,1.4020026648438793,-0.1605999256125179,-0.5669079027978563,-0.1066684238617277,-0.5964585034576991
1.6421430632077816,-2.04193382218459,0.0778368070947566,1.7725704107918163,-0.9475287739217392,0.0919942550719427,-1.5373500395803217,-0.0950374512364853,0.7698195586714603,0.4899162146725516,-0.1631354473153834,-0.3403573895900051,2.2013738554543516,-1.4320988011736713,-1.5548629224542412,0.4184086371120186,1.7564778087953263
-1.6563926660611057,1.2716580459356537,-0.2715614430225119,-0.1479152675710478,1.2074838375067367,-0.465925094984344,0.5376813031249108,0.3056564754022269,0.3116118724232372,-0.9962680068037092,-0.1620137702645426,-0.8249357885121938,-0.8192774169066829,1.1167907668802128,-0.2078091482750712,-1.8269022737405385,-1.6699300493363594
-0.6910006971694481,-2.0892788191856493,0.2200778323797792,1.331472049991874,2.752349177207889,-1.7056022416517918,0.628065234372785,1.7438058086846202,0.0455966540363871,0.0254474631932031,-0.4823164595442586,0.3558914983804651,-0.517872366239668,0.514328578778461,-0.8368382463438265,0.1313165097518711,-0.4619758734072205
1.6790409306013376,0.6455092099528171,0.7557136149828813,1.236532389453684,0.0900518269608221,2.3094012078284187,1.0433800845119618,2.850982034634094,-1.5507458195534285,-0.1853070511352099,-0.5367721610769639,-0.9407341588763452,-0.7501049204334254,1.0047525785363185,-0.9910396528055324,0.513359571062125,1.3413550874549192
-0.4804935143379759,0.2250633030947151,0.8319110086677578,2.2308259684675313,1.0426361280609016,-0.1735910595473032,-0.8055268325683896,-0.6614621242453433,-0.3777657383919212,-1.7127038976920594,-0.3448756263046546,0.4667273114534703,0.1468724424334485,-1.044119096838445,-0.1667798510440557,0.6210534151287442,-0.3535485058223674
-1.348820480192001,0.7467076808807296,0.182720503921143,1.331904018026779,-0.1020558559858129,0.174236235167065,1.5615388226153353,1.7067819161669926,0.5151932935944784,1.6755785768069416,2.04445023038181,1.2192749001863306,-0.7607206113035517,0.8050586128187771,-1.0477295972505016,-0.7881277035566355,-0.4743054806192343
0.4868056797100967,1.2922135197144824,-0.2577287224298715,-0.3192099471410553,-1.9221136044636309,0.2479561855269757,0.1032379049805309,0.5914647467026023,1.1191337577239493,-0.4667227477813765,1.6038872736340268,-0.4854787267809987,0.0171542124614804,0.7655022185596252,0.0585654953839024,-0.3387284498537288,-0.9094778296111796
1.4302613885215598,-1.4903030815168834,-0.721622028494355,-0.3834384411651874,0.7642365364536423,2.221507881548049,0.7369523446937386,0.8518306016562297,0.06155237024055,-1.073770926562649,-0.8917527340389073,-0.6765404107189328,-1.335772710298634,1.5445525706337309,0.0814069525363761,0.6303846641836595,1.6899861746777194
0.2254477654609451,0.040030048040954,0.7608997651548807,1.8173423462851288,0.1161774543039696,0.3896051144609416,0.7493623584495586,1.1556754583791888,0.3783431779408228,2.270003850308969,0.1406274891759111,1.831533492187806,-2.5424132911010395,-0.5868170389094922,-0.491316079344141,0.1740512344365302,0.774225338501294
1.561529984920686,0.1323673968630589,-0.3794065173221935,-1.896931830885271,0.0871911597137534,-0.6176219096356068,1.5057678869931328,0.2910522887532567,0.5343114996936724,0.0751026451655592,0.8956815916041602,0.4867881448656076,1.7850404731421237,0.647534776325032,0.2511677894445665,0.0116175512538133,0.3387835211638239
1.3140545294877015,-0.7832392837258776,-0.8361751315275434,0.945415904588244,0.6503640345125539,-2.4870238095744157,0.5229891594875157,-0.4917644009931593,-1.2741954856903344,-1.0273493570360646,-1.887240699314215,0.6212788410436532,1.3072670917448337,1.4043771254763648,0.1440606534835361,-0.9971909039521696,-1.145372399386202
1.2666182081135702,-2.353862857958018,0.6190382155255727,-0.5216874476303318,-0.4024262568449364,-1.7251619216637697,-0.1616713451874485,-0.8275398568569824,0.5517491712835738,1.734464375824117,-1.2654482659833497,0.4021078493223795,-0.4145662187770758,0.6433899454147796,-0.6114271082207104,-0.1721024148081946,0.8103212397762323
-0.0454497142346051,1.3816164764443284,0.5781136116117336,0.0460392130203802,-0.0597129919011563,-0.6907955756617288,-0.6655356684610095,-1.0491852149078211,1.544132667662174,1.1821393946047531,1.0969242031958846,-0.6712339844209729,0.035334872853122,-0.0460313863353914,-0.0238836716358731,0.4721211130731207,0.0038761391226267
-0.3102902552496122,-0.3645512053230745,0.2089370298133052,1.5212403700394834,1.100706290964564,0.519957706685875,-1.083886961455038,1.1850409036710772,-0.4483878537957962,-1.574383124907351,2.467637691053447,-0.0571056638967949,1.190780531740374,-1.07791935711115,0.2631655517109993,-0.5580771386439304,-0.0507001950934492
2.4430152164025083,0.7032348298815718,-1.8600319943451635,-0.0090246853364129,0.3143014575487188,-0.3932145707457063,0.6254175721817354,0.9373879318949182,-0.2093908617788996,0.7935015853882939,0.7596512812592641,-0.9247610678198668,-1.1143155732290495,-1.1005148846288917,0.0384463965132715,-0.2123054218606978,-0.7880606421318604
-0.1032415164542591,2.332341931730449,1.1489393874765736,1.247205550255953,-0.8351552066749308,-1.660758018891483,-0.0019339875551079,1.295633309525623,-0.1104500110779877,-0.789291948113942,-0.0361373193500673,-0.0576839920532141,0.4989940018354858,-2.11778916675869,-0.2256018443380153,1.570796944688576,-0.9675282432785764
1.270093290970577,-0.023341045008051,0.9125468173964272,1.7309642143995998,0.8833896247308499,1.4955332472546168,-0.8155653916403349,0.9579665101646532,0.7262969120311727,0.0639753432007609,0.8228571920155818,0.0817696388758262,0.2246693367675311,0.4616635673168288,2.602626467575164,-1.2421572037754258,1.1145813399321118
0.0603724764708877,1.2849291657172104,-2.37061813911544,0.9952420335397116,-0.2974024735892241,0.2441560518361485,0.073462692205757,1.6413479762289906,1.2447234050705989,0.1047252526843234,-0.5989540864283747,0.6008826588455981,-1.9257724545501709,-0.4821715631585099,0.1897417476438548,-0.6125986300469832,1.6490967806444985
-1.5230573546742476,0.0553551749987862,-0.3266791965975334,-0.4681235655890574,-1.3349589112253597,1.010381797059121,0.7086282908305076,0.221789286203998,0.8556124909946524,-1.1636564452937157,0.1504369892821874,1.9261667300456096,1.134734578782313,-0.5415499630350767,0.0507522249169694,0.8815319948661678,-0.2800968355545445
1.0066971405988154,-0.9555854783277812,-1.9287656784432488,0.526865939137877,-0.2982448826192148,1.328599031144512,-2.48612573626528,-0.5648244403309528,0.5852291704174555,0.6830486789036685,-0.229126216487801,-2.13525417889959,0.1886729603554056,0.1706854852464691,-0.1228072902770707,-0.2019525311987722,1.3971790525907344
-0.4924038258795276,0.732884006154708,-0.7241336741522334,1.3250779978742744,-1.1180771902521882,-3.052837608913785,-0.2723789792085057,0.7142596945165017,0.0498955733920308,0.2326935587070452,2.040364914915207,1.177130973973035,-0.1201393042198297,1.390348349106745,-0.5567639201114246,-0.1666724591861134,-0.860921137058618
0.7828461530444323,-0.8922637064752413,-0.3470835615076584,-0.2865039197783348,-0.4844044453622275,-0.6059290356124628,0.5835262026063591,2.5130734668431316,0.424712152872927,-0.2643701364466204,1.080537948862859,0.8833659699527506,0.4737277662054358,-0.8522851394013703,-0.4142807353986854,-0.7579339908137814,1.1401783411089692
-0.7042545957755237,-1.4253096814422097,1.410937397284114,2.2581608573037784,-0.4725894408182938,-0.8621868182058942,0.5947828543843643,-1.5594167785149111,-0.1482666240357579,-0.1567298565989287,-2.080310624623674,-0.4675627859742979,-0.5567709692685735,-0.2876419589781847,-1.4977821828207736,0.2570892456805552,-0.3678016730242449
-0.4123643662634491,-1.2674184993766957,1.0082418940987457,-1.8721815481277309,-0.0935725160137351,0.0089482935473248,-0.3688909911750831,-1.9353564029256525,-0.5876126743742272,2.1563700855286028,0.6519991776788998,-0.0014520453306724,-0.7215734723337806,-0.6444681910459845,1.1720337418945042,0.1331471235786596,0.7223257338065416
-1.17621767372893,0.2670703351286985,0.0299786951812589,0.7025482590542638,1.7136906090461674,0.3996521561666327,-0.5580202692253886,1.1685938190439389,1.581414530072498,-2.2985559685339956,0.1804714881157361,-0.7786850771415744,0.1768673629668266,0.2939795663261078,0.074116212958975,0.2968221123860985,-0.1748174832624814
-0.0540912776523876,-0.4096149797706097,-0.2187499855586653,-2.4412534264733323,-0.1983074112185018,-0.3413254602441755,0.1927208712718087,1.497897605162522,1.0788223384334965,1.9451644406098656,-1.7877505058202725,-0.9628476244429294,-1.1688705406766493,-0.1700703759414289,-0.2215590969597269,0.2226862702182094,-1.7321284805004102
0.4353145500744951,2.461397203571471,-0.3622390437214985,-0.1958161633071862,-0.4351349883011974,-0.334945726658778,2.02219209420335,-0.5295786036561345,1.0930988077676291,0.0655186958374317,0.1662924821326632,-0.0788582607962259,-0.9557858126998114,0.1907593915442531,-0.6195392863571636,0.0906370298975424,-0.9997956635695474
0.1557187534269439,0.4957306978043709,-0.3812367986612177,-0.1555706865957585,0.909321770875122,-0.6453683583475178,0.7203050549951466,0.1834081092738096,0.662879194821635,0.786902471779262,-0.9695602836763688,1.494423587219504,-0.523578256418515,0.7887242300329093,0.9144608846866842,-0.475398150874056,1.6447891652577613
0.6774731214866105,0.1732147189744755,-1.960659227277987,1.3534573831546823,-1.2937825343203913,0.6909443604323061,-1.080987826928877,-0.1602071977182675,-0.2401191032508626,-1.1307232735638229,0.6632024353803447,-1.585771763611375,0.9074363494144232,-1.4699221524407018,-0.6615751399046859,0.2377698018335643,-0.0446137001774657
-0.3863614717045938,0.3260961646289347,-1.1460294173394845,-0.3243692374913953,1.7907952300350776,-0.0090045299209789,-0.198006223305569,-1.9139235419911735,0.758622831134924,0.6756565351860598,-1.2876020425253651,0.1524063900111601,0.705881817775205,2.048010919447116,-0.5906382731940569,-0.6016252472362127,1.1524818350906365
1.0636788749068202,0.217689320629663,0.3559268265575518,-0.3094988647954899,-0.3740815001996904,-1.8411858089179405,2.2154415925446176,-0.2329975570004405,0.4666645975030603,0.5248851960223925,-1.4694842456805306,0.9143407024159524,-0.1379671251277826,0.0452143296278138,-1.3495986635227424,0.6107672170072975,-0.1999866850704616
1.7069439591276787,0.1837854299254572,-1.3536990367168953,-0.1944091631862038,0.1420721976585179,1.8546820524597325,0.674098696292263,-0.0726015907825497,-0.5268799133489792,-1.8379585400270493,1.078645017567346,-0.0783080268886387,0.1132474408086196,0.9422177590303924,1.0052245640311492,-1.1190673333431964,-0.7126133934279891
-2.284964854957166,0.4496059257024578,0.0576437227315974,-0.0093854290264959,0.3859850949103365,0.499181640596992,-0.8458431044016785,0.547028077935742,0.4672529548926215,-0.2044901067445346,0.0146798499661666,-0.5120081078825072,-0.4102963303459748,-1.555059198107734,0.012256558325859,0.1112371582360828,-1.2646125883787551
2.0635690640185236,1.7116686466916242,0.8121514171784808,-0.8633450676976507,0.977935617903532,-1.4621338908093633,0.7801179673906465,-1.58959317751956,0.3897131832123049,0.0301587526730462,0.3003138236568587,-2.422311625014298,0.253562351124107,-1.048881836497867,1.278789309370947,-0.1434487406770005,-1.6791951683734216
1.250345290399178,-1.2998220696290304,-0.3077290605120295,-0.1217193111326995,-0.025735973457151,2.1952977772521436,0.8729997633816265,0.8266558255360341,-1.4148257643020976,-1.4638729492301434,-0.5975279479668781,-0.5039005816626978,-1.146975920939525,2.627152517900116,-0.5682353869130389,1.2820327994829257,0.689636941785724
0.3921310363010249,2.2422927500586636,-0.91756473258444,-0.2856011924015311,2.0103460521969785,-0.9303629677888208,0.2677586081877094,0.5181627821479872,-0.8686712859305123,0.7398231759052206,-0.4021668917005215,-0.4624878764994459,0.0470012928470616,-0.2618084040854257,0.507919307207302,-0.3655053030746295,-0.8035899405403352
0.2900253563139509,0.6228219684969922,1.2258105646358717,0.2085017427965964,0.4713716146154754,1.3417743268019684,0.6879297930615159,0.270024817776112,1.9524121656764244,-0.5396562792495866,1.6625651090260494,1.2881732543253626,0.0578481547580625,-0.452409428991501,0.5035313269992464,-1.308190759639246,0.1497186963700315
0.3810738225506733,0.3202194843768021,-0.689921708816447,-0.8171795811084204,-0.6571343361114742,-2.866145216034928,0.0785225423560648,0.914273839853976,-0.1759127642859831,-0.1008005068867533,0.859677490156042,0.469263040088601,-0.2633335381856111,-0.0500590323253266,-1.71480549933322,1.1323146629052905,0.6551586057848784
-1.0336205388283446,1.416224966442826,1.3398603107596767,0.2429432001689814,-1.2334031059379285,-1.010118165720207,1.0468648820484314,-1.1186993600171562,1.5601509570008607,-0.5015854833422285,0.0255544895461119,-0.4085388264135992,1.0616559114103017,-0.5996839892940597,1.0382025321227222,1.320259988349799,-0.8967738191349721
2.7970246867603907,1.883344994914082,-1.1117496564010594,0.2198901556039194,1.416932631437255,-1.3511895121422273,1.2421369992650897,-0.0046296045127968,0.6825928238210529,-0.2019879427921006,-1.2865625093320656,0.9496220163040426,1.4143388223298754,-1.112719438769123,-0.907083384304046,-0.3585588593392279,0.0625193018214444
-0.7517463875427659,0.6063668410406325,0.4610499121963786,1.828553149963977,-0.2471323091576812,-0.2985738026507831,0.9709459435335394,0.3378085023103325,-0.3917061467749941,-0.4492122519195746,1.474905642849199,-0.2518609649060998,-0.932670524494075,-0.7258373711945582,0.9433032494466992,0.7294995179983763,-1.120549734472858
2.2983558514894535,0.6272660707734797,0.0789570126185947,0.7674086799254115,1.6063530821329133,1.3119689604848628,0.7254365497412035,-0.085992809770209,0.6944685945438174,0.867111706778699,1.499995364537685,-0.087738674915445,-0.339059294056228,-0.8540191325011302,0.3216876139162953,1.4827246445202984,1.0914766435503198
0.6384173608662905,1.014535299779037,0.5500850992466402,0.0655641088289284,0.7016003865528394,-0.5067843975714705,1.252870739478884,0.2389617990973089,0.3702814403825946,-0.6773975214074155,1.1155223204809976,-1.591009790249956,-0.1347297954967732,-0.6630576144295429,0.8274446891001461,0.500950749927116,-1.426411855070674
0.8537808947789971,0.2141469900442036,0.7086981807458047,0.519904901485677,1.954392545803584,2.030953376392967,0.1236533889851684,-0.4664771079907149,0.8191869350286947,0.0176073923721937,-1.0930471664879922,-0.4187193984085546,-0.5449474083812603,-1.2330793841336378,0.5243547649919377,-0.6913444092739893,-0.1288309433225009
1.5515845896407527,0.3480346936725366,-0.3532822441747392,-1.0312342655585525,-0.4081075143611392,0.963959872565224,-0.620205735954391,-1.2360108834981889,1.2294783836868863,-1.610820674341056,0.3654819585252055,-0.0537891581462337,-0.3220478015489539,0.4502520027600327,-0.3088678775282839,-1.657243872446191,0.0201506808549177
-2.2972154934349307,-1.5126970952094754,0.9611230139552598,1.0591008620785305,-2.491835936470016,-0.7229977034450806,-1.2809663455628455,1.71547367627253,-1.064907528455063,-0.6481138688556491,-0.9494338100854022,0.3772593262245216,-0.6506453585053054,0.5450676712937524,0.9308277079483884,0.1074539164755595,0.2697974342294336
-1.0058007671428542,-0.7729256084800472,1.6986384886635475,-0.1356747800247972,1.5424660296764974,-0.7287927197473073,-0.6569336416580807,1.4448210244548452,-0.6059119283930918,1.027954068456692,-1.0158632629644735,0.716031478578695,0.0195359273499287,0.4003736546363262,-0.0899186848041615,-1.7409944135724926,-0.6865806724052863
0.3879210885169916,-1.4727312979658276,-0.4151255997340856,-0.9660709889576984,-0.4089641976376996,-0.6565776942311037,1.168176348121634,0.3377484407829374,0.5956620738226981,0.2597139950723439,0.1612389933466202,-2.4071204153893784,1.2070757411785162,-0.3960649257358793,-0.6958278338031322,-0.3648316572265647,0.171409627761009
0.3298930461728265,-0.2049070655419871,0.1469888701392712,1.0782164327085355,1.4000790737837454,-1.2267309092925682,0.2546367736591818,-1.156617927459582,-1.7134513207257385,0.2611543027297018,0.080089242124478,0.478997553854183,0.1208331740885329,-1.2109118578199602,0.6056036610906993,-1.125154144226841,0.8864610680896828
-1.3391361958558954,-0.3395938310203364,-0.5560608409465456,-0.3492541236502217,2.251218344130886,1.0472279634677302,0.2163009319486829,0.2966437116846614,1.3721350204111702,-1.348839086618698,0.9244760196809813,0.8501306402579035,-0.4054703985048753,0.7415172816477125,1.1296037097243812,-0.9331600719311802,-0.4739679120358223
-0.5086614300019183,1.5041180714522444,-0.8759197715195448,1.3396669348388064,-0.9230191745915785,0.4298697954243944,-1.1584038714047982,2.1002987503816684,2.042712296255485,-0.3069464405530782,-0.1204053800684497,-0.4840264367376397,-0.2002332174260256,-1.4706126633312444,1.0668194288417796,1.0345076893741427,1.0552658424000605
0.453760540436707,-1.1752997216319996,0.4359514145702305,0.0105860325555667,0.4288001698360106,1.3978667852025763,-0.2179705151246714,1.313527434544091,-0.1421728025933472,1.2563639708334884,1.358625030500937,1.5872011102628718,-0.8355874321797252,1.2549619137818175,0.5963651180761028,-0.0936146446328022,2.3279594679368465
-0.4547607931504992,-0.5281696185990221,-3.2604052940096917,0.4873971312721774,-0.990565195462964,-0.0306205024541827,0.2352603560826318,0.325808933160659,0.4733199549700264,1.1791686571474005,0.3717197608544982,-0.7829040876550577,0.2613140456978334,0.3710476980538751,-0.040100314580641,0.2500484295302429,-1.7123898029611688
0.0223152749108789,0.3356334867289767,2.124673402315175,0.3463083757674077,0.7169171626510057,2.481987367781442,-0.2747126213242008,-0.1702557197942808,0.52154487056875,-0.6479390262138941,1.4779681761234629,0.1096553660089736,-1.0523295791739875,-0.538872772295133,-0.0732753627998639,0.2930360152757421,-0.3217277454592697
1.2376323429091127,-0.8601578150168193,-1.0185725215202293,0.5506302580485241,0.978868504069388,1.8784174582544688,1.5730339287911823,-0.5289239464724176,0.2515909650335463,-0.5691204012016766,-1.2019839308253115,-0.6574610429275671,-1.8529959417728232,1.7041186629928555,0.18820281580563,0.8905109154827106,0.7503504343414662
0.5669031227730537,-0.5531253169262891,-1.4098713874732438,0.2621742981755799,1.6146573553066008,0.2515007414161128,0.4789019212979452,-2.6723251091575304,-0.299651974113869,-0.0219425368714573,0.4551597563221174,-0.0200885961404659,0.7739122608882543,-0.2583794987831324,0.2576217925663204,0.4326982440636628,-0.8991959726177958
0.3074576080295398,1.127481841345545,-0.6721121245836164,0.5582335255885629,-0.6693318778956527,-0.3190416358740717,-0.7283944111265284,0.956104628489102,-2.04452012155552,-0.0971477805085832,1.70374302239622,-1.4971028474528898,-1.713334110669322,1.4173212709553322,-0.2144492020292241,-1.2793297751179042,-1.1905519956986197
-0.2530249296463771,0.4879954987037888,-0.2337578566182276,1.0732219894121282,-1.355677732640752,-0.7439040004192939,1.5713639847532554,1.8917414828268215,-0.0200750197243562,-1.030886788734951,0.1110177161623263,0.6504444311443431,1.809506112045535,1.8366688553618755,-0.2545331673051792,-2.7265934299282626,-0.7967464426999147
-0.5795399343604722,-2.5285984489656785,-1.6310193399367132,-0.1579931067869194,-0.2828433215178405,-0.736655637343219,0.4032611547021743,0.2475024515159438,0.1895662303440347,-1.5271246256046918,0.3965108505085326,0.0039175061383373,-0.4885127732632661,-1.184980675126299,1.4920804597776465,1.2473426178030806,1.219587714399342
0.3943709758620403,-1.0760673996848265,0.4494142249193895,-0.4574544975611343,0.0837518586363945,-1.3480549088441258,-1.0489598087813092,0.0922506241945153,0.8389070048120584,0.6922365220061283,0.0100934759863082,-0.7861714374970712,0.4393907588735219,-1.772603419125826,-2.16484242387449,0.150139067375872,-0.3482786662043421
0.3236521825989317,-0.008047160639912,0.1288276507719993,-0.8219509837226817,-1.092881992573037,0.1080311177620662,2.2664838303189403,0.5735339847700197,-1.3687721395833006,-1.0705899527252367,0.7603197694512113,0.1599240143117168,-1.627581934479453,1.358361840518765,-1.4096211729492378,-0.699465067093683,-2.157915558804366
-1.483284332157889,1.3728650751561042,0.2097828466624763,-0.2122837159912903,-0.1976948725941328,-1.7454166903469286,1.1488451941143092,2.004394350149058,-1.9797328997617565,0.6569057450839807,2.7423507845348034,0.4523413225625505,0.0833934689617507,1.003859818821104,-0.9787836256418332,0.075152393588028,-2.7063770777886416
-0.6732268122545739,-0.5564361903701317,-0.792740364060058,0.9468122539100906,-1.170997503308365,0.1302966971328242,1.151118995251396,0.6223619392889355,1.107403294257962,-1.4688108720760162,1.404767408753782,-0.5779380180635376,1.2842156486023193,0.0417189042883151,-2.644564023875847,-0.5053926420107743,-1.531677701252926
0.9708818583038308,-1.0157726775776388,-0.4176516737504393,0.1928165832288425,0.7198594995341707,1.155432787206652,0.1699765349300143,-1.2444498184328714,0.5280975251933857,0.7810032215156233,-1.5413386252374683,-0.7172084674194276,-1.431072555553181,-1.1393814573456065,0.486736518979233,1.271036356187853,0.6757826289503779
0.2907299940345875,-0.9009923861898718,1.0517056571226489,1.1471727077898428,-0.5335404967541714,1.0241421090073377,1.420685911176716,-0.163438140744675,-0.7417394994326632,-0.9163655844323074,1.9967288472637643,-0.1059481227133896,-1.1233432969656674,-0.4264404825767616,1.8440315528444409,-0.4774203852980737,-0.618864886750929
-0.0327083456465513,-1.055912012647731,1.6424424210245634,-0.6436423204605577,2.6878576129828926,-0.5407046990895239,-0.3418830078645972,-0.648458146039325,-1.3197029256588308,0.3895250100181897,0.6327270733233692,0.6855182401947388,0.0089264446815833,-1.6414450960964315,-0.6218095243681188,2.254202551922031,-1.1254514452336009
-2.811341921295885,0.344358081577566,-0.2925007666615755,-0.2838036587181168,1.047402057843328,-0.1731882833689876,-0.6506663798996563,1.137078316490107,-1.5769463188530997,0.9390408260078732,1.2893687524088964,0.0549669344609542,-0.8329581533727402,-0.7474293677406065,0.2995996387709469,-0.8903456452718207,0.195642328764723
1.2005688333012636,-0.6664073316075024,1.935381784777188,-0.559326974611751,0.9644929594956092,0.2204057075894323,0.729704737978248,0.4431144721258084,2.072836309587318,-0.2620066054228447,1.0069968739398558,1.1505465036991869,0.5511170231420421,-0.0145510476323564,0.1796557202513684,-0.8430819844434159,0.3632541543872205
-1.4590165565425743,1.1558987327371957,-0.7649375605456679,0.3669941546245395,-1.0595874459708523,-1.8442731502909044,-0.8345499142889862,0.5008578150772065,-0.7501403824589471,-0.3083239225840075,-0.1226762409265903,0.5405994352919237,1.1564697548225067,-0.0668477437340631,0.9989071302600034,1.6243991360973875,0.4007850493387109
-1.3882561810145575,0.1746964164102073,-0.698222304217416,0.4719352405559935,-0.2704234496299819,-0.2496324052956287,0.1345259186500467,0.0095893837585751,-0.4645901727954754,2.025353818628499,0.4883372593797289,-1.3776401130699203,0.549112904347974,0.3091245102665015,0.2416430691722026,-0.7294863105898887,-1.089023367256762
1.6772371791780565,1.8508643836355227,-1.1212431587977083,2.5331727011719547,0.0559440392211149,1.840630958618512,-0.4748948571115717,0.4739923955222713,0.4773778029888813,0.3401450831249234,-1.1157694985604265,0.5442622417827668,1.1557894724304902,1.5327939470815235,-0.0633626351826637,0.6213856142811134,1.8623244487483244
0.945261174081058,-0.1877382575755893,-0.0669872796134396,0.3736375966585257,-1.7236551809716447,0.3110311497912702,-1.309810620410345,-0.0016616259895874,-0.4584113458013758,1.174755364807641,-0.367245291594129,-0.4273033776379584,-1.1256827306514263,-0.0893506757973984,-0.4806862066246931,0.2052322741906607,-0.2825161022984831
-1.5024116213336438,0.8854462349666213,-0.7923790572792995,-1.5815224740250189,-0.5775062669182007,0.5729565712453034,-0.8575002654652137,2.5142457225834733,0.1591687203172067,-0.7729278299314694,-0.4711162555806509,-0.4880007666888319,1.1447752449092723,1.4787730190006008,-1.3581437857650285,0.1526764492384296,-0.0587460109222629
-0.6442487535550248,2.2155012687219062,1.133838877222345,-2.1476292927937055,-1.8352242909264669,-0.7761252720733819,0.96279969708378,-2.158211138524075,-0.2864205606927272,-0.019836986883254,-1.2434899963914237,0.8877637901122969,1.5686318363033434,-1.1646983747049413,0.5421878264390371,-0.1234071239912014,-1.212964398226145
-1.073324696895276,0.2173030021730678,-0.6342750400039601,1.1214758691703848,-2.121171705823667,1.3489248892763943,-0.517571420962286,1.8037273052979617,0.4869951991952435,1.2805728220723973,-1.1249762020798335,0.8503432707457387,-0.3220127298481886,1.1024727296982006,1.1116026585661722,-0.4609250272945944,0.6789628875719819
1.1473287729234427,-0.9482351305242812,-2.2714304543856256,0.2112895204969631,1.044286225069127,0.7886286604012036,-1.02016161980999,0.8166276119304335,-0.1075817007199681,-1.0196638080294227,-0.098343167707377,-0.0990117273649568,0.7971740676371276,0.7497772983486408,-0.739035790847813,0.6845602919957529,1.4388741163313572
-1.6200010490437018,-0.0513036638425409,0.618535397537191,-0.0142824699663597,-0.2852092508899227,-0.4495295375315171,0.3634322363181089,-0.8185919555551123,-1.342593225734286,-0.0210875245503081,-1.2438173291524863,-2.638440557037586,-0.7847316961456252,1.3201585721759042,-0.9524899393374212,-1.056162681325985,-1.9409844757986456
-2.137832501780632,-0.4793443059829758,-1.1865903582442583,0.3618618023138857,0.3506013616795097,1.3030027810985378,-0.5555238006287533,0.0414650584642152,0.9064874698428548,3.044621436424178,1.6140574399848504,-0.2866180922256909,0.0440924265902956,-0.1779821975162001,0.6560012739103597,0.5967498679764368,1.26876281121985
0.5400818767446522,-0.2299944908928049,-0.7255104584250831,-0.0891702287955481,0.8922559335089019,0.2290008299066706,-1.2362977104803088,0.7969138949257029,0.8156721713774163,-0.5614698716588618,1.1812002592860693,-0.0991075735096924,-1.1240853956542038,-0.690436989237311,0.7825240072786876,0.6919749599162972,0.639200505245443
-0.91322634250408,0.306378909601495,-0.916636616706024,1.2631008425176495,-0.1474326023458096,-0.7346856755334668,-1.0408266026131712,0.8693432082885862,-0.1845280872056189,0.119681650022697,1.2460792580990503,-0.3919578458569718,0.5350955359728016,0.1645440567589069,2.783180886140221,-0.6637677397028632,1.604127716617567
0.0343641041984475,-0.0980379220559568,0.5015596530955032,-0.7541297059234949,1.5575790701715706,0.4386022447965341,1.1248746872021298,-0.2986830695265911,-1.4630677023740315,1.46699671611773,-0.2380741321746906,-0.1890222112296174,0.9552061551087204,-0.2974255569764608,-1.3559823648215663,0.6699891995788357,-0.3319975605169524
-0.793548520071502,1.5711624249744114,-0.4129326061449392,-0.7046040277859698,-0.1194613548319733,0.0984746255855791,0.6887764510837069,-0.7238769127717394,1.0798372313024802,1.5234835866478875,-0.1885990076723146,-1.1026982939431906,1.032403572937661,1.83474223493404,-0.1204425965503562,-0.4397683463645709,-0.0458133815372261
-0.984242485041029,1.1992024360468176,-0.6074338484379311,0.4807358022819599,1.706070663928141,-1.0856263825365395,-0.4229597096499101,-0.0334921880479726,-0.1245262782182309,0.9173466594482244,1.6930804271664426,2.2172539472155854,0.4255633900705214,0.1271080283024865,0.0229005776331733,1.2640125103473268,0.5515479771587919
-1.2610697576926977,0.7299033788681348,-0.8565170828920176,1.2356989947291452,1.1271372613958093,-0.0043850672756118,-0.6582452690701193,0.7551299654216407,-0.1624725505198162,-2.6341803602109857,-0.2670076674669964,0.0199120645887006,0.6317742458769773,-0.0250737556766476,-0.4658509577044211,-0.1703476203605838,-1.7714339986309129
-0.2675201779808742,1.6834858287429086,1.1274705104396288,1.372755036901057,1.238099773855874,0.0691989488590452,0.9079109926708148,-1.313240852997309,1.6230678069131907,-1.0829255362628116,0.2573095827813506,0.2235803001021688,-0.3869619192521216,0.9541298124635934,-1.0974580918977894,-0.2160450827220961,-1.379648448436648
-0.0966124582935433,-0.3873417758576085,-2.99521582026157,1.171774834413094,-0.0710614216309413,-1.1274931436184177,-0.9435202735036866,0.8301296858293026,-0.1083029905728771,-0.7007302635376362,0.5914762148581066,-0.9084193422603738,-0.0194513681264921,0.6338700162803217,-0.5091830109703085,1.6926364391555315,0.7313306487308127
0.2425938680629636,1.4507390247887972,-1.0835255006880593,-2.6433055178310436,-0.6666235760610417,0.64358479801916,0.4631419344187963,-0.5227431712588416,-0.6880956104654031,0.4943223603955231,0.4576879889130505,-0.9969891959519576,0.3737497425904136,-0.3952763658711458,-0.6003383548076293,-0.9059079261364132,-1.5452463202824296
-2.6976970040662875,-0.9162507521155588,-1.865055936522497,-0.2293670501811888,1.275181151150773,-0.3168760457863135,-0.99561504025393,-0.5285826226930883,0.1198070911902118,-0.6619096132887606,-0.6406348394236746,0.1227214484054053,-0.7518742437417156,0.6094495441145465,-0.9256753606852802,-0.8352082204900527,-1.0454280197076034
1.603032081134139,1.3832727600101455,0.2906301350727264,-2.130267027431014,0.945582027587419,0.2680905313951989,0.6670374347277691,1.257234524141163,0.9315673512598844,-0.3782542525728545,0.3267969520281877,0.5041024797658775,2.5509940196180905,0.0767860176270159,0.1090764847134745,1.297228680094616,0.7148653048241175
-0.8177155358270868,-0.6370693036859254,2.32402209797892,0.8949087271088635,1.2289581365757416,1.168387396711429,0.9006079449445058,0.6855733638179319,-1.5306464375093698,-2.137554510416676,0.945377712503772,0.2394259480682234,-1.4292580267239925,-0.3628290299402872,0.4717881082767584,-0.3991041502860734,-1.3017602966553827
-0.2714812907608763,-2.1551431649681314,1.605552564423978,0.0076783053838511,1.0519741092267063,-2.0508943302039477,-0.252044491959711,1.0105457138811231,0.9850604299496593,0.5379480469801969,-1.3977846570343078,0.1573005725580651,-0.0583464682864507,0.1231104481120807,0.480549736740644,0.5666431244053045,0.3922130116241048
1.0770018010686742,1.8198452224734256,-0.4549019199546237,0.5707151956326979,1.2488753577195957,0.0533963738856249,2.6594167279431646,-1.3894964789396569,-0.1088554241138892,-0.2407623640444923,0.3614344456713593,-0.9568171403430576,-0.4324907646450185,0.0927228609916825,-1.1867655692953865,0.0887650392579184,-0.5254709164629608
0.2066567479304911,1.1923272752526972,-0.0621618955476258,0.6432081163876987,0.1803108050205628,-2.011441487114543,0.2932187918114743,-1.4638285767369712,-0.6555430322475612,-1.4733767834142102,1.0498539600846395,0.4278467749800752,0.7069824281068411,0.6398117056680174,1.4337411415367791,-0.2140244504056388,-1.589286219956955
2.114437567010558,0.1085361334232664,-1.266909533254364,0.3142333672757412,-1.7353442612658585,0.5518092795450789,-0.4350209668335358,1.5754575682084997,-0.4960240438662076,-0.7075531788746616,0.5977569813614269,-0.2948653202300773,-1.0762855460459988,-0.2782687176277606,-1.0693237790952332,0.5094047108877373,0.6864496137715762
-1.823775898872308,1.7808690657218502,-0.7033012735479178,0.6378271610336121,1.796153627860967,-0.4404481427373234,-0.8343833939880093,1.6075452460281665,0.5268535606271948,-0.718720862549257,0.3919743159638182,1.1167624134031555,-0.0027582303717415,1.0272602352012428,0.1184950263309084,-0.3276996520425809,0.5182574053266369
1.6893336467232878,-1.96432874791138,0.9483571719916114,1.0109712858938609,0.1843740954079936,-0.6561197510586777,1.6852107359575617,-0.6745793987547849,-0.1807633400952709,0.6953086590364477,-1.3375186088729605,-0.376908870139295,-0.5535840362082645,1.7050401015500232,-0.399533652401942,1.7447684355702109,1.4195193437636462
-0.8223855477088633,0.1841646144234741,0.218339111689706,-0.8758708468162428,-0.0405574638122217,0.7795498144278739,0.0630189948183706,-0.7773527514481676,-1.3823090045605133,1.2385752414642095,-1.3930649562473243,-0.2326947088141208,-1.0299831956581065,0.6058731537903013,-0.8647789097306483,-0.3747584456804615,-0.7766203382625839
0.3696027120683245,2.4675391700863605,0.4316286276064492,0.6405367986878829,-0.5913837733100017,0.3671374153555106,0.6266472526750078,-0.8162422538089739,-1.5810267021643434,-0.9070469636636376,0.6967241341897273,-0.0988000772737298,-1.1418719384200808,-0.2913443653151875,1.458555627716475,-2.184813443216216,-1.8386976721661816
-0.2744465999833543,0.5054339779137407,-0.3327825893153362,-0.6816038119678302,1.6716417469508196,-1.4501193042725962,-0.5810191682669084,-0.1911703061760006,0.4799655178843516,0.3101974926960512,-0.7677763126197885,-1.628638932829539,-0.1065487635757733,0.6605968324175612,-1.1954951892213888,-0.9682266990617902,-1.1746127694557889
-0.2521112892792211,-0.4560953144917877,-1.228981751163209,-2.0980603716238244,0.0890135639803429,0.5491073287620916,0.8589064375455594,1.435573475659433,1.3104663027002943,0.7954439293117774,-0.3482031938834388,0.0917518447827932,-1.2277943056967364,-0.1882698910512708,-0.2061988882280147,1.0576011592768064,0.493756420361964
-0.9452883676194423,0.3830771239822154,-0.1927299703272559,-0.5412328019745445,1.726483575655603,0.6703287746498525,-0.5623751109763334,-0.1289210102147524,-0.9056282041589722,-0.4005786367496012,-1.5098138895078397,1.2966829504022823,-0.3968291712196024,-1.645243899147301,-0.7363010586633189,1.6677250491498712,-0.0119542667254744
0.2204597487889989,-1.1485338736901176,0.928794257943067,2.4369943592097565,-1.2814296805169745,0.0999921715311555,1.089687638691384,-1.149116721978228,-1.1214362829979396,0.0776147106359926,0.3217194877987515,-0.6175609841744077,-0.5361796754145126,2.2823398714019527,-0.0067212568767394,-0.1916542281111837,-1.1587045861372405
1.1996461109640877,1.0044356543015835,-0.4350698323494505,0.9802244346215968,1.2520384324479052,0.1889110113352562,-0.0012462655842766,1.3489985166509115,-0.263693963710107,-1.7970650413576426,-0.9278687809594424,0.2377925833868107,0.51208479226939,0.690564868044785,-1.0491788999916831,-1.2260093615778158,-1.1781011824302738
2.2342126424044317,0.4651246283989666,0.3688944021386254,-0.0947054440896379,1.2271478597590375,-1.2949178839203317,-0.3109363392177001,1.3667325525052854,-2.093165715045982,-1.498484105339387,1.1850268023315913,0.4924767203350677,0.3419585221689762,-1.716251036823308,0.4675978957199849,0.1559190740279651,0.842588234721505
-0.5116495671473136,0.6319299878011446,-0.9152474135049254,-2.588316494003668,0.0247801691781173,-1.5428837786291174,0.2322103777241912,-0.1758074427717794,-1.373665700408235,0.6999427465779953,0.4536124394228185,0.2024538020128937,-1.000773078704541,-0.0349232078480861,0.3239563424233958,-0.0007629544682651,-0.206882229654614
0.0909390955882276,-1.2120648242512728,-0.2997016729906536,0.2065024145556307,-1.2122271978550816,1.6428820724075055,1.0358349958469513,-1.9423026331475064,-0.5008046880078068,0.4038428640692502,0.5049980653313363,1.9552454336722909,-0.0646208753295932,-0.5766675461179985,0.1057292139130482,-0.409565440907491,1.5977038197841948
0.6399794845254732,1.5940810326263388,-0.2353957963177879,0.2951859191473218,1.5090270021793493,0.4963513323568099,0.9371481572609393,0.8795553809984304,0.9630027686515612,0.0292970548816637,0.1664768951440121,1.1649711991502023,0.7313663717061815,-0.1145029972389075,0.7164020201286866,0.8668554982943766,0.858291824625324
0.3705525340219895,-0.4585045471654736,-2.31552078588085,-2.5371956088170333,-0.264445351683204,-2.0872070595302055,-0.5617668938985512,-0.649127298204172,0.6972315279031053,-0.0856978966262037,-0.7640088673639333,-0.1116657977726208,0.5008643020469914,0.3326726313067942,0.9947865566662908,-1.3924800116692186,-1.232564074482538
0.3396833310830329,-0.6750436779053973,0.9384422839152752,-0.5750262153994646,0.0699677621610539,0.6278090748835797,1.3473309719213915,1.72919846143266,1.2074347949669677,0.0082285472663719,0.6914495265932342,-0.1701295265678295,-1.2285400873033392,1.1507989435540644,1.4274576747819403,0.7780569587688516,0.1906373830367926
-0.0794972510514845,1.1585033080226808,1.6235523477939926,-1.3733609662894295,0.0688071935087806,-0.508068580575972,0.384593151100783,1.281172568634472,0.8223400874133978,0.9979875496135808,-1.5623452028110034,0.0419118748381339,0.0694499606168498,2.1477186133304143,-2.1241207583683814,-0.99813880194139,0.1818168091438911
0.0698857808151535,-0.8998590759606907,-0.6947163225554955,0.7067715804060191,0.8548851868195823,0.3620423811358118,0.8919121159991775,-1.8241852476409155,0.4260376120684205,-1.3856892273252055,1.1260836369936422,0.5676045226938996,0.2111692462817911,-1.500984159349499,2.397020625612778,1.030506055083544,0.0373243683161829
0.9169393842961888,-0.8120831627899108,-1.618226801710582,-0.459980976294093,-0.7297258596218024,-1.2684036318508891,1.0476070662766777,0.4067461913255782,-0.6653216840919591,0.3331568646048832,-0.4018179671669064,2.1733153100760245,0.7886536495355564,-0.266766953086062,0.6270861445219724,-1.9961363410620776,0.4890480665499903
1.5112695701100147,-0.4143282479595047,-0.4526963461724602,-0.0871768059299282,0.6044769462862354,-0.0652107245727592,2.8424739890519755,0.6362864064049435,1.680391290356036,-1.510970341537068,-0.2953176263854712,-0.2285454759053433,0.5400373930917932,0.4811021644879373,0.4107270102060521,1.595630122656896,-0.386848625700353
-1.463749611055471,-2.464431425951443,0.3592153265660041,0.1823507933645551,0.892150427672649,0.555030219031466,0.0608840139488083,-1.298303484119242,0.015761382119683,1.0742342573496082,1.7508172334501904,0.0068211206238875,0.0064120085959216,0.4527556520760943,1.5381025278098144,-0.1908762614100899,0.5367909525525013
1.4969335107162265,-1.9030676169745475,1.6673332152762277,1.29603308315231,-1.9642114479045647,-0.1645268306884957,0.0412688330661779,-0.0610000257377688,-0.0613303842323433,1.539502597273655,-1.2434443391957153,0.9130343309256346,0.1171552787016684,0.4990314644963721,0.4319662251199831,-0.2105574448664922,1.1215087667507504
0.5272791007895495,0.1138668037467105,-0.6390165068538046,0.1157430273918646,0.2019619388468552,-1.0496893092946733,-4.26468216454894,0.1015212223422762,0.195015646290212,-0.2534873373270687,-0.897543627256502,-0.8969234804870799,1.8951959519142307,-0.0356647114888995,-1.4366334864128236,1.1469676593383265,1.0478869235600117
-0.4336937488769732,-0.4413540377484977,-1.0845320587232214,-1.7188986050741422,0.3365729003197263,0.8111337932533486,-1.6237323401027233,-0.5050887527278954,-0.1842681820490331,0.7724062852869091,-1.4078793126728373,-1.1030640635614504,-0.4967686182968867,0.4386678021970677,0.0797866023843673,0.2271334372738077,0.7045751237584834
-0.2646823915650823,0.7833029843862797,-1.0764308966315923,-1.0085706601534845,0.835794540342424,2.1138715672377653,-1.0278796360798297,0.3890242077297099,0.3441887622800782,0.273291870667693,-2.2732947699997004,1.433243035764758,-1.6437083991029722,-0.2498835636641394,0.2914062965892028,-0.1028992569603542,2.149092152487695
0.1746285761777842,0.5554678966302496,-0.6161743125199513,0.7173263959137158,-0.5242513554084355,-2.050204094491576,-0.9653624740234912,1.1957294053940573,-1.683186888238722,-1.3890916575395638,-0.6555611095566954,-0.0624691227368837,0.2027399192704531,1.3111678941383476,0.0560615281349615,1.466252719966623,-0.9343516974546894
1.8793586282820256,0.5817851557659285,-0.0820887498992256,-0.8965510479540264,-0.2015674209204642,1.4707679742654285,-1.2145604265851535,-0.7596694560144767,0.8848285683949766,1.2126255110675344,0.2006907126657073,-0.2862626116140807,-0.0945593206730899,-0.1484084622555944,0.3255727169621094,0.5585199943887055,0.9401123414050075
-0.3266755375339386,-0.6134695892535058,0.3857920990701692,0.5309216669891834,-1.0326396070616832,-0.381293078433798,0.1028944059664079,-1.9798390091028295,0.4558785924252125,1.1181434359748987,-0.1020139214312895,1.49842647290134,-0.7997530104172943,0.1568170301175311,-0.3483780122956493,-0.5522146477167525,-0.2111831996150761
1.627909790667797,-0.7126510705464498,-1.2748359544447685,-0.3132016813584442,-1.2437119725313992,-1.1534304290654618,2.185140426377432,-0.8612589043771397,-1.2934077445818537,0.3833511254061738,-0.8821820890887142,-0.2450445716391672,-1.570900402385901,-0.2542357805754403,-0.6644279213299515,-0.0644226158582647,-0.2537663878685774
0.2170187475798518,-0.334595108320721,-0.6271155065159666,-0.5156475733349892,1.3143151261001067,0.1292199398228961,-0.7503875823691003,-0.4781654040619139,1.6785199828183794,1.150910400256083,0.8966499905112678,-0.5712759955236216,-1.885709558552416,0.1198257698178574,-0.0360954347556162,1.0766373095623745,-0.2137869221451377
-1.3005507561208771,-2.453128262440105,0.2432900716322075,0.1152367395617607,-0.7724854092829755,0.4472398708769078,-0.536121049724918,-0.1009726196401926,-0.0658226512857306,-1.0087001256849428,0.0193945547109707,1.157862644424139,-0.473209692487718,-2.203144096921334,-0.5627919194601457,0.1967917353039852,0.65603676982237
-0.7120408055952563,-2.1849008845223516,1.4329988261145048,1.020451085732948,0.7947710369580492,1.0505289537584008,-0.3979021779205746,1.869662580582241,0.4074891177009904,-0.4400548327143185,1.84943842220474,-1.040947552911549,-0.4537126177105161,-0.1128686471649446,-0.1054184633916066,0.2485848787889837,-0.089165815219018
-1.8653572007774488,-0.704495450685387,0.6182237520927644,-0.3173095763465974,-0.8963991597278864,-1.82755783331748,-0.5690792025310546,-1.7161124146014883,-2.0034035548644646,-0.4780545199739762,1.369265573474548,-0.1135675873058679,-1.4612033644933209,0.0430404152435469,0.8229983785781675,-1.4460693514262424,-1.231265617083284
0.0527057204406081,-0.2396508828470311,-1.3612263167159786,0.5228222816982019,-1.1577807714003558,-0.3211433479741049,1.1598932759569194,0.8165110908802612,1.967450797631582,0.8767871607609022,1.1594262045531745,0.8033619769010798,0.2032359558706002,-0.1946933117456907,0.5512515106855242,1.007473948787924,-0.6511517949735994
-0.0569981261930536,0.173233385357592,-1.4369132761738217,-0.3253318871577162,2.1485619771405413,0.5990260276117207,-0.4570624207997477,-1.0850064270165978,0.0075371259342974,0.0867265804871298,-0.6553616163404106,0.1923171106516072,-0.0031482774547564,2.286551630993698,0.0525828554139616,-1.3680931430710803,1.9641839315752545
-0.566644748983536,-0.4185603886206183,0.5179886024098503,-0.4061154951995397,2.266261999549182,0.1116184297141288,1.0222740355283984,1.5119140339503114,0.1944285896051293,-0.8984599179549527,-1.7562571967120642,-0.4250413106373477,-0.5966251353399228,0.9473242400162974,0.0053190971692614,0.5822359435536866,-0.8268371669448651
-1.1609268119399612,-0.5252338991157,-0.4705796276569801,1.72890723344123,-0.0965375376165015,-0.2421508699616596,-1.1442037064956951,0.5315075450997214,-0.6312197602720881,-1.3798963239166118,-1.494785419685376,1.0156960510185835,0.5527437290433931,2.3307809902286825,1.1472633490226345,0.0917149104968453,0.1465518644571939
-0.462896765549566,-2.156595484525484,0.0435485474411373,0.0432040787769563,1.805238820006424,0.2573123457574603,0.9209596750383816,-0.4647920584713846,0.8016140712001487,2.3893239568583793,-1.1841669720888488,-0.2828761261042311,-1.1444083264829708,0.1117216959800824,0.99775566737452,0.8265492574948983,1.1990992180009856
1.3760603434786198,-0.0831589757847661,0.0807991655878834,0.0637434128826995,-2.0262763076394137,-1.1574004703451315,-0.3728700353693778,-0.9199554122337892,-0.3713181876591966,-1.7635339555350829,-0.3403816522012238,-1.6158616232447285,0.2423513473185245,-1.670591914270363,-2.3128479109313456,1.2924515769983278,-1.305404140848876
-0.2444070831149208,0.061823869647482,0.2213479539908297,0.6261448425139705,0.183377480877771,-1.8724212257508048,0.6971938634489202,-1.1147413060574325,0.2868461836446529,0.786564858204876,-0.3503739445932425,-1.48920844464539,-0.9997109791599696,0.928008289481086,-0.3962059980080434,-0.8309697342632233,-1.6858891353701473
2.874119098421774,-1.0311215358399977,1.4535188713730296,-0.2120918814204422,0.398217764794286,0.6965158198094571,-0.9359192048622156,0.5361961633438183,0.1916876693923173,0.2607729474523571,-0.2680433126832522,0.6985872633713898,0.8647581763293696,-0.2397225200513518,-1.1840085646376726,-2.0292147385237773,0.5412206921931496
0.2688652936762684,-0.2635818416620658,1.2431295393305446,0.5360920085218563,0.5850420861535242,0.2036212981968915,-0.6158865845442941,1.0953847881052434,0.5134389415378654,0.8788157256210094,0.4616589143836087,-2.0264658837323664,0.1602738708668161,-0.6499576680351803,0.5647102021795591,-0.3260108580021547,1.1008785353762582
-1.6595952034335677,0.8217745535414857,1.7115369006403938,0.6355224805593096,0.9130878240617564,0.8173726817106493,0.4639828720526358,0.1172744181805669,-0.9791827335240904,0.0570847468300518,-1.2464316346878508,0.131290612803881,2.097366763629634,-1.0058445965549554,-0.804349611829184,2.0189531339979583,-0.4780368793558307
-0.6195703475372082,0.7890148838853714,0.6906886643417194,-2.153601458067179,1.4579954585952366,0.9393368546828724,0.0476540845099778,-0.9953208197742892,-0.0600341042597099,1.467865051122357,1.0438382996643674,-1.3652597574561267,-0.308862697864205,-0.3135701710300735,0.7910650681126405,1.480021813317757,-0.8961203800723927
1.011344593506878,2.232595191158144,-0.7651990859562036,-0.4120590954741358,1.3130096993229563,-0.7215671680637995,-0.7909995015779258,0.110139581075475,0.1511814804652693,1.576870775353333,0.6134364362898512,-0.7073728873307139,0.954909112226498,0.9274033634152656,-0.1992966894703672,0.853584804336541,0.6633540936240012
0.4379041764049526,-0.1734892308272364,1.409589752169836,-0.8069617995112427,-2.3238450156415684,1.1675127388632531,-0.455831888415275,1.279006707899879,-1.1329444063905127,-1.0795998803863758,1.5621000610829594,-0.629871870663907,-0.6671927691303912,-0.0948721169010544,-1.092091300132788,-0.9699798050597476,-1.8583708162206152
0.2475635383415309,0.3269286212454305,-0.2193108647892541,0.7086976607150409,-1.1835870260390458,-0.3243939512869847,0.3881854275993712,-0.2631233967545572,0.6135930948974883,-0.6759478386091867,-0.4390468987069384,1.9975719486529333,-1.0342262601950436,-0.4660582198502421,-0.4781302626106128,-0.3906736779027486,-0.1629084891110464
-1.1721353463484112,0.3074122196942731,-0.4627503457589436,3.0730868290952165,-0.15085950430414,0.1088263469939867,-0.0145732747919166,-0.067588640560663,-0.4692522137156689,0.2108820236734794,1.592105982375337,-0.4406021206927669,0.9547784672657272,1.0503736947919788,-0.9308521065516576,-0.746628160448328,-1.1024166362153986
-0.289590847227917,1.834470314737935,-0.0708026833366673,1.3126112009404027,0.8906973252087362,-0.5715351335034431,-0.290225847834754,-0.1959542366610457,0.3547611677492944,0.4743379889294493,-0.3198099931198699,1.862162345594822,-0.25651242986457,0.1463547397954879,1.4267954931210034,-0.4110593672830533,0.5983852483898607
-2.147869208492871,0.2370900811073525,1.8358178913017356,-1.0699792825772894,0.0498952540840039,-1.1406841574914584,2.919249899987265,0.4489866002640126,-0.8935605089698807,-0.4071323502700021,-2.0024706198344178,-0.6282882804573986,0.2371716981065706,0.7231635319085358,0.8148639098566391,-0.8767930974168423,-1.6062354701096526
1.2421571843534935,-0.0283165843812625,-1.1122389453876935,-0.3062416224310422,-0.8873775533919182,2.1613724868020814,0.0734667959016143,0.6079955443409535,-1.004057745753799,1.0763069671687662,0.3911438680922152,0.6350117367078675,1.2298255662960784,0.625563369316328,0.6582390553063835,-0.5756847304102601,1.3875505676283644
-0.3343594586718998,1.5605998265352543,2.476253737560026,0.47030070403615,-0.8233229284432654,-0.734290371588228,0.1021650655180335,1.5319262761144108,1.3024664708421014,0.2834644320588949,-0.4244969463492101,-1.3911340971882828,1.144742005981101,1.2347601538328905,-0.9418439539803568,0.2069349434885903,-2.0481446710352422
-0.3064682088287198,-1.4582255707155125,-0.1123057177315349,-0.2535808446581324,0.5784238360841606,0.4444570735566804,-1.4456724745588514,-0.9028112817598724,1.42549940845112,0.1773922564147863,0.1543374972670669,0.5897342859916946,-0.1077260128593146,-1.4216702322599244,-1.9545162288767843,1.3877176658103776,1.140368498144975
-1.2433530842449918,-2.693935151930002,-0.1399593629120379,0.3856016940498085,1.316616564088338,0.6484891468878627,0.6067597823729135,1.6426411984227305,-0.5455622800010967,-0.081365462290555,-0.0830183245444445,1.7148195187744155,0.1767554149984225,0.1677096960158869,0.4665467455433181,-0.990371429650696,1.6203207244451785
0.6183751322967531,0.5308588448315004,0.7764640562863169,-0.3898625319125576,-1.3894936939045952,1.769069129954371,1.271363535727234,1.4599807029940055,-1.227260707336341,-2.0672407766823677,-0.6863891001459671,-0.0622106032391282,1.5689768928093,-1.7039934154468517,-0.1988341206713337,-0.2473529247595647,0.5491097783039645
2.17155685634068,1.9311193806995095,-0.0944176120826553,-0.1544854379510975,-2.09984133083713,-0.6212272219141107,0.0318378671408364,-0.8189724648569048,0.565998080620629,0.7536481592547573,-1.7611740377983736,1.5268913922571865,-0.740426407310186,-0.6566605287161023,0.9965957997196956,1.1650508665072137,1.0886846071945768
-3.0003728173074125,1.0640593915578556,-0.5934536679975304,-0.0383068039021829,0.6557565885450587,0.6947001368065261,0.2164877381564199,-1.88931329474903,-1.7359771652925398,0.1119472407525362,0.1956126934298671,0.3195003830048567,0.4010987239062579,-1.6550314606123873,-0.5606472466512666,-0.1354022564283564,-0.6531893910892508
0.2064421902298379,-2.542650531830151,-1.1710591977949787,-0.6816501339917191,-0.3133671868714109,0.9688582374395516,-1.1849554194694685,1.0393541949769836,-0.1852640791034006,-0.0243606330136767,0.2552498345375891,1.0007314984980498,-0.2434928932628186,1.1385442022303416,-0.9307591470810668,0.6047143854903619,1.8140875984339724
0.8062357895779183,1.0857426307930598,1.303577111787448,-1.517167163996186,0.903581672609689,-1.781665162381467,-2.2433246831320024,0.7399420008742928,-0.3273508189200107,-0.0650980233784334,-0.4090189954304351,0.3236593951594481,0.6520693760440205,-0.4662332421009387,-0.6676770671687655,-1.2005445573569022,-0.2755697265706231
0.8857860765649151,-1.4665125154467558,-0.5712307546166095,0.3007467297877194,-0.4284596618797194,1.7304027258913226,1.404177788442262,-0.7055181602654083,0.0952647694901815,-1.6483243971369277,1.1379670531568429,1.883924015504031,0.8746525795408365,1.71618216176779,-0.2082652950500425,-0.0099688391920543,1.0202289585430155
-1.6590458499069785,-0.7137186890354167,1.181282253031592,0.5850105329211545,-1.4415344755903652,0.0458311194875978,-1.787729505238103,-1.3333447648229708,0.8123419175887266,-0.0377537315945392,0.806461947678919,0.6311425981685446,0.0768737257952293,-1.5199888765258716,0.621848883680319,0.3495702109442276,0.5368035152693992
-2.8909047946230517,-0.2192921239390778,1.3693987051864391,-0.5401894029248069,0.4689063240535075,0.1899999905344959,-0.7069811561126148,-1.821461912287844,-0.555342197412146,-0.5466768087600903,-0.7509583338971958,0.8891141723687582,-0.4523029166401902,-0.8682923238093141,1.4341261115862494,-0.2366183749605239,-0.0894929938739975
-0.7083397814189896,0.1955301631096149,-0.8795043679709523,1.0939087951684414,-1.3759287527471846,0.7699812824866727,1.0199921550254634,-0.043648363784665,-0.1089541226903539,-0.6685396374278061,-0.615235171415372,-1.6191825756144067,0.0265254248189744,0.6232311450834959,1.9619968225631297,0.6828208175380979,0.7150166483476547
-0.2060496248157386,-0.9339185994830448,0.5442794464320858,0.4264653436695224,-1.041058328397223,1.5033867822418645,-1.6471757150009816,-1.3336400918333764,-0.2044302603710862,0.1857474784918258,1.084863104456078,-0.163622053876967,-0.0735620842903198,-0.8259696016365083,-0.136743078872034,-0.435341571268154,-0.4248618666058681
0.0026048424663513,-0.2168993373432736,-1.1180569368608873,0.5246560978543136,-0.5693575008015743,0.9354366170497742,-0.8599597723721765,0.199398814418398,-0.4481876709843308,1.3607790999534215,-0.0393467722099139,-1.6742438870112892,1.4793657290876436,-0.515648859693084,2.0422480409390396,-1.3144218040761138,2.452886124315433
1.754037969292369,0.4155301958616714,-0.1789586361411544,-0.6186013465753561,-2.039416982283619,0.7088413144919155,-0.92881484956679,-1.1247799835227017,0.929479363733053,-0.296317485567194,1.6978373684472043,1.7249255522904383,-1.4456084735281995,-0.6119500513121057,-0.0482719712385073,-0.0763352246191041,1.1933295290839965
-1.057869775318521,-0.3522899599410134,1.2475427002402746,1.8444826412765651,0.3677195093570627,-0.00815619867869,-1.3701776641475216,0.1552052497954855,-0.1621578615842613,-1.2875396545042683,-0.8688839414338544,0.5355082301674194,-1.3086001306794843,-1.213516055958502,-1.5437638515398364,0.5667922949274743,-0.0465666702044637
0.733988934654171,0.3798211609008124,2.10208746593893,-0.6197455555631033,0.9114968042463952,-0.7161666575114942,-1.459765949127748,0.2150617139298859,-1.406396881362864,-0.5839204524836267,-0.7526862573777577,0.3960023742762302,-1.8325387190644224,-0.9599481039828806,-0.3422429612002517,-2.1164247901950786,-1.2351459545403525
-0.104270710618741,1.7359035117016108,-0.3423702222080411,1.3107243596413694,-0.3285816438914525,1.139667079522093,-1.4131592379460645,0.9172834166010017,-0.3261537100406379,-0.5237074672371448,0.3441491897088001,0.4229681475462967,0.36373475974521,-1.5740625096454353,1.2647728079758127,-1.347289961735569,0.2315001381439847
1.8058307407824463,-0.2612783546363118,-0.4347086913074012,0.5119004761461649,-0.8584305421213863,1.068643115721856,-0.4840101529502461,0.9716532969328544,-1.109911463358464,0.0072877185928453,-0.2828907352201715,-1.9603833468888416,-1.5672650906986176,-1.1635222013051525,-0.6518380637988349,-0.5550509962625912,-0.1786221868352107
1.862391671488583,-0.768794425245478,0.9428277588745512,-1.551380487630022,2.8481495824243255,0.59892609306024,-1.6963685119185146,-0.0163848671425624,0.5479721830833953,0.672715719445431,-0.4260669844155838,-0.0367079578792843,1.694758083975797,-0.8180145786627239,-2.2668465221037315,-0.2103880075507481,0.383629872040384
0.6285218183200828,0.4762325815476321,0.421825403057013,0.4404565843285812,1.276360442910171,-0.2969705914260559,0.8915607883953658,-1.5685406301579303,-0.252749982720157,-0.4866543301962773,0.5587339893304913,-0.5444771504804112,-1.2787624113048115,0.0086638565516315,-2.377690208474433,-2.1183994950785365,-1.1045990227335851
0.3849880185158574,0.3767343842710741,-1.0531051610080735,0.7777645049570221,1.1981637482246423,1.8395543671609889,-1.6088104380163115,-1.6636818807018878,0.4179448336165862,-0.0375399915310907,0.6103975875221066,-1.0994808675298735,0.3169913465135001,0.3453476626472235,-0.0075110676224588,0.9244440413859488,0.7072308606135096
0.0146268616775824,2.2962429032073564,-1.1558637011440962,-0.8691006896133141,0.0506509870545575,-0.2826796120181821,0.3929558949743351,-0.7070483940437908,-0.1527407888530588,0.3046415642371096,0.6869933841255462,-0.4291695979400572,0.7245916308161471,-0.1678858489714528,1.5243558661121308,1.3923545787809055,-0.0858088796242898
1.0454110729661743,-0.4675707131525939,1.4882183116161152,0.9150992824461496,0.3805775286422512,-1.6817219793304177,-1.8035231455013792,0.0636295405358996,0.9936211241181012,-0.3364301220313825,-0.2163478660485514,0.8180564751994494,0.2812188314133017,0.9886155811200203,-1.0381398940133897,-1.4279236790942371,0.4777122715285392
0.5421024643044078,1.782035575179105,1.31449940646424,1.035333760622301,-1.4950934252571877,0.3633201537959872,-0.7092424347866575,-0.1395297239902729,0.4852224311152847,-0.4580574221943188,-1.5256446791362157,-0.0173924079304342,-1.7573793800747384,-2.4472054133144847,-0.0967037951947763,0.57008248309673,-0.9394078889005842
1.1405286003698465,-1.4928058999320768,-1.7666750849932022,-0.0279294729186967,0.9388637695736396,1.0990462221116457,0.4376779321865005,-0.468147854339987,-0.6575355856580434,-2.019676462221354,-0.4903603539913317,-0.8176094694098532,-2.035371253556854,0.5802045926993675,-0.2364356386677145,-0.9626856952332742,0.7997911894507419
0.3664035751299874,2.2978024660376466,1.0694561554311233,-1.5951611669913084,0.6872173275799096,-1.1631781330113442,1.2968834966058866,-1.097310675407381,-0.5330802116172224,0.4657138181332124,-0.4045074255129467,-1.1951242142773402,-0.1755260430337218,0.8889325688303193,-0.2162173536930579,-0.9759892009224782,-2.3619582712395264
1.9017641975630553,-0.8798060995205306,0.1772782992151751,0.4488800276518945,0.6787663329499086,0.2546686994222209,-0.1822687775989578,1.5156217004056538,0.5964064477121654,1.6317036910972509,0.1610467433825947,0.0591805225140797,-0.6472693967102219,0.3460383891844109,1.3375412201970804,-1.2712285617205414,1.4470552063610451
0.1902792713065136,-0.445752287121706,1.9835358484908387,0.5085184855536269,-0.2555376136582304,-0.564467057167646,-0.352576577347325,0.1422857340262582,-1.319794532926036,0.6747753788195539,0.6046472467158683,-0.69092608880817,0.4362331270305743,-0.4430477898955005,0.779265688284247,-0.3521038618913485,0.6109783696954435
-1.2031446643159092,0.8937450957469871,-0.9334249091400462,-0.0199664440376253,0.8979821875868688,1.311436439150092,0.1129054852599175,-1.7490725732274317,0.3618772019396042,-0.4457398439779266,0.0531780815883727,1.323428111095207,0.9335103550950988,0.7695225897782108,-0.0866619511888684,0.7873474752365147,-0.1167498473067899
1.1017545845570993,-0.1105137551705664,-0.3553139867661805,0.1485664567327263,1.030023779148495,0.4670742871860845,-0.2477502417483995,1.01858056384223,0.5504296068379068,2.4233087870273553,-0.2917654067012337,1.5346592416835811,1.408019719527199,0.4815250680461762,0.3672542954007982,0.1428296138901939,0.8208194594837727
-1.5155651020884475,-0.3285156220477066,-2.237591100547514,0.8157398565085487,0.2056597113871613,0.8134683430121576,-0.401993072022804,0.1761848585123938,-0.0112404183038164,-0.1367840379857569,-1.4486586011825895,0.6696398814959984,1.7861414087778995,-1.096136179080526,0.8427715004757432,0.471130496762899,1.9384378887929783
0.3183435242851185,1.62619954313106,0.4525772424093793,1.3021497127156767,1.158285968824615,0.4246401598129614,0.0909263824551619,-0.92297227807862,0.5819980269681441,-0.1660876918829942,0.2131511602450548,0.9145870989560522,0.065325225489078,0.7451847659357104,0.2226836292487705,-0.9124380334232808,0.8135474268852608
0.1646813081776009,-1.0442040933392989,1.1670598915695265,-1.531208366321846,0.1294027004319229,-1.0999274754921682,-0.4022389689969858,-1.5170668427575105,0.903127528972394,0.4040414799526972,-0.4235767765333142,0.0099211748871957,-1.1875861508238563,-0.744646917718284,-2.090066515622234,-0.5313321503006697,-1.2730291885060885
-0.2251107026076848,1.1037238829095055,1.0904448245963816,-0.1781919441516077,1.3991579057899304,0.3029882988077193,-0.2961513417192222,-0.5997345385620273,-1.5860759126749555,0.2778937409864838,-0.1504803583934926,-1.932108345766578,-1.534449265531499,-0.2306416652479909,-1.5654022807252137,-0.2869287530752887,-2.248517640474711
-0.4084977337437475,0.5515597941135917,0.8394983463934562,0.0717168032101889,0.883492345744289,1.071384533612976,0.9225355771191128,2.8425379710079466,0.5653603649875347,-0.3231305643634369,0.4099565734099101,-0.7332557253198403,0.8134283146162277,-0.6702327933230922,-1.292666349269176,0.4258349782308619,-0.2689982217510084
0.1004312556217972,2.329904453390832,-0.6357358800052563,-0.0619207804926234,-0.7641504993112546,-0.7033692609763499,-0.1004510637770027,2.091694475691672,1.065518909349288,-1.7408453155447152,0.2218933966743544,0.3530359365381869,-0.0788953848715698,0.7198587189926475,-1.6924495844590883,0.8718607635790152,0.6717150965046104
-0.3211936437039546,2.051714267774565,-0.5285034468772828,1.1541188281212895,1.7932110683116154,0.3834368465135881,-1.5846528846807977,-1.8144406630897445,-1.010120276635412,0.4082322422148235,-2.328969566797028,1.250374279207196,0.1847644977748685,0.688860268065369,-1.1026981064341554,-0.5521843536461688,-0.3081553684704001
-1.8723252330713116,-0.0183316656833777,-0.5592544523295626,-1.4510851439967185,0.095350050976129,-1.7875612970007395,0.1013434269157357,0.1226808825931996,-0.9471319561287592,-0.562189704401367,1.5207732339255244,1.116122288507458,-0.8324782793946898,0.4804330218720023,1.8849185206939585,0.0764404022805974,0.0469120185368948
-0.506585330922096,0.848846358350404,-0.4218393799970944,0.2222626605148087,-1.6905486828632454,-1.2885882712692065,-0.4522445003178835,0.7811807239697218,-0.1151080193594311,-1.0146706665343048,-1.167142054004573,1.9095857614617349,-0.3986627213410454,0.5632875930492699,-0.9115594068789332,0.8988246594778815,0.5003993578119585
0.5787886162211869,0.0908271896320523,0.9576267105981682,-1.1689516979214571,0.0778507638473122,0.3590473124275633,1.445001831809719,-1.2276769775613996,0.968153240006694,-1.6938364000864772,0.5141020121773369,0.7662285745693248,0.2333012548508792,1.4008178393996542,-0.2449153648030862,1.345131425588482,-1.0534668914541925
0.3686334590602729,0.8000534667720699,0.3110418824372014,0.1546571998063952,0.9240543012519786,0.8550187818971262,-0.0781134655525974,0.2065901406632384,-2.4081105412445987,-0.0572147635073246,-0.1815499488128471,-0.5648379623159361,0.3919481325563827,-0.7345134912822384,-0.4103872571554333,-0.9370668332898868,0.0305730588631544
0.4422434386270464,-0.4370828661501432,-0.2304655687107929,-1.185639991910815,1.9716832109849456,-0.1226600354321336,0.939976195954473,-0.3845946270743243,1.307971675973438,0.047397617674105,0.0278369761117268,-0.4016338059467207,-0.3000596750587064,0.0905013078585058,-1.6873556540096386,-0.802453651403196,-1.0040642953104733
-1.3544492637142471,1.4371274770850826,-0.2872612185344931,0.7782100046854045,-0.0313961303866391,1.2961282452027911,-1.180192733880648,-2.5070998751899856,1.0156288320928932,0.8805517683695255,-1.1229918596211084,0.9768034031762384,1.3158319341686306,0.1320918875372147,0.8189995069546404,-1.1823980537096646,0.2160749609779521
-1.571116624062986,-1.3989490338748714,-0.8914306728905522,1.1914657715791437,0.775508370160745,-1.0980441625491264,1.0156393072796777,0.2854125764278414,-0.9393594236484724,-0.0460546441189837,0.3675843875927581,0.3677737842325237,2.549362182776675,0.9815822776977212,-0.4576207093022765,0.0602402565165981,-0.5921004479636349
0.9776451556329636,-0.6688585975394115,0.3769443181909694,-0.5543408533574251,-0.4724157883481736,-1.5329886507037394,0.9600424008929104,0.9228592503588428,-1.1911789872308811,0.4647107843445656,-0.4329044647365745,-1.3245859010079089,-1.255858849182919,0.3297876537078129,0.3396581394576534,-0.249765145292614,-1.4317550866265083
-1.2544215170874435,1.388269830464664,0.2621543198416221,-0.8941123754022342,0.6974339763740826,-2.180368751053162,0.9774636341553192,-0.8200159896740078,-0.1996905186820865,-0.2964366964785007,0.6641883731117199,-0.5275226065844583,0.3849614144770492,0.6067194589009497,1.3718601619265056,-1.017696047925095,-1.6303527264615327
-0.0456958667247721,-0.1966728804297158,3.2909709440175705,-0.9443781300943928,-1.5066714531400869,0.5255243752694658,1.514183148867161,-0.4072141791130151,0.6167705780400712,-0.8948647101955877,-0.2915929749335201,-0.6354944583757132,-0.4789637279060227,1.8996335329417209,0.0203299397109052,0.0612470097119371,-1.7186532330407145
0.2839124059398298,-0.4404656962218142,0.3284808469937153,-1.2288107774778827,-0.8034199728522822,-0.0902133158727617,0.7949848291060779,1.0433378647212646,0.8938536666810564,-1.3060932884676613,-0.7907663247623916,0.5045881157226096,0.3762504929077278,0.2241446842391731,2.973531987390353,-0.4118102714069931,0.1421167352809957
-0.3587019585568783,0.3368056815157546,0.3168887413454562,0.126637066692527,-1.3104703663595458,1.6410568670452237,0.9391372200718116,-0.5012319393115916,-0.0496984028531298,-0.0362534660545375,-1.102456270501786,1.9076148322116353,0.4046913271146122,1.4885887187931472,-0.6609575986350195,1.7300871310659651,1.5828185940079051
0.6245678061592057,0.1418772220709847,-0.2342570760296442,0.7547755744592496,0.0582098462239074,-0.6247633192683806,-1.2603388954766137,-0.2060053288951137,0.1540328039890276,0.9878645870008642,0.987567316963626,0.0769234889834944,-1.1236665863393684,1.1291172950458588,0.1300245797755574,0.7278903233270937,0.5953160595188258
1.3971851992983613,-2.0588410415470366,-1.7246747598186931,0.2637283689801429,-0.2512234384173496,0.1158765404364296,1.0297370070535927,-0.3182955902964769,-1.4350420859788162,0.3527153961329433,0.4836797825295065,-0.5123255520230809,-0.0673781421018885,-0.4414833532049192,-0.0606545178258523,0.1414053960922247,1.3068862267960886
-2.4368504382451266,-0.3539930917583435,1.3322123695175194,0.9493410797640904,-0.2286267831611762,0.6268852171111176,-0.460144868219448,-0.4310990433355909,-1.1888972726913345,0.1942031222577647,-0.00075737149663,0.895352815344679,-1.5783412630112836,-0.1036142886810203,1.3815362607725563,1.3936765855146465,-0.3854950382084653
-1.5971517897690968,2.1450927052345303,-0.4197973857817716,-1.413844482409073,0.8655454994113213,-0.6344721821137884,1.3819590054060078,-0.5200075628642786,1.2881843473043286,-1.4910961418750155,-0.8018317953802139,-0.2534379424091575,0.3004078488422292,0.7362373536876092,1.8007679960197096,-1.2849265234716134,-1.2929132817216331
-2.6312679234131364,0.0309138777836695,-0.2572355754611922,1.1797838233538724,-1.9638456671401912,-1.8973948012653343,0.9931759891246869,0.911758419808177,1.1575800070687423,-0.1033906218779287,1.192573137868952,-1.0502208150754764,0.0717241749921799,-0.1037639707298617,-0.7272018455833639,-1.2433896933911068,-1.559858323176408
-2.060059101861629,-0.6545221746555627,0.485821512356523,2.12360404037895,0.5363240401385696,-1.4552602989831869,-0.3091226078139322,0.6825636670398637,0.844466363729475,0.0614462427276847,-0.3898492628812892,0.3253731868133715,1.2683070991413723,1.2433616024758791,-0.4692895435416952,0.7989575529165681,-0.3033645115104315
0.5595443551142463,0.4278642500396595,0.2633202269482625,1.8133531912130836,0.9234358749282005,-0.780354035971233,0.2109341041540562,0.8125013770872185,0.9885591353500178,0.3077928891615396,1.4223452706846376,0.0903038908989991,-0.7762800948190413,0.0416249887137459,-0.0078512340590454,1.654612878668671,0.6164009024217295
-0.4244957848728645,0.1714158462114356,-0.9730655792572752,0.3882358902231004,-0.5886090613203454,0.020508197071749,0.2229252130216154,0.1999840622519881,0.2015987897781671,1.1817323193305067,1.4037792855202167,-2.473724183191044,0.8214265651942634,0.3573290733861141,-1.1194580155182838,-0.4030562494331301,-0.4906773211388406
2.5983403061740584,0.0971607222369561,-0.8549616162504693,0.1946247056096969,-0.9189821972298288,0.1243169605306127,-0.3726066542766771,-1.8626091379252827,-1.0124019794262722,0.4468465638482189,0.9954985021680478,1.2304033571541442,-0.9720952245524296,1.0217408418817138,0.8368363562753139,0.559271913818779,1.388837181955016
-0.7067219953596156,0.092219186580498,2.0092262733812554,-0.9577868252382696,-0.2722531541976394,0.0243657398681019,-1.3433029479565817,0.3018508184235918,1.2531699805514085,-1.8217110385930784,-0.0860947032721999,1.815552165738117,-0.050676598716864,0.8876933146284682,-1.13978681578778,0.7371017280802664,0.5194659210437252
-0.2750784928495166,0.973221944179358,-0.7406739803494219,1.197769521811679,-2.0256885243396834,0.5582702006400757,0.6680580561211221,-0.0225650339008927,0.8305955931453468,-0.6176012479274564,-1.733955577125155,-1.7434592288772313,-0.1339096626723027,0.5604926747218988,1.4127415271096029,0.2264679003285803,0.3126492644868834
-0.9338081476964344,-0.3031680251351533,0.2091173995357343,-0.772704675948466,-0.3239541936319583,1.4211940631478008,1.194944911908913,-1.034649119095905,-1.1558601208317452,-0.3036188610862272,0.4700547115109296,1.852454633494595,-0.7556453030409571,-2.4815101024985022,0.2052290361158115,0.5199872997951199,-1.401542129380505
-1.3494374504274222,1.2827207984282505,1.016043440736171,0.0776290379307377,-0.0862278148373384,0.3360673200172602,-2.007288016931076,-0.7619358840751813,0.7434956427651623,-0.576704677471387,0.8070169572094565,-0.1415407834942394,0.1478059759788755,-1.0620789923601384,-0.3856126277503347,0.6180712107951294,0.1703487618089066
1.10746866887638,0.0864769706614721,0.2655133782449111,0.9750325146387728,-0.0091205511318972,-1.0244896742188248,-2.066143074106329,-0.8659060075249992,-1.2726545338876978,-1.3044512645861743,-0.1664873859139791,-0.9708128738144524,0.8214428910993383,-1.1051750732899848,-0.1717063944003144,-0.174343448748465,0.4521374854769155
0.3892149196330577,2.145582530214611,-2.4812581527432127,-0.2764815255530146,1.0157741892899044,0.7672613074723885,0.2306458525117267,0.1731568909202584,-0.9222062569796436,-1.620194154789365,1.151078970700309,-0.5074137348229719,0.473149240625588,0.1614583452126718,0.0340382659007977,0.4918677477700066,0.0611583593045674
-1.0690368434286237,-3.1051126550698025,-0.0886450717825151,-0.5293017784835635,-0.0840664831386694,0.0696813638688888,0.0931103234434396,-0.4185808116248128,1.0408820782558676,0.2934038460065468,-0.029806627133983,-0.0374098393866875,-0.5810073361757881,1.7080675970224486,0.2036351487835565,-1.3090847246725543,-0.0084651983986825
-0.8539738849993869,0.1247440255097537,0.3655710596277683,1.0025840822579448,-0.3266254537711528,0.0258524925050095,-1.3618178781094068,-1.3314243913217023,-1.4221368090762525,1.243932484477767,0.0690810804115244,0.6079438261257746,-0.2162737395845941,1.088809737620225,-1.6445566684003028,1.4687169200508243,-0.961763836923368
-0.9975764842911554,1.0635845676743905,-0.0676066403134038,-0.4484725442912122,-0.8564330357529818,-0.1103268631500928,0.3416930909720551,1.158832425416385,1.6384740086709066,0.8712665574882598,1.2259914694167475,0.3567875870634931,0.8927600872200582,0.4858280874367152,-1.184555713878842,0.2847697847909695,0.0414197894171776
-0.6844831110828975,-1.2855817637770317,-0.5367628638721316,-2.0742702868037144,-1.2944267716362745,-0.6923277836538109,1.727500062675538,0.0593027573058428,0.1490776139163247,0.4918574322718451,-0.6819706118465014,-0.6231026952352404,-1.3677004665303696,0.301065315787958,0.923702832710994,0.7730582534917019,-0.4274308339862181
0.193650950950433,-0.0020051162143246,-0.5024654057776565,0.6340063182103427,-0.3370677003327784,-3.0013442379467348,-0.444240161465087,0.2293654545297518,1.1734326113724078,-0.3480551640250996,1.4558454536315506,1.3766466801288406,-0.2344347202627021,0.8370532721165183,1.546868628700119,1.6191924568900966,1.4095632006303074
1.127240633115663,1.0850789607925688,0.1364172530765471,0.7993674221937779,0.3495383504959218,-1.4389655858178512,0.4829590692384293,0.8453666573935212,0.5988412486978542,0.7221265117760347,0.221811437684357,0.8875295136258979,0.0256376079408131,0.0297823538233544,0.7599378178848639,-0.6621753624197244,-0.1157228388105368
0.8504491090102667,-0.4487512207679322,-0.1284912507684892,2.183224631785218,-0.6518771525208753,0.3836206146874339,-0.2680121872410945,-0.7351592167373202,0.6676133697039853,-1.2117038775614777,-0.6350020245536804,0.1950320553547339,-0.8741783495546568,-1.2889186580592995,0.8183670797176497,-0.5419078408576559,0.3080129281840691
0.1953850088273966,1.9338287329366377,-1.2520942915686917,0.456804623910836,0.0030678731666854,0.3756820600600976,-0.7797642906276273,0.5473008275850426,1.960206107426285,-0.9935233965563636,0.5984059871383163,0.8591027786015066,-1.488253514519742,-1.4363971497844614,-0.0774835666810435,-2.0482240481795633,0.1959143604530924
0.8432967545556015,0.818894981682614,-0.3211328688605454,-1.345750516485164,2.326666240611894,-0.2102764233693524,0.7416347662744386,1.1550376263455426,0.3158398570635796,0.5748665153124202,0.8612416736420697,1.4791159485127277,-0.5215839696624751,-1.01463384158765,-0.5608092397827027,0.1461887341957931,1.5430424698023928
-1.0776584699386584,-1.5171001315368595,0.6481793149020184,-0.6791955334720763,-0.8840136969597344,1.3952886331164058,0.2687505732468743,-0.4816343643514642,2.3917469855681466,-0.1736272101493068,-0.2267216540976524,-0.0437779844026247,0.7253803195540452,1.423625966337519,0.3543318723009669,0.0336282551607206,0.1159442517290842
-0.6899472682823157,0.5520657630761134,0.4514063362216045,-1.2343496908124003,-0.7140509898828254,1.216350497584176,-0.499315183816459,0.8760947896831404,1.9422125934735872,-0.3282421220993892,1.6239341605618534,0.0016761720482402,1.4387350634147285,0.1218653318029318,-0.1453709129324155,-1.2578903843318403,-1.6020529191374933
-1.643439108858282,-0.0826809269505958,4.169297267940825,0.0882072662524639,0.4901491925760901,-0.6941512851632734,0.7331019016633313,0.7056732564041577,0.1608318826499956,0.1104754620196689,0.5800794239254019,-1.3068594789934858,0.794711180485656,-1.999305628803338,0.3650761316418622,1.1783905388059452,-1.153133786986039
-1.3777429357099398,-0.2385750796370842,-0.6887861875087543,0.811330393697808,0.4358929878331554,1.8261251860580967,-0.2196583284228374,0.0758208674431158,-0.4714584340200074,-1.4555448753230136,-1.482616883069734,-0.1801522755059021,1.174427671818955,-0.6938329986015532,0.612891283421356,1.232855058442459,0.4311804462544845
0.0605752156625404,-1.0225130472556192,0.5196741216821473,0.0464062906324757,0.7786285783305191,-0.4067195752176277,-0.4758280740184369,-0.0057256577367317,-2.0815858431807337,1.1898284529441117,-1.800018201830315,-0.7493592790516183,1.0651956623991188,-0.2872760881574298,0.3565644120020397,0.6691469194559961,1.3613882102944248
-0.9001082040362909,-0.3024088540250439,1.4651971310016505,0.080111036779373,0.3614732919434262,0.2205508650640684,0.6655261315431295,0.0552472278944925,0.0733250745261941,2.4258904937865644,-0.7442244667778204,-0.070426105031334,-1.4309741088952233,-1.4454779650724323,0.9391695683332976,-0.426922859808739,0.326415917571826
-1.8078508475952897,-1.1334929031077985,1.1011250094896723,-0.3573219927079474,-1.053916222877165,0.0714935185470945,0.636622498513731,0.4667211586145443,-1.137402430029821,1.51492491714331,0.5922736890165291,-1.4999743207748777,-1.009171906582016,0.6766300940518368,0.7630294359949362,0.9422545098741132,-0.5834300672102505
-0.7779810536851778,-1.3935306932386002,1.0667483699164906,-0.919500773303588,0.6937056658767445,0.3261789940163909,1.0245996759826068,2.0029442293679485,-0.2164765311812873,0.0667774983144917,0.9100069406375306,-1.1280774159362832,0.5920098610858283,0.4522541409878108,0.1553552120762619,-1.5733805385807391,-0.2381269736416201
1.0550296115594624,1.5197758207682213,-0.3444038052871397,-1.382187314769041,0.18301571811168,-0.0471855987020547,0.7694135421887615,0.7153905813352485,1.2833184699934272,1.361381602342168,0.9306057776733466,0.3316324148551147,-0.0830609207459179,-0.3039425671130767,2.423379219706562,-0.4001921885329632,0.3656698706327395
2.0375548185690033,-1.1880687013353055,-0.4873013507049865,0.4400675120675503,0.628836420393662,0.1910373390794274,1.2321245579473157,-0.2442784771914598,0.1518051166504996,0.4773760403843737,1.236364498147145,-1.0920824402268428,0.5476324154908175,-1.7099333828332264,-0.2099770875877298,0.0180707843861019,1.165825622152577
0.732020962517902,-0.5104164279042729,-1.2467466524048874,1.322833190572014,-1.1261431717949115,0.9980206117035354,-0.5196775094653943,-0.2907028991788904,-2.671912033990996,2.1693053673490876,-0.8471494930057399,0.0570926110835526,0.9118203793227652,0.7803702893414552,0.2577653167879182,0.6911862576213835,0.7700341574706548
-0.9771078239616844,-1.760422303098132,0.800481798189666,0.0048447686746297,0.8000212914433491,1.2507736669281178,-0.6276474082576686,-1.305596827874382,-0.7057050054339628,0.1279805891269311,0.7748492947568547,0.7979844295185584,0.2064089095415477,1.0893542265773324,-1.097900537211539,-1.1396484180768385,-0.7643106977126929
1.420120735995034,0.9772834589084812,0.5596531136858345,-0.3733410984743482,0.8230747050568283,-1.123729360935187,1.3724505040413522,-0.900403346575176,-0.7410805750562888,-0.4706195111488439,0.0083925832905454,1.6529595126972698,0.2792200340503732,-0.3011160944369382,-0.6952814466284207,0.2894975285125206,-0.7901120276288216
1.211385472756909,-1.134420819219773,-1.2090622286196149,0.7558468386601639,0.1232390501491848,0.340125056471542,1.005705015454638,-0.462357740230074,0.4178914419118404,0.5588603445404439,1.9718238954513776,-0.2562395166673097,0.2367236744835507,0.9217019338676108,0.7579618537258007,-0.1161242408040107,0.8396343701073798
0.3724626674396307,2.0054696644483228,0.1614198796781533,-0.5654798296302743,0.1641148715079928,-0.0975392432374336,0.4746677840117133,-0.1199884606309401,1.379789345799073,0.2175686145552891,2.111891016549197,-1.4905453782126028,-0.5067673971231934,0.5841427382451316,-2.0366742560868385,-0.3486947049626173,-1.2164819890256344
1.8989513258790816,-1.032473607460244,-1.0856897207355498,-0.0569079865026368,1.7033747966362818,0.4705359190885357,0.4293197324605378,-0.0171135813038554,-1.1190544111576628,-0.3917967492986235,-1.398178831319852,0.3389415626652005,1.6439274278411131,1.6530931583559514,-0.0418246571964309,0.3778162411329462,0.7413673761359261
-0.0769457402733239,-0.1223969102278838,1.601537250507508,1.5684607505556885,-1.8874962022155028,-0.3097603506239038,-0.6188862114329273,-0.2959114302150633,-1.3348341602113372,0.2022698484376128,-1.4156218279110289,-1.883832810305276,0.07519201706689,0.5045249291119283,-0.3298553785639996,1.0549338064484026,-1.151759829897777
-0.0765336686993498,-0.1746291462031201,1.0653955810434963,-1.4371291324719655,-0.7101285574478369,1.2939685771453766,-1.312950174947743,0.4258356323021315,-0.1636644050795873,0.2280809577830202,-0.3604955863476962,-0.8931469092899753,-1.9839962388041952,0.1296323939196333,-0.3473829570027365,0.8512021194679548,0.6080453167488267
-1.4348621315145391,-1.2662951987221254,-0.7005108111576126,-0.353367757468226,1.2592122584907546,0.696501821804289,-0.075629164483024,0.0455015011409335,-0.2134357193530104,-1.034625820478628,1.1059787980988254,0.4449634333118943,0.6549491251636557,-1.6953664575976986,1.6688817392225852,1.0802483755145689,0.5640099401134575
-0.9692776627993278,0.8907241735065246,-0.9371390135394312,0.1464323989972454,-1.2440681603144983,0.094767902890589,0.6128289937172932,-1.3305729579723884,-1.4309869556230148,0.9712779877277248,0.8197630622765009,-1.9103156147139135,1.03502118771096,2.0864741907407613,-1.7288278373786494,-0.8994151465196424,-2.316594952583786
0.3163503485505743,1.2540502667923463,0.3598420668686564,-0.1641052763067745,0.1368532595283648,0.4037222378508304,1.15342258587172,-0.1314352813158492,-0.8239140776098257,0.4130165318619511,-1.8417575805470356,0.796193624864341,-0.2860733017727969,0.099896784636879,2.10278357315176,1.317464789795984,0.737507053701164
0.4762911369997247,-1.8695033856003531,-0.2619805290504704,-0.99875340715058,0.0524233715791203,-1.306249007067282,1.6689924359156394,-0.7411910244457769,0.7814992667009736,0.0688623661555196,-0.5802899476671063,-1.085689900420686,1.2025605273932682,0.6129624618163024,-1.5546492394764726,0.3391446643539846,-0.6200467071744518
0.8786140345980159,0.2196421657744363,0.4587559025356722,-0.8565812378710121,-0.399496327558721,0.1560365449373758,-0.4261183431584942,-0.0812985088879599,-1.8019567417786768,-2.153545597306226,0.8206386681394665,-0.1602393451999604,0.4659913199033341,-0.6946445327797426,0.7717862369251502,0.0703638791016107,-1.7582938997150916
1.5895383502362628,1.493529031941116,0.0258276913325182,0.2465709350745349,-0.3352956463892085,0.6211322188272643,-0.2396606528152431,0.1776303908253604,0.460218109604664,1.2981326318169215,0.6852296696712764,1.587308664218298,-1.1186688761444792,-0.13414907931782,1.442088881124853,0.3577647541426939,2.249140366291289
-0.224020604590909,1.6825804972976204,-0.6458322203260949,-0.1306183112150848,-0.7381032788369265,-0.9061040789663038,-1.2727787646170174,0.7100406270613947,-0.6789682516976898,0.6425188811245846,-2.379271743642363,-2.373531827290164,-0.2885612352637899,-0.1472937230947968,1.2915186731656247,1.1819598003055514,-0.2488891138049339
1.3818528748817671,0.0834631863805883,0.0760774338690714,-1.8369990800038132,-0.7070707540217351,0.4954537301979467,0.4369629548605281,1.1774016315061386,1.0818286638337362,-0.0355560450273092,0.0639229317235317,-1.4847156638519472,1.709408765982731,-1.6483962201288287,0.7983809462083158,-0.2728221292029816,1.3040562779436622
-0.6652439786119454,1.5448610926988993,-0.172616020769107,-1.000244124739283,0.4220616181494191,-0.2495743857152295,1.1760059768352575,-0.7142656509820798,0.4893664042220332,0.4897801803103956,-0.4709707700746419,-1.4301086060672208,-1.2246871033527171,2.1277497498706204,1.9663155388920488,-0.9384027189008326,-1.0085714207592376
-0.8620289047284877,-0.1092180974155181,-0.1615498252881305,-0.5069756977910549,-0.4491539039234318,0.3559012518590288,-0.1347072717094141,0.1676089559086443,-0.4236390656001863,1.6701750936387805,-1.743625968300183,0.3008794606484542,1.5838373254028788,0.8923794780434604,-2.1026957664543944,0.8562627535631994,-1.1580559528717702
1.3998019274298326,-1.8082047409028912,-0.5641915483667219,1.412840857355208,-0.4536521693203688,-1.0802360836213456,-0.4640729341413372,0.1118580119365026,-0.1018489144294662,-0.5273325142840855,-0.5482705715167463,0.2815093951689131,1.3266805551333785,-1.7924509785932603,-0.3797382233021167,1.1411115678534958,1.3747452896961938
-0.6583080565011235,-1.1944183285171373,0.0570137905977279,0.5507560795641323,0.5420745764778236,0.4374798818668736,1.2648931000434922,-1.7957184489346505,-1.3486402463447713,-0.0312629710688106,0.8430427171616542,-0.4239372307236775,-1.2912416310872317,0.5986798250122308,-0.2353441620998761,-1.0720446116526583,-1.9171345775159068
1.7177939069598849,-0.3096182530718738,-0.0195172589532678,-1.3957039456762654,0.3131976137494401,0.5709386304915585,-1.5347197156983996,0.7942479398802277,0.0095906949489827,-0.2156475715276335,0.2129596555825899,0.3680613625837549,-0.222751320016985,-0.5769165354602203,0.7427700733383904,-0.4914362295970616,0.0785215001519202
-1.1775771286018235,1.587849871821857,3.419777041174954,-0.2197634035073707,-0.6317252916292327,-0.961834734542584,0.5488212066438479,-0.8265614117460444,-0.493269566192106,-0.1695450893796045,0.7549987821148516,-0.2161278911999198,-0.1333057971619869,-0.2643596061599524,-0.5089972392646929,0.2204988836009365,-2.884222346737589
-0.9299750837152462,0.7224172266635098,-1.864677645283903,-1.0173186139649524,-0.8352092152503663,0.4593322075812935,-0.5917554586376292,-0.084665809470319,0.8729787352655148,-1.7585788497400228,-1.070600611443655,1.4304297661997345,-0.1294310274724892,-0.3764682543526151,2.1436003380893567,-0.7363092524405456,0.0871199984712609
-1.9214735274046488,-0.706075250862506,-1.863098810214903,-0.0008976708001131,-0.0279531764682176,-1.346932867507693,-0.4395490438334997,0.8385977730514923,0.7666376200048353,1.5195407751757182,0.2928705912419699,-0.3572283074154359,-0.6797519292418014,-0.7395539459593887,2.0431169406056844,-1.0374309588645994,0.6772581860907072
0.0651691415865532,0.3706828265608485,0.4967995385994814,-1.4444858888061718,-0.6209007745802707,0.2129138719454368,1.388340857417916,0.2486958606076768,1.7260845573124977,1.047557924104353,-0.8615766094907842,-0.202710108236062,0.1800975682243858,-0.5325458600768721,-0.8900035984610096,-0.2790510518966922,-0.316268892269751
1.458742151512086,-0.5121260030114458,-1.2176316078071725,0.1183695161183071,0.2644015142493316,-0.7243108822772485,1.2460571383145536,0.8235288090446329,0.1390170343240575,-1.0836531667872489,0.2913530570744198,0.5380593570095908,0.9714524759399626,0.2587455171465702,0.2121628618655279,-0.6829706615479478,1.3317349402810512
-0.366618078564516,-0.0206507174518475,0.7252260991567788,-0.809141305370435,-1.1781749882822323,1.2228083047399865,-0.7511948561848181,-0.4584313243214196,1.2697802240994145,0.7100129084118193,0.5518865854556012,-2.517680205398609,1.3730279949231292,-0.4776614166466779,-0.6354718036993435,-0.3163670325671143,-0.6434890624212665
0.8193574106207843,0.7987081704515417,-0.5611652252930711,0.5729957986110747,-0.0249995413135668,1.0764211940412485,-0.1680475795049763,0.7936230136569387,1.0693298921726746,0.5504571897063583,1.080965313239011,-0.8967241344368677,-0.3840917446063203,1.6124800606656042,1.472208338725098,0.1940185377243004,1.1749708585350154
1.5003278498084758,-0.717323967456247,-0.5303354831445315,-0.0974498774267573,0.7853938720034986,1.6115569895676902,0.8805785327870889,1.5749647929923556,1.210744613055317,-0.2216140162380912,-0.9893816978443694,-0.1602135682804157,-0.3573775498418709,0.9512283683853916,-0.3450006568871966,-1.152695033562151,0.782593053509965
0.9218442655438168,0.6912394841504633,-0.1702463251397295,0.676435042727744,-1.3393668257218043,0.447349127169068,-0.1008582070323497,1.741811219577307,-1.2670264600436894,0.0756280852675669,0.5046195763894276,-0.0003509664035668,-0.0343882934939233,-0.2993826746715691,-1.210150677150697,1.1866667168615963,0.0573500410989816
-0.495890938073846,-1.832247272944027,1.4771332982219914,-0.3745459880159494,0.8247005896810505,-0.8900395658002797,-2.4138269259444396,1.741020927532641,-1.1346541946148987,0.1576225314334081,0.6763835048197665,-0.9175004960805218,1.4577336668602876,-0.8280879996852234,0.9598977599245152,-0.3898683136697472,1.0043125313309096
-2.390485570967152,0.3309751334444245,-0.4826782977011645,-0.4228317622570203,-1.3934695150143723,-0.2905344037560323,0.5034483914593464,0.5713527055669265,-0.3470797863945274,-0.2601279358783448,1.1790471416761066,0.9003827072761086,-1.9607179204927332,0.0796944432277393,-1.3980701706856855,0.7078723763128071,-1.3625309984311278
0.3059966236697364,-1.5046329135645575,-1.5642783230715829,-0.3448820562035096,-0.626075767103433,-1.335744265372142,1.3919461605845116,-1.0315623329147938,2.1453979092935542,-1.120004195398494,-1.5968047826991163,0.1723937086403029,1.302269186202003,-1.4809824201224373,1.211263790031193,-0.1775090971585775,1.5538647247328796
-0.1767828244790178,-1.4366384842752369,-0.3085359428875746,-0.6814659874515572,-1.0088535858240826,1.006118327292115,0.0263298424723858,-1.064368173290395,-2.312111689776383,-1.2054439266961967,-2.0165596485282364,-0.3518802264453515,0.2617027543805056,0.9761315926666814,-0.3665452454387309,-1.1401144753890753,-0.841872270618263
-2.274242823421441,0.7282702712378623,2.4991370065255025,-0.2016996083077481,0.6278650156055627,-1.6522935124581466,0.9903634840007458,0.5680442419553146,-2.169896850677421,0.3700265553165485,-1.3284645571314877,0.2495235424160018,-1.1256978192248217,0.5897759035952295,0.9922922833176604,0.929178460419563,-1.048525800115416
1.2741815709431807,0.2976170012642843,1.095999848140936,-1.3630135760398852,0.6273686360060302,0.3090903772617833,0.6596510266659495,-0.0513973981616338,0.8152568178462368,0.3432032356934483,0.6760108494496737,1.07632019374525,2.144083962897915,0.213331281845297,-0.5324650347690343,1.3360576692982498,0.7045940753773915
1.6049498204928434,-1.1812491999226935,-0.6133957304073552,0.5146859444809735,0.8235573126974245,-1.997663632255844,-1.6268168855566254,0.2432214517433049,-1.3691660452969223,0.0777724362473033,-1.9757059588230896,-0.5239390535855852,-1.0644734303888663,-0.1604458480762479,1.3180553940563466,0.5198399037573271,0.8632043246753135
2.0636214873021843,-1.233719847519636,0.2690119383116413,-0.1616781865661895,-1.0218763473167238,0.3162128424962326,-0.0060732068228038,-0.2556754657664446,-0.065998313195524,-0.9154312309219744,-1.035928973788908,-0.1868701859711605,-1.0933447202403528,-0.4959615708374003,-2.0304199700073866,1.1897852096425214,-0.5675004354516617
0.6663092364405012,1.1452435519560706,2.056466644842951,1.3631768825766353,-1.6602173635877755,-0.8947797451828675,1.1863668410051955,-0.2675857821683427,-0.1498109499605986,-1.2512524025194989,-0.909805445618323,1.2214705700189072,0.0680251590438364,0.3531049265840303,0.9914972737432668,-0.0697636711544367,-0.6794088114799863
0.1236043388543916,0.3884887251870834,0.0187615340958278,1.0005532067506373,-0.8497449882150381,1.8953720813781336,-0.8012070816628049,0.5802579561870977,0.4365404181688755,-0.6031800062150228,0.771684219040961,-0.2939345088431079,-1.495344479674323,-0.3058499520332075,-0.5976854813839747,-1.45782162003628,-0.3852876402829425
-0.0414846194146282,-0.2297735865171259,0.6295899422469416,0.1455395446541303,0.6782388357756829,1.2137657469160228,-0.0443174023942211,2.0869267109076755,0.1637913211632758,0.0513522953261964,-1.6391977988092057,0.9159865090448596,-1.8566581859843825,1.0014539261929722,0.9514374648336784,0.1606935094035262,1.327474011486547
2.4151170907222923,0.0177967649210445,0.7469687064135495,1.9263940441308536,1.0239019978087929,-0.6937018034386002,-0.4746775395940711,-2.392262771533334,0.7959110761009257,-0.1999947905765105,-1.0434050435004376,-0.0208203172005285,0.392385211282523,-0.7451486520206594,-0.5783630679707854,-0.4425415440308247,-0.6539729879161609
-0.2461390334527685,-0.2729328927517681,-0.6389124125706234,-0.4091599630764929,0.919673431317692,-1.6942200108321177,-0.927944932280384,0.6464087510978664,-1.1759923702335764,0.9042028829359672,-0.546277057152669,1.013411768601633,-1.158181580407205,0.5962736407019305,-0.0090571388039933,0.2390025742497456,0.7322329953460482
-1.2340268063950652,0.9176619484726912,-0.6130193269667891,-0.5001484385320767,-1.6849040152387675,0.6291090243716141,1.1414311035924138,-2.2593393554073886,-0.8700812422838151,1.0842691947960863,0.2197530494541849,0.2551544373192091,-0.1177988561591822,-0.8437793809609335,-0.736757447555956,-0.3604343231150992,-0.9544090853113392
-1.1311398716674068,1.3694904110784591,0.5451988341126383,0.6274956642539403,-1.1707295164333131,-2.576312964515977,-0.0360608039995905,1.2660717372077068,1.232837060014121,-1.3027016969015053,-0.0461083534194935,-0.4604953769838649,0.8571901097724649,0.2159422763685132,-0.7565989364641305,-0.6303819121225595,-2.0524510223324985
0.7205506531592708,0.9580560058841484,0.3826690170012079,-0.793044093367061,0.6998725866681472,-0.3514275481920926,0.3799643938752597,0.3965486955310741,0.2761893550799109,0.2319003921573857,0.8094715811236064,0.5270767041055799,0.7485669424791346,1.7122343258288646,-0.2069980374428908,2.2990900805147727,0.5194805113119622
0.3545263005406633,-0.2529340672251574,0.999485427854841,0.6061692442935346,0.9217507652708582,-0.2056664921160747,0.1200094525227232,-0.4228090391417546,0.1766825260498293,-0.521224376221422,1.407144886174028,-1.0300853491438124,-0.1128724489824921,-0.358217694804197,1.173508740065977,-0.4058621165376807,-0.8005400792344676
-1.8975435192388777,1.9436852441292,0.8073285115385844,1.5618195045254857,-2.3246503716521243,0.1773238757310218,-0.6647575069050055,0.9243197655517928,-2.236589431582306,-0.1876896277262195,-0.5569530317596091,-0.0101661760098388,0.9475851830622088,-0.4263141595189276,0.8649687102828579,0.5058988656389707,-0.5308071990216316
0.1816161893997508,1.8969438367375175,0.3591357084995813,1.7235995158227206,-0.7474934781393949,0.2182759031286349,0.8090866570696913,0.2438002365899453,0.4607740533115634,-0.1501940165943821,0.3058693125708553,-1.600295593267708,-0.5257178652693808,0.0608776206152107,-0.7491420091814397,1.1665957785807133,-1.1116984253636166
1.3438225366475611,0.1987922691958771,-0.7083887815615775,0.0221746562228398,-1.0180366890125243,-1.0813998509301943,0.3705412382358609,-0.4528476914276922,1.738889185324776,-2.08172814901099,1.5546024984604077,-1.2275192890352244,0.4372028673364166,1.3359796163409816,-0.3276842213404004,0.248161544449049,0.5180843727992014
-1.4473145871833073,-1.0625478519996785,-1.1477877823406657,0.6080529789270656,1.2958338888005887,0.3883142567482801,2.394781530043546,1.969482931709872,-1.059562926430301,-0.4582484852215392,-0.6351321662021319,-0.0823861446170441,0.7152099542327887,-1.8310888002136831,-0.2747348346083169,-0.5209873284916433,0.6642688766217528
1.833347071601761,-0.3129802857233971,-0.5272177954799158,-0.0209801267438639,-1.6908193031846406,-1.7644501253131524,-1.285954114665342,0.0530196060851175,0.1080720979174828,-1.828731034963403,0.7901431307865491,-0.9846540245036411,-1.4696731362196322,0.0156044155938975,-0.4404826584892039,0.3339781817737091,-0.8072344189485833
-1.2938472583812737,-1.11866636250908,0.0507970152810143,-1.0980991682041883,1.1537116825005689,0.2445084957408072,-2.529045420818174,0.5753314022031846,0.0812966505390891,0.1685554256837329,0.8107007406497495,1.1760343259914,-1.1419838637648607,0.6000107633202011,0.3595046750795175,1.4868033005552843,2.476405840015415
-0.5935749283388119,-2.7350710224255934,0.0652453128398317,-0.2915309306951175,-0.1787923452710523,-1.4168840453790623,0.2339535672698203,1.4448038085603332,0.2851593627359742,-0.5197909857018431,-0.0778011976813969,0.3917988088489312,1.103726570332073,-1.9601669559539008,1.3945671835949298,-0.7261050958568855,1.6336719686391397
0.7486548095578046,0.228578413333058,-1.5482655094657642,-0.4483662426028466,-2.128227043563562,-0.498470043736694,1.7146736795740134,1.466998984118061,0.0340387419636348,0.1647675500995432,-1.583657441991128,-1.4942144341835166,-0.2852601751293752,-1.47686171357286,-0.2142867249627015,-0.717767929301495,-0.7846750121728433
-0.1382841495798203,1.5772452473393814,-1.3746920850791264,1.1066937824960308,0.1524907820032726,-0.2834707301728558,-0.8258975895083192,-0.8828494030085122,-0.2457364039538177,0.0965707380645256,-2.043331049003065,0.0521816058641485,1.2241213998907288,0.2359761661849377,0.2348501640995139,-1.8932445130941904,-0.5898474726169689
1.742387699524605,-0.9566129604626188,3.115411239529226,0.8700705629195421,0.6580497030145799,-0.6306440053635951,-0.0894982747417061,0.5857389867584468,-0.4234839757185368,-0.5447323166662985,1.7937860466991398,-0.7406748662686671,-0.1813582495744318,1.0398837386321296,0.0129124951507484,-0.2292171633308546,-0.2810240001162385
1.0989601373705733,0.7101414739142057,0.1439323480261764,-0.78083956560101,-0.3321593984107359,0.1012034344592523,-2.2675269913757568,1.7742689611452391,-0.5915200643967052,1.1865468479475223,0.5201123012312298,0.9018267181873326,0.3586470017767432,1.1221111563948416,-0.2311246239417452,1.5240138068171118,0.1462180861711232
-1.1199012662584753,1.3343166498737191,-0.2867796278353066,0.3621010302565895,1.5843694518103382,0.4430559043542877,-1.3342954366494586,1.055992436558835,0.2492111789618135,0.350518332700141,0.1860743868242488,0.002820574463694,-0.529567371202391,-0.4884788231399167,-0.647665906833176,-1.0961251692245508,-0.5647715661324523
-0.0519735911396716,1.670256704684538,0.2450678484936498,-0.423077165774378,-0.3464874591995586,1.208970939160617,-1.0284644011527584,0.6822629046502288,-2.1935418341655577,-0.7015984219162309,-1.550537868822212,-0.7880467452551954,0.9064851172711812,1.2895116279994032,-0.9630439955122536,0.2196574443301876,-0.435816149061192
-1.1752047554260705,0.5210651865109116,0.1831109995521409,-1.2285751771544535,-1.3992210085696113,-0.6050410216666013,-0.838884022803508,0.3001642778542592,1.099914539926928,-0.4656048373611842,0.7639120767881441,-0.1540005878238068,1.3468142484141128,0.9417809312434396,0.0421495717544717,-0.6982723790692953,-1.0755674262829462
1.47321844016412,-0.3303446539280423,-0.3956952586332726,-0.0994134451553113,0.1472337098928821,0.9563001605302024,-0.0538370982109709,0.3986950855461647,-1.5372326384360595,1.4432126294787877,1.1909344800984345,1.1732534492225075,-0.9439600575146104,-0.5236310460928278,0.8009135458878734,0.8908033570203793,1.3004500930753575
0.6456992907939957,0.1146337056022282,0.9555172746792768,0.0088222983189159,0.7489727717955833,0.6617420285494755,0.1399204837083221,-0.3263407422764498,-0.1925716723670608,1.694340380537881,1.5820912526468691,1.2436177073659382,-0.4682673024472826,-0.8912156019561605,0.070958031847598,-1.3748838886371662,-0.2329673741801533
1.2427835311398712,0.230624322563314,-0.574823710941707,-0.2974503849954941,-0.7697569274912628,-0.5270795241996087,0.3461563360700685,-0.8064987991898362,0.3741080667833311,1.668280718968591,0.528462218277203,0.67042044922432,0.3334669547014243,-0.5092301782098663,0.8448177268884612,0.1771078129505267,0.4450989764858016
0.3696459837744664,-0.0173786494832576,-0.3732234250090167,-0.6336460737283327,0.7514240496665432,1.1306461400215233,-1.4161306113264214,-1.6443093886747235,-0.251603010085122,-0.3770024536266637,0.7826659029262845,0.4665480887722668,-0.0897116432909478,0.3428967363223144,0.2831603288999083,0.1635819372528975,0.5769535253106668
-0.2895919969270881,-0.1338204079595131,1.1794964935121175,0.3245692094389633,-2.4914635099948454,0.4529016196128676,2.8311174570395115,1.174513138448856,0.0925030426797005,0.7385573465950858,-0.4214371140624043,0.3746725610692089,1.17759267857879,-0.9825994092301508,1.378296860428347,1.2873746399052577,1.4005379490358367
-0.250452878412383,-0.3520756731109304,1.6318173598649175,0.8384307720450573,-0.6002696917879063,0.8745201919181625,1.5336384412001758,1.5361727541973684,-0.0098912968579342,1.7771054293247608,0.983166297130687,-0.7848305122476339,1.2111819826271464,0.2019303245210942,-0.4154642373720004,-0.6911165955521184,0.6809351162331639
0.4325156967811595,-0.7781443702383576,0.2373431435225035,0.8462770883034274,0.5122140887211661,-1.8420955013946383,0.9486706654360794,-0.0409373350535396,-0.6496722868351686,1.1816657537347657,0.1119575731885066,0.033625548839196,1.650299789610335,-1.2199510061346015,-1.4706771501737717,0.7788605988679194,-0.3340412187810642
1.2216886227985797,1.3896115492818724,-0.1461327141458547,0.9818704546432884,1.3847894769994606,-0.4851233964888765,0.5626883910832722,-0.0685420648164555,0.2266985333686511,0.6325687212032443,-1.0778274621895814,0.7840242499091626,-0.5465945637823374,-0.9125919025669736,1.5933238390860447,1.4639938918523747,1.6751857687385503
-0.1604479907267889,-0.1654004028102794,-2.322169663564894,0.3955767169505467,0.6470202232170458,1.4798489829554693,-0.0739196198248688,0.3107723410103838,-0.0361476191577257,0.8670274317589652,1.2570392971396582,-0.470284025211696,-1.762491622878695,-0.0593375906036371,-0.5100396390909463,-0.2632183248780195,0.1242622783667007
1.4385681957099314,-0.4432162383705151,1.0492764224975983,-0.6375890941226808,-0.9379066386280268,1.3351008084813665,1.4484371947443166,1.9703809158498609,-1.5754023177006051,-0.807684482600718,0.8611685666328307,-0.3245618586248305,-0.3082787661548517,1.7766240333335073,0.8534836393798878,0.024616751793269,0.1399030361464275
-1.1734405041537976,0.8353472772689436,-0.6284107697144673,-1.0640986661830714,-0.0670547671626898,0.3645081711819352,-0.9198343827493166,1.2799516631496275,-0.1489478636726534,1.0558237426259711,-1.7566834645166578,1.2309436174437736,0.7351157038351073,-0.3842546144730303,-1.3421148006202286,1.1532054384007393,-0.6133526668203971
1.2010688630529482,-0.2325673952174535,0.9465705360202809,-1.0883867909028893,-1.3239136322987783,-1.462192735042117,-0.4576346949964686,1.158112955360619,-1.4625763669712657,1.51591715242116,-0.8517445192245628,2.0315796700451263,0.027142883754589,-0.6401953810230254,-1.4986380210806134,0.3500335158032602,0.7645797250567413
-0.3351460568841703,1.0330117808032755,1.5718397416903,1.6390617802724388,1.2136433156644089,0.1742404235273145,0.3493750488829776,0.3539190488545862,0.6346690354058313,1.6202976934237925,1.1227108864295574,0.8274829858210528,-2.377881419989459,0.022780862137657,-0.7452628635434989,-0.5363237186645993,0.1430880539303671
-1.4456237910111356,-0.2205605807168723,-0.6840399386630045,0.8457680976537442,-0.5187080092172333,-0.9289974691019752,1.3033955807561763,1.5077454091837816,1.3018421972575027,0.7670575109177052,0.889313330608355,0.2391363860829615,-0.5002312173813974,-1.4717663207091418,-1.0449712326883518,-0.3228952580977125,-0.5323871130610085
-0.3220812340551411,-0.386890865557877,0.9095953493126648,0.9381314372379066,-0.2965421388485891,0.1447954213830087,-0.8151503869845473,-2.348809281849038,0.9819381597912388,0.5462311427271139,-1.1092616909498252,-0.6383005586151024,-0.1636848608680141,-0.6273142690375613,0.5328698174011712,-0.971607193465578,0.0252387085341632
1.4487853879939094,0.1935475050871238,0.7910627273606382,-1.2419092448493425,0.3226802783875228,-0.1768714455947621,0.9687545047805236,-0.505292902990137,-1.1759199674695169,-0.1963326226003309,1.0155302189554003,1.689054926395826,0.6897918890478058,1.132808787851758,-0.1290948822807838,-0.9028209667824524,-0.7098488880540234
-0.3905366432693244,0.528718070004577,1.2824120629069724,0.3513824736634233,0.8135328912688553,1.4831666322768136,1.2470244782627753,-1.1776953441650342,0.3647330558742265,1.3686852864322732,-1.5494664875531012,0.8653630520871627,-0.7943737826305449,0.042990205493726,-0.5206103790859932,-1.52499769443865,-0.5406801942959237
0.3867154140690363,1.314991134402764,-0.954804305046473,1.176193439128967,0.6499322578847944,1.186886822659449,-1.085429803004368,-0.2046928736828647,1.0732497144875417,-0.1941092204716861,1.6461724324221547,1.912513518868204,0.2068110515696043,-0.5758383950841574,-1.0441431370557022,-0.3959252371434596,-0.1596154720805118
-1.505667586174782,0.8817339911616324,1.199915874338196,-1.0495579420169954,0.5308607807038276,1.1236982585672697,-0.6339521905136298,0.5425634307151319,-0.5348308100956908,-1.207358493455933,1.6885787548035085,0.2440398952081139,-0.2893639390968022,1.4617598422446954,0.429890405139272,0.5639554378985344,-0.9224997377936968
0.4929532908932695,-1.8076487858321613,-0.3037705312599194,-0.1878444872104424,-1.6884594925661809,-0.1801817925383768,-1.7720723953848527,-0.9893456313144544,1.2345990253742194,0.5376699780698123,1.2288993240208657,1.0490071752614425,0.6130523345221185,0.9051373075953048,1.4272933309936668,0.9586528642324156,1.5070786947536945
-3.271053474140763,-1.5387037711550724,-0.4800809650446231,-0.7203681044711545,0.1989901598322242,-0.1352429045384182,-0.3461576681243847,0.3900053572976654,-0.8396208228658998,-0.0519418709541058,-0.7473323128682913,-1.440745695730122,-0.5713821174995578,0.1167836103155786,-0.9013175307794752,-0.5060553139744546,-1.335362699511864
-0.7625680012382064,-1.0925079043801973,-1.1048995885652877,-1.549855546883077,0.4254684542906388,-0.1885436465219629,-1.477099434209354,1.4131230160077255,0.1316259214474281,-1.2260892572000377,0.614274008299741,1.9412635717642208,1.3020982218110042,1.03454636146552,0.7236368556476579,-0.3120008984715741,1.1586514153006535
-1.0339975242671118,0.5697771998545541,1.1280580104093842,-1.5275280240749918,0.9938876813015086,0.6729490424970549,-0.3274003876361748,2.3669728412659072,-1.484407035496917,0.8717212178661329,-0.7046579581334852,0.4702227403150099,0.398837603866325,0.5443331011542819,-0.7626764513879759,-0.2967111951866444,-0.5261594948522339
-0.0450583533262792,1.09992363382823,1.0419295774784585,1.6856824178253471,0.1381471355528841,0.8408227531786211,0.2229619191861908,1.1448508494610412,0.3568934280165685,-0.3364850185541123,-0.2577185855459402,-0.0099348432805751,0.6079831671403049,0.8103108816837858,-1.528026898391001,0.4531147478784847,-0.8100463556013915
0.4827375845907239,0.4655180177467098,-0.3046544506553379,0.906725869974934,-2.735831144364504,-0.1886156641391171,-1.8668100598369677,-0.5290103400037528,0.2860417076264562,-0.85880004496042,0.7465044328284386,0.4271817519368822,-0.9594197462283924,-1.1458836411492317,0.7398212002388341,-0.8223525694009569,-0.2591404766086417
-0.3820960601276121,0.9457923866001604,1.515756826465575,0.9010706612112164,1.0904369210054812,-0.1434167873128823,1.1571414754631255,1.4590998101941823,-1.0293018815483568,-0.14363555370154,1.08845970593431,0.3272408004065469,-1.6201764362866236,-0.5290147070536261,-1.4986795153903512,0.1170291346403163,-2.0702624209366607
-0.5389074616267422,0.6307181160126127,-0.412558632790323,-1.70768021380752,-1.807658622712672,0.7439619883922036,-0.9965826824787684,0.0242471784126335,-1.020724031033716,1.1063257612292887,1.6109536866751302,-0.2554462482534516,0.0557202770447538,1.3028269644444814,-0.4820109630115772,1.8132963860563105,-0.2948561112683741
1.2256535404809892,1.7583453217961027,0.4756344035179501,-0.100582730626835,1.115397520913917,0.5685895202212663,-0.4457090762047397,0.6858992706854147,-1.002661560145373,0.7018728873209711,-0.5932040266392895,1.4570341875788173,-0.1172931651660329,0.7533766551757494,-0.3879261819422339,-0.4951452048475604,1.3494266850024037
-0.6520166251267684,0.6568859436649299,1.3320909535605625,-0.5390269281460899,0.0213198573561637,-2.3501401271405884,-0.1704381652983605,-1.4299090834859989,1.378408777174302,-0.7422180925806854,-0.9543893701591516,-1.0387387891100006,0.0199361807867008,1.0974227952589095,0.4222733707699481,0.2436879708324964,-1.5321483166201306
0.8310022381665969,-1.1443654936188483,-1.118601707878624,-0.9358220656348696,-0.5041726538932287,-0.3938687346966894,0.1697115825012318,-0.3923959251995057,-0.1523990138859149,-0.3014023487738798,-0.5224705343384035,-1.8214620498983216,0.1438405314091354,-2.209231515269394,0.1608920364183839,-0.9821532703274222,-0.3849417191600492
-1.8495776536108868,-1.773847186046898,-1.015763223660764,-0.0614416886833092,0.1552890828785531,1.2791684820690354,-1.0156097718714585,0.5824727543909558,-0.8114794663093655,-0.9110144846397016,1.291678062141623,0.0694815223700055,-1.5028387129228746,-0.1012466362061195,1.3792754860659509,0.7006253138099722,0.1841735853650523
0.1508193472848965,-0.4786493333947099,0.6357508827901801,0.5498452731631591,1.2374914487774282,-0.7615958164830654,-0.2099200946596761,1.1165984789136276,0.0375307854776832,1.026137167088271,0.8875636922618159,0.4278684880725218,-1.825029279187356,0.6421750197174524,0.0891667675089293,-1.0377251671549443,0.2693606716338269
0.8946617458643086,-0.6468459086082331,-0.4954425240005423,-1.066114614113176,1.876621049203689,-0.4902154477459723,-1.990094786587761,-0.8522555828932146,-0.7031087606308288,0.2840879312087255,0.2301075470875009,0.4276934383050959,-0.204819827065192,0.2054415267452016,-1.881104217882646,-0.7547922809744961,0.0543358829247361
-0.5977413971200737,-1.6239440887221086,-0.4382661418720072,-2.111702645904483,-0.3621930419644648,-0.2429237394313641,-1.0875779478885474,1.261504730505344,-1.40395716463498,-0.2225788215625093,0.0479902715329023,1.7513698104987765,2.0389384176364858,-0.8234641034717138,-0.291718228045807,0.5534962516517894,1.6959210715193205
0.4461560416571206,0.9261826940077263,0.5848492766187867,0.627179531448235,-1.1415069881357056,0.0663665004936633,0.3439980442969904,-0.1545494095948409,0.4911154388548432,0.9717162149498668,0.8447330850236987,0.4692160654425464,-1.012284942421446,1.8208045221496223,-0.2370184140933348,-2.5358958375425376,-1.7829481311437851
-0.3815251502796631,-0.9331523697262109,1.4681301677547092,-1.6732379970056366,-0.8679956503011751,-1.95537389835119,1.1733298374744727,-1.028282444916132,-1.0886003878665336,0.293507240433897,1.5336862594407912,-0.1827409169625385,-1.0215737014864237,-1.187474187350422,0.0903082887131822,0.1735645860920998,-1.551598857038353
0.4658753270489631,-0.2860355274879607,0.298460705190876,-0.2667492239595137,-0.7877239475229885,-1.6117266585573962,2.056317722196418,-0.7056346717996955,-1.3145254103805504,1.031553338146242,0.539935760457055,-0.9908115036047362,-0.523333961745021,-0.8579389284413139,-0.4645962365551139,0.1620399143711826,0.3017232012868686
0.9120993938869106,-0.2213709512786309,-1.5059999821547545,0.3240280989495969,0.5246267828270157,1.3418743778442117,-0.3490164470205034,1.5619014469540695,0.8585005162633905,0.0930466384874032,-0.685668228123565,-0.158677473767952,-0.1845401876056102,-0.2829092241128615,-0.6023886197206101,-0.1655740020256329,1.3074268157053506
0.2816352103294197,-0.9352238198024196,1.0114869968708116,-0.1340172634334212,1.060579287284838,-0.3028862329123209,-0.1145460151073408,-0.2910146356373258,0.5824604605575425,-0.304635279051564,-0.791783199448225,-0.9057386024760412,-2.033197378114714,0.1295835764232319,0.2320711890186682,1.0645333727084254,0.5343818411943756
-0.7242346882600811,-0.2817484307922395,0.7823377043162734,-1.2454354584071388,-0.729517098543765,0.0531171378631399,-0.5572130270042828,-0.4600058685395445,0.5531203655363253,0.8691823050740738,-0.1819912268268917,1.1237099647019548,0.1533176034851446,1.279478426237407,-1.3397537650569895,-0.3926267850992871,0.6349209172139652
-1.7410179702091002,-2.072595091788581,0.0117013973105446,1.3034931725289025,0.3740206004966327,1.624697704118517,-0.8734603443878985,-0.7894389816717398,0.4232690931172473,-0.9710746459917022,-0.7448023184398987,-0.8503610925131362,1.002030392240985,-0.2039627321927422,1.6340863897109732,0.2036079130488402,1.6079691701163707
0.691271065974459,-0.1989351778933124,-0.8381163186461329,-0.934961219832872,0.4093392813442792,0.2521231796778376,-1.4486696533894057,1.659781179719611,1.4741757208647366,1.529499619518847,1.389646486623125,-0.1600545125507473,-0.3001070656928504,1.3733894308790373,-0.2320426975092997,-1.7330857355948737,1.5346869983833986
-1.0709455463471813,-0.7828751417839899,0.640202756818994,-0.2469372521980631,1.2297399091050802,0.1199905844063468,-0.474434163857319,-0.5432744072605582,0.402823868900976,-2.106481682896483,-0.2042139220079499,0.3240315681369285,1.3817997714259245,1.8241185403420797,-0.407905872569772,1.4100490414145914,-0.6669045308192864
0.2263065986431675,-0.024371133367619,-0.9385907596768324,0.8511464277933937,-0.4251845912638409,-1.863491461680103,-1.4085416141376903,1.047889010494706,-0.4864632993229207,0.2129159863612268,0.0816433765373295,-0.2818490123502007,0.2864082420393191,-0.1763112833147818,1.5114657267231744,-1.025784145960729,-0.2409571945615276
-0.5036777382165728,0.4591815038195423,-2.238797426449625,-0.8123941273773306,-0.8185630830252906,-0.4694722172481611,1.294005745419386,-1.193339029303448,-1.5740369663095712,-0.1277683422763149,-0.6504348258430903,0.7739225232366503,0.9001354229200206,-0.8043232589735374,-0.5870036729254768,-0.5603581545920684,-0.1229157237017286
-1.0174414431984038,0.4737080235081734,-0.9678496030270948,1.315088012450272,-0.3069369964188786,-0.3839790855587401,-1.2217903192670196,0.166752805594826,-0.9104689441153162,-1.750109149362422,-0.6676816116593293,0.7248726404779969,-0.8502456168680639,1.094882142713405,-0.27846198858822,-2.3211626146369757,-1.5807633364377545
-0.8349651880589558,-0.8827109413060681,-0.6879634926820806,-0.960724750747134,-0.7247686014921503,-2.458525890595146,1.472742835346199,-1.7218030841301577,-1.7284086895812747,0.6608451721568077,1.126612910372209,-0.614092567345615,-0.1740742236460122,-1.438916673945834,-0.6331828474360054,1.1908103376980148,-0.0191738275175996
-1.2684034021969943,-0.813991365349229,1.1923148345823438,0.6216701103669139,0.1788673377444369,0.9387903235145928,0.6551755285021676,-1.7974105815420292,0.5402155217954872,1.2844057787802967,-0.1642151634251629,0.972750210595448,0.2970798900193111,1.309098072291955,-0.1083757043977994,-1.4229558860804248,-0.7593668783254857
0.5400927349319852,0.7151873332825591,-1.0748190324015037,0.446029081969499,0.3466478449040303,0.0292864273049146,0.072157749520024,0.2224898455446353,0.8581554848507572,1.2377664470595564,-0.1575487635665776,-0.5430110334377888,-0.592989557438968,0.8798048932863826,1.670668567546319,-1.3024357508317947,0.8747398994559208
0.690455057321374,0.6042380320940488,0.0880028825208144,-0.4738480625261399,-0.5039289268644237,1.2899346657991893,-1.1235884878874294,0.7347545881595449,0.6656034211748025,-0.6745878759864482,1.041041019781994,0.6775476691031366,1.435539181210303,-0.9565554860173836,-0.7203852403216968,-2.006541359822478,-0.1931293658221178
-1.068087658091643,-0.8963634119657954,-0.0167142514409164,-1.0376372824760909,-0.0135713573095297,-0.8279214535600972,0.5876048260640618,0.0027325399736208,0.4544583804331035,1.1492547069459698,1.281861988312803,0.6292995813939308,0.4117655378394569,-0.8783128285445189,-0.4626962735293878,0.3178061670433933,-0.2980928137408348
0.0746305285356573,0.6087848458086682,-0.9422274262495934,-0.3593998645354436,-1.544553414076891,-2.9193250679987908,0.6606742492637495,-0.6543970026684878,-0.9417107702021432,-0.0653465470964646,0.069703776300686,-1.2119696760113905,-0.2876881882089007,-0.6077288403580354,-0.4417732360832019,-0.2906410382166647,-1.7047054698479385
1.603909839110362,0.988328663256034,1.790679474559033,-0.2246743357095099,-0.4295979351293127,-0.03395143461281,-1.7263579323274374,-0.8996015389107784,0.3344580531891672,-1.3126912408339368,0.8416421436649563,1.437541143303643,2.529756662877297,0.4217935177068787,-0.248896870574414,-0.7775437273970619,0.1898131360182339
-2.3220775194348877,-1.4138216834657298,0.9032164753194544,-0.6007501860477557,-0.2571422810096879,0.1520380297723806,-0.0287121326537559,1.9728779329796664,0.7395457105945511,-0.4970375767461883,-0.0629499169759857,-0.9174048365718366,-0.3169421892539599,1.1829100045113192,0.5431892862502691,0.1868257011259346,-0.577330794912544
1.0466257576843272,0.4888815686895481,-0.7294518720099523,0.1868177840680861,0.9030477653580188,-0.687096403585761,-0.8541395487649913,-1.0867669452035316,-1.3147729861636122,1.0074116712611625,-1.3456753136289157,-0.2877026260184668,0.1274090698631763,0.9057452863890854,-0.7830218110184336,0.7629628526514943,0.2961687018966051
-1.2724625723145222,0.6456940373227884,-0.6840832035669436,-1.2580228921285532,-0.7981300021568385,0.5869391747367039,-1.6201597102768015,0.6881660353137001,-0.9736938538020554,0.7762338479677122,0.1699423420118494,0.1763106200799813,-0.6577016873329423,0.3795833043295355,-0.2803373907506988,2.091441935934247,0.6370310276948388
-1.4094911606306677,-0.675520102751095,-0.3434221437961589,0.952458545848649,0.9034155317456648,1.7254464424534832,1.566458495320946,-1.6363895496309555,-0.4877036041956518,-0.3347684887608045,-1.2902341930453365,1.1236907295449283,-0.7806317393362143,-0.5768375612309842,1.2035046855519125,-1.0078152129089373,-0.0185484450737581
0.350827586773692,0.776641185011178,-0.9213042682203668,0.4077967459668069,-1.4418369381783576,0.018195458410937,-0.5610632029375989,-1.0978251508776735,-1.028873258278381,1.7786994468125723,0.7962311410465926,1.451873125374158,-1.7064064734913045,-0.7458533402857769,-0.5785837649543911,-0.7513936586588903,-0.6202141868888749
0.3018610498630342,-0.4838856633718547,1.540324065078735,-1.950726842339855,1.0968750050038585,-0.3517547005874641,-0.9086158136404362,1.206929191622916,0.6745125832593578,-0.4803870286749845,0.5537360509414082,0.4361122475635721,-0.2824213454708623,-1.0435418105062602,-1.6287286754806125,0.0528524092937273,-0.9068142098970342
0.9078458977650096,1.2034372599849936,-0.2268646234349295,-1.8382593699564431,-0.8229804525934178,-0.0360672722768611,-0.7944451939925351,-0.5604456366939428,1.0648224864234908,-0.7285241736057535,-0.4690244915548052,-0.7010322922565604,-0.7307827060177831,-0.8357750275826704,-1.0504183285350666,2.3047882934596733,-0.6042885509846202
-0.5584223007746754,-1.0116725033811766,-0.4977402632046766,0.4615311921166142,-0.4393316003042175,1.7612321577775805,0.5866490236038525,1.7230944588077188,0.532067942616439,0.9692135114680012,0.2123246015862826,0.5420394519659023,0.4533358996378838,-0.831889745731794,1.9418813765309777,0.8793709331302519,1.6724511995974822
0.8413484826418817,0.3536657485207835,0.5276501913727563,-1.629569300931709,-0.0362484932913467,0.3409410076731399,0.3427896733263925,2.314484343936476,-0.0495440706524461,0.9270342168114336,-0.26131858251887,-0.7604349852960812,-0.6365836965542035,-0.3874452528812744,-0.404148541218568,-0.6952281889590296,0.9049213851226576
0.3521072526493736,0.3840125967859862,-0.1639441849154028,-1.010971452918088,-1.866208514095464,1.4487015611329463,0.3629252232243595,-1.0494395501881155,2.0977142381103464,-0.3943245827703975,-1.5018160248433674,-0.4314581980136905,-0.7358017765269353,-0.4976656757972963,-0.1753205902895298,1.2123760217163533,0.0869763696338978
1.4430613579729843,0.387618027686066,0.5230344825125615,-1.5821911480395936,0.2001161265795373,1.3947019718435028,-1.3534778380459929,-0.7505502074459152,0.0034762770419957,-1.809962434620619,0.8137307578309093,0.7923913672666398,-0.7976054925017383,0.722639692933854,0.4027752413902673,-2.3604066967642954,0.2859386031735331
-0.4815319705059961,-2.2796749660888187,-0.5686619595983154,-0.6747039083235775,0.802891968304947,0.2398277141131867,0.3905051925508455,1.1268741819015822,-0.5851611122096807,-1.0326870638118415,-0.0843362192227916,0.463415207197883,0.0200036748058222,-0.2107351654755927,0.5292931981940294,0.0715126246005913,-0.1832374467646649
-0.7419127432697786,-0.3627585012310674,-0.1907543939878594,0.7293220665998574,-1.3168621862837857,-0.5583822797242342,-0.1151546152365317,0.0225106680488005,2.093559652639448,-0.0294276542296354,-3.103423280637706,0.4061550880301704,-0.6904655597197149,-0.8386879567535025,0.8319791880500036,-0.4039097966821223,1.852627835368157
2.0981197315977496,1.7124519679376926,-1.0307725106220211,-1.1317240412921763,-1.0308757832820137,0.613966986062802,-2.339944360387493,0.8493655696659795,-0.0073461994427375,-0.145303778711732,-0.9318282430722524,0.409889256085994,0.1395537089061277,0.5601729040004069,0.7453465843933722,0.3031043827186074,1.4276906796381348
2.0237082256564474,2.1336434125363306,-0.1452468322283008,1.0624412587566627,0.0073196827298727,-0.5440305093995941,-0.3196392173572735,0.3770070395623326,1.7499993380548284,2.5179511445148353,-0.4748955438215207,-0.5085057004361334,-1.0002036846293123,0.1435033523316922,0.8720328299500825,-1.121168805172484,1.476600940146547
0.0456516240215845,0.2191466682662773,0.339257740451925,1.1555153985613178,-1.1481929823261692,0.6212973988247127,-0.0823605322316544,-0.1189274662480269,0.8003351445144407,0.3092292806208738,-0.6162267839611597,1.1902961267518293,-0.5012548091317345,-0.1671803978902236,0.5063662686744198,-0.1549111615668533,0.6287928066742711
-1.3393805495690376,-0.8019804723362886,1.226792575190774,-1.6033391204917773,-1.5172351766172971,-0.132897120108678,0.9898464062669547,-0.3759222521007045,-1.7469298435105138,0.1684701633470711,0.9141452160178566,0.0366037864712998,-0.3189431362459447,-0.6619878404660761,-0.0255685757509156,-0.343226969424806,-1.5009878993027346
2.1334408498403157,0.0551987644966144,-1.4294902666652134,1.0886211433557105,2.4069495675580175,-1.5229912427831518,1.3337590771054506,-0.4590749868589798,-0.1267365131795327,1.001923137408617,1.3439976008158503,-0.2242836077300786,-0.7521806160874376,1.0233336901150965,-0.4399957335205591,0.4705655000065794,1.7201692062133516
-1.1408114775139566,-0.0670835044420216,-1.0750519186047705,0.7498338001928159,1.782345752635862,0.1195181656174478,-0.478105428897379,1.365305036890754,-0.8594364522545177,1.9325544537281816,-0.5137468173940019,0.0476076187663504,1.2861735109487982,-1.4790639880697498,0.1499409186415014,-0.9395840301348068,1.260812705967256
0.5376067706656001,0.7755074176825286,0.6570312200425934,-0.1287103472166244,1.8337347538291195,1.2373864760488358,0.6198978543802761,-0.3596374642543076,0.8899598017791978,0.0469482929174647,-0.5449808259598354,0.2264790661601029,-0.1720754850656733,0.1689950226752977,1.4312078257918042,1.531856709054827,1.145764242607134
-2.369699472033222,1.3132014886236565,-0.8813278078008596,0.1024922100306374,-0.5701456400440665,-2.188096917216323,0.6032670396108474,-0.5042997461099286,1.398584188873217,-0.1623565125699763,-0.3614918001073989,0.7589829187366778,-0.82401531237814,0.3022246553936077,-0.6788827513549672,0.1507820685209898,-1.1028795843278858
-0.7998035265115463,0.0286279092698665,1.3878595081821208,-0.3706645009218043,-0.9795553616897722,-1.0683268958366787,-1.3148646594026,-3.015595998017577,0.8710757025285396,0.5607086739052541,0.3999905934031173,-0.4073165409054748,0.4199889890791199,-0.4954471513430118,0.0006023586065136,-0.7513826453688001,-0.4239278496968255
0.6165433266835589,1.683165982020581,1.2573331773043572,0.8542701399002104,-0.8511828563552676,-1.882966344241207,-0.853265315390922,0.0034987003649928,1.2561450948080188,-0.4278181841112901,-0.2450647476590786,0.8146567593207494,0.5312176396491156,0.3645279577498833,-0.3437576671991025,0.2415251729381553,-0.0049025860102172
0.4502257725426473,1.1415663836884975,2.5960653173198036,-0.932539436087064,-1.7875920152978964,-0.703254719563417,-1.0861783786740824,-0.4151052734095037,-1.0464536590720384,-1.1834208984158403,0.0924737031605842,0.1479970037691179,0.4446965074505681,0.4757626474782579,-0.2329118721988805,-0.5568634894880803,-1.2992964769497797
0.9259313926562852,0.2603386599292276,0.1196681187084924,0.0950067536676448,1.900096322396798,1.6475876051645657,2.151779253934869,-0.0233599870369329,0.9645181475396892,-2.927332718193863,1.0551399972146538,0.8552732936240913,0.7983842394662544,0.4286374514833688,-0.4316578820633081,0.1570891998084909,-1.4749503223854932
0.0814063908271497,0.0871334025124789,0.2548072813580846,-0.4662998973268624,-0.0054355109036866,1.0693113025817147,-0.8459995727234779,-2.234044899502565,-1.150261627511629,-1.397163731840381,-0.1764547224273172,-0.3991830242263038,-0.3860648576974871,-1.7748443592349892,-0.7076412070230048,-0.9351009312997528,-0.2146623635794158
-0.3036155398438848,0.8427973192854679,-0.5046150506771729,1.096876464873355,0.6046750962777051,-1.130533133092348,1.339085776147847,-1.8218725044437163,2.548072254508036,-0.7588027548714756,0.074944911740607,1.2697340337709917,-0.0474033456601039,1.0610312490353104,-0.8477446371680882,-1.6583772992832784,-0.2220336409327552
0.2611887819676641,-1.4857690536533208,0.7909372268595237,0.9262529367530032,1.03365562198368,-2.0102396884874003,1.2826950536663455,0.2908310938907922,-0.0726755930871939,-1.9907629468562171,-2.0727584300851265,1.4381246496317093,1.39442815913089,0.7253072635260569,0.18128795176467,0.8221852005675623,-0.6367550142949238
0.5887732013031618,0.9386976720982154,2.057899480662339,-1.3782051107438105,1.1411185199090692,2.0226724843944033,0.6223478291183309,0.312191784055611,0.4132580182770625,0.6515207262339429,-0.2139205912158736,0.9886685040288854,-0.6716279908309754,-0.0902412414111569,0.1274820673349345,-0.3189254154811394,-0.6016172046098659
-1.6790793614442734,1.2760945685356295,-2.035038593974467,-1.560878685604092,0.0023928198410271,0.0666787706515692,-0.6963663927175235,-0.4078156872986151,1.2275635524527329,0.0443552758752071,-1.4584206786480758,-1.050939428899688,0.096445623416254,0.2847139511857869,0.0917613375692624,-0.3926889547872354,-0.4514463918186776
0.8075661744168314,0.466075690955424,0.3388652597653557,-0.4643458455438836,0.2995897592296357,0.3312046605521506,-0.6283809331801016,0.768703840496764,-0.3987948099687533,-0.0809034724735716,-1.4384624037846456,-1.4540330824615542,-1.7789759728643415,1.848353601839892,0.4828651393857348,0.1969472118820536,0.2857812440385962
-1.221403671198432,0.9001534805524539,1.102818748784189,0.4956206636298604,-1.7687550367641511,0.5031054358488074,0.9766483729232904,-0.0712363732267498,1.557698385836581,1.0642589565015652,-0.1012876462411319,-2.1164629799679484,1.4611233116845737,0.0216652868114617,-0.6912647563418807,1.0426504849441085,-0.3721130392308367
0.6523104003262293,0.8373871665417834,0.3179659041356721,1.9501540657734056,0.5641474037174334,0.7111101114714793,-0.275038728870812,-0.4549589438766097,0.5206404498339828,0.0185442018506702,1.1196540482955295,-0.8171454843985659,1.4761858588525425,1.3328023259081798,-0.3003213358833663,0.0307793293614465,0.6550071784816147
1.4253707483269584,-0.1625732910514744,0.0615645632601973,0.3982564304914743,-0.6387938217542687,0.2080182969664868,-0.4480874259070357,-2.23218076524404,-1.1527083565150735,-1.815353705982382,-0.7589504267719692,1.2411822606318217,0.4262350166647106,-0.0108391633533733,1.7034416725645831,-0.6013191289672895,0.486831029905224
1.7463804912474714,-0.4227672822421315,-1.5035164950859832,0.2501730240446141,-0.0583552232829174,-0.0182281288834383,-0.1566560933890193,0.2289255788690851,-0.4289107370733873,0.1712019904553852,-1.604257184885697,-0.5255916880552508,0.8634136251404434,-0.6122490017932163,-2.1756894035220133,0.6759216284577924,-0.8276290082479094
-0.9694123132685688,-1.3606413795513772,0.749930521528376,0.749114840520341,-0.4074909157268099,0.5261373397343382,-1.4154159040003265,-1.522815889335675,-0.1835714527982054,-0.0032218878602026,1.680752347825674,-2.1873134313759466,0.7617430254238441,-0.786811368997364,0.2997631465090445,-0.0479547607742695,-0.0343289676806996
-0.4753323811358828,0.7278109318999146,-2.8668605953863544,1.1077519560066895,-1.4808561601278305,-1.408138052584885,-0.5310429341429063,-0.5323228425823257,-1.3548152764374466,0.6679369475184042,-0.5508880066374405,2.1344151264987743,1.1928281017832,-0.0319398487789891,-1.7308943780493973,-0.5719603974565854,0.3078477869522613
-1.0860815093002076,1.9015056949200708,1.2327593358512574,-0.647521693978925,-2.7717100467115894,1.0984215540634064,0.9042460310813965,-0.8999160911950564,1.3027658289793216,-0.4439436113616133,0.8082966102969179,-1.2033905219054764,0.3312583381647861,-1.2791095349014103,-0.8173072412169391,-0.786992581142406,-0.884652595475473
1.6551084169877477,1.2602455200741511,0.0535416555295343,-0.120160234333854,-0.4398704302289196,-0.309482777055439,-1.047347986636072,-0.1450190238992203,-0.1744040460524223,0.2676724425514659,1.7606766890788264,-0.4208785440008991,0.4237660905281748,-0.4387384226410223,1.2264410943247632,-0.4482649779988151,0.6727594285368822
1.7790400001383402,-0.3647837118422802,0.3563648819765567,-0.6768926437148188,-1.7269886946091677,-1.3998550695850591,0.9902144354108467,-0.6625732096460718,-1.5974849566762304,-0.5399167917159293,-0.6994533506309967,0.359045993273976,-0.5900630017721302,0.6094079190684681,1.753438431684849,0.9529587370960024,-0.0695763848696387
0.287073789770741,0.4600260850166381,-0.7659681316620836,-1.8798685546423417,1.1469840366242978,1.2286688202751723,0.688822347200586,0.7696051578688285,-0.2543269948511474,-1.6606855398115077,-0.3391426319558349,0.2491311816812971,-0.5121335231600204,-1.6828236303745734,-1.8508989155557465,0.6188490022572384,-1.1953952325995327
-1.235896991512896,0.5248623497644077,-2.0520757666117686,-0.6183309564237517,0.3642629496189093,1.0357364030278116,0.4414130843379999,0.0118903562852195,-1.109855267165584,-1.0232005800032653,0.1299693597191512,-0.5273158999911437,-1.101067034048251,0.2507580847654265,-0.1648501263292423,1.0029358502430108,-0.8571644740621723
-0.1843792351732128,-1.0908357576253451,1.4558662614412163,-1.6193717178570683,0.3002141929991865,-0.3056630413631213,0.3001427136163928,1.9296934990028285,0.5001766271692808,0.4463673954120866,-0.7002174165504086,-0.3716542975546355,-1.1200251651986022,0.3909838246395148,-0.9433625851204545,-0.4495840615389905,0.4450394609812958
1.7827927622031456,-0.1771427957868409,1.0336820811170162,0.5173145837280256,1.0699358694194947,-1.11865353537386,-0.1473641561229139,-1.164248511382454,0.1298759512611963,1.6369344722338062,-0.9388627451514444,0.6244754837964743,0.7476043644738235,1.0993342297273014,-1.982542851886989,-0.1322107310801155,0.4921897268713167
1.238747139942013,1.4407539305202772,2.27263729004193,0.4408088006263629,1.4729605993930148,2.115183689165689,-0.0965729331679149,-0.1506506022360643,-0.124396363423008,0.7502787112064283,-0.8452929445573056,-0.937333351939148,0.0631849660815911,-1.4178925938257836,0.9964711698525852,0.0393050884147124,0.2035624090189937
1.0218138590776014,0.8918053749663543,-0.5105102167838623,0.7742777426803085,-0.0507822219918303,-1.695797638202424,0.9503268976158236,0.8740830712882999,0.9485392356520655,0.2460905185456391,-1.1247646529239743,-1.092615258108227,-0.9335469013009337,-0.3121375601077434,0.4097412111631283,-1.4758037973530174,-0.2071949155332227
-2.2348237690125288,1.2136990389662188,0.2216868566835201,-0.3039831478747111,0.9666297284164872,-1.373897571658986,-1.41524456457911,-0.2127172088034202,1.606931899034788,-1.1394528362429963,-0.8227720407750498,-1.1586794352893734,0.5074921326826378,0.5414064128622744,-0.9963082679559658,0.1838856711290267,-1.7138415366126298
-1.9581306727872811,2.3271565474632783,-0.315145117418202,0.2337324501449017,0.6981557550845692,1.011958830054443,1.1265739088142888,0.7095752738129698,0.2642584409038933,-0.441822036342943,1.7401888169698745,-1.2920397404665132,-0.3505053639789438,-0.1290125972483912,-0.5321926248203118,0.3972653904721903,-1.9681957275468005
0.9013966683229752,-0.2715552593097857,0.2745988319589115,-0.058525632946313,-1.295084364322043,-0.5536099353960433,-0.5780432491287658,1.164253617066355,-1.645299266865364,-0.1498944153316316,-0.5274032617671326,2.55839187386926,1.7108504856640636,0.7858445859229831,-0.1694044338586109,1.0735078340281443,1.1303205561164242
1.0240558318174464,-1.7143725669608525,1.2869845108865403,-0.3979122326871072,0.8527960395152887,0.8527767090819233,-0.1704400341764058,0.1297793963413641,0.1714221832908026,-1.4872742437313615,-0.4217816974114176,2.139148812049763,-0.9375128979141713,-0.0655680255314657,0.4554567145692667,-0.0725909150630174,0.5334583431124524
-0.3267395854886399,-2.3869900342677153,-0.162199856408038,0.4564786908568312,-0.7351331148554537,0.2411290867942404,2.524505186160718,0.4973733896553355,0.2068030289550901,0.2345791399244629,0.3411450931632057,0.2318489578068828,1.9302342923629716,0.5878903125820422,-0.4584479643596962,-0.1029725775907159,-0.3063884319504544
0.845658486759472,-0.6135399868886584,-0.860908208648518,-1.360600989055245,1.727545985969276,1.413593662846498,0.3677395314768512,-0.9238811395798718,0.6515745019354204,-0.9355204378542348,0.3094467369535335,-1.354345350267594,1.4464052203293436,0.0297013598077809,-2.5655248882079387,-0.5726499994493793,-1.6691660834443078
-1.8327341342425336,-0.4909876660762415,-1.8458484564449964,-0.4500253442599505,-1.064972174849821,0.7860249532501244,1.6573548022920834,1.003170443970414,-0.5706569911565311,1.0617383570176588,1.9053342374125384,0.2868305151923417,2.8240955132036327,-0.0994808367863383,-1.5922065781777277,0.5292708552309661,-1.0939221391468592
0.0683534392781426,1.9175950473821737,-0.8464959213419496,0.7336597620366258,-0.1602501567925165,0.557429333717843,-0.9433149925545092,0.4541921940494867,-0.6649388195629014,1.4775333718781098,1.4662558638038012,0.5852718666518998,-0.6304014755125663,0.43423086545913,0.0009384043188552,-1.1016333051995435,-0.0981134105391217
0.6689375431530142,-1.9164472015279213,-0.101157411606265,-0.8395329679022934,0.9652007535949038,-0.4347758175545251,-0.0691782081456848,0.8914147283040651,0.0505182995856036,-0.8587621395097068,-1.6758113194737,-0.2585742350031776,1.3712370097245266,0.792916987170552,-0.8737925616930244,1.8281131643593511,0.8781854612855445
2.5585919376772117,0.2070928248402437,0.5479627559560951,-0.4023850897498169,1.0297616212283742,0.5952033261368913,-0.7175291717570984,-0.1935842899142662,0.1435424899265609,1.8588447242954416,0.9709035206460872,-0.9691471583788852,0.1665689852983681,-0.0910500791954149,0.1065003897703471,-1.225836203053817,0.1911191056290276
-0.2457244443872867,-2.213155270926151,-0.665203259012115,-0.4803534878674854,-1.004138869540705,1.0953062313390338,-1.5313929941592004,0.6357508826803253,-0.6232877276294475,1.843834658288733,0.0673768853521939,0.3415323459280578,0.1602225371419714,0.8054412437827317,-1.3496265617805585,-0.7053858500553354,0.9924798805227206
2.985743245321456,-1.2610101838521726,-0.1285852548250693,-0.7796577388486935,0.3954724130175922,-1.091272276925524,-1.8088909254910477,1.3199297426280112,-0.1769879402562046,-0.2492510569807872,-0.1346677809265163,-0.9954981225905872,0.3048984341838215,-0.4460983075271053,0.3686248386363516,-1.0704163254920835,0.8565800462848993
1.3554113295003902,-1.6374254259426424,-0.7906081117947347,-0.4263344658563456,0.9457982684191654,-0.5634176754146647,-1.0221193440705316,0.1168434200418929,-0.157540248926682,1.7739461626917306,-0.7728315541574217,0.1641131576238438,-0.4021539145422261,-1.456625271309891,-1.4566937165547855,1.5520112169927742,0.3621113608467577
-1.7203515645085947,-0.3974960413801452,-0.9344484943437066,-0.4634261940959389,-0.1352801735798582,-1.0924266542540126,-0.1939255864197569,2.298689057512202,-1.1682358275314797,-0.2771140870654859,0.7045606028298778,-0.0675640982582553,-0.3931274565167845,-1.3207671059469963,0.2429258591512141,-1.3705919364188104,0.0639628042735793
-1.9459458498388909,-1.395462561999787,-0.2026329861178773,1.838107096298516,1.0061645016762577,-0.4964190634341485,1.0163030789910348,-1.0895495682168082,0.1936470009139723,1.0305660373820549,-1.7851103358207057,-1.564050360646189,1.017064656455391,1.3029875941342275,0.650087021278659,-0.4741460697814023,-0.2479495915397516
-0.309743670859785,-2.198566605627679,1.3878063673091452,-0.1342967129058577,-0.6179975891728384,0.3833976965678355,1.8834732125694629,-1.323612896117949,-0.3706132652118702,1.939053183502789,-1.1685157975479283,0.9505098745643304,-1.0627277043869,0.5890491620242857,-0.5875566795455447,-0.6302275751068867,0.3104059634273974
0.7340328577402798,-0.8915941609331669,-1.29643721371094,0.8981105105975945,0.3444471595621419,0.7448609251185807,2.93016420924943,-0.8594760970542646,0.5220821182064199,-0.7732524959861361,0.7385788489352895,-2.197303545182111,-0.8673408799035698,-1.0441677775683165,0.6156836629000789,0.6671773104749594,-0.1649848452226301
0.9789245749984457,-0.2046814573861013,1.1676268264598997,0.1490386477897592,1.4317494562710698,-0.885063404494355,1.1176827212620433,1.6848822590244077,1.0545249625118167,0.3536235664968258,0.0377961016930254,-1.5991137757412923,-0.1717278045627103,-0.8515673588154244,0.2328324069925715,-0.3078841848511687,-0.2156851398179164
-0.1862349775974708,1.6715517205891026,-1.4805921228174377,-2.150578833589146,-0.9516612069056152,0.953677795486538,0.6403909632721766,0.7687786044374852,-2.4456301636237026,-0.5300730492094112,0.2323400972212531,1.3896432142612742,-0.1178028000061087,-0.1070271153840027,-0.3048525943601757,-0.1511520084732059,-0.3279771883259572
0.2352020779170376,2.7521924087757332,-3.401405585804996,-1.6932757246563608,0.3193774588216029,0.0199014948591092,-0.6858982443260879,-0.965531416896716,-1.8457238974166823,-1.4936769084108792,-0.2141937797513362,-0.0840449573612846,-0.1289546387579923,-0.3794517968990326,-0.9244546461103124,-0.557418567070886,-1.044364685970349
-2.345058776503738,-1.308435555753624,0.1897109817463771,0.4640785893877574,-0.5587357404122842,0.3270738357470519,0.0713034525106904,0.1392394536902523,2.081022320640095,0.6349891932321976,0.6433377422849507,-1.1063481070979266,-0.2453574416136245,-2.0907377361028265,-1.417628966329129,1.1308911966979895,0.0004838834182901
2.171665893414798,1.1712414635678072,-1.123359203382876,1.2437571639349276,-1.6089075313280563,-1.4315886921328616,0.4962412879711935,-0.9029430561412036,-0.1118594188153948,-0.338268371145013,1.618619697942381,-0.1069854454411389,0.2244558217566677,2.159391192245506,0.4837009818434579,0.4400767045565437,0.7950199278676111
0.8777909916429238,1.859033646801915,0.4396527196576485,-1.129539562186715,0.675387164275082,0.2479390383292265,0.8071689219642074,1.3066037815505769,0.5102786790594539,-1.717132302336913,-1.5383390583489895,-0.3361634524765307,-1.239550729644327,-0.419166238715372,-0.2193203207249972,0.8512359349685038,0.4397334074942443
0.1625795574115481,1.971596343467427,-0.517867373422085,-2.4374367846399427,1.2807745829242183,0.7593243484825742,-0.4125134746277466,-1.0509055222100552,-1.677081102885118,-0.7014757924428221,0.9009600177029292,-0.4791185022769629,-0.0908448014636425,0.1280353263069704,-0.1745774899371994,0.5886618635090566,-0.8795693037434827
0.865591830184668,-0.493379485684995,-0.0632781474664162,0.2015944274712642,0.2993092240967507,1.013084706843582,2.3359116307434356,-0.1754846895079526,0.8870033050381052,0.3336896276623292,-0.3253644929124861,1.324033854907157,-0.0209041819545468,-1.4213975615971255,-0.5950785065509803,-1.2832853905318844,0.6983296916100094
-2.039595122755876,0.8635908506966123,1.1318752799947265,-0.1393516980769067,-1.4854336624741822,0.6910098308910974,-0.2136010295700884,-1.60690161964607,-0.0389552347465373,0.4923811900841628,0.5720221982573077,0.2881571062300996,-0.4617133406657261,0.3294575456484125,-0.6113422922243672,0.1350575110222212,-1.4285249509478122
-1.1807460146732929,2.163939738354373,0.1721804696163549,-1.4227612162554486,1.420481414827924,-1.1811312078306715,-0.1443441728096838,-1.3700534770303,-0.5133617915065692,-0.0612052325593371,0.8223661397295404,-0.0499143685583136,-0.180072489640873,0.6442516691113863,0.2079823201260492,1.5444155829604511,-1.4292035051195209
-0.2134258061937767,-0.1528979889427213,-0.6911220277443545,-1.8527916186900173,1.911003045411842,-1.4195214610226263,0.6462563480964616,-0.4612623626616354,1.990475021484572,1.0448064432341408,-0.7918250011407197,0.6419252080385899,-0.8652925855525584,-0.7093869504904535,0.1099494308426158,-0.0400732310595958,0.89585834803742
-1.1355976707872573,-0.2215597137666338,0.608216313208684,-1.3873560151723718,0.2057238337107932,0.6833592772021463,0.9780308761041356,-0.7365095267315193,1.382580909518186,1.237644540962921,0.5326884528473276,2.1272642009763763,0.7539887890803648,0.2169353686797718,-0.0025266754558622,-0.8547830451730241,0.5558719354301872
-0.0583019083382543,1.7114766815342244,1.774950866236903,-0.8084021082743219,-1.0637043886362652,0.3554916991002705,1.0828309001375616,-0.3774192886285415,-0.3306138017308048,-0.9781789866179316,-1.3425324722664786,-0.3473289714808649,-0.4080385475170615,0.3977850083911209,0.8461612545899929,0.1295398743848305,-1.5137251698965222
-0.3870510032292434,0.3479394460957133,-2.169842842609275,0.0666462646839532,-0.2548747640097026,1.5497912199043105,1.2769947463089906,-1.178464631583816,-1.6102007476568696,1.5903323550959525,-0.2709585555866208,-0.1798594789916026,-0.1260155615790635,0.8014034808415005,0.1635855190980155,1.228231231188292,-0.7081456120512026
0.1209515913366639,-0.5287710536161854,-1.4078942329439306,-0.2153429317140881,-0.3348930941162626,1.8664943992122849,-0.9110174551701248,-0.8750364104510694,-1.2139296851644426,-1.3624655409462876,-0.6860716496271002,1.086639449602137,-1.0135787080697107,0.8033627129163022,0.9109131105936796,1.06546548554591,1.2239190043197865
-0.8453963527348776,-1.7467359763317905,-0.549917092987818,1.8200534213869932,-0.7337376043991041,-0.6731930009293123,-1.1154894196145644,0.9436653122884834,-1.940734251820028,1.2471343322281447,-1.5704818176744082,0.0436978856998391,-1.6782067802509304,-1.4873944691819865,-0.9232489123617268,-2.034214056524176,0.1363527842920567
-0.39279653610237,0.9412736879432624,-0.6563296253924782,0.4055467840355881,1.213137380296923,-0.4706858859762466,0.1990783076847349,-0.7385658598305294,-0.4342609074809417,0.6564354000200883,0.6635824916708867,-1.0874930704851602,0.5513597261970479,-2.09543026179841,1.5793099491661224,-2.120301285977237,-0.50747497002469
-0.8504795244779073,-1.187623049807919,0.2342891496062883,-2.037717329532492,1.4269854738047447,0.2595290828906665,0.7293192509154628,-0.0955342597224254,-0.3370910133071215,-1.1206635413787065,-0.9011004929843914,-1.2435169572401292,1.8371819462785577,0.431994019169376,1.0393022719526872,0.4080297948345914,0.156336307027057
-0.5368223932076674,-0.1697229382778257,0.1665760682593768,0.95744712076691,1.2775529222213744,-0.2737274947766109,-1.3960320452432344,-2.8250397660858573,1.7648321804127836,0.8711192445212076,1.3568740418827678,0.5048454064423149,-0.6575745192969805,0.917661288281476,-1.140192173369662,1.3249728632968611,-0.1727202526472403
0.940919391784546,-0.0323529363442935,-1.4018262466496385,-0.7773221206733331,0.2065878173099271,-0.2241838082221597,-2.735088278238422,0.5473049263531105,-0.4068041823417349,0.0883118445492504,0.2887058754532214,-0.1190447115943941,0.9990818921956376,0.0049109303643983,0.3111131283837843,0.0112443562641582,1.580315739061685
0.5067782536130574,-1.5943844193750036,-0.1381470039484624,-0.6935383954009443,0.398997674177899,0.7891103601539692,0.5244777103340622,-0.0266421906834104,-0.6655533430237724,1.1097329554916666,-0.0001166825642786,0.0789661615663493,1.0718921610935137,0.3164945582513619,0.2912679813378875,-1.818047170282162,1.5245995009359807
0.370997273711106,-0.5116835602582623,1.4343952298925566,1.2461581130196575,-1.433291105675025,-2.121690744213787,-0.9731415009380124,0.6649446632269719,-0.6867286499662144,0.2514315002703636,-0.2783906091319153,-1.0874723355007092,0.1011312468300317,-0.1054398342286358,1.3453416907079525,0.4790538606560313,0.2240413528036211
0.8095480342347979,-0.487553154398237,1.7545041077431238,1.396764618824372,0.4681039415496492,-1.071696961112092,0.5183833681533883,1.5878497196514174,0.0269354167095635,1.218037526174779,1.0351817026815295,0.9460224443673336,1.0641956317464607,-0.378468171027413,-1.317410529819958,1.012162913924748,0.7700952359170695
0.827844881257248,-0.2682218546811507,-0.6811496481203652,1.921325591907481,0.0689164476149492,0.0418196876187285,-0.6914896476266424,-0.8954772804313823,-1.1512554570312887,0.5428965013169297,-1.9334065218967509,1.0010089367809445,0.9348825280487048,-0.9465578551929535,0.2318571968349529,0.4073707062300817,2.000022515883453
1.7469981511056674,0.0521448725051354,0.4287727064071403,-0.9563646490250636,-1.4010784811160484,0.158823156352952,-0.3269053058684689,0.6252584764095291,-0.4957010125593173,-1.0134525037949145,0.8022747082245143,-0.5459450503081282,2.9255688750925697,-0.0033155209515215,-0.1896315456394815,-1.461374619690045,0.8201477274866882
0.1746166072089152,0.3781975292955997,1.036821394649534,-1.4096293665126998,-0.4291749883191308,0.9909741550274628,-0.8031085491492082,-2.0683056710575816,-0.1665366292789168,1.3112604774417522,1.0913610177220925,-1.1138579698769169,-0.4457671268754898,1.1962783943340771,-0.9060588995846768,0.5885390819523053,-0.7120958450317537
-0.4378117451088159,-1.5247617050180176,0.0285756790268095,-1.3935493981761309,1.4839603349989974,-0.2052701164968138,1.079475258505788,-0.1638585563068718,0.9734298065985896,0.9779221547096284,-1.3135090851357203,-0.4825103932929659,0.3737810425645086,-0.2114147983804709,1.1419565520833337,-0.4778378195031768,0.1636381709469315
1.516466563966915,-0.8211520946087523,-0.8301807369858749,0.4427212459973861,-0.1535371180699963,-1.1160045009751924,0.7889318003504397,-0.842631162111726,1.6343138507803492,0.3275387560816683,-1.9876557593415705,0.020276305826259,1.5626770079127534,-0.8324977410332334,-1.243466508363563,-0.3661227381765461,0.3343314999109957
1.0580965203124142,0.5118898308187381,-0.9554301690714324,0.8861594542262041,0.6748980728704724,0.6081024286787217,0.9003349406168631,1.009327257790646,-0.5057266250394573,0.7735850976259616,0.569954368382682,-0.8209418943113608,0.7423156783950506,0.3374772977895991,-0.2052760742213985,-1.1254895242762704,0.1744213001563566
-0.4915927454096082,2.243600963460858,-3.130939873493035,0.1174810518183568,-1.1276961748111116,0.2435420487414698,-0.6116464024990713,0.0049027159733077,1.9946627587683587,0.5028610784946955,-1.123208342604528,1.2227458680657586,-0.1540404352210093,0.337514519456123,-0.3581795487937452,-0.7333340614360218,-0.1907794955119697
-1.3019071214238482,-1.266447960989799,0.9714342210204248,-0.123108599087417,-0.0177945296380559,-0.0069460773068148,0.7097308942310188,0.135818001063507,-0.5238991701446138,-0.0046708752812844,-1.1599398107724794,0.0787504842400059,2.597148197261043,1.707423837933056,-0.2695309233948025,0.1528212770414847,0.5961214091888186
-0.1811624944439047,0.543117455870395,0.6228867570805213,-1.534206675940234,0.1043424059005161,0.4021633509260541,1.7441363569890624,1.0559331817474689,1.1655128274246054,0.6644425252893397,-1.304873910212187,-0.3907256478031612,-0.5959968064583921,0.3844782614954588,0.9612145896011364,-2.0026860384682355,0.0679376957506907
0.3475167891043298,1.0161696989725095,0.7775836723941434,-0.4376841968273984,0.5117960106470811,1.0498879327014896,0.3297931837877134,-0.6054489163191646,-0.7518367083050701,-2.668034514525454,-0.5142195439725529,-0.7820834326226924,-1.6835355953045632,0.8613333825647965,-0.3279929467003656,0.6879360281508823,-0.7814671658825028
-0.5069624938974685,0.9383467565855292,-1.4352776647063956,-0.0791260710668042,0.3564216893111857,-0.1418477981873545,0.1765623271382262,-0.0991323507171322,-1.4522808166642978,-1.3993568329374524,-1.7682300273370617,-0.7167022597733559,-0.5750219028912722,0.1812357517335278,-0.1968973153509666,1.8417155625401984,-1.2222242302513129
0.0165240036223319,0.4273776741263707,-1.0002514551606474,1.7865498592081146,1.3603671805595845,-0.1439739003092099,-0.4246777665862646,-1.3686272959262196,-0.330980329355972,-0.371983333316118,-0.0165591169981327,1.1501170448965603,0.4301546873361817,0.6896343567506377,0.1730943117799442,0.4109872669867687,0.7292175524243157
-0.0188909317555826,0.6859836462023876,-0.0214366041011385,-0.0574066015674506,-0.8234789116028076,-1.289924315364865,1.388608765800236,-0.0726804844442353,0.4042174917976576,1.4165009154444672,-0.0371244088455693,0.752369574178029,1.2156413082480662,1.2427205047045324,0.8563387034522076,-0.651493690178969,-0.2099100755042895
-0.8782051238281964,0.7179759511210059,-1.0545593692778643,0.6635482641222179,-0.2764425109556185,-0.1400690011118866,0.4101201155318517,-0.7450682360256541,-0.2910415308486954,-0.4324596380832821,-0.9224807627166808,0.4897421788750755,2.7749148091707476,-0.6588619880394476,0.2158130869941025,-1.2232555952431643,0.350918424248021
-1.7178841927948316,0.715146946723628,0.0646488014481548,0.2386645918079069,-0.7017287417973389,-0.8744458467377667,1.2536525094835456,0.259409097151511,0.2705443942417092,-0.9606954602112602,-0.2631402227279124,-1.2863620762858312,-1.414536925220032,0.9625094587884756,0.6985573763960562,0.3181996343667204,-1.8289611601918196
-1.0800253575701102,0.1212084066686975,-0.3715815679927796,2.153550172344631,-0.557250792691178,1.974194079395635,0.4293914443014109,1.3612287573068464,-0.3036199060503507,-0.2577729529499526,1.6783147092931037,-0.0110845709000121,-0.4644977880639857,-0.0063249400023005,-0.1725206464027909,0.9673889498790048,0.942859612761265
-1.0239798142627117,-0.7893294692454416,-2.13110202162502,0.3818014590625334,-1.5130095969289763,-0.3378786331555281,-0.7301801064864534,0.5479331607403713,0.9002858693618084,0.4319956176683218,0.2072236556905859,-0.2310279863399705,0.5618157885365987,-0.0610095064617856,-0.992804736909464,0.9070990913581476,-0.0094535939257054
-0.1384483462859535,0.2098200828347788,0.1686914927839151,0.802609744424048,0.1899910386050987,0.0102000799658324,-0.2665521800571062,-1.286640603145122,-0.9203296574900184,0.370393403844987,0.1484293152912859,-1.668145497636345,1.8813129851167,-0.3021648676437066,2.3365126308706694,0.5662014548624877,0.5725201704441141
-0.9513499688727888,0.2699562188088885,0.1778161031653588,1.6615324268584175,1.021599211412351,-0.6996878294896353,-0.8441034674756182,0.0607377224829388,-0.0448170269237809,-1.8531614980563385,1.0842497812286624,0.1747556085061724,0.4425389654952744,-1.1293442244224774,1.2356048325368156,0.2959437617587544,0.0471778668590821
-1.4427006224032934,0.7019222761299962,-0.6970993619768225,-1.2700682674841433,-1.171073122262317,-0.0665822295385585,1.9935145537634291,1.0976895861857034,0.3958185222487183,-0.3739765376067864,0.2131837540143967,0.5046260301044924,-0.90767542717438,-0.0187734701287803,-0.4129939980529582,-0.395787472181366,-0.6684990893057426
-2.524847353039662,-0.3356699803351078,0.0734137732664062,0.0626980143243333,1.1906122781806687,-1.5775947724264787,0.1674336366192146,-0.1705948378868388,-1.2166637517597176,1.034163750803219,0.1174866864310725,-0.301736914704206,-1.3442829480317258,1.5777476440638465,0.6187520722059534,-0.183344570917723,-1.5784632619344463
0.759471479039848,1.0154391582073885,0.4316598780453309,-0.9134688264041698,-0.147655150283781,1.9829641769010873,-2.344132998473426,-0.3230756256421934,-0.0527164622308956,-0.7607146730041845,-2.2164645731307657,0.2323717457444318,0.426599580615055,1.0357349285023283,0.0385055833329315,0.8413441753641272,0.6653693336784133
0.351868431874605,-1.3444013032591628,1.9431723097618157,1.607816416491749,-0.3560894895586706,-0.1221359251419254,-1.2714453161905357,-0.2694059007596201,0.1647908156471083,-0.0510783514239611,0.3971403038184949,1.6830268937047388,1.3668935398559807,-0.3046981579085108,0.3488569207719555,0.9567754345280592,0.881689352398281
-0.5979068117835152,-0.1647915353467409,0.13143316196014,0.5243019039229078,0.5278537081423446,0.4370402720766854,1.0580404028699122,-0.8191484654631482,-1.011068506114292,-2.215166561629511,0.6295351687094591,0.2704285856140608,-1.6476303486171486,0.2125229090927423,-1.170546487045165,1.3938577589635683,-1.049285970711395
2.994440582213898,-1.5040039967507763,-0.6619992419734521,-0.2918764879953602,-1.1632118316733395,-0.6491427458165954,1.6871026095856747,-0.72267329976825,-0.0370987358886863,-1.343970760648408,0.950442056200292,0.3450170976377238,0.394779936822139,0.0003667387364504,-0.5539337478303082,1.072964992900418,-0.2170920073612252
0.3882977187304006,0.7860824602240205,-1.261125176198163,-0.8380778966877095,0.0910887208994921,1.0358816325282334,-2.2598770151031435,0.1719046217821286,0.4503942621161017,1.5318905854882594,-0.3089060837757782,-0.4536474801286315,-0.1416917849653579,0.2734580284636773,1.1104674290189276,0.2171402433201293,1.607898891871272
-1.302034158497016,-1.8089760993549688,0.473567356533966,0.637444309985895,0.7624511087321494,-0.77550814989188,-1.083554491956526,-0.7968758097707854,-0.9404696479542408,-0.4360079030624178,1.0307227697343848,-1.5961070379040063,-0.7212576274912793,1.6769187446122358,0.3940353267625491,1.3070393771643531,-0.9421058106492598
-1.0484994269292744,0.3778996290136549,-0.665068961104835,1.2714388848021714,0.150532472898556,-1.4652213628716433,2.3890310118823295,0.2642980994200326,-0.5692662056254836,-1.9375576371223917,1.362381465062408,-0.3441235640718174,0.5865044383684921,0.2125679729489369,-0.4509112752862838,-0.146934778059214,-2.208154896894413
-3.435869902894066,0.3449796594383096,0.331422914832169,-1.3210389177337238,-1.808481528698461,1.040549231052626,0.4071866933788306,-1.0273360985486886,0.90876198834273,-0.461977741715269,-0.3726284895392101,0.8134112058303388,0.2557585800986481,-0.8610021088544222,-0.7093967512853305,0.3547593604300852,-1.3100649313613606
-0.1992393621582446,-0.976667815776485,-2.6246365310260797,-0.7208257437039047,-0.61122698098806,0.3783588461535572,1.193759155117364,-0.7969318839285536,0.8202210600239398,-1.2016325084309256,1.2027346189919057,-0.2038694895810828,0.139088768681353,0.0427459402887197,-0.2532250769357431,-0.3843453049475065,-0.5510678340477023
-1.2998077482642412,0.7155654704714691,1.2398781492536746,-1.6041141597758253,0.6583438927478955,-1.689622351830034,-0.5749015242222558,0.0381503594588778,-1.762186530660265,-1.9249963856325285,0.1263369135066689,0.0721035105278023,-1.6022468504040697,-0.2106345451576398,-1.456137451565752,-1.2531067741613549,-2.755261390149339
0.6765914346059735,0.0163081279474515,-1.7650219232699718,-0.895019579597651,-0.8982660816873433,-1.576722255847418,-0.3630819634230856,-0.1492005817421741,0.0521073305693707,0.7579916365602632,0.2935026067658303,-2.470903002773181,-0.3393648285938517,2.007083802274338,0.2555060810267545,-0.6776230500759923,-0.7193994766717619
0.3846330350718229,0.4802996548394297,-1.271858469630888,0.866653855366288,-0.2568210913770116,0.3320752101952491,0.2979284243589642,-1.743373472962192,0.0453026162416453,-0.0249050320456889,1.0880970207514724,0.3567013048360942,1.698835650098509,-1.1094660083496857,0.2492085660511251,-2.233076485880379,-0.4775862263114705
1.0233604526025497,2.9963472762062104,0.7472794202573217,-3.0463510167739445,0.8012123918738482,0.1068720228637829,1.5257155427621223,0.6489204853219772,-1.0725476033009702,-0.2627483799687773,-1.2378541693338767,-0.6870088827226989,-0.1122561140294605,-1.511029862244948,0.922970326024537,-0.2543069247813911,-0.8644777421065352
2.716558024860276,0.4963908794618249,0.8675546908994883,1.1962260372505555,0.945366424696367,-0.0433044203393438,0.5161641873667646,-0.3436076122287412,-1.2143260719410776,-1.0480074818152705,-1.23420737998644,-0.3903574035222122,1.8544805819512111,-1.7808997305200798,1.3350182194739852,-0.8937057909510573,0.8937370356866102
-2.4563906661536,-1.798815958637903,-0.5209450491524237,1.3829199684897604,-1.2126297137066195,0.2978399622452548,0.7273848795506117,-0.6232379850757154,-1.1532503602434423,0.1202971718646298,0.5351611400572183,2.481539308484382,0.2592510869766958,-0.0077119557948674,-0.6748974012285933,-0.7077100866216387,1.0931720214040508
-1.414601702579577,-1.372469542173305,0.1443932550079441,-1.1075186358711293,-0.8197662702543854,-1.121440203613093,1.500611353122777,-1.0238225482283587,1.4154210931199311,-0.6109484003274299,-0.2066263657209977,-0.1990834606932318,-1.0506872088718706,0.3433959916120018,-1.4900433334810828,-1.4549478953196855,-2.3620966944638004
0.8051532072552472,-1.1397930424038016,0.5192094572510773,-1.0105187436442873,1.155928952059276,0.7034968663074365,-0.8489760791841827,-0.2350601866759668,0.545469771172647,-0.1200143133088461,0.3963855337859731,0.5103502178453989,0.3332754242756677,-0.7457239971706886,0.7401691794132126,0.6749214105573551,-0.361110235599475
1.8433775759792783,-1.5183422810616,0.5487253574825469,-1.1844272376332683,0.2125502296790189,0.5669781128139505,0.6071616963869563,1.170420477435771,-1.664458390796993,-1.784440351359749,-0.386919946641708,0.1568193007236764,0.135397834649266,-0.1388389667168571,0.433569500218094,-1.2958228062321109,0.3684732396712569
0.1383216335740023,-0.7246798311176323,1.8680643398212908,0.4752058798306169,-1.7697100556145535,1.2814612771518883,2.774344617838679,0.9194470669171112,0.5584794828884879,-0.6270206349822613,-0.4773656125204639,0.8953682828344198,-0.0945654731223314,0.8012897330111088,0.7024315824036484,-0.3737982782240647,-0.0032256871559401
-0.772228593442768,0.9210274359601792,0.6325402037204916,-1.7403120584937084,1.927678573211588,0.2463285665474113,-1.9131808233823384,-0.4343097565210731,0.2186028061144607,-0.9731215083429074,-0.5405554061299225,-1.7435346495848931,-0.1802911678144301,-0.1572127321463265,0.0806322625426752,0.4882426340626183,-0.9350133945062248
-0.1846461435023605,0.9457828693088388,-0.934684769756325,0.0331072498910689,0.4462103658719958,1.1306886146732795,0.7639505622926324,1.1283299296236606,-0.8103807809288947,-0.320429132445833,0.1028744312947974,1.0708586499774546,0.5332104282738259,0.5050770580208515,0.4042992996110516,1.1670839332937797,-0.7492613860723457
0.6271327216086348,0.171137964230754,0.262570190128889,-2.5247660736230473,-1.5812553248732275,0.9827079403556962,-0.3927546728589111,0.3507760908115133,0.4105330542334917,0.9598011600572351,-0.2130074536907265,0.6980483832458269,-1.056286011391265,-0.1500699246539321,-0.8189289600660862,0.2413685415948685,0.2162365633985959
-0.2673751117060447,-0.5358973974911236,-0.6527395902153855,2.2554968866324177,-0.4519724719969238,-1.1660989344615829,-0.4942334720437688,0.4043169176190155,-0.1521345301942374,2.3323243625561214,1.3549416893680477,-0.1645537022409495,-0.6067803920431875,-1.760619009544336,-0.5983671209417997,1.0923627175245565,1.9070240099888809
-0.1710260540419148,0.3376777297930217,0.5917065391903118,-2.7057946639732933,2.1217718275565742,-0.7727917176240724,-0.4938798534431668,0.7836666058268075,0.178276899790273,2.6346121379698,-1.794369360896729,0.6427725736272144,-1.1885812343417028,-0.2163148332621048,0.0100341785320231,0.35345707736551,1.0506601297582363
-1.1341166224494938,-0.0227100479347232,-0.2539557137212576,-0.4155415963700963,1.0407887441510373,0.398938259932462,1.8369295691152203,2.477878310854948,0.1097101622340996,1.0157882958808755,0.6984094017863259,0.4566622713419621,0.3927226262198016,-0.9973963631064816,0.2613831338651444,0.1792643737975509,-1.2630948892532816
-0.288279669635354,-1.018538802988846,-1.2472282174639322,0.6140212054471357,-0.7433933449127278,0.1785663176042861,-1.4024757031791366,-0.1296499747699046,-1.3961549016160704,-1.8275093883182243,-0.8404997779435722,-0.1397749337410194,0.1188610743695567,-0.8887506062551942,0.2901355427707797,-0.1497650213331028,1.4125002819030386
-0.1980247611237471,2.114700315409562,-0.7972015815045641,0.615928110737378,1.653904637471677,0.8200861907843111,-0.532813403185778,-0.2775119004135293,-1.9939202057125904,-1.7596109785865106,0.3551656671596405,-0.7756065871634373,-0.6532786779352936,-1.2036450920925157,-1.4070691114940748,-1.4987018138015231,-1.6803116463935364
-0.7375422015944162,-1.297589150301614,0.0473978779912557,-0.457167114084507,0.3282047066380811,0.7696961613389727,0.2701711682520261,0.7753486243873535,-0.6438618577293977,-0.83125644764267,0.1200042741758942,-0.7943334303775008,-0.9622926280123512,0.5721694932809934,-0.626616084519453,-0.426671773570564,-1.1813128316119057
0.8026063414960822,0.985293175710102,0.1533760633766782,0.2984602089693147,1.961915816385664,1.7537645056958682,-1.038999097681035,-1.0420640037505255,0.9074739135526824,0.3461454761611083,1.0869948454485852,-0.603391857801885,-0.5671112921186752,0.3142752235300203,-0.2320790569087274,-0.9721838334524766,-0.3390683780461253
-0.5554652743081483,-0.9867232566166516,-1.383011328941914,0.7422225255904349,-1.6825891937296764,-0.2149112330243049,-1.8651023796889457,1.1944167145707765,0.1760811960732661,1.580050445888702,0.2684674232407652,0.7960634352537558,0.9956308425183668,-0.2029339388703138,0.217094941329012,0.1346364193197747,0.2254425881813072
-0.6199328921564088,2.2519865496461815,0.1015498587809404,0.4364982121321304,0.0511375972597704,-0.0411609376027421,-0.6344980270998452,-0.6934461566505999,1.08922393005844,0.713914014618473,-0.2535025842656296,1.6209295600741498,0.4549179715876897,0.0872385980581811,1.3034581079729983,-2.0091104299513205,-0.1802972007701329
-1.3426653230934271,0.1079338867935266,0.8094509723777428,0.0191767986218483,0.6727796724756384,-0.1405092619993889,0.1444773535792695,-0.9448571772023446,1.0989627144345535,0.2427651019717855,0.5882731002044218,0.1142590269151212,-0.0263250186344143,0.874599330276923,1.2663175199935892,-0.6150749856956743,-0.1593059916827432
0.3477651032320072,1.2917460709882946,-1.3422861093275544,0.2431981115805525,-1.4974395229346895,-2.233618636386509,-0.3120612569811,-0.7620598634372752,0.5258376577480383,0.6263182750458266,-1.10129233283893,0.8678508861452165,-0.7837548866407648,-0.974169827000742,-1.9902110643759887,-0.0327462134960514,-1.154443257056321
0.7577918273725318,-0.2534867708541987,-1.4587391008780082,0.8877615266648989,0.3234046155763881,-0.2509838689718998,-0.074586769547905,0.2487777580932253,1.2195408468398703,1.4366928337729898,0.262931430153949,0.9388700296828598,-1.3167562228013203,0.2235964617625302,0.792076751480882,1.2145474390094169,1.6671777116170998
1.8715177277504744,0.7192370578953755,0.612844618069558,-2.5768513495242704,-1.684328611994621,-1.4950937100618795,0.9653553992600932,-0.4584746847280049,-0.1724857662706999,0.0657730540904144,-0.1138357222293436,0.1192439692508035,-0.1439250518177941,0.4620905511099216,-0.3644606128725716,1.045516651580697,0.9511877201718574
-0.0479692820642485,1.177571784926185,-0.1571308071416919,1.3436419548426035,0.1278952839198872,0.0903513460905428,0.5656002660385263,0.11220983735925,0.8211898783538344,1.559640990725042,0.4141640760495845,-0.6210292584700151,-0.6949814042564121,-1.7330535215313876,0.2030783020710763,1.2060714436772704,0.7298513799713592
-0.100732926415325,-0.4905500204311399,-0.1729049985307622,-2.22826981807144,1.8643761301656792,-0.3409470698240002,-0.1218948165785161,-1.7781666071087243,1.3922936092713163,0.0976227399263153,0.7564932199092383,-0.0729073830030417,-0.5340861660022523,0.1304395057957497,0.6911054150233077,0.6762719507867109,0.8059081307149507
-0.5163618990753643,-0.5904118993514605,-1.0228026218003208,0.6668170293939966,-1.275045790929556,1.4447858217766765,0.0535964304258883,-2.750169029475791,-1.0276123670072488,1.4357952163258143,-0.201384861837917,0.5959795033975267,0.951567774966024,-0.1642817055961739,-1.3266256078836811,0.2486563419767544,0.0716144222345291
-0.9093090019817088,-1.075043061455956,1.1767236074677316,-2.302654102693452,-0.0882631711964779,-0.2293541159878669,-1.4309172321975696,-0.2082523984229899,1.2384743741307682,0.4265486688516693,0.7529573759828053,1.3642896359225731,0.225070284471623,0.5425288443379964,-0.551751786670524,-0.6282427323075211,0.1804458557052549
1.826626573088287,-0.7552093948375744,0.1385198106689826,-0.4624506817394797,-0.1109900607430519,1.4258078128931049,-0.8393450944874408,0.1571269628922635,1.3933331662152075,0.2697384702480366,-0.3723234918900416,0.2033934528425567,1.1432492701692931,-0.3842774472904348,-1.0907564751721628,-0.4880121302179675,0.872266566397234
0.6431539789709892,0.7152702979884947,-0.4717369639930004,-0.4162949683738904,-1.2365379719354066,0.440533274109486,1.6838294408745218,-1.2424836109499355,-2.300521546909117,0.5359204084570615,0.4885222681583211,0.3896901341018347,0.1021247230801214,-1.230454551211903,0.2989851188986511,0.9213309282073594,0.922366332445846
-0.3516874584048964,0.7572458744981476,-0.8642736009816179,-0.2684892746641388,-0.9081228183830862,-0.0079544437252956,0.7247189387205142,-1.0862570693126612,0.3182826484334342,0.3287590506576596,1.5913502155246138,-0.6976008445501716,0.4209125484093073,-0.6907059872488232,-1.414501275325075,0.1550496104656049,-0.4634990394885796
0.1721030216007071,1.6521165627192025,0.7301101347972068,0.9925233257299496,0.3951599854026759,-0.1565784600848785,-0.4359041919621609,-1.6003949051938806,-1.4175491805355889,0.5000470522348424,-0.5203873867952831,0.1688097859957832,0.7412840849375869,-1.334833996494516,-0.5880863650379865,-0.3724060300018066,0.2444698787735137
-1.334531309914161,-1.1337450514733596,-1.7321058642834173,0.233451116887064,0.5744341116491242,-2.2275612575286203,0.6975236059801763,-0.3846866601011389,-2.351296489768424,-0.4663581621475173,-0.0855655895914417,0.7692511445117103,-1.1130422591572455,-0.0690521579906083,-0.414263682712476,1.2511690560236863,-1.129399492308028
2.153537232882906,0.986094959632706,0.2416488470189604,1.5547904282489284,-1.1240050089709506,-0.9844133781266724,-0.5727620960781301,0.6420359118874575,0.3505781694787262,1.0479874836997862,0.7572274613439648,-1.0459236127687497,1.3283668677044032,-0.2076010898612101,-0.0533167054253537,1.7646316467784129,0.3886251883933734
2.3376866688992224,-0.8620217087079014,-0.2372619305695034,1.1390383780147069,-1.2300278678866028,-0.3348865942930598,-0.4127045367352621,-0.8437664225958863,-0.0683754554247784,-1.5602081994189063,1.2441995083825388,1.8445627070711816,0.2343929867029823,0.4336262909501195,1.381863621044135,-0.1127471164778691,1.586125582370847
0.3195601502485028,-0.2464135604557049,-0.7136226003058439,-0.7029910725405188,-0.5170147137053421,0.9737176123305312,-2.3357294563962574,0.1591958463325441,0.6997918819999436,-0.3710429446606916,-1.0489194337506629,-0.4047756106950512,1.1596132166040722,0.4042886885861227,-0.0126550253950637,-1.87731876106227,0.0017050527828773
-0.3182890346718777,-0.8439259973871213,0.3293518220304497,0.2545605699228614,-0.4927631992897571,-0.5719317102828242,-0.0223625664006026,0.753025439753252,0.5877959063938171,1.8430500247147157,0.7713353752031565,0.8231264867891521,0.8671305772152059,0.8481260125366437,-0.2564372213102516,-0.6064521747802983,0.65458470286661
-1.0331925766158945,1.384339524013918,-1.099621208057241,-2.5676615495010404,-0.2212612116608979,0.920067365241343,0.2947977220457042,-0.2980495670841599,-0.7284067083857427,2.099790891461555,-0.2704545087852367,0.8045771374079641,-1.063384782583993,0.93437325604389,0.8035649427345595,-1.1902536146830522,1.3015514295418669
0.3332741734940636,-1.2671338618088144,-0.1190353123701933,-0.3168006632394039,1.1338831685598945,-0.6115379258787832,-2.3992173441503524,1.9810165395417416,0.7770105253064451,-0.3734631034766888,0.0828765948655679,0.9819590283527004,-0.2940151429226687,-0.0359343973410215,0.867333447924398,2.047182919445018,1.963826601586382
1.997757451927807,0.83173226483586,1.009202917324069,1.2471926826162576,1.235044672941237,-1.586098939366344,0.0692953251028202,1.1553166279393223,-0.8118248978579834,-0.5322361174962553,2.4869608386805133,0.4198449852762975,0.5539290694223759,-1.8081110829182645,0.5195022419113879,1.1234282863014535,-0.3154486492694643
1.2689254536929315,-1.023209566337363,0.7654768959902027,2.5160529885023104,-1.129121768640841,-0.7153933057696205,-0.4598128119147149,0.1619126886853696,-0.4382018618514116,-0.0852043651543968,-0.6114878628932252,0.2726191274223702,0.9722878522171674,0.7950642695134837,-0.9451864517767896,-0.2151920700455197,1.135180237226043
0.5900848376188815,0.7732778425261164,-0.7660486417462299,0.0214191542904901,-1.315190793599109,1.8839504512749716,0.1922890762706778,2.015220720601961,-0.5510316991046094,-0.8464549377021283,-0.5918640629134884,-0.7377398840740205,-0.0169949326500183,0.9104890547223432,-0.4952399442449167,-0.0995699727165591,0.8796740743326262
0.5022255213641865,-1.1040643439899973,1.4245805786276773,-1.2215013769467409,-2.328777938983829,1.7655619754899747,-1.2655706517372962,0.0893241299123977,-0.1676199201154461,0.5687003058856294,-0.6852546398739315,0.0581366572123118,1.4726572022158329,0.5121497019862068,-0.8856214510720639,0.2901699079389407,0.8058484052017796
1.4216504677086166,1.6405091883672982,-1.2789653736605855,2.3469618444151363,-0.5439209357276282,-0.3430203693737473,-0.6146458584107675,0.5238247073296017,-1.162594504094326,0.0341490152563291,1.8913347639239984,-0.2671266129140014,0.2462831504745091,1.3362068151288369,-0.5845247495395254,-0.0225838624835767,-0.3853861694722164
-0.35065943395321,0.0683669274575133,0.3364792675288564,0.9483757585458578,0.2057582310074594,1.8340256811163451,-1.2939769000033232,0.1423235633959547,3.071834152441432,-0.1908583414475056,0.9553273752051662,-0.46669455728319,-1.4489641385147296,-0.5266565977746177,0.9695827666156251,0.6471135658478172,0.6021451414042369
0.9280486489402492,1.0314136303882464,1.0729359097761249,0.8177902811233394,-2.5145390871912183,0.2813620605146299,-0.3487491808386623,0.052072668172325,0.0001817757552673,-0.439177704220683,0.0249529467852714,-1.1483769686701275,-0.4626811908693584,0.7233258130757126,-0.5071113407409945,-0.0409096703660111,-0.6559324324525612
-0.0382269019174209,0.373205509787703,0.3964488717858433,2.1740162481840493,-1.3211243467904517,-0.7593281706225198,0.5904540213865406,0.1105973183801064,-2.13297443465211,1.369557880061266,0.7893947828126994,-0.2138518760933815,-1.0507624749731652,-0.5153922558302572,-0.5044424866911122,1.5931654826620796,-0.141752026353143
1.8245639995933152,-0.9430802138231053,1.6639629086898475,0.5799725402490516,-0.2514631732036987,-0.406224140178042,0.5462865440348428,0.8258408481205355,-1.6086632851086156,0.7438637280741008,-0.7693685905867531,0.7726851485799605,0.3525994264280367,0.2015312482355284,1.4519455462057835,-0.9415373721700742,1.434220313618415
-0.7700306937701995,-1.4427197336584954,0.4958714122873909,0.7247258175722349,-1.2875006057447194,0.7361262220610414,-1.042036367421208,-1.2437061347447151,0.5313817637681345,-2.112363391330917,-0.8783834311014412,0.7864268783104645,-0.599682515138938,-0.837256381088984,0.1721024616613342,-0.4674820393411733,-0.4413166959867629
1.5065406838721072,-0.4919660685345247,0.7658975674392606,-0.8118615347326485,-0.1806785069075888,-0.1128282363293008,-2.0133478320628284,-0.3318801700167462,1.139994693630878,0.3773091124576392,-1.471833261166405,0.9953324647602078,0.6969389093457895,0.6222414243483474,0.5633355921234071,-0.3332896943912933,1.502842349779247
1.1103091185019829,0.9147659700342756,0.8610420805732787,0.6864781546449253,0.9546047463358266,-1.010277419480578,-0.6905859033123061,-1.4769192265979938,-0.2337063635152028,-0.2875328643576946,-1.642681317046857,-1.3585801241537985,-0.3083560523786637,1.1131900338183762,1.0124201492855145,-0.5460196614583236,-1.0980568440839251
-0.8712223571196369,-2.756292241748646,-0.3309015921413442,-0.369426977112408,-0.4878662274355844,0.4351994598414961,-0.2244705059178719,-2.806846659878143,-0.3504498314720637,-0.3576822796488297,1.2005596228141246,-0.5263060869031548,1.8548742093294577,0.6552130118978146,0.451781076478258,0.4767227947538395,-0.4562901466992003
-0.9236086714106436,2.8413934729905463,0.4483925844508314,2.4731681047802674,0.8136020931722153,0.6840274507889536,1.652822341554972,1.0258212941358074,0.4287039693039039,0.2055777846801663,-0.3287177770181934,-0.3612417831894376,-0.2509976860906371,1.3767474034457832,-1.138845474131573,0.2560604047046709,-0.9983714503777696
0.5164757109656735,-1.069005691901994,1.2975419474554517,-0.2735802628630773,-0.9217133851535558,-2.062083123171792,1.8337030281369289,0.5178527856464532,1.8142079247803864,-0.6544835847818724,0.0150872793440395,0.908187307355544,-0.2649675927616698,0.7405550226575393,-0.0446252348754388,0.6882723569131532,-0.1146783743215237
-1.1362170608985265,-3.0829556157974136,1.0843185349608866,0.3598182663171847,-1.123756683105576,-0.9536000547470384,-1.5272765226155742,2.210040942329192,1.2566945406957952,-0.76566958070376,-1.4566314587534448,-1.3095886317750487,0.7350372818590063,-0.1183532831075183,0.5703619912738702,-1.651298267470027,1.0507416534880265
-1.3362958957579192,-1.228931389671253,-0.6976090149555317,-0.4353933648229573,0.707767820095865,-0.2945937934952098,-1.5876657852388014,-1.7274158856747546,0.9047018374289444,-0.7842429279310189,1.1786251976945277,0.1806545479995273,-1.0141039367466962,0.7421085251294169,-0.031066254793547,1.7757272491136196,-0.286934913037093
-1.1759366344553277,2.06564154490092,-0.7011711260183813,1.0504972441746974,0.4531565013027147,0.2375946731823192,0.3681701023659611,-0.1112543612292984,1.1243139256928134,-0.0908247721032558,-0.5528561524218649,-0.1770626779891766,-0.2409437715064284,-0.1294745359622942,-1.698557186768322,0.3320587210711258,-1.4695175592310654
-1.8962069356974829,-1.3038390857473647,1.0252883371007675,0.0451037665869176,0.0464847699398758,1.60222473794308,-0.3724530781871898,-0.7532466377188844,-0.462947351805177,-1.4476833984711008,0.9063915503719382,-0.3514284252561399,-0.6318906108154425,1.452790854794781,0.9024792811864254,0.6407797257962514,-0.7830465168550297
2.0498174261837643,0.3180718582402603,2.188285732132408,0.6955110029947691,-0.5913528708128963,-0.163636438398803,-0.5904907132589114,1.372863693823786,-1.7066028107280746,1.5389005143373178,0.2117453059990078,-0.4282609449585569,-0.3548829831868653,-0.7357187712569087,0.176500364353675,-0.0407483465850003,0.3740879158696456
-1.2238115866852732,0.488315754314247,-0.5326559094913231,-0.6283180901132759,1.0452525620137263,-0.0720876328188072,-0.0540346042913718,-0.8938835218407513,0.3055412906566786,0.7973844418143575,-1.6814502303641137,-0.927761180005708,1.4587431490793474,-0.4593347431844109,1.6375213230622154,-0.5812573309595759,0.536324212940452
-0.8298016277350135,-0.6412922795671968,0.1875604840594227,0.1976220638200672,-0.495907217843013,-0.4214475040258834,-1.578751337567387,-0.0370831853892858,0.395098194343852,2.4838175598249355,0.3683382838765429,-1.3398617491272888,1.231914458706977,0.5386636068055939,1.7011664824476471,0.3697508512406967,1.761279304954206
1.0481536416780397,-1.9609131960216613,0.8305864908093029,0.3926070068188399,0.6289703127623489,0.6752544938263332,1.4972946440579522,-1.0102962291750113,0.2805477886428406,-0.7914457359879253,1.742360886039486,-1.0619322545981489,1.8185722307053789,-1.100386903420213,-0.3684417675560748,0.8148278430069678,-0.3169714685226631
0.0510463807953769,1.377803724168548,0.3956958665949779,-1.177422072799608,0.3308927761756334,-0.6093201840746402,-1.3401357761421933,-0.1412935002967487,-0.8986165764623724,0.9331187423991666,0.2207194026147849,1.1270702179804837,-0.1961735499849046,0.6117149552226104,0.5688901431718306,-1.7326482498880482,-0.7087700399262172
-0.8778735568938321,-0.3584860185019663,-2.331041187216576,-0.6231578093825177,-0.8984839200534543,-0.6842185236273032,0.1890138239368841,-0.1674451966869316,-4.12043025051814,-0.3772369467887617,0.0306421578885652,0.4394209185472341,-0.0694503236424101,-0.5428177228063468,0.2118252279127909,0.2816857515165085,-0.4296800170836976
0.9230405349895172,-0.6975198725181457,1.1375712896216728,1.4921448612745452,-0.97636018444837,-0.6001265754477709,1.083601390630197,-0.492794458844455,1.2727483698114648,-0.7670196461680668,1.5769238852455036,1.1894521730955714,-1.3602824766118975,1.3061870069229,0.3482918832388159,-0.3305712656778279,-0.004123359430611
-2.1796941769044516,-0.0842398917828863,0.7666529224438342,1.11091193406886,-0.343900274275878,-0.5181303249909303,1.2695584474346342,0.5851506655560015,0.54732883410326,0.699585548319483,-0.5525675731060917,1.5119817238124904,0.6226496091878602,-0.2530455316622913,-0.8570500100612244,-0.1446052040555657,-0.6899133677367424
0.0854703467443123,0.0686086373544704,1.7967572013016295,-1.4165353837149632,-0.8868466905397597,-0.0196633959823034,-0.6467503470082043,-0.9657452808340838,1.1310014058849875,-2.646454057606672,0.4728689482986716,1.2208818079250945,-0.4540805705512409,0.3822031261132656,-1.2094263157269776,0.5307745769667693,-0.4737140074349579
1.198095309185955,1.370045136741581,0.2663609382346913,0.0136905006198883,-1.719714935022769,0.0859674354795392,1.429106990546389,-1.888164837971104,-0.393983711202728,-0.2370065443754702,1.0784196127574317,0.4127654739149211,-0.6902575707893139,-0.6108745319811979,-1.2005612423136294,0.0329519981908099,-2.0937981445432894
-0.9247125309005844,-0.3395380412952152,-2.369226862929011,-0.2312059121275438,-0.9188184482876172,0.6987904641128807,-0.8378596869476689,0.7113478845665998,0.9863464156057938,-1.8701675189379243,0.9928586339113108,0.1813776431874528,-0.0149843549502061,-0.6280446052394952,-0.578531719843731,0.7182917147978767,-0.7856001711818346
-1.643312464463415,-1.143412257010989,1.7617827099958523,0.160017340608332,0.6740313211772203,0.7358461254234453,-0.789722626214388,-1.8249143297185757,-0.3358553285012827,0.9649598783583824,-0.1781643991423061,1.1143409953822252,-0.7395683937175132,-0.2145002849056264,-0.6475418617190001,-0.1056414358751154,-0.643981540746438
-1.366101088885945,1.2795217871764073,-0.7038438389304746,0.3019682978330963,2.3105535830717554,0.8506276579314994,0.910362513982019,-1.540437450395958,-0.7586200117533645,-0.0781135068356416,-0.0286696928530233,1.479937102885057,0.3330078551060993,-1.1720201581825442,-0.9078976604626476,-0.229882720310897,-1.4404838580155293
-0.2093999684937309,1.0224723870938577,0.0506768211022034,-0.1929536100825521,-0.549791122619779,0.1706337492663144,-0.3567733991243779,0.0108729803266828,0.7108777035480215,0.3408723761452852,0.9613973239575476,-1.051822269029813,-2.0262174396820947,-2.4189614769981302,-0.3385691586346827,-0.9436850599392456,-1.3027957920528808
3.311232041905505,-0.884442649457097,0.9731642487541246,0.8835826217197841,-0.7167183590500572,-0.2323117151071655,0.3653195070154917,1.5959183193147233,-1.2265785793302888,-0.3712425213996584,0.1291758863167371,0.0607303792678143,-1.7869446187008446,1.0387886541711404,0.7555424332178097,-0.0375885652796219,1.519007805207552
-2.635086253768775,0.2986400657597091,0.3048452732381215,-2.374420594342934,0.5774109338999841,-3.1471592370115595,-0.4973162732605571,0.8277437901187974,0.3982823893581512,-0.7119445957622373,0.3930876131739857,-1.2215329342908408,-0.9277186244836696,1.1244630639625464,0.1093368042835575,0.3693240131528776,-1.6418116779100758
0.1296839859009213,0.1963972600010971,1.298591453607645,0.7450051112069479,-0.6253527578898929,-0.4005369047158714,3.4047871926984814,0.5613591055965403,-0.0146808467727213,-1.0313541078850672,-0.1413500749478917,-0.4517843116068052,1.7956405072928454,-0.4408309086952398,0.1327283043164287,-0.0781644964477798,-0.0890311262261015
-0.4241194153116995,-0.4272131159950601,0.3208881130305966,-0.6726994882052081,0.2224210872949925,-1.0166604109495532,0.5660544617450908,-0.2025367416995636,-0.2500799119854533,0.5665276220060083,0.4884774462575842,-2.133220815649866,-0.3429626193092639,-1.7479139113138882,-0.2433372970401774,0.7580499643216821,-0.8263847808449127
-0.2063197200793792,-2.220178502906693,-0.4225777176137317,-1.0873301661146926,1.1448252344917618,-0.2439133998694453,1.108809711531216,-0.6481851034412152,0.8403898650209196,-0.4510350080455505,0.2457404740826211,1.2097725131529624,1.6526711349628598,0.3381458959657539,0.3483380122890988,-0.7379281843913171,0.8849678587001674
-0.1610882248953654,0.4275047780330966,-1.5326513100108248,0.5610356006561527,-0.3333119010755251,-1.2384558525880414,-0.6483743855120738,0.0354435521696974,1.0957784420982533,0.8106493790178049,-1.2713689195986466,-0.4383741426229762,0.5970296665554088,-1.366092103019129,-1.4366274649371804,2.131027324772109,0.3550042609188786
-0.0252043968805852,0.0950813418937454,1.343556041682126,-1.9676717317849337,-1.1030828929143357,-1.9372734428135752,-0.5844620419276528,-1.2296828950525436,-0.166669191547508,0.120154614420649,-0.6370222611516968,-0.3978693915458441,-2.0872035802486084,-1.6443620792439764,0.1012390064099155,-0.4915207005682688,-0.7793487496997614
-2.410163041509653,-2.1829445816886177,1.0516324377379809,-0.2699265256477017,-0.0487299188120412,0.4460474405911769,-0.8349165868643356,2.289804267335995,0.4410179290324115,-0.93433325783453,-0.1601348606649287,-1.6511495322954768,0.8386579743882562,-0.1222705486104921,0.3671387593965285,0.5349658740754883,0.8109108609906597
0.1606018995547723,-1.4823341077461625,-0.8978674111355247,2.0921430038520006,0.0476957277300714,-0.926080258410908,-0.1321866865204396,0.226358340289581,-1.6638407685743406,0.9950528209521434,-0.1815455247491257,0.0563491798442518,-1.5413381750835384,1.0453123398566475,0.4594301513758733,-0.643483872207673,0.5282904948554437
-0.6809213720943488,-0.8869663935297961,-2.650717055312365,-1.458625491495387,1.0569360451889156,0.823520248633525,-0.7897644900116878,0.4428066550246551,-0.2957880501044954,-0.6693797157010474,1.0213872068278371,-0.0634195416895033,0.1746532808907573,0.8039835551395784,-0.998033543410438,0.1749455462301326,1.240615490948887
1.5823666248284094,1.3555323015582943,-0.6282645666593794,-1.497085040556328,-0.0521414216067716,-0.6296989366151344,0.7921889051957394,0.2391108507500353,-0.593780674276038,0.8922741018699873,-0.0573452657977645,-0.3796605123490658,-0.9797417726987336,-0.315594685807013,-1.6285698027005484,0.614855874771969,0.2899118542717112
0.6653616286639935,1.250179588051308,1.8208079984525465,0.9652730611387264,-0.0451693823341953,0.5988446072529703,-0.2170419402158306,0.7092753382743485,-0.3763147791177322,0.5008481062838643,0.2517210467099954,0.6687610425835309,-1.8842263201207423,-0.2492041095972804,-0.0102005862080402,0.0775325939366984,-0.5459859951910863
0.408989084248451,1.033238548365533,-0.0438340413803749,0.2760111720973151,-0.17760874265848,-1.8790252315826228,-0.0502076798821519,-0.381198103070876,-0.8441415845483108,0.0766830119904171,-0.8137900613398689,1.12135515280361,1.6305202156342269,1.1014565371346867,-0.0896584471564043,-0.0034142516801985,-0.8801306647136997
1.538253308396716,0.5750185800730109,0.3636204630643905,-0.6455097595763172,0.5928137780828956,0.8464777070052846,-0.4210942166002436,-1.2264787817717289,2.652678262975032,-2.398387117803994,0.5812528718389115,-1.0987873925792373,0.0029060517285756,0.0407277679399855,0.682032722867692,-1.268422896989821,0.2066114088177605
-2.3539962326090333,0.8488097591210435,0.2630979003125631,1.2615855592748175,-1.0670842365160522,-0.147860637500342,-0.4807953869683424,-1.3546905309191115,-0.3646743167581199,0.0835171846386345,-1.1970851458524294,0.1830865001194749,-1.251739580936458,-0.5870366578677952,-1.129977463651412,-0.4630125816065257,-1.6795461826150602
0.4239709973598828,-0.0900783474486473,-0.5743564148484952,1.1822932957796874,0.4100967916382013,0.3239981398057855,-0.8307804144559308,0.6646655275674799,1.3717084028464936,-0.4241560607656782,1.1999724389659925,0.1583065495044985,-0.2321450884030692,-1.2455937066082168,0.0303181923033644,1.4506527981985695,1.4817018090957756
-1.626049776080673,1.225325490998392,-1.2961573243247029,-2.6372610538088868,1.9763403055013156,1.1291012479862923,-0.5059802944375222,0.0130122134709715,0.0521490898591978,0.554633819648636,0.7256144796025437,0.2231838434172124,0.2346930153453727,0.2711748687279947,-0.5489325280319166,0.648075819671982,0.8664828244880204
0.1129135943462752,-1.3128068907705284,0.979816920472318,-2.191923309043278,0.9512632617830168,-0.2796989141416469,0.248787147405884,-0.2526842011362529,2.384230243447857,-0.1559292344779412,-0.694628934546581,2.23355035123066,-1.353629333580912,-0.849304148326646,-0.1171445463902119,0.657048106452913,1.053756783344309
-1.137793845280418,-1.407855342519017,-1.036041018172558,-1.2082712891794698,0.5990699630203133,-0.420162870559643,-1.407078546009639,-0.1606593458144915,0.9665401281061016,-0.4796383824157942,0.643453267643174,0.5371840324301521,0.609856782012573,-2.0677541814589904,-0.9130066483107734,-1.4343495532677903,-1.0739987993546931
0.1281774389073036,1.0461182580763733,1.23815895364014,0.0980850992190015,0.4513635227283761,1.0505071858937565,-0.5825376871283973,-0.4515102829141484,-0.9977674736233418,0.8733384085830703,-0.7577764658356343,-0.2465358578673447,-0.1182114863312078,1.228722466717979,1.1852383774402533,0.1140136187666862,-1.2997860497105194
-0.6041007252574295,0.0618054266492786,0.7924597903983314,-0.2023847990097858,1.6078908090547075,-2.5937788699432502,-1.050972989701732,1.465421171083603,-0.9597275191416812,-1.4683080946328897,0.5685142086839264,-0.2961450557157448,-0.4054425633296556,-0.8453569212566103,0.6690378006080941,0.0202425341006558,-0.981181051132568
-1.638891115596817,-0.5326859275042036,-0.0006994807566804,0.4638100820159334,-2.5797512272397647,-0.6426174949790576,0.2131692763270128,-1.1145029937162707,-1.5532463212681564,-0.3646181104869832,-0.4672531209555753,1.1490693665503946,-0.3627349514684731,0.5625370468742005,0.1985486678535687,-1.297484401972642,-0.7352301759174427
-1.3655511785083945,-0.3456605327245889,0.7745828908844247,4.036702159124405,0.4467267320154447,1.5942792089026034,0.9033227459240952,1.233678979589946,-0.1580484032969412,0.8342804736117527,-0.5944058235525643,-0.9695104982431696,-0.4744734662023134,-0.7440128075986421,0.4207921092916642,0.227029346131966,1.3989936977042214
1.5864408991021612,-2.1151160485216636,0.4710721402756292,-1.7556020875172642,0.1917809166499271,0.2312853689508321,-1.0411025946234789,-2.210380770031567,0.1635696141418157,-0.0061366537046194,-1.3598874634271638,-0.3404045411069896,-2.0035693217707458,-0.3998594478080046,0.5660396916075785,-0.1521023717558713,-0.0088686867373162
-1.462595257409271,-0.578836289570829,1.22965234290669,-0.6928458228593726,0.2123799091829102,-0.91529631354743,-0.7445636603430049,-1.094824542283846,-1.155426824289855,1.2714407776389147,-0.0416822006258615,1.2219605283249135,1.2352162412499188,1.2436297981911093,-0.2034586942190665,-0.6830539687948066,0.0216030710694072
-0.0422501548162443,0.2922981507779802,0.6832505019658918,1.5321170065254062,-2.0626408826144793,-0.3897803884945465,-0.7432791140113022,0.6610805713634447,-0.8263606494298726,-0.2023323437792864,0.7433286380389047,0.758123015527437,-1.4337280046600616,1.2391885112103165,-1.3732063817639808,0.1515949281611986,-0.446800548071904
-1.1289010366534566,-0.0479257735876934,0.9741549283087428,-0.8093474112710003,-1.859509916188506,0.9277485804723532,-0.0143327275142772,-0.996988288743884,0.7963239696660293,0.9434749366853138,1.9370507335963372,-1.2131749018314173,0.8800425795354695,0.4624480794303083,-0.4138081063794429,1.584412911028889,-1.02064237098737
-0.5923706121294992,1.061852152599594,-0.253719584134351,2.1177976380660866,1.1594088427411513,0.3871096395147373,0.6137246784478897,-0.7990862823678037,0.9263055744633424,1.383661549822763,-0.5539427570905312,-0.0011581943992823,0.192068551053024,1.5057294215592345,-1.8238238722785096,-1.0300915664759316,0.2091911356608586
-0.3371342290659423,-0.1987489694792575,1.1495101121343567,-1.2610561248539982,0.2942092119193064,0.035135665400705,1.4252666675772494,-0.8116661946574218,0.5612764126772658,-1.0151480815317613,-3.4609837518842417,2.566450094110115,-0.0248746938972243,0.3798259512698645,-1.1850224168589594,0.1553363231462447,-1.453737463836852
-1.2106486727459425,0.2753220553925728,0.9806991992334388,0.93416723074787,0.1408614326764934,0.2881492130406404,-0.317671996187147,-0.3664213601849047,2.3892624545935317,0.1722568720136214,1.2153238245202016,0.4761998691443773,-1.0076686347221315,1.6254001595258072,1.439531908871322,-0.5528517097108665,0.2268773557407543
0.9818625446225562,1.0505283661572504,0.7725698390840816,1.4164767002617475,-0.4171341061026083,2.023502784993392,-0.1868120698944954,-1.1173362369849864,-0.4317904084434897,-1.431829315975462,-0.6662893787554266,1.0922339275790638,-0.9215956480383476,-0.1920323129669783,-0.8298931730640352,0.7877424039580518,-0.4578882779109176
0.0033498762781715,-0.0738471974465897,-0.4827732021698634,0.0307498307231426,-1.460139918589762,-0.2232771091383855,-2.0830339627606222,0.9124664479600364,1.3096004796825316,-0.5336901024894902,0.0246688139267073,-0.6019719899960403,0.4326592511609037,-0.1210094205448568,1.928841257876436,-1.2166469881480233,1.4326756398018052
-0.0038630806806869,0.0135682201572371,0.1252603733077524,-2.4182009373165516,-0.379214707523652,-1.9152802242013511,-0.5888293255632161,-0.8351163187826419,-0.6271045794377307,0.5770176065622105,1.168253027493775,-0.8372460436476314,-0.8484484784322349,2.040849558654436,0.5954328178713636,1.0689716778285412,0.1270924197748193
-0.2365884715422052,2.0621253789218814,-1.6487053473093174,-0.1638113935917244,-1.0658104819882888,-1.2594321564708677,-0.8170197587324894,0.9015939235908692,0.512231787140319,-0.5167757306817377,-1.6191648446378872,1.2742017410797315,-0.463320043443871,0.1005258661831527,-0.1944487788004859,0.0106121779578906,0.6460875171637547
-2.0997376720957943,-0.1776077258258736,-0.9310858177917674,0.8423849752441996,0.5501786989144622,1.1209650230376826,0.0093634976706674,0.0028675467054578,1.180115831550478,1.203900845200015,-1.236521303389264,1.5745840239991762,0.8003882559117242,-0.3898180967899103,0.1257455996906489,0.7556657661989984,1.237159145505731
-1.0744477017275218,0.8979642103865874,-0.1141465152657057,1.0936298908293622,1.6272313149472406,1.463010989432244,-0.4142901042037437,0.2691833121917488,-0.1299522889473699,0.0310074849689855,-0.8266261387450512,-1.9520192286138156,1.2615022629555572,0.940754263725793,0.5538336909781595,1.2813568830165234,0.2925465512322001
0.0340699160593753,-0.7816553150318828,-1.0649819246483865,1.9395790639706003,-0.8073867486873608,-0.7766256911126467,0.4829156767811741,-1.1370706324710915,0.939981450233101,-0.1200507964640246,-0.3276504957068665,0.0951435550472569,0.3722739775685339,-0.7074420865703862,1.3251132003511128,-0.1470191277484159,2.288457901150837
-0.7186840282073024,2.305220631665002,-0.8603471714214656,0.6816738654593719,-0.5302978131246303,0.1412554775315198,0.5291786784897353,-0.6260197799668761,1.621083537050496,0.0208326888733122,0.4357619038371269,0.2328885418680231,-0.3204607284065121,-1.4088821891785712,-0.5731482035130937,0.0782839381248285,-1.389731034116777
-0.4373980615062933,-1.1413014239150214,0.0184411787272597,0.0485134821274132,0.4028271847298735,1.645161480891926,0.0130563997672643,-1.1265570389100392,-2.2027410988895944,0.5990864633661203,-0.503088417258809,1.23233203372042,0.4657863842805758,-1.17336693061215,1.3091375354256762,0.8936959881781362,1.859183121329973
0.7617771873886925,2.2420046518662513,0.5763312375350695,0.4673930273905282,1.4745295016111384,-0.7464894216879636,1.2879683832968156,-0.3619328476398442,0.3555069105075279,-0.8130663348548348,0.5533516524183584,0.9224682525869238,0.0010194808601967,-0.1489740482349005,-0.6466252280725854,1.1972502567544872,-0.6904822944737823
0.269550077770409,-0.6043068834426882,0.3996858687255576,2.790888342854782,-1.3298372374204832,-0.6647514452555576,1.0798153294535349,-2.17228829056738,0.6686735946572466,-1.1436959688004185,-1.6956867468227057,0.6331160870996212,-0.2296625945772066,0.7668652300950994,0.2626928242102353,0.5999809004699805,0.291286026520453
0.6732415037875609,0.1656028695254709,-0.6108132039383511,-0.9283488301824638,0.3132258089717243,-1.2125133729097282,1.782824009363572,-2.369787277939138,1.076437669588628,0.1407152054657996,0.957044588829195,0.2481784244006502,-0.0249361815135948,0.4298076939117737,0.3738976597748532,-0.0247007555123235,-0.7316747148616183
-0.4157201727495104,0.1979827967129638,-1.1596917818800592,1.401102668866637,0.8280856043634375,-0.9094623967471854,1.2239239820286925,0.3599014890785448,0.5741385990716514,-1.1046366340386171,-0.2732020510157781,-0.6788886020459524,-0.1108125530915024,2.107109278433781,0.3018992666295035,0.3633559015610365,-0.5043072146758041
-1.4178030079809487,0.5265235093534767,-1.849059359710531,0.6790273524101904,-0.4531753108172134,-1.3050829240397426,-1.7009808264343935,1.058297792556815,2.0866535270747875,0.3411823639007342,-0.9776058561649236,1.310470193082229,-0.4192177735010855,-0.3253630334607179,1.582422197045196,0.2866725670106357,1.289191170483725
-1.7838147791638808,0.7459523453693787,-0.3985427953025057,0.4812981686789718,-0.7019939488029839,-0.9664195605130926,0.151754435194351,0.4169456618826895,-0.6434216928632461,0.6302427589190169,1.251633216667389,-0.4018450395536373,-0.9889442469610544,-0.0243405432494806,-0.1483285572793606,-0.8138381352054331,-2.211040430862637
0.3825441255060985,0.3285634803244697,0.0270903302814688,0.9228242423744444,-0.529495071688141,-0.3918744105630055,-2.3296118169940447,0.9048473846961608,1.1684083543938295,0.0241022286902197,0.6766985191268559,-1.233233253852412,-0.5436650483480125,-0.4681505327370043,1.3549659859217025,0.3237654787001244,0.6483452818119256
0.4783078767810312,0.9164169890741102,-0.4330190025444942,0.3335371929782056,-1.026770986331907,1.8161405328842204,1.0814908477946756,-0.1368487451081764,0.9400249734293324,0.5283483209016865,-0.8482357811843442,-1.1080873471382695,-0.6017121209312026,0.7278720608193044,0.6173710924427901,0.4714301894012883,-0.2675736006216655
1.4309407505508636,-0.5520018583825942,0.8029702726899114,-1.5040019347517772,-1.641007936662673,-2.6240519977646235,0.0197277191070235,0.2596621846971203,0.8267138443520254,0.0751379068529754,0.0998132750163514,0.5502447661998101,2.0676693145702254,0.8714640790879142,1.485316475738483,0.1597969087567424,0.2195268990801023
1.137578385005284,0.291485118931956,0.4827951621297355,-0.2513422320769432,0.8565033114250616,-0.0441288442616,-0.83729884406257,-0.2972264126647067,-1.8488210393373157,-0.458580010364809,1.6678133394253756,0.3598030462697316,0.2629693129047078,-0.0963447144636477,0.364908607009418,0.0003233332227628,-1.811415726635544
-0.3571479028089336,-0.1230889940743518,-0.120981595905433,0.9844977353944928,1.5034796527330407,-0.0849239846372104,-0.0676588300046305,0.3143562506095972,-0.2491256468512189,0.5302063208625659,-2.061967750086261,-0.2017311964742549,0.927984149097702,0.608320270742533,0.2290327369909952,-0.4607726345148467,0.6332061363987911
-0.3036267185140925,0.7980719639307761,0.6390603446556261,0.3583756515735942,0.2093248418121562,-0.4415565736173975,0.4811838873241201,0.7318545385800469,-0.286214753461374,0.35214952170411,-0.8020265254622738,-0.9102819109288908,-0.3971704516311001,-0.0230914753946789,0.2957416013998436,1.3743630983269417,0.5392054540274067
0.7488503475332359,-0.1549342229663404,0.6428821228027575,-0.1019574819248166,-0.4629819925377491,1.0285939316112105,0.6293979909005686,-0.57565145331751,1.209650033219614,0.7281496713321441,0.1824183360241612,0.6954544239801774,1.033439358422668,1.8431533595431708,2.12181919038527,0.167710801251452,1.822327050429428
-1.0426091803511417,-0.7816512932261692,0.9663996796424856,0.0076081296806162,0.4401590969119845,-1.1249738813921106,-1.0545639977388892,-0.2044981454598025,-0.115809654931204,0.026028677632277,-0.2398478002983746,-1.3812154726349373,-0.7195492002634625,-0.7338368782370291,2.3029608302520037,0.9770441741707432,-0.0840770237804742
