feature_0,feature_1,feature_2,feature_3,feature_4,feature_5,feature_6,feature_7,feature_8,feature_9,feature_10,feature_11,feature_12,feature_13,feature_14,feature_15,feature_16,feature_17,feature_18,feature_19,target
0.9921377235972978,-0.0364285445060943,0.7174244661780852,-0.1314508194723543,-1.2056890362972588,1.4889625102411166,0.7473677000615103,-0.4179041246638499,0.901862382106044,0.3566070648698253,1.2157189212324453,0.5985323741686688,-0.0746013207430922,1.257571799800741,-0.0388308128024262,-1.814469894145564,-0.9394377919580924,0.6131413873616107,1.2873067002499126,-1.6481111339741572,1.7394379065869272
-0.9848692264952242,-0.6989203553044105,-0.8326591906818014,-0.0012001188042368,0.1427528925198639,0.9645620811906148,-2.1168796084726904,-1.110751468008614,0.3196379313656274,-1.5281607461668427,-1.5704851906035533,1.2207311147623725,0.3344814704722151,1.0522589793147623,0.1894217029193954,0.4159626932283968,-0.2435264644828283,-1.15410786427157,1.3572698388187716,-0.1544351126977961,-0.6429218927145093
-1.3560280738548036,0.6541001749835198,-1.3780152816442326,1.1915235935921684,-0.7447765503642072,-0.3167200625050333,-1.3147031237852045,0.7911442386357596,0.8311359102592996,-1.1637797445437343,-0.6055874218738788,0.3631076486750749,-0.1786673053711693,-1.9102897698886645,-0.3886430771312992,1.113052163826718,-0.1269611643038254,-0.7619236284554184,-1.4383466357779806,0.5754681357314949,-1.276699870513383
0.5712041677638011,0.2507288515594122,-0.1444499396101704,-0.2008543804888865,-0.1193937800490264,1.0028491872356866,0.5189032464604307,-0.5800651285315672,0.8512410380578397,-1.826471243721842,-0.4693351591107814,-1.3387752751426,0.8761118360279411,0.6154850074692176,1.0482461765963016,-0.3101655177562981,0.9350220411622918,-0.2781200543133916,-1.27318295553135,0.7658469685091862,-1.7518767612581951
1.2229107013588605,-1.2749149434254654,0.8830543583588157,0.6894720759900685,-0.7595852293034633,0.60826224374026,0.7379398173760702,1.3669916996851263,-0.570126226264802,0.515039664691233,1.239141595964002,1.3313709722901188,0.159649650515156,0.3621293441997711,-1.7533107452920689,-1.1918845153692867,-1.368351023733407,-0.6367830754814927,0.2575532461714671,-1.1390395444138306,1.5411961041961502
1.2476947298507748,0.3731561914708511,0.5212914759697933,-1.8742729427456992,0.8798308558994047,-0.2552888407021028,1.2864737301354234,0.8317969043075057,-0.305763472138679,-0.3058853166542437,-1.330252151870954,-0.044938282293095,-1.3295657167054236,1.0372844843603366,1.0715432918372043,-1.7412381267129369,-0.9093615787206988,0.3562894545779812,1.0258553244419903,0.5570101301571857,0.9199258705018648
0.2041124939653103,0.1412706792679435,0.9636298021018548,0.683545281523596,-0.635929016486885,-0.8137570242424892,0.1236478419408587,1.3452466819911466,1.140956406580952,-1.4619072253917262,-0.071437815916148,1.5137949875344108,0.6504807354199917,0.6452680266812794,-1.3342000820983817,-1.0308750213859776,0.7673725075802829,-1.5283606647957704,-1.693881233758139,-0.1487425510161023,0.5973894250261436
-1.584732579577843,-1.9694544569517825,0.7730881625440208,0.5426913622277619,-0.3944602408419413,-0.6738993833047907,0.1572988193918575,-0.0725223972029687,0.6904038683087594,1.098136000005092,0.0033174499759159,0.4853268400253908,0.3895620293640327,-0.7273098455217079,0.6606665596273934,0.3571606429190691,-0.1022882333271844,-1.4436429253784586,0.5086780978480058,-1.127978721561379,0.4378754717021038
0.5519793034471026,1.5407769444867252,0.1611461040060604,0.4580130997448817,1.4827313736573486,-0.5278931286991083,-1.3002308655551935,0.4408129976120322,-0.4918252823545687,1.2195278219749048,-0.0350292917804319,1.1886120958826665,0.6946156742947124,1.38281722465648,-0.2824699644584815,1.0576227760262311,1.2639174830192217,-0.6333364695147281,-0.3100644995588082,0.5872214841664617,0.1911790217457395
1.490488384251952,-1.9655466188046211,-1.6569935821189252,-1.4322784948050875,-0.0629960128043329,-1.307021590911796,-0.407921382414209,-0.0777405295402425,-0.2421720990720254,0.4088494025309369,-1.378457358689282,0.3927545987918352,0.0043343651935439,0.4594929551114889,-0.2559805348050095,-1.9147360286107429,-0.4025751850595519,-0.6071385103612645,0.7178949247857263,-1.7307705460062683,-0.3441628688282806
0.3418302976221424,-0.6453009944492111,1.5235735872084235,0.2542327281062514,-0.7073786254677318,1.238781786845406,-1.9681665307304308,1.1254004077109494,-2.0144377097339423,-1.441111265821654,1.1287038694518083,0.7944202576825202,-0.2100680233891206,0.837421528553528,-0.0371583183496579,1.0980237752057227,-1.4304819672236415,-2.0371844541331803,-0.2277468556796151,-0.2346347829011572,0.4142161412480205
0.8716559472894477,-0.8491176353475783,0.8909697132606694,1.3211352548519832,-1.259513669310519,0.5215134956658672,1.150042132790253,-1.2344604668840264,-0.8964193994402333,0.5363696115548073,-1.3099416504667307,-0.3900386732078701,0.8348089832960948,1.3580588809627574,1.018857355664767,-0.1476335246036381,-1.2441875799071795,1.3763565411076488,0.6730755469562166,1.136654038890771,1.2485194534759856
-1.1543394034742227,-1.426438752068651,0.5860815472740767,0.2902897354700242,0.9712133251240492,0.4227514594213341,-1.77155959955431,0.8681243035595775,0.6944394674586881,1.1435650618896296,0.1018655137407201,1.2185491560558477,1.1995949506160957,-1.3498436334395598,1.2305115618851998,-0.4076187496849461,1.4768078775388185,0.0854341730579492,-1.4743104574478627,0.6539017252486895,0.5610051876463549
-1.5616414497448372,0.7865927865367034,0.4579319197764162,0.5965709495456507,0.4088568651781386,0.1116592039107429,-1.226136766803814,1.4863898119890764,-1.0749533884480629,1.423525687608167,0.997185739647399,-1.2191720253861122,-0.4698430918910576,1.2881018647617075,-0.592132031683758,-0.7967101308090963,-0.1972475240461199,0.2552424203441771,-1.1593250756746707,0.6696964047063603,-0.5765378378651069
1.2362402790477605,-0.9160258949910708,0.5310309616654973,-1.858471262813606,0.8191126702646448,-1.4188181801347113,-1.2962745958165172,1.4166189890869911,1.0416211800054445,-0.4742114079887324,0.2369729796951134,0.0709798102824077,1.1913687289944046,1.2061397362964394,0.0909036483191864,0.8031058812277784,-0.6686865339173544,0.3849306645656116,0.5653239177184128,-0.9192142331549517,0.1867839870739515
0.7350525407499563,0.7445223608315658,0.667730750746022,-0.513414613163598,-0.6143106311548999,1.2319508695195307,0.0784191325297429,0.5455077824216364,-0.29911583008914,0.6533256360067136,-1.0429382420266853,1.5651886515408766,0.5066107387231065,1.453942977405724,1.0581830081321737,-0.9128045219655244,0.0752360058732226,-0.5255915363422913,0.9829476424344396,0.4027836098745481,1.6723094840663026
-0.9006287085825389,1.5013090666797522,1.4885148978181073,-0.4489120494872149,-0.2194845525345884,0.7530557546079363,-0.4979093902213123,-0.1281229753463502,0.8147503015462462,-1.1740055574201078,-0.3711356508847327,0.5740437149309574,-0.0682170855269726,0.9395242288465184,-0.5958710552010512,1.4597408743307494,1.3845967426235668,-1.4970148972651478,-1.1191556568030578,0.7981684261005041,0.7074743178463975
-1.0398745164808727,-2.0159122350510965,-0.9140748876504372,1.2346133696990096,-0.3162439567977675,0.3332549965294455,-0.1649015312260666,-0.0323835125390223,1.4825546157044218,0.7466928506871728,-0.3314430925647151,1.4188862623550134,0.2445512073291906,1.3604848661164248,0.2203564841967329,0.2857695389697646,0.1050210987358007,-0.9074303001886846,0.9758837610832954,1.283265583818647,0.7907429408769969
-0.942023852324944,-0.3395705431281889,1.1408690092943203,-1.4303005212023323,0.8484879911063041,-0.582888059205291,0.8016370022126521,1.384783759767958,-0.0809965362469367,0.6175110601768546,0.6414920185838102,0.6663582108221657,0.92758526443738,1.2638123766865244,1.563468823299545,0.5621525030126686,-1.346018636206512,0.0904762383232272,-0.4326585469009422,-1.8499076338763656,1.5378154161728896
1.2493532295999672,1.4058081031843246,-0.0104857914491331,-0.1782214774155873,0.9019466601749,0.2894286534660226,-0.3146746092546159,0.5444034857979099,-0.0855393580522989,-2.0787064980834673,-0.2296899290667403,-1.028809449016682,-0.8267725244096673,-0.8479564367391941,0.8423979640455928,1.1973359759204094,0.3028256270273609,1.0595106185193732,0.4295613175619158,-1.807773720445088,-1.1013860407932794
-1.0527001433411507,-1.4199122752425604,0.2758337708487287,1.3848048905270018,0.7784727899052994,1.017534989451426,0.9038053614625474,1.509955182636708,-0.150328191478137,-0.135515450093423,0.8579211265745503,-0.345198714352041,1.5285929400065876,1.4174093563475894,1.2726846022471747,0.2899049247074413,-1.5804251468807795,1.508289104963139,-0.1645327773187653,-1.7211727864524151,0.2258153983066705
1.0646914405704555,-0.0314605287333302,-1.599029418795487,-0.305694461958701,-1.686498666378842,-0.5393738688273491,0.6138375405821401,-1.2971470176411015,0.2613269449562397,0.068726733495418,-0.3298984320627426,1.4771543654580306,-1.4662988176492031,0.1731935715411184,-1.592810576494359,-0.5159127274379854,-0.152882730718669,0.4695206352764683,-0.3706554684775238,-0.1552634334985831,-0.2733940996617999
-0.5260522769253888,1.4458178221795746,1.2485665797234202,-2.042861456505283,0.6232302701315783,-0.2575359615964776,0.8363203894732726,1.388863657024389,0.4174703125443352,-0.6928348940496467,-1.3370325545198358,0.0903802724869335,1.402577474883273,-1.3134135802752915,0.3514694071022827,0.3205483202376257,-1.9834012453979908,-1.5200782129498231,-1.6862275876857842,0.3698213114529443,0.269342010086241
0.8196393777810037,-1.3231193261217504,-1.0248586223290497,0.7410370079812322,1.3659963924101255,0.843676681669093,-0.443057043099689,-1.1063002265287118,0.1114807540561268,0.1404786529394772,-0.4155755641240672,0.64951413033756,-1.5117522227488047,-1.632133122115495,0.6099402951365438,-0.999219711238189,0.1682139403078681,0.919693163187432,-1.3023054559904872,0.413048843349047,-1.3298207065873402
-0.6515828203875529,0.9836252175887042,0.0614758846731664,-1.4715821826530455,0.7251836692129454,0.3269454736669442,0.0997034170735975,0.1324060187866702,-0.6068391252060635,1.385159133393414,0.1581376315728083,-0.0938673121017163,0.2313871676219553,0.162456685959761,1.0769335539617446,-0.7294376489199709,0.1260387044662493,-1.9181931860731631,-1.3830953112206537,0.6715092581794095,1.468780263856908
0.4809182435145978,0.5628565849540877,-0.7035180064971018,-1.882233087070852,0.0635478135267474,-1.0924446133931172,-0.8052019683104429,0.5886923446194001,-1.8843881353225624,1.2772164760604272,0.0862097343857086,0.0942014991305289,0.2152401278756926,0.905115423442116,0.911640163020382,-1.174200206015927,-1.718558548009531,0.3754276402654597,0.3585100699466649,-1.5710709399473666,-0.3370988533488474
0.1772980312092876,1.0009867006378634,0.6033188910192744,-1.0423888833416337,-1.359577997975694,-0.0181686217033168,-1.9491578330849215,-1.0715469680182803,-0.4713446359734489,-1.4492975343599908,-0.5325515323144395,0.0317069375930424,1.5817150685568704,-0.6938553705195126,-0.2918884928070064,-1.2003749671992676,-0.209554208356399,-0.0892493733183297,0.1804418618486809,-0.7272534123556512,-0.8528866088581474
0.8863752663123199,-0.0232579271908112,0.9736859407917924,-0.3271762815928983,-1.356989375889111,-1.1613507878700022,1.4997263773590024,0.7524367960381649,-1.4739819453768177,-0.1366822791406614,0.8969846087061777,-0.1898839748054031,-0.26425600118364,-1.1464071715466126,0.336811346768988,0.1706332722304354,-1.87104280706668,0.1043917103188984,0.8669832157549374,-1.1282030815693411,-0.7415885041615876
0.9134162907939424,-1.2892796127838717,0.8747094936222374,0.347464509890702,-2.189865660750382,-0.8843647370528995,-0.4071283757270691,-0.3302844393826978,0.8800413549168115,-1.882128447969,1.4233626122826282,0.7129660981415525,1.604849615852274,-1.9272481307688416,1.5643575504225524,0.3694826535920588,-1.1135514243678946,0.7843358893101735,1.3109579621407637,1.0948002254913975,0.0761716528971951
-1.2297770639885766,1.5126866647774662,-1.2739391539138658,1.1645539007370025,-1.2172103643122825,1.1602491655425688,-1.1880216787303042,1.3360338049432745,-1.657691784607311,-1.6131819477802605,-1.3288695221533802,1.2981686012992968,0.4659759434960276,-0.820614564459555,-0.7994063526413876,-0.4624987407007855,-2.0659336236140384,0.3415981410483727,0.6819209711180465,0.3846416141944801,-1.3141723349716117
-1.1604276454014308,0.0024915477932458,1.1114774414237507,0.8830022591433998,0.2809870195596751,1.269656190266127,0.1265438100238347,-2.1547882014648914,0.2715698525854892,0.1762431298049153,1.138105614902533,-0.0300506192948925,0.4411596725163699,0.3449955868503153,1.3064148799320745,1.4484160409215523,-0.1032592068553396,-1.1333580336029128,0.0115324236186969,-1.2321312764678294,1.2419216057481657
-0.3447793918452822,0.9306483762488568,-0.6043381574437243,1.490242369779123,0.3946014642167013,-0.4080914224521449,1.0379782351595157,0.9983988268051062,-1.0544383966283737,1.452313695675769,-1.296081540779516,0.5316829546977214,-0.5653641434896665,-0.590196271966931,0.1317720539680648,1.3922583744178127,-1.589860447955502,1.0015484875512095,1.2293653887909628,1.2642916427471635,0.7106454976994885
-0.3823809513153819,0.3550957644805373,0.6774119927127409,-0.5198552385662617,-0.3772662535396751,-1.280285672062477,1.3516450872082046,-0.1116387552103066,-1.043327100849181,-0.2189931666122368,-1.5039833588310687,0.0650790165875327,0.2366549346143679,-0.0595385795310736,-1.7473031651239284,-0.7538560229590445,-0.1668681551497422,-1.2047125761851756,0.0660607746282153,1.2792846105600673,0.4300265714721548
1.4452811151896674,-1.0127916311668794,0.9378577374621118,-0.9696431201072376,-0.877064761567985,0.3319485109538582,-0.0802761920615291,0.9779843348590528,0.8671473143360867,0.6026659338732641,-1.3971715423781426,0.4354019011363515,-0.7031620515687598,-1.9488028010879708,-0.9766144206477928,1.2636968395191692,-0.6000154374433766,0.2609411304036936,0.315913411698579,0.8728223529124681,-0.3580347017502562
1.167880829299537,-0.2441903929650928,1.0501713996015838,0.4801969354035367,-0.2150901929597621,-0.4042015553877819,1.2511824595574677,-0.0825968063980563,1.5936421059045442,0.0865938620401401,-1.3053431588869593,0.3729998517026043,-1.5486690238862069,0.4246489405136828,0.3795290103312687,-1.1484412512358848,-0.2125168203322518,1.2832294659823915,-1.691782300962792,-1.5358796984100698,0.8371965556485994
1.1367382792373932,0.1050757536851825,0.104569068100682,0.8992868380582921,-0.6441419803672963,-1.330078241823667,1.354733134401564,-1.8571511145085051,0.0155180859623415,-0.8933839492705512,-0.596463884422837,1.6081126703856667,-1.2432752365311424,1.1274204473474247,-0.421726662298415,-1.076089155255745,-1.2125680537480208,-0.7288217303945249,-1.7075992345305968,0.6303876976887157,2.0841179314597547
0.9497930539793936,-0.0573612467924204,0.9756915166451442,0.3312462072116959,-1.252531278021409,-1.4891557540164202,-1.616870364272487,-0.2588048093620548,-1.246520457556487,-0.1498390816360837,-1.7639138404310906,0.3752469362137513,-0.6475468470168679,-0.7189640212782612,0.4846136131832717,0.0566529739000918,0.0552088445758818,0.8813501508670454,0.4245407804221437,-1.1490196705704527,0.3363531484883453
-1.1390809888073143,0.8118296773632032,-1.269260836083116,1.199714126446671,-0.6950895874602888,-0.6937370548159797,-0.078790064582749,0.2707162287832008,1.4680191689831912,-0.993319692113974,0.0856538510683673,0.3412967110254986,0.591106825447612,-0.2547610387619722,-1.4432560596365778,-0.5327217142370965,-0.7225887986022604,-1.2957321509907758,0.600063846821595,-1.802010865953518,-1.0136569701781206
1.1937144335670098,-1.5110484742138712,1.3636727512387186,-0.6868628967558617,1.4078169729968233,-0.1542608825525967,1.5330603175201682,1.252947030053876,-0.0674620641612483,-0.7282151583280901,-0.4683085397266432,1.4829093161981572,-0.8129982745787755,0.0890687438503849,-0.2177567607831408,0.7667127119248716,0.774155855832038,-1.1127974261186169,-0.5498606630019421,0.3904314780982141,1.09822139648414
0.2110938656617413,1.4952559002291657,0.5267341601594389,-0.1974341418051197,-0.8619436902542515,0.4214212794404477,-2.100008812635384,1.4313964947734186,-0.169948818728458,-1.6458348900413706,0.3866274409704035,-0.3889306338364375,-1.1272668673725363,-0.2687221806881671,0.941331692817174,-0.6714929880130481,0.7142493471554858,0.081100598549608,-0.4320127042068134,1.1271549119992226,-0.7413840856951491
-1.326373706759493,0.0691391106207068,-1.4959544267563,-1.3787247113033032,1.4054843182635834,-2.0292723422463026,0.3031560956465762,-0.092891023804539,0.8401383346847056,-0.6609565329566776,0.9080281501736291,0.5183776254711377,1.1302175958063263,-0.839684544677972,0.4083108953391333,0.7650075421138229,-1.5778203075722188,-0.4282197480183719,-1.064972062519227,-1.0747260512033825,-0.8091387359116764
0.8448108137999722,-1.4145951090779076,0.6231004112383525,-0.7065604968713677,0.2895797765075575,-1.6729302644600326,-0.9126540589213112,1.422724750451048,1.0808010226819418,1.4793387377791294,-0.0424487252686228,-0.4463050245626103,0.6766613839572706,-0.0967171692965109,-0.4074852740343343,1.1344070174593006,-1.302896792152783,-2.0259351828995076,0.6764665975913349,-1.8675694661164464,0.8721545409146312
1.0574491419080174,-0.7254796164510867,-1.708788121666738,0.1866317170024429,0.8963602942195407,-0.7298076519704843,-0.9811094348552768,-1.3097277286930022,-1.82707381392918,1.4531035900091018,0.9627283342053298,-0.9802858204008364,-0.8451860467247247,-0.9823510391863646,1.4713525229061368,-0.2744486113570039,0.0922766010222933,-0.9173728936032316,-1.3322830800586414,-1.8468471208073172,-0.8071815086362131
1.3071973858140429,-0.0158001494149707,-0.7026751410849222,-1.0031080169466229,-1.614163496824931,1.4215161923906323,-0.6678523340834267,0.0552093627043122,1.128466946266616,-1.632379771923503,-0.5875117124620854,-1.8661791322786705,1.1754097129306778,-0.5973882946973086,0.9828889722475735,1.4304953177033355,-1.3541795194323605,0.2507875052350485,-1.8724609651065245,-0.5462366224497738,-1.4012331565034646
-1.310712836680066,-0.2880060524090947,-1.757892140801513,-0.0138919514994646,-0.9757159823110227,0.1975874571806698,0.0813615565009933,0.3396139995555868,0.7997563197908872,-0.7801007319999538,-1.2573949073477646,-0.61394030801211,1.0412415428344763,-0.9840524781955996,-0.2516002732959147,0.987294150981701,1.0341434604169808,-0.7021487222948916,-0.7052444949249852,-1.645315245109339,-2.126204087949511
0.9691464099927172,-1.4642195522401076,0.6994839471784844,0.3238579320785284,-1.9305627740837952,1.3172579054322715,0.8942618961885402,0.5846616467700323,1.0200720460856136,0.6026437017028422,1.0928462314758207,1.567187802415592,0.9154658797641182,1.519310611287896,0.5661182262152774,0.4733354308817727,-1.3811867387274863,1.4524249664290296,-0.1153893546944991,1.375321391689433,1.1243158817850585
0.317304918776228,1.2454745379562118,0.0749982631013126,0.7628073060623805,0.6868077075377668,0.7956119183170942,-0.6096966408628713,0.0326185838956214,0.794301852123059,-0.3048503717904174,0.3280717121602896,1.3996841777030735,0.222806891948071,-0.5376810482490975,1.2565719916529705,0.4650460039647972,0.3452719721811404,1.1102235297020155,-1.2986908489161968,-0.1795826438707766,0.3995348045072146
0.9544926336574924,0.2706633613883729,0.1599266706932672,-1.497562962253438,-1.5335705925068277,0.5196391676332199,1.0887625628537665,-0.0077735287808575,0.3732422635374147,0.3644680178949886,-1.8548559610059827,1.0511936492908691,-1.3680199772200652,-1.5936528141153972,-0.8957949539058309,1.1833304633367248,-0.5639380715196222,0.5824895609506755,-0.2414697838231949,-0.5213577000211468,-0.7593295296825976
1.264693907338226,1.2803396940609142,0.5712404992342135,1.1527558668629805,-1.396522658890772,1.3963348185218627,1.3863179598276294,0.1989286577675868,-1.0729210537151164,1.370727003386548,-0.2574021716740687,-0.1103169274126733,-0.6408048400553701,0.944890486705375,-1.0124701327601051,-0.9533681808260878,-0.6959601004360254,-0.4058566198246227,1.3807819943571251,0.9299481103249296,1.6307827194767357
-0.2835073366488261,-0.1043241236355581,1.3302285345134357,1.2227544851323051,1.450861557922963,0.3798531955276223,1.0789525675442864,-1.5503796293274072,1.0600367728274722,0.0333818760486424,-0.0037757336222993,-1.4817154402005088,0.4565674908609778,-0.6891581419413186,1.5172538008710146,0.7926441007618669,-1.140832475823345,1.0029703818988187,1.376389327265252,-0.4191526831319791,0.384130721166297
1.3415138294092432,0.4560757556270802,0.644123089813233,1.2041149992894284,-0.9238156581606548,0.2471806090266359,-0.0932995986216198,-0.749005544060237,-0.4716606480808053,0.3157663589493783,-0.7242173928279843,-1.0740422421651137,-0.8001592854321711,0.1038529838249873,-0.8569851426500646,-1.1350276558773442,-1.4682538257795084,-0.9270454536044216,0.0712040400049355,-0.4210761225535197,0.1965784704448774
-0.1201400525967841,-2.104169384499011,-0.2509983111075572,0.593970551040471,0.2008522286883892,-1.0647443000175305,-0.3678190654834409,0.0025388721855241,0.1633463558348867,-1.1422984442757378,1.0673082842334192,-0.083336777412694,-0.1495871026377092,1.031773675572672,0.2755164938560841,-1.3091703303124929,0.6709641099566646,0.5381499734461649,-0.4011086189260419,0.3131542404228609,-0.5683421787403617
0.7966057076945088,1.3050271083526288,-1.5890626626863364,-1.2941950419682462,-0.2855379226262767,-1.264631945555013,-0.8910409792723201,1.1210037553139107,-1.0251887649201303,-0.4678616740018133,-1.4406358803221575,1.3457044784668832,0.2292670626161932,0.2312188202881608,0.6697158803548172,1.4173533176039388,-0.0912032646649997,-0.553455707187911,-1.2510339109408148,1.3941222301497225,-0.6239504724171885
-1.2895430192663904,-0.2432372830278125,0.7386230155461799,1.1669925001292143,-0.8170650560755335,-0.1809191014039881,0.0328114045307178,-0.2044005331952996,-1.5259391609989246,-1.581697249986934,-0.1470494341122867,0.3756690775849122,0.5444762267963141,0.839916560026726,0.5731669631585116,1.308590180703755,0.2400282516641909,1.0223703861371338,1.0744129070808943,-0.0205010377783318,0.191886164374627
-0.395800984145853,1.0075916178234905,-1.2191720480541852,-1.3595393355945935,-0.1854196515436489,-0.8565203771536939,0.9861896631172558,0.3392986719480078,0.5176436451652627,-0.4901193955989791,-0.7906909612066393,0.4811881578671732,0.105986146903894,0.0896113504824357,-1.172541140002802,-1.6755799611442392,-0.9517135452116458,1.478913561994375,-1.2855652987300916,1.1178395951073414,-0.5964585034576991
0.9164327442153568,-2.054368586430354,1.5133431222827185,-1.482044886085,-1.501501290994539,0.4225121199953007,1.0973184561308993,0.6021358963544235,-0.6215620200329911,-0.3726832339350105,0.0349927930414594,1.5765620339371524,1.171735190331343,0.210925378191547,-1.8428695946118367,-0.3273880165019546,-0.6286714745442137,1.0564173691953371,-1.2805813507750177,-0.9754078183548484,1.7564778087953263
-1.0024270233097117,-0.2890980558927363,-0.9534712995609672,0.4015689988896973,0.0669218486556534,-0.9362811400727789,-0.5227454789783091,0.3935611999240985,-0.4027289093014951,-0.1642050943596585,-0.708510186680985,-1.8294403215309152,-1.098554478858837,-1.4375781591656058,0.6318028848215592,-0.3179802408440945,1.4941444859137358,0.36060069508739,0.9454396140302648,0.3506580445078257,-1.6699300493363594
0.3051291933973331,-0.7030583430488644,0.959265611317573,-1.5615274080888826,1.3429780218347132,-0.4267755751737139,-0.426401983916165,0.9839851947476668,-1.9648565983333393,1.1187327825878133,1.1113079127994614,-1.0676963385732794,-1.4428645338172854,-1.1743423804775937,1.205434362100156,-0.4049401002365992,-1.013988193157877,1.0467904686535807,0.304995646651109,-1.2640167508004096,-0.4619758734072205
-0.4768640179833909,-1.1632086652523654,-1.837211133207076,-1.934641177113408,-0.4230479143219661,-2.0624849015857514,0.4711842266302788,1.279496699962985,-0.6279918062436936,1.265738400946905,0.9718161029322444,1.5012193549577957,1.3085349148583725,-0.1527093374313506,1.041099302152792,0.7247206578412433,0.7836933391891371,-1.757856393095781,1.1139999094078246,-0.80131416872973,1.3413550874549192
-1.3258156358627318,-1.2382941490262442,0.4285357122749718,0.1682510398973994,-0.2433651300600771,-0.5253289470702075,-0.8882943975254434,0.285549757972255,-1.789406200518328,-1.7141315011099123,1.182967550434577,0.7075496203339219,-0.4515981555547492,-1.0723939880323077,-0.0541245172713105,0.2727646605343034,-1.0242808327903057,0.1061642164064097,-0.6998471861887966,-0.0329957333814311,-0.3535485058223674
0.3529502749020423,1.2282919163673165,0.2554491020810877,-0.5818628180639012,1.5268739168752568,-1.7151012566987656,1.48790760833797,0.0390794500197341,-1.489793121894362,0.9794266267437124,0.8071801675087054,-1.8223073007313173,0.8758114961865197,-0.4133054622894451,-0.6565389895126208,1.2159685297906242,1.1223447042978996,-0.0412119880250937,0.6786150600381067,0.6530686481053872,-0.4743054806192343
0.2644778241422896,1.2027195546897351,-1.3829539020619286,0.1750951040076881,-0.9442141012920382,-0.947093884169068,1.2207481798611712,-0.4300567813458639,0.4642619506649892,-0.1585421367877502,0.0035652376462215,0.4022485740139446,0.2176450438063585,0.3002236919338632,-1.1360372384746564,-0.2166960453192703,0.7413288993367343,0.6646828500124122,0.7902764089940065,1.1024950991126363,-0.9094778296111796
0.7012717872023517,-0.691843297084707,-0.7846664806544029,-0.8128124610386208,0.8253776677540736,-0.223946342757373,-0.1691155181870125,1.4017322895499684,1.3322794691688664,0.3500815953449096,1.3362672221793686,1.5866061931165762,-0.9309554329739764,1.1453647943705196,1.2614849763350298,-0.9197996998803872,0.9979717440139062,-0.6124450438685319,1.4753082854070632,-0.7162114874511427,1.6899861746777194
0.0931031289390784,1.2940892864118154,1.3338306147082966,0.8993674554621616,0.6788464382069436,-1.4008613994806316,1.0438751194213554,1.349385943791644,-1.2564806479453785,1.124704006130216,1.262066067525654,-0.8577986156693768,0.5373771201475555,0.5226246396503781,-0.8685181105165682,1.2615483951345892,0.2252381109938976,-1.6636136514965727,0.4014783101481721,-2.007579494578398,0.774225338501294
1.471038291238959,0.2067803337605258,-0.3301098612324202,-0.2859934556768604,0.2690884690921086,0.0586027513750087,-0.6786637503633096,-2.080564593362398,1.1339742574189198,1.522583499537458,-1.8021451848222336,0.5865274044263596,0.0028747381576469,0.9401220969711268,-0.997472296904662,1.201219018005463,1.054962752015206,1.0403640260174625,1.1194225621758511,-0.9692861396414636,0.3387835211638239
-0.0651832522390502,-2.1290542401506416,0.8386435189113963,-1.308760942386068,-1.09170122010182,0.6816905460493611,-1.2007476584149972,-1.3483943315663258,1.088839517443983,1.3528807183730505,1.1653719564166216,-0.4926538896397987,-1.571873034053528,-1.8911468559716056,0.2472896949563193,0.2637051834413011,-1.213207114322107,0.4443012145646017,0.4126702210016124,0.1665261603648154,-1.145372399386202
0.5346527478296725,-0.5388905633405423,1.136985433453323,-0.8433900411864664,-0.6945749288294675,1.3902230905298376,1.396107630289641,0.8881035916505358,0.7151105079788113,0.8018423699278832,-0.6643958792339608,-0.9293219747615388,-1.386515077461359,0.2019961339551949,-0.8086564615497123,0.1166546945366195,-1.805208657696335,-0.3155166007938922,0.3231925069380244,-1.7343863381456666,0.8103212397762323
-0.6920855847109004,0.4308236574266481,0.3355044531614878,1.2514515523805287,0.089739698875112,0.2365739771605982,1.355609082508869,-0.0959321007795164,-0.0393603300072285,-0.4450434064820193,-1.286480057679361,0.0945969165850409,1.2480862703318931,-0.6666485733568648,-0.6606193195621753,0.6028275427148371,-0.3434799678763915,1.293227472258339,0.8279563574287887,0.0189730523644633,0.0038761391226267
1.43357853302286,-0.0794767292226805,1.0210771502530598,-0.5534274476079126,-0.0462756665234428,-1.6111305054042278,-0.7002418974363097,-0.6373229240122883,-1.816194622843262,-1.1810428947134264,0.1302650028593651,1.537122597233879,0.6476615060557196,-0.9834891649230354,0.7804399491515264,0.2439908400269359,1.0279271966149004,1.2762046295373903,-0.6335360141351116,0.90907162553702,-0.0507001950934492
1.4025273986882614,0.330512551586165,-0.7074248054821735,1.4764703606170488,-1.2870109287504934,-1.8460160909396623,0.114668933627112,-0.2204361348843233,0.967444936773044,1.0400688463797163,1.1015119514451202,-0.5664726168467118,0.8075401870246522,1.4469606376240849,0.7517745198784758,-0.5198035526733837,-0.3066900061191825,0.6978964944164094,0.0835353289073864,-1.5902417251990095,-0.7880606421318604
-1.0550690280648192,1.236206312140534,-1.4850570888137078,0.9159593403618006,-1.0233149241256576,-0.8232005705817155,-0.9196730260699671,-0.791901862560625,-1.8668344106540773,0.3694033707672231,0.598566828606192,0.8698679049686228,1.205303286683026,-1.0683923576885352,-1.488433323442046,0.1165339888895295,-1.0951371712346931,0.4922383484692749,-1.230535068742607,-1.0139790504491109,-0.9675282432785764
-0.9884751570863056,1.0257657957971011,1.4329148769031874,-0.9142896359813424,-1.5291929592228557,-1.8692372968009785,0.3294914042496858,1.2593458108715891,0.3492421323037443,-0.7813367265701514,0.9659361743000416,1.3463947379943924,-0.674907771262041,0.4422379589459255,1.3805020305447957,1.3616848808699114,0.6296044963393255,1.0965641636964027,0.1189895522203874,0.3855739449923558,1.1145813399321118
-1.354308102934497,-0.0648009817524095,1.3043006091249334,1.0468912955464469,-0.0569000293559371,-1.248574053229789,0.9700596944566444,-1.136777776881326,-0.6745801073083761,1.53126879849485,1.3708149406083658,-0.4815668256884156,0.9042241061009266,-0.0470518879490448,0.5006957549777864,-2.033943815191865,1.3804311868843964,-0.6822718404366777,1.2723298557131857,0.333233937197514,1.6490967806444976
-0.8086155410847045,0.4390574437424817,-0.5402013903017262,-0.8086553999633226,0.3410708903016038,1.2630288791480333,-0.1290005462870394,-1.3009159721326151,-1.492990506118786,-0.7931634141361753,0.519057484528102,0.4771411408135059,-0.3543935341907253,1.1834286466141546,-1.612605847955262,0.1215152321046929,1.4974454001724542,-0.2307485365332656,-0.2036775822441658,0.5297193612556055,-0.2800968355545445
0.622379882800821,-2.004079269824804,1.377153569458793,0.9604895369647848,-0.9165535498601602,-0.0206713318882334,1.0943723565822918,1.4314904876838117,0.98731007473555,0.3264409366932322,-0.8089620395961457,1.12655051179707,1.085609425159627,0.8060568597274238,0.658277224082531,-1.7376376741974298,0.3972190169987142,0.5284122306543227,-0.1724223175912791,1.1194796936125793,1.3971790525907344
1.2128406490162973,0.7724771364462288,-0.5961150225225782,0.2774716922708718,-1.8953296137311233,0.4048323164921935,1.222188422783909,-0.5049211383806388,-1.960627218120799,0.6552793217300679,1.3512964815070616,-1.3619740559255469,-0.6399510507132947,-1.657417737778599,-1.466895404411737,1.2712058939691402,-0.3673474821276642,1.4663593763439768,1.3867074478015509,0.7433693469463297,-0.860921137058618
1.1817441743193098,0.9238073183714204,1.0210375822304356,-1.658347824857063,0.4894851371070545,-1.7886269252914513,0.2435030556939307,-1.9354220927670835,-0.6553386749232373,1.3014289226199456,0.063643649057486,0.0324577594349472,0.2574194148353809,0.3849775904648016,-0.0639957687321722,-1.474907338384588,-0.1596485125354974,0.0397080531581043,-0.2684615178474373,0.2510007844572017,1.1401783411089692
-0.4921357440060888,-1.7679035812224773,0.5192645533926882,0.3714664536832778,1.2303237542325602,0.2568142609649798,0.3395159255526206,1.2808563086090607,0.0866630415706714,0.1519441804531305,0.3444600680415067,-0.0594282107417479,-0.9740541670689684,-1.88663092975061,-1.7702800547116633,-0.0774922322362899,-0.952155534701804,-1.213896285077302,-1.6963862554240567,-1.194400621308757,-0.3678016730242449
1.2287209869898004,1.315168323136111,0.6862372531767695,1.4539454014821205,0.4600208417878603,1.388988923864812,0.5696688051389927,0.6944261469142899,0.8802650619730775,-0.5466555880877259,-2.0775036662215034,-0.6254851784097324,-0.4942992704968205,1.3386367811153872,0.5200205495560667,1.3433696732650706,-0.594932742219091,-0.8559861039659786,-1.111168731366746,-0.8264009774264052,0.7223257338065416
-1.1975471472774526,-0.6560723076076102,-0.2148763977763322,0.015180534243329,0.7009313368393101,-1.1596809780242152,-0.8516496783021202,0.5436384913626267,-1.88206574879127,-0.4634920434125632,-0.55216985731692,1.0737414090054738,-0.9608749160294126,-0.54533179161828,0.3193608742306252,-1.1112362829658808,1.1600020690587276,1.4313260340908815,0.7351705605595524,0.2409028836991363,-0.1748174832624814
-0.5071710066496422,1.3781013280189012,-0.9909648075695752,-0.3452687752490101,-0.4971258779426857,1.1821335814788214,0.6183614080018023,1.4231714621756255,0.4244602045432123,1.5431834771606114,-1.0427626732075554,-1.3107337371813368,0.038320560125755,1.3543743425034394,0.4251724921142109,-1.5940765444546128,-0.0083405852869004,-0.170559145552627,0.3393264086935066,-2.0401269293225233,-1.7321284805004102
-1.941292739442236,-0.0607240928232092,-1.6479167830844148,0.694605998526447,0.3394399715753997,-1.0363457881873177,1.1713141699390706,-1.290019192412574,0.4761809802923366,-0.1733093826875298,0.5437943478571113,-1.3415298525345218,0.4148333630947221,0.1134063272612027,-0.5906852224953969,0.1034718095787949,-0.3298152657297718,0.0800820329835393,1.2763510082856062,-0.2940293917136549,-0.9997956635695474
-0.2931200534770343,1.1854863093271046,1.019511968327508,0.2559019847095345,0.1940598252192004,0.8103613540368049,-0.8756901070246818,-0.1748498871021778,0.9029703701001648,1.049038437309871,0.9276286750678756,-0.6974154539723106,-0.319101304058926,-0.2986349006793308,-0.0669394028688625,0.7083522972046574,0.8625771767814703,0.3437325333916072,1.3747825750841376,-0.943454459742216,1.6447891652577613
0.2175099450208293,-1.798838158908003,-0.5325757984187032,0.1356782224459361,-1.5147284172851363,-0.4241010921241435,0.9576879297056304,-0.6384852137212701,-0.2345476854067625,-1.0902325818928842,1.4085539460262886,1.016771450587839,1.450536083560306,0.094165973866434,0.1915293230612021,-1.7116809589220854,-0.0864562556802793,0.8930186429865065,-1.2429644068679118,1.2873377281480538,-0.0446137001774657
-0.3029057539365399,-1.5672777049320783,0.5296193715400651,0.871965972846749,0.456059604197503,1.1090194446523198,-1.4093714902847356,1.387162301583205,1.3891960506658338,0.2937342338544729,-0.6537798182773114,-1.5623395657882229,-0.592918055139346,0.3851379426537404,-0.6850077675373544,0.7316263053185075,0.6879703887676226,1.111292590620002,1.376712685745669,0.0844570795089976,1.1524818350906365
0.1644704384343096,0.4535724069925795,-0.2821357462244826,-0.3062554640933384,1.4411014543168477,0.4373496414804277,-0.4779202349074751,-1.238585009744504,1.5877214952421683,1.5301004716761355,1.0051202543625215,-0.7676847010018301,0.2384132264299619,-0.6861969156460745,-1.7368606413159704,-0.2968926274826088,-1.325729010627022,-0.1814619338453895,0.3824905141108644,-1.6576088120177297,-0.1999866850704616
0.7885849005266021,-0.5780767663962112,-1.0699955540111528,-0.2972950955139736,-1.2479073514107697,-1.3912582149191437,-0.4982160980878415,-0.4106520479813457,1.3894164785121492,-1.1105114175943118,1.2204012946429346,0.6832982265757365,-1.0595382330842364,1.427653046707059,0.9257498679902416,0.5066064942120108,1.4367511908049746,0.2526696010254113,0.896387601813217,0.6535670345249591,-0.7126133934279891
-1.7405822056376836,0.321489652847858,-0.0435624976721815,-0.3801116402749931,0.1435178728076937,0.63921745480577,0.6573559784795573,0.0951521359493785,-2.013985082428543,-1.538821664448874,0.0992164395188288,-0.5027016408688889,0.847944029647221,-0.6249552145263085,1.312147494791721,-1.3598277340242744,0.3706851721593628,0.2360041786278389,-0.6566160641613342,0.532831891859647,-1.2646125883787551
-1.5857808368947963,-0.6238856930639137,-0.8734055849531174,1.0122674329200776,-0.925504345206049,-0.7423389524681585,0.8538441888638477,-1.7063113174442244,1.6048960330474047,-0.769442068376445,-1.7586832148974585,0.3773052267355301,0.4236410572819459,-0.9215991807826716,1.5379992785839718,0.6282351570441904,-1.4792252058784514,1.5133159409054528,0.1885164254140812,-1.475362196725818,-1.6791951683734216
0.7052951890932975,-1.3924045987582048,-1.839738614191194,-1.3133373863473117,1.0296223377329057,-0.5732096758433662,-0.0557376244765015,1.3468276049174848,0.7964632054443862,0.615809572750208,1.440846956575455,1.5351635940650832,-1.1736378132289549,1.060736921510632,1.1147624869716466,-0.3634286788607493,-0.2485555193584924,-1.7381967822471998,1.380628458746077,0.7946672973691988,0.689636941785724
-1.1909643032313215,-0.4264870305488775,-1.289203613831288,0.946782454679057,-1.9722674709576349,-0.5352390139525139,-1.254232724730189,0.2576924954890593,-0.691800017911726,0.5290933618201669,-0.1625842907851765,-1.8395976328737451,0.3219079022819472,0.4391621809714499,1.3787814263963438,1.283511426030117,-0.0814869230930868,1.0110413951505983,0.6325961379474968,-1.312889597954215,-0.8035899405403352
-0.6315546966865784,1.2539104241015688,1.1732379573896048,-0.6539496951973942,0.7806201050331726,-1.9975871686930269,0.378757278199363,-0.8847097880845024,-0.1083109514898823,-1.5234392826283776,-0.4011514750961085,0.3762379878516356,-0.0299687274004358,0.4076102863280852,-0.6392380003628325,0.7016465221110557,1.3838066767293782,0.4043780477944227,0.8294212376118414,-0.1541155740585151,0.1497186963700315
1.4083831867148984,-0.2185764033894477,-0.8460612885761171,0.3014461690372073,-0.4664894586016527,0.807148356700289,0.61619261805255,-1.831233220262123,-1.7702971198073618,1.37534395974313,-0.5822186040026042,-0.4108051734093809,0.5254485317293294,-1.0948589402711677,-1.0374984196926194,-0.4666318437215376,-0.9404346827080656,0.2292097507412558,1.5181020984610665,-0.820461178709882,0.6551586057848784
-1.6605328511537132,1.2684467211712285,-1.3221077446677076,1.1037831089740269,0.3479392420032459,0.8098176436920617,0.2402270067405403,-0.7530996021065204,0.0844248986454649,-0.4246744457523899,-0.416716316131423,0.8993459518252044,-0.3937514386577305,-0.6004413695920705,-1.9462411800584896,0.9556861204121752,0.0105249799152373,1.3808527590292154,-1.0747147659823637,-0.3897879527295044,-0.8967738191349721
-1.5024200995875916,-1.571186119334274,0.193578438123607,-0.3983190829641309,-1.1754143550765537,-1.3492030014081018,-1.4742506814317824,-2.0976288151834033,0.7070632526289559,0.597926178893579,0.7666123573747606,-1.0816415537024342,0.8505487302792449,0.716843371314693,-0.7590910908101351,-0.0121817737774692,-1.3214048975811925,1.2528322241908176,0.9029402604716764,-1.8328299359366456,0.0625193018214444
0.4253321157119735,0.7447420392300309,-0.4431842703788204,1.4708780090356977,0.4904487715476869,-0.5132302317024102,0.745413000378124,-0.5685294607380923,-1.232249911613573,0.0700792274136735,0.913026587436458,1.2158106031965543,0.1961061767071175,-1.5688903082013923,0.0835343273923992,1.4197269609187235,1.2577136091361825,0.1315059575952911,-0.470741363922892,-0.6235665304700272,-1.120549734472858
-0.5353385826622025,-0.5603230929710641,0.2759317574682576,0.2655253249929126,0.5178140366526129,-1.4572837896638122,1.086045953667005,-0.334557240509758,-0.2120699530386205,-0.7109434980969929,0.7066992929524343,1.2163102392841971,1.4768045127964615,1.5082700206929582,1.1324167202456237,1.311017613661492,-0.7677291889634015,0.942856756741842,1.0805912660333452,-1.3711643642803588,1.0914766435503198
-0.5302890141439209,0.4115512960132787,-0.9847649059846126,0.0829555297241152,0.6160519326754058,-0.7139103029009568,0.7771265478080693,-1.4744865090682169,0.3597306472738448,-0.4479513186682023,0.1488290832275652,1.1317833835866853,0.7297043494539687,-1.3923761712661489,1.4345748950924284,0.0954867514386459,-0.0858973058607869,1.4013901919941854,0.2963440949367787,-0.6241615602171017,-1.426411855070674
-2.0142083213572968,-1.1693230495798943,1.2746669859459314,-0.1456417499165804,0.3055060096443642,-1.093422991361894,-0.0478898814554065,0.5231610128118998,0.3390791372217384,-1.2668688769732597,-0.5006895578241164,0.6165777276460302,0.5279778057473715,0.3665871175259798,1.2932785954372126,0.129287322373369,0.8665806966647964,-0.4078390957194004,0.2473006063093105,-1.690676712817275,-0.1288309433225009
0.3280632327752881,-0.8851891748131382,0.045921914029199,0.9834379982660532,-1.1174200403154078,-1.5770297815464236,-0.2549410802270765,-0.1452988803948169,1.2509249988427145,-1.2396361635956827,-1.7697221565220649,0.2048737587999408,-1.2498816046955028,1.24302915320362,-1.322739364701835,-0.5295939257559277,1.0237302236902155,-0.4938039126557985,1.2450042512308237,-0.1198012038681394,0.0201506808549177
0.0664841565695968,1.527528192385363,-0.035716278816407,-0.7036883277157416,-0.8768062648125665,0.9893491508781124,0.3715750293620443,1.30733917789337,-1.6941182706256477,1.06492875683242,0.7435140894201591,0.6531156739046596,-1.764658030347257,-1.3326052135252244,-0.4446699497298548,-0.8065601740846452,0.0275327099707071,-1.7022286612826556,-1.7977910774525585,1.549803220228969,0.2697974342294336
-0.4095349347619468,0.2602154497402219,1.407451368189708,-1.9799793002927248,-0.6349429333105278,0.4964148073300363,-0.478165926040917,1.0462975366627814,-1.3830267270758083,0.5010165423136096,-1.3970382555572232,-1.1672515583814087,-0.3291747041935064,-1.7657833340100142,0.9160804121771904,0.8921544205839768,0.6646831637441714,-0.6153871605140626,0.544503422951244,-1.1217217496609906,-0.6865806724052863
1.559486198736523,-0.5948739558060926,-0.6446275668070084,-0.8598023542019628,0.7211561354485948,0.4743001587276221,0.9484502845143922,-0.6949922151562711,1.3806400978775346,0.9829456050941656,-1.2647987965446088,0.4296557534901794,0.468543254051556,-0.7097269965379047,0.0352432453609016,-1.155968816218813,0.8204266710333495,1.468637312706208,-0.9575888430935432,-0.9897182692905128,0.171409627761009
1.191095078769375,0.1368761789303496,1.286449995213694,0.9870318156704728,0.0675471734801733,-0.6452671611160572,-1.740897605029284,-0.4121713117268158,0.9225310370140628,-0.3043351635372541,0.8988720462767101,-0.9885259847611716,-0.1832123672343954,-0.8913912755079504,0.7109528065363461,1.0405547681844796,-0.9156634696113932,0.1595971080251472,-1.6413378293608127,-0.573631684089903,0.8864610680896821
-0.6076868778590611,0.8971301895891455,0.6732518781655668,-0.1704942370544666,1.527972387705739,-1.3680937467052965,-1.2229848364458604,0.4072492419003706,-0.3420323859195064,-1.2646515955811064,0.5910558960719665,-0.9263222576567004,-2.0127291842726116,1.345114382501075,1.2968120795084062,-0.702752642579883,0.7156436101485902,1.2230372105867413,0.5646988196406066,1.2539371020776384,-0.4739679120358223
-1.975572535163843,1.323472599726592,0.5186063033550121,0.7070617667178815,-0.5075931561792749,-0.7434691634890382,0.7047473592733832,-0.2780889992359285,-1.3601925607849463,0.6642712579927447,1.1463068809527115,1.575693550419505,1.49294437035963,0.0710695450405503,-0.0346925015049068,-2.0917070592685088,0.6542131595615813,1.071418262957707,-0.3844501111752466,0.7546270907931468,1.0552658424000596
0.8868049171146527,1.2967045110132365,1.44105467596932,-1.6498038989091113,0.7143421928799794,-0.2692300689418022,1.011143693358568,0.5838415719082685,-0.3268316161992877,0.11461956607276,0.9425259007873876,0.3157104594285819,0.1957135862539587,0.8139985026346298,1.2708732577485264,0.8538997477021977,0.1149061909754808,-0.6290776020034017,1.4187254350180998,0.8011697073366305,2.3279594679368465
0.7459445761751438,-0.9193424100212302,-0.4444053384559598,0.879603682681945,-0.7672400181313094,0.7560704489498471,1.4209520115483738,0.2852207315548757,-0.1484981512532564,1.4659311647391235,1.0985239013875232,-0.9913723594578876,0.1305134250476443,1.4332643657093755,-0.0915150005233208,-0.631771304608493,1.14501006838148,1.2706638274885045,-0.4506927210040024,0.6754390678492784,-1.7123898029611688
0.2089348707493267,0.7539916878643511,-0.2598387953186067,0.6556071527530527,0.7664168235854009,-1.569175803917077,-0.0921392536651182,1.4966588432465884,-0.8228729146760513,-2.084055702904158,-0.8991713090465657,1.5209239657219402,0.1957109805235801,0.6594523853660662,-0.4240466990187164,1.3362050283478548,1.2349826098478751,-0.8106491969331066,0.440765730228356,-1.057358360210379,-0.3217277454592697
-0.1716051032057191,-1.739326117803217,-0.5927907478646771,1.046382565617257,1.521412193669131,-0.8269210230946695,0.1111193331183146,1.3778423094902863,1.4105284629723749,0.9439886887360288,0.9656951774166932,0.908597364263965,-1.4757648654042363,1.396807389239663,0.5946612973514759,0.05435013013113,0.8281020968740045,-0.9800222613409474,1.2228035712029734,-1.0077470086634954,0.7503504343414662
-0.0672178219890662,-2.0223533914820364,0.3323525240915835,0.4840544934587289,0.3673058224531209,0.8220572936701045,-0.0673204668345563,-0.556132990573431,0.8375116041250856,-1.7451957680486854,1.0925421338576182,-0.6138950709558337,-0.3020632458458908,1.0298419586156384,1.1158666000035011,0.8309228201498162,-0.9470050172003563,1.4066141361289248,-0.1694186992872942,0.1313572878656598,-0.8991959726177958
1.4632044434821083,-0.4499157212912858,-1.1552983560277694,1.1157622469778596,-1.5435091556064575,-1.6846601715000682,1.109508066563106,0.3469512669839826,-0.4698623962485437,0.8104700102629897,-0.4993166592349663,-0.3862889142226258,0.3498194610843539,-1.5703614449503884,1.310509342588187,0.4381471241557145,0.674266784168091,-1.125570900025295,1.0880801432956897,1.3246487042403516,-1.1905519956986197
0.3730940502272428,0.6201760530396143,-1.0527480501299424,-1.993819744040205,-1.2648587838289451,-2.025514489996527,-0.9296159528256078,-0.1870360238298607,0.6303322888290275,1.4156180529977067,1.027083005735022,-1.5361204422342,-1.6702655767216397,-0.535136886592016,-1.9118675921655344,0.5246348491567469,1.3783216820870812,0.7525199826532581,-0.6214570870480133,1.3964442488009468,-0.7967464426999147
1.2764647498836048,0.0988178473600538,0.1602178983058481,0.6722554550876402,0.3447780938763923,1.2973800734031051,0.3753107397412608,-1.1794522098918447,-0.9809245756190174,0.1328493929925253,1.1366528804298617,1.269469211145566,-2.00567952674204,0.6688906614597899,0.8880185070574774,-1.319432124927005,0.488909599756998,0.6395643489622245,-1.1347349282416284,-0.5859309300433257,1.219587714399342
1.063305827064299,-0.8414516821530547,0.8709508637442408,-0.2165969250682448,-0.0007625392431442,0.3253303319995233,0.642256602301459,-0.1338464451888562,-0.9402201504753996,0.0103813783092252,-1.878794317611682,-0.1099983681127011,1.2510077158360549,-0.6416257849360227,-1.0456756126024158,-1.4176918537309104,-0.882102317666329,0.4829133036233733,-0.421659247537055,-1.696972883586194,-0.3482786662043421
0.8697207840195906,0.0625956354418273,-1.7648265675011026,-1.3344111390494124,1.5267718547774798,-1.3847386409723543,0.9214888584723095,-1.421139219637298,0.8621522527010945,0.1258364882805144,1.0116720364221956,-1.0020570939770004,-0.5220077685502073,-0.7120124027303201,0.5397582288376417,-0.7717101300649952,-0.6207129676922284,-2.064805023171161,0.9586776765945108,1.152711762718061,-2.157915558804366
1.433358299826571,1.4926537597373029,-2.088801521277263,-1.216322039350222,0.1190922178733806,-0.0541101467605131,0.6011255395436772,-1.1959531854767655,-2.06767372655678,0.6713933248981043,0.7729163313875507,-1.741500680616446,1.1453362790324937,-1.8321736974372624,0.7932485820188306,1.4941871479066695,-0.2771764101410988,0.4975196451694386,0.8412091496159734,1.3185348489639974,-2.7063770777886416
0.784359920389721,-1.26726825597086,-1.2535620297236292,-1.5472888479811806,0.8917645067492919,-1.4406193661092128,1.0045741539384911,-0.6401465166550832,-0.7728094567870535,-0.6310961085667216,0.7765027688140529,-0.6447964764110491,0.0023198924198472,-0.1212429168608152,-1.8975700152069608,-1.4959321741534408,0.4157650003169408,1.1930205993311196,-0.665430940657489,1.1909264042498526,-1.531677701252926
-1.5123700454062352,-1.3498061443300045,0.8803514284816866,0.705795779999071,0.8547769959188093,0.4463258693434992,1.1785023421249785,0.5139950988708167,0.687740948277034,-0.4083510024678585,0.5406053328500606,0.6298532506980115,0.1332319817322152,1.2698427078976964,1.427903882343093,-0.917619637421271,-1.087281334467554,-0.7783214505320918,-0.3355520332139811,-1.322337175576427,0.6757826289503779
1.1203813734918722,1.1853008406526084,0.1787348780711845,0.1911510530360764,0.928841654475232,-1.34563637273904,1.1221764768834523,-0.8285809718963679,0.6016792359273503,-1.027232680032362,1.1486524531500246,1.622451898743275,-0.8741515780416212,-0.7092533707544776,1.1133165944196617,1.2353215729852292,0.9669351182641296,-0.6540094816648043,-0.9178656592664124,0.1092594373879064,-0.618864886750929
1.2750754365274044,0.447741853940153,0.0840485827866562,-0.2730603976887604,1.3563809030600509,1.5065287898340367,-1.5007481736891437,0.4232369262215829,-1.343633271996892,-1.666417339738775,0.2948962849189061,0.4589656262498174,0.8386452937614032,-0.0492174686242562,1.2706871372822026,1.1056042470500362,-2.143037945386291,0.5316508510889111,-0.2185270879752846,-2.0667796448406315,-1.1254514452336009
1.456105134380277,1.483438814076672,0.5512269045931136,1.532512827464667,1.0530660118798096,-0.5872624781612661,-1.19981914011487,0.4537888635826311,-1.68758789887995,0.7693614467235788,-1.1452054929372084,-1.601902034534694,0.6002150927293595,-0.4688330363097112,1.3083985779779752,0.1634619882844211,1.2805920445030707,-0.6744286773110982,-1.218245722264317,0.8640830723159029,0.195642328764723
0.1326385424289735,1.2115252480591423,0.6934372822463211,-1.3178855772138296,0.1789875265154316,-1.3897656494736246,-0.1381529605671443,0.0848535589440505,0.0368721146813486,-0.9416059923190492,-1.0826764709539776,0.3183237279919871,-1.245362725611562,0.9594394981751232,-1.1840834109585203,1.0684690804901376,0.3318595751174722,1.018914694663314,0.8935990985849842,-1.8087467513370064,0.3632541543872205
-0.620531676286007,0.9488857376308704,-1.3827803512759904,1.3297686095183012,-1.4366418911480685,0.7404674206023172,-1.3295960911830236,0.0374867455024758,-1.7413228075614675,1.1342138880184989,0.5900652192900592,-0.4530991724637175,-0.887032947685764,0.8196482542486427,-0.9447410841250616,0.3522214162720166,-1.353838142330271,0.8142666316126629,-1.5319494753926584,1.414613273937596,0.4007850493387109
0.3789078476351596,0.5861829084821044,-0.0589719704369568,-0.2849113905762988,0.1201815109633258,1.076309742726865,1.0950635557506996,0.5850736132054413,0.802979248403752,0.4456109167694225,0.6957426866443058,-1.2432021065736991,1.466131057169075,-1.1967015289275684,1.0782268615296544,0.2451316089225347,0.5990212408783467,1.2958164406062684,-1.0198775435872582,1.160066908356282,-1.089023367256762
-1.6194281996850488,-1.7561411608778872,0.7535625796641213,0.1551751402879475,-0.6370221466927346,-1.280014341442521,-0.61079187125018,0.8584978833961363,0.5675774777293185,1.5385747235477805,1.416226574570268,1.3824699995018024,1.5278677630166992,0.8043265806429609,-1.0997742518213829,0.9889525109521882,0.671589677761913,0.1826979661321928,1.208538129077559,1.1014530070321502,1.8623244487483244
0.767666834589542,0.512031932821297,-0.0886981810749332,0.3267034673695418,-1.5009676292525111,0.6022329381890335,1.170882027984084,1.4207102664771605,0.6842320518646264,0.0229658230349758,0.9272885824156492,0.296763585134456,1.013272984850866,0.0478180707339571,-0.3923996478182635,-0.4963466504713649,-0.6428425267828747,-0.9688342838949516,-0.0823190294958262,-0.0885457662658659,-0.2825161022984831
-0.0424629655031867,0.2588597113955758,-1.8763441512585357,-1.723203222993778,-0.4906005245653825,0.9468664760854372,-0.8875152426764767,0.5607530968369303,-1.1485026963120704,1.0005997530510105,-0.738437122024357,-0.0927150832501824,0.9265171018346214,-0.1509548246523611,-0.3427084251714695,-1.5707832809939573,1.5793326934681209,0.3663679198437815,1.2714440131289788,1.4798592210879178,-0.0587460109222629
-2.004001006919188,0.8878199343975393,-1.4282703007364217,0.5532484802820103,-0.8114786669838865,1.4436778941001498,-1.0291485567423573,-2.0101379751086874,1.1603393032976883,-0.8834049489061886,-1.6688534682458134,-1.1061707222896575,0.0125996439484885,0.5437219547612305,-1.8670621410248984,1.0531874975745965,-0.6174745477410504,-0.9203665969403184,-1.3097103611475076,-0.0544729256205599,-1.212964398226145
-1.875308909122152,0.8226019587506888,0.1834697073525428,-0.961780776669328,-1.7510808711619736,0.4134916676839848,1.508760416903586,1.531016757026676,-0.9019337612007404,1.2936777318204065,1.2735494639874672,-0.3618388356300123,-0.2952939309962662,0.9382814354447097,-0.4001418606215706,0.1692446234499272,1.4708650464200663,-1.0249814214334352,-0.1472795709464799,1.3073266377178876,0.6789628875719811
0.8586390161124,-2.04483575190135,0.3151120009337986,-0.9650699543959802,-0.4415804398263943,0.2971781616029053,-0.5905009079620155,0.0658287442180582,-0.3656734852845515,0.2758643484235561,1.1791123716535532,0.9603918159452892,0.3858322519043763,0.867493976662458,0.9209064954638038,-1.2968266033004017,0.1488266845063227,0.988263292079619,1.293382171220276,0.714178018718489,1.4388741163313572
-0.5127402589865473,-0.8435482253104576,-1.5276031854674317,-0.0693378777840435,1.0447513141158191,-0.2781237294440055,0.26382270643653,1.513722032336204,1.4100452172195514,0.1864129758507943,-0.5342713944534137,-1.6410763576692018,-0.6102786854302162,-1.9109178536609108,0.9907548454404582,-1.204134320677868,-1.0226727719161757,-0.8762350179108409,-1.3149383723054202,1.5418105670666011,-1.940984475798646
0.5036238191061738,1.1619906115934144,1.2168906249609366,0.9280951986592034,1.4694804590142256,0.9233983771058802,1.4730056990367844,1.4222559635867986,-0.6239139087593056,0.3221065977852232,0.1553863914014374,-0.8754884834700151,1.5634773736585903,1.4164949373054558,0.821365852955688,0.4513692314121385,1.1264019909995793,1.3623405154192645,-0.9039436676610656,1.2074401254051847,1.26876281121985
0.1244044519358677,0.403757615814118,1.0527044758427888,0.6965172220983735,0.2191311659601475,-0.8032490355737004,0.4979940938485798,-0.4677634666351051,-1.015352144915923,-0.3745514841848826,0.1291472571476674,1.1106017978777538,0.210600722022876,0.5659135357304663,1.5289559857653194,-1.3772938998261186,-0.4114757019267714,0.5065324852367775,0.8919661559799658,0.3270407414349815,0.639200505245443
-0.0282464766099747,0.6882728466930473,0.8952486142576256,1.4173864991388057,-1.5764864469546558,-0.5863469560924146,0.220534808074101,-0.1371812475738642,-1.1647008595554529,1.1598868481364537,-0.4544481977365445,0.5057186364316035,-0.9278261042825332,-0.2493263330417842,0.934800042654569,1.044633544556577,1.298345712522529,1.1713647947432964,-0.9365558625399836,1.3162613706441266,1.604127716617567
1.1767786357776755,-0.701372788207666,-0.6677849429284242,-0.0631580207548877,1.461340485607041,0.1807157131490287,-1.524177849455836,0.6407176615282371,0.3303656471095377,0.7323698219123717,-1.0403543950541103,-0.8180123693524237,1.2544534517854635,0.7794165574356196,-0.0115964576588718,1.5016386560717851,-0.1996618572921966,-0.2308458297529445,-0.6654814682785729,-1.4215065395064266,-0.3319975605169524
-1.6671075053173448,-0.636002768911715,-0.2930459817012923,-0.1614651706271184,0.923324249286556,0.5335785829152359,1.165554210894324,-0.3349711211292483,1.2412429184874114,0.988843368838732,-1.5434974478112011,-1.0572731029931428,1.0884149036389867,-0.4949978121783955,-0.0179337264169488,0.4228957541826387,0.6360890502455525,0.9471756025231076,1.0182674191045582,1.5388587946584231,-0.0458133815372261
-0.1608112939976183,0.7331017219617879,0.8224653197674252,0.8181138687016642,0.9060945161077448,-0.1648141016609097,-0.9997745458901393,-0.5866218761277806,-2.0632712506807547,0.0073780665126055,0.8603098337752595,-1.4597812576531923,0.4915012962388241,0.9315136892906432,0.1608389342581337,1.2910719019468635,-1.6511543495133707,1.2114980261166943,0.6862264229651214,1.2729174906713712,0.5515479771587919
-0.1113768260740557,-0.8065510615028074,-0.2279351796545173,0.1160674513818085,0.1078871935485882,-0.3873219053659412,-2.1601701633214248,-0.1473596102658215,-1.2545546549218731,-0.4899116040287908,1.081767914239372,0.5857030792011775,-0.1163311670605984,-1.4687311747510905,-0.0356940639927531,-1.0372170823981828,1.266012230167313,0.8762419650480088,0.1591925429994196,0.8893979092951781,-1.7714339986309129
-1.0504678022714788,0.1049362717503146,-0.4636203563227218,0.4832613160793521,1.506004851512482,-1.1255748075809329,-0.6925953251380638,0.6697733143454063,0.730880909012829,-1.640599326671669,1.1499432126901683,-0.3957843964746212,-0.1064772757487724,-1.3806577229506978,-1.443613534149172,0.5615382516748012,-0.0107624609860167,1.23452172807342,1.316075579186937,-0.101680965376812,-1.3796484484366476
1.03830298959261,-2.0792226625929113,-0.8448480971894162,1.445493217223793,-1.2219759003181092,0.6704681470760576,0.6136016518997608,0.1721229634496222,-2.162937650467237,1.52092137876396,0.8223982520301542,0.6020707818318541,-0.2769517610776805,0.1714905583395385,0.0257075558830339,-0.7060021917498666,0.4079281865100947,1.3783932195217758,0.7497650958272036,0.3419118660402645,0.7313306487308127
0.1735362338656568,-0.1873050929179768,-1.8254851317669984,0.2761598416155186,-0.8007914724514398,-0.0079964228132393,0.0729335402076204,-1.0187597948626397,1.146057195927496,-0.4469904764207913,-1.6080548756354995,-1.557166305517866,1.1327190960037932,1.363162089768947,0.4982062601487877,-0.4100619246692285,0.4481172435758339,-0.412358544816006,0.0843998384702754,0.4055395248533383,-1.5452463202824296
0.4845439692009395,-1.1751188305532407,0.6055991145317561,0.8553052235130211,0.6521037271662887,1.3763715171126347,-0.8594638787925807,0.96247016480049,-1.2016874488317335,-0.3300004438883551,-0.1317772284621857,-1.8425609132118228,-1.0858606079869004,-0.5897005376019641,0.3891483347669312,-1.4578747383442054,1.449035484628448,0.1602179418847667,0.4252081873047833,0.7132881001828867,-1.0454280197076034
-0.8507677108300761,0.3590949155549185,-0.5468304595655996,-1.6416085719446774,0.6975586284225442,-0.4313266294666564,-1.3911295713413323,-2.1632702670435897,0.3086210565202001,0.7912401491867094,-1.4315637195524884,1.2528702504994953,1.3701607532211124,1.5429268204190372,-0.0106408107524589,0.0423625196139092,-0.6701129554986482,1.4034951069787518,1.3096461979565672,0.0905070756157226,0.7148653048241175
0.5431969805871442,0.2109639997238037,-0.4121151123113034,-0.5109782631987394,1.049290277597429,-1.2014104816412638,-0.5673146623033717,0.125424700477166,-1.5719245635064665,-1.5139861180481748,-0.0118370335379361,1.501336027431634,-1.0707996477989314,-1.875796655614027,1.2505452739138665,1.4395168375000789,1.5738448838846493,-1.6809849991514527,0.0731844081543443,-1.1156997095581052,-1.3017602966553827
-0.6971086749356018,0.4813238224503149,1.5352956762005423,-1.5246333524474802,0.7041544677250811,1.0130582107223547,0.3400970239200123,0.4931728500939128,-0.9038606133242576,1.1787031555897236,-0.6476056031899552,0.3162073005031711,-1.4333101773547852,-1.1920341271752426,0.5021411348756638,-0.6377403082179557,-1.5733920743995595,0.5891587974193552,-0.0757727852575492,-1.3915386320247374,0.3922130116241048
0.2449710803744048,-1.5460076083778524,-1.2994766714924866,1.468603222084385,1.516506432631305,-0.9348734091163518,-0.186150644320603,-1.171982403274077,1.4691999142221654,0.0551163071032825,0.2969618786309022,-0.1955259962754165,1.2487321470710258,-1.1724628629264142,-0.3200596802941254,1.3237315385824626,1.089887326379288,0.4771055157435871,1.1935956784817596,-1.7083194254182927,-0.5254709164629608
0.5283911257832199,0.4308724417977628,-0.0916556586638478,1.1182693788012066,-0.5162509689790441,0.5403800459314541,-0.9645746729707944,-1.9325250854784377,0.8190715995848822,-0.5430029904366942,0.8432424997694727,0.5644824676443583,-0.7146718908996469,-2.1482272694298543,-0.0436708550994685,1.4674673350074283,-0.1696656865159088,1.3873494919035094,0.497437751423669,0.8406189026511334,-1.589286219956955
0.7003893174529733,-0.805318908089309,-1.0356102670582077,-0.3309521061848751,-1.6899257777326742,-1.4064145387925318,1.430082691105069,-0.4821660355563112,-0.6726983993182094,0.4453255109480273,1.1209188795571496,0.8825410379131347,0.7105302953709594,0.9484019108835304,-0.0284456208328967,-1.4173429149800212,-0.5840973681824245,-1.1677922626054476,0.8156616506584988,0.1687191548656568,0.6864496137715762
-0.6316560364846282,0.7349962729614314,0.4112063137425032,0.6520264174653344,0.2910126869850587,-0.7375642680574517,-1.938258896498565,0.3481081112325072,-1.997121880041998,0.7320748158825686,0.1785331977068863,-0.8045911338102087,-0.0130924658133622,-0.7161043387808365,0.070514808826957,0.0429320276911418,1.3052761978582532,1.010664446909615,1.4898218416409852,1.1346656135053548,0.5182574053266369
0.3073757167346741,-1.110511009301642,-0.2183694195655095,-0.8596331509057938,1.4723483049159327,0.7513279100469394,0.9863771006316184,0.9740128207310396,1.4666250844999815,1.3972473289991574,1.329654470288342,1.035825072915885,-1.0782055093844274,-0.4800075386500663,-0.1948920753897267,0.8783472443543832,-1.87720065841927,-0.2077337655672394,0.4559610399739276,-1.4400275856143268,1.4195193437636462
-0.115764845272511,-0.0784578263654918,0.2271056938371022,-0.4858311189526893,1.3758768585156531,1.5201610554601286,0.0729110187758282,0.3715195068933192,1.5155383943593586,0.0210071422423362,0.1943095060689845,-0.9208572030154606,1.584725199532622,-1.2784469870539794,1.1560260114079348,-0.5518469793448104,-0.0787703238187608,-1.864998699782658,0.3727928672492896,0.7241718374866122,-0.7766203382625839
-1.030242578091079,0.5544077152987336,-0.5252096141021867,0.9429467498210092,-1.3082666697749197,-1.8320764995236547,0.0638348783381322,-1.378405934481358,1.128785215265986,-1.3325661371688098,0.6148865250808597,-0.5656110396558366,0.0925304441639762,-1.446004517132046,1.2093530345133574,1.1287073846852589,0.5812906408340939,-1.3919903339317607,-0.0862125785172925,1.0407394022112295,-1.838697672166182
0.2349663659255884,-0.3795143508020967,-0.2523086827361099,0.6972996610659882,0.3392125513747121,-0.5437967442697949,-1.224329647103596,1.2165016628215322,0.9337245984923818,0.5920408521930279,-1.174246056368925,-1.78910675850852,-0.0475920896003855,-0.8113238646116243,0.240944775433259,-1.3691820797224996,-0.7974860627039368,1.307905278201361,0.3226964745884279,-0.1946159394204915,-1.1746127694557889
-0.1655176167665745,1.2250941876501398,-0.8277176788712292,-0.8041068164360575,0.753036985560649,1.507572287853868,1.0172050142719105,-0.1828946989957258,-0.1666874249501995,0.4369079323776223,0.7825478098451244,-0.4551733750748218,0.542332596969756,1.3763389329272095,1.0157880914756945,-1.7269978595661972,0.6404568585858458,0.3091566654376266,1.3798547603861877,-1.068852706704755,0.493756420361964
-1.116238373104171,-0.5620475127872995,0.2732559244539294,0.2696176358852464,1.0892822575596302,1.0275315292674532,-2.0629230215543197,-0.0668197201372069,-1.5706402361998164,-0.7663411800645695,0.5888586404375825,-0.2427299565241596,0.955887618810716,0.8170088636824049,0.8363958725891568,-0.7919177071346409,-0.9372351889502712,-1.1532752235456534,-0.1267223549436953,-0.6478050308912302,-0.0119542667254744
0.6853099687904138,-0.9929654973689256,-0.0704924081202729,-0.0733593816370309,1.103830622832475,-0.9157320178560892,1.4797480806680918,1.0152730473118818,1.3504165678279696,0.6614289179148137,1.1581733691656864,0.5294001882014179,-1.3130179484856876,-1.4036308182980604,-0.5327877969065636,1.4600852916293052,-0.6990886349655958,-1.015318881300362,-0.7085688388129856,1.49002091800171,-1.1587045861372405
-1.3630042901628443,-1.6847361069493318,-0.6468387626319054,-2.0789978732010095,-1.6562186044565872,-1.5718788645544717,-1.0807935365147208,0.0274554930607548,-0.5530726700826452,-0.5516075912309506,1.4680785753187038,-0.5196395712034108,-0.2025630464290987,-0.6440682811747674,0.5321713871935803,-0.5491695748655662,-0.1414828641845514,0.3924604300331332,1.4395221263189233,0.0691704293567224,-1.1781011824302738
1.3924120363960846,-0.7424458384543683,-0.0116223538587483,0.4455291256003651,-1.8574102580645016,-1.682424405072579,-1.5234242667372364,-2.16562521283879,-1.9103223572769303,0.4895624194566919,-1.2883130916659986,1.4697593576163048,0.1361649732690618,-0.3706372298682511,0.9303638649878312,1.263294867032075,-0.3597139032277869,-0.5542169063819198,0.3733731470032352,-1.9296471145997347,0.842588234721505
0.8892833589736833,0.8948891133966268,-0.9806739726237048,0.9635889752176208,-0.4251599213479736,1.4569603771251216,-0.1031168553329941,-1.4011096214201633,-0.1064374539078077,0.5173760772013943,-0.9875853373493232,-1.6418123961606512,0.0392937452866202,0.0173815645840921,1.3251996070220942,0.0230578331429558,-0.3400689350241934,-0.6487131873594576,0.8192394340052717,-0.1549959528370808,-0.206882229654614
1.1961354365123995,0.0059711187462574,1.5463269429360005,0.1730530148660919,1.508097930518734,0.477621313425752,0.387434644572561,-1.150024467720104,1.4372440806046607,-0.9583635628258051,1.013471533018853,0.083041742653162,0.1074711521416644,1.099926652637502,-0.9121747082744238,0.8339382564972222,0.7222642498564195,-1.696233484546822,-0.9204602974869486,0.5758609237294692,1.5977038197841948
-0.3219280144283431,1.2681699891203932,0.0453622222483497,0.4232466040860681,0.6777282755087491,-0.5197068615418661,-1.8701746013239295,-0.3562075162631855,0.2333689201017464,0.612589252440688,1.1221503535856183,0.6817254205953637,0.8986659836166474,0.8352389155107031,-0.4403069904451266,1.0832513492607974,0.9543072497488766,1.4961191461181862,0.9466399923916158,-0.971644386662272,0.858291824625324
0.4657176372825747,-0.2031839760750739,0.7060478647543136,1.2528650433099424,-1.1672763207773915,0.5560836663781515,-0.7210907220009307,-1.5118393385629283,1.3344613751227803,1.5155226268752278,-2.0899876024464956,-1.6410228755591212,-1.8833122921512688,1.3541685118841775,0.0245983796938297,-1.72188613603478,-0.2363800411495769,0.6248026577323402,0.0674983730700272,0.4922127568640406,-1.232564074482538
-0.228822588160945,1.3818763793843332,-1.6169358257829352,-0.4148208556166085,-0.4999229696569136,-0.2501210750130501,1.3264736687390104,1.2363186279623068,-1.0048136447214455,0.5898473051108382,-0.3096222932450947,0.9902700586868058,-2.001686222250699,1.1880488958340003,0.2557551829534695,1.4344475249666593,1.4920811569588677,0.3167681427390357,1.3497763557221203,-2.0550285515592233,0.1906373830367926
-0.7034928128649867,1.2821409637410808,-0.6723666717195141,-1.7895758962840296,1.241917563191382,-0.9254110458573336,-1.0517417425885491,1.3469015969069718,1.5261972204625596,1.503525044639119,-1.037274007594618,-1.875736415525584,0.5128097311058663,-0.5692601649123308,-1.345322371531558,-1.088063206467299,-1.1678118104192006,-0.4678109684449874,1.269232465094971,0.5383740694227902,0.1818168091438911
-0.7776255702792804,-0.5317703898983366,0.59644857741451,1.1279755939558764,0.5116810577642382,-0.0003926896031038,0.2795693909599716,-1.6046537267305634,-0.4429604472640118,-1.873637046042826,1.1476285617958142,1.059565443743288,-1.7845120222668072,1.4649474658109412,1.1492939676281029,0.814662217570306,-0.3288052747317054,1.0621039618304318,-1.1898440192376831,-0.135975087812059,0.0373243683161829
1.0306867767970964,0.0998411539763819,1.2123170243226886,-0.5986345406983918,-1.4428866142146608,-0.1768619986869956,-0.6950656512897564,-1.953203564892708,0.6523361812042697,1.4185800604257963,0.5511106699407301,-1.7780321914444244,-1.344195382777122,1.0898478081903018,-0.6300466336976074,0.3752866892724923,0.463987223834105,-0.509554287320329,-0.5204090878372766,-0.3014258311103155,0.4890480665499903
-0.6676234046218006,-0.4447581404490229,-1.342014007405429,-0.5713662221074811,1.5498960744297654,-0.9253658764356812,-0.1393423546614121,-1.2397259885898524,0.7510903165901031,1.030475259029823,1.0235271561808224,1.3372163479463044,-1.461043902246933,1.2920075958125306,-0.4273922869488124,-0.2999666253668647,-0.1335829909327819,1.4841437699600075,0.5833192210935085,-1.368098614247149,-0.386848625700353
0.7722326855957703,0.2709484000784653,1.13945297085321,-0.0791296118150924,1.168000540711562,0.595347122351966,1.3035914263092745,1.0408277180233736,-0.3731857327304667,-1.1805383311438713,-0.3140093116140035,-0.5369826647584566,-1.7900937124217848,0.9760905532929304,1.4240667832268858,1.4435092132244156,-0.0453595653117137,0.8076232886252426,-1.2001099562122963,0.7869419248584506,0.5367909525525013
0.280263146314493,0.7387289955566018,1.5217850948492044,-1.7440030510042288,-0.6926474331546252,0.7934516887054869,1.4053785092388018,0.9073001456612242,1.5044746543840888,0.7817829384477475,1.2298939735263263,0.9484492129493745,-0.3528781598237127,-0.4969532627065315,-1.1971686340304597,0.8717273579407493,-1.0724993609240665,-1.0737730914322825,-0.8138769889402913,-0.5961731084739801,1.1215087667507504
0.8049760344363468,-1.573185976990084,1.0256805281526842,0.784352118841124,-1.795444826381862,1.0946129411008576,-1.6539041758373714,1.337317132356714,-1.0266315893286009,0.7193804803954351,-1.8897178402067296,1.4582773616214104,1.5195748225800991,-0.3667876492004155,-1.314368785982177,-1.5463435963213354,-1.1645682894477696,1.166349420223219,0.2769567734242987,0.7497972576840573,1.0478869235600117
-0.0769712355332718,-0.4739026946138107,0.628004362664521,0.7809171923103849,0.586160731876158,1.136592099352184,-0.4660921292272046,0.9809260218753484,1.1306098821289488,0.6569647630165455,-1.3770527662647605,-0.1520835042917773,0.5522094596377181,0.898841275553658,1.3010162857565009,-1.935410674347696,-0.2752577065921587,-0.7516656519502882,0.0806643761386839,1.044120312009542,0.7045751237584834
-1.0114995847239296,0.8007352766500834,1.4738456662757409,0.5003329785693363,0.605930671069796,1.0569845483584122,-1.5910924705981595,0.6018095781667204,0.8428726701975018,0.0440561234431615,0.969608353389275,0.0417377456438137,1.285572321245072,0.8289089358881493,0.8767054555365988,-1.6484648401221584,1.4334694309461375,-1.7394618114797218,1.48133836566556,-0.1336676536011217,2.149092152487695
-0.0843595743429284,-0.5453885439381332,-1.5194213858494134,0.0534637033569845,-1.6096429897935929,0.313779709231705,-1.0114093567336164,0.0330518523286783,-1.3773918229138142,1.5208159096244518,1.149247012498022,0.4923468596351961,-0.9560304163302922,-0.8697710066020318,0.1696132865140866,-0.3205782033739818,-1.950896525538064,-0.001528904680225,0.3394451122712471,1.2626328192243523,-0.9343516974546894
0.5547064317182965,0.6716102506012024,0.0150122150091026,0.8163957671622716,-1.376754446481436,0.8323857996732481,0.2496903749053776,1.2254882677588173,1.4560648435077324,-0.8094387447169774,-0.3024101851793723,1.1624046563828627,1.447630530927116,1.550322945646912,-0.4230442454074307,0.6365640282892282,0.5310276476061464,0.5190136143965789,1.1515502001122098,-1.166924291134468,0.9401123414050075
-0.2357773212453957,-0.114643008175338,1.0374187174279532,0.544972871670318,-0.1744691082179168,0.757486544907309,1.3190145846952737,0.3454791782904826,0.1410385965172287,-0.8575161221640945,0.252850891059999,-1.4026200111140736,-0.9336776844386824,0.2725207233145679,-1.5197556854952297,1.0346282185975797,-0.5258427513150574,-0.9860819732141854,-0.0700237695672175,-0.2077087872210837,-0.2111831996150761
1.2389300174517142,-1.009895859987202,-1.4907500794580268,1.0703729742949757,-0.7409614956619804,0.1104467319838563,0.8312344227629873,-0.6572575725182807,1.3735443493371893,1.1345415428855163,1.045187853369929,-1.2576750900063336,-1.1061755577106374,0.6181017490619861,-0.4509579033250532,0.163214780537438,-0.5769917369541199,-1.4662234819210154,-0.3759442151057447,-2.0729879572125074,-0.2537663878685774
-0.1762180872953656,0.9469162890656416,0.1923269669188907,0.7215208076715691,0.8019433186667649,0.2391326213518902,1.3271980633658254,1.4396089164295391,0.1566536010627801,-1.197407561977816,1.140138267358944,-0.7404008316917975,0.1663942892829649,1.2315944802257974,1.4183075158171778,-1.2760693534317664,-1.6534061685183317,1.4871854541578358,1.2211229013706506,-0.1117971954791554,-0.2137869221451377
1.2074330365390402,0.4266405344100782,0.8923466412535722,-0.4824756537364821,0.4644994176823235,1.022965094258008,-0.0128981742528158,-0.0078777034617967,-1.4484383725106136,-1.6628426103681813,0.8406678071593695,0.3538940219979252,-0.7487091553006735,0.3598462397975401,-0.6206664076304965,-1.3356719576596956,0.283616838952895,-1.0229026432716142,-1.7979966820878577,-0.6775042480773801,0.65603676982237
1.0655358750603323,0.2501759234663549,0.2829460827259433,-1.305445356827408,1.066627045784271,-1.4558129471529295,1.251759565790412,1.5405112330566344,-2.0855251059004964,-0.5112320312600901,-0.5120175926945604,1.4257810514418925,-0.6156502925472954,-0.2532372935853991,1.021599961337892,-0.1683029624922657,0.528244442555572,0.4354765226977248,-0.5463075231660933,-0.1931401816693042,-0.089165815219018
1.048845073054343,0.4053689099857228,0.0859057734040693,1.2697113836940035,-0.4094356525670213,0.4593931187670797,0.9207492192087484,-0.7164268867969368,-0.5994328674414537,-1.2243123235930855,-0.989238138274459,-1.4804135799111966,-1.9031779440746288,-1.8918480195257823,1.0193233375144255,0.525420544197748,-0.7451395582735292,-1.4438763110291153,-1.0751435154366988,1.4601697174489248,-1.231265617083284
0.3676341682907174,0.9321972311462774,0.3926581733606558,0.728702447699487,0.595606810608802,-0.0827601748151568,1.470127499663379,-1.0088333196474637,-0.5373952281952689,1.523652360956586,0.7329808874028894,0.338222535622517,-0.0299268771886466,1.4188867102510991,-1.425155297567674,0.112727954975584,0.94756959232842,1.227326239740968,0.0396767370303261,-0.2590905977217054,-0.6511517949735994
0.1831888449040746,-1.70741269027286,1.471630827575559,1.2390459915001693,1.0789424939638246,-0.7833009294986287,-1.7067552835358908,0.737391381512869,1.3094952208597173,1.0752509991747592,-1.4075800218768189,-1.124832591214257,-0.8972275972793684,0.5912500481119164,0.5028631393397768,0.2340762084042573,0.9598823210013822,-0.0963750360605319,1.483055689114107,1.1859587687413375,1.9641839315752545
-1.00372742771212,0.0982093541766993,-1.2931918288833129,-1.631980088823443,0.6110339305425488,0.95182257797736,-1.214160845298232,1.346018280302769,-0.4339447071346102,0.1673140405611347,1.1257902123417731,0.0857674365376084,-0.9378163220680362,-0.8581362256585688,1.50849418778546,-0.348168753920889,0.6431030678468853,0.723721421793089,1.3023416483219945,-1.76119545061478,-0.8268371669448651
-0.3539212459361963,-0.8916601234511179,0.7451721387709387,-0.0396882113134726,-0.9242550471864184,1.3046400687340467,-1.301012221432854,1.0390355436074317,-0.9947777109135127,1.3957997739406598,0.7514003993883557,1.2586367972129413,-1.8168949480599976,-1.3994400434453975,-0.5391439473379552,0.8745298231118568,1.569700731960347,-0.3221974235298135,0.6970927355066131,1.2460936656405988,0.1465518644571939
-0.8879808244708365,-0.5702249568228653,1.3449829409485436,0.1904224871722542,1.5100713011268685,1.1740603902263365,1.3336052422132718,1.568794072662053,-0.1477693600312407,0.9826864152194268,-0.3567617571699617,-0.6332590256158394,-1.042974608823039,1.0944210931429854,1.5471223408622996,0.7297687299898219,-0.1062652264291917,0.1073466416687456,-0.1966639123111531,-2.042240188010414,1.1990992180009856
1.47903894124153,-1.0275743108284436,-1.7470076545800068,0.4544196168781261,-0.6363930401194907,0.6430755402121338,0.1631988361952396,-0.8906463376697344,0.6998877353556066,-0.9037907780257646,0.5071028073028417,1.5843068985239956,1.22372811079261,-1.4050031899521844,-1.8380181203670016,-2.0037312751572975,-1.4234712174844133,-0.0481078186414183,-0.8882276005157534,-0.9368383838616734,-1.305404140848876
0.4453177011933446,0.0373088121347079,-0.6415442132969007,1.3300511032725693,0.0669354930081342,-0.0914791940348142,0.5120246414753911,1.257752265368388,1.3197236172769664,0.5562330313848883,-0.0161782659124039,-1.5416926310079322,-0.9754159124599188,-1.549094040131715,-0.4831852725937052,0.2763192279579882,-0.4780525915522887,0.8511010021262992,-0.2053406838627835,-0.8301096636307276,-1.6858891353701473
1.511531778780152,-0.2113870237112077,1.2681438945845815,-1.8871261231787992,-1.855664438160937,-1.4001273552704498,-0.8783522806418838,1.1007130614452667,1.1277420404484455,-0.6046329627931109,-0.9919440309008662,0.31070695262751,0.1881025622177429,0.5928805908711796,-1.2587514191052274,0.5399779925565878,0.0677054617493221,-0.3434794441734503,0.5646551061512018,-1.952760731591365,0.5412206921931496
0.142068003911722,1.0813040399145504,0.7057890123961064,-0.168205052878842,0.7527114841932792,-1.6563948196380496,0.2833469443316125,1.077095244536051,0.6892325624118828,0.5434209984808337,-0.8784367181392568,0.8550911855749009,0.9574962858189936,-0.5463701651509183,1.0488244998107523,-0.800512337336712,-0.5892452163592161,0.9572877935216968,-1.36270036596669,0.1012934238794031,1.1008785353762582
-1.4848261212609537,0.2282184091160246,-1.693370422872923,-1.412814347347884,0.8830244461316834,1.2529699924650357,-2.1262339284929865,1.3199655170163445,-1.046127243546045,-1.0114106910147842,1.1769187853979404,0.1703193959458892,1.3378259477330705,0.0374427240111128,-0.4505493005019598,1.1051218541259455,-0.9440717328664108,0.6672488318758307,-1.9203268426691176,-0.3435187297292269,-0.4780368793558307
0.3521228275653706,1.3237402423849098,-1.568305797987683,1.4797376526819526,0.8062040580826297,1.2889393738490356,-0.2755634086986522,1.229912247936371,0.4148523336362379,-0.9843650782260812,-1.595961280070899,0.0599888611051956,0.990259176059222,1.2688401941332668,1.34032380166091,1.385617939732586,0.2568092220827451,0.9820184598747028,0.2134126259843398,-1.152666291854814,-0.8961203800723927
-0.2241638019882249,-0.622534640587756,-0.4798707583036553,1.4958849442988102,-0.8246872695681549,-0.4757523279459927,-0.6172475758636519,0.3814672552213645,-0.2234602795030901,1.531244535064475,-1.6982120786458663,-0.4122707852145235,1.5386686841969444,0.7922900201458773,-0.0496503650504396,1.3623126801144538,-0.5252423261586397,1.5259413418810917,1.486213778328475,-0.0636065951163632,0.6633540936240012
1.5660482800994373,0.837658351447016,-2.088313307462412,-0.9111032938752842,-1.5067365687580492,-1.810701659267061,0.8050710234283807,0.7032827356517659,-0.6135919921260464,-1.0318920795366406,-1.0664073831105905,0.4058244880111676,-0.3062209677925073,0.4867629130961956,-0.8050222184983787,-0.2353448320000358,0.3063745075251176,-1.9644530228236217,-0.4933016319969876,0.421530049311215,-1.8583708162206152
-0.2519584393594895,0.0739431841237172,0.6832330995763282,0.3210184563643789,-0.6155087978431224,0.3486427742670548,0.4587763684586179,-1.0979985871074125,-0.5418661938736423,-0.3559674065837511,1.1294659287366742,-0.0492645944981145,-0.2848544589055192,-0.6002927970172892,-1.7154673584814977,0.064319729247546,0.9096943434498111,-1.2215938300436748,0.9952176647178348,-0.8862669051303356,-0.1629084891110464
1.3307332730223114,-0.7428488449484851,-0.0491805831478128,0.362896078315138,0.0627259101947587,-0.9033233428139756,0.194998100019757,1.2830325827169322,-0.5712630964477158,0.0637820904000739,1.3883652288025563,-0.3901123454736774,0.576688119423372,-1.5222324944434242,-1.1821013864052283,1.527805088174755,1.328064088102627,1.3472662964615365,-0.7399766336650563,1.4315592795007954,-1.1024166362153986
-1.6989755785617795,0.9646824957378984,1.150249426609795,1.13296658078911,-0.8157775929374089,-0.5038626471230715,-1.0513534283906634,0.0545875362385396,-0.5093696991477121,0.096608702866873,1.149084732003154,-0.9351986690384068,-0.3480357471764171,0.0417099110517852,-0.2150847738784712,1.4622235301650388,-0.0896212410978327,0.3559017801763837,0.5212538799498987,0.2283906305615919,0.5983852483898607
-1.985956388998376,0.8033581334902163,-1.9966185367895155,-1.236954177318534,1.2958492582374714,0.1427366028386723,-0.876661234268852,-0.3423773782440146,0.556607164388654,1.1483033635230449,-0.954571900129006,-1.6866597420223326,-2.159480854328155,-1.3016166661289648,0.5001711940382781,0.5538506829002336,0.0821549223005682,-0.9011933514263172,-1.556615277230538,-0.4080051600462322,-1.6062354701096526
-0.0709965586867444,-0.8245021281879933,0.6562005313618705,-1.8133720608193635,-0.900879266022474,0.1364308566838283,1.0048965281336049,-0.9839802754175832,0.7350537085249634,0.4627121225726582,0.3071354471844181,0.5449356806657528,1.4730243242087928,1.3634662874957473,1.106245902876936,0.8834443914876726,1.00014805363102,-0.8257592118248293,0.4923108990359908,1.491085806665652,1.3875505676283644
-1.590510925987297,0.9535107298866848,-1.4851840378333203,-1.4981728660181644,-0.0350113524720159,-0.8064128275991177,0.4677336353780954,1.1365292170389687,-0.1606849479286915,0.9397527747502846,-1.1865718732367367,0.4848861222732097,0.7821637071841159,-1.7743806782035771,-1.6063268325210338,0.1463632006855619,-0.5022943898087403,1.0119253208056114,0.2723459620738409,0.2242419446565102,-2.0481446710352422
1.2270389811147877,-1.4557934837289392,1.5039612821056063,1.2660245327447812,0.978733535305947,1.1107709165791395,0.1102561250599425,0.5593251261824789,-1.8741404476164496,-0.5698170546760801,-1.98543875597283,0.9568127511358812,0.7235557597055076,0.8256682960575275,-1.899864343101762,-0.5353815090477272,0.7570389938390255,-0.2287566914819497,0.4940640571605518,-1.922457166174472,1.1403684981449744
0.9775249378980908,0.510254857686986,1.4502215536968524,-1.8439729630684931,1.163167508880819,-0.6187806315545856,-1.157296940443883,0.7936004522401271,-1.0964959381382513,0.5385973373334082,1.0027771906053464,-1.0044436821635423,-2.0006913400370867,1.2114225280567883,0.8807950035404959,-0.0590087356684506,0.5992748551095018,-0.3822083174077645,-1.1773609588258735,0.1690781438897224,1.6203207244451785
-0.5080930883735202,-0.1688242329371189,-1.6679644612407778,-1.799810774203553,-0.4783660586772997,-1.3846793707691527,-1.3170088493378331,-1.4919374184531713,0.0596689792293865,-0.3254133405761948,0.0073337108005547,1.4531307543874086,0.5689818199379129,0.689542130548839,-0.4916585419860417,-0.4510971933027736,0.9178178428673068,-1.50418115220391,-1.8302376641409197,-0.1920040156784564,0.5491097783039645
-1.6565432354643863,1.1919900552743683,0.2255851591699208,1.3908595430849209,-1.482671169821712,0.7212508312426061,0.1468679264506547,-1.1992660545008282,1.5837156370961825,0.8242394980686333,1.1967399701088377,0.7037107653863918,0.7421987603560488,0.8878369810970349,-1.5931408637061026,0.1320383060652253,-1.4146476442224003,-1.2492826167050204,0.6008420473957566,-0.8021832359383393,1.0886846071945768
-0.6613866796263896,-0.8670813228098964,-0.2737570924193787,0.982597472802524,1.1400744669562892,1.2544539837547015,-0.8658183452579657,-0.7913072837686334,-1.0727141592991831,-1.9006370648470443,0.061971543676756,-1.8221527417856596,1.309307161037126,-0.4867399405141197,0.7903156670364845,0.5494770428159377,0.6355640361668589,-0.7166888977397508,-1.667612804106759,1.1051055056000278,-0.6531893910892508
1.2402331815020362,-1.0111812461423226,0.8524531924170266,-1.8645687598659413,0.1199406124881188,0.9025313497774984,0.9632904523760378,0.4983539300324471,-1.1721880297108531,0.246983764953934,0.3993824313953569,0.3281370846135119,-0.5282479209069207,1.4692731445276437,0.6093661121079452,-1.302591648683667,-0.3682878542528255,-0.8566605932066961,1.1316672589100842,1.1492688737201688,1.8140875984339724
-0.857396039931305,0.485942801806649,0.7251960118555403,-1.9128774651694584,-2.0361111202471154,0.3050164715492693,-0.7699604107890384,-0.764055093493385,-0.5773330830201457,-1.0127448805398096,-1.3507111366431288,-0.8253242891281175,1.1229774794506058,-1.6356552805447706,0.998253258763702,-0.9875780082478596,-2.1013959410710115,0.296887280806151,1.357392802927999,0.1814027989597898,-0.2755697265706231
1.466242017014545,-0.9832326036448674,0.3437767221630176,-1.0991846664442309,1.4461021069517297,-0.5806773418009898,-0.2785356318220273,-0.9851547830664608,0.8543820238314087,-0.4551686496503422,1.062156114436744,1.1223720772171066,-1.4819727734772403,1.4253681984640816,-1.215521916200342,0.9791382348816728,1.0417168276460038,-0.4512216881492845,0.8823933571993829,1.1980414654123546,1.0202289585430155
-0.6507223717965707,0.4992228392915793,1.4254850454290695,0.817274383366591,-0.2580855601991689,0.8601245884627512,1.3023736330407905,0.009074182258026,-1.7260431387574682,-1.8087645785516488,-1.1320443003804928,0.7096712248128143,-0.3546499304973841,-0.0905873027734436,-1.0881908855059064,0.0609776027244061,-0.2535607079125895,-0.5087092176592314,-1.5044473645482357,0.7868182520793906,0.5368035152693992
-1.243057714257548,1.0915882987383776,0.5498651640762487,1.1017760811839443,0.7527397759907765,1.2658251976977255,-1.3595595857964022,0.643834456450186,-0.6464033814908657,-1.901530734274004,-0.7640109905924827,-0.801358649585146,-1.6370928261229385,-0.079800772500141,0.3669643937170893,0.452145291536591,-0.0765396389889275,-1.0955961190712646,-1.7486979784375278,0.5924232249595902,-0.0894929938739975
-1.2425247618552042,0.0230210480032438,-1.722020640683094,0.9947761783855844,-0.2184003218639539,-0.3406543813336162,0.4987450753628368,0.7247252732690876,0.8329261039387276,0.7968558833763149,1.2917308832985075,0.7720878648283932,-1.436420531801628,0.7927806972697417,0.3868551219450074,-0.0478564256708435,0.545293464535671,0.3117482142478463,-1.8498530039328316,1.2069713838433591,0.7150166483476547
1.0801788393979608,-0.0893230372862217,1.1385077389450853,0.0955896678405135,-0.3602603098245176,0.7274439335533717,1.1450108469253908,0.5629202182567712,0.1638737119905354,-2.1182901600639745,-0.2489067868370896,1.0876245347058104,0.9914579542388854,-0.3276960839805128,-0.1606067659911854,0.1128643167522766,0.6541351831878183,-0.6301393508441294,-0.6406709629997875,0.7080452675635498,-0.4248618666058681
-0.2326500546970534,-0.5180152142875982,0.9679306699951808,0.3504315231203718,-1.6548985690305444,-0.190042571915301,0.6445064613469116,0.3433666812457241,0.8305472507080712,0.9736782364881548,-1.0858217727476065,0.3783020102130095,0.598469998671731,0.6403923951428836,1.2484239328756022,0.4445750276666204,1.5109535490303587,0.6631945657947819,-1.9904113137011905,0.9279608799504614,2.452886124315433
1.2064525757389344,1.1410119803986751,1.1653157462604395,1.2368540483534791,-0.5383359405487574,-0.3040108565158987,1.3441746910157135,-1.5331775861868626,0.7183417607197184,-1.4090074903516043,0.1542050696443498,1.11184192303716,0.6962150099737896,0.865729861941702,-1.4409673526169056,-0.3105149229398439,0.0528229377425643,-1.3666267942053452,1.5321339400829077,0.3373808983669407,1.1933295290839965
-0.0272649969059567,0.0185985044599943,0.9166818207071622,0.5164090113619084,1.1124801801331765,-0.6955731182556087,-1.1621296355322934,1.2969996440082925,-1.4644770138239454,-0.9694129652954716,1.083210666873883,0.5551169869559355,0.2253464260334041,-1.4623503231722803,-0.896245954136389,-1.5295373573204696,-0.98477866587536,-1.2443180928907904,-0.8218068820751244,-0.1495253087834156,-0.0465666702044637
0.5490688564135792,1.4373290396519254,0.7934404115320108,-0.175772660002148,-1.1153812988503151,-1.1353189337406768,-1.6814669631060437,0.700630738400104,0.5761810223379732,-1.3674856021043578,-0.4200088492607249,-0.7951135697893934,-0.075175299985913,-1.7499586080784186,0.9008637696448444,-0.7075437615548666,-1.1787499876365817,-1.8521061760751776,0.2038222491367622,-1.0340429618252716,-1.2351459545403525
-1.7012564694678276,-0.1094627665757941,1.3446867747192248,-0.0199714010870682,-1.921987220803009,-1.2429174802692555,0.1273349062452827,-1.1262427068483467,-1.2671189580991415,-0.8182919907552507,0.1424208821605902,0.6813593622976994,1.4681294343783464,-0.5792089351677797,0.960775178418536,-0.0103376265194204,1.341964690585581,-0.5471761672942774,-0.3656321550778181,1.1481826264369763,0.2315001381439847
1.1805363178031334,-0.6249656129110734,-0.1882145861651498,0.3828958368260584,-0.7906611113785882,-1.477938928958126,0.8735496006489117,0.436748187392241,0.9872476010108786,0.4443969405437168,0.3255611582428873,1.136269470592402,1.5498107752894763,-0.4761393461567051,1.0722037831260214,-1.6152255871890062,0.2767590532187847,-1.5338533102296374,-0.5223356794663164,-0.7661375661185975,-0.1786221868352107
0.8869660404119079,-1.176228516808177,1.0256887538184307,-1.627803045432628,-0.1762688903931233,-0.3486619492543802,-2.0185457091823027,1.4053242592264512,0.1519604797908875,-1.1396353079166108,-2.0624051203860976,-0.2885801581232296,1.4074752518827862,1.4515894541815262,-0.1306076852557195,-0.4481315950495839,-1.3718502464238866,1.1232598287376885,0.7969728146027026,-1.877803845682404,0.383629872040384
1.0924817628737005,-1.17987889030407,0.1210310765935734,0.3570017563260492,1.1204469260467511,-1.717639668657193,-0.1496318143728987,-0.0973776324851346,1.416300553849861,-1.56309899796025,0.0468921697899011,-1.755135093280325,0.4648463795401463,-1.8870023673968437,-0.2087346271220189,-0.2644249522311943,-0.1196575519993944,-0.3577536698451737,0.8702985330024761,-0.7346552169534651,-1.1045990227335851
-0.1056851870434045,-1.938433225726776,0.4210924469001011,1.5360938353341471,-0.0040757630694938,0.1740467574941642,0.0397100621847353,1.3105482415346192,0.1256072099517933,-1.260559789053363,-0.3073899882917815,1.2364623181096548,1.0080019216978,0.8655790242799759,0.5122283213010808,0.4108830426669655,0.5328705535463474,1.00092366983341,0.7052464235623322,0.6826254265407397,0.7072308606135096
-1.853882094162092,-0.6835749634797218,-1.0154326685390596,1.4156823440991615,-0.612997998956887,0.7171590694747362,0.6614831455319837,-2.1168591794056364,-0.6432172959444188,0.3536596363404173,-1.0527391185607415,0.3340539975260289,0.9157233654153752,0.6570714843880825,1.0931211551357851,1.2044680450035627,0.037071049654135,0.6945039227896224,0.7527594599256107,0.6620313041109313,-0.0858088796242898
0.5439589147190605,0.4868549023539635,1.041039464320451,-1.4524388851327863,-2.027428464041356,0.0672254849090931,-0.3949637383186062,1.5294950117891253,0.0268284620357749,-1.0975908527245866,0.5196551731073189,-0.3902538206904609,-0.8028683451827826,-1.767307700673437,-1.4854709011588267,0.1105972485755425,-1.088083992072882,1.221026145794598,1.365313339473835,-0.6383408385541017,0.4777122715285392
-1.495613166712824,1.1989585394711126,-0.3067972320451448,1.4098434629290149,-1.3375238533164713,0.0836863650402443,0.1209867731238283,0.3613106242128702,-0.0607680923197083,-1.1569195393973184,1.0873608548594251,1.3382500441871468,1.4928434154037065,-1.1577097470641546,-1.2661767364579202,-0.7294665636346502,0.1456272932894216,-1.4975686444331704,-0.4344411020071903,-1.999847757349388,-0.9394078889005842
1.2040675550987554,-1.9807297080577324,0.2519341235953162,0.9727658088601994,0.962966528054557,-1.7766375797738396,-0.5214177647168292,0.0639863745595993,1.334891146151311,0.023226987548668,0.5329831284758942,0.1893510257915085,-1.782605584945154,0.6553736796166165,1.4543083273258666,-1.957241325942889,0.4549673400433404,-1.4261491461954925,0.4834626082275343,0.1042110901396655,0.7997911894507419
-1.548887671890325,0.0254221945127503,-1.884135494742804,-0.4053900980667159,-0.3770692246743614,0.2408769153642694,0.2071470799890273,-0.7882306574142344,1.6031096899289436,-0.6401880047035146,-1.024658421207453,-1.7343173257455362,0.5027284374093358,-1.6478280976674735,1.0564977688919792,0.9051824958424708,-0.9035156066277238,0.2664868104697715,1.3185883814506631,-0.3750199881609258,-2.3619582712395264
0.5881332148976635,1.1794148273132614,1.2615784487735024,-0.8658158350273953,-1.6085044459756854,-0.815541898152839,0.7941276335076721,1.29335436915681,0.7754118753876844,0.8221935697993653,0.5938621896133606,0.111526403393153,-0.256902583108603,0.5542528149142716,1.030748568614988,0.8112387844112983,0.6084388853315302,0.6816272062130865,0.7246789128404364,-1.5826645666807413,1.4470552063610451
0.7021029909881643,0.815423653087509,0.9982064909930968,-0.4060991311052537,0.5483447441479139,-0.625368718005476,0.187188110122314,-0.3363257072001173,0.5056915275309726,0.4407198612595862,-1.03886606031397,1.0051338867714377,0.6917769573953665,-1.6463575775951869,0.7826604341177775,0.761181894697154,-1.000645761961832,-0.5673397835612445,-1.443818592998774,0.5163889717273047,0.6109783696954435
-0.6762993520183435,-0.6805763125730434,0.1278764223823892,0.8677688342215871,1.4332825424891555,0.8098426821986318,-1.4545735790147525,-0.0297688043633135,0.1273144138255412,-0.9803525862769298,0.4975701067630886,-0.3513918332409108,0.0634293353611588,1.246206429589381,-0.7195788220844926,0.8245818299832378,0.6218453188994411,0.4517940939569769,0.5007261802312818,1.4090509274360468,-0.1167498473067899
-0.0728065107884332,0.9119812374381946,1.5327554150661082,-1.6694293124230892,-0.3892358457201851,0.6254378547376436,-0.4755449854259664,0.7091590192343887,0.5635812885604098,0.9458215168779336,1.2553470175420025,-0.4814201909454959,1.3477163430875811,1.457391692724877,0.1854660487687169,1.0664117034431204,-0.3956392561132676,1.3568993635525286,0.6607565181249289,-0.2209117388140607,0.8208194594837727
-1.4460489950087374,-1.0672450677662877,1.0406775324927091,-0.2156156557735631,0.0229047960396892,1.07780005957304,-1.1323315636138769,-0.4520630853298308,-0.7833747406159058,0.4426460570756569,1.3581218237508217,-0.2419040972477321,0.2369003554969658,1.3859003408837156,0.4422134978144115,-1.0184968504666243,0.6247614767938927,0.6546129895158669,-1.8936854147485531,1.373545284253799,1.9384378887929783
-1.1257495225793122,-0.395992009064373,1.37029785679034,0.4515503573958934,0.6002423274544837,-1.0849021054194503,-0.5214873487874521,-0.4351610449947687,0.5656821215869741,-0.5498214175288767,0.2146720722777075,0.0087505761325795,0.56549576160299,-1.1021710631381212,-0.2768806858119427,1.2414842478393822,0.5704874803522437,0.2188028606647482,1.3472140361625424,0.5731054412781448,0.8135474268852608
0.1049399294666343,-0.5602467203955107,0.2282016655906713,-0.7622951880436054,-0.127936668901059,1.5365366721972693,1.4446815174448266,0.0730637741298862,-0.1329817249097538,-2.018499873186651,-1.219938644413259,-1.312379119942381,-0.0465509679581369,-1.0125751997127903,-0.5178260875278097,-0.9294371640929048,-1.1217735388614345,-0.5001009256651648,1.153016459964032,-1.9693196518904408,-1.2730291885060885
0.1981428540276006,-1.2661584057820774,-0.9545860252580594,1.426021113435204,0.756666097057947,-1.227744375760454,-0.4389783433640435,1.2232013076180237,-0.1529054455532195,-0.2820297082723784,-1.9724529922315457,-0.6268776520263903,1.178002857476204,-1.3498778272363392,1.0019450469840787,0.1963195163399249,-0.2921301343970561,-1.505511145763219,0.201866724096517,-0.8664942000745334,-2.248517640474711
-0.8061398263795878,0.2074439270362459,-2.1303553220439935,-2.0457390841852763,-0.1503131432357317,-1.559618863644241,-0.2460026139654024,1.0839404046395666,-2.1401144237480376,-0.1198494738962102,-0.0106454081146499,-0.1568792269865125,0.6796580947254588,0.842300206944481,-0.0066417989021374,-0.0899858181552691,0.6750867912856215,0.9657989762108344,-0.190248311331648,-1.25759691470225,-0.2689982217510084
-1.0622512882570292,0.2399740850450983,-2.1293697326267536,0.0033246734514038,-0.5078950423236506,-1.947518334865411,-0.6923966860555048,-0.412078975067785,-1.6861284997892745,0.8419092065600576,0.4018746076320064,-0.3663637296138996,0.0611824797009391,0.580449911653184,-1.718762396673977,-1.671373283684465,-0.8131273125340416,0.2987889657048359,1.4495983331136315,1.0413415506964998,0.6717150965046104
-1.9602380879874917,-2.047972935325974,0.7508843939048919,0.3593954137981421,-1.4074029711170168,1.4364752008120254,-1.9640755606965683,1.4235973739521084,-0.0375841223149954,-1.2437397481997798,1.170523765158951,-1.5903452690465858,1.2371122200221112,-1.0142230249076474,-0.0661085451686976,1.095190919800067,-0.1723194426393854,-0.4497422997228918,1.4978920310722996,0.1657635485471028,-0.3081553684704001
0.6802826903343937,1.459324732767877,-0.0549667242373176,1.1552540943557177,0.2010422795752473,1.0878400520526117,-0.0901122697964306,-1.870115278158216,-1.5431407308184184,0.415469932457564,-0.8123961251398713,-0.7144149249178723,-1.7110629053782955,-0.4915214251476973,1.3377160800293224,0.6460940101732086,0.3484269823411177,-0.2573834682185235,0.5249520395238035,1.0935029004356656,0.0469120185368948
-0.8648358164093641,-0.2093957339959481,-0.3087144393027254,-0.1520245821250661,-0.8948253709667247,1.1549941566699522,-0.0831604018189225,-1.101151911825765,-1.751323555034831,0.9884942660688604,0.7219809028245868,0.0572306479669511,-0.2197623162056958,-0.8870779965864096,-1.7499989867535122,-0.6017028645458699,-0.2524419602746258,-1.450563533014325,1.3163899400843002,0.5052702810890546,0.5003993578119585
0.5377683670869027,1.1676888140009791,-1.945479191673737,-0.277195516432933,1.435403725457177,0.4418275314292204,-1.158895596297143,0.0644078356153313,1.5503775893071703,-1.4474626216571655,1.0582493620532034,0.7542266429528477,-1.4426915369583173,0.9612058395667448,-1.44196005796379,0.5438232676446884,-0.6763119060360318,0.8976154554431358,1.1343128633687516,-0.1613740115359004,-1.0534668914541925
0.3185759849782869,-0.9259971798912284,-0.3112889228712164,-0.1292825791190755,-0.3274037358185173,-1.3612332046754874,-1.5002215923788804,0.0526527251776449,0.1992013151836617,-0.1282712594213023,-0.5119162673316529,-0.3890473731065895,1.1483046781826165,-0.2464188555982017,1.2251551384754444,0.6102322244396765,-0.0508867780711865,-1.204166937294258,-0.9664076091634484,0.1263436104662114,0.0305730588631544
0.1708474779976273,-0.7668898492405988,-0.4589695328315653,-0.940462416603154,0.6516966618519117,-0.1125340623909521,0.0292647144296338,0.3736646336525683,0.4392420080892713,-1.1724383758457078,-0.2627298668046547,-1.6843167760124012,-0.2172560369668346,0.3018513872075645,0.2703709401518728,-0.6759247505076063,0.0273742231739064,1.29994856438315,1.419313007799785,-1.7276578696406606,-1.0040642953104733
-1.7535302006239295,-0.000147142253032,1.362246536352521,1.2725172753930618,-0.7171029715550473,1.064762711985107,-1.1759292137657902,1.30243618949795,1.223860278702988,-1.409763369041943,-0.0001600777370037,-1.0433067542156644,0.2908001194106494,0.6880620254658057,-1.5561039477113543,1.2320075999489226,1.3208319410333476,0.5701605806509105,-0.7256679503226444,1.1318941623072356,0.2160749609779521
1.2810566767252003,-1.511303503694197,0.6787950667112668,-1.3123784276930537,1.4506775002809509,1.1432977893645948,-0.7186819343792772,-0.9724417634298116,-0.8181519430096788,1.4959579715100522,0.3444395568337652,-0.2340213339700808,-0.153877048904367,-1.436032314505468,-0.1720499551397369,1.0514515342977413,0.9011637814433568,1.4632434321971786,-0.8603900506592154,1.0867817649133087,-0.5921004479636349
1.4669705005333904,1.2307093112994458,-1.2671575302169171,-0.0890909102466171,-0.4853823308471268,0.0207226344571557,0.2383553202491267,0.3748155148218502,1.4293463515930822,1.3884734545548636,0.6318595105717191,-0.2358794720120526,-0.5920535479793829,-1.0527592926033686,0.9564404165103808,-0.3390137082011777,-0.8153950624395987,-0.2595206259077925,-0.381535525867943,-1.2490933696363236,-1.4317550866265083
-0.9150516478068575,0.6101953277163439,-0.5071017042215614,1.2316232633752613,0.5773400270900544,-0.8106290796018588,-0.623211667624069,-1.547324624394011,0.3244615108480428,0.5591620648344916,-1.786474088119476,-1.695004939155017,-1.4810476112445323,-0.8884847074142203,0.6809220996923574,0.6779139835717292,-0.6529441628992542,0.8257270756567616,-0.4606019775244131,1.1373446421945606,-1.6303527264615327
-0.7059005009508285,1.0888599099927403,-1.7426014367062512,-1.5093888311803414,1.1407685743404616,0.2493264739206562,1.1669776758546009,0.4359776204759366,1.3767565189861106,-0.6010578124224766,-1.2130512108630374,1.3605054756284267,-1.3027488461126102,-1.4515395513608047,-1.089804885206204,0.890554085163286,0.2311747116128253,-1.1728128758488805,0.8235158277325729,-0.2735650243437939,-1.7186532330407145
-1.8148953999197976,0.8087735027408122,0.1406926561008182,-1.188764570478655,-1.1482624225089169,0.6681786036705017,0.6043836516244308,-1.8868994645235309,-0.0576066490625137,0.5721883189077583,-0.8564781586516343,1.5229861127470596,-2.091883132190839,0.1822324812217479,0.8763558222317894,0.1030968793509337,1.3963829130854415,-0.2137944081068236,0.4847157165440716,-0.3654052818664308,0.1421167352809957
-1.041419571570003,-0.7728674254973926,-0.2046394291680163,-0.6770704367275391,1.4860381268265943,1.4264828722724952,0.1298146534973062,-0.4007984410573442,-0.0953523249601129,0.6614171117008395,0.4626101418190926,1.1561261649911532,0.4729907938295675,0.5500309368170809,-1.7497887827149052,1.1403422476066216,0.7081481136777485,-1.9180035739330177,1.176584277387088,0.757725977958762,1.5828185940079051
-0.0809000812590004,0.0237596144865426,0.189855023898755,0.9175660728887792,-0.8026004713410883,-0.6323395480673869,1.1948915705734768,1.2948494573210063,-0.7360731124861231,0.1262001905037694,0.4316471101233252,-0.4918740986572205,-0.4919436987983535,0.764831219554341,0.2901832721879437,0.4289241601306552,-1.958419495646736,0.278074840757453,0.9201937143328124,0.8741806441028266,0.5953160595188258
1.54824761545066,-2.047522193343271,0.624803779318862,-0.4270984841571797,0.4452008607793789,-0.0319452234818508,1.4286208668280769,-1.5066804513210474,0.5973494665820254,0.8016887622789964,0.716744969177936,0.3075056982720527,0.078413209556608,0.5481945670516799,1.5285435128518086,-0.3121459302790751,-0.4548629788538654,-0.6166164212737988,-0.695737888656566,0.0126662874462329,1.3068862267960886
-0.7495697454127442,1.1621960593965055,0.054062644402187,1.007956554891129,0.7922532931921467,1.283882874154068,0.2651172690090007,1.259886684872625,-1.850209732562069,-0.7334462022982057,0.7466576723369949,0.5251097508427075,-0.8039493059223565,-0.4853647077637927,0.7224776040491624,1.35897010625841,0.0388449551341513,-1.6754429103187545,-0.8911321777212592,0.4865582544244741,-0.3854950382084653
-1.8706262287861768,1.5251009177332178,-1.3234448961147076,1.0711357943552624,0.3109505333250275,-0.0194242910362065,-1.9764489654120736,-0.7868999800215393,1.4210861378318125,-0.2288328902381439,-0.3627153720982355,-1.3190967659277153,-1.735938000719706,-0.257305475774819,0.1162739294941896,-0.2334233927602743,1.570416104269562,1.4718083751138824,0.2742253521645721,0.4263497827327278,-1.2929132817216331
0.5882975707665384,1.2265812678813153,-0.7019980445870073,0.3106102014825271,0.668586894332116,-0.6410829799808982,1.5052293042266265,-0.4111896281252335,-0.7731547416881744,0.8455220080102044,0.1851326042990483,-1.4743789280225723,-0.5042636032467174,-2.0623838794631735,-1.6560345791618634,-1.1460140965529029,1.120046790382922,1.2110182031432517,-1.7010615182188633,1.1420000357013784,-1.5598583231764085
-0.3180270473029309,-0.526846793451265,0.6272395295221171,-0.1524572559585208,0.8273175290744003,0.5985052694510352,-0.4311816888832736,1.2958777921415907,-2.0551115429986644,1.5053512139057976,-0.0734518220010431,0.0679544960080704,-0.9355381705675444,-1.4598661441951244,-1.6524204715830213,0.8023459184240904,0.3357002786881528,1.452449364516276,-0.3953135096125343,0.3548737857022261,-0.3033645115104315
-0.6320413090434697,-0.0602085190790842,0.2801080410706907,0.4676911299393402,0.6727844184784555,-1.2649183358004048,1.3438227989135796,-0.0526920688245705,-1.837884110173477,0.389589959062761,0.9757358021706776,0.7190749139296426,0.3031668520982183,-0.2869474764087218,0.2681980078903155,0.5785820659181128,-1.2719640956976004,1.177638348226617,0.9865249698846684,-0.3579458818047105,0.6164009024217295
1.29063187827215,-0.9896092723384856,-1.2228691242071488,0.6223211668602721,-0.2389927610891431,-0.5025852730085412,1.4558999234252938,0.8145932836392508,0.0403065070376042,0.8410303214162289,-1.226699687716129,-0.5438461394735538,1.1566553604811842,-0.2158232435555472,-0.4532281286901147,0.2399172626621399,1.2626808280446824,1.438380387054364,-0.6458686877441796,0.2347598158664003,-0.4906773211388406
0.9639638059215554,-0.4006592084061937,0.7292300433854205,1.439054111571814,-0.7021770273221095,-0.4767972482825185,0.7206380486271979,-0.7663953228955147,1.5858335981936655,-0.0639852233760325,1.0053214186569996,0.4895581852275582,-0.385147200113886,1.515986931415153,0.0536029392726162,1.1955838990262797,-1.8936996709893053,-1.1756429518488538,1.0600379359188108,1.0941466180186,1.388837181955016
-0.7848182209032808,0.9873731959949296,0.1640381105964682,-1.1312407777133968,0.9347794862396902,-0.1081265518276912,-0.9776008777167952,0.2151305531866149,-1.3212847830186485,-1.2144508123659243,-0.9096949284462184,0.6618791992838287,-0.9551925599056418,0.0222117075087928,-1.7554068747976748,-1.062834073376351,-1.2951818589418826,-0.8495610183823477,1.4326102662834692,1.1202941552693868,0.5194659210437252
-1.876684594293152,-0.1006106266860301,-2.0142099154137396,1.253078139615221,-1.654109529336967,0.093971822453748,0.6181118428828891,1.320788944267781,1.0107048123249407,0.8708807760393018,0.9793517415837496,0.7697429754065359,-1.185990941843977,0.2883943221662101,-1.0236982240951669,-0.1397110394286442,1.4599142118368045,0.2894527047730164,-1.1378206792004202,-0.094792403315028,0.3126492644868834
0.0572569839490715,0.1218622988249652,-0.2676542577537879,0.2343577682258169,0.2460694679074022,1.449511640524284,0.2228644177104499,-1.5479353457540306,-1.4174619324901605,-2.170802810858107,0.4671813308599869,-0.0371857211509408,0.3328604422648779,0.8807932625613257,0.2368432660509309,1.299959114437924,1.3952036318520855,-1.983891542378749,-0.6534078387394819,-1.6423395219404011,-1.401542129380505
-0.4721518012511639,0.521179170765575,0.9403537638299866,1.5282842546362934,1.058198201531194,-0.2691832161365093,-0.5147653523473508,-0.184920942201612,-1.0069630296800969,-1.1728132649392933,-1.7293248438985305,1.0526234007866937,1.4759113860534268,-0.8057929297892348,-0.8222639276119635,-0.7720798481477628,-0.1347416359730828,-0.1421990605500211,-0.2830515418785636,1.313656216148527,0.1703487618089066
1.230818296719978,-0.1997075501400785,0.5829314492784876,0.7192716921269359,-0.952158923271404,-0.5981038146063816,-1.8361700144794428,0.0743305395544037,1.1589967781399313,-0.8623280213718735,0.6328905870159492,1.0943524215135063,0.6504989696680213,-1.2903059645257473,0.0213640015003839,-1.2054980146696197,-2.0637901309116855,0.5347580032089666,-1.5945624339860551,0.9367646964988176,0.4521374854769155
-0.3727873395963498,-1.8692453339259547,-1.613408502115355,1.5317651402145678,-0.414310865941337,-1.745286651900123,-1.192397581905243,-1.4126692731559063,-0.8801893235824779,0.1425432059018065,-0.1927630333675704,-0.1358688308329249,0.3566012996270845,1.5492883962032309,1.0582900226250052,-0.0321788687040331,0.5053686653857828,0.410299699094901,0.8018317602630556,1.3908928903617157,0.0611583593045674
1.1286756245524598,0.014151085500988,1.4353092315736364,-1.394499571741547,1.1695532729821103,1.4459017915190058,1.5321847033367502,0.8330164230916991,0.835525100415525,-0.1104823927066902,-0.239602302122748,-0.4385041666784509,-1.960855321469396,-0.6461733007441923,0.4484922493132963,-0.7578798456175496,1.0966782413932925,0.1739807899783969,0.48496182786319,0.4871631104361693,-0.0084651983986825
-0.1035505281084879,-1.303446794091927,0.0247380831865293,0.0619983082183338,0.292739401416908,1.390321798618437,0.7315339408886831,1.3337989754317192,-1.1844980059571852,-0.5255115975304446,0.5400466000042256,-0.6026066062312425,1.1069770431888808,-0.5060901163838167,-0.3745855011833957,1.0154078700761904,-1.9351858850259984,-1.0580452899103807,0.4323482375930248,1.5431832651122426,-0.961763836923368
-0.3958626667058508,0.6639743452822434,-0.4448561643694008,-0.5643064169356841,0.6974323620030219,-0.3451037113048957,1.069898462295429,-0.5256122439493918,-1.235383049746996,0.7816194197838862,-1.0683303979834242,-0.6934066824498762,1.1238658693594978,0.4052188882407519,-1.5841475714303843,-0.0958665006407633,0.6306903751743498,0.8537581902846187,0.7600156205294714,0.8488839092511966,0.0414197894171776
-0.4060245134335665,0.8174211685582993,-1.0340171603857131,0.1433454672237091,1.4153503963990728,0.8524366242068204,1.5348255451063977,-0.917027951429572,0.7744036071982945,1.3890877896732194,-0.4578579865447152,-0.7695326861912513,-1.687513783440924,1.1567736284569845,0.9845143446324202,-1.4458974680961014,-0.9055406068700446,-1.0766869586001335,-0.6956149846338949,0.1477674217712186,-0.4274308339862181
-0.2084673568250162,0.8320018752649859,0.8445959473439734,1.1609101300191431,-0.3852646571964614,0.3492244785580927,1.048185466263832,-1.6772997221176682,-1.8097326381484593,1.2074870373421671,0.3380503470555906,0.628215550116826,-1.6890540622235335,-0.2752190111690134,-0.4607489443076422,0.510942375241322,-1.6907988603784805,1.4515183910422982,1.2503975617006338,0.7353329457063279,1.4095632006303074
-0.5421385571804663,1.07867176810655,1.089540050914491,-0.5626331052511355,-0.6977518105239097,-0.3337625345429502,0.3783334107946571,-1.3090106241360824,0.3411030901318806,0.7473898426355365,1.1397954867900746,-0.164098851290431,0.7506789197206226,-1.4043814934294256,0.239388748036203,0.6527810553536502,-0.2167624461052832,1.0229429340989646,1.150898490840211,-0.5085088095805129,-0.1157228388105368
-0.9771753704022672,-0.9060246736761802,1.1293134293073337,0.8815723643390904,-1.1616655762957553,-1.0107792016818564,0.7054231651912044,-0.0317448456671847,-0.1349645900177711,-0.9796107395715212,1.2659392295046954,1.0495148266530183,-1.0542380758683778,-0.1963371020196483,-0.5369715228398395,-0.3097509769488994,0.345343448937816,-0.5524039402605546,-0.8258389564702007,-0.7961593104954622,0.3080129281840691
-1.4214692358099668,0.4227899573585211,1.0325404005141705,0.9958898294553526,-1.4704235858782522,-2.0590254350198176,0.4871794577008926,-1.0215717444864594,-0.8793988326891448,-1.4321002225747164,0.4960764330605869,-1.0883376140355063,0.3608249068869448,0.1647537632577722,-0.2720009290013371,-1.6557162117374746,1.362875539251397,0.0430944926217206,1.2619482101006925,-0.0108902090777433,0.1959143604530924
0.1857786025731067,1.024745111356105,0.4771638056142999,-0.2585323852165317,1.1083761080161525,-1.3644388382000363,-1.234541567459794,-1.141854823509721,-0.6319014889560043,0.0313587458585546,0.1520690501803676,-1.3723607125064554,0.899337267578022,1.505760764440993,1.0319383844218002,-0.3001558457302467,-0.9767238215618989,0.4055705780468674,1.2529405083299563,-1.087057252843629,1.5430424698023928
-0.7624907431285266,0.2176242742266017,0.2142605524136482,-1.1535428764848583,1.1523983776252105,0.980366101833829,1.20262358604594,0.9691515859678242,0.5169125965719501,-0.4682275888311002,-1.032740701137542,0.7284154164392841,-1.5022784304829953,0.9652747005680354,-1.2515114539272034,-0.2724466098430166,1.3382698480580808,0.5359618465169216,0.2080292218134593,0.6281578739962937,0.1159442517290842
-1.1587700739720823,0.8155638205976198,-0.811098938834818,-2.0464562213538517,-1.2386850381731678,-0.7205820796524183,1.1669404230176583,0.0401737439208237,-0.9911039561893968,-1.9035865342283744,-1.242609207470529,-0.6977705381235976,-0.1414873412726969,1.4078568677747696,-0.5244183702664116,-0.2977585908510209,0.9110192031821532,1.349233269828174,0.413145998773819,1.215542283644107,-1.6020529191374933
-1.6072949441754814,1.449704882042637,-0.9977676850272602,-1.526936457925237,1.1725584108079783,0.0888921543818986,0.7873557404438619,0.038235281739046,-2.016670860979282,-1.3027649073320564,-1.7003843992321992,1.0958014802456475,0.4659321858452861,-1.9351522426021868,0.5374676990010494,1.0469042483338298,-1.0901327482435734,0.6021473701446306,-2.0062548070638053,-1.5264706007995057,-1.153133786986039
-1.4962063969303323,-1.216289461869147,0.1380110853328065,-0.5161513835141606,1.0890712462173884,0.9055969750021572,-1.297967464857888,-0.1087771682715814,-0.544403183944307,-0.3729134139494656,1.095428291449838,1.5864933617590256,0.4468561677937215,0.1904606478664554,0.8773758015548225,-0.9500570895498625,0.8021281829443523,-0.1651258405320735,-1.336788868802163,1.188514146911331,0.4311804462544845
0.0314406541670697,-1.5202578432912708,0.4596747194103467,-0.3308560515089996,-0.4502270951256357,1.4507607619632432,-0.8226725377449438,0.6740105256733557,-0.2662394217074408,1.546232034252374,-1.3456587085459164,0.5481766373300073,0.4294447351971318,-0.5239934652717526,1.0398682393039254,1.1262199603592344,-0.4344176296233625,-0.7970463624267451,-1.2359189357753886,-1.0697675738467016,1.3613882102944248
-1.1005880614696066,1.1180701172179688,1.4748332217400248,0.1643357707561051,0.9237155796468112,0.6270552533979801,1.4427729987959306,0.2614710602060143,-0.1363456153134776,0.3339426706372121,-0.772631957564068,-0.5048681874152255,0.9549193997074116,-0.9143178096034617,1.1847181666682922,0.7620270736168281,0.6180967030790595,-1.222997165202926,-0.7878119358300729,-1.7943773958287113,0.326415917571826
1.210950878441936,1.223631299998298,-1.366549321062752,0.683664946886395,0.8511707293091703,1.2310732963637592,1.450830474916651,1.572591189399156,-0.4829451008621838,1.2465950177469536,-1.1169254749409931,0.3802174611892218,-0.3990882660343432,-0.5673377387434186,0.5757252483831977,1.2895730157273708,0.9406515092178608,-0.8600654514936692,-1.186050266461136,-0.3754378212350144,-0.5834300672102505
1.3655968914628955,1.1027443623664173,-0.2816178341919811,-1.6584130440096707,1.2826655196601238,-1.6804806721111416,-0.3744133793604753,0.5066786448237285,0.2237378306645999,0.9662063616784956,-1.626909361778733,-0.432358733461861,-0.8457872384449548,-0.0493216722449279,0.9428007666763824,-0.2608671413376451,1.0174734178313083,0.3220864150472041,-1.11594131163197,0.1019891960422944,-0.2381269736416201
-1.5738754103676411,1.4756679898952283,0.6387444305520573,0.3746321147069784,-0.5878023878845262,-0.7403746365632397,1.213187691725049,-1.948030128742592,0.3906940803659797,0.8745430123096424,-1.2456485570021008,-0.0872940535044229,0.4069725304963174,1.3019479667646114,1.308063806642659,0.8102010058567042,0.5057911514325846,0.650257354718734,1.100877578381592,-0.2611474895968735,0.3656698706327395
1.1720073351524425,-1.581943743586552,0.3100962414658791,0.4678010378427717,0.1664434538166006,-1.9122811497164705,0.939548570416228,-0.8381930101294913,0.1703546540610767,0.2699092740565464,-0.9084840250248184,0.4596142395047726,0.1287314679514171,1.5197374474149734,0.2007822084273611,0.5132233079561035,-0.2085193241285728,0.6849809056664629,-1.2142656185440448,-1.9261782671797512,1.165825622152577
0.4563748441612987,-1.551076933813252,0.3245475718828913,-0.3777193063795998,-1.1718493828944396,1.1417493021621012,0.5139765582659579,0.9241066609851428,0.6432027935409175,1.5322593060629237,1.409783222694844,0.0915064858456661,1.3493949844664332,0.8466747681470889,0.702627970822439,1.5158054361454862,-0.6521505184386406,-1.2125922287365811,-1.1359891992912168,1.340878121544435,0.7700341574706548
1.2181540899753889,-0.8321211700854836,0.8562521390807869,-1.3864424492956804,0.7507258322149294,0.5890938305762575,0.0201483730443566,1.425052188884943,-0.099734538908004,-2.0045517263258774,-0.2174770963404922,-0.909840684895994,-0.6521693379209169,-0.0887725287761862,0.1162490778403037,0.936870686575316,0.2641592600572967,-0.5456560859882121,0.2184665673090694,0.8913003432480113,-0.7643106977126929
0.2127868337211023,0.0937055219814633,-0.2492072162644261,0.0015009315508168,0.6360398606565749,-0.6627336032676876,-1.6164269391486543,-1.6515282164972696,0.7749144768338981,-0.2931483034591635,0.7342588527604391,-0.7391408110040479,0.001210853306728,0.1484343424932564,-0.7054556926386315,0.9601371707953829,-1.8395528479382208,-0.2596863000086309,0.538474633331748,-0.7834112033030108,-0.7901120276288216
1.3861296809540935,-0.244810129284021,0.5271120871612506,-0.058325470031991,0.6760095040979888,-0.8934189076866117,1.406850193957348,-0.4256177934714005,1.220072781840815,0.1634156752937817,1.2340763084828936,0.1941738307748408,-0.4949741056601091,1.0278189342925963,0.6736087297285923,0.6729220959684351,-0.1327311951394676,1.455717042421948,0.0963954839643934,0.855895998621262,0.8396343701073798
0.2415868218165008,0.6887936364076066,-1.5237711032342256,0.2451325197798776,1.2759033401554467,-2.123740401350104,0.953664829999624,-0.0336348301983599,0.954409879564815,-0.9703593181741548,-0.2260261550217734,-1.2688502264803367,1.6159301282702552,-0.2727569137531774,-0.3911703524725584,-1.1265606318011496,-1.0997420946760714,1.4619175497937025,1.2142171949346476,1.1173109992335832,-1.2164819890256344
0.9562188758213092,-1.805308754652719,-0.8127836465254601,-1.4541708448030355,-1.4107871873908209,1.2715483724602283,-2.055025110540371,1.2032955613135914,1.1103194151740912,0.4972146988524105,1.4116894388743018,0.4002906149713913,-0.8829479230079754,1.101540029566843,0.367447744355604,1.4978287076610726,0.3250727908686154,1.1476214334400838,1.054051849781165,-1.3136464281145284,0.7413673761359261
-0.9248842224723745,-0.980132580670426,-1.1471674684396935,-0.5094583301416695,-0.8439555149272757,0.9212915288985518,1.3236019371527747,1.361460802288608,0.1087293665515401,0.4216475652143548,0.1999226453096663,1.4411451268697295,0.511180827619017,-2.1438177638173648,-0.2679474247057081,0.2853540887290253,-1.2633344760801926,-1.068119093665262,-1.2429628387356857,0.4239936808089318,-1.151759829897777
0.2279096422704227,1.272627545142578,-0.4139973511486516,0.4091408570099323,0.9141551793300216,-0.0405965644130421,0.3642589359994271,1.4340260289248057,0.4849708734888731,-0.1965274327178076,-0.8997271744613053,0.9130932071400154,0.667833851330944,0.4353723550018276,0.6998120374333705,-1.73629721217378,-0.822551480364053,-1.9252256972097797,0.3277832835654687,0.4833002977344585,0.6080453167488267
0.9147637969528029,0.8256195052310907,0.4557254632680247,0.6101043129548269,1.0872308177968366,0.8034098712126359,-1.323113879207651,-0.6261400476688933,-1.18613862305546,-1.018287744161822,0.499076192378503,1.0422118171549384,-0.6120816018824901,1.2194154518475744,1.3176228216287482,-0.0731270585368957,0.8965314812405767,1.087374064068005,-1.5603999109311693,0.0021011829161692,0.5640099401134575
1.403659278269022,-1.6278900806006324,-2.111882141624246,0.1170079560510191,-0.3375083357358593,1.1087830728044663,1.047557203373348,0.6503279194385022,1.2545176017914648,0.2317910098443405,-0.4662391047168241,-1.3318783949554882,1.29642536748301,-1.588371732601902,-0.6913667834337737,1.3694365683393426,1.4321365632679992,0.4306734110349151,0.1747125915804428,1.5415850466808494,-2.316594952583786
-1.155092452700505,1.3834146009659036,-0.0825996638324959,0.6855821163238229,0.6406725102084219,1.5180131873726987,-1.3818105777295262,-0.6398938797589122,1.5695174289105145,1.2015386928512315,1.3191716042917494,1.350965868881585,0.6487157922378771,-0.3572244958562466,0.7054477307774292,1.229027320498621,0.5016697257522599,-0.8024322219112737,0.1892756323982607,-0.7425770884128432,0.737507053701164
0.9272031488454436,-1.2332159080419485,-0.8866767028135215,-1.2552137440346849,1.3429726272315854,0.7866936928203633,0.4053599445177174,-0.2936178111665526,1.378892795266438,0.6405806259978224,-0.4265135567810845,-0.7597197559194564,-0.9593244780648108,0.1987880216592454,-0.8637890504065786,-0.9081175022807504,-1.1457218272964698,1.3541631112864607,-0.4665842050792896,-0.8465865512379382,-0.6200467071744518
1.316428324676172,0.785335945059069,-1.649094683244254,-0.2713469613268076,-1.5817379175870352,0.1128801757155236,-1.500346371085485,-0.7042259963403028,0.4110732156371348,-1.7126884811222745,0.6771502890639827,1.302919510236008,-0.397913042029352,-0.0806451165816763,0.690951912610225,0.2535244795876402,-0.2990892436363985,-0.1020488466307891,-0.5056213464810048,0.1317751186195785,-1.7582938997150916
-0.1965688340728245,1.5201281145606662,1.2932648206872153,1.5308956593639529,-0.5553594702342153,-0.6751628408909768,0.3773919213185658,-0.5730856646572831,0.3697180973769243,0.7140160748651666,0.2276173940792003,0.8900913012053043,1.0455746874191612,0.9673584749440634,-0.2672684032756472,1.4797478194606295,0.4595232304608804,-0.796506746259971,1.423822545375381,-0.5374141410828578,2.2491403662912894
-1.4800022759434233,1.0151600063515935,-1.4673347344770922,1.1794859466827736,-1.571132299699599,1.4704542680166095,-0.6659405913439346,1.2301205102297772,1.164164986162057,1.5260106482371716,0.8595599113207103,0.5479530225560085,1.2067874513839931,-0.9343313039121668,1.2785619043880083,-1.5423904436427516,-0.9653002611233352,0.5457963672014687,-0.9524633756173756,0.3995793919193025,-0.2488891138049339
-0.7366749975043874,0.3943941816529405,-0.1659086042507972,-1.5553672915285035,-0.4203650076345329,-0.4744729015717308,0.7522501646530689,-2.0379143369694557,1.0284626696134882,0.2664611548167069,-1.6838157967915892,1.3007381030691698,1.2799915161886324,0.8392293957226388,0.8154536023701497,-1.4856706129830095,0.2231657821913205,0.9225596029899248,-0.7884025732740164,-0.3771271856530351,1.3040562779436622
-1.589632779039324,0.6946306244833373,-1.466527726107849,1.2193384052486762,-0.3507234939476236,0.4353639503948203,0.676203255373616,0.5848042967509839,1.6093165839441286,0.5269756751250034,-0.7526725416683202,-1.039287519051774,-1.351668045008539,-0.6518688524809529,1.3371318674806698,1.0743942586483095,1.3583985812838668,0.5111014994204984,1.3678366131919109,0.044003663105444,-1.0085714207592376
-1.112608555540321,-1.5405707198051828,-0.9613831123831496,-1.6445676435897691,-0.1786331562631824,1.3750172583457936,-0.0930867827254955,1.4855072441590444,-0.796381429188158,0.944452828872296,-0.550935758763764,-1.687665921436272,0.7131181531292714,1.3711742628906876,-1.2062921127644932,0.1942877834894904,-1.025339058048842,-0.4896748862974504,-0.3586979304132346,0.4289897129818288,-1.1580559528717702
0.646280019155121,-1.5626663198270088,0.6980445923205041,-0.5199739296240621,-1.410303700140695,0.5394146983153304,0.0908529908134371,-0.5255440368185418,-1.110219936591129,0.1875210358317376,1.0058494806138996,1.2562728448919878,-0.2859389711163909,0.4397874194628405,-0.9391946065754424,-0.3110609900184875,-1.1709932065277362,0.7312207140234789,-1.469509801798329,-1.4925933193673016,1.3747452896961938
1.1713677139438223,-0.6547779019016357,-0.6218836222792524,0.4438410546375353,0.8902956072648485,-0.4389619730392687,0.5100301873080907,0.9658396685595744,0.860829352243963,-1.456518037083968,0.9644069709873686,-1.5770547657809628,-1.5434571460349469,-0.156312136208387,0.8814066050130626,1.0233029790290502,-0.0849377438536266,-0.6248279818588938,-0.7953779317961712,0.1300860410292132,-1.9171345775159068
0.999621795274818,1.5176658688777216,0.2585344091133625,-0.6309264667186217,-1.8920167007687432,0.0115498801778201,-0.9085468220947336,0.5399299374348073,0.7536050856299898,-1.0037341666510269,0.3745982029004944,0.592423653237698,0.1161454966090274,1.2948452259065568,0.8763116945424887,-0.7394060433632419,-0.3544803549259248,0.295886789128254,0.6396935363080758,-0.6002548387196588,0.0785215001519202
-1.9289801484486948,0.875008601239503,-1.6660726578403815,-0.6671996840511039,0.2884828100640997,-0.468586569179029,0.917947673495707,-0.3347613924952656,-1.129125156680709,-1.8230895267073652,-1.323903022173613,-0.7060630303862172,-0.0406208113575083,-1.686631005805617,-0.4269064733535595,1.3797901300830682,-2.0224184435535677,-0.7980678717216849,-0.4596002557099687,0.3238698458638885,-2.884222346737589
-1.8259871391564253,0.6815687096102995,0.6812741524239967,0.3957824679570518,-1.1548165791365297,1.1451374721969036,-0.6664942422675122,-1.8028791489771976,0.0368099497940837,-0.6251867963000086,0.7795751525919705,0.0936402054246096,-1.1777811069057025,0.7610357766297925,0.5039748676791062,-1.5581425235963822,1.5403542046843457,-0.339870941066487,0.4256732986298982,1.4050990666431038,0.0871199984712609
-0.3894224472941716,0.8952680525007835,0.942144634293474,1.4278338281554468,-1.314476380249157,0.5059089202676208,1.2402328975783825,0.2689656510409976,-1.4911920978693085,1.269266978937267,-0.524207206163143,-1.9002571747027743,-1.4184578537057746,0.739573361292875,1.168007290950399,-0.3797754029579849,1.2039449796552284,1.0413779019015916,-1.234050979188695,-0.0819283818687426,0.6772581860907072
-0.5761830297785008,0.8432331850628951,-0.2732562178999059,-0.8881915934012667,0.9001969552011134,0.8301646609057772,0.7750692861369456,-0.6247819228376297,1.183239869531243,0.3502592985730091,-0.804927156639884,-0.3960784604482322,1.2339741610761008,-0.11621051716365,-1.0768961499372978,-0.6855032445961304,1.0675335769243908,0.1756455923890157,0.4952885022417537,-1.56528535385987,-0.316268892269751
1.057234572484571,-0.8393562700051701,0.0936235405005498,-0.4155713820490864,-0.5780684220423852,-0.9328425924691452,-0.6488153395962911,-1.5857433788995732,0.2421691859204138,1.236482929750142,0.1796003206614689,0.3116670933776322,-1.040002539316609,0.388174793342349,-0.4882717247213523,0.2879906152928719,0.9828196850088952,0.7672170388899462,0.4782377327168522,-0.8099998192095954,1.3317349402810512
-0.2011937533274862,0.2080146304164987,-1.2153469426632288,-0.5972304162232569,-0.4503038428090862,0.0002446091247023,1.231828990212981,1.4657277391408456,0.9665081147388096,-1.272434286030599,-1.6242919987902422,0.1842493085624677,1.0324899127153264,0.7417550576948021,-0.6489281389351137,-0.8193758188459472,0.187501072461812,1.3270451796561158,-1.4476778461908644,0.5253041166063742,-0.6434890624212665
-0.6604279337128313,0.7601822179257047,-0.5702508489528243,-0.0084432267504168,-0.8501653202333765,-0.6820791136635105,1.3929870261942978,1.0723636994287404,0.5708277762915611,0.1766125920631845,0.9767744115630124,0.798948280427579,0.0565597660204593,0.7028816383039554,1.0166874079517234,0.5968481962409451,0.6269049873876159,1.438015871027075,1.3423782458689963,0.9049843614234152,1.1749708585350145
-0.5687134342313763,-0.4221586525383291,0.4346785878505494,-1.8466347897371256,0.5395233024516415,-1.8891382318994636,0.0111817993548618,0.685605116248981,1.3274208736408313,0.7344641365197213,0.726676165670183,-0.1020379646015561,-0.4678170961018094,1.2647322580232632,0.6185817007490458,-1.4620488912538032,0.5417961514824674,-0.0565137046337443,0.9737695733397344,-0.2618680188146002,0.782593053509965
0.3427484133193667,-0.331143996895324,-1.3992283066235212,-0.6332484296929212,-0.9114591951163477,-1.0146532858645914,0.5487051018162349,-0.0402434950092366,-1.3345879842500237,0.8185291889835636,0.8881736771298904,0.6044735979166657,1.414175953460839,0.5735433639856382,-0.3504891787773674,-0.0665548759231702,-0.8583806345747961,-1.0605556599177275,-0.0899507980397108,0.354781432796894,0.0573500410989816
1.4327182460796646,0.9483637333304498,0.993741729051034,-1.4739332564335088,-1.296999008257797,0.326931755562593,-0.8265733818958906,0.9971247854117608,-1.4954609259194709,0.0746559557025537,-1.7575042781459425,1.0330084689176688,-0.1314314298394738,-0.8090297552795293,1.5436703789510604,-0.1135621637069614,-0.6462587256103431,0.9103791626300078,-1.599387485771047,0.1134598688532629,1.0043125313309105
1.0346261615507353,1.3277585560460352,-1.0879831171351513,0.5926260429341419,1.4997772674834504,0.936601132580053,0.971584405414261,-0.6079259344966818,-1.6353046641200255,-0.1980882458589315,1.0279277680862766,-0.9594804011341984,0.5121665019888073,-0.9720861710203372,-0.544218541745976,-0.937131551160503,0.7113819280691627,-1.3113143354248509,0.6426199260802706,0.9572454041353872,-1.3625309984311278
0.0162854744633367,-0.6888507556060643,1.1912363166241806,1.4269549708691216,0.3592717426035188,0.6947232740781397,-0.7276664784619815,-2.0110708569400075,1.2038026787417508,1.3952209260829238,-0.8550506447581878,0.6583525801148279,-2.114097273226579,0.9988804342952108,-1.990949688595434,-1.1489341083463709,1.415266198258565,1.1218133590053143,-1.64478989850816,-1.8512724334661537,1.5538647247328787
-0.0190300455113673,-1.568040321861088,-1.6551610835896298,-1.436856730592815,-1.457196089748304,0.7541965781503064,-0.9301005953161234,1.3983744761431218,1.3097116828426685,-1.0268022467935718,0.7979277695770705,-1.162549889826767,-2.1547846042686833,0.9302260929391049,0.4280408053782732,-0.4491300563096365,-0.6382827246391076,-1.883277377041877,-1.4489841623029356,0.9813712730440324,-0.841872270618263
-1.801213707482341,1.0820113936047768,-1.109664300562464,0.2092754535361044,1.192735273370948,0.3997795860062744,-0.8695103626558086,0.3222635890724336,-1.5617644939179232,1.366582889803882,-0.9627646199534562,-0.9177405058172904,-1.2795492710615712,-1.73363487089342,1.2065576255478754,1.4950446370836614,-1.533412204263673,-2.0219912243832225,-0.826424867867048,-0.1103024817216919,-1.048525800115416
-0.5194300425844536,-0.101361575562831,0.1090252585621603,-1.847807841029247,1.1469125753687504,0.1650913463149251,-0.2469816228625749,-1.5075495738939542,0.0793733164304495,-0.1818040098601714,-1.1456415451116302,0.840282439601088,1.0444541058441157,1.2351502348959469,-0.6058563778261165,0.945938941942038,-1.2847130175074788,0.8509729927381544,1.0642764091898655,-0.0309879050868362,0.7045940753773915
0.8873521575066028,-0.0207439669747668,0.8642234541634488,1.0635229011656615,-1.936908513179688,1.0272223776384883,-1.2812950377481194,1.1302638605040538,0.6908234389924819,1.4071324618995762,1.160645961730669,0.7288135785502959,-1.0147780998797298,-0.7100894057511903,1.4409409165202876,-0.7001282753197589,-1.7377787651679155,0.0100675653114015,-0.272001667780118,-1.3997724966583431,0.8632043246753135
0.8496124964798819,-0.9590971891699226,-0.2359666253070969,-1.142086907206818,0.4958038049768087,0.6583612990734335,0.8246233917363232,-0.3468109781599924,1.0171477224579373,-0.6570306169962147,1.4276190515175495,1.5505318180238803,0.921070439103984,-0.5847158451405591,-0.4703949697585442,-2.027685829873401,-1.4904937927605226,-1.3063248711658102,0.8408380552064019,-1.0480635816798198,-0.5675004354516617
-2.0401324967834116,0.8416376039504756,-0.7448771845208991,-0.6536462894504318,-0.9689266350826408,-0.7882191574112579,0.0039250988062577,-0.8159744365646453,0.3445551672087714,-0.2655996709712042,1.295204445785164,0.5879624804066845,-1.497209152461998,-1.0672646118442564,-1.4997592960717063,1.3293137208698012,-1.2089150130021071,-0.9892738057456664,-0.4167202177530459,0.0472183230901412,-0.6794088114799863
0.7193897637830852,0.7838053580343888,0.1671986023567813,0.3852630522975628,-0.4233214258078722,-1.8250723047003352,0.4243787926627037,1.274826396289749,0.3881895151694605,-1.2202037818832994,0.9437253559717652,0.2814351722982775,0.6154121801737641,-0.1147773400130245,-0.4334801315577837,-1.0083181432226156,1.4873223894932073,-0.8629084025590187,0.0798860608786139,0.4948328809486905,-0.3852876402829425
-1.3294816120209751,1.205516702122947,0.3367748721664553,-1.047163093924676,0.0846306671834887,-0.1478545615959227,-0.3196498293286833,1.5696064882804452,-0.4507747088825994,0.8596805283047156,1.2483264789821458,0.4897128021308783,-0.7263304770236977,0.2289865876331631,1.2215921413409805,-0.3801972991917289,0.5866434255604325,-1.4054680048529873,1.3161799646014722,-0.5960565660243119,1.327474011486547
-1.2247724584178712,-2.1466151944126612,1.24894956096014,0.1680756101847657,-1.341030816922684,-0.6308846684754047,0.0953386540247445,0.4476066538578033,1.036092614721693,-1.7382950238343746,0.7414464533825333,0.1074172551954533,-0.2711470949702393,-0.527883405170449,-0.8940930424655369,0.7157953421488668,-1.9453203120902045,0.8706903354388256,0.1022460061208797,-1.6645271928484084,-0.6539729879161609
0.7623462884908526,0.4562612722461626,0.7837665169049327,0.7022392941726162,-0.2047542099934039,0.55362147945419,-0.939388065388944,0.4034243152232192,-0.8031921199163506,1.517308267996002,0.1693509346442827,-1.3174223189439735,-0.4529433758583392,-0.125866789625466,0.8508224777941086,-0.2124638309622339,-1.3351799808292808,-0.6882214324361191,0.6988065087517443,0.0295873430097002,0.7322329953460482
-0.6070100405770865,-0.4874347034577955,-0.4406611224735511,0.8209327325826072,1.0253679863911898,0.5679573222074534,1.1551555772872455,-1.3581872333293048,0.8988226813801543,-0.9372594599347356,0.0092046797928487,-1.895658185042394,1.11580134745956,0.4841979309267239,-0.4583424942610918,0.1895371358061776,-0.2932686433207633,-1.5408424536456653,-1.378207730423152,1.4223799260707366,-0.9544090853113392
-0.9797512860050736,0.456979572336621,-0.6833256790153989,-0.1009706100133708,-0.4626674171109545,-1.018611001430501,-0.0482519314544225,-1.057809695126626,-1.231205531126268,1.123997513684428,-0.9561184031135236,-0.4647535310582207,-0.5235285114631021,-2.176607621235419,-1.9495064974716991,-1.1704011805661942,-0.2052597465865946,1.0054890337656577,-0.2086758208157794,0.8097785275326502,-2.0524510223324985
0.8115358153956349,1.1866583838233449,-1.622023956957906,0.3513004087216774,0.7822979371801153,0.2460770846549223,-1.3901122255720342,0.7026009174545755,0.1816152109329041,0.9322709612798784,0.2164122345675292,0.6669297261533194,0.1073125028270819,1.270666816488521,-0.9776110406854884,1.3432418473443877,-1.0772182893290891,1.378227984713034,1.4331551515595078,-0.0281304477122828,0.5194805113119622
-0.4612554339597438,-0.6410747986636453,0.7124933032617596,0.0837130252924173,0.2333029901057517,-1.043314326290618,1.2736839802127486,-0.9291463293715132,-0.51550904084074,-0.8296753160003624,-1.2348023422140273,1.0827813156208417,-0.3940845804177025,-1.209223814000816,1.4726192692174145,0.8335517909530469,0.0497310550810387,0.5651151035463698,0.0938179295307724,-0.1555867499591453,-0.8005400792344676
-0.3127273881640193,1.3673629648886911,-1.485816917470343,0.5061047423545919,-1.6971649525788328,1.184953785725614,-1.019131159244341,0.4731155039378809,-0.9689898054604916,0.5917991728682906,1.013536321256154,1.1210940980018769,1.4061898933325394,-1.903099745038242,-0.9757412997516272,1.5276307268201312,1.4638078967835737,-1.0222499889799443,-1.9112879215770628,1.134294706947503,-0.5308071990216316
-1.5653868347688318,-0.5661079048996507,-1.218860757579657,0.6996675835221745,1.09054752218509,-1.7495813394158242,1.3467084726497909,-0.1873925125247111,-0.0506351792903805,0.4753788882017332,0.6894682769812595,0.7769510048210171,1.4819899432125403,-1.0430863357122109,-0.2888826503271219,-0.4581267041889317,-0.8594959780690554,0.0825766737440433,-0.1088418481603566,0.8559771332870869,-1.1116984253636166
0.562935532155303,-1.494517098541427,-1.6597094315809178,1.158544349929243,-1.146678295020242,-1.268271298838169,1.1991766707777125,-0.7632495525189557,-0.3070108540163186,0.2020171317122498,-1.5351337068558042,1.136348641866704,-1.9678486495654608,0.2850587259123562,-1.944419256224737,0.1099023530059116,0.553543532056046,1.5040953537966442,1.3931272084379216,-0.1928632139914782,0.5180843727992014
-0.3629552303311689,-1.1171782030078043,-0.8806171220038416,-1.6104179577947322,0.4264511631535117,-0.4848366848221797,-0.6469565739736001,-0.6635484127935073,-1.9133849045425104,0.5324554701332821,1.237405930473567,-1.368934832420888,-0.4400644960430018,0.4665175244777899,1.395215681978995,-0.1958633716410885,1.57967463160244,0.2006244372802492,-2.025823583427396,-1.5118577414709882,0.6642688766217528
1.4638738480476163,0.1810707017868421,-0.972908801850842,0.3279447454023751,-2.124816555614314,0.38874901071438,1.4092050837033063,-0.7131613871058525,0.2548745492721257,-0.875356834494358,1.2702550139586195,1.366329649707558,-0.3907540824736896,-1.618688057894899,-0.0671175449761279,-1.900387529679887,-1.264622915939198,0.3552856794064843,1.3045977128891586,-0.0821561806075251,-0.8072344189485833
1.19815908851756,1.2152871820615323,1.5393970471645135,0.7178744349420417,1.158015123705318,1.3376727040182894,-0.676188199640041,1.0344167171407523,-1.8348583306034223,-0.0318801362672155,-0.8481528017870154,0.8601832457674942,-0.0937009263478875,0.5426201280784032,0.9615219070934924,-0.7024324398220235,-0.3158306570184053,-0.4211526342285735,1.3614784724956883,0.9508015350428584,2.476405840015415
0.5640195175980878,0.4729300444878789,1.5452386506708078,-2.0227324207016824,-0.7397358898628966,1.4443194260126997,0.6943606497070619,-1.8627368157746484,-1.3974118172273926,0.207742213394763,-0.2339872783087421,0.7392938300422958,-1.107802932337659,-0.963608913448561,0.9451011910446614,-0.7444463550514799,0.9614854304679156,0.8143088760387837,-1.506080985788592,-1.3516091194278506,1.6336719686391397
-0.4526157681350303,-0.0025585772168844,-1.5342968168206144,-0.6983973948315045,-1.4049785992908073,0.2396894673170485,1.2937676035775203,-1.3438393380012668,1.126125357632927,1.422215079556412,1.1392612783142757,-0.4815727341246053,0.7788947464148568,-0.2929179665142847,0.1345121185416587,-2.0385785320504524,0.9501722410137392,-0.3074237248551199,-1.1256485621352232,-1.325944119521928,-0.7846750121728433
-2.014480968759898,-1.658173589029455,1.0160158651064373,-0.0271036012988204,-1.892969546045724,0.40626988468035,-0.8940905671262444,-0.2320436349838481,0.9443945642907096,0.1030092972928874,0.5669238739181206,-1.3108751233405338,0.5916056353997955,-1.076125839045877,0.0036940450650667,-0.1369269411406035,0.5948186924849967,0.3325936525811778,-0.112921389810564,1.090305926244069,-0.5898474726169689
1.0446920387870315,0.4943053244949996,0.1056824976424449,-1.678495193003379,0.23215173859875,-1.9200131008569488,0.872988030245029,0.5236001402163106,0.0716341196015578,-0.6884554576425932,-0.5693819676519605,1.6157659445087775,-0.6451719248242954,-1.8065832323270523,0.6504793507157239,1.2832089770743331,-1.794965212750394,0.3128371223437559,0.6588551409347142,-0.2512872680357123,-0.2810240001162385
0.839406368999805,1.3180707480109766,0.242775315902823,-0.2964132176422885,-0.7469082485525433,-0.1056400178027809,-0.7878380860081479,0.9238443884249012,-0.6542582849378393,1.5265083133301471,-0.3938999224102743,0.8508764994704988,1.479594732835,1.3715862036201592,-0.1226340413141473,-0.0395758941714063,-1.7252170244799654,-0.3356177235013891,1.2579739759559736,1.4108071575042207,0.1462180861711232
0.2142923067184215,0.8673671119896712,0.6137018599608035,0.7398559106271525,-0.1393303277852331,-0.8083364617785949,-1.4946874519857083,1.3526466844158689,-0.8172902252540708,-0.2973573881958636,-0.0327839108885347,-1.0407706641002374,1.3635575927218977,-0.5881218857209431,0.3210146939072991,-0.5492083579191752,1.2902446434985864,0.5426005388675014,0.4644681286976351,-0.0529226055759117,-0.5647715661324523
-0.0464265443947687,-1.007392034513264,-1.6087374908759124,-0.308576248586894,-0.8078803418843472,0.3725197938306255,-2.11291290898293,0.9890708865248904,0.4075665763960157,0.918626242504289,-0.8529893912715013,0.9104130149425886,1.5258325475178551,-0.8337543792423565,-0.1505347038435855,0.2460867468423709,0.8086843980237916,-1.538462583413038,0.4960438062966994,1.0396231148244677,-0.435816149061192
0.2565948430738564,1.5209543746668168,-1.1170639160502764,-0.6101318493216905,-1.1975448733787748,0.8576924273566271,-0.0795304273457515,0.2694558276403685,0.0081529928816861,-0.5156006675878916,-0.9031769067739216,-0.4621877795787132,-0.5701709090026222,-0.0445929051728399,-1.427447414512286,-0.3240200334950442,0.6962185681297023,1.409183695884255,0.1115267714306921,1.3571028083903252,-1.0755674262829462
1.4189653057879952,0.6305115212240703,0.6013804924204301,0.4343677892135077,-0.3623384945163216,-0.0491105187555142,0.4080666892554654,-0.2253204673828727,-0.2372413069463071,0.325869894111123,0.8705192733503283,0.5948223674184063,1.013274302322969,1.5405144887903466,1.2447066283549657,1.5018575924571125,-0.3152971650090996,-1.1489699148385284,0.4169701963149136,-0.5844075871072686,1.3004500930753575
0.2815592992215123,0.9484062540987124,1.4660306636037517,-0.8264303587174666,-0.0944118666553647,-0.8070095767536521,0.955721229848515,-0.3411884796025917,0.0486496057492097,-1.529097685189014,0.16635239177227,-1.1737805705953754,1.1021365553635671,0.2724458945762806,0.857273204022483,1.4381962045778254,-0.2610895520108736,-0.2986313320404075,0.3428524339831881,-0.440654961494367,-0.2329673741801533
0.0461530787409675,0.8072300847582716,0.7848708996790505,-0.2111673563418973,-0.7266310691186221,1.3119393974422826,1.4038330164483654,-1.3562485218014582,1.2247989852410996,-0.1726463615887507,1.0663038928522155,-0.1280733882162897,1.1808402938568272,0.2828036852522804,0.2338424769695134,0.7148190655826853,-0.6070161445004371,0.7963190230934893,0.3460104709665367,-0.217114438517101,0.4450989764858016
0.6500198360165815,-0.4060107502131087,1.0769359704681587,0.8819870974967416,0.5343865634764826,0.2885068094673016,-0.6522386059012752,-0.0535025264519876,0.7237586388714752,-1.4087127949433502,-0.4453070647784313,0.6408607901246692,0.3476792853923771,0.7236581551195699,0.6226403584855026,0.0396231201388283,-0.2825493287655989,-0.2358565616726689,0.8204977986631177,1.284137776656643,0.5769535253106668
-1.3388422647944975,1.427069079968422,-1.2523224288892536,-1.56690017379736,0.43131413983468,0.7006115126116294,1.5193980610036772,-1.4718121839099425,-0.030348635278436,1.2151321322310054,0.8938253427855708,1.245610370358781,0.2098888375509535,0.4645359628272503,-0.8566737410795291,1.3352424158731082,0.6493287823172559,-0.4885296672688783,-2.007094113650408,-0.7847988587677709,1.4005379490358374
0.5293816147937572,1.1101961032393075,-0.6467886594797825,-1.7497911642664945,0.7606240338753684,-1.601234321498949,0.8618690950107628,1.1906945717895503,0.3109073523164586,0.9337564504119712,-0.279245117229192,-0.3792788062909008,0.7621153488002661,0.2407900661916086,-0.6504104826551519,1.424790307108949,0.5290074081652858,0.4705150338226263,-1.6873027460743848,-0.1419213118246006,0.6809351162331639
0.5191692096018821,-1.7134108589246928,0.9132604199971388,-1.060441801261834,0.8944745010941151,0.5728831852421639,0.6398371507618107,-1.760858316152219,-0.954543867334431,1.1013432010363806,-0.4360683425551458,-0.1711900306349901,1.553682090804531,-1.3559074328681868,-0.3133758247931149,0.6877290282436943,-1.28270922568394,0.663359428892998,-0.8107242000792801,-1.11794208703774,-0.3340412187810642
-1.5914740100713831,0.2748938442295449,1.3253961328342072,1.50809072376923,0.6774437868214285,-0.1777842496252394,-0.8089369755279855,-1.1120394268896003,0.3092546163027209,1.2669080282268217,0.9923744978467532,1.0944979540218778,0.9580057765208831,-0.0936358833946455,0.8049070065051008,0.7283972521438895,-0.7052164703863284,0.1221147139723522,0.4969734440896972,-1.2695227909162234,1.6751857687385503
1.241298262831447,-0.2546801144894622,0.0167459923711854,1.2842266169657022,0.4492803495641784,-0.9513946563941283,0.8022050762281732,1.0585520516602676,-0.1129053493845496,-0.1420381084662971,1.3873502846082069,-1.122057896903932,0.7108460155535693,1.4880882699159037,1.2434106846481277,-0.8058231147984671,0.9739081153979828,0.0697169586931496,0.4052359078147305,0.4024167669932652,0.1242622783667007
1.0683532039089851,0.7564459258095392,-1.6535186563652386,-1.4907735543350389,0.2505579751290603,-1.846131023734923,0.1652888859326716,-0.1442440771263689,0.7749196238880143,1.3532881494189533,-0.1803830907027127,1.5901449584411087,-0.9227315918191488,0.6616291969185356,0.8880406047220489,0.9481942590473588,0.3302157067534074,-1.6184734110817034,0.4246095291660607,0.634739219926121,0.1399030361464275
-1.418886350671445,-0.01991274051915,-0.1088991918122464,-0.8285369754733303,0.0955723244296001,1.0861649251488068,-1.175729786778368,0.4071803902598049,-1.514526460950827,1.0687937983601647,-0.2265442613713529,-1.204289227667266,1.4647478639324851,1.4979544784185437,-0.5181412612719261,-1.1804269736664474,-0.7845336740128177,-0.8886891069284154,-0.0073437787933354,0.6046497588388778,-0.6133526668203971
1.470103371419707,1.5019408464034731,0.2062441296399977,-1.431750209135952,-1.118544393822799,1.1950885377370408,-0.6473012143932708,-0.3842820204275378,-0.1003268302603512,1.0949446647188363,0.4722743603216726,-0.743539135482661,1.3246967890253278,-0.0573993771206474,-1.259733457173155,0.0770149244989601,-1.8904524525792303,-1.6665228751497785,0.1647497580905552,-1.127324046760673,0.7645797250567413
0.016089047271679,1.2131265881281754,1.2973447023660798,1.1048148759655831,1.4848613207656305,-1.801639687257379,0.8212824994443385,1.1560211453886908,-0.8530010575265589,-0.0284089710367255,0.1797038418878015,-0.8293099637253829,1.0624318458255515,-1.2874030277494553,-0.2877900436915199,1.363935289487275,0.4085842331193873,-0.7370972093047801,1.2465227245887305,-1.1520150202354271,0.1430880539303671
0.9714684615784523,1.49535376458876,0.4393190943538608,-0.0514051301116173,1.417027025908695,-0.1514529035171515,0.9885626636771266,-0.8476171878018804,-0.9011821943192906,0.7576386615112557,1.330411589382578,-0.9909788444767538,1.1699695934197858,-1.0945752428016693,-0.8810103343912664,-1.2070060566462415,1.303604237970446,0.9977586705048486,-0.746349570518949,-0.7735602344928875,-0.5323871130610085
-1.2483776551406178,-0.3939839200376981,1.5097345872771923,0.8480201867373244,-0.1099860129665629,0.4042705273549756,0.6664840034904992,1.0153887994812985,1.36923360835966,-1.3579216062489978,-0.4464743491241087,-0.1579944034798687,-0.4003478976553606,-0.684935230822958,-0.5600592989475307,-0.0971933009231146,-0.3330615944813154,-0.0256448969549495,-1.2609182373313688,-0.1113994499181972,0.0252387085341632
0.8342703701583715,0.709913078330136,-0.5768076378781779,-1.311857243150892,-0.1133440255352226,-1.2722143350621011,-1.219849082723473,-0.7348954084538306,1.2634963740559406,-0.6914399575446238,0.2368642805124855,-1.3686709649318354,-1.106869378696654,1.4439117726013628,-0.1194865567164962,1.413517733938631,-1.8689970910745033,-0.4209024696122374,0.4913574998926232,0.807688688947909,-0.7098488880540234
-1.9632985505125276,-0.5776539597335288,1.230252776400406,-1.0479457695623218,1.0011263210029402,0.5020354315335303,0.6986176755195515,0.3211870420402599,1.0042877552241916,-1.0209670971905682,0.0393970133939212,-1.1866157191230324,0.941642988568832,-1.1257965972429052,0.1565022177415996,1.1999537001649347,1.314848053914851,-1.4699917108745273,0.8787484317382083,-1.222192812269701,-0.5406801942959237
-0.4898688952252655,-0.4206486722038767,1.3799133448435597,-0.0520265068742849,-0.2877264979219437,-1.3825966728000372,0.0667849221550187,-0.5108986458931454,-1.2598513360934176,-1.8867351651052953,1.3177006647101046,-0.5943290743803105,1.4210718360040293,1.0359465250324302,-0.6480593693578847,-0.0195674206501892,-0.0355052150765697,0.6161067934745297,1.298975874847976,1.22780073813373,-0.1596154720805118
0.4724197993912147,1.276034030502895,-1.8330464208565704,0.4571312729535561,0.1655091944830393,-0.3364962204081406,-1.123412075762686,1.2767501803739745,-1.536414238945322,-1.0011881704439414,-1.2861288990313289,0.5087299755306958,-0.9637451839208092,0.5499335886703469,0.082466483204363,1.419419545452671,1.0412111223534806,-0.2603907094269001,1.0518309137707755,0.9828904017084888,-0.9224997377936968
1.3268990266846472,1.1392455105630075,1.5366333213580976,0.3967675037778328,-0.6232744456360066,1.530269992209625,1.1778789021563412,0.3205362043725237,0.4188185902878876,-0.1723524106131155,0.0304230696214353,1.4655388893958263,-1.1259265268916994,1.4909502043310416,-1.1554451706115334,0.2530911990508232,-0.6944488923100569,0.8504003132216891,0.0499663448110603,1.4187817791254598,1.5070786947536952
0.8535469011670092,-0.4360240389461909,-0.3826843949993991,0.0797852937045957,1.4510915535446522,1.3173425363799722,-0.1873314442482801,1.185104058263977,-0.9379970401849548,0.5189567748085465,-1.1582502896455364,-1.2109833232812972,-0.5063600267910516,-1.1982921739916386,0.8821240813693352,-1.693012432782527,1.2459960508389465,-0.6758988077599617,-1.3386028138370347,0.6640182386599226,-1.335362699511864
1.455874813056269,0.7873363699838288,0.9295105421350224,-0.7306476102127187,-0.5387221020844284,0.679628171236618,-1.994147698694186,-0.4554582519671094,-1.293130268215987,0.6600043138352558,-0.8854602335917069,0.2033292790437893,-1.533340862320428,1.3974016773933424,-0.2274080814965198,-0.4772071361313539,1.040256612576317,0.4925206130255868,0.857678768168479,1.3794909333552148,1.1586514153006535
-0.1195058351649515,0.6501534155343077,-0.7254176453393512,-1.705974953220475,-0.0737899715416568,0.0859640429106391,-1.516317369079402,1.0000089041221931,-1.453043771311935,1.139940590632559,-1.6718937075092946,-0.8542203706473774,0.9384188908941316,0.1065263554116972,0.7970916307576932,0.593012444539866,0.6672784814028913,-1.324353604899689,0.5651068252163501,-0.2645675224544226,-0.5261594948522339
-0.6162862964266135,0.2626172511716126,-0.5516568018115647,-1.0509296572376756,1.2660511761498217,-1.7926392727667189,-0.9541274964473108,1.2770787885720725,0.0852530126323781,0.3131200940270148,1.3657257563273812,0.3199805978946588,1.1062204461681977,-0.4624932190761476,-1.221193416367688,-0.3101640821450535,-0.7144096117836125,0.2905613766419189,-0.0939924978044903,1.0463279777609615,-0.8100463556013915
0.7516303312432717,1.4690275208183616,1.1825607750106002,1.1450823509606725,-1.6918452161076605,0.1123092432225028,1.0038213125963409,-0.9571561819018172,0.674410407566929,-1.1996808135568937,1.26412698289485,1.2987058352780951,0.6989357933180246,-1.2282753190967373,-0.921356502872572,-1.3113729573403667,0.2719232263131487,-0.7046868001438729,-0.3895312404081144,1.3063644333196338,-0.2591404766086417
0.9129164626617692,1.0290549346590867,-1.3174801994208798,-0.3154316363599288,0.6546808569599037,-1.0695551219110984,-0.2912790952397938,0.5308202685215926,-1.5883673954832611,-0.5752766863228492,1.1886228612039187,-0.4326638920345227,1.0559946899550428,-1.8108241031208632,0.1957485196756925,1.1032830408373353,0.4719301388354399,-0.5540352671454932,0.8392423223459914,-1.8196630646809953,-2.0702624209366607
1.3769317274608834,0.5427379164660677,-2.0278281132668705,0.8480633509650587,-0.5481043912861535,1.3896283104476173,0.9241953718009962,0.6900056571288514,-0.8128691413503607,0.4727921869849558,-1.3616539635406937,0.3469885228563764,0.9987480257651584,1.5450551857876889,-0.5525416670891536,0.9967393167956804,0.0399917021673104,-0.7452706499715859,0.7846586733326675,1.441895282828446,-0.2948561112683741
-0.5080293657174387,-0.352915226771301,0.9886608148068404,0.4147399082488547,0.0149246297198102,-1.9197945473698104,-1.802749814894465,0.0093366150852738,-0.0306739924204897,1.4695489928936736,-1.2793163892912156,-0.4201272371897683,0.9264188828018588,0.702216824463437,-0.1887067844097474,1.151153769725823,-0.3639236444255768,-1.7924531038225735,1.350435184624201,0.1446604658387799,1.3494266850024037
-1.6465557746160808,0.5588796176559834,-0.8416333024321421,0.7427899908681719,0.1891931637107635,0.4657191454622317,-0.2119266803473965,0.4103491060637408,0.8507693530483403,-0.2491980930747346,-1.058379209378555,-0.5470335214014309,-1.9038990722810176,-1.2572003629474522,-0.8023355042371827,-0.5639767062650107,-1.9970330160737109,1.2532817553422428,0.0673417617747035,0.3303877579083663,-1.5321483166201306
0.7190548254761863,-0.6722120630627484,-0.5940495691813167,-0.1160000283220795,-1.754270353047264,0.7683524294682887,0.6740800335291748,-0.6573884635579338,0.9641290737992246,-0.8884799937325454,-0.049940489056935,-0.1994994059762057,-0.0127079073045991,0.113842438315683,0.9391183161235028,-1.505800581417541,0.4673833157515265,0.6364092009325526,-1.524284783736915,-1.7507319465567948,-0.3849417191600492
1.29973864329096,0.6442349889226876,-0.4974334489808776,1.0641739512599142,-0.2549931261367247,0.5214333514179916,0.1108931600061536,1.5330308831912314,-2.0833149078281106,-0.9020363571492704,0.6832162626881044,0.4495564259832366,-1.9069370955822516,1.5395250411924777,1.5192655405717326,-0.1648696444159734,1.2459980693986996,-0.4821133783246512,-0.7112230021131346,0.6115271921749275,0.1841735853650523
1.2130774354748148,1.1753386198991047,0.8332587747577831,0.3712283876574267,-0.2425929779985927,-1.0472752886364507,0.2898744834314254,1.397496218162379,-0.725629876524946,0.5758451900187438,0.0004230024097166,-0.9320044603274632,-0.6892852701744934,-0.6713543073670564,0.5509684864715582,0.8582956273849571,0.3501418116802884,-0.0347873021511053,1.1094008782491398,-1.2626558896068736,0.2693606716338269
1.4894347948175248,-0.980804145719836,0.7367209344813013,-0.5337666626477353,-0.820943642493343,0.4038977500368937,-1.0732130734165837,1.0201475729565297,0.042830511152207,-1.554316532286677,-0.1582186675193098,-1.639891994140215,0.3984094584114649,0.3253881350764936,0.7483007092927701,-0.7461234177464284,-1.763192565066381,0.3460734748103749,1.3418204154420517,-0.0685444170358406,0.0543358829247361
1.3167398415785645,-0.1902464319939461,1.2905826097387578,-1.8068866032699935,0.3753350901660734,1.4005488945003406,-1.271112493128355,-2.109408499984929,-1.592474759807739,1.0022121567155584,-1.7593222339945809,0.4640076909847079,0.4816159540427896,1.0602174214926,0.2809325300532674,-0.8728034587896379,-0.4109182352641246,-1.1262977504333835,-0.6660259296681997,1.1890373126200782,1.6959210715193205
0.4754629316474635,1.45338135428668,-0.1140549968254572,-0.4683494247823222,-1.2636626433051064,-0.8729251015202432,1.2165093796783577,1.0766394939287502,1.6094217529499928,-0.5337216001673962,0.972380772088126,-1.5937359162178677,-0.2331461471034849,-1.0152075532848894,-1.0012864280176952,1.1599304990873296,0.9457121851604456,-0.0839676640057606,1.3043556458833063,0.5147290544740896,-1.7829481311437851
1.394578587336681,0.948002391117862,-1.3235388966562174,0.4856084179614182,-0.1864198572581946,0.9865822171061084,1.485873688857209,-1.322311261613275,-0.7487137520343412,-0.951112893867834,-1.5202024924389246,-0.7871289807077944,-1.1151635055854363,-0.6549753593933293,0.1709192396581141,1.198658984521542,-0.9225657686641268,-0.7927711664115495,-0.7115999186741111,-1.7327645878939024,-1.5515988570383532
1.1379451409758972,-0.3568340945932398,-1.3897165596625531,1.289565198168088,0.3285770251591006,-0.7748939555820519,0.8917657441747461,-0.7966218643133791,0.346466314316375,1.1747175171879176,-1.0095438467679612,-1.1918466631099331,-0.504544024640362,0.1395590172587447,-0.4071131084484642,1.0671874421689824,-1.071196297229084,-0.7761090973820214,-1.6423326417397346,-1.5353190604058489,0.3017232012868686
0.1300007524554875,-0.7483006119921473,0.7209199323074466,-0.5530040091236983,-0.2794891483807073,-0.3573505115354364,0.008504969421332,0.3721880842424106,-0.0745977831237308,0.7830739993576099,0.7131183431590469,0.6582556913600147,1.2148180129710713,0.6274579795717613,0.3264360069137325,-1.3480862016568522,1.5713834372140096,0.2231929754399597,0.9796780235429704,-0.749523549464545,1.3074268157053506
-0.7498630902064736,-0.8380392554488666,0.7768645111572884,0.4736399048666458,1.3233465765753216,0.6368840777707233,1.273260526342339,0.039190501430204,-0.4596051524797478,0.1486369712837014,-1.0710528853594268,1.53395084328634,-0.3649389871399114,-1.575610806126559,1.346123728819646,-0.6234491930236266,-0.2548839692571552,-0.8674848028715506,1.467691569847248,-1.5237520021879487,0.5343818411943756
-0.1529936150320313,-0.0041298167748561,0.1242449712438352,-0.7633698052651137,0.1166372344234983,0.6467903706229191,0.4258721115311225,0.7845213475579937,-0.4153436379178319,-0.0993086878571831,-1.6757484112467325,-1.358059737924214,-0.4894963443653978,0.745419021876753,-1.5817707144747049,0.2824855645000615,-0.3558709811640341,-0.9942403758647408,0.8995829396590338,0.5745935002289446,0.6349209172139652
-1.2577214164761883,-1.3511761428568143,1.4648192077846829,-0.3900661443121441,0.9476443619057808,0.6550094388425494,0.2331440027057827,0.915911738993072,-0.4716510888064262,-0.856330780828531,-0.1662136455282765,1.5908211422411176,-1.331913641251287,0.139100972686836,1.061698383208825,-0.5358637595477312,0.8616658511055181,0.3281960495448494,-2.0291004202070013,1.4180141532032262,1.6079691701163707
1.3986795462920123,1.19461773170797,0.9623621059752812,-0.2476421407478755,-0.9920349327124748,-1.409295227808261,0.5340548526489453,1.519160122909805,0.2511476412186399,0.9488926340707012,-1.2510592386399129,-1.179822582130202,0.0950251475945271,1.3726181329308176,0.0397770925694798,-0.6455238524364041,0.7828170916098358,1.1134375757085506,1.5417064749112213,0.561187200833191,1.5346869983833986
-0.2342742465251487,-0.4991687323978908,-0.7751419632125691,-1.32964652726698,1.3575308985702266,1.1963209864846025,-1.6640551759172213,0.8124277849928561,-0.4023354310691276,-1.1875284432819382,0.5110937142236684,0.9287293224990704,-1.443152317938046,-0.2001967227730297,-0.2516319168247877,-0.2369946374783536,-0.863087417408585,1.380696351666168,0.733083749902167,1.4203530829217823,-0.6669045308192864
0.932670638664763,1.3817374406845655,1.1383835439097816,0.2976916491995737,-1.821693874590636,0.1711862902015654,-0.4475581769399229,-0.2496573500391407,0.4858835238499448,1.0935816320163578,1.193462628913392,0.0347913046349042,0.0286664789523532,-1.3725768468168806,0.8154749937535973,-0.7599774724077061,-0.2911782704456419,1.241202589695092,-0.7595324714917352,0.9408111801789512,-0.2409571945615276
1.397268124540251,-0.8963249102378524,-1.2722478519894107,1.3744342791396913,-0.9781564501525476,1.3387044673371984,-1.6074709654848416,-1.1844041659218156,0.605969277185287,0.4688394722827859,0.3729255242620211,-1.736645949847189,-0.1384495414681953,0.9547623543102564,-1.3203473224242483,0.7593510979080369,1.5515164870375306,-0.4957161242346037,-1.114283177196262,-0.7524446988293517,-0.1229157237017286
0.6571746904836856,-0.4369797645512775,0.6183420714061646,1.099339400932863,-1.1726446996672517,-1.1168252575182391,-1.716754332813725,0.7322936058445112,-0.1852441245732919,0.2750763568398822,0.5622946066957736,-1.0145330583433885,-1.462096906048969,-1.3864004308276692,-0.8173768513760951,-0.6670667088308949,1.418182208581594,-1.1961431200908543,0.1542979422806908,1.4752286645484551,-1.5807633364377545
1.5182419801592868,-0.5623056111033352,-1.4992785758479144,1.4159051188958014,0.6963597533741414,1.1943825648347208,0.9527080168464168,-1.719090648275834,-0.5735560375116858,0.033574114459701,-0.3821185244675945,-1.71689900863131,-0.5243507245086753,0.1490844421662299,0.2082694830317568,0.3506877665102367,-2.070937291060551,-0.0939337919536864,-2.0051594599050313,-0.5070187965781902,-0.0191738275175996
-0.8619489832696289,-0.0889157505067876,1.4922278989013762,-1.759430300041442,1.3016706228535642,1.3567762249460855,1.2790376770675338,0.6234603914144898,1.1410268664522385,-1.5604670816049793,0.5955100252980915,-1.1708749273645334,-0.0920415664628979,-1.2045285247223672,-0.0657739814222631,1.4050552666849017,0.6098954215878407,-0.0803431057548628,0.33658519676525,0.9032438078001148,-0.7593668783254857
-1.405474799370871,0.4214400301178664,0.4274516902156302,-0.0338470675460008,-1.478311900223478,-0.253416096817497,1.2825337577986358,0.522314279561123,1.0301547717700814,0.2744037954041357,1.0275450852989323,-1.0430569123888724,-0.2882594905548089,0.1836592913307713,1.5100674846452886,0.2546225233096535,0.4649182037367572,1.165640432821362,0.7938848023083133,0.3316152710563511,0.8747398994559208
-0.241888762318664,-0.6036470972754148,0.7426914525738766,-1.543791695912565,-1.9031694470829457,-1.2969317190993517,0.230996811400885,-0.9768702128395402,-0.9145137145472052,-1.4770004285013116,-1.541241840014573,0.0195640339475153,0.9485496889382032,0.6189852210664482,-0.7301000807251332,-0.158238218389388,1.432279562293045,-0.1113507768764048,0.4979068679997319,0.3921034817510067,-0.1931293658221178
1.4516290752260703,1.0179773548935762,0.6447565694917937,-0.0113569859791957,1.4672209036391357,1.0173060354418837,0.5074720061469838,-1.0788896564440345,-0.6231140325036798,0.2567088378018253,-0.8663254077437114,-0.679726672807418,0.5995612710645915,0.1146315443706384,-0.4279635256858142,0.10434971985703,0.2826256497544369,0.5869046353823979,-0.4427147008386765,-0.4486127868396901,-0.2980928137408348
0.7395494118136053,-0.5283852459513644,-1.1844921909012351,1.5588900988639758,-0.9486981926994018,0.2341816627931408,0.7663532876842696,-1.822875774070503,0.2821192173437048,1.2066149022325392,-0.7026866502630228,-1.1242755948974572,-0.2077262411182269,-1.4400631260157593,-0.4996186766599809,-0.5802420343837472,-0.9092722503979614,-0.1085904121511409,-0.8566211784053512,-0.1943574953992341,-1.7047054698479385
0.3472794643029906,0.6166287094051884,0.8561352272554835,-1.3113052806598169,-1.246749839732885,-0.5405712479038179,-1.7236625005610278,-0.7435012354913769,1.0232790696180405,-1.810749613319164,-0.7358514182899943,1.2621007300430729,0.4755497706091671,-0.2967629322748992,-1.9584064828577,0.8604179751176503,-1.1199507389264092,0.7608700147018979,0.6333558528167431,1.3934674984809623,0.1898131360182339
-0.4114632644831302,0.912942957482407,-0.5244950124082465,-1.7223312872365,0.9004182016759423,1.1596488914584318,1.1688265498088328,0.8155198687462689,-1.5081399123291304,0.5804263152249386,-0.8571883807750905,0.7749113394912264,-1.0536204287418356,-1.341606438616195,0.9545918809580042,-0.8998430236647281,1.5098682978248923,0.1720667299960163,0.308077113760571,0.5390803955563498,-0.577330794912544
0.2797748975427163,-1.6538227980994096,-0.2651168892256841,0.7113459477649426,-1.1387679857481443,1.4890836748191685,-0.8435874367575162,1.113225798916697,0.6088142908489385,0.6361586098165639,0.299711484135497,-0.3955376005057932,0.8131782465992198,-0.3483451842466273,0.1713834361563362,0.9379269259272148,-0.9790872822039138,0.045645632814988,0.99824768184208,-0.709526896035253,0.2961687018966051
0.1108848992420695,0.1697590416460266,-0.6883774989431928,1.0730062502362478,0.0727667914883788,1.5367440953767657,0.2194792165068271,0.4090740415761245,-1.8878327682122975,0.9701550238072212,-1.1596214825162523,0.4981865972924721,1.2812687455240743,0.8931632812970985,0.3709537675735635,-0.2962409328174927,-0.0267824245302811,-1.4531199723884418,0.7531833293890502,1.2075611583570354,0.6370310276948388
-1.5915592222712671,-0.8575824031095269,0.5700448931610693,0.3883667849529112,0.732707830816184,0.1218903195746507,-0.4977135719964045,0.46823411715494,0.2312657286462127,-1.402529899102685,1.4163050566045825,-1.2636902878054217,-1.82660994313614,0.964744505456199,0.7446753066203442,1.080411582094202,1.3677262183889742,-1.263877121204782,-1.332797275187394,-0.4929289830323718,-0.0185484450737581
0.6236373134468536,0.3939986197010144,0.7211249682155939,1.186151698393988,-1.2914911566753189,0.2306789619068296,1.447596130980633,-0.2855472210980375,0.0009817800391421,-0.7707656924129456,1.2902586394560651,-1.8126718185720172,1.230038873771485,0.4050078020141489,-0.2871002704721258,0.6040537316638476,-0.5219004189796984,-1.7104350408026268,0.2428798399510701,0.3703377999133016,-0.6202141868888749
0.9451901358056306,1.363061903741614,-0.4298075798325371,-0.9131495486365327,0.1965225792953535,-1.013755091351456,-1.2949046091184488,0.7808630863459276,-1.135679036173242,-1.058045559795128,-1.4690166365242665,-0.6135759892603857,-0.1822921912767038,1.120419648748714,-0.4914346378422343,-1.3182355296480843,-1.4370767618223996,0.0646745038044391,0.3529548279608548,-1.3530520188951043,-0.9068142098970342
-0.6535665071429615,0.1202616787525317,-1.6472693697684593,0.9560151441507938,-0.1817510319478139,1.2015300947079794,0.2986151790685584,-0.5051290052429175,0.0686818688668007,-0.8617700749202558,-0.389867379886516,1.1393192193907675,1.25674265090911,0.7493866719735661,-0.6383412104248617,-1.8765501489051597,-1.289828506482636,-0.0346401873080129,1.2834207603632777,-0.6959519753060853,-0.6042885509846202
-0.6046500868852437,1.153303764335274,1.3064494910621185,-1.0771953956211444,1.0699326528832944,0.4139317265667209,1.0382356988500012,-0.6399279525226499,-0.5094843509397406,1.0022833312564607,1.0560468039894395,1.5576765179080256,0.8259784294286129,1.1646513064677704,1.285403086951554,-0.1186532980357307,1.3581031587649364,0.0585238857062357,-1.005598851150396,0.5068456532518837,1.6724511995974822
-0.420999469553431,0.3111247309872723,-0.3585891548975115,-1.2548821603542717,-0.4141059151360581,-1.061346859714955,0.9059970676920404,-0.469862838332117,-0.4485434130832814,1.3646313087573518,-1.987534272979078,-0.1954701353300717,1.069997777204172,0.2020001263322747,1.108901773845916,-0.7617032485965379,0.473906427318631,-1.1802624128868906,0.8412646656034759,-1.12002499180156,0.9049213851226576
-2.112306327517844,-0.1420883905358194,-0.7999190941377108,0.2825586064274921,0.3658585595711903,1.0170803922680294,1.4992309528993029,-0.2057540100478939,1.0901845732686744,-0.8374525844448326,0.0534185582613189,1.0021732323355454,0.2262965308104088,1.2968770049046392,-1.1315857277429553,-1.748955404555445,0.1014829811963651,-0.7762064896213307,0.3680297459864816,-0.3539653574975319,0.0869763696338978
1.2331043368027512,0.6492589801359304,0.5447672900635185,0.5832973640239534,-1.1374508957267626,-1.7507425610323906,-1.5433062287200092,0.1609909608112059,1.5302218989581902,-1.7810396214142523,-1.562441463448753,0.3128981543052142,-1.2378828929379952,0.8795583282851364,-0.2750649358035444,-0.1050679963498753,1.029933876536389,-1.2798183451729728,1.5201356105749175,0.4713926517923574,0.2859386031735331
1.4697594679851749,0.5947685078070444,0.4528863426915803,-1.4195646068571968,1.100585966280905,0.7037088883267617,-0.9680296741649274,-0.3488509613496444,-0.0373705868591142,0.0639097255788689,1.2058963756855887,0.4890189747200253,-1.023812950899386,0.2451890430614601,1.47184143795353,-1.2427253831776397,0.3530851450660728,0.1440962025854467,-0.5453276934799873,0.0391457122582423,-0.1832374467646649
-1.7922103528934572,0.7192020912684376,1.3856061161717546,1.206214752373468,-0.134836503210172,0.47343992823898,-0.324136361069291,0.6373293137503555,0.6777457733908859,1.41654916656461,0.1669428201400204,0.0434918489787316,-1.321797114523496,0.0503166414212293,-1.977356503161391,-1.78936303025183,0.841065889727279,-0.6546013121343003,-1.2841240321250067,-1.1063281450491478,1.8526278353681576
0.1200326086005571,0.7929431526191777,0.4835979417532703,1.0193743466908864,-1.963836214099752,-0.1189948160925694,-1.4696907041974911,-0.1032322844075032,1.3151542718933422,1.3623791866753554,-0.5438932641271984,1.6098376346678815,1.3288251127973774,1.1845046542395758,-0.4392667342168603,-1.0626239885794522,-0.0106236680271514,-0.74729703130276,1.4738447446625826,0.9771441703041456,1.4276906796381348
-1.8505433023315043,0.8896491694936342,1.1153998376251355,1.030448706517298,-1.7325855902615432,-1.641845595910276,1.458365020211982,0.7558912755630072,1.400362145107037,1.1951243345130944,0.2449623975584627,-0.9197034574151176,1.2105507712000647,0.1182043085766907,-0.0304085285904167,0.3802125863559326,-0.5191029139534274,0.8572602921288202,1.0786742137701768,-0.8494151009956634,1.476600940146547
0.194353280216022,1.5339919571791696,0.8633425935592504,1.003210420920349,-0.0159855153464385,-0.1887352637685382,-0.5344635401244772,0.9091679509367052,0.8696961325729365,0.3224126411058469,1.2084691931401803,0.5360853364772712,-0.1086567011976009,0.3497578475927857,-1.9253445539945568,0.3363978899255712,0.9051399750938892,-0.5625739840734719,-0.5459407396988548,-0.3434903271404144,0.6287928066742711
1.133940413377674,1.3734389429698357,-1.5199558043514965,-0.8610727350118903,0.1990888972359435,1.1424918310797323,0.739485841662642,-0.6559385115890723,-0.0680688561089306,-1.136143251984146,-0.412392130669861,-0.8605473878955027,-0.3870131606880982,-0.3297521926202596,0.4099609762607427,0.5766970846432476,-0.1462552896063611,-1.4261194064967952,-1.429345930000247,0.1496949345702241,-1.5009878993027346
0.8571552669958857,-1.684177534913415,0.5882178020152534,1.108966927946062,1.0952342599626124,-1.91024657523149,0.5412329793982777,-0.6836734863505779,0.3788938907584082,1.3905127073222854,0.7837621255310464,-1.0540124288291437,-0.141508267894509,0.3297908508075708,1.218169846793374,0.9635345969555028,-1.8864963141561908,1.4047414476130964,1.5294484946078502,-0.589025952934651,1.7201692062133516
-0.4492628861691666,-0.808528791798395,0.9631585055316312,-0.6053040264316462,-1.360124602182126,0.3311607903681975,-0.6933518760361186,0.8255292347712666,-1.9210998708125389,0.7279584336800766,-0.1762936134958744,-1.732030743013519,1.181610307942207,0.4731077932463831,1.318699217199541,0.9093142800417322,1.25354144581845,0.8990330944178612,-1.306675767338518,-1.0247126165871547,1.260812705967256
-1.8179828104113671,0.7938532229512912,0.1280190018631477,0.0121034736337304,1.5305187996553276,0.0340037114852876,-0.8115024497070749,0.3061685202181941,0.9010999203409756,-0.5902800236769091,1.0297646838368106,1.102514523774787,0.2655266608624594,0.9486348998162688,1.3098188185274513,0.4559478017982039,-0.7119109548487839,0.8262793895785124,0.7394900403669861,-0.3187473394081557,1.145764242607133
-1.1099614845856387,0.2526349037816097,-0.1616000259496001,1.4721416457389735,0.7410183463870841,1.3832869830497534,0.5846577224672657,-1.20478993068524,-1.2926903163545889,0.6161225357688437,-0.000249550559844,-1.633085068786117,-0.3426238539295287,-1.7748882787151807,-1.502793051376546,-0.601112239738108,0.7892256283564172,0.4006925457891306,0.9912819198753569,0.1736952130327129,-1.1028795843278858
-0.5366786476182862,0.0547385184724974,1.0544193408271243,1.0316834522641385,-0.1333275125669278,0.940821971360554,1.0773419951317147,-0.1229376549226049,0.7617877330031633,-1.8921162149660835,-2.042559399464294,-0.6172684141506422,-0.2308601407440578,-0.9588354300554556,-1.2007205597202049,0.2041055969031906,-1.23376996382259,0.212092224349969,-0.9098566968971654,0.7969135470108559,-0.4239278496968255
-1.3346523022007222,0.3558865182698535,0.937666517113522,0.1865918019063767,-0.3835188178805406,-0.4697858995840285,0.1058638826272879,-1.2066763784556735,-0.3822756333821008,0.6083984907224921,-0.7017773348100605,0.7734345627423946,0.5430717474207694,-1.862430590647594,-1.9678955286829256,-0.0374584520005525,-1.242765305754879,0.2550063118877399,1.1180148746858294,0.540149393117774,-0.0049025860102172
1.035166923272996,1.5170172989394826,-0.4196464649505693,0.1552339019393944,-0.464891049934722,-0.1440442873743601,-1.3052517442753078,-0.5795238357145709,1.178551953806641,-0.2258526355849291,-1.9312658533543503,1.4692216141472791,0.3852110092244463,-2.016295873877406,-1.7491231530228877,0.4288604216239927,-0.4148172296401108,-1.5732710567598147,0.0731674059409443,0.7774966663417407,-1.2992964769497797
-0.6918125321333047,-0.9628946682378609,-1.2238089380634551,-1.520359587517832,1.4712527502282544,-2.0745459119433214,-1.2388498192303004,-1.069802825501868,-0.038216109841783,-2.042194943280932,1.321722404246947,0.5937600538037295,-1.2874500374048858,1.3034899076088151,0.0517711314012831,0.3408603781167855,0.353754395607574,1.1338559587472066,1.2049041323354022,-0.145818562900454,-1.4749503223854932
0.9953374700700646,-1.3570254658974543,0.60366567630728,1.4818971818174995,0.0995875842419646,0.2199709094856254,-0.9819300541151528,-0.8025625924820554,0.7769965094853659,-2.082467889177451,-1.4046622740915653,0.8055194116480184,0.8556044837805962,-0.9475113655385038,-0.1713951170605363,-0.3408525363346416,1.1457534424188165,-1.738793293592515,-0.5994994649298135,-0.5732016990232114,-0.2146623635794158
-1.2461354446174364,-0.7042382412817993,1.2027702204771646,0.2953538434056353,1.200097021530407,-0.7977640030781437,0.3394426376821033,-1.167205083972514,0.9444909102114908,-0.8833025919529011,0.8234564057588607,-1.8332618125929068,-1.1674502962352158,-1.1269585509302034,-1.866799076651311,-0.1082993648074721,0.3377190285313789,1.3681520047282194,1.4939960220983044,0.4175538811925386,-0.2220336409327552
-0.7171791269033175,-1.305430799406949,0.5534056286524546,-1.8987865110222888,0.5463155569862463,1.313001892367002,-1.5302921125829003,-1.278659028645735,-0.6392471399117673,1.0134403673582455,0.9581990299701562,1.139983785489676,-2.1343854977065826,-1.8038349330457408,-0.6741596409808436,0.5065096735246298,-0.5825671604994145,0.4808525742277607,0.3866662553632235,-1.304084358999485,-0.6367550142949238
-1.3457918568996508,1.5344909214459037,-0.4188494706589069,-1.3315848777164252,0.3687916312013071,-0.6431620769577441,-0.5094999379892019,0.9183015162857986,0.4936604757156979,-1.55097649018547,-0.2840923519461418,-0.3609981441157229,0.4808616715518248,1.2982641691319716,0.5736392681277612,1.0447638603722698,0.0230835661284064,-0.8943523997058153,1.1344495204056193,-1.2230142108973223,-0.6016172046098659
-1.5245308776165885,-0.2122811155205897,-0.7824376414091274,1.4417298862940011,-0.3152535334393298,0.8885107837477393,-0.7365476158847101,0.5425834833913142,0.4606047292233455,0.4480972892317719,-1.0633295166333083,-1.6421506238365453,-0.1839632292480194,1.084624906729026,-0.035488904369072,-1.9754181436490676,0.9516331098722776,0.7098330309069962,-0.000428828942462,0.9681501151908716,-0.4514463918186776
-0.7662637329693937,0.1333147892899082,-0.5240817789475835,0.3681618499233494,0.2383573021610074,-0.7906574969525602,-0.1516850732412142,1.470131486114474,1.3167631516307916,1.3977484612615036,-0.3429303866218219,0.6181652921032657,-0.3685408355179351,-0.4289815552375894,1.4824866273701642,-1.188467836296602,-0.8758123582219731,-1.1781937572417642,1.2046487426017505,0.6229919711800366,0.2857812440385962
-1.2417916923095058,0.8389438847303325,-1.7643190564433215,-0.4176169130018953,1.2847198443714494,0.1534398434304369,1.29870842224918,0.993990712750932,0.9618729642164364,0.2753088849217203,-0.195202764490633,0.332227786669567,1.4150952637673442,-0.2339020878312133,-1.6764209394988616,-0.3310645997196039,-0.127009509902314,1.4485960999954235,-1.8202534804281496,0.770550646218816,-0.3721130392308367
-0.2235028318822891,-1.6029281407366145,1.0074139157654178,0.0303958138502034,1.039109069350587,-1.4735932881021625,0.4277764790048932,-0.1044734462044322,0.407722861369406,0.4408827382907718,-0.6946361499559215,1.4831970409812385,1.3034334948884394,-1.1336994725736982,-0.4549877202934207,1.1477182829148984,0.3768103575724232,1.1157742512714472,0.6604976760829715,1.571170820066992,0.6550071784816147
-0.8564392243215966,-1.270432705166619,1.388372503591961,0.6775695681415187,-0.6597826373901735,-0.7334920642545292,-1.0011336801009652,-1.6844172909814108,1.398167082295526,-0.8315837741791714,-0.016326695119156,1.0168595382505647,-1.7781848336075552,0.576033579129454,0.0411075354698011,0.44007356800082,-1.332368853248016,-1.704889543097207,-0.7295841500174435,1.486411585571382,0.486831029905224
1.1540115741941293,-1.6073898814095275,0.0291562928546717,0.0210516963813751,0.3496222657063412,-0.5933262035565938,-1.4661757567821527,0.2971450903579027,1.3582066074322223,1.4990947847787068,0.8104442806340929,-0.0352121003392926,1.349964838703228,1.1199612972237982,-1.07106512014293,-1.9477126991527056,-1.390981642336973,-0.0714344789834939,-0.8511594051489332,-0.3860655891747586,-0.8276290082479094
1.3704858547662522,-0.7570861665459013,0.0691028973504914,0.9202038852835208,-0.3721284646656745,0.5455756762997171,1.2334182227850774,1.2356705746620191,-0.4300867567991174,-1.7031827342756674,-1.6289878413048997,1.2775548501198606,0.0524335598544107,-0.7387683339101381,0.0736749328348716,0.7210193634402817,0.764942880608371,0.972773524301571,-1.848817051737076,0.2616112352158641,-0.0343289676806996
0.937277954313754,-1.7974974475763934,1.1216197525240523,0.4557545711963621,-1.2698718775798308,1.4917596477216737,-0.4420697968722111,-1.7852204856926832,-0.7284607549011297,1.3548967672162275,1.353400623760214,-1.8027321031937784,1.4545578175401406,-0.6500863864746281,-1.8759822383122384,0.0878770594797034,0.4376603351831119,-0.6595199117532207,0.093107910580521,1.4000699177304738,0.3078477869522613
-1.084755814292957,1.0522268700289443,-1.1026762054700314,0.6490973847750448,1.3763562201706767,-1.5009848119910671,1.2191941556160062,-1.3580076189353003,1.1967763609854598,-1.103867229382442,-1.7303978600677543,0.0425980674416141,1.4114389032960026,-0.2867421364420499,-2.02564240852739,-1.177879782690269,0.6874331982492731,-0.8665219850608118,-1.6230676634912342,1.4250103514293289,-0.884652595475473
0.7527488784776947,1.1040534807739435,0.6327560088212579,0.853977886312399,-1.1124693498928728,-1.113224316138404,0.1978140087879968,-1.1722524266283738,1.0668477462995525,-0.2189871808897537,-0.4864586902236633,1.0116763701834606,1.2499017276814035,-0.1314002293471957,0.5419686103996526,0.405431394742792,-0.597334751403906,0.7491007392818366,0.1634961999863331,0.9606094409992776,0.6727594285368822
0.9316221325331988,0.815844201066292,-1.3060473358571016,0.6264042099310503,-1.525459523568869,1.5061944026098413,-0.0126277027053411,-1.035482696418634,1.5340743066007154,0.9416171128459626,0.8185176231098437,1.3863827158520994,-1.5369015283229206,-0.3176519898449111,-0.1471171829157027,1.3982227916153274,-0.7265897590792829,-1.090156049336356,0.1107402334059753,-1.1342404864574274,-0.0695763848696387
0.3070985117034978,-0.5692249798965372,-1.5896850660437738,-0.9999864436664168,0.3377522393978908,0.6981508062081365,-1.147853473460271,-1.1291197636963088,-0.7783493981002813,-1.6750379608778476,0.6617405130366757,0.1104705603158003,1.4407593693808374,0.417420653686858,0.7678748035298867,-1.595791170916531,1.013238528325622,-0.4315935511479959,1.3408968139847113,-1.835849184200856,-1.1953952325995327
0.5896876824115047,-0.8134081397185172,-1.3371823972578891,1.536027926425905,1.121000264134996,0.6365115894793364,-0.613246872154037,-0.4153878315666588,-0.4927989150555107,0.2994646388255401,0.5269959660237323,0.1440843926958342,0.3607775155149161,0.2932116792748938,1.1947088523385885,-0.7664510795832989,1.516877682249573,-0.7695061186770595,0.5475876125016579,0.7206639070858866,-0.8571644740621723
0.8513568677781465,1.325361319129982,0.0442819742311032,-0.9356010971545444,1.3986612574659736,-0.6751730297756428,-0.2538660981519448,0.8681196922801229,0.0484031383712877,1.5329752711677522,-1.8679442406524915,-0.2489223809480691,-0.3956060019723647,-0.2638473754436798,-0.0798848127238744,-1.3577736355354082,0.0924534724123741,-1.1084321813664069,0.4436819927836119,-1.262228938195066,0.4450394609812958
0.9555801409114104,-1.172687852441436,1.1597050823501358,-0.1419855182249621,0.2652357702926698,0.1018614903669984,-0.8287815481586168,1.1173832235356096,1.2644901276768503,0.9465977995239292,-0.8192454963155448,-0.6387814046632051,0.690026001120899,-0.5842345178753799,-1.9430628964289631,1.463006667407737,-1.3176987556655009,0.2366614651692614,1.1125331882536955,-1.5838351680321945,0.4921897268713167
-1.747832596233985,0.4678896854194071,0.2258674357069635,0.3998895328000834,0.0997363844878199,-1.8013185970607604,-1.1327333449670764,1.3933973748358714,1.0203809896578824,-0.7863822633227268,-0.968333984317506,1.2395614539022333,1.423870251677063,0.6835872221095343,0.8264270202458487,1.2651753066788929,-0.1513503025715853,-0.5249445973471665,-0.923453138414688,-1.5744209242393894,0.2035624090189937
-0.6551644539561331,0.8547885827910043,-0.3100784538536353,0.718581623341398,-1.068261367157548,-1.6924594385195064,-0.0468232784888487,0.2262504098937756,1.4667508401107312,1.3590908282607492,1.015875627180152,-1.2865796122129154,-0.6654300162656763,-0.6906031935692107,-0.1437167453372456,-1.130608147574837,-0.3222828229278724,0.9345662037012524,-0.4590528237993483,-1.2433250678360117,-0.2071949155332227
-1.6597153349977434,-0.4698326884039641,-0.2309743216384743,0.7308070199259398,0.857565292112391,0.3070106825998089,-0.9935422573819812,0.5314979702764795,-1.0981774955210493,-0.1222128877033567,-1.782754130720835,-0.6026585395237125,-0.1636713149856024,-1.6125297425593876,-0.6659941610128564,-1.885196892975872,-0.3450134746593312,1.3943759526643382,0.457029742589341,1.1371778721493535,-1.71384153661263
-1.1129812675092698,0.2482167843564652,-2.064250243647974,0.6949886329168407,1.5487417844620504,-1.5213268257901704,0.3869408923554266,-0.2454654683494768,-1.312576046600204,-0.6727512823774374,0.0358130012648116,-0.7448830116446987,1.2808953213907008,-0.2609520812531322,0.8609058312062885,-0.0742761658584386,1.0299789833287634,0.8230732512287037,0.1056931361771009,1.227403553538893,-1.9681957275468005
0.4131334628321929,0.1086912626706966,0.7602504810474844,-2.0640751103227757,-0.4833480925201676,0.8933898776813651,-1.0420186073906117,-1.5358145538347456,-0.6140801036779653,1.475327563332292,0.7638101907529115,1.0335202206444272,0.526877241388064,0.1707889570946216,-0.8224825442854633,0.5644912010497103,-1.5516486206031057,-1.3261586079149603,0.3304946467981689,1.5679520326255083,1.1303205561164242
-0.159791005299741,0.4094033995501389,1.155477421575899,-1.980746608357579,0.0086226365054792,0.3625399197009017,-0.3710037091349086,-0.1534117055096179,-0.3568885629802719,-1.8771263079573104,1.1828037570898406,1.0442159300733234,-1.5427912993381818,0.315775419992835,0.6805929373520154,-0.0853788766988566,-0.4777446444346518,-1.1075422879072103,1.317004483621173,-0.9978376997847132,0.5334583431124524
1.423411163501684,-0.5406101570033526,-0.5910277463882856,-1.61724794130925,1.2453157696294903,-0.3001659180791415,0.2457021481881545,0.061241409755309,0.3041353550983766,1.3005533619390133,0.2523942744218212,-0.333068871918778,-1.6221068511054135,1.4055774201635582,-1.5847270600908512,0.9941777938155176,0.8879568142998517,0.7130908255420312,-1.873938370729834,-0.4206319542280339,-0.3063884319504544
1.2041297447851982,-2.09068536716326,-0.6935084910753447,-1.3251461029855738,1.3666138515614004,-0.4058385551179872,-0.9843735659610816,0.1123675586935696,1.5356408358167877,-1.646692926478293,-0.6129811537026959,-0.4344573353389692,1.0310728084981515,0.8074406768501999,0.0861782276069192,-1.5051748078456764,0.2338482732979962,1.4919412926595028,0.5979337004952684,-0.1534733568005209,-1.6691660834443078
1.442530552386826,-0.5424826356259891,-1.5958590596705535,-1.8957198365034065,0.8337314565327568,1.0097962806110687,0.712174323251302,-1.0534444880617169,-1.3166964950919764,0.4906338262302661,0.5639628769087371,-1.3996567178481452,1.4949693049960673,1.539022308052432,-0.7666516238116,0.6461108878666707,1.3754142544346075,1.3668435578930471,-1.3408999018728514,1.4923700730666194,-1.0939221391468592
0.1665543710151303,0.6519513872975704,0.3129712506029835,1.1545063417370838,-1.1608201168865817,-1.7964193631777656,0.191647409622763,0.658206822222242,-0.3920688269480407,0.2531052889647486,0.2816470392794766,-1.595403104365112,1.1719366822433293,0.8637702300755321,0.1702487749387998,0.9389185386378252,0.0764504361760202,-0.3854661248936917,0.4361784923283525,1.553999471921963,-0.0981134105391217
0.2298463160002573,-1.203531297419578,-0.3135367903400315,-1.8970132769024135,1.0402686747466603,1.0350872104900506,-1.3302113417431445,0.3849097226493149,-0.0037344194982602,1.2116666079307843,0.0370707784673776,1.0947391482723057,-0.7256335152808694,0.714509760179085,0.1575996849477571,-1.4761683775027254,-1.66211411808802,0.6623754766733728,0.1128267125161636,-0.2889932751502,0.8781854612855445
1.0300895233729104,0.0608633487024223,0.4745623588782602,-0.0932548923737276,-1.790168301515911,-1.0071972589079017,0.5291659870112895,1.2309720981309034,1.3997871934913535,-0.490991411800562,-1.15007539269803,-0.0908002260378967,1.1431621979528117,0.7722622250039929,0.6377966856880593,1.4415396134117986,0.0087049178661765,0.9323508564155728,0.8202734035222448,-1.6371627301374814,0.1911191056290276
1.243409606226378,-0.8638957062011327,1.375989196524337,-1.7747094726822406,-0.1932127914996111,0.5682526744845707,1.4643254674140145,1.2858617176255396,-0.402707673857328,0.570877614787793,-0.6475061985528164,-0.9471058323330428,0.5483144848110735,1.213320842292675,0.2412088405315393,-0.9040909494558856,-0.3639129581977332,-1.3399669406173629,-0.2005705731756006,1.5396244442129647,0.9924798805227198
1.5235883041323113,0.2661070506354162,1.101200899393985,-1.0475007716440603,-2.025998264727892,-1.2109100726949933,-0.5303951827388798,0.0336183230304314,1.290016835045832,0.5880003391706051,-0.4773827910538019,0.8202852907375002,-0.1461425905744023,0.2389596956526624,1.2240566242713538,-1.8633604307651384,-1.8153273241171748,0.735581227662134,0.033185690432602,-0.4559003400164301,0.8565800462848993
1.238445188885081,-0.9840111556013336,1.2762665464912817,0.349068291185151,0.2601605338152352,0.7224738728363298,-0.0189553578090058,0.6673053433945763,-0.5650198480959517,0.9518402768701004,-0.1967477941643695,-0.1901645091519901,1.1694320255423891,1.5276650365529811,0.1732683140875994,-1.0833580118532715,-1.9898289482438911,-0.2180088558072623,-0.2153753451283403,-1.884159276774435,0.3621113608467577
0.9835693604468696,1.0916736177299649,-0.0810604908703597,-0.5544734404225525,-0.803704982952602,-0.1973125022286321,-0.1440013814032114,-0.9594324353062994,-1.8742096860055883,0.5826471073914736,0.0956007222347135,-1.3423986314159135,-0.0379045799725474,-0.8989231095727128,1.490280201853869,-1.3012717756334322,1.002268458891042,-0.1822970493069111,-1.1080323357645507,0.34431806057954,0.0639628042735793
-1.181478770238295,-2.072147593449202,0.7812374408121667,-0.1199658583530909,1.1575478221746756,1.415400336377761,0.5871610159419476,1.3790330001191735,0.4774535403906322,1.3393433743202556,-0.2656684032917054,-0.5824042843991052,-1.1381925860863058,-1.7632971126722825,0.4450973119156208,1.0252889060559085,1.2342226791554425,1.1451765078851093,-1.3383003129599764,-0.0794738153160704,-0.2479495915397516
0.3146310217911366,0.1705221974471188,0.4568515976490269,-1.1049631978494745,1.3554926512790149,1.0298166269649718,1.2608720553712722,1.2345718247299395,1.3624661966965776,-0.0360463773368407,0.443817557873815,-1.612397739899362,-1.2667410189977977,0.3698902267996158,-0.6536547449039061,1.2176106680457144,-0.4158725540391028,-1.855194755631568,-0.8000775893403484,-1.3639087432194168,0.3104059634273974
0.5222316393524437,-1.260418840002476,-1.6935497828183474,1.4819644056840842,1.0617710325969134,-0.9808516254630034,1.3590512355572846,-0.386764576316368,0.9710512438274236,-0.2706329989947144,1.2007949078508795,0.7257140781430998,-0.9838499944880036,0.8087649509086636,0.7381550845438645,0.1631611177333418,1.2825361167333766,1.1098635641868484,-1.1860834472631507,-2.045794607976386,-0.1649848452226301
-0.8594023357659636,0.174430076164029,0.6091989205927297,-1.15708192271945,1.1622262971405912,-1.7549207367598296,0.9357485699133856,-0.8802852567042074,0.0471024693490953,1.0468935006046949,-0.946186871222751,0.567431490180042,0.5959852136241424,-1.3294832585761067,1.5602819011479372,-0.8987108755952371,-0.5997818601947084,1.0233197650786117,0.0273827686367317,-1.474221658100729,-0.2156851398179164
1.044184500393807,0.9823987217108195,-1.8407995140617104,-0.341202809151058,-0.6561324692822695,0.9111168757778448,-1.5317414273449657,-1.7758908485604172,0.3445001067660405,-0.0699861321605233,1.0969730951777008,-0.8451847191739238,1.412794920491911,0.7951859238304155,0.707222938082154,-0.0266180069842302,1.0310732457344578,-1.7550199292027622,0.7358084277903308,1.038304674992278,-0.3279771883259572
0.1865218035574934,-1.3681032077037902,-1.939218012812372,1.2382513377341495,-2.032391944613266,1.059206391524721,-1.7817977218737018,-1.758899169303016,0.5520348452496026,-1.315787006831698,1.2103692558164814,-1.6318058641010948,1.568227425914786,0.1512435093984728,1.25859269472725,-1.2836410461011067,0.5002074586042663,-0.0650214335644326,1.5036071594687377,1.1832675213175352,-1.044364685970349
0.6338485906787951,0.9387636256540908,-0.4167838951534837,0.3327276345563548,1.474194489609929,1.2405751260226006,1.415233437836912,1.362440460239209,-1.434469590684911,-1.1720813714464835,0.3765940669743396,-0.0243459128136382,0.8823431416795341,-0.0510440385698616,-1.3191739474391366,-1.470316088474955,1.0521694926334084,1.477116301578907,-1.7487242533594218,-1.3515789648434913,0.0004838834182901
0.7688530388202789,-0.5829408077350827,-0.7576362096091737,0.982630398349326,-1.1883826654448029,-0.6251513903187833,1.4259900213600234,-1.3817904812809405,1.3095229711013017,0.9284809142056116,1.2944584898236515,0.7848731959347481,-0.2998119019874784,-0.6356779921332923,-0.9247406781369992,1.3281327792048354,-0.962883385492803,1.003640746794919,1.5417082632003158,1.558319326963495,0.7950199278676111
-0.707401951895778,1.0868451085360096,-1.648742323404783,0.7778869260951851,0.5142260107434838,-0.7390065916577304,-2.0766742707958348,-0.2663941127674485,0.6537960200272589,0.6142022415189272,0.1354372238713724,1.1707116959777366,0.4159535813804493,-0.2631352763395608,-0.1993723422113609,-1.323490190777619,0.6238888108577356,-0.5843907930671784,1.332770007668704,-1.8754339031122929,0.4397334074942443
0.8740976043202789,-0.0992051349928589,-1.946082612679762,1.354857398922667,-0.1984246501341533,0.7321148528561563,-1.8393685517115097,-0.547040399501543,0.4528956255177565,-1.2791692213932402,-1.1873015367736537,-0.0522667256840228,1.2229758038854068,0.5060635023722619,1.304125543077136,0.7487347575433977,0.3880128321815209,-0.2017374123121595,1.4485496872821535,0.1375005215776594,-0.8795693037434827
0.0436178774063753,0.4639834673903468,0.900683839617318,-0.864543937745096,1.459056509451092,-1.533100608698058,-0.3661851296700498,-0.8968171430614975,1.5537719483061398,-0.4811430614410484,1.4204072769199672,-1.1915217061520649,0.0629926095364676,1.3531560764673447,-0.7888149350203415,-0.3048448901358797,0.3653879376895499,-0.3048036270338385,-0.9369541336490226,-1.3202324839783426,0.6983296916100094
-0.3505387224479185,0.2960104822233447,-0.3484843024429139,1.0870235235031536,0.888605162808738,0.9956020899598412,0.97714207285569,0.27758786134628,-0.4750096374144961,-0.9890425055820324,-1.355312736331446,-0.271921025537144,0.5666813723046453,-0.7932064396929579,-1.466682479351631,1.0696593122931046,0.9351810619892864,-1.432228401152973,-0.0788941561805357,0.973416636420154,-1.4285249509478122
-0.531632205209691,1.0368732389015305,-1.3470578977600876,1.2547689624159648,1.165262450655049,1.4657242765680534,-1.1125532923945367,-0.6765621437149308,0.0251972007028139,-1.0164657174202705,0.0248117699862768,-0.7390033053534983,0.8123243780234702,-0.8261113344446236,1.10900278811054,0.5473852672070213,-1.5292769129034742,1.1532063082636097,1.2730368313764238,1.091596061515251,-1.4292035051195209
-0.5221689643330982,0.8738206588144825,1.1065603092596012,0.7125717735818645,1.1907550365656423,1.1083677563427103,-0.3489079411352995,-0.6965205044167292,0.43818062237257,0.2644439358290963,-0.6062879419140755,-1.686513934772124,-0.3200387430999536,0.5487276454127672,0.4396939325076836,-1.0621144549362225,-0.2272481826978628,1.199445894375606,1.161749153146579,-1.982250542367296,0.89585834803742
-1.003600683440108,0.545702831972632,1.2841612758479204,-1.161017075054704,1.3177488818419762,0.5732876376099298,0.6708978283090324,-1.0021016859507432,-0.3194090409939626,-0.6881889660847154,-1.4301093411996753,-1.5863844780037022,-0.3080827103219276,1.293645885676174,-0.7697737027501937,1.1089701185074865,0.7581513767472108,-0.2518800868019747,0.6103517900168505,0.2385368183951343,0.5558719354301872
-1.4023367738642332,0.8269487013635938,-2.09480293565572,0.3453786338968593,-0.7824973153000511,0.8096702417920253,-0.4891231574499661,-0.0811834272801716,0.8424092149898496,-0.2516894372822826,-0.7711774650573896,1.064899035749324,-0.3939378655405831,-1.1536410200732223,-0.7868868000424629,1.3422028594926831,1.3712618744600091,-1.2728287354610537,0.534795524495917,-1.3118204729271346,-1.5137251698965222
-0.2155463204122819,-1.409357445892499,-0.816505929016015,0.755166289535706,1.0549888162268692,1.2031583454265982,0.6942673205942389,-0.0897223842122408,0.94656475105163,0.8025396917675142,1.449681036180005,-0.7698019048432393,1.1243639433692951,1.497096882768483,1.251153547643011,0.9340394889033526,0.1810040777354341,-0.7931135264198577,-0.2707449079091173,1.2894486529625897,-0.7081456120512026
0.6187480580305725,-0.8814669539779368,0.2775763598037803,1.548333706418255,0.1075969849981545,0.8530575633741605,-1.165172871233234,0.2676160887367436,0.1810833252468606,-0.0065911699194006,0.6280948554960172,1.5627083642504036,-0.903099091960956,1.4709681690972014,0.3093393378859528,-0.0332117121406342,0.9623845642373544,-2.0743666359901485,0.6588147963760445,0.9708202221003942,1.2239190043197865
0.880269026145278,-0.724393687098485,1.3620509208465663,-0.4678230251069185,-2.1292063445379017,0.5836915508812041,0.8663947639845792,1.54560946058596,-1.242274057093813,0.3682477007321024,1.403383028919054,-1.7877272158913642,0.1401168474783096,-1.7128985865956237,0.6694954954795106,-0.8152406155514795,0.5396309403568096,-2.020936778589225,-1.684565606305423,-1.1846276385186252,0.1363527842920567
-0.4751310642461872,-0.075878851918789,0.2715414631464781,1.3816021901217128,-1.7907437583508987,-0.9592716970958608,-0.3344393123254913,-0.3663122934971681,0.0446392293172816,-0.9505760159807548,-0.6934506410218017,-1.649715243904846,-0.0248574466503283,0.0422359820601838,1.364749465401088,1.1092938252688502,1.0853405741529778,1.353677674731696,-1.89461622482642,-0.9961321951881776,-0.50747497002469
0.2927639729889088,0.4010004472729829,-1.0561294339207208,-1.3342886561044287,1.42257761261867,1.4619882914164923,-2.1379196453067717,0.0174189353085012,1.5477236019325775,-0.1676296443934432,-0.5657005260855091,0.6128454122441409,-0.9912396011739052,0.2852915411323761,1.5043381290296427,-0.6902676477030062,0.1301663519853871,1.4979270680104908,-1.0579124321667055,0.2603782809709425,0.156336307027057
-0.3164285664552686,-0.9154753888283442,1.1179381346241264,1.3634656459502554,1.211484763732098,0.8298359455192134,1.262840340596479,1.479603825321303,-0.7264285985064981,-2.1636273765238747,0.2216344395765919,-0.6676586279585168,-0.0440876906596703,0.2266384606860091,-0.8167804395670201,0.6658451494137544,-1.8158808171912104,1.4999109016998655,1.4932790122340585,0.6557499483013158,-0.1727202526472403
1.489364935554008,0.1003603255340964,1.1509525652495114,0.0627385144886821,-1.6464887277457467,1.0890053039993544,-0.9897113050062448,-0.1150996851192046,0.2555161904456982,0.2957154143790096,-0.2906382230294415,1.007979207493627,1.4163062668968402,0.0696257561308232,0.7540110353166573,-1.0314401884965565,-0.0251568278974817,0.9669531420496414,0.7716861785892695,1.0407498037045173,1.5803157390616842
0.716757842872085,-0.7937234070695783,1.4492307110781826,-1.999946170187107,0.1451933804642793,0.2404327091551833,0.5504764456665624,-0.580929048085984,1.1946840516733193,0.2367503410886474,-0.8429346738921051,-0.5545381159328877,0.1561199027264686,0.1479064587072816,1.227856582258197,0.5300978700789724,0.8374446772989671,-0.2951820993222531,-0.2796460734767943,0.1905464682291654,1.5245995009359807
0.2214948218820496,1.0354690374073472,0.2110962465782857,0.5048599642996069,-1.1882337200647706,-0.2545170755168918,0.4848878731542022,0.460722602837464,-0.0940729403020913,1.5458712497646905,-0.3632691115110699,1.317356940664021,-0.7532831283708321,-1.5411821949465003,-0.2300954089319885,0.170314792032762,-1.7189632458768154,0.0209678739104936,-1.735281611401455,0.1755021284753354,0.2240413528036211
1.1320495775287682,0.8078418797639985,1.0110425756374584,-1.4574755882614845,1.4677257171501472,-1.2032271124056857,-0.0829238211173719,-0.1954610271581927,-0.9759516136624428,1.3105620402637372,0.3733694339569565,0.5608796167621295,1.4246246183179767,-0.7061153222500359,-1.125582815391664,0.9201948839780262,-1.6913712075985134,0.6559830289549309,-0.3766883079277994,-0.6493725057332876,0.7700952359170695
-0.4337662405579351,-1.530126301891782,1.1271320349625042,0.7907718138650078,-1.4451689621666033,0.3449239286357857,-1.451166353086222,0.8452221947223378,0.0135169806689721,0.5820155413519996,1.259168024868665,0.0598684325355809,-0.0273416025563764,0.9478370000987236,-0.9097363356945108,1.0098120234576746,-0.7152228337568098,-0.5781035935405614,-1.632121410488967,-0.7436799163773843,2.000022515883453
0.9284743968740226,-0.3384748678510463,-0.4190700186413385,-1.9111057922953616,-1.52861792143262,-1.518405373301474,-0.6538141419746462,-1.427355221549358,1.2379652765060989,0.0689265222569397,-1.682186373202135,0.8035664263659501,0.2558141256402444,0.595354106265346,-0.8793364546955724,-0.1664344214361806,-0.2746054884684164,0.4072504112763369,-0.962651752658116,1.331442377875093,0.8201477274866882
0.7042610892771481,-0.0474983936069882,-0.578895739248474,0.6433972726200772,0.995426202247082,0.7856215714826665,1.2093201168227503,0.9894270127105492,1.4348602819533445,-1.1708404848444032,-1.7670063943256853,0.1196279855194041,1.2884491409242311,0.11705874821162,-0.0106150133083986,0.6501792265337657,-0.8735876510616751,-0.5173759628929678,0.9595971964486784,0.9958732968215852,-0.7120958450317537
-1.0384607436820998,-0.0245591694908995,0.6439981191797741,-1.246750093983482,0.6066366598387749,1.543857157993232,0.3561641479808033,-7.702674319882632e-05,0.7352205805132779,0.1497697363715582,-0.7236830904218851,-0.775054798727749,-0.995798779387916,0.3707588842971698,1.584932062649678,-0.1749124345754438,0.4681494724866977,1.019754651952831,-0.2126056424897491,-1.5628107932139388,0.1636381709469315
-0.7092088435755691,-1.9541638060733848,1.273123666362024,-1.379281269764311,-0.3116147163434505,1.335327541988791,0.6053678154043741,-1.345069127735281,1.3427674531882543,0.3812707797635551,0.5538454897724026,-0.056014925792305,0.727655004039726,-0.7877549653834836,-1.373374879320635,-1.0365423424101348,-0.155364157233122,1.2787313528394495,0.1301842716653217,-1.7321811604475434,0.3343314999109957
0.2663655355613472,-0.7732785206193565,-0.1067471817554922,-0.9211951830938232,-0.3370362327453333,-1.606148896319275,0.2489450273020572,-0.1018033224796865,0.7691704289330898,0.7947216076771937,0.7927152438709375,-0.6043122905093133,1.114093676208061,0.0800483761476169,1.010182247072971,0.4459030768044359,0.5538343219776336,0.8701538190684716,-0.0212274737971879,0.2965922003801944,0.1744213001563566
-1.6653978467357402,-0.0908328088848843,0.4875960273099088,1.4348908457790428,-1.2591385368586765,0.285118551732667,-0.0378219891254922,-0.3538975556907304,0.2303472275754011,0.8243493286830381,1.119525440333082,-1.7866629031580123,0.7597786072630555,1.3726888540935145,-1.6886590985398675,-1.4981636704238053,1.458353343179596,0.4136019769608288,1.2405658538355375,1.2045950608418656,-0.1907794955119697
-0.0130564137259785,-1.1299675516409826,-0.363706257505,-1.8430187853650228,0.7155082404652479,1.413397767448879,-0.964493794148578,0.6349410787161476,-0.1997696981673588,1.3279194978019009,-1.4999235658862424,0.3040732995142531,-1.0356973228513633,-0.4208798638931927,-1.1429672489352587,1.4977806228331902,0.9350551615601294,0.1782860272444764,-0.7401916567723466,0.3289318307478766,0.5961214091888186
-1.9397286276624468,1.147126059237089,-0.0508182346334014,-1.066903416187427,0.5021741813878599,-1.0682516417169,0.4187287039123035,-0.3881225358912508,1.4417255189911544,0.9929946246304788,-1.2825905724564348,-1.3769930637020502,-0.7653332510498949,0.257953517733574,0.781123052183425,-0.6418636406233924,1.102601944037097,-0.628545952175709,0.2287453974700096,-0.5983764952114015,0.0679376957506903
0.0687255920366318,0.0166676640071791,-1.6013862253732185,0.8593659446120686,1.4768817552617317,-0.64374751262814,-1.505450851343951,0.1317810710318275,1.300164300863255,-1.0531101444394917,0.6038649055549443,1.5973256944465506,-0.2545157984471886,-1.197877612592974,0.5810421126322564,-0.934340152879026,0.0155710447805753,-1.3032267977829284,1.247915372129467,0.309276059747373,-0.7814671658825028
-0.1051981688161528,-0.8403694160025059,-1.572154438044777,1.338089180606581,0.6261208865362292,1.4498155097172751,-1.8326095462050125,-0.2015170146511604,0.2938937482064688,0.8806892638327021,1.441493219538367,0.8664166833363801,0.5624429772773019,-0.8344032646641247,0.7303255696374249,-1.092145486628038,0.101601549958983,-0.5146339418162073,0.2325809128285103,0.1161856059236307,-1.2222242302513129
-0.0963732584383616,-1.8968714910045077,1.4321613159833728,1.50926581084942,0.2902834968652361,0.0849647361805125,-1.0384967230558289,-0.2129059841370728,-0.6042910125238689,0.2279136051475447,0.4542798888983017,0.3131388545946339,-0.1857105423311237,-0.3499749615202048,-0.4339039690736068,1.5301305027873453,0.4245768479994342,0.294939943088699,0.796496705188061,0.3828331135113116,0.7292175524243157
-0.9287250513567936,0.6051652299465722,0.9175659572019514,-1.300067693389329,0.5486516551578935,0.9530451313030284,1.187065720641591,-2.124675590096419,1.2839756020611115,1.469316674111434,0.2119177531539635,-0.6328931187083515,0.6376966408756707,-1.3941001210315425,-0.0345440058860422,0.9642345246481876,-0.0347024519046127,0.6807830225532155,0.6268594646921808,1.2160808184082192,-0.2099100755042895
-1.747367739344576,-1.7443339392776858,0.5439707048383541,-0.9907827454497908,-0.7985474505767052,0.336310925139908,-0.7156542076434641,-1.7197887422366742,-0.0614848234481774,-0.1951313873778042,0.0016597426383737,-1.028491795689495,0.2084031749520474,-0.1345185303231706,-0.4345629254705475,0.2865567347359845,0.5659837137030501,0.6574846807736352,-1.5164478332066862,1.374433815390947,0.350918424248021
-0.9513891935761232,1.0364942804870978,-1.7366438316105657,0.8105271165983446,1.1189948849095013,0.0185062465697079,0.6178418786089167,0.0062166876536125,0.2535986097701614,0.5338259214362532,0.8620486708592425,-0.2501886836452734,-1.1663508730737742,-1.5940963638840464,0.484329702549734,-0.8978736088418738,0.2066771470216506,0.1172825457263474,-0.1966125794478806,0.8712539423804205,-1.8289611601918192
0.816092695187368,0.3273116306784376,-1.0449090476030949,0.89530590918113,0.6475034587388654,-1.7890515374376483,0.2541501382639393,1.5452111985422492,-1.8046084164411769,0.2396429671152233,1.4171255866797312,0.7837792916155389,0.1486514881288153,1.199079180833558,-0.7013611506555846,0.9049573053995592,1.530413643267778,-0.2259798920055868,-1.0341088673967085,0.6631649098457751,0.942859612761265
0.725929311139787,-0.5384319697512874,-0.0497768110713166,0.4626986257416199,-0.08569624332401,0.8530591795696888,0.955214443835582,0.2421387086128463,-1.0462887308727504,1.106686143297405,0.4782900757295759,-0.31358369763035,0.3088171270725069,0.9932435947798084,-1.2899229159458585,-1.6178536156228351,0.2598435926589698,0.7902849252574844,-0.7073567213351989,1.116035000321158,-0.0094535939257054
-0.9372402732514858,-0.7061557070374668,0.1667453506593377,0.3621457866352131,-0.4827420113484478,0.9645938329187104,0.2677149351817859,-0.4793425893746836,0.7917800598924887,-0.1840623447880012,-0.381790568379739,1.4553579591982762,0.4612618864927663,-0.7288585920199059,1.6009032019309708,1.4768102297848362,-0.2156313933211521,1.37862479237628,-1.725348718138263,1.006719954531582,0.5725201704441141
-0.3489753671782388,0.1003022420350545,0.9166279250549064,0.7765045565195061,0.1386931160450425,-0.700374661488028,-0.8831784887245614,-0.9377714312425476,-1.690556509127688,-1.018615211930059,0.6202160329967692,1.216707107309832,-0.4404676084408922,-1.3227383544225986,0.6971867394031741,0.0044553313617703,-0.0390825213226441,1.154728503757146,-0.8244225803072562,0.8089063568948941,0.0471778668590821
-0.3097840362485787,0.9628092414247872,-1.6527195781969504,0.3929055015606055,0.8633688372804662,-0.8280825886197186,0.2726439781607881,-1.0488045808552011,-0.6981675531864836,0.9875174239595188,-0.4347515901269067,-1.6512551623727652,-0.930949572233159,1.019973081373056,-0.8177168881499185,-0.7115314324783821,1.1997871992868052,-1.0775579755618687,-0.1464513600313446,0.0664585425835584,-0.6684990893057426
0.8095187881999972,1.0504294975362327,-0.1793352893431488,1.090788831145717,1.1642110594720645,1.2453229894123885,-0.390022315168941,1.3358690865288785,-0.3891095656592174,0.9677364305317384,0.1550919770052217,-1.766972976604693,-1.0961929623717763,-1.7557893345355688,1.349840996135787,0.8644295135026672,0.094557740140599,0.1583277719821511,0.0142449579882856,0.566069373381513,-1.5784632619344463
-1.642989294924203,-0.2755253229631891,-0.2154177584321028,-0.7476652842444469,-1.1893550872450978,1.3325618236986063,-1.5381299701344415,1.557159769266752,0.9693410596778744,-0.9386573814180776,0.0781900125617394,1.5600165387388694,0.8365286437192017,0.7225845871953592,0.0061937617638731,-0.8221744046574533,-0.4548355488999719,-0.9365405767269964,1.3529153836629786,1.0454270920905844,0.6653693336784133
0.4472745462280973,0.6799345815926674,1.4536074796787737,-0.8503536211538115,-0.3684571296239221,0.2055452439106867,-0.5459907527631981,0.974122274848159,-0.951794993431196,-0.7853840140434782,0.592848350440232,1.5279186641067135,-0.6455049028580753,0.3237693384719097,-1.6803482249759292,1.433531932364363,-1.4107412657158402,0.3310357703920679,-1.1003442592446526,0.0422920639366813,0.881689352398281
1.5064959107641425,-0.8107269156614658,-1.4380581022269934,0.8864738983274179,1.4738428409230575,1.10216787907314,-0.3725381364835205,-0.386296704770601,-0.8533686858067207,-1.3563322186866045,1.3949563847010376,1.4134203207268647,-0.0824760121830915,-1.8912736286172953,-0.1452664762210677,0.6035555729170382,1.4398377686617738,-0.888287678902352,1.4827673089182911,-1.1840985901875771,-1.049285970711395
1.3444229809562402,-1.4307397000346505,-1.2968928836421465,-0.8599423540014318,-0.7453870447230981,-0.2668041393463528,1.2566434830954425,-1.840372268090554,0.6472794908377825,-0.4235925825959168,1.1386654831751557,1.02922735444695,-1.4184993447177507,1.4334743728030146,-0.8588573762870867,0.2785219372234614,-1.5162090103611312,0.2736184814426102,0.477644297480406,-1.1450839082226396,-0.2170920073612252
0.2186519836327444,0.932723576281042,0.8905616997537484,1.3528351402400582,-1.1826004046816188,1.0109583010482075,-0.3836723035582975,1.3303999789108365,0.9064209862152686,0.6243997046104445,-0.4986937103671264,0.5538124700154786,1.505362696585962,1.202305654511488,0.6997050449949055,-0.4400388042438464,0.8168034357331181,0.4922870632847581,0.7456749403376509,0.5715031451579652,1.607898891871272
1.4268769601278026,-0.5962838414810515,-0.1611913602250177,0.7242572578669357,1.258665628071511,1.1050320707451995,0.6580337643887304,1.4995285485349883,-0.6695879383555802,-0.0960338391703708,-0.3251429602854947,1.0966064768074135,-1.240632535953892,-1.625627191145071,1.430131207416335,0.2335805389905656,-0.8780586410951464,0.5855530884116104,-0.0147562703107905,1.2389062996068712,-0.9421058106492598
-0.0775678552286724,-1.2727170517256154,-2.0987120267944346,-0.3973050539447347,0.1213694471579658,-0.7896278672891439,0.450794907084483,-1.7215359365859155,-1.6322837649929955,-0.268342161460644,1.1796194263092987,-0.8405689187186055,-1.3810741885622386,-1.4293891596487482,-0.0551700828930021,0.8712932934168373,0.5594462353239705,1.2224415580713888,-0.3023935995549672,0.1347090048495251,-2.208154896894413
-1.4849179657329876,0.9589026947889144,-1.1018782881730689,0.122585131811125,1.465589686846437,1.2720195580620586,0.0891915772819501,-0.139204432119112,-0.9063869731243828,-1.5684480125953146,-0.613031306617064,-1.3651558485973732,-0.4236976546399085,1.1636942594321082,-1.7241561399700325,-1.0802712279313995,0.594496445607638,-1.049681911515679,-1.6298278647058837,1.4354755018015493,-1.3100649313613606
0.5487310101702754,-1.923049811476726,-0.4560109757006064,0.4416664839099658,0.3360643863001847,-0.130102296412071,1.4186925146985898,-1.88322123921956,-0.2795006442114826,-0.3459968723134331,-0.2933821013790719,-0.5599456428433545,-1.2787300478408632,1.4812117409667909,-0.0433192359934226,-0.9353763763220364,1.3715385879505493,0.4260102754947877,0.2678095247084088,0.6601468225053497,-0.5510678340477023
1.0600863993566925,0.4401856748402464,-1.3070086831960173,0.8455374176209505,-0.07998985131291,-0.7789017890559425,-1.950294419340837,-0.1959640666784486,-1.1974183433057952,-0.8710795137309268,-1.855884730929808,-1.6450055556790228,-1.1728842315785832,-1.7765318605154317,0.0605429493063047,-0.7847495578858681,-0.5736837107121798,-1.8484060281368029,0.3932070086572301,-0.2874316942512982,-2.755261390149339
0.8550787798325612,-0.429055148269554,-1.5218310290961028,0.8599492514276644,-1.6866275432159237,0.2190618300560937,1.408334269463154,0.7634168291604235,1.529795666138836,1.445011678132322,-0.6356890003857211,-1.152652278887477,-0.9124632544989816,-0.0137916942042613,0.6613210033576215,-0.7827438511878937,-0.5196164615546925,1.3360130313269754,0.5789185246593663,0.941194393516158,-0.7193994766717619
0.7798879843650334,-0.7260378849753244,0.8844526352696445,0.5655996041124687,-1.2519714475838333,-0.576690239699985,-0.3418963507257823,-1.1251830462067984,1.273006906274434,-1.4380726336591316,0.4337103070278574,-1.0177448563493454,0.3784735075291959,0.3158054187019497,-0.9038659543139717,1.058981762179417,1.459555976358096,1.2275859446531698,-1.2423105513084969,0.3612069077941514,-0.4775862263114705
-1.392970375189153,1.1226610881011043,-2.0509216186165187,0.5950786698125674,-0.5284615522120878,-0.4518656772381856,-2.020239453721329,-1.9652544736780075,1.2261901658904508,0.4998372016723888,-2.0457479985780984,-0.1289914681008077,1.3234098946561794,0.2596237916326333,1.3121689296830903,0.3120807464408948,0.6253727446762479,-1.0954375753822831,0.4258933879256453,-2.1087020222627175,-0.8644777421065352
-1.1395797713286535,-1.0043699940391673,0.4556869453490547,-0.7617344441779031,-1.5770461625943444,-2.036424221772887,-1.9326848351030652,-1.0167407057196798,1.6053843435628032,-0.4392802682212815,0.60643658251272,1.009009736707973,-0.1057632969048806,0.176862113613205,0.7502369382939039,0.764122460118715,-1.4887973963372994,0.3397484952920803,-2.018760767469769,-1.0383574214240523,0.8937370356866102
1.5511288625516977,-0.3319685259960221,1.345316225526305,-0.2235236091748472,1.253289206087571,0.9451653614684102,0.0664817334382998,-0.4206994761159806,-1.325928767969803,-0.0061232441580571,1.097020300459434,-1.1400220176248688,-0.8946294619733967,-0.2346951063697766,-1.5598996665986744,1.0901036690918644,1.5215745636758795,-1.5932432478664027,-1.4995923717302986,1.128816425368622,1.0931720214040508
0.5560174403909643,0.3560850067476582,-0.426793829438583,-0.8642813051495837,1.408843222353562,1.1124299151335666,1.3434088931796515,-0.5419759619148233,0.9738045062056916,-1.1011434617958693,0.1261133426825461,-1.8375446927867043,-1.4050600407975344,-1.5158664918471487,-0.9437739786608796,-1.708508989229205,0.5487964103661765,0.0926049616420048,0.268563328090598,-0.4405905907985873,-2.3620966944638004
0.8171185952437944,1.1874369970270238,0.6488639106891271,-0.4508131101014409,0.1265424740456632,0.5754090983044833,-1.010779158979851,0.6319297667466174,0.4882959726424931,-1.3967861068606513,0.3085087178480749,0.930357593621278,-0.2212605473842875,1.503245260704346,0.6185307036317335,-0.1876274471634622,-0.7217945478683525,0.9722695326968646,-0.0591205337093208,-0.74942806795793,-0.361110235599475
1.512581172516345,-0.7474334290641428,-0.2527266969168987,-1.581689348621124,-1.1922310528666975,-0.7186010724117707,-1.0305761896176873,-0.9642929946395192,0.3606072141957034,0.2281921283007574,-1.0613016974923597,1.31827078514745,-1.3198751486500415,0.011182182238075,0.9007100528684672,0.3032589607942029,1.2228247495674711,-1.635328250149126,0.304624503906734,-1.5919820501866715,0.3684732396712569
-1.1339902196932576,1.2167426289871273,-1.2672849236453254,-2.026886707402029,0.6100034195533818,-1.248841143107311,0.8721207039452719,0.1949681408378318,0.6566124935054919,0.1587027336781863,1.064547560452473,0.3971655284756128,-2.088303734800274,0.8929475017640972,-1.29339505650483,1.0452715190697326,0.597330531067441,-1.277984850586428,-0.8472836071450802,-0.4268121010221462,-0.0032256871559401
-0.3907146121844155,0.702481366945821,-0.5960084954088223,0.7748608654782118,0.6461843504589608,0.5453920284512501,-2.034260579977472,1.20022246845283,0.6107763527182918,-1.3456190294806478,-1.3300877692665654,0.5032979789704703,0.6509371900819293,-0.5438679927589698,1.5300301641871996,-1.7404780125958108,-0.6831599882608608,0.9623092895384536,0.4035577350254024,0.4367173752977738,-0.9350133945062248
0.4997680535496539,0.4402169222492075,-0.581106269090915,0.6530969847320236,1.0020487399581448,-0.4988921136698517,-1.9823984031246151,-0.2711877286365402,-0.2822667686593479,1.5087023507341493,0.7088154071427611,0.6770127891733841,0.491324708574921,1.395449620463178,-0.2113766422058462,0.7987454409726388,1.087291379309536,-0.344004918500176,0.1788502201114452,0.5257788697594346,-0.7492613860723457
0.152091416433988,1.4731951666044552,-0.7832583787512585,-0.9860444622780618,-0.6884280726695163,1.377302316530685,1.0952072851998025,0.0377789922422599,0.559757900887534,-0.7317581292290674,-0.2554693728741839,-0.3267601700918895,1.0956797860187306,1.2670050552147596,-0.3024958168370893,-0.9420043252303704,-0.1297853105135906,-1.4207074944453448,1.355815630105127,-0.4625565817907898,0.2162365633985959
1.2171033990970936,0.5147993977702509,0.986785634681282,1.442260230775916,0.1513005677821059,-0.5747195732163277,1.4709971819425334,0.7296973619561604,-1.4537045748243391,0.8643945062618675,1.4550915534156008,-0.7177015524198138,1.4252447631696192,0.2401966710135363,-0.3604937341947849,0.0791986546038566,-1.5149708647402027,0.7425578916534462,-1.92240834693988,-0.3188194047383761,1.9070240099888809
-1.025356816552575,1.1908171619628545,0.9085860928848516,0.0890838970824321,0.5968484383630828,1.1470467942826978,-0.8997004082951774,0.7702470544760918,-0.2349989637344416,1.4606520937223793,-2.0744048987849695,-1.8476837828791557,0.7017472068595677,0.9664890664761856,1.450159992125944,-0.3338774521536037,-1.1256546797607792,-0.8121693330252168,1.3018261942501137,-1.909398765479978,1.0506601297582363
0.1365418257967763,1.474214562611232,-0.5556522110792731,-0.7476496393773382,1.2346549942455154,-1.0247809259232403,-0.5722188033337358,-0.2072696395056309,-1.386991095747249,1.3408721046580867,0.1929421782744699,-1.0835788306654508,0.3317930583379383,1.4700520260544956,0.6721810857020268,0.3371596347276216,1.0527637454540768,0.6327900190359032,-1.0120565879035552,-0.9329163440617804,-1.2630948892532816
1.0452602718579584,-1.6947336215223523,0.8944061207523922,1.3454374765442043,-0.7183370004296477,0.0936604980896833,-1.1695279348281866,-0.567070704326286,-0.7178300647138577,0.6240411950200013,-0.679034916945675,1.4484727946709552,-0.6391568490162814,-0.2897131050051344,-0.1655402727864233,-1.0895999013134134,1.0942104400713608,-1.557528666298546,-1.266893555898474,0.5200674861748432,1.4125002819030386
0.4101576078572748,-1.852919658711845,-0.8867862278113565,1.4092872338240692,-0.8595312543405079,-1.7529857044648776,-1.9646285521493023,-0.2056710152668515,-0.8127936764493333,-1.5243676788925054,-0.2105273992654394,-0.757310640545681,1.3472646733903848,-1.2921063806638309,0.9362234061153232,-0.0407666264768654,1.4487641911509386,-0.8703275545958923,0.3046618686994123,-0.2772426540580002,-1.6803116463935364
-0.2628283101381038,-0.4918105841270603,-1.2895469110160127,-1.4602630233374922,0.3880568565661531,-1.1148001097126283,0.5226930886075011,1.1864647107071904,-0.6930078771451328,-0.8566786886279306,0.4634865642273907,-1.185391003166015,-1.6038265180785063,0.911592946003738,1.5471251559581016,-1.372807193406146,-1.069102524543391,-0.7035422798334576,-0.5289174471621837,0.9626316977154432,-1.1813128316119057
-0.1980906634307745,-0.3083876411388687,0.9439934856019376,0.7930781360040201,0.4864143670909776,-1.78922326054709,-0.2474559009095066,1.3392264091553865,1.0027275843216934,-1.7606937639394424,-0.4232218057945777,-0.222943533422206,0.9552047228986604,0.6024610314666133,0.8320908177054575,0.1753956426077664,0.1241901044628524,0.7746364433414881,1.1639248472614163,0.4423920906164735,-0.3390683780461253
1.016278310470091,0.7853122379087784,0.8862214891370823,-0.2269000168433269,-2.070613123013595,1.1191315157749102,0.6000379312622696,1.214169806549514,-1.1958051666288518,1.0263358479665747,0.8458154566054772,-0.3487634118701234,0.3348455238232204,1.3615464884955448,-1.0642329071878072,-0.1909613542494941,0.2493719642697058,0.6695924541773807,-1.129808353798618,0.9246179754348336,0.2254425881813072
-2.049436249678081,1.19319608854254,1.4787031711340706,0.2836883346403468,-1.4979978724250986,0.1522776861054957,-0.3469849726548748,-0.4388155182361186,0.3903020357063503,-0.897605813845942,0.1676836053911261,-1.3332305654599883,0.3958676854205277,-0.5776384521901506,-0.5664301989707825,1.1929218447376462,1.2083400036737155,0.5258396435566256,0.7824372105102172,0.7268741088966592,-0.1802972007701329
-0.14913746841768,1.1339710573954052,0.8081896720113839,0.568261733258853,0.8783460780509662,0.9705566955660928,0.1443844615702354,0.2509554337306426,0.4826420606377737,-0.5709619720926499,-0.6348947084121865,0.1393237868890892,-0.5889563339932664,-1.2940692546488526,-0.0229589608899633,1.2178710283053762,1.5691101019104496,1.0619134921117608,0.6140433413474011,0.0818520941698061,-0.1593059916827432
-0.0720949197302314,-0.0930232511527732,0.2877223600897262,0.9926058541403088,-0.8620271152369001,1.1695369374580369,0.4632919864649026,-1.2458529235514373,0.3171919335486733,0.3483270510557962,1.401141230870983,-1.6481291719873887,1.4951367978287764,-1.2349435438791014,-1.9152321991139216,-1.6211612950082015,-1.1471426390331585,-0.2371655548368218,0.6070124619911541,-0.4516494968813232,-1.154443257056321
-0.1117290647260742,0.1601848367632666,1.00375906246953,1.3126775878858843,-0.4165042628681697,0.5278632760017151,1.328994303461736,0.4450251757426897,-0.7799407759275533,1.0332306394681183,1.3203101314689314,0.0984551761298486,-0.1276774613354204,1.2245172606984367,0.0402063853301353,0.5739562104765115,0.1668318770723283,0.6400196865401487,1.3405805681177652,-1.0893502486728226,1.667177711617099
0.8036668511439491,0.5922992453278467,-1.3977929584840814,0.6230915619963867,-0.0942063564354584,0.6302252590538734,0.2462596815925726,-1.9921101884285075,1.3497510522782934,1.396513771187586,-1.999317249160655,0.6355866379614707,0.0470872083034118,0.3062278665444934,-1.372259348809669,0.2252880554404306,-1.1122398192539231,-1.129871903081,1.2321668897786022,-1.0235180210556736,0.9511877201718574
-1.211569604406158,0.4914521120857092,-0.5758741205088529,1.559255254709608,-0.2023205247999029,-0.8065817074244619,1.0883303449290564,0.7630170729209952,-0.9658770344243638,-0.0100435650181371,0.9248179973021872,-0.4656267143670149,1.0931645927128897,1.03667060410816,-0.1449617965090313,0.5959753331813159,-0.4901491558837083,0.8501396388152507,-1.0675974161571011,-1.3794127976545043,0.7298513799713592
0.029911872935473,0.0606222034493883,0.6650089186857207,1.117367731972323,1.4741580721888417,1.2023181241626608,0.1363497592162633,-0.6926794712139187,0.4131607011348864,-1.0816939812427613,-1.806585494427803,-0.0963752524123831,-0.7032765745269784,0.7993631923201597,1.0740210944844628,-0.1355116366538568,-0.3219137725810511,1.0850350057615283,1.5153649446420672,-0.6345111769816899,0.8059081307149507
0.798785813354178,-1.460023564084704,0.2883737370478887,0.5211554331003256,0.6230068060426684,1.3112814516412945,0.2621027621435746,0.6879179311311162,1.2939188709334155,-0.9669087511248188,1.0394684711650888,-1.107517470786081,1.0395418185649348,1.4113396025524283,-1.417247477218005,0.8154940140673963,-0.3567190953171417,-0.8251145983458924,-1.6798908712789635,1.2521277439514615,0.0716144222345291
0.1227482873683292,1.1821438632139871,1.09698902036512,-1.6483006921545147,0.2300375307144763,1.219504410222707,0.609410594048154,0.0017318030644766,-0.7327782209412981,-1.4110092162673251,-1.9166141361764533,-0.9222040076508244,-0.5800367319372421,0.5092382992690776,-0.3503173521240361,-0.6424688312978749,-0.702178306613179,-0.0815860655933365,1.1820719971741112,0.8226274118379663,0.1804458557052549
0.3021875103209085,-1.360201982683827,0.5813468430602415,-1.0519691542671914,-1.6857794832054738,0.05530220787902,0.3513388109966517,0.8079954840041205,-0.1072494883471925,-0.5148997574701863,-1.5547076875606187,0.9371679541865028,0.5065018249300494,1.4853065066545532,-1.6101412038754683,0.3487145423655525,1.3965256810843216,0.1814168735509601,0.9695333537539972,-1.9783656630473692,0.872266566397234
0.9046512712980742,0.2718408201632219,-1.2006991964268905,0.9859994731094642,0.5180191650132113,0.2131896411881276,-0.2862136600888216,-1.6966321687277102,1.3127023652842575,-0.0280046154014656,1.1172648811477957,-0.112145312750712,1.1090961637034529,1.0271111722299784,0.1763605010862738,1.1628375820409298,-0.7895197754548176,-1.3802274992580676,-1.6126228073438926,0.1657100703793507,0.922366332445846
0.3844673091701793,-1.2102176483377376,-1.256175140381916,1.4552198593294243,0.2270083970709067,-1.0486400503103486,1.0866125608891573,-0.6988555384479981,-0.6711320033566321,-0.3119737734012106,-1.4519210043220918,-1.1973689430074086,0.3980881570445232,1.3276921393853651,-1.4226808640927875,0.2974949090811349,0.0287309862451639,0.1659348441020176,-0.7217567380534391,0.243400902248914,-0.4634990394885796
-0.6874804929973232,-1.2146767370153482,0.8441859718033348,1.5477115387529043,0.1328119348816619,-1.2071382975291154,-1.3974859629169385,-0.4860324128031119,0.2034095379359668,-0.1235447718644661,-1.1889431520097131,-0.5475192955156314,1.397428501108061,-0.4301976947293132,-0.7139205851328837,1.0982671184397794,-1.0522054719660758,-1.169661962913113,-1.4433593619723266,0.1818083737995862,0.2444698787735137
1.1770627676453354,-1.4764003948733575,0.2916314182521905,0.964377405190178,1.4749499625925624,1.5364719347381646,-0.1275945501156518,-1.9655558103762616,-1.6220391145203918,1.3107627751693998,1.0186976128519163,-0.8697828876904986,-0.623675778551145,-1.4255013924280002,1.44858854712133,-0.4238894587467763,-1.0759750751422523,-1.1171120776736296,-0.0878932063262781,0.5068265277900164,-1.129399492308028
-0.1106332308428971,-0.6522410843610776,-0.824333637863949,0.6727713037900447,-2.0776808238521984,-0.8174266742035898,1.1830250258388848,0.3362609779693556,-0.7851633621378702,1.443448836106977,-0.3834786103485132,1.6052168839162833,1.1525461777490726,0.4961301517174337,-1.4699281818087704,1.4569069233181162,-1.2949460609066044,1.368211327318604,-0.2324702858101148,-0.8089997602262347,0.3886251883933734
0.4734213860088584,-0.9053208284022068,1.044438407751606,0.1347812871366929,-2.095320471088572,-0.8394483719076776,0.8392572135832806,-1.5022232885928533,-0.3929299082120134,-0.6506878105952933,0.625272854315036,1.6185195157232597,-2.126716720970498,0.9027036698699688,-0.9292866643156384,1.478837247858343,-0.5566907039595153,-0.4633592727152373,0.7304074517501057,0.347428556050133,1.5861255823708464
0.2484487260776166,-0.2222733971910769,0.9824965900925116,-0.8236039349042138,-2.0792892620565753,0.6717222728919118,-0.8167339309080647,1.062900193053142,1.1677491358130156,-0.5132816909184402,-0.8344851238948894,0.2883536188684623,0.3082547550697337,0.1233823183982274,-0.4349502545901389,-1.3814073347567943,1.4822017409178447,0.4141785415614247,0.2912175798754817,0.8293219687490716,0.0017050527828773
1.2569577272949557,1.2996828971734016,1.3130534553110025,-1.4959425756231723,0.3329827318119681,1.0284139292969792,0.9061388065417127,0.1485610391524244,0.3165713026108236,0.8458431340700898,0.3673926775448913,-0.3969965486430213,0.8849926531952567,-0.8612335278583011,-0.6638940934471204,0.6947500542146012,0.5250719940784849,0.9755458791843608,0.3566754316605256,0.3802524820230292,0.65458470286661
-0.3674953434054469,1.205903561266464,0.6439070633463592,0.480196065195232,0.8067749870738188,1.315593277940412,0.2937147203502018,-1.0861316597682622,1.4499765756904668,0.9041115745887606,-1.1228575966008127,-1.8429234723781351,1.4293506151426862,0.3844266856950922,1.590647663029162,0.101383955623147,1.4202271300995437,-1.7482493722840726,1.4162321386462824,1.3945411288845249,1.3015514295418669
0.562481510207012,1.476202772113668,0.7042014875929417,-0.277812133820657,-0.934182237721327,0.8608395412436587,-1.0299417100014776,1.4394898062230386,-2.112956624511331,0.3266541967472542,0.7711605471811341,1.4418282421779849,-0.8228588339860874,1.351441902102409,0.6397613444320583,-1.0099001796594909,-1.3187855985597323,1.211061851898496,0.8914412716844945,-0.4605212255283594,1.963826601586382
0.729683874364083,0.5960407491762195,-0.0041414897011248,-0.1924764954275173,-0.959383068592022,-1.6941590876627486,-0.1273824345222986,-1.8253304865195012,-1.8382252764314155,-0.569335112140692,0.8643960448230399,1.3762583894367122,1.0395670953511995,-0.736019667354383,0.9180776003865344,1.512852516472125,-1.8777844152807213,1.4965536822968273,0.1131221668047272,-1.1983349958996334,-0.3154486492694643
1.1185202342780525,-0.6074751342923714,1.436689804615097,-0.6931996526275016,0.3430333866602191,-1.2905581914334914,-0.4070734741230353,0.5801584442161792,1.0918740524973338,1.4339876631233237,1.0862640668143313,1.0346104140772407,0.0199377090734498,-1.172095838786786,-1.8886191938629056,-0.1469046231231011,-1.489496131299684,-0.333018392055619,-1.150064747812352,1.005926711560734,1.135180237226043
-1.0820653658737325,-1.4481404392146622,-1.25411428387377,-1.4571391746313336,-0.9159739072476634,-0.8563436844362782,1.0079465457824268,-0.3722725546512886,-0.5943576096000911,1.0444213140083682,-0.1386200314129722,1.1318518241726323,0.8925449101675091,0.1233369421420219,0.5308643684098596,-0.766937901531356,1.5168198663152088,-1.5558915170555692,1.0721048799996302,0.9680522205752724,0.8796740743326262
0.6827719657133041,0.2073911580476307,0.3716797983989127,-1.565791583330441,0.2930658333402702,0.4498076324743822,0.0716991043289839,0.8001849971183471,1.1581268325334666,0.4034944453683719,-1.9040733503246177,1.503198228215321,0.8828271796300593,1.2214611802091069,-1.70107062753662,-0.5865432654499059,-0.4025523307441593,-1.7804330016450685,-0.9002238356389808,1.3267695340761383,0.8058484052017796
1.5566683526588625,-0.8933889644037302,-0.5048292506360847,1.090664225425362,-1.564591646588653,-1.565607939423191,0.2733513321839812,0.0919776627107197,-0.2651022179081098,0.9766137605812122,1.3691937234058638,0.5418432374049686,1.3273573987531089,-0.8971089393069982,-0.6048496989829307,1.4867593789988856,0.2642768330710968,0.7032908669676209,1.0879400471306395,1.3134988036384017,-0.3853861694722164
-1.6588538877098935,1.3118214850444372,1.3823789257132908,0.937110608927326,1.3430675903574438,-1.7168683432680691,1.437738099775966,1.2775673488583457,-0.3311252326027449,-1.4052772622154597,0.4586292547067446,1.258796640064143,-0.0024746619105742,1.304558098917588,0.3054116398283795,-1.8504381219191737,-0.2677361681061848,0.83480885963167,0.1191267280657176,1.098784246996549,0.6021451414042369
-0.1153404918591256,-0.0557851716398988,-0.6003127740860862,0.7004105101516577,-0.199359157618854,-1.5654834675197902,1.10632104651985,0.0590592254845559,0.9640908008376896,0.8656531988745327,-0.93111989214578,1.5135168285793836,0.598492846336473,-1.0191238575663557,-1.5915841436047258,-0.3730716052528854,-0.24466243219934,-1.509700351592664,-0.1241215819280332,1.094747525028032,-0.6559324324525612
0.6944086764143756,-0.0823452638759218,-0.5290694850258738,1.1439986045465271,0.5084719804100578,-0.5121511122260735,1.3569649966206008,-0.0132741853859319,-0.9568708044404584,1.230289880165438,1.421546365671816,0.1984675807081564,1.32371485813144,-0.995516647492946,-0.057055617198969,1.248933849156873,-1.6190585224567295,-1.3989297460257637,-1.3526602493045707,0.3107482089468198,-0.141752026353143
-0.162436521912935,0.5858572752563921,0.9875740295341722,-1.6923704197805858,-0.9438344632158192,-1.227032262828112,-0.2168120390184192,-0.1147204908709399,0.9903111868775256,1.1282100905976422,0.2912460825074696,0.2637524841670335,-0.9847636414110668,0.0694297139881459,0.8207601599641607,1.3784746724237449,-1.623293664959276,-1.3192344584411693,-1.088937634877587,-0.3135653250410367,1.434220313618415
0.1533365400991801,-0.5421001540969069,1.2399580733652782,0.6990673562522141,-0.1520381756307268,0.6939197392682855,-0.1698630704858731,0.0735978652912706,-0.3535583219514362,-1.4639527614516632,-0.206318882843987,1.544379532012878,-1.5165258070079608,-0.6521841064909749,-1.5597675807640996,-0.8518376826576131,1.401845840902436,-1.568398766627216,-0.7389001292878901,-0.2081282887101446,-0.4413166959867629
-0.9670203351422494,0.3679180973981311,1.5362384173469483,-1.056340790587999,-1.680606673029802,0.7500278623731035,-0.448465159322065,0.8775442816672607,0.92950972242492,-0.2819652328413162,-0.6741793485603959,0.4503076818261197,-0.6306270057988805,0.9739838204685842,-0.6676602104900162,-0.4366761664728878,-1.385718423465805,0.0612414675376905,0.8588582376731849,0.0233033087158216,1.502842349779247
-2.0664647790203015,-1.2324341535119303,0.3708067199282089,0.6544481899420895,-0.7613502218433946,-0.5960971050313663,-0.2828749575955715,0.6026278114762593,1.5680468509600884,0.0446581730775741,-0.6193758545656957,0.1076158739735671,-0.8931280848401036,-1.4235497587296444,1.048552448405162,0.1890056569753395,-1.85627310612539,0.0612622820947284,0.3843241658451562,0.3456315213824245,-1.0980568440839251
0.9923975306418896,-1.982969592680033,0.0093429194762136,-0.2133833105123427,0.4322658543217529,1.501444256045369,1.002184379680745,0.1995047776532328,0.1155415668247548,-1.5916692378466906,-1.1621335240174475,0.1946030811838578,-2.121402844680863,1.4995234743227066,-0.1333904488268778,1.0163661946762483,-0.6100257004550362,0.7795373081356846,-1.7048750834995434,1.5295479511790997,-0.4562901466992003
-1.776955531913068,-0.4271220758422865,-1.1607951978823992,0.3306030217432507,1.4396097359208355,-1.665183367004451,-0.2876170152036468,0.8942857632407939,-0.511492509817402,1.1744904286431666,1.1925839720908336,-0.3056207803533636,1.5139819306433684,-1.7705836317919628,-0.9014352566990654,1.3007469801785692,1.4296237225135255,0.3356413168022702,1.1000574298388612,0.1418215029730548,-0.9983714503777696
0.071668000224432,1.5550746096304722,-0.2728985609109071,-1.1606926420143118,1.2179042322496991,0.1581796203876879,0.8845076599778225,-1.1236156435269369,0.387093310907609,0.7577710561889771,0.6751536943507932,0.3711980720515208,-1.8596127290189353,-0.696055829958023,-1.606940395441004,-0.406096213834474,-1.197891085455199,0.7102902747511952,0.6222251993679458,-0.964951760401505,-0.1146783743215237
0.2673476388340765,0.2447977180636865,1.414999865700245,-1.8043387970032632,-1.1499807931152002,0.1740289221427855,0.5879533727010336,1.3827959291958043,-0.975568951648244,1.3549063655915223,-1.9772962026752987,1.0787380446069257,-2.154266212327085,-1.4328907512878883,-0.582254250069335,-2.09549233182522,1.3058803134592134,0.1915568116885492,-1.7577331236709537,-0.4525300776646562,1.0507416534880272
-0.0635157127914786,-1.088937249627886,0.1648965056544686,1.557319713909135,0.7149793703661332,1.1412509899550864,0.9389055043553484,0.7558465148900062,-2.0413321954233483,-1.4892009407988824,-0.7754723916630356,0.0241002343503252,-1.8671118250845251,1.1536344538602434,0.2733620510740677,-0.4640456094982619,-1.2044824568949175,0.4732139233058702,0.94187536762075,1.051805898114046,-0.286934913037093
-0.9679144667789368,-0.2598526330622802,-0.9193438853501236,0.9520987813873746,0.6302553643471561,0.0646102132705456,-0.5851745460126263,0.7135725342742433,-0.3999215341837999,-0.3273308835709956,1.1970881878981463,-0.90092653097414,1.5106926350169867,-0.8392781369720218,-1.377617895349372,-0.4630068446514855,1.0988190602499983,0.9023378778599184,0.6898301936474225,-0.3260673787763829,-1.4695175592310654
-0.2899896164464895,-0.7076108972718649,-0.6059553615928532,-0.1587119654699882,0.92131012032222,0.7238962655741312,0.908132133532326,1.0356738271525714,-1.4232581081760034,-1.5031232296486257,-0.905237829915235,1.3409150598356476,-1.910595847690385,-0.2525973691950492,0.9442606784369189,0.96883990536226,1.0946733470582413,-0.9417972003152264,0.293845415615802,1.3007186788950476,-0.7830465168550297
0.2422750908531808,0.9279810269145448,0.2532148289771367,-0.852333123301713,-1.202437009013484,-1.7363850806822665,0.5702071375324935,0.5607072079734474,0.1205383294226666,0.8273604051161001,-0.3427802066272806,0.7700613219527754,1.4166198232887517,-0.4169794418131656,0.7235342636510078,0.9879460685938544,-2.0880874279982007,-1.4253113822112693,-0.8217110995184689,-0.6128629707559232,0.3740879158696456
-1.7291576681366128,-0.4311530732468814,0.9782598268945428,0.443951386961285,0.2632234977774043,1.479725769097926,-0.8943017561147981,-0.4199918405973419,1.044977831557714,0.5887875272314028,-1.3609097638071723,-0.3328047774550029,0.3909768207269565,-0.4111458795023745,1.1277862636659064,0.0272622136106681,1.0730513016876992,0.9813284066989058,-1.0520280589399644,0.1360548862542066,0.536324212940452
0.2910235230545157,0.9713264061495136,1.3582860990890206,0.62995920367201,-0.1419001194214562,1.207850859185685,0.9606781520960336,1.2443608074956738,0.4790780261231701,1.5349928939410893,-1.549282870704388,0.6562878523997504,0.7082544478801358,-0.0747910333484654,0.4417327664565398,0.6535647860814463,-0.0330519328587125,1.3830004488041916,-1.3154695164563694,1.205390338361615,1.761279304954206
0.7933632484055955,-1.898509885010329,-0.4822812562724193,-1.200977260098312,1.0037711445069866,-0.7241869984925179,1.099548173794436,-0.8727440676112203,-0.3060285315590435,-1.5105504385433834,-0.7621041469339142,1.4367944590737702,-0.5072017599554798,0.8624147542408482,0.0131077612525851,1.1249435164307202,-0.4067283568218771,1.3852687117895686,-1.3203114800403657,-1.1375557752224963,-0.3169714685226631
0.2873033806026813,1.5314168754493704,0.7585787187633678,0.0538327357846575,-1.516608949997698,0.3704504805598148,-1.0255036764058314,-0.0065710587084044,0.6394057878182063,-0.3572264793874564,-0.6670977011078032,-1.4338655430541394,0.5313194827824321,-0.5921687674562274,0.5369014368185844,0.8548090499044356,-0.0687814424893109,-0.4534810035816416,1.1293669952487064,0.7203688197645839,-0.7087700399262172
1.353975995846742,-1.4268043394557384,-1.734438231071181,0.666214306329249,-1.8467185551006304,1.4004140227684954,-0.6538916060120393,-1.1608276507052713,-1.4037899453958438,0.4829864056207569,0.8891925179782809,-1.4668013237021562,-0.6282038540372854,0.7431061371820725,1.525200515558787,0.6590326706300272,-0.2423362325555692,-1.8484146338899272,-1.4165685111260695,0.8706323313866186,-0.4296800170836976
1.2009560657875122,1.1164505757436731,0.490580943388984,0.388774493250393,0.4552126058640794,-0.8994847955920587,1.4160760852612906,-0.1539201141668175,0.4629960119938938,-0.3723338256876962,1.1809380167854502,0.987786720604029,-1.7607072359503908,-1.0668298377830052,-1.7831685205769654,1.3675921485655935,0.5207584806554004,0.0582128921773608,1.317305426358579,-0.5797122157898947,-0.004123359430611
-1.4728320774493855,0.2483574614106193,0.6944536607121125,-1.6399173177963522,1.4477056778552018,0.5958191851999542,0.6213021914413753,-0.6132277859961218,-1.5133989737660265,0.2932888694430395,0.8278605311457634,-1.3384628993635606,0.2647689911287135,-1.154339660569628,-1.0213851937911838,0.3071295753065297,0.2118933142755628,-0.2063958090495173,-0.686399577144295,0.3369097789370366,-0.6899133677367424
-0.3331541176604838,0.1420039040031307,-0.018594407878188,-0.1246966277288972,1.4377791082658464,-0.7979921530337273,-0.3790253991996173,-1.272483690888709,-0.4230411559789208,-1.6162286241246069,-1.7911271528062158,1.1038818088929556,-1.2121027495300127,0.0020511994623359,-1.8913998408738264,-1.359986767877295,-1.3707268346235693,-1.5292068332057338,1.2622925216527785,1.0545759127368417,-0.4737140074349579
0.0992835316954967,0.3153715955532068,-1.8479292254962008,0.7795949819752515,-0.0966058249318979,-1.4031283221147266,0.6885450197036876,-0.8051684165748524,1.3837338186847137,-1.7702027394251478,1.4170328407622286,-1.258432822959199,0.1363623941037584,1.121268354364327,-1.5149074844627262,0.3891194036022579,-1.973634306365868,-0.8159217260999436,-0.5845782014364391,0.3419050091953877,-2.0937981445432894
0.7270592869863765,-0.1724473781148149,-1.2777217012800248,0.3694106218982229,-1.109925233451082,0.6123524773736303,0.1415177850681523,-0.0217525166433299,-1.7785509923528693,-1.2084679459185212,1.3748579341182596,0.2449066270531434,-0.513756467314157,1.5306428406584986,-0.6737432339856575,-1.8381017308203649,1.3407336478316194,1.022466696487833,0.1914506246467668,0.6495890504929951,-0.7856001711818346
-0.3063624403070653,-0.0502571736500261,1.4180881586026677,-0.2730172883882223,1.327226102805948,1.1948446481573267,0.3031335990918973,1.3842580620917628,-0.6569215654773147,-1.988531463197213,-0.4517387797878958,-0.8889052147156322,-0.1620229277505441,-0.3764959551969637,-0.0138155392761019,0.8571358876514363,-0.6851315188119492,-1.331716351003144,-0.4028103279183597,0.0597534141258856,-0.643981540746438
-0.6135058115708527,-1.1869627263812952,0.3937913372889548,0.8530418850490963,1.4073154523001534,0.1392125437011455,-1.9256494048982116,-0.7019427451604037,-0.7544111975992842,-1.523012305511848,0.5631187573545162,-1.7665435144627364,0.9829934155044412,0.281584173053369,0.2088279877634909,1.1908632014315,0.8466970526149789,-0.1229420635485114,-0.0348763890514436,-0.4222349835097808,-1.4404838580155293
0.1583170494006374,1.3758301199016518,-0.4093482750237001,1.2018795104980569,-0.9741919912748356,-0.3407858533487484,1.4583271132691171,-0.0421938705063186,-0.232959767372154,-1.869790224599206,0.2883111154041339,-0.5636838757275923,1.5044226807319936,-0.8453712848096884,0.4511876224302078,-1.1188674045620888,0.9589680857626453,-0.0320070897109245,-0.166616010416168,-1.4808351348920066,-1.3027957920528808
0.7654703038274061,-0.0188617738245286,-0.4511813810032454,-0.7607603145252805,-1.9315590541285497,-1.981934807120113,1.145926851680101,0.4681267394305641,0.1899084299664892,1.1785388489410975,0.8796640597232905,1.480799172843314,-1.457135869646493,0.1053013473074233,0.718021440377091,0.9429170948188764,-1.1886287410023373,-1.6776993992599087,1.1234006729776935,-1.3289325189904209,1.519007805207552
-0.1960169721896433,1.5619197004634564,-1.9308967282801184,0.4209262379264608,0.2143463874335716,1.3858790088191308,-0.0491487828705871,0.0190441145521391,-1.6432370165917742,0.4257743309920381,-1.7945792446613955,-1.6492434790506207,-1.784601284518342,-1.611915429156224,1.038593804581722,-1.4661619458359971,-0.9662902997984574,1.2323576600638906,0.8858420230313897,0.5780988498342228,-1.6418116779100758
0.3871799623400939,0.5038080487118972,-1.4904709354584154,-0.9547914177378626,1.2983124117259803,-0.6535779879514428,-0.8021667141700124,-1.5237098468761217,1.174615999261169,0.9896876091147344,0.3885030050058416,1.0959312502529273,-0.1878206178287939,-1.340860712314529,-1.5739431886697426,1.3745394350196078,1.5162405662260154,0.7739649745096759,-1.553644181703404,-1.50799758375828,-0.0890311262261015
0.9102844468103576,1.5520635995769227,-0.9643378129076808,0.0918920372348395,1.5180729875475951,0.3722737741747495,0.2567675616451182,-0.1441015540072469,1.2939220321574678,-0.6704902387428141,0.9969522913434498,-0.3731510878766579,1.2035750175624509,-0.7783969155915106,1.4775066851263057,-1.858150342370284,-1.9640760865623237,1.3791283901303608,-2.024469625809009,-0.1954142645844057,-0.8263847808449127
0.95243336739267,-0.8819984610308257,1.042278037480482,-0.956202685168569,0.7529093166694483,0.6955488121273786,-0.6980370217233304,-0.9020509721172164,-0.0452112325439718,0.0150566964129744,-1.3304651397650022,-0.4631530814692511,-2.1731572868374993,1.2915300247309631,-0.5794129818088514,0.8584311401335976,1.1713052992122568,0.9896368474746918,-0.0367598188090153,-0.913677128020877,0.8849678587001674
-0.8304926164250093,-1.0092920461531587,-0.2009396019027318,0.8184092376705918,-0.2435356315368013,1.4595780258562203,0.2645766447504379,0.0234595603256649,-1.0729930076808307,0.902466273481682,0.8006209044773469,-0.1866756580874618,1.5706726615787006,0.3817411609849046,-1.184158936880089,-1.5999082306296342,-1.2205822476886932,1.2691192348400415,-0.4637657981206101,-0.7852989062959054,0.3550042609188786
-0.2981257498190824,1.1998913280172727,0.4138845094971515,1.3657440660765188,0.0332600755439239,0.3943413891565305,0.7829877726376695,-1.3156316218577853,0.6049792523816798,-0.5475439126025895,-2.0102320275774552,-0.7131390079221779,-0.323328495529327,-1.1424835971617897,0.270490838354364,-1.6580295340907334,-1.9265374194363996,-1.983196659154711,-0.4914603207327832,-0.7785900709424951,-0.7793487496997614
0.7154515465135892,1.284417720274564,-0.2507932901640081,-1.5771431794950854,1.3810380020901525,0.5968571939817066,-0.4382212712742972,1.4958588177155947,-1.1587533742542435,0.5420046134274193,-0.7940513916521347,1.5901092347462704,-0.6024916966635251,-0.7986766422406286,0.677937535866616,-1.956475682025275,0.9657675196344276,0.8380918158091232,-1.8803624423592928,0.7341714927807241,0.8109108609906597
0.7043173803038046,-1.2924860464921757,0.8403191260511956,0.6814060546998968,-0.9968597845063086,-0.715031365855788,1.0919351379216045,1.3074414425851983,-0.8000673481698961,1.5463784617067646,1.0899234235541733,-1.0988531165867792,-1.6761645243976115,-0.2914839457138415,0.9799875357064168,0.9289874157317572,-0.6307382972646915,-1.1124040457111668,-0.4713726967203197,0.1169876127506418,0.5282904948554437
1.4593015064577992,-1.7177913159301672,-0.0910721361781385,-0.0230614924108525,0.504884137658456,0.5226603143434426,-0.2728906370219566,-0.3807701805213938,-1.188523750969921,0.117558844068664,-0.756666394258728,-0.5200258845942429,0.0320475426419939,1.3753413755687376,1.176852417408792,-1.2922165885402492,1.1037301034730471,0.3077615802919711,1.3681255407666864,1.2824299145639717,1.2406154909488858
0.2397745441543133,-0.1714148652488163,-1.6737425100154484,0.2286794472409841,-0.333060191328949,-0.3167127998321932,0.3322098577889351,-0.6847125624402465,0.5326036179582722,0.4811090891677215,0.0694653025343838,-1.2644086926588984,1.4744533998756817,0.690971401857683,0.2555940764044245,-0.5669330271683352,-1.515950665036801,-0.5545267470093969,1.2144309478131856,-1.0705006356620614,0.2899118542717112
-0.4347689850159937,1.360721297364094,-0.1485454453829196,0.2767367962030231,-0.6492187699243888,-0.9458140745437368,0.3916907108927658,1.046876328299932,-0.6262433827836341,-0.586028987697845,0.74529254616836,0.4943407130334256,0.8422467148512541,-0.8226504648729137,-0.0619157648116477,1.2531272494854615,-0.0156865854223282,-1.3776071664063612,0.9931300023612606,-1.2184899518735008,-0.5459859951910863
-1.240933901096078,-0.9533643866584698,-0.4862190556277288,-0.911436486193016,-1.8362896956590908,0.7320506665880931,-0.6397553169696198,-0.713087564300119,-0.4645338546611334,0.5566426473059414,0.2677371428339348,-1.1601738173217289,-0.6052144565912256,-0.3779979968574181,-0.7262888082082632,1.4090296557847104,-1.633672494996956,0.4418734533038809,0.476395178502599,0.6605979005233015,-0.8801306647136997
-0.7315112676738066,-0.4183421640488003,0.2288987262722522,0.7093032424269596,-0.4216907951956485,-1.600460095226408,-0.0216670037923827,-0.5052951701797954,1.521932957070147,-2.054579715327818,-1.5671218313160682,1.5362789052778618,-1.1342053016680378,0.1241478062955021,-0.4978586635329921,-0.9426127470173822,1.1650971570719797,1.3225118512232077,1.4033504068601708,-0.4790044745426481,0.2066114088177605
-0.8183646541982058,-0.1589116285056067,-0.5992171387931495,1.2613188035988634,-0.6725346367790287,1.4912764001356753,0.2240196875155215,1.4246946279120556,-0.8579796349065593,-1.329710801847103,0.9446618616261702,-1.4148733635223791,0.195837206158269,-1.731470578084913,-1.4225044670587508,0.1518630898395501,0.9669166136537112,-1.1649319217181024,-0.7094439225382124,-0.3329663231370096,-1.6795461826150602
1.2421201907843489,1.1701931670323458,0.8010666245566544,1.4991870458477343,0.8852566564116612,-0.9660274319699532,-0.6650227030406749,0.4172965636946666,-0.5099143801270986,-0.0457001047017326,1.2745295324333776,1.6048176561205922,0.8197140997441104,0.8580298784841839,-0.7976986628133894,-0.9767574823732948,-0.0286980992096887,1.4392340500011565,-0.3791758295468124,-0.2993417979729055,1.4817018090957763
0.1731399064298077,0.1690649450874093,-0.4371175258019279,0.7409803249472144,1.5337301132408596,1.0258006407186815,-1.429461306216975,-0.1948060117790934,-0.7296330077984042,-0.2451375705619635,-1.692847035067706,-1.113601750720762,1.4696285215132077,1.4375428762966125,1.2062475301676847,-0.335536608203753,1.1178470536206355,0.4560692601385931,1.50278645903317,0.7780447049559639,0.8664828244880204
-0.7171942146533254,1.483743192781337,1.3878263465779408,-0.6432564170584602,1.5078164556309952,1.0506078169393709,-0.0206478447950095,-0.6387602876719698,-0.4157797147314506,-1.103122983986599,-0.4912102096195035,-0.2997673747861974,-1.267077904072805,1.366049694259089,-0.4427189963299244,-1.299593618791392,-0.8566962737233509,-0.4184044662497492,1.5141239616404285,-1.9881827936725207,1.0537567833443098
1.3377753872282772,0.0154034959776669,1.1272544180118211,-0.2479371479847988,-0.8976109687616931,0.9031748405812078,-0.5262989855652643,-0.2781546031323695,-1.293058885105122,-1.8374106452182135,-0.8890869802553272,-1.3513912056694173,-0.2476628877549448,0.6026022513382019,-0.3521893482452816,-1.6261580069254906,1.0334723903808094,1.0774634910633205,-0.6575432321503142,-0.7730312474875978,-1.0739987993546931
-1.4285772273986144,0.8264442037658047,-0.119891753911895,-0.4081807751132459,0.0249202370926634,-0.0223867114213883,-0.5639970781613577,1.4274360800599435,1.392432973619157,-0.3296681282434301,0.5327963954441554,0.0930381508116276,0.4313870579769092,-0.0076221533620192,1.3908871980899007,0.9424302845176888,-1.2722602119012665,-0.539597350004317,0.0154505117939465,1.4146234643661708,-1.2997860497105194
0.8976418966545796,1.136378164376057,-0.0093636632003816,0.6838083303927818,-0.4528357442735811,-0.6800905048837655,-1.876034053969286,-0.4780540376948518,-1.8575925793026704,0.418552521755872,-0.8123992551788604,0.1955228714447153,-0.9735659013616852,-1.7743514544853087,1.2096616383343772,-0.5720471562296671,-0.9909212051389422,0.689459041207462,-0.2786692951879435,-0.5849788645389384,-0.981181051132568
1.0920097107036104,0.6179903626427747,-0.2427420417539604,0.6659164531611508,-0.7760125957069401,1.1586123199087162,-0.1481614992360479,0.0084399778046667,0.4593468124084391,0.055661345797392,0.6415631219811873,-1.046609970670594,-1.549436826231439,-0.975988171107518,-1.6878581057438558,0.7480331925823525,0.936778948649398,-1.95248610424566,-1.461720289967668,1.1063921822872902,-0.7352301759174427
-1.9031251716937445,-1.5175199776421728,1.018036602734724,0.1740775745062226,1.2127336144411076,-1.9446758790895755,1.386861175024974,1.5415307979943804,-2.0031028695145547,1.2258026684570975,0.6385376639489824,0.9077045605616814,0.4697131743779049,-0.988993847867476,0.4847085606673398,1.139048523296069,1.4844858231279214,-0.8387821641862747,-2.004320775139666,-0.4551664410247896,1.3989936977042208
0.3500241314223474,-0.754483836892224,1.181885053919949,0.8194892170810643,-0.4419976101801011,1.3455517335305704,0.7570889753306496,0.578297676214308,1.584109460471428,-1.2442921765471922,-1.3803328534180752,0.630782751959419,-1.491457047168439,0.6851815780478658,0.9080220527279508,-0.881190430722011,-0.926466515946328,-1.6855403795381467,0.6568618836988103,-1.8351258080828137,-0.0088686867373162
1.5465310491097966,1.339135646360763,1.071838783035211,-0.1605223327138923,1.1219376327194035,1.165412640389768,-1.906238306387838,0.9102726999578404,1.0191528369807583,0.3922774268801755,-0.96912835481155,-1.3665364818317427,-0.292485312610597,-0.4783004783048741,-0.953014938919368,1.2225361857499688,-0.8820790144228651,-0.1982385346708265,-0.923707763433412,1.4609839786159668,0.0216030710694072
1.5331139535778588,0.4789886162462321,-0.3595432568948403,0.5124149091208846,-0.5546338840848852,-0.3905193628961676,0.8291460026014289,0.8522930875031914,-0.9137498936317676,0.6345105054804688,0.803643018392878,0.5659446753681149,0.2630137971227783,-1.62647348964319,-1.9169594374391847,0.5300684359532011,0.2131671052480248,-1.7336749686175406,0.9241825099484726,0.6530409042577022,-0.446800548071904
1.019632696636587,1.4713201754693952,-1.6995156569288092,0.2997082188629661,1.220191062105594,1.0648242836383202,1.4286408831272572,0.9778824006383456,0.5889975098572869,-0.9460530886319706,-0.7347873852739778,0.7775091864009323,0.9266861771132932,0.814087389287144,-1.3781585106425798,0.540493817461878,-0.1546126186396675,1.0197124398418804,-0.9444900516061364,1.2895778868973866,-1.02064237098737
-0.1851469600909762,-1.2951344336059427,1.0149887602091112,0.7082321610919653,1.531507620459929,-0.8146702070414631,-0.3421334738296433,1.5533439976815937,0.8576967376816738,0.9026758952008964,0.2767871220187473,-1.3825002610959694,1.180015665851147,-1.2567159914930552,-1.671384916371123,1.0455339393818817,1.3460832596835308,0.6434174947281969,0.842364788037254,0.008303057565029,0.2091911356608586
-2.121314344461315,0.2407119697619923,-0.5486430665421659,-2.010353160555386,0.8598687292694983,1.5349875636792536,-2.087950284410909,0.2115821955526851,0.8941181087432767,-0.9620109389454924,1.464443657336099,-1.5021461044845554,-1.6378884005172942,0.7058874260973127,-1.5941432564496385,-0.6645065231169388,-1.2144693362219527,-1.388788282270329,0.5478028655097025,-1.2046793327412952,-1.453737463836852
-1.277529804437739,1.5571273629094484,0.8887042328958189,0.7843675089853418,0.6607710528858682,-0.9784521715393352,1.2369524016474014,1.3434224733276168,-0.3586454572322022,-0.6620852488633017,-0.216670077455732,-0.181199984497293,-1.7951427174150758,0.0811610492983135,-0.5553349497065462,0.7895424889320759,0.5780097495432289,0.9323899806963006,0.911272011872985,1.1293702899966485,0.2268773557407543
-0.2692252997932165,-0.8436647045388325,-0.4585505967099665,1.2093095739542112,-0.2004810256915039,-0.7279552222096439,-1.087406095882269,0.938836450059884,0.0556891073842374,-1.3510476942499765,1.0668613761130032,1.576022935384551,0.2978818587192152,0.361783100829209,-1.815029606994036,1.049126322637414,0.6656282284022884,-1.941892627395632,0.6265404405560758,-0.84394733905231,-0.4578882779109176
-0.5899789300823637,1.000991932115729,1.4321904684834512,0.0166935691578006,-1.9180668774029312,-0.0496421448495739,0.795306050738093,-0.3801903685533552,0.1690982543040448,0.3094084173614561,-0.7931019001088139,1.2620105413290963,-0.36075753270893,-0.4599089066840198,0.2212787454581732,-1.5445595115012083,0.9358046574344362,0.6622684466289839,-0.2629055702802405,1.4871855437217174,1.4326756398018052
1.0911421546046496,0.872824708681249,-1.2400841993475722,1.2309332236405417,0.19560657857583,1.0735937255850032,0.7005178318902499,-0.1700081575992115,0.5099668436199929,0.8469870702684023,-1.9576341654304703,-0.4162235383035744,-1.102002675824068,0.0981870484872764,0.8265552355851823,0.2155461905560571,-2.0009397015123422,0.05619693602616,1.2899297496213995,1.2125538605877064,0.1270924197748193
-1.3205737207698711,0.416449530406523,-0.3252668510526053,1.2005718845575166,-1.7606528856866932,0.2572981173978074,-1.1143643619907466,-0.5642905864051294,-0.7258375892083466,1.3960103637531764,0.6679278446583824,-1.024485883126737,-0.0589770502484795,0.2714761027657054,-1.420330169856144,-1.3148246608900325,0.0802824438382639,-0.5069648960229178,0.9466972828337376,0.4017181819970207,0.6460875171637547
-0.817810620134639,0.5978307894896254,1.1189515707326465,0.405155192114545,1.1547171305435833,1.4376080075564397,-1.2174015892197898,1.3712288453264958,-0.6469683683778293,0.4397249133710917,1.295025544188829,-0.7393451934723028,0.3555879750410214,1.4670702805226037,-1.2262807168288723,0.2235106607939118,1.4159986117109795,0.6834483972364966,-0.9526181781494796,-0.0537357109154856,1.237159145505731
-1.3908240530981182,-1.4823023998895262,-0.4612766812450608,0.500128913841084,1.0500476410125203,0.13953558652465,-0.969555698210572,1.5449975203938615,-0.3068203896606234,0.9342528082402186,-0.7376633963109568,1.505656567563319,1.0747815784903731,-0.4523115693115479,1.0360491182347231,0.6426764590820543,1.1922109802558092,1.0964483350066672,-0.2267321506638946,0.7389700778185481,0.2925465512322001
-1.4769346902299485,-1.2686499203764117,1.2494130334266962,1.0285262991740325,-0.3423291825654093,-0.8703632188125845,1.2342246499423628,-0.7701815678025606,-0.1690087786795942,0.3904793523772221,0.6758925283052982,-0.261754302900502,-1.7957303317519813,0.865174883710414,-0.5307512671560446,-0.1161783117596616,-0.7993669800944725,0.4906188317738529,-1.88161605402457,0.5711865289528203,2.288457901150838
-1.8119565846859156,0.697949321380135,-0.8143261803378415,1.304267815986256,0.0214139441584439,-1.098937015874985,0.3243487203889225,-0.3882987581443523,-0.2500298175484988,-1.3026113290185195,1.449420364087476,-1.575675991862128,0.8476465529004209,0.9851910657773092,-1.1751712186215375,-0.8527504845019813,-0.4075971456740616,0.9600162361365132,-0.571984419582589,0.46631374422015,-1.389731034116777
-0.2721433591229091,-1.0858805836181251,1.3587921376836622,0.0164016735834206,0.7268327972389097,1.1986594593975763,-0.4528744589377373,-0.7137046553767951,-0.5293018025681692,-0.3677471028125454,-0.1022343045017902,0.7917105819539512,0.2962211116800835,1.20278880240701,1.5010505145129722,1.510273467116536,-0.0025910836639791,-2.0236589804946625,-1.5024592810470934,0.2464785759580409,1.859183121329973
-0.3013468034524784,0.5757348341990843,-0.7004266386187833,0.8413554492018918,1.3878435285227655,-0.8276419567488618,-1.6105832778375877,-1.1977371085523276,0.1815134894384812,-0.3420462630370157,1.1516484782367022,0.2718930758930903,1.0151273005485748,-0.759247669666952,-0.7595392802599686,0.9260527445559396,-0.7629011515342482,0.9825563858022528,1.3647269248447031,-0.8345887703257149,-0.6904822944737823
-1.658473954056393,-1.890733174000348,1.141791349899436,0.7104227692024379,1.0786747122358242,0.0948179415937366,0.9312639585955588,-0.6790856086502626,0.8778738370527601,0.3725553200483112,1.4249639447564717,1.1742178287740608,-1.657738749409878,-1.478594697136646,-1.8979219390048176,0.3586785514088436,-0.7609345152687311,-0.9212152814868054,-0.5455980078165482,0.4016601283078133,0.291286026520453
-0.8863993802152933,-0.5518955517384388,-0.4194683794865824,0.2664447060064919,0.6038097788724065,0.2296616785104186,1.4445699828778853,-1.8470411345431077,1.1773807044587372,-1.1932989109130654,0.2320097105949245,-1.568594616904885,-1.2929836328538016,0.7796038023828575,0.2496915641420805,0.549763697250956,-1.6009925527862214,1.2766711834687212,0.751934740254842,0.1219715482762517,-0.7316747148616183
-1.355366970543136,-1.5561791245894407,-0.9810578363717444,-0.1621849127021956,0.3341591595153473,-0.4742392473976331,0.5583513240661981,0.0319361806278376,-0.5645858708453907,1.006904335495593,1.27018088822943,-0.335825938558074,-1.7527298763775292,-0.8012645326232317,0.5838463598558146,0.0621722562072611,0.0203668818034499,1.3626394491326723,1.0912742427890032,0.7894713539214683,-0.5043072146758041
-1.4740859145265033,1.426563763167526,1.3581451246848988,1.39329234158501,-1.7396274699605363,1.3429640033557602,-0.0694567655173331,0.4097803619296589,-1.695807823614853,1.0455449668506005,1.1019696874560998,-0.5133110042505588,-0.8260914593050159,0.5237852197302966,-0.7199275661345789,-1.1777580117345916,0.8367913409251935,1.3010809337223577,0.3192994219974228,0.2385299124031772,1.289191170483725
1.0462575667859464,1.4918595272056512,-0.7567135672127608,0.7874132541505564,-0.2185035461262419,0.3478908523134994,0.6879921166213188,0.1843210517082031,-0.5108960441106164,-0.0563059551427609,0.9425091483641788,-1.4322563854619426,0.5524052891048438,-1.675128579489782,0.225667965527141,0.142481431629203,0.9002873656931132,0.3342931627380379,-0.3753891286305341,0.6506215575512065,-2.2110404308626372
-0.4704311844750063,1.3105600826347663,1.0543248990197671,1.0489841470707495,-0.8531646080722113,-1.2035096994828622,0.767865879234518,0.7431679838725824,-0.2296299739299334,0.2236509035309107,0.0004938211601556,1.366416252620766,0.331132435880769,-0.1205651148633076,0.6516225815243364,-1.6682976866104682,-1.1564864458999415,1.028711285859232,-0.5254044364691677,1.354967129533594,0.6483452818119256
-1.935165253250213,-0.5374781302398315,-0.9682483318563864,0.6929964295063097,0.3504294315256231,-0.9984826428583746,1.3043943871891297,0.6953401883746297,1.1461085249314271,0.8289043559303658,0.0034870789370283,0.4521102211707922,0.0066014434944809,1.4866433696792598,-0.162943959449246,-0.0481597520798332,0.6264041733011367,-0.666051402084297,-0.0424849706730594,0.3074660065890897,-0.2675736006216655
-0.6026819893048309,0.7439781162469608,0.0149637389346381,-1.6348690102850472,-1.8444186117231969,0.9355581229199892,0.9754475675300937,-2.0218222632745184,0.3383929516864169,1.1645725689655777,-1.5669679091608175,0.5073182467702638,-1.6604583523362502,0.266697638909495,-0.8333675487846383,0.5459577967428262,-1.912060698614084,1.136365987802029,0.2427931917336727,0.3662790205688969,0.2195268990801023
1.4281042600816278,0.6534619284390465,-0.5494665846188908,-0.4068771638014472,-1.1600297567775408,-0.3288194728468122,-1.0094928866487836,-0.0183062198461505,0.1257620579774391,-1.6939767573306206,0.9628140540590764,0.1670935029742508,0.3033264140343688,0.1281038746093378,1.3366318593009292,1.1483417325641536,-1.464825010289127,0.4377466392087588,0.2189334654438836,0.5375788511762822,-1.811415726635544
-1.0450026028708188,-0.8076373980707056,0.7507084170135738,-0.1927496011604162,0.2884866650888427,-0.5226110286637545,-1.8647142078009775,1.5296099724353578,0.5055529165393122,1.43327045061878,0.1183214993566309,-0.8126702234742329,-0.5708079226076093,0.2147026117065824,0.1940210278965458,0.0693249628707238,-0.3403096971420702,0.3934861288190774,-1.0037088512278378,0.0319621526571301,0.6332061363987911
-0.4746689797015086,1.2049540988858818,-1.4479359512148893,0.946936849848658,0.6095079059460589,-0.5847427601956945,-1.0662137297761016,1.3720007924299622,0.2277143567558135,1.17449324746799,0.6259600948046393,0.0564028270411485,-0.060312898527917,0.3286685571811362,-0.0645866724625701,-0.0890804213618469,-1.1817053127128296,0.261800326811074,-1.107690399398939,-0.4196040545349162,0.5392054540274067
-1.596485585191136,0.4986537153523093,1.0601069106313812,-1.459840842462863,0.5110156450692893,0.650358183643027,1.4248867565725374,-0.6865188184851598,1.518433189009048,0.1105505796521793,0.1070610201905151,1.259438565928496,-0.4324171955680046,0.5183486059520497,0.4624386799377822,1.4125040530439017,0.1003792964797952,0.5981186848823836,1.0417181625476633,1.4079831517834078,1.822327050429428
-0.3512974408210342,1.1743399556458956,0.0068386343818841,1.439503165928696,-0.4963085835024164,1.1461442818821248,0.1049218324903237,1.0423195385752697,-0.6927284119603349,-0.0437284866946621,-0.7696276112738746,1.0986704159177,-1.2821515065258338,-0.7331045499946611,1.405227003729693,0.1549135475628921,-0.4818072401396527,0.6547157839138437,-1.3172210555690338,-0.7726973534430059,-0.0840770237804742
