feature_0,feature_1,feature_2,feature_3,feature_4,feature_5,feature_6,feature_7,feature_8,feature_9,feature_10,feature_11,feature_12,feature_13,feature_14,feature_15,feature_16,feature_17,feature_18,feature_19,target
0.9915369015263896,-0.0342013663736877,0.7177625644413187,-0.127638981102945,-1.2049015034567288,1.4869838568494718,0.7473800951248915,-0.4151328469997817,0.9012126852144378,0.3584467676582712,1.2138354058004888,0.6079416712763692,-0.0732676161468409,1.2540059239873036,-0.0280470276191243,-1.8187732800923813,-0.9341995131749412,0.6152126899013404,1.273081038820265,-1.6503886647247863,1.7350582216977743
-0.983655039003472,-0.6964266703863048,-0.8285905113341328,0.0022954928044948,0.1443294930724473,0.964051370791572,-2.1385610855669177,-1.108884842913974,0.3209478784969015,-1.5298758109267747,-1.571847880482774,1.189474655712366,0.3352745940304165,1.0501818908521692,0.1978371306490976,0.4167784473898821,-0.237967972469523,-1.1486651817451987,1.3409378391860591,-0.1518474185829742,-0.6410297918081206
-1.3558710383440886,0.6544683143360618,-1.3782019149409992,1.188444075577445,-0.7428315527956617,-0.3151523992876964,-1.313953104818231,0.7909218378872378,0.8307575487669218,-1.162168947212624,-0.6031968380639973,0.3851379931870873,-0.1772439027600111,-1.924868330445904,-0.3757942266326373,1.1118484049239057,-0.1217812505806232,-0.752098694789559,-1.441114231844665,0.5761352789514124,-1.277124392717189
0.5716148112689733,0.2523450750220424,-0.1399322983719946,-0.196914187628679,-0.117440134819495,1.002241051592018,0.5199291553491476,-0.5772687451113955,0.850786400415588,-1.8336850207148032,-0.4669046319465545,-1.3381983122129153,0.8758056833698726,0.6162030753746213,1.0424107453569826,-0.3081223597112822,0.9332633698902524,-0.2678586787628846,-1.2686073461908107,0.7657632390707739,-1.7560302050982557
1.221658474800526,-1.2741541412154465,0.882137074948686,0.6898751032226136,-0.7576593822450025,0.6085750890361793,0.7379969827381218,1.364112265219967,-0.5674451773360616,0.5162291608579554,1.237151938704223,1.291992888204508,0.1607081207726846,0.3641982950893732,-1.7755318818744812,-1.1906258405802386,-1.367035274210727,-0.626407417393405,0.2675106171367341,-1.1374361012555665,1.5379610744891985
1.2463688000871762,0.3744385816256773,0.5229448608650481,-1.8835052859156831,0.8794453236883515,-0.2537544113503656,1.2835450108162818,0.831408281757704,-0.3032210835120315,-0.3024316851997735,-1.329864846044535,-0.0060007733431277,-1.32919069156843,1.0353118955371372,1.0652250419854945,-1.7442431685737227,-0.903988922438662,0.3616617790686395,1.0190342181779048,0.5577451556658806,0.919663554288742
0.2051903609415684,0.1431493874301998,0.9620564555304102,0.6839837786001356,-0.6338737527474132,-0.8122964331403201,0.1260405639522364,1.342478691198612,1.1393298568242785,-1.4628242700041056,-0.0693068935544205,1.4605416579390076,0.650679660091248,0.6458132749581365,-1.33189720392277,-1.029161860434259,0.7670485108618027,-1.532903195741431,-1.7153846388343972,-0.1461630021606301,0.598261620280612
-1.5857858011516068,-1.9778017881740984,0.7730186756699382,0.5439308106140933,-0.3923344984644332,-0.6723315829598517,0.159596151419061,-0.0701562443004115,0.6905397493399485,1.096231718916307,0.0053316838979615,0.5010300447662992,0.3902617995445643,-0.7228578983107106,0.6621758763636449,0.3581141557127658,-0.0972005778305208,-1.4451951167178956,0.5140683917022051,-1.126328568679746,0.4391933538620028
0.5524301839000108,1.5371211770160906,0.1646818716228137,0.4596940183008687,1.479944901598924,-0.5262822460431815,-1.299375276952807,0.4418710496599804,-0.489155750372489,1.216856088247448,-0.0329530197935538,1.1596691264029333,0.6947208229020144,1.3782944114789204,-0.2700225423209826,1.056602760803504,1.2590538883612663,-0.6229504251824878,-0.2939716110642594,0.5878449382692558,0.1930229570890759
1.4884041512475945,-1.9737697720417968,-1.6617337352059176,-1.4328611995700868,-0.0611070191640895,-1.306663247366374,-0.4046396323721906,-0.0753651066184231,-0.2397022351609363,0.4104846240805948,-1.3783572023434942,0.4132972403816779,0.0055862488665746,0.4610689395327202,-0.2436657127321742,-1.9215975443664568,-0.3966659345239008,-0.5966814993097634,0.7187673907519984,-1.734201208540246,-0.3419459040004705
0.3426837050533213,-0.6427562991383758,1.5166917882412494,0.2568450592128694,-0.7053897777737501,1.2375383181506898,-1.9788677466862217,1.1237121094553937,-2.0263413365807397,-1.441799109373448,1.127205835443013,0.7920554120827963,-0.208621804257986,0.8367869327464247,-0.0263892072014761,1.0968701888144996,-1.4301689200565293,-2.092771577489986,-0.2121238380037617,-0.2319455704399511,0.4155932537057719
0.8713690150865127,-0.8468515427732621,0.8899892688917361,1.3170142843217358,-1.258952520419372,0.5220024219069632,1.147924914063944,-1.2331164306265077,-0.8940213823726392,0.5374648462914855,-1.30944131804873,-0.3434720705642382,0.8345999674580313,1.35372803714503,1.0136246573018113,-0.1457642210744197,-1.2412673180496234,1.3651453807109737,0.6749667222578964,1.1348615656968906,1.2468060529526406
-1.1535036010718889,-1.4266405025427418,0.5873217735023734,0.2927512484103604,0.9705053338272408,0.4234281532111206,-1.7765494026049449,0.8675842231872649,0.6945610941314467,1.141378169492749,0.103699905783674,1.1874505050302993,1.1984605220525002,-1.3489852016444088,1.220783750428496,-0.405505908910121,1.469748905531273,0.0935173049483299,-1.4790681391275833,0.6542705717151889,0.5619860304334168
-1.5625436569470708,0.7864635909555258,0.4599682779815227,0.5975136579826651,0.4098664007166943,0.1128307219507386,-1.2247877119960957,1.4828841289168129,-1.072999092651742,1.419478615768844,0.9962431774396476,-1.2029884707132492,-0.4682909509530426,1.2843060142016418,-0.5791587693850326,-0.7946402660986829,-0.1918277293521509,0.2617241148883831,-1.1510443608462166,0.6700032832035183,-0.5745364552568362
1.2349485004586451,-0.9139051263387012,0.5326236161619592,-1.8671935910756965,0.8189325656163624,-1.4189426943729286,-1.2953906924202192,1.4134821788723424,1.040411299373072,-0.4706924842694085,0.2385153087398667,0.105857300170747,1.190256782410025,1.2029563669714018,0.1004290603116944,0.8028814010699828,-0.6626960189548649,0.3899683877132907,0.5695517135719848,-0.916877281775333,0.1886354069743786
0.7350983742865721,0.7445554446581097,0.6684201475887454,-0.5092801555102101,-0.6122396051869445,1.230726612279548,0.0809334262628297,0.5462129136038781,-0.2965803690532587,0.6538769000657719,-1.041316349916256,1.5079243747249584,0.5070974806200544,1.4488611947623231,1.052142181989628,-0.9108729827554058,0.0795446536021895,-0.5150009829102582,0.977267918765002,0.404050062996501,1.6683273435108283
-0.8992783190688117,1.4978644117652582,1.4820015147780974,-0.4447626370536667,-0.2174399157998033,0.7530526945578885,-0.4946098845001095,-0.1256626994128882,0.8144335954609531,-1.172458581364743,-0.3687246086951429,0.5848479532392298,-0.066889566747801,0.9382195330501976,-0.5829042720639532,1.457310374672766,1.3785055293007005,-1.5003869048374647,-1.1097806227879,0.7979483296713528,0.7079933748701259
-1.0387668994130503,-2.025953900311372,-0.9103693609281364,1.2311937111114764,-0.3141417078858785,0.3340895957264781,-0.1618722562774765,-0.0300916292356247,1.479386919543169,0.746778011698278,-0.329050648525284,1.3729241233358154,0.2454868501598049,1.3561352720597224,0.2283974181161107,0.2868823953775739,0.1091803060207827,-0.8987120022781276,0.9703898646902452,1.2807152002777311,0.7909711033103143
-0.9407364735837942,-0.3369973933781911,1.1377531109631174,-1.430859890400627,0.8482093941689743,-0.5812857999215226,0.801386949047186,1.3818125357980715,-0.0787694400234907,0.6182337002334547,0.6418762124825698,0.6718118633753695,0.927155228316898,1.2601996676553162,1.545992318742908,0.5626016176018159,-1.344377652828667,0.0985167961545481,-0.4161773951065563,-1.8555609186277595,1.5345991279988205
1.2480223426023804,1.4028629571935174,-0.0063229229302845,-0.1743199702645592,0.9014845381250258,0.2903361511322779,-0.3114560086694136,0.5451124766772018,-0.0833043280326768,-2.0976669067228784,-0.2273718420525126,-0.996043531873444,-0.8253620792715921,-0.8437652085453633,0.8406306095460878,1.1958460406525104,0.3058677647165281,1.0543869427089452,0.4364961732744044,-1.812542432061092,-1.100913318511266
-1.0516195139112257,-1.4200663136108205,0.278849734961816,1.3801525260033691,0.7784261517374805,1.016889051159741,0.903039790973764,1.5063230836070145,-0.1479867344200646,-0.1322850513769639,0.8575295862706168,-0.299187523578967,1.5265031486331306,1.4126160624323754,1.262019602415831,0.2910087937809944,-1.5832684781578232,1.4943278108854514,-0.1493769429612036,-1.7244565153306242,0.22759797661938
1.0638927575578636,-0.0292417185027398,-1.6026218163448445,-0.3016165284986037,-1.6888238821831567,-0.537764060665391,0.6144607117588952,-1.2961293345261684,0.2627950911479664,0.0715047392273515,-0.327506832532002,1.426733986148066,-1.4664728736113335,0.1761169690103652,-1.6023488261572247,-0.5137565130053368,-0.1476103444741712,0.4735199517268015,-0.3543222871227962,-0.1526745643812001,-0.2711600463789378
-0.5244234134481389,1.4426653786349322,1.2444492492466632,-2.061255472785084,0.6236627390983707,-0.2560001644654927,0.8358984328617444,1.3858713084455467,0.4184978454308125,-0.6894963944192265,-1.3366840042696533,0.1245158532272668,1.4008662723142231,-1.312142490164014,0.3577926823123361,0.3215846554941093,-2.0074568728205717,-1.5243036200704188,-1.7069695877387296,0.3711928033206039,0.2710415726392364
0.819482121590286,-1.322633855555534,-1.0217807470977676,0.741125568082474,1.363723003583611,0.8434625962622212,-0.439763145215176,-1.1044174959100317,0.1133184754830198,0.1430540434377155,-0.4131509297734189,0.6559625379494933,-1.512146830104646,-1.6360983805657536,0.6123077367457455,-0.997439489224318,0.1720393481336805,0.917007051058138,-1.298838229403831,0.4142819573349363,-1.3305622123214085
-0.6499943798788291,0.982684282942244,0.0653986012927188,-1.4726470882005795,0.7253070469520807,0.3277907503473395,0.1021614583892268,0.1343402995411381,-0.6041621329918097,1.3813786637719714,0.1598566028605972,-0.053419489336823,0.2323426142235052,0.1654243202176539,1.0705029669901946,-0.727317592968553,0.130089389089836,-1.9494430379845784,-1.383102526248024,0.6718089840552728,1.4659408434793524
0.4815129934229353,0.5635432308008625,-0.6990276755934098,-1.8917335268690685,0.0652584395633592,-1.091438748665705,-0.8022086181306944,0.589244296611952,-1.8911388857356084,1.2741664793109142,0.0880746171896647,0.1281889302911479,0.2162194890470059,0.904039754594902,0.9085450605057231,-1.1728813082901794,-1.7256550360078151,0.3805773500280542,0.3667506403049586,-1.5724626299817597,-0.3348792022957519
0.1784157469641239,0.9999702844620192,0.6044455997638596,-1.0397215822473174,-1.3595035130501751,-0.0168387549780385,-1.9590962284779412,-1.0695444072439568,-0.4686824414261365,-1.4500744624154345,-0.5301294539518708,0.0680328394652748,1.579461164948124,-0.6893572215317232,-0.2793969601460546,-1.199146212477741,-0.2040960054885616,-0.0798920060700598,0.1915958772688867,-0.7245620712328926,-0.8514926741532883
0.8860509908167707,-0.0210531114914096,0.9720286939333062,-0.3230788047878096,-1.3569011344990551,-1.1605191550503078,1.4954457878030154,0.752369403937403,-1.4742288829724426,-0.1334498541559786,0.89644247442783,-0.1468549777248717,-0.2627752396880493,-1.1436514413347303,0.3433368204418925,0.1719838837054469,-1.8855847702120796,0.1123131445267952,0.864278129424897,-1.1265538648380222,-0.7399007557287111
0.913022675257228,-1.2885980933424264,0.873858491503952,0.3496743406804475,-2.2098477474253095,-0.8829862482861157,-0.403846975148828,-0.3275734701089251,0.8794762650942423,-1.8909505766455683,1.4205040886059248,0.7156257216328011,1.6025234220093287,-1.9428947805345589,1.5468593303080809,0.3704077780572981,-1.1093994014686963,0.7838534836794586,1.2960259400003455,1.093215886083823,0.0781886839175402
-1.2291620983285143,1.5091814290865382,-1.2729321063475605,1.161684134622369,-1.2164693522743757,1.159223685176561,-1.1864472533410866,1.333312783792993,-1.6599419491211491,-1.6160963919934297,-1.3284743770631422,1.2612520388247557,0.466538850795803,-0.8163506033709917,-0.7873447866360261,-0.4603592114018929,-2.102889002412639,0.3471386919364809,0.6836132346639029,0.3859662611304834,-1.3148181650609636
-1.1596083595851847,0.0046509988412003,1.1086265595042366,0.882172016778402,0.2822907417904285,1.2683253025660066,0.1289284871091751,-2.181368391333647,0.273010773483132,0.1787095320796829,1.1365666091263755,0.0084025975380137,0.4417679484685434,0.3471477191041142,1.2949907605868622,1.4460276165693018,-0.0981678434721001,-1.127560334676997,0.0249362973499779,-1.2309685318069024,1.2402400925979986
-0.3431716352691543,0.9299338775148692,-0.5996418197762751,1.4846822028085824,0.3956457095341054,-0.4064909632416187,1.036494732227305,0.997293536516678,-1.052420175926534,1.4480642269988566,-1.2955066503382089,0.5448571044614621,-0.5638140218992987,-0.5856195232687565,0.1408525744460512,1.3900766671193676,-1.5929456361811891,0.9974546512720884,1.216845222471248,1.2618418246208607,0.7111538469942341
-0.380761645852858,0.3564299811429594,0.6780338916481023,-0.5157239636162013,-0.3751438459497945,-1.2798284928397357,1.3483137837174315,-0.1092053060524451,-1.0412757691420038,-0.2156347836125407,-1.5047736679583408,0.1001787361505038,0.2376024894604776,-0.0557712748464991,-1.7689265762708024,-0.7517518211488737,-0.1615478051918644,-1.2002063762739092,0.0787962591952451,1.276755387069384,0.4313643037254583
1.44334294227533,-1.0109346193455782,0.9364973776389828,-0.9666084002908047,-0.875328629525573,0.3327853260920447,-0.0773983361296436,0.9769698521211988,0.866631846450636,0.6034583789907689,-1.3971904431792437,0.453750878377956,-0.7016592598005567,-1.9659322244580275,-0.9663762508259688,1.2619759889924895,-0.593977863341208,0.2673632707943642,0.3248985867491364,0.8722778030675294,-0.3558236530118493
1.1667897083016605,-0.2416895910864495,1.047861620881241,0.4817651877944377,-0.2130488945744236,-0.4026020699079536,1.2484677599306155,-0.0802128367495532,1.589939604294654,0.0893234488464278,-1.3048178618290596,0.3945372536241317,-1.549259359952668,0.4264052440078866,0.3854583030784392,-1.147039526825897,-0.207049535018827,1.2738852389946833,-1.713075211595705,-1.536914891729846,0.8372537577659519
1.1357367570422292,0.1070334383707879,0.1083320810563055,0.8983463558062331,-0.6420932235013089,-1.3298099592214516,1.3513825208314012,-1.8625837754453365,0.017562620241266,-0.8905237457560062,-0.5940680492318478,1.5474658318511867,-1.2426267295082791,1.1248102900030874,-0.4087973809949821,-1.0744836077607336,-1.209311215452347,-0.7188172279663613,-1.730510844981796,0.6308476279556104,2.077543505737536
0.949304670222838,-0.0550997120112619,0.9740174838142678,0.3335289740913189,-1.2519394390529992,-1.4896517563900569,-1.619232787400389,-0.2561653686137233,-1.245260589588847,-0.1465842679127766,-1.7675239846524469,0.3966718782110629,-0.646018298069814,-0.7144995456590615,0.4889889068783557,0.0582139907249506,0.0596150583978788,0.8793042401272834,0.4315704646395318,-1.1474593609655062,0.3379122653221963
-1.1382047520847969,0.8116012284570234,-1.268205200513596,1.1965704275776754,-0.6930877160384086,-0.6921802999145159,-0.075915140101805,0.2722891217916537,1.464920279571872,-0.9908305950975116,0.0875198033564157,0.364401529601452,0.5914278953622221,-0.2504930387446883,-1.4450635868882902,-0.5305622276594183,-0.7166723963429193,-1.293186765567562,0.6035559786401983,-1.8066681546846213,-1.0128148001139905
1.1925481215454188,-1.5119288282491845,1.3584337624878915,-0.6829278516565241,1.405362286151009,-0.1527993894556256,1.5285595977241564,1.250642892646753,-0.0652589637168718,-0.7249375383192806,-0.4658780143242135,1.432045469243203,-0.811575004529524,0.0923255014467852,-0.2056550349232747,0.766595167234312,0.7737758972876873,-1.1066637874015617,-0.5333896502870863,0.3917376542421479,1.097206891691159
0.212161146794862,1.4918433837043394,0.528353667836708,-0.193499595619707,-0.8601792381389515,0.4221004069215464,-2.119521239982301,1.4281822380100353,-0.1675776678315593,-1.6492720586608436,0.3877886825616908,-0.3423759781921986,-1.1263227573828845,-0.2644265325791933,0.9376544166318808,-0.6693455353961468,0.7143573054015839,0.0892200708599846,-0.4155325656044031,1.125410003121235,-0.739695860499734
-1.3260980935735918,0.0711712385793057,-1.4977897078674371,-1.3787051849199714,1.4030398183270183,-2.037367348610557,0.3049931798925726,-0.0904891945957968,0.8397259040146732,-0.6575711636364163,0.9074428748968107,0.5322846576256898,1.129270523504894,-0.835470424820118,0.4138267506834566,0.7648949639792461,-1.5805979182041037,-0.4176331351841429,-1.054276599459966,-1.072866562189302,-0.8076210537622465
0.8445912543317681,-1.41471073217288,0.6240950096839153,-0.7026637811162871,0.2908649592448908,-1.674742915360628,-0.9099244553255348,1.419555985586196,1.0794285887202824,1.4748974485375823,-0.0403609775384601,-0.3992550253201006,0.6768049840012609,-0.092838882166441,-0.3945879159465594,1.1331315161358544,-1.300675286472177,-2.07778674669639,0.678281641592831,-1.8736359608151945,0.872079060782585
1.0566705009206654,-0.7230168617560611,-1.71467141390488,0.1895099140932851,0.8959176066283763,-0.7282743950281163,-0.9785978791777938,-1.3087811499230768,-1.8323451082147983,1.4488485396600392,0.961925738504068,-0.9445360879753044,-0.843793789773336,-0.9786484128282118,1.4560978906743067,-0.2724377237696103,0.0965003805891103,-0.9087504259849536,-1.3300335201910072,-1.852431584047835,-0.8056585433220201
1.3056916478771086,-0.0136082496359601,-0.6981826433024251,-1.0002346362812071,-1.6158209911353305,1.4197416514208812,-0.6646465310509112,0.057321449535553,1.1268936024749798,-1.6355969177052228,-0.5851110955215281,-2.085107353836181,1.174341178210717,-0.5928140076024038,0.9783842084035724,1.4281732093428892,-1.3526553614880863,0.2573155005428813,-1.9186445459360637,-0.5434095175686517,-1.4024364712803634
-1.3103774728417272,-0.2854676222886825,-1.7649803911356352,-0.0103613521989244,-0.974194956941516,0.1986378700761477,0.0838681759624715,0.3409873840648087,0.7994956285984712,-0.7769299071397976,-1.256622484435978,-0.5670252321785968,1.040527146813095,-0.9803575514713984,-0.2393085782484243,0.9865020182641164,1.031487953898059,-0.6920176399753067,-0.6894354414648406,-1.6475577773747874,-2.1351693612738907
0.9686069183641426,-1.4647100732926783,0.6999502525718422,0.3261735219107561,-1.9361880696604865,1.3157903725702813,0.8935456418917797,0.5852280798704675,1.0189505596953512,0.6034362508162734,1.0915029309509434,1.50976663831586,0.91506529131089,1.5137055344138783,0.5692062136188973,0.4740113117395215,-1.3800659950536731,1.439642947581408,-0.100657548123106,1.3722729003683185,1.1231842072572795
0.3182006665606329,1.24333082792399,0.0788721291901876,0.7627599722492453,0.6870499538846082,0.7955109995454135,-0.6064389594309303,0.0347793185896442,0.7940614415006139,-0.3013976380932914,0.3293890082078627,1.355178354069826,0.2237750982497179,-0.5330990564011301,1.2462666301296512,0.4657424207937677,0.3480477469443955,1.1041768839668682,-1.2950821543488047,-0.1769604403035413,0.4009477577847093
0.953991883114328,0.2722280622260221,0.1634675432559172,-1.4989669248356303,-1.5345882789171108,0.5201317851141756,1.0869956341940243,-0.0055297378125305,0.3744000491062392,0.3662775910601961,-1.8600044961716171,1.0319108261453624,-1.3677838125875506,-1.5967400820365771,-0.8845896068141637,1.1818886391798984,-0.5578958107708459,0.5849892500373479,-0.2257573417079449,-0.5185252700057206,-0.7576840211162785
1.2633170183785658,1.2780257679611544,0.5725772589198527,1.1499770907912945,-1.3966517940742074,1.394635385626771,1.382768637465155,0.2006958041025559,-1.0709602608975934,1.3670458839239936,-0.255060125468449,-0.0693901171770199,-0.6392737950787821,0.9435497845186422,-1.0027416054353866,-0.9515021191301029,-0.6900028468788654,-0.3952946748841223,1.3637307994991683,0.9291465319652114,1.6270414473377088
-0.2819259585618645,-0.1019908871278669,1.325320804900889,1.2194290495026938,1.4482173247123251,0.3806070677823928,1.0772408776102933,-1.5512478103822465,1.0587507814087838,0.0362516094498714,-0.0017496822912134,-1.507544620468101,0.4571477016693856,-0.6846543527346343,1.500899222395917,0.7924505429862833,-1.13690460768734,0.998851606347716,1.359472924632002,-0.4163294685608064,0.3855805229160939
1.3399025819948909,0.4571091059442422,0.644975152095031,1.2009367232134072,-0.922174768268733,0.2481555329401558,-0.0903964495813218,-0.7463177851451602,-0.4689983271394262,0.3177588994394368,-0.7219312200210437,-1.0444681043518889,-0.7987246532542003,0.1070533855994937,-0.8453982676074258,-1.1335850141686654,-1.468628523119003,-0.918518854909057,0.0838735651838387,-0.4182522873422452,0.1984131175963901
-0.1186720672110006,-2.1196449395360077,-0.2462891961915603,0.5949278587260279,0.202320041370187,-1.0636761849054792,-0.3645590743775686,0.0047619419550857,0.1650623821546507,-1.1405579773363446,1.066073695099598,-0.0432032856003804,-0.1481866159692586,1.0298393993297676,0.2828600641672162,-1.3083886307339287,0.6714156198768345,0.5412532816291372,-0.3846900686241149,0.3146990139941409,-0.5663288303423833
0.796504719128208,1.3025912759206342,-1.5924701910164871,-1.2933398182402656,-0.2834506148580151,-1.2641195654538668,-0.8882508844173752,1.119336151658056,-1.0230856039599543,-0.4643421809402694,-1.44094893996202,1.3052574771276957,0.2302256729372058,0.2338948722265074,0.6710694461683927,1.4150796338709446,-0.0861583837516798,-0.5428962574331903,-1.2456617950194315,1.390969958484317,-0.6220248732403681
-1.2891299068544833,-0.2407373808547027,0.7388076310621315,1.1641038684132703,-0.8152234600877114,-0.1794362302293192,0.03544039979167,-0.2018282993199575,-1.5266618574617246,-1.5841420082175997,-0.1448186381418328,0.3970728727117759,0.5448899290153233,0.8392659346855794,0.5761403713620565,1.3067103941722191,0.2434476731677379,1.0179097084598616,1.0662743226329798,-0.0181365867647489,0.193728889124696
-0.3941784352657765,1.0065463221893405,-1.2176214602350348,-1.3593183423598247,-0.1834024919594306,-0.8551071019569042,0.984988648043263,0.3406729980324235,0.5183610182701913,-0.4866029921463235,-0.7884943688648061,0.4971138069019576,0.1071161362552226,0.0928660568700046,-1.1657877990339245,-1.6776709369519205,-0.9465342549904328,1.4655750547718038,-1.2814522687249934,1.1161411445583636,-0.5944875923101058
0.9160313349559206,-2.0662518733323845,1.506569301048777,-1.4832443170929162,-1.502290413062936,0.4231892518694818,1.0955031604545498,0.6026392782078928,-0.6188884296574452,-0.3691841706564225,0.0369523855538801,1.5184043531661275,1.1706766129059838,0.2136895062554076,-1.8757730308027771,-0.3253305564706365,-0.6226473133164158,1.051349332393254,-1.2762806088933438,-0.9732218433394764,1.7519956194669728
-1.001245272953744,-0.2865587822419654,-0.9499706398972272,0.4035268195951001,0.0686271089477387,-0.9349763388110308,-0.5194489558049908,0.3947697208970933,-0.4001036635753765,-0.1609268027545811,-0.7062062081978617,-2.007416964330438,-1.097548436950507,-1.4378760152578474,0.6338036115237309,-0.3159304904326439,1.4869007714865885,0.3659232127428921,0.9407398047784904,0.3520891762572007,-1.6732813432150595
0.3060455866236694,-0.7005692260277675,0.957728537700716,-1.5638422463657045,1.3408032055444714,-0.4251709791173236,-0.4231130269872951,0.9829441040485668,-1.97438611510098,1.116701059537606,1.1098852498488962,-1.0376491586646774,-1.4429329408113722,-1.1717938912793169,1.1962574522033071,-0.4028288006855164,-1.0091471174162312,1.0418951054281982,0.3141669537326087,-1.263025951565475,-0.4598367230608178
-0.4752320418975376,-1.161904595288355,-1.846559528252631,-1.9461393229038433,-0.4209189641889853,-2.0719796777684065,0.4724022775818156,1.2770606748348696,-0.6253200270373362,1.2627643479748103,0.9709768211450822,1.448940864712317,1.3070961281476043,-0.1486773867300267,1.0354110985277205,0.7247242653760841,0.7832343926070575,-1.7742204492608007,1.1047673178804458,-0.798731764964484,1.3391815215733618
-1.3255378600550352,-1.2373413382807503,0.4307425271850267,0.1711976412244838,-0.2413034317651787,-0.5237178757866937,-0.885496892207887,0.2870807628955449,-1.793859447160816,-1.7187975944047096,1.1812307694814888,0.7105370375116962,-0.4500482945161916,-1.069157316431408,-0.0432084902613151,0.2739055821348607,-1.019502203570181,0.1140703064741402,-0.6840016170766806,-0.0306077272064392,-0.3513354506200312
0.35378415527899,1.2262312478838056,0.2585631109229319,-0.5777783966433251,1.5238877918127929,-1.71731313013786,1.4837045072725183,0.0412264309628243,-1.4901785014908118,0.9782341242734088,0.8069795110212645,-1.9938425135557492,0.8755060572139123,-0.4087946499794773,-0.643725769441581,1.2144142496054573,1.118862371741312,-0.0321651099832107,0.6803817891443266,0.6534407455431233,-0.4721781542394052
0.2654613229458562,1.2007814308811586,-1.3832028702669807,0.178016431502772,-0.942618507203074,-0.9458059345605984,1.2182157630882438,-0.4272796247254082,0.4651471764832935,-0.1552729786697194,0.0055790559628249,0.4223082846132891,0.2186208696123961,0.3025879696402719,-1.12849537108517,-0.2147445498105554,0.7412180730674572,0.6660137235878317,0.789447638820397,1.100872773951039,-0.9082603687481086
0.7013959705363647,-0.6893420124401219,-0.7804198231226903,-0.8091824281475642,0.8251766986253104,-0.2224321660739334,-0.1660795152945957,1.39867312473578,1.329809622394948,0.3519461355500995,1.3338269114912011,1.5276578017234574,-0.9296643462348332,1.142625294952871,1.251070161267002,-0.9178787797797776,0.9956475540034236,-0.6020012767470647,1.4553094530216228,-0.7135066987560705,1.6859003255383314
0.094337432251573,1.2917076052274836,1.3288874162523507,0.8984264250304775,0.6791129654455451,-1.4009000826634823,1.0423590298589531,1.3465968020978232,-1.2552710140023742,1.1226351220317266,1.2599715636735118,-0.8162936181109706,0.5378046660850179,0.5238631995690379,-0.857039274020478,1.259835096165635,0.2287434036986773,-1.6742849660962027,0.4089386263935096,-2.018600318087104,0.7745128023566391
1.4690171659178457,0.2085061433778114,-0.3253138001187751,-0.2819360867961131,0.2704175645336993,0.0598426683937869,-0.6754699889357407,-2.0954236975895113,1.132377480721732,1.5178316386280784,-1.806349047415194,0.5966227858182037,0.0041282387111002,0.9388133934418972,-0.9875242598473872,1.1997157050618303,1.052114481537713,1.035583519230814,1.1100387365176554,-0.9670825838544108,0.340337260247821
-0.0637666339041013,-2.147517633843326,0.8380753342953424,-1.3080404160910903,-1.0905061123976811,0.6818465401888906,-1.199246447111193,-1.3476789233250517,1.087433442222579,1.3493217388668952,1.1637131920400192,-0.445395124788305,-1.572594756473311,-1.9046103189726744,0.2549948062915619,0.2648654773233891,-1.2099568196008923,0.4486178534485693,0.4199225806928333,0.1684748416578377,-1.1451042727450198
0.5351394164206279,-0.5362875134368255,1.1339047584410298,-0.8398563851547564,-0.6925725267219333,1.388541795889798,1.392496275448065,0.8874790526507654,0.7151586571492723,0.8016394196648426,-0.6620485037726364,-0.8908865053196977,-1.386349791315798,0.2047984843067246,-0.7966640756123338,0.1181081640802307,-1.8160378507472896,-0.3051398735065378,0.3320525083056387,-1.7378733605416137,0.8104780989843214
-0.6905207987245464,0.4319347562639148,0.338219733151737,1.2478973156307074,0.091407862107198,0.2375653818011273,1.3522529876586986,-0.093525062805152,-0.0372087471919066,-0.4415238994882217,-1.28585470954755,0.1285689796867534,1.2468178783328363,-0.6621205781168694,-0.6478197852177389,0.6031687976141804,-0.3376772929360127,1.2836858306325143,0.8262151908911832,0.0212595184195971,0.005977174348698
1.43167781438408,-0.0771804943548915,1.0190185675972163,-0.5493178572935121,-0.0444076340808643,-1.6124328185113326,-0.6970744802416695,-0.6345469079441605,-1.821218660367178,-1.1795406402019937,0.1320422749824597,1.4820540396974744,0.6478663352447658,-0.979791684511452,0.7798242812823583,0.2451927788205838,1.0253289541855504,1.2669986717526365,-0.6173235092248469,0.9083648455634336,-0.0485488416461683
1.4007253441381171,0.3319158963587056,-0.7029446140768162,1.4710307069277688,-1.2865746301359964,-1.849839235484668,0.1170864006635252,-0.2178429744171946,0.9665362598170276,1.038517621291891,1.100131479562377,-0.5192615888123912,0.8073941776313515,1.4419342137909208,0.7516797680560855,-0.5176464948819042,-0.3009681269401467,0.6987371017845352,0.0960446966146569,-1.591839541697747,-0.7864871899185701
-1.0539934745452468,1.2341074640762526,-1.48672511238854,0.9149049808385532,-1.0219175881053302,-0.8217498077452805,-0.9169639087271624,-0.7892662862101505,-1.8730971615093268,0.3711939112306866,0.5990926021699117,0.8626959972622857,1.2041532156277348,-1.065132326337371,-1.4922814016931654,0.1179876820498223,-1.090842844745768,0.4959462889472641,-1.2244598757971428,-1.0119104670957448,-0.966511647354103
-0.987267513142079,1.0246405718996854,1.4269763610623083,-0.9110154643414002,-1.5301786298072209,-1.8734276206953648,0.3312375706276811,1.2570100016979304,0.3504688280513564,-0.7781687071521747,0.96512064775479,1.30589616612563,-0.6733907297291087,0.4439037729105756,1.367381317118422,1.3596143502011775,0.630377055489656,1.0907681077047,0.1310227676119884,0.3868956240415989,1.1134935831054278
-1.354143989654392,-0.0625275894549333,1.2996466871075536,1.044907752309948,-0.0550185839106378,-1.2480070150001574,0.9689452932671851,-1.135008878654551,-0.6719275134052314,1.5264540285475088,1.368210312314582,-0.4343418373780269,0.9038506796223011,-0.0433234146586745,0.5048225914923464,-2.046609783946406,1.3743830921211189,-0.6720566697039906,1.2585484493411137,0.334718375995097,1.645249761351071
-0.8071503893520973,0.4401433732414064,-0.5354223027816958,-0.8050129631995361,0.3422412276568687,1.261716836992578,-0.1260317464029167,-1.2999193854992108,-1.4934045346163904,-0.7900228673127397,0.5198342643902262,0.4932837687589597,-0.3528694360884453,1.1804121883709733,-1.623408548842116,0.122959673154943,1.4901664116954545,-0.2206644567336592,-0.1882218443487301,0.5305531070889881,-0.277863473280197
0.6226807461548245,-2.0136455344118738,1.3717798302151247,0.9591260555438518,-0.9148970898178626,-0.0193387176711746,1.0925737353394078,1.4282757371403974,0.9863215839792387,0.3283941321474214,-0.8067942320083168,1.102018994120443,1.0847800884978762,0.8056222597390643,0.6598275308996159,-1.7405872842143932,0.3996567401811171,0.5316455272765024,-0.157203300503105,1.1177730767490348,1.394718592623617
1.2116181667860226,0.7724028347125145,-0.5914059191187944,0.2799875280767647,-1.9003314386627932,0.4055415779925564,1.2196474278247869,-0.5021217511227065,-1.9699827577102489,0.6558211174288838,1.3487849440027997,-1.3650288164590234,-0.6384196991186022,-1.6620118826104209,-1.4697428616731882,1.269458610537081,-0.3614982567211506,1.4532852197658617,1.3694741153269676,0.7433789654190942,-0.8595511190452931
1.1806127999712217,0.9231216288773892,1.0189793387217798,-1.6622844309930105,0.4902895920953186,-1.7916612031125685,0.2455373695330846,-1.9429514799673564,-0.6526768495259312,1.2982176246745611,0.0655512184926507,0.0687566536381219,0.2583354342298893,0.3869339292508202,-0.0529962573951798,-1.475092293987834,-0.1543527525251709,0.048162813933431,-0.2525859993080562,0.2527247517303402,1.138974575502656
-0.4905040015284973,-1.7717944289785983,0.5209305153197068,0.3735661283802073,1.2286186856938952,0.2577740595149468,0.3412268749757972,1.278413495833536,0.0885565723653763,0.1544852016399774,0.3457345727092781,-0.0200303101525314,-0.9728247470080418,-1.8998440778671224,-1.7942584240519837,-0.0757181968550531,-0.9469784140921108,-1.2095712612900986,-1.7181425756560436,-1.193048658766443,-0.3655953018065946
1.227451545084503,1.3126820846034677,0.6867972236204647,1.448701608090634,0.4609019506710473,1.3873112876231386,0.5704826936014022,0.69458499848187,0.8796991087780457,-0.5431610653590799,-2.091819279104765,-0.5786753636930954,-0.4927453883150471,1.3344555748923417,0.5238451940446237,1.3413652764152506,-0.5888936949141238,-0.846814728642091,-1.1015881219362331,-0.8238631397464661,0.7227943889548415
-1.196833435937185,-0.6535366575954145,-0.2102228457549218,0.0186296919331592,0.7011301864408851,-1.158844778642058,-0.8487591374614928,0.5443501543346502,-1.888749957450504,-0.4599723022489554,-0.5497538998378314,1.0529008032385856,-0.959625833739221,-0.5407491967771407,0.3261237936759956,-1.109724648106004,1.156158726901913,1.4189837902592952,0.7356432164642904,0.2426548683245112,-0.1725951198308102
-0.5055401354559846,1.375298049779654,-0.9876776966253192,-0.3411571992152853,-0.4950025724673647,1.1810479929108415,0.6189647220149618,1.4200003569624395,0.4254667704924817,1.538282118754836,-1.0411402360436672,-1.3060508126512391,0.0395337141100944,1.3500719510729902,0.4304418189927911,-1.5952627908567982,-0.0036407169237145,-0.1607489471108669,0.3479059177931737,-2.0532616072378276,-1.7360816085950863
-1.946420083908953,-0.0584571752547829,-1.652468575070113,0.6949781878962693,0.3406140442026169,-1.035218191161238,1.1690732682619556,-1.288962085304887,0.4770292310997127,-0.170016739787698,0.5444946207251098,-1.341372663410956,0.4154888039254399,0.1165697998942052,-0.5777095439127841,0.1049495302890071,-0.3240413342498291,0.088210012980059,1.262450555645103,-0.2912814268583948,-0.9988996748999308
-0.2915339306695081,1.1836300597173612,1.0174667960773849,0.258507470580529,0.1955408042365349,0.8102260036613033,-0.872859383593917,-0.1723186170511162,0.9023163561693804,1.0474332818807897,0.9269662213096518,-0.6515730133923832,-0.3175920176402629,-0.2942839441617979,-0.0559152822831647,0.7084024706336474,0.8614514682277703,0.3492487882377806,1.3579154277668173,-0.9411797994396338,1.6409670868597748
0.218567421181705,-1.803236293774794,-0.5277893994374917,0.1387418860972856,-1.515610153127197,-0.4224970330586995,0.9566395166182412,-0.6357097796396934,-0.2320874379377581,-1.0882015663883102,1.4057674541794358,0.9998453945019004,1.448682600595547,0.0974034108397084,0.199919621501584,-1.7142502413126603,-0.0814299411540384,0.8907792227028261,-1.237311686883868,1.2847656669891356,-0.0424673909235268
-0.3013150304709352,-1.5686784800724964,0.5312208584066763,0.8712098836965103,0.4569508693543885,1.1081327132689534,-1.4093951614343476,1.3841787656196525,1.3864654488159944,0.2958066198757337,-0.6514234247170619,-1.6084169928332743,-0.5913730478944181,0.3870934843524786,-0.6722991536376949,0.7316101556683737,0.688287833615954,1.1052262707430165,1.3597863673144162,0.086602478951644,1.1512217048053803
0.1656067588860292,0.454613538499745,-0.2773866407915624,-0.30217698188159,1.4385004592824593,0.4379994576771988,-0.4746208519747121,-1.237261078150072,1.5840478905581072,1.525294174447423,1.0041451299002455,-0.7233454133662054,0.2393581373328965,-0.6816896760860423,-1.7574735599717104,-0.2948610541000831,-1.3238073444272394,-0.1715981764766147,0.3902991947845357,-1.6600070056375087,-0.197757492487505
0.7885033372835477,-0.5754887996143772,-1.067221193959719,-0.2932256225152638,-1.2472954101207163,-1.3912523812087934,-0.4949166078954115,-0.4078845731110146,1.3866848582784872,-1.1085896714585592,1.2184966404901982,0.6877433654768409,-1.0584545392141382,1.422779154462502,0.9223790587491072,0.5071988595824641,1.4301157104921205,0.2591780627146312,0.8929437437341416,0.6539371872878057,-0.7108603060658532
-1.7429044677191934,0.3229179570111002,-0.0393006636397886,-0.3759790916595318,0.1450930978142159,0.6394650324956566,0.6577856687331702,0.0971744309311851,-2.025863715023939,-1.540675579724788,0.1010560409398184,-0.4554212530934189,0.8477043439237834,-0.6203943836472772,1.3005935247597256,-1.3592999637009786,0.3732972050958132,0.242684208555369,-0.6405144216469281,0.5336544783853916,-1.2649680333934292
-1.5868411024212097,-0.6213247697059131,-0.8695087626781036,1.0105355445076185,-0.9238671174532818,-0.7408149162981646,0.8533341579796717,-1.7090226041174463,1.6011384836507354,-0.7662475623506932,-1.7622171031767109,0.3986270005984537,0.4242808299642034,-0.9176473554793192,1.5211428588154954,0.6285077951069624,-1.4798118932701203,1.4992474822439597,0.1995499434836262,-1.4758437137384572,-1.6826333858815754
0.7054101245497292,-1.3923642171006383,-1.8491667239998943,-1.3126599509709287,1.028700083735038,-0.5716052548143641,-0.0529093486291245,1.344051539385131,0.796214764737533,0.6165402503567411,1.4379029041246174,1.4802478190183943,-1.172802790984149,1.058600416040536,1.1075369472082388,-0.3613440124676411,-0.2429829068433948,-1.7532461573946263,1.363581978551487,0.794462093511306,0.6902156753905586
-1.190231246097322,-0.4238797724674084,-1.2883579975187534,0.945514891836136,-1.978737225873823,-0.5336287753543414,-1.2530618574267824,0.2593016770495936,-0.6891572842228995,0.5302209264209706,-0.1603353103611354,-2.0274317181166257,0.3227216988654615,0.4408438976793862,1.3657005640594853,1.281720693471142,-0.0764802034219537,1.006780747500594,0.6353840025288251,-1.3121852570855408,-0.8020573363250301
-0.6299565339801528,1.2517257393640286,1.16982605366348,-0.6499580132655101,0.7805664966787347,-2.004622505757482,0.3803271788768051,-0.882224994750588,-0.1060370730458368,-1.5250938271359344,-0.3987304013732485,0.3976132738537589,-0.0286798707388692,0.4094531982149707,-0.6263715277131551,0.7017156647246229,1.3777236455740511,0.4091836254850023,0.827644235742763,-0.1515283339146229,0.1516305136883634
1.4065626054002505,-0.2161009639453616,-0.8420469936491155,0.3038597699706596,-0.4643613353504541,0.8070205292612015,0.6168054592490703,-1.836100006026706,-1.7743731512133296,1.3716311133130028,-0.5798153315446679,-0.3640317643771568,0.5258991836800223,-1.0917582890262778,-1.0281571498937767,-0.4644906896757907,-0.9352011033416704,0.2359588215362935,1.4967397419851407,-0.8179124276799946,0.6558500137452435
-1.6621424340764126,1.266191115404432,-1.3216255987552823,1.101376986337511,0.3490937793529188,0.8096835672393786,0.2422717966322499,-0.7504163680781178,0.0863233840762007,-0.4211575778306826,-0.4142914354657583,0.8902575618533698,-0.3922142012878196,-0.5958682574951606,-1.9985230239580445,0.954994447862413,0.0151402410358423,1.3695498844112906,-1.0642441415192905,-0.3869762750046586,-0.8955151038293047
-1.5029684598443718,-1.5726253953039082,0.1969751335062441,-0.3941788624161682,-1.174509413513846,-1.3490129821876349,-1.474898601568734,-2.114096855920965,0.7071400987368428,0.5987407583214075,0.7665604063789491,-1.0526451207832337,0.8503029380563656,0.7169620251403929,-0.7467583637000584,-0.0105065659182054,-1.319425168307157,1.244083683060438,0.8993303198895043,-1.8381088539759685,0.0645536877660729
0.4260339527846158,0.7447742860951408,-0.4383507233619862,1.465487126927373,0.4912506866725075,-0.511618521305754,0.7454346979277456,-0.5657309021277899,-1.230920162949985,0.0728536157869072,0.9124217044414316,1.1849098831007037,0.1971133341675342,-1.5714580639820488,0.09313755789152,1.417444544014076,1.252911897577804,0.1391884877749477,-0.4542206972485426,-0.6207759478415682,-1.1201645208387685
-0.5337110843053661,-0.5577273890304453,0.2789472444915382,0.2680910876290809,0.5185429623751006,-1.4576041565425946,1.0842943451851923,-0.3318426178734101,-0.2096391738883971,-0.7076349753263234,0.7068604831152667,1.1853734186074572,1.4748721546998074,1.5027539614108276,1.1248162848080447,1.3091291716521922,-0.7619017042317089,0.9397779058748948,1.072283109375992,-1.3708410464649965,1.0904921348140857
-0.5286607423920758,0.4127206155599459,-0.9814412025675698,0.0861972094180777,0.6165053460096964,-0.7123661388266804,0.7769960226458839,-1.474675608608042,0.3609273829507118,-0.4444316378873342,0.1505677699482794,1.1068829480814812,0.7297331651866872,-1.3920477297431852,1.4201910839023515,0.0969789925893679,-0.0808731872579921,1.389666569115208,0.305661516665092,-0.6213713791330182,-1.4277881521998432
-2.0211562841103374,-1.1680455660036548,1.270299904118488,-0.1418013343492465,0.3067563545472609,-1.0924194040239366,-0.0450779873074582,0.5239436875904647,0.3403346321081352,-1.265967482750788,-0.4982610987462624,0.6249476830879647,0.5284235747518216,0.368634248184828,1.2821511166204922,0.1307172297911197,0.8654205175801374,-0.3972746164406711,0.2574229260249014,-1.693517669440333,-0.1266277238217031
0.328940531205453,-0.8829978435848004,0.0498993774920724,0.9819124163432028,-1.1163088926903617,-1.5780825945482175,-0.2517854627988626,-0.1428116341680058,1.2488201125557237,-1.2385326179754397,-1.7734183034806943,0.2342935324022446,-1.2492523042634986,1.2395720626482347,-1.320062405197562,-0.5274349746273127,1.0211705674752471,-0.4831957053706002,1.2320272783761557,-0.1172649468721891,0.0222345138528079
0.0677525577407654,1.523943593456298,-0.0314772591056076,-0.6997858133957435,-0.8750696385873652,0.988775554445065,0.3731711232550554,1.3047635028831166,-1.6968947454433887,1.0632275139201004,0.7435452331160953,0.6593520657922343,-1.766799402290427,-1.3315469886946805,-0.431697972217002,-0.8044994148069371,0.0320698247464174,-1.7150564045094554,-1.831657810087997,1.5457656023141908,0.2714960937210288
-0.4079095529031561,0.2618072942513269,1.4017722312613603,-1.993678713180106,-0.6328869076378404,0.496952757234876,-0.4748665281031872,1.0449759928920206,-1.3825718574493215,0.5022671593999327,-1.3970562927313217,-1.1456698101895673,-0.3276609026274455,-1.773659355430604,0.9128987320347824,0.8916609057837915,0.6651838869168266,-0.6049509824543655,0.5491638890942878,-1.1200456765754705,-0.6847726891988688
1.5571748892487405,-0.5922947089502303,-0.6400031800859712,-0.8563242203759509,0.721292129708047,0.4748805729261174,0.94745088964706,-0.6922534614096365,1.3779489742928517,0.9817325694013592,-1.264063003902533,0.4483039179300516,0.4691014179126747,-0.7052494368369383,0.045337847186263,-1.1545907103124486,0.8196602030922023,1.4555152709208556,-0.9447519849262777,-0.9875745039813212,0.1732866924206043
1.1899364261772216,0.1387646872266292,1.2819692752073812,0.9854806774046414,0.0692514359139285,-0.6436856977046486,-1.7452811832323938,-0.4094030220520054,0.921800476830251,-0.3008828789245048,0.8983225564412438,-0.9532525499170824,-0.1817855372255022,-0.8873333106811597,0.7115865831404673,1.0395906030531006,-0.9103177967217544,0.1670227790773251,-1.6579308030644602,-0.5708140118599822,0.8863302999078777
-0.6060787915118135,0.8965558913310846,0.6739028376794312,-0.1666066460570467,1.524981255555095,-1.3679843472085125,-1.2216164426156717,0.4084147510552172,-0.3394549685101245,-1.2637333237826185,0.5916060099284517,-0.8877421496222135,-2.018515357665618,1.340883363492746,1.2856049335064088,-0.7006182203137475,0.7157403756276889,1.2148658988305896,0.5689396959897971,1.251541858045186,-0.471840252450119
-1.981459760602699,1.3209449435124845,0.5202763451276242,0.707358703201364,-0.5054723156951727,-0.7419459862554886,0.7049601806456979,-0.2754283520878804,-1.3595841403720137,0.6647693163573886,1.1447319996789307,1.517604164011595,1.490963221701573,0.0743935983705043,-0.0239451007806543,-2.1106534513690076,0.6547955554662966,1.066079692178127,-0.3680752647932214,0.7545901100456579,1.0544403294842046
0.8864795473254939,1.2943099025821398,1.4350327269151222,-1.6535837861992049,0.7144994570680715,-0.2676873379541264,1.0098073957609996,0.5844109466869502,-0.3242683057606418,0.1172704735290525,0.9418042690364652,0.3400536502307813,0.1967213078440712,0.8135135285013673,1.2602487844151071,0.85352307425128,0.119014671118879,-0.6186790631516701,1.400501784817057,0.800936821214293,2.3196848391371923
0.7459648082965088,-0.917229605016722,-0.4395719671588277,0.8787963236200121,-0.7653244745990655,0.7560605297788248,1.417182295409279,0.2867526720092042,-0.1461595248879646,1.4615852599940302,1.0971562627785212,-0.95626627425649,0.1316113262253107,1.428346226591011,-0.08029059904409,-0.6296129786931849,1.14131101445474,1.2615666725396577,-0.4341878707905145,0.6757232603246917,-1.7161472258350552
0.2100054348163693,0.7539885945197178,-0.2551175757218118,0.6562109561801274,0.766409148375973,-1.570174022680742,-0.0892383292259255,1.4930981846610647,-0.8203581449149789,-2.1035155438997424,-0.8971734976460548,1.4671168478132954,0.1967187058571406,0.6599143482089797,-0.4111126079527342,1.3342264061647175,1.230406593129552,-0.8011355842712801,0.4474875688451875,-1.0554359606275,-0.3195030061994577
-0.1700949021336736,-1.7427845441844971,-0.5880766661349176,1.0444027504068525,1.518450936558264,-0.8254742277108388,0.1135464996358137,1.3749069610939773,1.4076990028595522,0.9430010000543528,0.9648806230449696,0.8989031781515138,-1.475983106564988,1.392175501013611,0.5972821767783213,0.0559151282833329,0.8272707160030656,-0.9720683290936846,1.2104742919902065,-1.0056586719780998,0.7507222223319641
-0.0657991887618175,-2.0326692863505507,0.3350841913528915,0.4856029358794568,0.3684152063166301,0.8218944533595468,-0.0644684764731131,-0.5533327978737667,0.8371091284126522,-1.750491886030645,1.0912001351574088,-0.5669796088343243,-0.3005621123749921,1.0279210936878296,1.1086176863017243,0.8306154127447491,-0.9418028120426865,1.3947830149801086,-0.1542235748361865,0.1333929283993641,-0.8979450490414606
1.4612086223828686,-0.4473047201522601,-1.153180115035712,1.1132657247116675,-1.5446005158867764,-1.6865793145126484,1.1076235576454216,0.3483026692625385,-0.4672008000195683,0.8102211461876678,-0.4968880228997531,-0.3397631111756976,0.3505870435936008,-1.5729591377625882,1.2989925033234424,0.4389094230080584,0.6746923512477958,-1.1196441391208751,1.0795658636449,1.3218764775364502,-1.190508031916222
0.3738920385138705,0.6206649506481801,-1.0498542827101824,-2.008328913954605,-1.2643214028245395,-2.033471912413868,-0.926936572652356,-0.1844874869068143,0.6306768009957051,1.4116262243322193,1.026017105480176,-1.575079471730518,-1.6716283913727876,-0.530555196465335,-1.9564109673089227,0.5251812391529603,1.3722954032610173,0.7525323553152894,-0.6051935437799595,1.3932791119530237,-0.7951956718694959
1.275052382204979,0.1007887819831531,0.1637575525162752,0.6727611297038987,0.3459399170967443,1.295969874674838,0.3768932307111794,-1.17785721584366,-0.9787060617773272,0.1354473524318303,1.1351202163433127,1.2346637253986843,-2.011298920883018,0.6692968595941488,0.8853811031818527,-1.318699292553312,0.4907193660648411,0.6412591888064638,-1.1257721936020182,-0.5831187308362454,1.2180133275321654
1.0625109834976951,-0.8391707534813365,0.8701296123776744,-0.2126316644655606,0.0010443696231208,0.3261783321481534,0.6427540436100015,-0.1313770701454467,-0.9379087798279844,0.0133078677104049,-1.8844332440787095,-0.0690806933479861,1.249731174964669,-0.6370762482316021,-1.0364666897803432,-1.4174965223274318,-0.8766199114124661,0.4867414770402255,-0.4051968911427182,-1.6999023974685123,-0.3460633679019729
0.8694387402424215,0.0646408865426291,-1.772095768178614,-1.3339369924927933,1.523786194842795,-1.3847031202201845,0.9206312847714828,-1.420915097739384,0.8616559332147506,0.1284549804046489,1.0106699310955638,-0.9675923182848588,-0.5204537688277385,-0.7075380042452896,0.5432701656677843,-0.7696192069778328,-0.6146842030430355,-2.133929732033447,0.95363393394485,1.1508384519175727,-2.1673959164555407
1.4314582846366677,1.4892550391921924,-2.1121932426591163,-1.2148068263003529,0.1207106047280705,-0.0527419712613545,0.6018041888246886,-1.1944301987095738,-2.0831484512570997,0.6718565564714253,0.7728415028877555,-1.8576020931099395,1.144348815500523,-1.842693206325624,0.7923976951442951,1.4916278783495482,-0.2715270676781679,0.5011591032220072,0.839142795514264,1.315795611890825,-2.7298930673065023
0.7842885543701424,-1.2664661759953806,-1.2523463430159738,-1.5493909655594191,0.8913377628694823,-1.4408528093499244,1.003273622389954,-0.6373719262897757,-0.7702343266593086,-0.6276734984516054,0.7764148869345868,-0.5981928944217096,0.0035740065844497,-0.1172952940331319,-1.9393465673273087,-1.4962715448466308,0.418078885902148,1.1854240784271883,-0.6493763311449993,1.188858541763841,-1.5338379107325293
-1.5129747184395863,-1.3494848931348076,0.8794556483477062,0.7061003931461298,0.8544770943930263,0.4469590059001206,1.176219405444999,0.514809235937657,0.6878862188645599,-0.4048380274567533,0.5413155499024447,0.6374524818883716,0.134326263811751,1.266184657634057,1.413677016274374,-0.9156953783336402,-1.0829284371085426,-0.7685949314190453,-0.3193468448669046,-1.321691584042546,0.676407063469171
1.1194264497221773,1.183445469075019,0.1821960107781275,0.1940121743187814,0.9282851379799996,-1.345431506138962,1.1202196582898625,-0.8259986123037937,0.6021208796214795,-1.0248922594964929,1.1470672883097957,1.5606685930075062,-0.8727904041099525,-0.704775162153143,1.1061216493773784,1.2337000526517148,0.9648915257945376,-0.6436894468546414,-0.9043817038563382,0.111347685522452,-0.6169306185397906
1.273667264587695,0.4488010459509267,0.0878891062694825,-0.2690178871828499,1.3541487965409285,1.5044962815804068,-1.5016762779999675,0.4243516004090926,-1.3429185968123598,-1.6702043750705364,0.296298069667807,0.4760761136280512,0.8384273417191219,-0.0454822053470791,1.2600668267684132,1.1044253858889994,-2.2153674979518514,0.5348410193836696,-0.2029665855816614,-2.0824607415168517,-1.125089016573693
1.4541321883844038,1.4800888537375685,0.5526920675157747,1.5265791851231003,1.0520560059277926,-0.5856612879846105,-1.198312518977913,0.4548046218675979,-1.6902660038224218,0.7693293149725068,-1.1439406849327056,-1.65987422763231,0.6005177277886192,-0.4642765389149785,1.2969295527802966,0.1648265899917201,1.2755615201557184,-0.6641826904566347,-1.211764181204013,0.8635771796798406,0.1974785936297241
0.1338197329093402,1.209545068153969,0.6939464481332912,-1.3172513365619538,0.1804973004532259,-1.3897529814488412,-0.1351682104753158,0.0868994623318762,0.0388727491551985,-0.9389127917995442,-1.081183775044108,0.3425415437405845,-1.2447202580305812,0.958000787471879,-1.1775943639092306,1.0674133943880335,0.3347204874068782,1.0145151421767036,0.8902257577136867,-1.8135344839690928,0.3647526512267313
-0.6189287079404988,0.9480939533490356,-1.3830271196648465,1.3255763373586638,-1.4370083317457634,0.7404928802295372,-1.3289580470077125,0.0396371288556314,-1.7448689007163918,1.1320856225310876,0.5906185338875074,-0.4060075910659445,-0.8856865899437699,0.8191273335988787,-0.934092443376168,0.3531862361791068,-1.3523090512922076,0.8133105865039355,-1.540261431576439,1.41134711091,0.4021949778219094
0.3796953533218472,0.5867900428655696,-0.0546665383055133,-0.2808552237521048,0.1217980064720188,1.0755101447866922,1.0932610243147505,0.5856385679588985,0.8027065496461568,0.4470963357199254,0.6959420073576682,-1.2297769617576786,1.4642308278307423,-1.1943298851317117,1.0717692861436214,0.2463311571413476,0.6000265721549864,1.286223559396764,-1.0082096606775055,1.158156389398036,-1.0884955092689967
-1.6207238043883052,-1.7598500805776176,0.7536377409207359,0.1581693766856068,-0.6349677324293364,-1.2795561889380098,-0.6075349700290168,0.8579982040235304,0.5681326754506191,1.5337068982029936,1.4134028086340824,1.339264197665257,1.5257801936692243,0.803902931861143,-1.0915167030751611,0.9881550735830896,0.6720362772354936,0.1899053814207424,1.1966222384630074,1.0998358335717364,1.8571913180123376
0.7676355203349199,0.5128871749247367,-0.0843132089510688,0.3290064456805596,-1.5017530624272424,0.6025583489105255,1.168643649525533,1.417552051424485,0.6843896751443403,0.0258615483032176,0.9266274744253788,0.3220081519586204,1.0126299215338623,0.0512268898164703,-0.3795405613434094,-0.4941954519109752,-0.6368282612578059,-0.9607525651089232,-0.0679014995533804,-0.0860597466073675,-0.2802830366543578
-0.0410694296767057,0.2604550555321258,-1.8869917749874936,-1.7284322319984604,-0.4884758946767826,0.9464002367948926,-0.8847156464005558,0.5614046497315345,-1.1468091665137503,0.9992831768180438,-0.7361681588734906,-0.0523013628608135,0.9260896680040024,-0.1469274368789454,-0.3300070556192767,-1.5717476148089216,1.5711686492055446,0.3716234991237888,1.2576888091660985,1.476225045694112,-0.0565882099866131
-2.010642181267695,0.8872841527069952,-1.429117465871781,0.5544307432936083,-0.8096281767879255,1.4418367551807845,-1.0268154172007646,-2.020549120056457,1.158629722930046,-0.8805128786257429,-1.671229330892251,-1.0791247406370927,0.013842299319365,0.5448447475967297,-1.9036000794774248,1.0521820288032735,-0.6114441044857192,-0.911773521418662,-1.3065364865067457,-0.0520457171090628,-1.2130370476417316
-1.8792789800841816,0.8223307130038658,0.1869104294911262,-0.9587099941707452,-1.7540946447785997,0.4141852496102407,1.504420398395439,1.5272709019771926,-0.8995459238068264,1.2905182337523886,1.2714020844163656,-0.3156044969896172,-0.2937962153134358,0.9369850674805066,-0.3872625636313787,0.1705979516816655,1.4638692010521848,-1.0175795410558537,-0.1322666586574085,1.304647685740464,0.6795768818476483
0.8583848711118331,-2.056211470089473,0.317932313905182,-0.9620141744335252,-0.4394509922230361,0.2980729859497387,-0.5872307504751672,0.0679174264690593,-0.3630758033986051,0.2780001368364787,1.1773927330648393,0.9472686392054094,0.3865384854845405,0.8666650116750172,0.9176305208752328,-1.2959877669562494,0.152756880962341,0.9844016761874084,1.278975621165182,0.7143070255176112,1.4361944670374245
-0.5111098736237233,-0.8412713180180654,-1.529943235256059,-0.0656648787465827,1.0437725448467758,-0.2765759331156657,0.2657912104003968,1.5100696414411094,1.4072180032895416,0.1888474357655912,-0.5318497852827937,-1.712441876562523,-0.6087379856278757,-1.9255345658759864,0.9860918140196476,-1.2029190266136986,-1.0178842594232398,-0.8672335605958021,-1.3119745086121393,1.5378195131065024,-1.9473060085237888
0.5041734395898813,1.160245062314662,1.2130727298146238,0.926957308266491,1.466753322574178,0.9229905665789488,1.4688998801348818,1.4190896543610152,-0.6212409577756345,0.3240758207139901,0.1571112152472051,-0.8346710990127161,1.561280109370902,1.4117088270362148,0.8199933540475252,0.452099291173247,1.1228809895485865,1.351414330555397,-0.890250114709095,1.20528725219607,1.2669508937680762
0.1255969450256892,0.404950202864541,1.0503726552500998,0.6968779045775314,0.2205629650912706,-0.8017779130325532,0.499105056804497,-0.4649720644238933,-1.0132220050830316,-0.3710515104397058,0.1309268211747388,1.0871911512975474,0.2115868771508703,0.5669129648910959,1.5123186849046617,-1.3768614303764737,-0.4055529581068878,0.5100544288138883,0.8886340655297889,0.328543915049088,0.6399428609581223
-0.0268679229597217,0.6885165934269508,0.8942339084368442,1.4124572774330215,-1.5778324698713473,-0.5847455374001467,0.2226417780440424,-0.1347066223705323,-1.163071833375361,1.157597067171945,-0.4520181223730549,0.5203177580305455,-0.926530831404584,-0.2450694066434471,0.931251486454062,1.0436560643359931,1.2931364954941345,1.1641787271219717,-0.9233671912513578,1.313534382043433,1.6005389913552288
1.1756617051940894,-0.6988817994094161,-0.6632091110939045,-0.0595000416866671,1.4586496611471345,0.1817908872532096,-1.52536707551248,0.6410793514132904,0.3316456514696567,0.7325282713083615,-1.0387245038459945,-0.7751224318081628,1.2531672883007887,0.7791496099298392,-0.0010567747730015,1.499051375037384,-0.1942344415698029,-0.2207613508069897,-0.649427135921056,-1.4215507066880184,-0.3297761060354125
-1.668770276227666,-0.6334507423195279,-0.2882846225973902,-0.1575942934850851,0.9227872090484208,0.5340436324906818,1.163346904798569,-0.332256148413213,1.239180847088702,0.987595841058029,-1.5446182283483385,-1.0264671679176576,1.087578226219591,-0.4904274467523982,-0.0073362662672575,0.4236948886721414,0.6368117463311583,0.9440230313780288,1.0116497267051607,1.5348849073208637,-0.0436660666968714
-0.159309465220121,0.7331781661272462,0.8220220613308558,0.8177130840629708,0.9056179256154684,-0.1633439668952597,-0.9973297323750516,-0.5838270128879746,-2.078392034409275,0.0103117940422946,0.8599091750367488,-1.4808649301750572,0.4920166292413107,0.930262598320278,0.1695895213986476,1.289254393407236,-1.6559692225829905,1.2035484825517897,0.6878214852734963,1.2704220439669471,0.5525563925719718
-0.1099166019059566,-0.8042071248625181,-0.2232604157524046,0.1191989995268556,0.1095248530669322,-0.3857270892566817,-2.1924035487642377,-0.1448691960655688,-1.2533352122102457,-0.4863951575183562,1.080471925621724,0.5958454126073504,-0.114958948520033,-1.4695025709127958,-0.0249378340430951,-1.03551815892289,1.2611277130869372,0.8742804038349693,0.1706581866684327,0.888779553010199,-1.7757903686123335
-1.0493824156934477,0.1068942530710405,-0.458791431705017,0.4848138370210512,1.5031134954695748,-1.1246491474206717,-0.68941821745626,0.6700260715224685,0.7308724817128573,-1.6439500879115134,1.1483523844595138,-0.3491573164369851,-0.1051138490777971,-1.3801777914698212,-1.4454363521062896,0.5619889761069201,-0.0060518906806384,1.226128707364348,1.3009899468808066,-0.0991733967188751,-1.3807077453103052
1.0375770231611767,-2.092653306336127,-0.8408287935657682,1.4403225167728553,-1.2212544335575248,0.670648565902629,0.6142258568534801,0.1739589736145694,-2.192998940065113,1.5161815366044689,0.8221409124294342,0.6112770395310468,-0.2754638114891941,0.1744210047108183,0.0358953180762161,-0.7038693569485391,0.4102946006733833,1.3671405326090205,0.7498969268968733,0.3433698657518279,0.7317684284876683
0.1746594365060554,-0.1848639109402214,-1.83447060670457,0.2786811931405957,-0.798924395778343,-0.006677845083102,0.0754620531023076,-1.016594408673286,1.1444088497852796,-0.4434708474209828,-1.609778509674158,-1.601794116286677,1.131765357630592,1.358791788454787,0.5023717381565321,-0.4079476971885628,0.450211216049819,-0.4017885397376822,0.0968978717046833,0.4067970565027423,-1.5475150122582624
0.4851315661224407,-1.17386686771805,0.6067106947787604,0.8546602201752262,0.6524508539568737,1.3747311984556132,-0.8565922771702105,0.9615241427355706,-1.2002160359475884,-0.3265275516003711,-0.1295650948054433,-2.0334436482316502,-1.08482849588672,-0.5851236350074864,0.3949404925091346,-1.4579406122219776,1.442270632425051,0.1676378298239505,0.4322252876845929,0.7134207137157403,-1.044713837002267
-0.8493509509975787,0.3604177318136902,-0.5420581584174592,-1.6452408210310907,0.697767878396098,-0.4297211622905692,-1.3909922441237748,-2.1931022384330294,0.3099614849843654,0.7910933109791629,-1.4318132647387174,1.219278616620169,1.3685444466773504,1.537130477712767,-0.0001098915844797,0.0439480650723612,-0.6641239693325911,1.391728192338123,1.294753505732819,0.0926387203806283,0.7153593597465796
0.5436660576006065,0.212679616902206,-0.4072813415167521,-0.5068426827662734,1.0482944718270504,-1.200693861024779,-0.564032420500757,0.127375784387031,-1.573122561236863,-1.515521248302117,-0.009797739500235,1.4490485050376334,-1.0697376180691265,-1.888427638034203,1.2403739308950703,1.4371613855411989,1.565740748140125,-1.6925994946273948,0.0858284040025626,-1.113999028879812,-1.3023316123945243
-0.6955472028081149,0.4822777946609295,1.5282896817002722,-1.526409023704003,0.7043433564003097,1.012423821364498,0.3418059216614524,0.4940577114983234,-0.9014763816063028,1.1762938828048422,-0.645244214582967,0.3405266742135611,-1.4333369876392503,-1.189624737821915,0.5062455061975762,-0.635583220434388,-1.5760589827311051,0.5915660449655494,-0.0614201695069255,-1.3913595252212894,0.393643576416112
0.2459857711139718,-1.5472043259368888,-1.2987422339246129,1.4632321513734936,1.513567472502114,-0.933566452935984,-0.1830882468297938,-1.1703557026570282,1.466095445758193,0.0579302764384307,0.2983584869513703,-0.1523619266117694,1.2474619542683163,-1.1698999599619129,-0.3074458928425518,1.3217976601689658,1.0867123427610286,0.4810081289855509,1.1821104320116484,-1.7114122146965716,-0.5234003312206279
0.5288906161412638,0.4319833920286957,-0.0872631047287084,1.115753874590764,-0.5141324863210043,0.5408315472318801,-0.962006657260902,-1.939963713847066,0.8187386780557249,-0.5395064330983536,0.8429067323733929,0.575826429738941,-0.7131756083091029,-2.196924313706605,-0.0328448398511001,1.465008055011972,-0.1643359062923273,1.3759138426277255,0.503053167492452,0.8402159198694525,-1.5919193095625568
0.7005155261163901,-0.8029728808878474,-1.032602069943667,-0.3268515077375033,-1.692285164770992,-1.4064794003974483,1.4262544395961154,-0.4793708149153293,-0.6700448200615474,0.4468121114801531,1.1194546459275616,0.8745477869380374,0.7106010163748889,0.9470376060178436,-0.0177536253832703,-1.4171454300953874,-0.5780560767326174,-1.1625927518301604,0.8142201788700969,0.1706622835032259,0.6870389117878878
-0.630057919743547,0.7350655447601683,0.4135114355823133,0.6526511806258948,0.2922947605701615,-0.7360366532333298,-1.947789210300504,0.3494560348862354,-2.0081177285729184,0.7322347680439371,0.1802081199757852,-0.7612825699137284,-0.0118215303087023,-0.7116357250568269,0.0802537032070321,0.0445166037569904,1.299996957472297,1.0064104369997382,1.4693625742152547,1.1328831126009538,0.519360668657151
0.3082883195111092,-1.108991711832442,-0.2137100696950493,-0.8561544309526793,1.4696083501966657,0.7513287761719274,0.9851750752178622,0.9730159087407224,1.4635327798333726,1.3933832498176193,1.3272453733284382,1.017597703314789,-1.077158054725023,-0.4754445043399418,-0.1829298139123222,0.8778961181265231,-1.8921423163299231,-0.1977480882319343,0.4623909433215936,-1.4402167284453775,1.4169419600306643
-0.1143007142301101,-0.0761631538213607,0.2303520054008968,-0.4816865314837245,1.3735608926052,1.5180865578331124,0.0754395898114747,0.3727962899638155,1.5122135475877931,0.0239077017644849,0.1959495599247104,-0.8820172930133042,1.5824619179308053,-1.2768125998777409,1.1479203832539633,-0.5496849583981845,-0.073774384631443,-1.8902271353308264,0.380777294131305,0.7242602064913578,-0.7750176499257247
-1.029115236089575,0.5551228314122564,-0.5204166527858568,0.9417059066170046,-1.3079313694706196,-1.8356936154068475,0.0663867222015821,-1.3778838458954814,1.1272105185117496,-1.33220036694915,0.615358966146342,-0.5183966199323394,0.0936776025331447,-1.4464269215932817,1.2000903544381205,1.1274510828181836,0.5824290918961039,-1.3919663084438432,-0.0717568600529751,1.0394183394507783,-1.843787945640487
0.2359967975962469,-0.3769216373659964,-0.2475977362619522,0.6976556285342163,0.3403871443555775,-0.5421874509469636,-1.22296948871917,1.21437651820583,0.9329499532761284,0.5928828121768733,-1.1730979503362606,-1.9346359645841793,-0.0462850796256831,-0.8070370787901756,0.2487298100186492,-1.3687048300374958,-0.79173129702279,1.29807249254631,0.3315650331248351,-0.1919742642791072,-1.174488071931591
-0.1640121057533871,1.2230489113634428,-0.823629469881419,-0.8004509968386451,0.7530722113726586,1.5055365714975,1.0158356222560134,-0.1803519714061041,-0.1643211263842346,0.4384292517150239,0.7824378639147933,-0.4080698389223348,0.5427504866652849,1.3718664818924744,1.010617929681172,-1.7297875703770362,0.6411458687890041,0.3150604136055446,1.3628320347287182,-1.0669716555533937,0.4949272724517078
-1.1153041110754185,-0.5594524943021508,0.2762844200328553,0.2721663722374601,1.0881347431069577,1.0268597227215537,-2.0789611585904435,-0.0644638001261883,-1.571824197376,-0.7631399559058254,0.5894158502703074,-0.1985118548525999,0.9553881504184736,0.8165047474951342,0.8347416068763135,-0.7898435790236948,-0.9319865835229548,-1.1478179793179035,-0.1118881554443251,-0.645032337901107,-0.009837462192417
0.685470615743581,-0.9910489931440318,-0.0661554331991007,-0.0696767244423944,1.1026272099248722,-0.9143966403501708,1.475598304602396,1.014092081299468,1.3478641070690944,0.661940829755083,1.1565463568897068,0.5427004720187586,-1.3125865343210814,-1.4034519643702867,-0.5197561094165887,1.4576535103276336,-0.6931357467489033,-1.0077930421085337,-0.6927827877672295,1.486328698539509,-1.1585011111167285
-1.3628762213302372,-1.6874506579678554,-0.6422187827942387,-2.1033461735863543,-1.6582522891612173,-1.5728957565355943,-1.0786773069176645,0.0296271265728759,-0.550391834006311,-0.5481159662323665,1.4650002798776458,-0.4723423907691704,-0.2011220963680433,-0.6395206027389719,0.5358040063489612,-0.5470078316341308,-0.136250577760355,0.3974087418784335,1.4206497175679549,0.0713500440467766,-1.177993999116948
1.3906418974050871,-0.7400048654159921,-0.0074559639355363,0.4472725010604089,-1.861812856869853,-1.684322991396488,-1.5246048904157732,-2.196598200988756,-1.917861370354175,0.4908624563013332,-1.2876973021114937,1.419908004902057,0.1372553368727767,-0.3661759165472034,0.9269025241527524,1.2615754297781918,-0.3538790560249152,-0.5436585147167926,0.3813470992849554,-1.9374395378614573,0.8426251972950803
0.8889516720440127,0.8943241035039636,-0.9773264044585132,0.9622037108161668,-0.4230308512546347,1.4550791018759444,-0.1001951123736623,-1.4007423868158655,-0.1041667133110917,0.518555324191361,-0.9858023862736826,-1.7134471371955886,0.0405057599190389,0.0208975845099864,1.3133490921552016,0.0246758357699279,-0.3342732936100554,-0.6383753893192026,0.8177109480919809,-0.1524074628666537,-0.2046516216744801
1.1949620379620345,0.0081242740448433,1.539203610890085,0.1759819078745486,1.5051971002143172,0.4781953943994356,0.3889726756171001,-1.1483076968519512,1.4342899604259909,-0.955733593285946,1.012462002469281,0.1174599830353444,0.108599227728431,1.097513128930969,-0.9011460387511182,0.8336217981840045,0.722307759699439,-1.7087118583140808,-0.90701637508059,0.5765266127112578,1.5941516161213876
-0.320329016290901,1.26591573721801,0.0493416267962002,0.4250997509055417,0.6779982025131261,-0.5180954419076854,-1.877530441223077,-0.3534754872753715,0.2349101324705741,0.6133351162867373,1.1206807808181931,0.6862645346802121,0.8983059317733529,0.8346183276441596,-0.4273422938130353,1.0821468246249593,0.9523768386598346,1.4824165829539118,0.9419090831878534,-0.9694475699949312,0.858269371217012
0.4663421530761196,-0.2007249504061493,0.7064674429710636,1.2492994671192958,-1.1663409863268726,0.5565036449440068,-0.7179517331347569,-1.512348182947984,1.331981613679382,1.5108217779597335,-2.10601519255154,-1.712368859292102,-1.886782437784296,1.349867709005355,0.0347968942208837,-1.7246010360586814,-0.2308419390903778,0.6267086299366516,0.0802154712766821,0.4931789349607762,-1.2327417064740993
-0.2272723785187749,1.3790538533843262,-1.620869234810017,-0.4106756617093629,-0.4978002817185743,-0.24858983424117,1.3232989794424943,1.2340964530868952,-1.002655464023043,0.590699440843529,-0.3072426062751423,0.9751405251545864,-2.0072140280550768,1.184998581880727,0.2633528874747909,1.432110819399571,1.484859475536456,0.3225877072750687,1.3336723798160546,-2.069452705273416,0.1924822444472269
-0.701935675637409,1.279818181498842,-0.6678010802323914,-1.79635465542522,1.240165135049761,-0.9240898360043523,-1.049500193633314,1.3441251533463363,1.5228212909282484,1.4989106031656056,-1.0356346429148184,-2.108726611363478,0.5132846510024116,-0.564678669749674,-1.3433922177594917,-1.086488611011876,-1.164121968841684,-0.45720211605621,1.2555426404590135,0.5391767218777183,0.1836766058645517
-0.7761291516917359,-0.5291653763094679,0.5976207103848343,1.1253864002015834,0.5124264859554578,0.0009173223856587,0.2814859164224131,-1.606085414550984,-0.4403112635982188,-1.882194422306973,1.1460478872114648,1.0397055121989918,-1.78684372209149,1.4597782229729108,1.141332837622344,0.8144034103114242,-0.3230335275210841,1.056933580308892,-1.182465192151315,-0.1334142511115605,0.0393889669303849
1.0299816384985716,0.1018099301605389,1.208542029351617,-0.5945679482492849,-1.4432915884431918,-0.1753822843327924,-0.6918916314169409,-1.9613183446881104,0.652605050844326,1.4145675568568044,0.5517880383112278,-1.916029077064298,-1.3438718706521144,1.0875058967815172,-0.61715497853104,0.3761983532685383,0.4659715371485798,-0.4989524812715342,-0.5038982525653734,-0.2986715603790707,0.4902316903292587
-0.6660436857916521,-0.4421477594313068,-1.341762387477596,-0.5672717739974519,1.5468046175035393,-0.9240445995015836,-0.1363555584079077,-1.2384076514301727,0.7510087375388158,1.0289814690457868,1.0224760167924063,1.2974028000850495,-1.461193809879333,1.2881821694525963,-0.4144514539845056,-0.2979323257677822,-0.1283790169115897,1.4706948109663505,0.5871680731685128,-1.367754108410231,-0.3846526017214645
0.7721904542945026,0.2725123560770165,1.1363499229774274,-0.0754332568967778,1.166546113199225,0.5956868244407999,1.3005578848109265,1.0395310939848732,-0.3705820445569529,-1.1790328482871202,-0.3116269174139806,-0.489694347251225,-1.7924808873582256,0.9745389823541716,1.409930048913293,1.4411389790528517,-0.0405001325371729,0.8067730506455715,-1.193048847712722,0.7867694782937843,0.5378418382101569
0.281220922825967,0.7387841120580425,1.514922200447043,-1.7496899272042647,-0.6906430540144335,0.7933557907280864,1.401708217059701,0.9065936890532574,1.501202676885384,0.7816858628820089,1.2279463418080967,0.9361222529502428,-0.3513546394429235,-0.4923820636419952,-1.1909882504564786,0.871296468225796,-1.068039639699632,-1.067043486267334,-0.7990301612430278,-0.5933660605164268,1.120389781901448
0.8048546812017557,-1.57464507679669,1.0235824427479447,0.7841684919657803,-1.7989936431284177,1.0937647274429805,-1.656808040898447,1.334589577295239,-1.0245324517623648,0.719604839485631,-1.8955961659400695,1.4093076795318291,1.517512628499433,-0.3623313963820682,-1.311424858626706,-1.5470899095613049,-1.1608489447184311,1.1592579017861149,0.2865971559151807,0.7497803068567713,1.0470933853496902
-0.0755430630337369,-0.4712903400400057,0.6289659080312022,0.780755414695158,0.5867001806856664,1.135631034339841,-0.4627938626066776,0.9798985044883723,1.1290274257929414,0.6574983804751803,-1.3769438504984854,-0.1100079513037391,0.5526080032838244,0.8978070204518697,1.2897142301773878,-1.9429777451806347,-0.2696133130813257,-0.741782364974792,0.0932112847881492,1.042782969938474,0.7051039442163778
-1.0103351689327975,0.800550635333274,1.467485079446042,0.5017971166643604,0.6064134296419462,1.056235888893703,-1.5931041858818302,0.6023141439065676,0.842449864319381,0.0468987271509897,0.9687779990953308,0.077700612289208,1.2841987020287022,0.8283288972960949,0.8742855254103412,-1.6502302983311568,1.426868436956301,-1.7545935151880432,1.461148483088215,-0.131110263913608,2.1420762723094704
-0.0829243082219033,-0.542787492797627,-1.5216281664460516,0.0567986606050865,-1.6112618920351869,0.3146470692427732,-1.0090077926693597,0.0352116687004419,-1.3768982826970235,1.516076829889556,1.1476592393307552,0.5076714865010049,-0.9547742866067104,-0.8656439259168629,0.1782621079180732,-0.3185262991237348,-1.9716084611845048,0.0072382444621548,0.3480225421742082,1.260191758615568,-0.9332178031871624
0.5551516380843127,0.6719149934715122,0.0190938458814975,0.8160061383134236,-1.376772915223803,0.8321985469883016,0.2517048012272703,1.2233192095482237,1.4530223360387726,-0.8063378839560539,-0.3000351035991646,1.1353341190566897,1.4457857315181986,1.544466464240868,-0.410112219070427,0.6368139678783994,0.532536042115718,0.5223714839196263,1.1412636212331837,-1.16544375778722,0.9397691782465656
-0.2342227585521749,-0.1122950296005866,1.03521949092417,0.5462000014789439,-0.1724615547909996,0.7574733999166298,1.3158860347888164,0.3468350021139688,0.1428077936819855,-0.8545455499563938,0.2543555867681682,-1.4125982264645136,-0.9323902708454548,0.2750124169533701,-1.5251565748531437,1.033683365179022,-0.5198097720921042,-0.9781988225452172,-0.0557288916990652,-0.2050508678675966,-0.2089518085567977
1.237630232989769,-1.0080299769251155,-1.4925050742183503,1.0682163730130527,-0.7390117302981831,0.1116198684593886,0.830837875383602,-0.6544924896284651,1.370885891582585,1.1324112271358493,1.0440464159098874,-1.2459965787553902,-1.1051855496491516,0.6188047454443124,-0.4379761315163597,0.1645798627569688,-0.5709496309744811,-1.46852040827023,-0.359594477601923,-2.0894565918175925,-0.2515314121180553
-0.1747043870597303,0.9461328846332476,0.1957291460865385,0.7217296188215537,0.8018199983972527,0.2401200669171742,1.3240188866053413,1.4363514606760002,0.1583857097264931,-1.1960118695577984,1.1385903817125034,-0.6954086738082144,0.1674434308518482,1.2282225784877827,1.4043058697998263,-1.275138350180145,-1.6582903093609176,1.4736721742456127,1.2088424392745796,-0.1092734613813562,-0.2115550943416232
1.206226478558875,0.4277643527477529,0.8913551807361157,-0.4783302177713586,0.4653690011297617,1.022305118022304,-0.0101623798130212,-0.0056337048760748,-1.4484725398750289,-1.6665676878922782,0.8403417763568032,0.3763803497956624,-0.7472345660577141,0.3619263377345942,-0.6077512473158618,-1.335019077345779,0.2867765356703102,-1.015473844408658,-1.8318924762926971,-0.6747578265700416,0.6567253519831947
1.0647348510244468,0.2517935599896505,0.2859272739121036,-1.304693843184938,1.0655658260725631,-1.4561255102685726,1.249041389147891,1.5367138604103951,-2.1025858485157025,-0.5077214153555146,-0.5095909025775454,1.3792944274892056,-0.6141110980160364,-0.2489723808154298,1.016311316139308,-0.1664078221018818,0.5297729969918775,0.4399026584268964,-0.5298303321230342,-0.1905003792974282,-0.0869859205784081
1.0480901591339384,0.406556699747838,0.0897393907776395,1.2660101599065368,-0.4073078632251509,0.4600017668549926,0.9198955098468218,-0.7137064576387196,-0.5967545521567261,-1.2230998373151134,-0.9874596897299848,-1.5059529104063047,-1.9069264854586991,-1.9053507659737932,1.0140811379041592,0.525964919118693,-0.7392644221650483,-1.4454360191665303,-1.064682909326392,1.456647453456585,-1.231436206526785
0.3684419507553093,0.9314761960572306,0.3950667083414963,0.7288671820644897,0.5961192770752731,-0.0813632552786386,1.4660404159047675,-1.0066397826442155,-0.5347157331719282,1.518892767697788,0.7330495407457321,0.3614774130017365,-0.0286380643204902,1.4140818064470055,-1.4262053733768338,0.1141886842885569,0.9456993347739664,1.2190722436480337,0.0527427279235314,-0.2563754622302194,-0.6492747975731216
0.184297917076068,-1.7104241924521475,1.4652932408599686,1.235590995530155,1.0778344781119389,-0.7818109683699279,-1.7105193974766384,0.7373833713109998,1.3071285148150942,1.0734869662863578,-1.407667072646373,-1.0993613230684869,-0.8958934075625027,0.5921066612446094,0.506956280399541,0.2352988241421998,0.9579020121832992,-0.086974287491893,1.4628113314925597,1.183916368613398,1.9584016660063652
-1.0025481377977763,0.1001815707559602,-1.2923891299947288,-1.6354421460385185,0.611501920111147,0.9513439191853016,-1.212738993676064,1.343246349026395,-0.4313003341897206,0.1698081426378939,1.1243048420240007,0.1200809765540248,-0.936534549238868,-0.8539742442873234,1.4923506311176165,-0.3460951518810947,0.6437716307752039,0.7241738282083483,1.287667636018291,-1.7651186473001503,-0.825368237801461
-0.3523103512637328,-0.8894830833553669,0.7453089029889824,-0.036089230370104,-0.9226151086542708,1.303208974996045,-1.3001622523709628,1.0377470719367945,-0.992593643505666,1.3919457258841783,0.7514033019077989,1.2246240639345216,-1.819561558315392,-1.3992050130278608,-0.5261146000860657,0.8740903733499968,1.56164178032238,-0.3118024248716313,0.6984413676404787,1.2437396159778122,0.1484686150276909
-0.8866126344902091,-0.567633381954263,1.339929607399975,0.1932863680927787,1.5071615321446223,1.172997033502425,1.330386323596474,1.5648423687580593,-0.1454318638410597,0.9814748930959886,-0.3543567557821198,-0.5865276505869085,-1.0418601266242626,1.092046719052284,1.5300443105890464,0.7297579013789534,-0.1011624237437126,0.1152424744127735,-0.1812593918911228,-2.055541711097527,1.1976219964430874
1.476991905585992,-1.0257635694444418,-1.7538175252018946,0.456118583603907,-0.6343381363542594,0.6433148953012279,0.1654790160857261,-0.8881730480848768,0.6999900708212432,-0.9009647769532168,0.5079160408516007,1.525539657372221,1.2225273175721938,-1.4048428565056843,-1.8702392479021728,-2.0144060029814765,-1.423037338282556,-0.0390144576342406,-0.8743078398326993,-0.9345463014369174,-1.3059972067730274
0.445981596040111,0.0394035109438371,-0.6369137618094236,1.3258564940218545,0.0686407315386694,-0.0900738479252754,0.5130786786988601,1.2554243505269251,1.317310697513598,0.5572390939818075,-0.0141319232981056,-1.5821178783906364,-0.974188565175321,-1.5512697984091313,-0.4701664361717488,0.2774525085431503,-0.4720510737414638,0.8495513332732808,-0.189872963917035,-0.8275787548610114,-1.6893907386499971
1.5093788185011012,-0.2089191419118493,1.2638394859224766,-1.896795360799016,-1.860040996730344,-1.4001626021272913,-0.875528465837158,1.0991404945961365,1.1261717776696027,-0.6011825938159812,-0.9901729936051766,0.335289484697867,0.1891211709434086,0.5937279417642525,-1.2541602633235758,0.5404848604501421,0.0720510733717249,-0.3330310370185506,0.5688968970188799,-1.9613452240480551,0.5422589002929092
0.1432360967803251,1.0799303941857572,0.7062104372716219,-0.1643216533002613,0.7527477492130519,-1.6580628624898417,0.2852508740985583,1.0756323204197529,0.6893725751085208,0.5444847306760058,-0.8763956044110305,0.8488719790589431,0.9569928432470188,-0.5417875238195234,1.042977136678322,-0.798445932555717,-0.5832048395088513,0.9539620082036088,-1.3617712647939897,0.1034002474822528,1.0998521807399873
-1.4852777973346698,0.2298914555868492,-1.698900700788751,-1.4131711469398616,0.8826279119018065,1.251686469789177,-2.1493848700886726,1.3173260631850654,-1.0440841575349484,-1.0089994016213273,1.175208888509568,0.2012213987893094,1.336303259502381,0.0408885690477404,-0.4375681399898253,1.1039446033456153,-0.9388554346151232,0.6685421929557229,-1.9770606612184125,-0.3407329388653288,-0.4759132718040649
0.3529581680096707,1.3212112491782293,-1.5713391950397857,1.4742694604349589,0.8060667003681425,1.2875534027311706,-0.2723841207817551,1.2277215181624164,0.4158876928419945,-0.9818387184037334,-1.5975654905743095,0.0952789844102144,0.9896741492813672,1.2651896874700912,1.3281281090179355,1.3834604619875523,0.2601298213432557,0.9782655038931984,0.2240674773775866,-1.1511219792834593,-0.8948595686891299
-0.2226165708930838,-0.6199727710137224,-0.4750480826034704,1.4902752351177773,-0.8228580591436494,-0.4741412232326731,-0.6139954246794964,0.3827133838807894,-0.2210143600674241,1.5264299411084352,-1.700937833631847,-0.3654840186738877,1.5365479683745529,0.7919423139120967,-0.0387726619555853,1.3602398763167414,-0.5192096072095178,1.511602970377958,1.4658691677740576,-0.0611632120787407,0.6640190400213909
1.563715116411233,0.8373268595284138,-2.1116422602462683,-0.9078163451883448,-1.5075620742992517,-1.8140215413502296,0.8048040940406994,0.7034075227316533,-0.6109164320773108,-1.0295730389203213,-1.0648603759236834,0.4257014919654462,-0.3047177852968161,0.4881948190833158,-0.7930023366292354,-0.2333732050848627,0.3093947209122935,-2.002517268825086,-0.4767766633224582,0.422735395172636,-1.8636867208228955
-0.2503941843164908,0.0759655922078361,0.6838141933092245,0.323346593368115,-0.6134385940645479,0.3494510783705273,0.460043224868201,-1.0960862850472683,-0.5391862056583454,-0.352477372351011,1.1279645799394338,-0.0101884851920055,-0.283362211485035,-0.5957196259403746,-1.7341156628899272,0.0658674123154138,0.9081591661448606,-1.217423420773181,0.9892137549664912,-0.883851954986297,-0.1606902609555478
1.329155312894858,-0.7404084087436936,-0.0449026680030409,0.3650353885847803,0.0644378386142183,-0.901970403698276,0.1971836674268782,1.2805788984049764,-0.568582080037036,0.0665732540415653,1.385676331797448,-0.3435449517382783,0.5770381454980706,-1.5239070445960987,-1.1755664287576186,1.5251190082601749,1.322553554962577,1.3366450341723817,-0.7244274313305034,1.4281983169203671,-1.1019485566833804
-1.7009089548276717,0.963823202651725,1.1470481918588058,1.1303393706988338,-0.8139339334424722,-0.5022507241438776,-1.049110262456555,0.056700982957841,-0.5066952787237485,0.0993105550735189,1.1474976708245894,-0.8970507757816734,-0.3465141082124099,0.0451405880927346,-0.2029988877362379,1.4597837893916483,-0.084582531242761,0.3612785736266578,0.5263901092309529,0.2301769005333627,0.599254412968228
-1.992103773083296,0.8031631602031306,-2.0125356872267433,-1.2356043230550675,1.2938735403026242,0.1438657698810182,-0.873833024381088,-0.3396562547616535,0.5571984122795768,1.1460866752045955,-0.9527028300178296,-1.7761349615925028,-2.1723822957867287,-1.300219548805491,0.5043061781806707,0.5543215068578415,0.0864293154202941,-0.8924163300495326,-1.5666026958085444,-0.4051858708748512,-1.609013930566206
-0.0695742061320372,-0.8221896784161211,0.6569697181886649,-1.8207770127156675,-0.8991901799695855,0.1375687513527728,1.0035942440162553,-0.9817195491234788,0.7350302366419875,0.4641262168576631,0.3085063968473925,0.5573743419300544,1.4711033575622474,1.359093632324086,1.0992003323221025,0.8829776452628876,0.9978040596364948,-0.8163539013128882,0.4980283776681923,1.4873874932395377,1.3851401302440305
-1.5916031858680968,0.9526992345397348,-1.4868539911461078,-1.499584991891814,-0.0331578967570502,-0.8049448313671322,0.468965307229326,1.1347883753712191,-0.1583276671227746,0.9387893268863352,-1.185475488460679,0.5006130409859391,0.7820755180279307,-1.782566814470016,-1.6167211103583277,0.1477607606538583,-0.4962742141097247,1.0076491034604351,0.2820622379420881,0.2260394768934417,-2.0559240896269277
1.2257745268417517,-1.4562176941573517,1.4972861415248162,1.2623530746120364,0.9779983101422388,1.1098794873261448,0.1126856432245839,0.5599817207265099,-1.8806021922949463,-0.5663374744797403,-1.994051556397921,0.9439285383312656,0.7235980638810755,0.8251089726871841,-1.942069979714509,-0.5332215937346575,0.7567998994142997,-0.2186808145624459,0.4997466785707554,-1.930022807606979,1.139163864367568
0.9769631732793388,0.5111158781717655,1.4441053442043406,-1.8522509750625251,1.161732237843124,-0.6171888642060949,-1.1555538503302203,0.7933681074459337,-1.0946127833451853,0.5396826378025832,1.0018116946578757,-0.9701250093797414,-2.006196639065553,1.2082001575021952,0.8782965889223995,-0.0572617017961187,0.6002782724801017,-0.3716817563165185,-1.1696056284165466,0.1710203621216142,1.6166395193337162
-0.5064622914999191,-0.1664049715492885,-1.6729368473220192,-1.8068536797585797,-0.4762393819540976,-1.3846435820894394,-1.3162759425355823,-1.4922725893085786,0.0616213915926985,-0.3219438659966061,0.0093411852626994,1.4045555365800146,0.5693472075216209,0.6898253542951727,-0.4786336650882572,-0.4489624298143892,0.9162112387231708,-1.507813759633143,-1.8689869031096524,-0.1893656608780131,0.550125257409638
-1.6581209599921831,1.1901029740521625,0.2288384351264353,1.3861559806411543,-1.4833323169023356,0.7213194466668247,0.1491952717659638,-1.1977578558767406,1.5800615591155378,0.8239168900343684,1.1949417251807275,0.7069300143559174,0.742200020071804,0.8868751010711745,-1.602699663988487,0.1334630407345549,-1.4140645798517129,-1.2456897037506487,0.6043175048974618,-0.7996023095715302,1.0877124806327938
-0.6598034699793002,-0.8648514313816503,-0.2690180197045615,0.9810778613659038,1.138730166555037,1.2531662599818465,-0.8629625015325979,-0.7886709110323478,-1.07075270712238,-1.9100643175903689,0.0638822163685562,-1.9935523258371777,1.3078661734044417,-0.4821734085611363,0.7895187736474035,0.5499592619228081,0.636290775932658,-0.706624843245993,-1.6865711564131385,1.1034702654141904,-0.6513161867960431
1.2389295152506066,-1.0093192931441417,0.8517774190670553,-1.873484548730982,0.1215575265407368,0.9021749614319516,0.9622122047596948,0.4992212910457949,-1.1705897325843764,0.2492194185852135,0.4005085257740481,0.3518818348300783,-0.5266941710705713,1.4640694516919477,0.6117431203948427,-1.3017792770651857,-0.3624368910485371,-0.8474947052811431,1.121940726079506,1.1474129407691431,1.809254136214269
-0.8559875225274095,0.4868820760891569,0.7254780920489796,-1.923491078306076,-2.0442008014882234,0.3058983820987634,-0.7668998607106091,-0.7613844359190977,-0.5746523398779371,-1.0103394647402852,-1.3504423696798222,-0.7826725504810823,1.1220496628191885,-1.639705545323251,0.9934388706633948,-0.9857747553721758,-2.1481860315343986,0.3029253896238962,1.3410570567412958,0.1833135153372865,-0.2733358765285525
1.464236391958942,-0.9812879496502164,0.3464487286248491,-1.096848865475145,1.4434789775072407,-0.5790745640700198,-0.2753530984300695,-0.9828971276592277,0.8539154078962348,-0.4516487583979302,1.0609433058902304,1.098134731374813,-1.4822204782070183,1.4205123033643394,-1.2097911053221615,0.9783721418009454,1.0389913737927916,-0.440618780453576,0.8793024291040401,1.1959370445398492,1.0195539801399602
-0.649133487085111,0.5001195539058899,1.4196224665948394,0.8168790509816388,-0.2560142618687551,0.8598711439150406,1.2993475705978208,0.0112839478288924,-1.7293282250418405,-1.815522372444508,-1.13072892483549,0.7125303427943076,-0.3531257351681971,-0.0867268305287168,-1.079718236542999,0.0625311132000182,-0.2479742300173967,-0.4981069517165,-1.5110037120519746,0.7866463287520793,0.5378543650599478
-1.2424854420033302,1.0901679689909722,0.5513389892312414,1.0993850563643024,0.7527759506935605,1.264505209241754,-1.3591574773352646,0.6441845521402134,-0.6437378992379794,-1.9109882382932808,-0.7617756309240008,-0.7579528122017978,-1.6382228721625358,-0.0759721145947474,0.3730712223105796,0.4528734503123651,-0.0715525881144681,-1.0891931881620844,-1.7761995905742856,0.59302722859738,-0.0873128813401553
-1.241950753197995,0.0251427893113696,-1.728216154630803,0.9931698118535398,-0.2163565030949154,-0.3390761590923909,0.4998530066828294,0.7247668734565385,0.8325409785443805,0.7966793666430484,1.289499304027958,0.7711180497376455,-1.4364607918256551,0.7924299033758205,0.3926800675259236,-0.0461260564360584,0.5466979870430295,0.3176233709305897,-1.891882428376203,1.2048209314279854,0.7155101896297194
1.0793370825564623,-0.0870118868825925,1.135413264358033,0.0987899955715821,-0.3581422245608571,0.7274986911989516,1.142922725639385,0.5635641107001672,0.1655884663854173,-2.141731394951343,-0.2465717957346617,1.0658193331049426,0.9908699191521544,-0.3232966411943468,-0.1488700307915715,0.114324794472229,0.6547181856502055,-0.6197438918733261,-0.624490847556008,0.7081990899643305,-0.4226913878811351
-0.2310974355314787,-0.5154070728715615,0.966321494811776,0.3526278797467249,-1.656919954148548,-0.1885527297353741,0.6449938490966302,0.3447288403085648,0.830171112158964,0.9725192002507788,-1.0843398078075823,0.3995737682832911,0.5987761743135183,0.640966126165138,1.2382996980216967,0.4453216887296207,1.5035298824454202,0.6645471687711346,-2.0705341288549133,0.9271683681953068,2.4436955146547934
1.2052489013723489,1.1393643626126926,1.1619766880519418,1.233416534870377,-0.5362247934230937,-0.3024493519200379,1.3408900140836568,-1.5338814840612995,0.7183783541719063,-1.4093597061751422,0.1559323999010113,1.0883443113560016,0.6963167133753684,0.8649123689959812,-1.4426772910635062,-0.3084714665129571,0.0572406167701458,-1.3658887911281,1.5103206151216997,0.3388527298966818,1.1918794774575303
-0.0258874927916761,0.0207284840055973,0.915494258954917,0.5177887752900807,1.1112433553010248,-0.6940174521921415,-1.1604123308696737,1.294475988470677,-1.4646432432028715,-0.9668261986712297,1.0819085299882911,0.5669869187527815,0.2263108680397084,-1.4630217647290136,-0.8850453450305775,-1.5301418994578828,-0.97977065913684,-1.2406191361349646,-0.8070480542713527,-0.1469446326559784,-0.0444187267951863
0.5495257800393307,1.4342208169732344,0.7932182423352901,-0.1718755241499663,-1.1142633320411288,-1.134418101779801,-1.6848056159417997,0.7007657438177111,0.5767077834390414,-1.3674343411409469,-0.4175832867977217,-0.7515236611431929,-0.0738410430336244,-1.7572856342858485,0.8979780769044982,-0.7054116954065689,-1.1751614699160315,-1.8760757530784984,0.2146242391861494,-1.0320400823586382,-1.2353376272027072
-1.7032100716541327,-0.1071221426718225,1.339636372226093,-0.016424355320844,-1.9274540387408703,-1.2423316513083549,0.1297173802771843,-1.1244335106171086,-1.2659643361337107,-0.8152136438303921,0.1441729989896876,0.6859203384496694,1.4662231979320024,-0.5746292495138499,0.9567125686137664,-0.0086653459810558,1.3363122816951465,-0.536608414235447,-0.3493153657936392,1.146332171107525,0.2332722461041796
1.1794084595282153,-0.6224054524628808,-0.1836082493608214,0.3849421343964646,-0.7887788282423691,-1.4783716664703297,0.8729395617704406,0.4378194026784104,0.9862593622447168,0.4458873833639906,0.3268849482462717,1.1110523144706457,1.5476557512066382,-0.4715784717464885,1.0658717807666802,-1.6166263111430008,0.2799602637245915,-1.5386093620400616,-0.5058266633110845,-0.7634992880095797,-0.1763986242796751
0.8866402601896793,-1.174981476008747,1.0235905977454482,-1.6311923409445588,-0.174259732523729,-0.3470805010912484,-2.0316772777570713,1.402246393975848,0.1537037994353268,-1.137879173491977,-2.075225437479447,-0.2434730569510308,1.4057496217602077,1.446526342918825,-0.1190840588366108,-0.4459981390171931,-1.370587061918448,1.116972665598332,0.7959832191042111,-1.8841233173339231,0.385080858828662
1.0916055813123673,-1.178648122235658,0.1247300066031942,0.3591681316797305,1.1191792097522546,-1.7198770863839512,-0.1466275736271005,-0.0949681293860474,1.413444240331962,-1.5652808827047804,0.0488304532570844,-1.8789379578551773,0.4654113709009639,-1.900235929853923,-0.1966868734356125,-0.2624237422205596,-0.1145045210995326,-0.3472735730661609,0.8675106855933471,-0.7319732876003495,-1.10414079835676
-0.1042300917737134,-1.945855031298499,0.4233416853419527,1.5301283065089124,-0.0022642059551399,0.1751315883193374,0.0423222242581329,1.3079563831818133,0.1274124582139703,-1.2596105681879588,-0.3050117062508207,1.2040653615871593,1.0073722037896735,0.8647625118293376,0.5161752924354168,0.4117109236005769,0.5343655801872691,0.996840787331007,0.7064091040313588,0.6828811133506247,0.7077507384652814
-1.8575381186485072,-0.6810651376901864,-1.0122950276296805,1.4107676850673236,-0.6109260791358828,0.7172368142812381,0.6618942032887478,-2.135621446045128,-0.6405506052647031,0.355510577239116,-1.0511480079931406,0.3575118017059396,0.915322153103708,0.6575474707988327,1.0863517985956352,1.2029535257499675,0.0415635699313409,0.6953950742436178,0.7528210188246122,0.6623683339646592,-0.0836312449762172
0.5444264176439927,0.4877912678528046,1.0388089205746378,-1.4532644584917722,-2.0352668061204837,0.068454626181224,-0.3916881098973211,1.5257574001638978,0.0288498985809651,-1.0955989237504369,0.5204301214958307,-0.3436849089331965,-0.8014360633048557,-1.775238081993076,-1.4891782178259592,0.1120619043265055,-1.0837370212996555,1.2128935560574203,1.3487359387605615,-0.635560784848181,0.478926356238662
-1.4961236892826535,1.1970383328859628,-0.3020217430696584,1.4049786310703318,-1.337334238579529,0.0848945662386662,0.1233868600668068,0.3626186027891834,-0.0585770570773831,-1.1552666888304732,1.0860410098552375,1.2983594238234455,1.4908625727036728,-1.155036077976342,-1.2617932903405231,-0.7273465249090565,0.1495745817908493,-1.5009606451129702,-0.4179572125028383,-2.0104595090664064,-0.9382914375382324
1.202870890609659,-1.9894493242357765,0.2550647948514199,0.9713158467854388,0.9622882811584866,-1.7795249840758312,-0.5181209931515923,0.0660791417449129,1.332409431040277,0.0261220669531848,0.5337170165058742,0.2194427806570727,-1.784918540418325,0.6558596553739192,1.4394584372906658,-1.9656518886876728,0.4570141223308903,-1.4271482914402889,0.4893553187703039,0.106311134248001,0.7999865348505781
-1.5497097497255123,0.0275394367468247,-1.8950598762735655,-0.4012475146076365,-0.3749468613538114,0.2418616558745862,0.2092955435560889,-0.7855901970919515,1.59936088881559,-0.6367760621445645,-1.022980965851377,-1.8465574120695392,0.5032225560140295,-1.6521785475743191,1.050491833420576,0.9046487611052988,-0.8981184655155023,0.2728506451387531,1.3034272251999877,-0.3722155588584341,-2.375310425675502
0.5885079704267925,1.177587286270254,1.2573369491510156,-0.862358719082509,-1.6101136823464155,-0.8140831381244331,0.7939143736079857,1.2908490086336075,0.7752413008242848,0.8218819551528636,0.594403224447153,0.1448339131327076,-0.2554261437983571,0.555317268646299,1.0252728503120698,0.8109901646554408,0.6093729617040154,0.6827092374790082,0.7253948475257774,-1.5841798592635226,1.4443320614822504
0.7022252656488555,0.8151809543443977,0.996342809271406,-0.4019563298487358,0.5489902871175459,-0.6237793074057686,0.1893972516065469,-0.3336095934110429,0.5064469840043939,0.4422254892507771,-1.0372315833413115,0.9889986786626818,0.6918882129706321,-1.6506712277311626,0.7820040972477258,0.7610804449511073,-0.99572657088102,-0.5568013965134412,-1.4468786195690366,0.5172702183829673,0.6118089477805023
-0.6747247020031575,-0.6780634786525401,0.131548210015013,0.8670408270482061,1.4307160763848723,0.8097085470881218,-1.455023239342409,-0.0274819392221945,0.1291157032831578,-0.9778097944183683,0.4984121640881528,-0.3052952777233965,0.0646125591850018,1.2427256137903102,-0.7070265157835975,0.8242934162024127,0.6226773094690153,0.4560171328499192,0.5062759278889273,1.4058157607891326,-0.1145530693021069
-0.071382387282089,0.911345115598566,1.5257763775527615,-1.673573578039144,-0.3871110058082332,0.6257146415874695,-0.4722457647716668,0.7092611094248272,0.564149645591839,0.9448233234942208,1.2532833419122646,-0.4341957184499017,1.3461651301063544,1.452282528674845,0.193928486760173,1.065362794237951,-0.3897409923464139,1.3460834306264915,0.6629229508124015,-0.2182381177141956,0.8209376341200703
-1.4462998975922985,-1.0655668265362463,1.0384501217633186,-0.2116519132434781,0.0246776050495372,1.0769965166168711,-1.1304595654746428,-0.4492768737165073,-0.7808111220183248,0.4441437364747015,1.3555778091129225,-0.1977032467760686,0.2378475415982247,1.3813535270570485,0.4472304683691834,-1.0167566808645487,0.625571160869491,0.6560904834868935,-1.9442083730866633,1.3705065614097274,1.9328217727285113
-1.1248390610378916,-0.3933931378487988,1.3649927329588247,0.4532636942492582,0.6007414829153951,-1.083878866038232,-0.5181905899890572,-0.4323816047008623,0.5662435645299375,-0.5463287288042182,0.2162661048513957,0.0458891275066238,0.5658680718765516,-1.0991165079946377,-0.2644601979267249,1.2398412293702377,0.5717063754054664,0.2256566555063212,1.331187898277827,0.5737813235100045,0.8136924314129009
0.1061586382760921,-0.5576509864239219,0.2314429489071096,-0.7585254733626017,-0.1259740569964365,1.534411510678005,1.4407593027146597,0.0751363158073328,-0.1306675141972267,-2.033106635755511,-1.2189890683273172,-1.307928927647633,-0.0452450143683751,-1.0090154793462205,-0.5047925080161627,-0.9275313277074686,-1.117687370940817,-0.4894947286054174,1.1426884070985517,-1.9785425347680323,-1.2734326154308038
0.1992297039159257,-1.2653503874917345,-0.951091449794676,1.4210179672287493,0.7566897220111694,-1.2271093067385042,-0.4356855181654906,1.2210434386089652,-0.1505600196208983,-0.2785982415822374,-1.9806020985150077,-0.5800814376158642,1.1769272871873795,-1.3490198000600773,0.9970559669419956,0.1976192143979701,-0.2864431933241055,-1.5091925653312113,0.2126985214859571,-0.8640360253894943,-2.2595886374418717
-0.804672044711798,0.2091681233658171,-2.164128034095645,-2.064444943671067,-0.1483280926121508,-1.560552021347908,-0.2428578772114426,1.0824458114425946,-2.1645525155466143,-0.1166469180868408,-0.0086080590165137,-0.114678100757648,0.679795305690068,0.8416342512452,0.0038523028252804,-0.08819397294451,0.67550591016238,0.9623267458429832,-0.1748916092901768,-1.256570577465388,-0.2667638194597935
-1.0611913003033966,0.2416176372480505,-2.162510781852047,0.0068075988758026,-0.5057742791819902,-1.953233550159698,-0.6892193318541562,-0.4093107346404924,-1.688784870117874,0.8414911302640726,0.4029937869730226,-0.3200721556344281,0.0623684269080506,0.5813676576322582,-1.7377045077648332,-1.673411975278736,-0.8074154377006664,0.3048063580126432,1.4304100434917626,1.0400175903753974,0.6723528401752901
-1.9657682627768387,-2.0595113425434666,0.7509792548307345,0.3615508172933346,-1.4075947486799314,1.434655757404406,-1.9746066926326973,1.4204240370491077,-0.0354358717955389,-1.242665956306969,1.1688422176940243,-1.644687216555675,1.2358743594051085,-1.010671475399754,-0.0550913573368717,1.094046761542639,-0.166980767600205,-0.439140159858866,1.477175848608577,0.1677141572099455,-0.3059269939149838
0.6804547470630407,1.4561016634389832,-0.0506724697034042,1.1524560903069716,0.2025097221744348,1.0870098699880353,-0.0872152450780592,-1.8758514905495371,-1.5440348384640306,0.417078532825569,-0.8102339338576698,-0.6688833520814265,-1.712739113951807,-0.4869526119588437,1.325580021837688,0.6463178545930602,0.3511826009845413,-0.2471954728598598,0.5300131167630125,1.0919249527910275,0.0489653986565964
-0.8634367596601047,-0.2069299792519002,-0.3039370974107604,-0.1481717002797692,-0.8931240388490083,1.153983035652096,-0.0802768830266677,-1.099250771232149,-1.7550471793935647,0.9872487826980432,0.7220884705082173,0.0926234419276471,-0.2183094638126952,-0.8830057943550833,-1.771889102417903,-0.5995403735199948,-0.2468585652098119,-1.45234020195907,1.3012948630464236,0.5061907834079626,0.501552071404852
0.5382486337672052,1.1659165161280722,-1.958849466333048,-0.2731481388275742,1.4328279016926329,0.4424690413161354,-1.1571610057388892,0.0664996692334762,1.5468852376032407,-1.4482194545707632,1.057053035105178,0.7543631547103242,-1.442759183310047,0.959755191567254,-1.443712259121116,0.5443201741135621,-0.6703298319290364,0.8952994849536836,1.124512064886534,-0.1587765546908331,-1.0527861271535677
0.3194695631298229,-0.9239005771771868,-0.3065091380639553,-0.1254752112193963,-0.3252968439957732,-1.3610941368134888,-1.5011439754150224,0.0547703956737987,0.2008293091043763,-0.1250535883517607,-0.5094895589616736,-0.3424914544480928,1.1473092554445263,-0.2421679244724866,1.215545399992174,0.6105535797523929,-0.0460042660325214,-1.199650084566691,-0.9537245461224224,0.1283913253901131,0.0326453509223097
0.1719745867067923,-0.7644830914080392,-0.4541392408579671,-0.9372973008836208,0.6520450039785551,-0.1111089938222489,0.0319022914993195,0.3749348278209236,0.4402038957708229,-1.1708815297234867,-0.2603835277899532,-1.772783546938769,-0.2158048807393128,0.3042080861346946,0.2777811409130393,-0.6737789012928562,0.0319120742774053,1.2902738006820276,1.401071087508004,-1.7310404594714446,-1.0031847506031324
-1.7559827723600716,0.0020170569367692,1.357021762598117,1.2687933687623725,-0.7151249114924979,1.0639935989676634,-1.1742870573066262,1.2998852054362269,1.2218747392079188,-1.4101232427913006,0.0018599690942213,-1.0115189435241363,0.291664027339418,0.6883541063973598,-1.5634661808769748,1.2303976229691724,1.3153949869560218,0.5728300300119907,-0.7100064329223548,1.1301255467630489,0.2178752181556673
1.2796304258317732,-1.512186084094165,0.6794072854393535,-1.3116919321270548,1.4480340838657506,1.142318525118886,-0.7155395097268811,-0.9701514100190796,-0.8156308426080271,1.4913978531310863,0.3457141154905839,-0.1899873067351836,-0.1524730750193078,-1.436307598059641,-0.1602357858860253,1.0504517526365351,0.8997033488805045,1.450234718749888,-0.8460960233358793,1.0852368737092444,-0.5901227019149936
1.4649625227916545,1.228636993794885,-1.2660801845018783,-0.085371354610011,-0.4832567585437552,0.0220082938740733,0.2404060785654552,0.3760821691260373,1.4264291821907655,1.3846700967604726,0.6322758396926405,-0.1918057692612144,-0.590508348336451,-1.0494104608597108,0.9524639926208534,-0.3369470660156037,-0.8096896785764457,-0.2493247613729916,-0.3651690716395373,-1.248020679483257,-1.4331687932671624
-0.9137223773991524,0.6107192298501473,-0.5022946851125989,1.2282274058314189,0.5779044989643997,-0.8091653092460279,-0.619964135403074,-1.5481631548241426,0.3257580264186036,0.5601548654305017,-1.7904264671386252,-1.788148609984666,-1.48129090029418,-0.8844171236997739,0.6820816862452843,0.6780497526753937,-0.6469382956638459,0.824587596334394,-0.444087912892635,1.135548703555027,-1.6333430861117912
-0.704345034518689,1.0874519860364107,-1.7493005198827016,-1.5109527943070975,1.1394215532303953,0.250298041569833,1.1647620744993548,0.4370513264982736,1.374083282181303,-0.5976040645055192,-1.2120705018450308,1.3189507703789236,-1.30228341439938,-1.4520451726413677,-1.08136182611341,0.8900654959576986,0.2346456754298532,-1.1677044208659788,0.8218831240426959,-0.270835682876329,-1.7224722737609035
-1.8180376123022064,0.8085571487992578,0.1443128490762577,-1.187038630830366,-1.1472579562941243,0.6683639856554383,0.6050481268638933,-1.8930515360802804,-0.0554213571118302,0.5731217902701234,-0.8543939839462503,1.4690186482335716,-2.1001995088793746,0.1851182626769908,0.8739425952469291,0.1045752847124644,1.390169415193928,-0.2037820510846077,0.4905836810564268,-0.3626060852788776,0.1440403344121686
-1.040315161662592,-0.7704695515019389,-0.2000033881184392,-0.6731175800509335,1.483236804456724,1.4246934462519771,0.1321902068803187,-0.3980364832283732,-0.0931003650135147,0.6619290810299865,0.4635560344969663,1.129502142130189,0.4735407182386885,0.5511188230149573,-1.7716580141722391,1.139046713636014,0.70830495861088,-1.949229082531974,1.165586342249375,0.7576761159006972,1.5793506535649546
-0.0794681223731642,0.0258799738946573,0.1932680072381915,0.9165006851584264,-0.800736162800585,-0.6307527791325133,1.1925123410664449,1.2923365960345727,-0.7334628822063636,0.128817622793035,0.4326824825404249,-0.4446173708088275,-0.4903899180620663,0.7646551862428201,0.2973351644745833,0.4297087797851841,-1.9798505110844205,0.2843157295622625,0.9161439621455524,0.8736300700844015,0.5961945551144332
1.5459736312238377,-2.0590369731431934,0.6257869104793893,-0.4229508244251501,0.446119784310056,-0.0306003803350014,1.4248019989200535,-1.5071435307831849,0.5978056518818096,0.8014866274240697,0.7168709671137639,0.3322408715195842,0.0795780467640301,0.5492926271899513,1.5119161930269396,-0.310101085506066,-0.4488843881374779,-0.6061834662051315,-0.6798652039419362,0.0149655738406143,1.3048860050005489
-0.7480480596095808,1.1604495468011184,0.0580116473554673,1.0062557032188593,0.7921617641879746,1.2825113830064054,0.2670815318685016,1.2575481952116454,-1.8560400336962573,-0.7301783928081296,0.7466775748626978,0.5386466604114477,-0.802517968868468,-0.4807988631886146,0.7229072997455234,1.3569094004747988,0.0433291214162696,-1.686751893720728,-0.8772534025400175,0.4875440690985696,-0.3832982251875577
-1.8745255104189027,1.5215293245074,-1.3229779795557906,1.068973539008779,0.3121888274725246,-0.0180930443447142,-1.9875053237391545,-0.7842577690206602,1.4182075268104004,-0.225461736208653,-0.3603077723194177,-1.3156071609551538,-1.7378218821409277,-0.2530323509603734,0.1255258011069934,-0.2314537985261314,1.5623493563101696,1.4586196137662135,0.2839107361381793,0.4275392587780659,-1.2934322202482076
0.5886719757945464,1.2245288359935331,-0.6975038113930985,0.3129840097897848,0.6688845184785538,-0.6394997412490994,1.5009125349768164,-0.4084218638450065,-0.7705799776117092,0.8450842967766988,0.186793024786833,-1.4985884220580796,-0.502709449687197,-2.0910566565932607,-1.6698652799834102,-1.144604857982964,1.1165863341578914,1.2030778594732987,-1.7232948764752474,1.140180710055127,-1.5622458166336584
-0.3164296736960166,-0.5242405597818737,0.6282062378116017,-0.1486035377913085,0.8271100839936653,0.5988384247041089,-0.4278911623474252,1.2933597694794503,-2.069609560065992,1.5007236422293024,-0.0713179992212124,0.1029461232975354,-0.9342532842807608,-1.4604990929063133,-1.6659847682370257,0.8021236894454965,0.3385369024994977,1.4396668353343625,-0.3789093368167391,0.3562918878839844,-0.3011350447910946
-0.6304433673508089,-0.0579424243049348,0.2831031426685949,0.4693231599346366,0.6730693462134754,-1.2644069484259997,1.340540315277056,-0.0503619562933023,-1.8434107484110052,0.3913017223624704,0.974880646413872,0.7213638823763108,0.3040110159980601,-0.2826174858083997,0.275636249709198,0.5789879109425271,-1.2693619667307372,1.1703337420409667,0.9807509132774952,-0.3551510218758452,0.6172147168213123
1.289176601061525,-0.9876829833353716,-1.2213535269831557,0.6231178038121249,-0.2369340495249396,-0.5009733399924889,1.4519051928671247,0.8142754281994191,0.0422999658315781,0.8406170158035783,-1.225781101729914,-0.4965687406251503,1.1556374964094998,-0.2116383702110427,-0.4402430243290966,0.2411277186209033,1.2578295786347986,1.4258914513066672,-0.629713224403203,0.2365286931084706,-0.4885667987530468
0.963438046987173,-0.3980587990552721,0.7294829317189117,1.4339389479299365,-0.700182584408527,-0.4751860744985699,0.7207767340119029,-0.7637274406829135,1.5821691986320423,-0.0608914776351438,1.0043454670338283,0.5050333912983629,-0.3836125258179277,1.5104086794206992,0.0635145568949495,1.194099994423218,-1.9097659047121356,-1.1705862644554048,1.0522922026616963,1.0925654993063143,1.3864200732189578
-0.7833287413318891,0.9864160193509244,0.1675617352112133,-1.1291105113112785,0.93420194528937,-0.1067055381176157,-0.9750771343330424,0.2168550994102429,-1.3204331863336878,-1.213169997791138,-0.9077200951015848,0.6675981545310645,-0.9539352210722754,0.0257110031144965,-1.7778394816359595,-1.0611954827749983,-1.2928627272875406,-0.8403379611234488,1.4139539542983603,1.118583480947124,0.5205658017259417
-1.8806757032117176,-0.0982827855021781,-2.031166477142561,1.249510853337348,-1.656123578292151,0.095166695347783,0.6187162538979214,1.3181453214171714,1.0096215241710795,0.8703041502495186,0.9784819149922068,0.7689188825009128,-1.18518695562874,0.2908133719873814,-1.014140142704648,-0.1378519135076292,1.4530344192933398,0.2955714204182639,-1.1289414077501174,-0.0922960571719564,0.3142597943982824
0.0585368879940432,0.1237838498786938,-0.2629228312653353,0.2370505719272658,0.2474466589113931,1.4476528938420887,0.2249641027030557,-1.548779786962981,-1.4172549866846105,-2.208201365819592,0.4681138147277091,0.0015010129885567,0.3336562444889577,0.8798775338054274,0.2446797001082635,1.2981100526645737,1.389002388127854,-2.0255135693758235,-0.6372897263818175,-1.6445450604239726,-1.40274753413126
-0.4705198843505938,0.5220045441225301,0.9389729047266993,1.522388215433131,1.0571688526353848,-0.2676405123109962,-0.5114674882208184,-0.1823753646971408,-1.004810496281211,-1.1712587769138252,-1.7324503851724378,1.033242125737869,1.473981720594394,-0.801493002412967,-0.8103781613999987,-0.7699892153679748,-0.1295334827571273,-0.1325362001024577,-0.2670950485419055,1.3109432502997949,0.1722275651223188
1.229542631122502,-0.1972523522603513,0.5841922586064889,0.7194942653685953,-0.950581601750354,-0.5965055230937328,-1.842625929351624,0.0764002390222972,1.1572929666383132,-0.8593715897665302,0.6333034863707036,1.0720782910858424,0.6506978561162653,-1.2887913510480504,0.0315937698422238,-1.2042876360083152,-2.100277455233908,0.5379066966495238,-1.607333270379038,0.9359319498008976,0.453418790951534
-0.3711706379919792,-1.8749870246259208,-1.61727381549181,1.525838150681061,-0.4121825839154699,-1.7478146072781096,-1.190848105833098,-1.4123838701397748,-0.8777625297117111,0.1451124476429985,-0.190481058470789,-0.0942275882698987,0.3573574764398581,1.5434403336357303,1.0522469801069814,-0.030472395143277,0.5070616092780306,0.4150338010163746,0.8007251094429747,1.387758493509538,0.063194437509985
1.127697111566518,0.0162892862630817,1.4293461995370986,-1.394651205257664,1.1680926823569613,1.444053944064537,1.527689795604153,0.8326227605442592,0.8351301454991737,-0.1072970490915017,-0.2372753326292903,-0.3915064598604036,-1.965548003288244,-0.6416272658998172,0.4534154331680584,-0.7557785105814896,1.093439246905077,0.1812713040125891,0.4908249294989433,0.4881468287490077,-0.0063517875222494
-0.1020973742591609,-1.302845739637418,0.028787605450725,0.0653067426033376,0.2940177216983618,1.388640211318405,0.731621385520223,1.3310893258264804,-1.1829515159307435,-0.5220064974126583,0.5407585568683206,-0.5556010680593277,1.1060915799970747,-0.5015154008615131,-0.3617774269710019,1.0145253565569097,-1.9544870098589264,-1.051090364486457,0.4392302873962073,1.539184222446225,-0.9607263762652548
-0.3942401039986572,0.6643068232467564,-0.4400228611631934,-0.5602057107936091,0.6976420008889755,-0.3435236774748185,1.0682375476076145,-0.5228110845342175,-1.2340684354017553,0.7815232022255972,-1.0667897068682706,-0.6474956650986116,1.122935693027826,0.4070738724370276,-1.593153199590304,-0.0940663968181354,0.6314545967786205,0.8521652441875065,0.7599064053044198,0.8484448245002099,0.0434796379812064
-0.4043998086059105,0.8171705374514472,-1.030998536812573,0.1463820576773083,1.4128627505919034,0.8522016164823749,1.5303131034083024,-0.9146086212453534,0.7742367426764756,1.3852801864083066,-0.4554277270642157,-0.7252409126922978,-1.6890052189550506,1.153951485219874,0.9799769195953936,-1.445882667817092,-0.9001518878688771,-1.0700000199619817,-0.6797414980272544,0.1497629772795163,-0.4252623191314767
-0.2069305282228619,0.8316930755095935,0.8439814956411766,1.158068515772576,-0.3831405680943058,0.3500317815716096,1.046645503327054,-1.6796113462846418,-1.8146141894779089,1.20489316747061,0.3393416705354093,0.6359101375552795,-1.6905572522672812,-0.2709108921309859,-0.4477535755132915,0.5115237293629185,-1.6969007585795,1.4387553320828816,1.2372624453009962,0.7353756402633626,1.4070380731488654
-0.5405122179432239,1.077310037150845,1.0868846182482284,-0.5585309728209952,-0.6957527030990871,-0.3321872124703044,0.3799048619559829,-1.3080599395773944,0.3423528678964935,0.7474714209646315,1.138249099161519,-0.1217111873812144,0.7506613653102573,-1.4042127624217782,0.2471933070361979,0.6529865109340787,-0.2112822563129701,1.0184721197415316,1.1406303382892358,-0.505674816670671,-0.1135266352671565
-0.9759474232557824,-0.9038803338653364,1.1263021538840057,0.8807517549600208,-1.160709569964529,-1.0096016571687938,0.7056328480804815,-0.0294541860802073,-0.1326472179897385,-0.9770649275592596,1.2638269179897994,1.0303475495099097,-1.0531443918057115,-0.1921970834366276,-0.5239412720068629,-0.3077081733492624,0.3481187676072545,-0.5418430468945806,-0.8111258443861147,-0.7935682406522658,0.3096332933855952
-1.4216010808326611,0.4239254436599101,1.0303832795204844,0.9942755034496772,-1.4710038590024204,-2.068356438837656,0.4883338856235899,-1.0194144715479596,-0.8769706819217048,-1.4326916793866316,0.4969229870411614,-1.059860506232641,0.3615739457367299,0.1677119742207012,-0.2596044150312504,-1.6575661178456442,1.357008589514225,0.0515226328429982,1.2484733613805887,-0.0085442481035708,0.1977501555474074
0.1868838550051862,1.0236243942845782,0.4790861520314658,-0.2545078369400479,1.107155153119512,-1.364313577114662,-1.2332447159964703,-1.1401057106737162,-0.629230908687846,0.0342335650260529,0.1538009024321582,-1.3771145561822429,0.8989756023348715,1.5002649010291964,1.0264382857532677,-0.2981213791670314,-0.9716723921712416,0.4103617911063644,1.2397307196289802,-1.0852440019438705,1.539797193183651
-0.7609803409727652,0.2193235607459894,0.2175652681254483,-1.151563826128658,1.1510056454307025,0.9798153754549036,1.2001987107604264,0.9681761386120986,0.5176323072617554,-0.4647081218533531,-1.031087518394545,0.7301356827961545,-1.5026252819982242,0.963796522802595,-1.24672123355565,-0.2704376336207397,1.3326552083418042,0.5390944452550045,0.2187668624533181,0.6286263686278608,0.1179068233889207
-1.1579462695241058,0.8153205655213611,-0.8069470940598296,-2.065242152312806,-1.2380335248625396,-0.7190423862856363,1.1647250388144834,0.0423183826775766,-0.9889106094822816,-1.9131140073091448,-1.2417652462261466,-0.6519342582056994,-0.1400935385489991,1.403138527970598,-0.5113850018735978,-0.2957262468515601,0.9094723934278908,1.3385723119169184,0.4203894752031326,1.213347495706173,-1.6047952368198932
-1.6085035687619431,1.446532146758789,-0.994521317976768,-1.5287446604345043,1.1710858802838675,0.0900936330640069,0.7871755295836702,0.0403840670023699,-2.0286988698635486,-1.3021474527421548,-1.7031370571990374,1.0734262258479303,0.4664951739121584,-1.9513253234784231,0.5410161341285677,1.0459193468519992,-1.0858009643503492,0.6043733582064831,-2.0944603297546016,-1.5274149838539102,-1.1529031464284445
-1.4967201952071676,-1.2152279862729818,0.1416421571727487,-0.5120182401734609,1.0879245397504334,0.905233063587077,-1.297095648896993,-0.1063484694271856,-0.541722955053375,-0.3694142374197862,1.0940739301823577,1.5275538617621784,0.4474541071347825,0.1933118911271381,0.8749430165940734,-0.948185324381,0.8015155571853725,-0.1553429753218898,-1.3347293747226645,1.186458655204652,0.4325152727917339
0.0327518649121573,-1.521219336523911,0.4617008267583875,-0.3267555313062643,-0.4480978466277557,1.4488982409606646,-0.8197159220315113,0.6742472390038595,-0.2637404816309135,1.5413084673465358,-1.3453602207450028,0.5604346052031701,0.430074122357546,-0.519413687210251,1.0342053536800877,1.1249720257942677,-0.4284632819919472,-0.7874400716687244,-1.230025304899342,-1.0678898619329804,1.359112560207249
-1.099615732969637,1.1165286055665202,1.468462373669447,0.1672967251816179,0.923177159918563,0.627328624671378,1.4388630939439448,0.2630697606697315,-0.1340260486042443,0.3358679597315406,-0.7704087057101007,-0.457584268183753,0.9544223218475448,-0.9103393572876438,1.1759927260953185,0.7619231670499244,0.6189573149904459,-1.2188552174715264,-0.7726934270324033,-1.798890244571091,0.3279968173623795
1.209733965030224,1.2215930587825596,-1.366593321241474,0.6841027291924276,0.8508830537231735,1.2298515038063729,1.4468685466078277,1.5686186673240448,-0.480278536467919,1.2437468736666015,-1.1155537492959875,0.4013930088934299,-0.3975495268826497,-0.5627559862422267,0.5786569450444472,1.287760820490499,0.9388428452751166,-0.8509274446777321,-1.1785558837663668,-0.3726331736836536,-0.5814390042952277
1.3639108177089136,1.101273152131827,-0.2768693332726431,-1.662350857646068,1.280744836581354,-1.682361486897438,-0.3711492421605077,0.5075177515586394,0.2253037868030274,0.9650906850625116,-1.6288256875795848,-0.3854056175568588,-0.8443955957023017,-0.0455860828313305,0.9390944889123036,-0.2588694308126359,1.0149711712313774,0.3278467828914248,-1.106483076171401,0.1040944054736808,-0.235892430552603
-1.5748566498165597,1.4723590324041824,0.6396331694000585,0.3767170645828077,-0.5857146957073632,-0.7388491183472393,1.2107002271865557,-1.9559693372811409,0.3918009711668076,0.8739461672937139,-1.2448191275228808,-0.0470417397164106,0.4076418600799806,1.298047110226076,1.29660236184092,0.8099554712665832,0.5074810805233665,0.651797974838806,1.0920095922771051,-0.2584302835334737,0.3671628063105035
1.1709042560931169,-1.5834906562125732,0.3129420285073278,0.4694325102900467,0.1679767475045108,-1.91724629222846,0.938596205575882,-0.8356259500948995,0.1720537210583159,0.2720659186004395,-0.9065065130333384,0.476690374910352,0.1298317346332111,1.514128923942124,0.2090615146169784,0.5137988577871577,-0.2030643089033189,0.6860133700388487,-1.207654854015588,-1.933860224821052,1.1645039204564889
0.4570174759627071,-1.552321461361525,0.3273195776070368,-0.373587934741433,-1.1709310673759403,1.1407742447026616,0.515022628285795,0.9233278724992636,0.6435031709779153,1.527437350429754,1.406990765736681,0.1255984717301482,1.3478389204310977,0.8459806358930213,0.7034083753558326,1.513164748175029,-0.6461439505254079,-1.2082412616065696,-1.1270603176192089,1.3380179635389011,0.7703365435118184
1.2169159278243509,-0.8298226723379274,0.8555466156431466,-1.386506030266429,0.7507684320857646,0.5894464564915559,0.0228077823082234,1.4218712267438025,-0.0974751107387353,-2.018377461445044,-0.2151704278147699,-0.8704914569545208,-0.6506425773350634,-0.0849173676211553,0.1255012216442066,0.9362382282984216,0.2674361129762352,-0.5350864367659182,0.2290432424906776,0.8906734753354264,-0.7626773569025332
0.2138515347665372,0.0956871916905322,-0.2445006258179883,0.0049889836198945,0.6364346843069443,-0.6611601579350629,-1.61878315516639,-1.653509243703614,0.7747457327296211,-0.2897061245344902,0.7343229679980993,-0.694120669553688,0.0024661923018917,0.1514590157275296,-0.6928355775745377,0.9594314259498768,-1.8522011837653451,-0.2494898283780093,0.5432592202266701,-0.7807994111395976,-0.7885438944171131
1.3843793076554636,-0.2423087442309831,0.5287292367870647,-0.0546793863974048,0.676284651967989,-0.8920524293898302,1.4031705287470888,-0.4228427123010126,1.218103860444791,0.1659217691531615,1.2321096894879182,0.2240578681040977,-0.4934201970369087,1.0259121042968604,0.6748950487792884,0.6730717778546546,-0.1275302993628159,1.4428661259514592,0.1087348136765379,0.8554261592711158,0.8396824312125185
0.242606856759418,0.6890354662576011,-1.5260484882272705,0.2477819333853195,1.2740107726028262,-2.1373491101959883,0.9526377915724624,-0.0313405530920463,0.9535532317373884,-0.9677763082216274,-0.2237114386321201,-1.258566051779716,1.6135691357383648,-0.2684534911172218,-0.378314584784122,-1.1250929187254932,-1.0954826909578883,1.4489366630374714,1.2021369978454644,1.1156151794307936,-1.216573272162548
0.9557135756713142,-1.8098187070789304,-0.8086381100686321,-1.4550177165763651,-1.4109987052667392,1.2702120960516905,-2.0704706494283114,1.201234683950321,1.1088229659134898,0.4984817696846622,1.4088877268054143,0.4204501774592498,-0.8815967995000243,1.0991150189320038,0.3735477766930368,1.495255755749782,0.327976443178869,1.1408812690510042,1.0464690110847854,-1.31294675204001,0.741770463438332
-0.9235698581303144,-0.9781791047696528,-1.1449818082775265,-0.5053220717670961,-0.842158914115334,0.9208889329877892,1.320445026100975,1.3586097910924777,0.1105733534293011,0.4232311831659236,0.2015501268963166,1.393486793930526,0.5116588591322729,-2.1908323188975256,-0.255571149204204,0.2864678463499069,-1.2606311798946168,-1.061307525349209,-1.2373100647099775,0.4251909228350044,-1.151522522754142
0.2289510712040869,1.2703514678815957,-0.4091633628795416,0.4110623543325626,0.9136503783791324,-0.0392425017232128,0.3658815380731585,1.4307979526225758,0.485791670032324,-0.1932000621213338,-0.8977305597983034,0.9031038875844652,0.6679962047053152,0.4370736204120379,0.7006418896985407,-1.739226358324367,-0.8168670376333641,-1.9573960625439384,0.3365638997625763,0.4842973870214381,0.608884925102071
0.9143667012668149,0.8253362251847132,0.4577747762776453,0.6109705914285697,1.0860911551660033,0.8032907814037789,-1.3224266756980338,-0.6233587796358707,-1.184599159862454,-1.015906931305363,0.4999137102648469,1.0235464586009615,-0.6105413981652728,1.2161339461529168,1.305944603649947,-0.0713593300183121,0.8951115243816085,1.081745783184427,-1.5706533725923495,0.0044216398887536,0.5649819646191978
1.4018536455378918,-1.629925915947726,-2.1390866424560566,0.1201362934411127,-0.3353976060880504,1.1078969751775356,1.046020722985792,0.6506537895966233,1.2523967948800954,0.2340778933942348,-0.4638085961404635,-1.3302635586685003,1.295021014258276,-1.5913453645391755,-0.6786844783665191,1.3673379416192148,1.4255495665891922,0.4351588063280514,0.1859514123355217,1.5375953048500026,-2.328991941046517
-1.1542586812832094,1.380584224661651,-0.0782305162142991,0.6860084394361701,0.6410536341488108,1.5159453167917287,-1.381593300262673,-0.6371191601877296,1.5659323987949172,1.1989831492266856,1.3168118312161383,1.3101255610104072,0.6489184145705593,-0.3527812325879213,0.7061785442410781,1.22742771421777,0.503389030430693,-0.7928620840627559,0.2002977621603739,-0.7399055883972339,0.7379235191863394
0.926773815945287,-1.232237582710919,-0.8828400968678125,-1.2540158334378768,1.340797833941069,0.7866134651126259,0.406831369433858,-0.2909411035746775,1.3762097218331144,0.6411933544437233,-0.4240867749122801,-0.7151805082296759,-0.9580731298371676,0.2016040246306162,-0.8522653748666998,-0.9061790011266704,-1.141835865708055,1.3434025418393447,-0.4500658978510521,-0.8440875031943446,-0.618114441858938
1.3148943344583597,0.7852116552978816,-1.653670729340179,-0.2673064995257774,-1.5831259991581537,0.1140500613876977,-1.5012701092608365,-0.7014948327105919,0.4121198467068314,-1.7173264799025505,0.6774137070529728,1.2656519853219792,-0.3963746277830351,-0.0768139469766979,0.6919368516043773,0.2547063671759002,-0.293385396476752,-0.092614056227938,-0.4891001615309386,0.1338097492404089,-1.7625134241223264
-0.1950402655178298,1.5165831344506366,1.2887181258664095,1.5249764042324387,-0.5532552881300861,-0.6735957050784137,0.3789668143054044,-0.5702878893975339,0.3708860804437003,0.7142674991161821,0.2291815783249474,0.8816068610153771,1.0448491617775535,0.9658661814102248,-0.2548955466791892,1.4772426725954448,0.4615385069861857,-0.7868968722401312,1.405440289530825,-0.5345847982017277,2.2414281785789445
-1.4804280705684156,1.0140815080951806,-1.4687376141123305,1.1765003498383646,-1.5724358769844802,1.4685320487809372,-0.6627327385967223,1.227928759381388,1.1624389521812462,1.5212339851495351,0.859162116540866,0.5602234680740759,1.2056333076877783,-0.9304276645957176,1.2677652392225038,-1.5431028314526267,-0.9601891360430184,0.5487969501670948,-0.9395388506947324,0.4008561908456532,-0.2466541622651387
-0.7351426436478226,0.3956145106381522,-0.1613457516108855,-1.557589364268782,-0.418236233243372,-0.4728618854583071,0.7522392778650956,-2.049783419172913,1.027306850950371,0.2686298129630919,-1.6863668607963715,1.2636317769456165,1.2786336541288854,0.8385831868802116,0.8141913806137563,-1.4859335645824043,0.2266830143018567,0.9198251334109356,-0.7732899263741387,-0.374321663481674,1.3020701580056515
-1.5907190730454004,0.6948509267903403,-1.4679187305887846,1.2160400256356518,-0.3486082740246617,0.4360174407059984,0.6765474616158415,0.5853702179946109,1.6055373686977488,0.5281126151309486,-0.7504218591198656,-1.007224392630654,-1.3513714616885355,-0.6473274607866661,1.3250091625298406,1.0733190274380513,1.3525776764767847,0.514563559724619,1.351182092953583,0.046237910657354,-1.0077093638491224
-1.1116653439510649,-1.5417167197039785,-0.9579259833103544,-1.6482529013337144,-0.1766219060270573,1.373380935996003,-0.0901840412685704,1.4820062778055376,-0.7938328733744247,0.9434624809231176,-0.5485193663512494,-1.7775770606629375,0.7131832454668371,1.3667418953939705,-1.2003327489939484,0.195591554111888,-1.0205669585812849,-0.4790657557426063,-0.3424048312290841,0.4301704691256701,-1.1578493036527295
0.6465283008143078,-1.5640220767289637,0.6985211163327206,-0.5158427162547589,-1.4105123903089367,0.5398681264176364,0.0933346311878535,-0.5227428800509681,-1.108384315755801,0.1899519902270862,1.0048713572920966,1.2224328153014814,-0.2844461445145838,0.441465906190475,-0.9284784818334154,-0.3090170679451947,-1.167332542961102,0.7315592543218452,-1.473992320434966,-1.4932253721067597,1.3724010319416229
1.1702664897318291,-0.6522411333740895,-0.6172166856262105,0.4455928228908277,0.8898739507876028,-0.4373551656028109,0.5110923533366004,0.9648788180980166,0.860338097034697,-1.457374763306355,0.9635976112367723,-1.6273842493392177,-1.5440188848031893,-0.1522708677663605,0.8788964401937552,1.0223949120013125,-0.0799173998367758,-0.614417348267115,-0.7803355384874544,0.1321247507589628,-1.9231558291298751
0.9990008657779152,1.514134050157638,0.261633733132374,-0.6269005632090353,-1.896963431871828,0.0128462204139567,-0.9058054233300372,0.5406545346291179,0.7535143531152421,-1.0012894452578691,0.3757922161676459,0.6021826017493225,0.1172623184159176,1.2909982899123402,0.8738993134934826,-0.7372921421510664,-0.3486556434639918,0.3019357810345043,0.642325804796458,-0.5974499950843605,0.0805354746762401
-1.933865199920103,0.8745255147984127,-1.671004634918435,-0.6632297000201948,0.2897703696315703,-0.4669760176836278,0.917108588391346,-0.3320465970936062,-1.1273579240476754,-1.8302143571826313,-1.3234798941599175,-0.6603746448169912,-0.0393209133662677,-1.6920093427950018,-0.4139666051411995,1.3776538791816832,-2.05152517292153,-0.7884683835768923,-0.4430869989051951,0.32538256831053,-2.9178759753241543
-1.8292687122018776,0.6818370759545199,0.681868996557536,0.3977678741913769,-1.1538356483624752,1.144153206801673,-0.663286980678593,-1.8071816271788104,0.038810713860002,-0.6217575646602596,0.779476066439659,0.1276494393746828,-1.176956399195901,0.7608832990888272,0.5080507057684719,-1.5589922790451205,1.532613831822773,-0.3294310726815833,0.4326816253868202,1.4018858855787988,0.089122615661687
-0.3878013817401383,0.8947014728144448,0.9407490501673784,1.422815133239766,-1.3141713458385418,0.5064284290702902,1.237584023879868,0.2705434484236739,-1.4915899849781264,1.2662696152899642,-0.5217830339338071,-2.1890481708687815,-1.4184216390756927,0.7395532868157717,1.1596436188783277,-0.3776796378343563,1.199674461268993,1.0365792965938088,-1.228094107436822,-0.0794534563596621,0.6778777803486599
-0.574564550567746,0.8428792597800797,-0.2685177619983104,-0.8848159075750666,0.8997409266094087,0.8299826688552572,0.7749487191965783,-0.6220000596681982,1.181431477267145,0.3521231644894104,-0.8027528339092339,-0.3494483518499999,1.2327450080442937,-0.112276866044844,-1.068219845469972,-0.6833611342791515,1.064568189805888,0.1829203052879436,0.5009467516439327,-1.566616537273573,-0.3140425945128739
1.0564565243089543,-0.8370713491952501,0.0974282261169759,-0.4114260070634987,-0.5759753348868933,-0.931532543306814,-0.6455901821550608,-1.586970513451347,0.2436875972451233,1.2337009132294496,0.1812729062099962,0.3362037697220401,-1.0388826663008817,0.3901152216075956,-0.4752490749395512,0.2890986484536234,0.9806329107982764,0.7670019738985285,0.4842333710436518,-0.807432394146702,1.3296100477856645
-0.1996619359411533,0.2097374382642296,-1.213760404891191,-0.5931622452584808,-0.4481745973146517,0.0015538982626918,1.2292304523185675,1.4623321419533313,0.9656031861765232,-1.2715755877067825,-1.6261810867416893,0.2145597449938793,1.0317979313828414,0.7417215864982698,-0.636090544515368,-0.8173276052286658,0.1912201794778727,1.3168303853329997,-1.4509463006319194,0.5261536480643024,-0.64159799124498
-0.6588441987223911,0.7601553638991246,-0.565505758222686,-0.0049275400439185,-0.8483796300282169,-0.6805157090602719,1.3893954678003608,1.0709226137255927,0.571372247960394,0.1790778412211454,0.9759150445434506,0.7962990075221859,0.0577512885814303,0.703084734925989,1.011498930575048,0.5972054611945862,0.6276982522528155,1.4255345237288937,1.326498825299372,0.9042960248283366,1.1736066944112145
-0.5670929340249428,-0.4195523444394476,0.4368501658813036,-1.8549927893443416,0.540193147635483,-1.8936700877332724,0.0138623629320248,0.6857977232353446,1.3249730810156255,0.7346119096240888,0.7267671553127929,-0.0613503806666301,-0.4662651672590888,1.261112637977772,0.6208047653480349,-1.462143467412137,0.5432262217690055,-0.0473645427389663,0.9683311791535444,-0.2591500914802644,0.7828505736979661
0.3436002162652697,-0.3285758000443826,-1.3996865960313123,-0.6292257790190807,-0.909791984859593,-1.013483095856392,0.5496074843964558,-0.0379366585659606,-1.3338170123296016,0.8182372326094385,0.8876657837232359,0.6135417665212703,1.4124305467984049,0.5745000052924246,-0.3377599614283785,-0.0647967247604035,-0.8528116901250933,-1.0536361398669034,-0.0754587109096502,0.3561998209623737,0.0593908182626163
1.4308202749951342,0.9475741709314082,0.9919158307630828,-1.475028158577892,-1.2966096719212885,0.3277770553914429,-0.8236252841762591,0.9960251862291176,-1.4958972430870523,0.0774180449983755,-1.7610211319976734,1.0149739711606791,-0.1300461059632347,-0.8047374784039741,1.5266762670040646,-0.1117376936420287,-0.6402471742017681,0.9078497037705612,-1.6125315565460088,0.1155382389954476,1.0037048537858262
1.0339102591178415,1.3252094736943305,-1.0853379142056898,0.5935908880355435,1.4969140598719943,0.9361605283860684,0.9704618449740798,-0.6051374476342257,-1.6372566853076895,-0.1947586378787285,1.0268583574743566,-0.9225811063635492,0.51264265105443,-0.9683379472149034,-0.531191726519326,-0.935238139281496,0.7115128805131156,-1.309143715887357,0.6451878374154334,0.9563183785424784,-1.363478839442846
0.0176144558439259,-0.6863463377727912,1.1876579602201016,1.4219438156928876,0.3603999657170056,0.6948507014367267,-0.7245370719903026,-2.021526541194569,1.2019049095420606,1.391370887829975,-0.8529637687628068,0.6642800250950073,-2.123492599700258,0.9971732083508414,-2.056868061940073,-1.1475339157642723,1.4088559122690567,1.1155529482046265,-1.661684062042685,-1.8569566627505392,1.5505592280432487
-0.0176614243117134,-1.5694485843524657,-1.659862936676964,-1.4374937821823646,-1.457691047737962,0.7541909237865396,-0.9274226862305256,1.3953327728781475,1.3073440002843142,-1.0244598629719712,0.7977613367218912,-1.1405149252018614,-2.1671833881899896,0.9289836021508608,0.4332678807332732,-0.4469961569678174,-0.6322650360295244,-1.9104110908665104,-1.4523235803294667,0.980331979091844,-0.8404461529897544
-1.804190755106652,1.0806345437246083,-1.1071811917589636,0.2120670815196483,1.1911821719439586,0.400497945663406,-0.8666638223425314,0.3236883964948561,-1.562852693356538,1.3629302030853974,-0.9609162504466006,-0.8787545618617346,-1.2790096548291885,-1.740423399245988,1.1973561421640726,1.4924821468863425,-1.5351350191089563,-2.07266702484481,-0.8117184535924094,-0.1077811124298289,-1.0478244453438552
-0.5178003582472073,-0.0990326394947755,0.1127710910388084,-1.856201311811082,1.145541434672224,0.1661890273937043,-0.2438356761797374,-1.5080203263258276,0.0812829366336246,-0.1784983483022411,-1.1443784369381211,0.8350125737151357,1.0437314604014316,1.231751875505151,-0.5929085655115303,0.9452779998884852,-1.2822643016942237,0.8494254072210473,1.0564150891783846,-0.0286036471283122,0.7051228320935343
0.8870253935814885,-0.018543484729271,0.8634552920627995,1.0614169825406743,-1.9426541302363616,1.0265513727385298,-1.2803060025771849,1.128552628409818,0.690957839419964,1.4031997443839117,1.1590080540096042,0.7305095500181964,-1.0136140784669512,-0.7056123440189102,1.4264070449349815,-0.6979926033947293,-1.7456149661356022,0.0187490792530639,-0.2561060351600927,-1.3996533848481494,0.863163141948696
0.8493809562887638,-0.9570856657147104,-0.2312794463682403,-1.140029322912052,0.4965915680137039,0.6585678859530565,0.8242597696224739,-0.344086276102276,1.016038175797862,-0.6536399874929184,1.4247397544390152,1.494415796856576,0.9206562539621872,-0.5801375076485027,-0.4573881911996058,-2.039893100607045,-1.49130427280246,-1.3040329264574282,0.8387808368392063,-1.0461085587146308,-0.5654858768393392
-2.0479740985123627,0.841290106313603,-0.7405022766738516,-0.6496541279126654,-0.9673890571532292,-0.7867337019618375,0.0066225497720216,-0.8133728707829085,0.3457951728745316,-0.2621852424903531,1.2929567130747304,0.5979760739413806,-1.497530847071548,-1.0639980439302252,-1.50415505563128,1.327359838911483,-1.2056209701740734,-0.9814283850181756,-0.4002673608015992,0.0494457105368596,-0.6775863308638477
0.7194721233178091,0.7836870378221606,0.1707088986101651,0.3872982206052078,-0.4211924592261258,-1.82858962812557,0.4257784198563329,1.2724136620385929,0.3893037504244201,-1.2189626608438269,0.9429989400682748,0.307399061485058,0.615683811187348,-0.1108476921203096,-0.4205276204733935,-1.0065565240038512,1.4801514769120705,-0.8537939069355897,0.0924431204346865,0.4957899306843096,-0.3830907070922932
-1.329218088250743,1.2035652352477064,0.3394835313216487,-1.0445221057751304,0.086307258775574,-0.1463984277313129,-0.31642675976083,1.5656503321584447,-0.4481216183025264,0.859165492746076,1.2462949279519022,0.5051796659733367,-0.7248412104240071,0.2316724094064471,1.2120608222508773,-0.3781012580421189,0.5877418309537904,-1.405838985215439,1.301091196229751,-0.5932494563993601,1.3253706047587248
-1.2241417125985778,-2.168509012156883,1.2448285854589634,0.1710228562657631,-1.3408591988008025,-0.629297335581522,0.0978083706072607,0.4486426144036484,1.03490548105602,-1.7434468757478303,0.7414849790940652,0.1408872436833168,-0.2696623886349753,-0.5233028507935882,-0.8828698799879463,0.715824387276035,-1.9655180024608472,0.8688201938579286,0.1145069686456789,-1.6670150468986742,-0.6521012480223988
0.7623276597465891,0.4572940452770798,0.783617163370736,0.7025654391168775,-0.2027210054509561,0.5540464227227438,-0.9367387389784148,0.4046018910355394,-0.8006518488062284,1.512594529654164,0.1710458323561169,-1.3136917034348794,-0.451393318416241,-0.1219064463776282,0.8488958479658248,-0.2105170284818118,-1.3333873495929744,-0.6780305262367783,0.700116130679994,0.0318519255910902,0.7326676681275385
-0.605401698822734,-0.4848227091227686,-0.4358272526071702,0.8205136205579562,1.0244615498556275,0.5683532434981058,1.153008724632918,-1.3575335258068026,0.8981848176349959,-0.934550303953187,0.011208988556372,-2.169287166973599,1.114892560465958,0.4856434980217423,-0.4453502798491421,0.1908503986811806,-0.2875789105954073,-1.545873983624089,-1.3779866990915308,1.4190703833021612,-0.9533453004505442
-0.978527915081352,0.4580101093423331,-0.6787854390947772,-0.0972241278340065,-0.460538940841731,-1.017448402929487,-0.0454392759828295,-1.0557625851848076,-1.2298707634483,1.1219330313484013,-0.9542532070604683,-0.4175993047870169,-0.5219745631990664,-2.2414880478704458,-2.0026221271444196,-1.1690697076154284,-0.1998148221757598,1.0013260421080488,-0.1931842610105232,0.8095088366016662,-2.060292987863885
0.8113984363990641,1.184796583925639,-1.6260564056434734,0.3534928118072146,0.7822388761953135,0.2470537316720286,-1.3899660957658588,0.7027283331088664,0.1832867755840903,0.9313502032046104,0.2180022814233433,0.6723494856137682,0.1084407830485228,1.267002563325625,-0.9673863401004767,1.341237910819561,-1.0727921943998613,1.366978667928126,1.4144818212364343,-0.0257515485023923,0.5205803511279044
-0.4596238890239258,-0.6385267166164402,0.7128667953650419,0.0869522490922376,0.2347062873835903,-1.042200928796147,1.2708331491725793,-0.9267533662040583,-0.5128332187954262,-0.8266268878996345,-1.233921461516658,1.0613130870687524,-0.3925472473261219,-1.2069556516070024,1.4573344757501556,0.833236493293104,0.0541635414035335,0.5678536005650685,0.1061915851080536,-0.1529974229105608,-0.7989993466068918
-0.3111322815417355,1.364614296493465,-1.4874964976602136,0.5075387151443268,-1.6995973406473408,1.183860415030137,-1.016759008323972,0.4740675008819947,-0.96674279005287,0.5926422547725976,1.0125265232540923,1.096946652441212,1.4044680518108976,-1.9172488415337896,-0.9654913618895092,1.524945307488057,1.456886880662158,-1.0148127671608411,-1.9658050210180733,1.13251406527798,-0.5287432519775795
-1.5663130081406862,-0.5635145563656615,-1.2173072345451197,0.7000092669812938,1.0893951612291783,-1.752156558498124,1.3434079949149882,-0.1848434783587406,-0.0484626540371974,0.4767394892795058,0.6896893142957579,0.775678512508842,1.4800419367684736,-1.0396844868093993,-0.2764050204923138,-0.4559889532849012,-0.8539309197334852,0.0906837941338437,-0.0941704403246664,0.8555069374126356,-1.11127248329803
0.5633635493786482,-1.4952555834960513,-1.6645066032349574,1.1557209898544998,-1.1456681864114966,-1.2677715812708164,1.1967721614466746,-0.7605779468886195,-0.3044671828083781,0.2044017709189851,-1.5361822624742252,1.1111258924697305,-1.9726727360945415,0.2874931222014517,-1.99624443319094,0.1113682873481424,0.5548875747734493,1.4902233323183405,1.3756961422743892,-0.1902237640387778,0.5191881200750095
-0.3613414420273741,-1.1156847922150133,-0.8767527588922044,-1.6135111542780451,0.4274172115031972,-0.4832250788584289,-0.643729651908232,-0.6607872029134073,-1.9210228900941535,0.5335681186131896,1.2354241727170754,-1.3731231161272226,-0.4385165023968307,0.4680566412534739,1.381753321446126,-0.1939354162498656,1.5715068517179902,0.2076581683237119,-2.127656200286874,-1.512664654183271,0.6649308569138747
1.4618758672479708,0.1828580264329399,-0.969516544356312,0.3302422105515028,-2.136581591708558,0.3894871016401821,1.4055104106412812,-0.7104380057456068,0.2563597206666123,-0.8724397194870172,1.268122828003511,1.324337978693814,-0.3892177181408621,-1.6223361955431606,-0.0560919393239833,-1.9068038603290576,-1.2619345891844511,0.3606695717105406,1.2898562191464684,-0.0796808705504384,-0.805711596173162
1.1969797612874715,1.2132889897538035,1.532347479292916,0.7181055478196544,1.15660023018325,1.3361458841930465,-0.6729916132658302,1.0331492273611802,-1.840312494412774,-0.0288555132145185,-0.846053039924208,0.8536363461764489,-0.0923491787306363,0.5437490036321214,0.9574444343365232,-0.7002978635351391,-0.3100876952899908,-0.4105728838112581,1.3450181532610532,0.949904274580093,2.467039469992398
0.5644452630105182,0.4739105871650612,1.5381269144334582,-2.039272631313324,-0.7377846071551422,1.442476352345879,0.6946215460296797,-1.8682984754755632,-1.397058050301778,0.2101083291359198,-0.2316652979114576,0.7403487842117222,-1.1068163856068245,-0.959824126810782,0.9413494625720632,-0.7423357319053129,0.9594907528815791,0.8133521568765852,-1.5127384743659784,-1.3511528849649292,1.6299140642001395
-0.4509847499345198,-0.0003900585823983,-1.5367473764192,-0.6944843867270383,-1.4051563104330125,0.2406760498571343,1.2907942999830462,-1.3430956752895804,1.124561963293702,1.4181771742257483,1.1377172248421428,-0.434347725067831,0.778813948093782,-0.2885771615600174,0.1435620119452077,-2.051602969908888,0.9482787665408424,-0.2970700858744506,-1.1164435291257455,-1.325321257160854,-0.7830928324500469
-2.0214374334958376,-1.660559972496089,1.0140006091144265,-0.023537520595366,-1.8979320655151048,0.4069765507758222,-0.8913087728585817,-0.2294359057831362,0.94357770658732,0.1056932015719723,0.567551309385878,-1.3062121581748407,0.5919256986038582,-1.0729111866283614,0.0140919104868367,-0.1350714276204582,0.5958556982839193,0.338236160386443,-0.0982122429520294,1.0887437143053862,-0.587866230263818
1.0439485449972064,0.495217850769213,0.1094412294720059,-1.6828131629694991,0.233557370050076,-1.9251327528048416,0.8723808555539414,0.5243813026426054,0.0735606690502323,-0.6851100761851905,-0.5669727813802006,1.5545129400529651,-0.6436424814591729,-1.816012322514017,0.6521630438876695,1.2814193143802637,-1.8052943895464089,0.3187002435810221,0.661063874228089,-0.2485801431424488,-0.2787907485595525
0.8392002575925046,1.315570048105936,0.2459490652023611,-0.2923446594719802,-0.7449659445101996,-0.1042213089591016,-0.7848104865357086,0.9230667330852722,-0.6515959963060194,1.5217280463532177,-0.3914809493957968,0.8449280381038424,1.4776539577410193,1.3671506411783174,-0.1111694895266674,-0.0378580781229401,-1.732564790878403,-0.325188191414476,1.244616179108883,1.4075622106515369,0.1481353546042628
0.2153547091502226,0.8669152873312326,0.6147594704015823,0.7399517905633171,-0.1373561002992832,-0.8068703851106951,-1.4955500891063822,1.3498408600492375,-0.8147679839502311,-0.2939113275646416,-0.0307111458100437,-1.0088087593101236,1.3619604887683507,-0.5835445065579388,0.3277552635793028,-0.5470466104847665,1.2851170870411073,0.5456441259142487,0.4707330714543803,-0.0504981720436915,-0.5627531080548842
-0.0450289052015896,-1.0055185313956698,-1.6125133307592678,-0.3044955180491803,-0.8060242043863011,0.3732865870587978,-2.134036022019864,0.9880071902640842,0.4086236394847387,0.9177829219404094,-0.8508986356990066,0.9005996969351324,1.5237512116585512,-0.829524324873593,-0.1388678958929217,0.2472842916699944,0.8080167999983248,-1.5433998300732883,0.5016870106820608,1.0383074215862973,-0.4336542553366045
0.2575910264698188,1.517404975606328,-1.1146377633720073,-0.6060787768325138,-1.1967250741830042,0.8574448230233433,-0.0766540413129716,0.2710322525899242,0.0102123799162609,-0.5120916010230054,-0.9011877613798956,-0.415046396893885,-0.5686215292459038,-0.0408721698884673,-1.4285916126611575,-0.3219653049356142,0.696470563769376,1.3972996277673366,0.1236621293270473,1.354154225098108,-1.074980718707433
1.4171111500904667,0.6309639184978089,0.6025200412416095,0.4361664237527902,-0.360219826815117,-0.0477475234467908,0.4095279666495032,-0.2227211169660293,-0.234777639998649,0.3278252051965059,0.8700795090184652,0.6044441507755655,1.0126312356664489,1.5347377365248138,1.2346648612198932,1.4992694875710697,-0.3095554155883326,-1.1434378014756728,0.4241421444441602,-0.5815946679619507,1.298481914355807
0.2825149446452696,0.9476165107338016,1.459751150145743,-0.8228421240363152,-0.0924856976033614,-0.8055421744912705,0.9546832709401756,-0.3384683289326128,0.0506255008511251,-1.5308248301844678,0.1680537615510811,-1.1528376598637795,1.1012638503145624,0.2749379283295025,0.8552241872758867,1.4358456388513738,-0.2554825728961056,-0.2883039563212846,0.3513700854755778,-0.4378257651967576,-0.2307331996559604
0.0474466070980215,0.8070198310920639,0.7847132555858052,-0.2072105698365525,-0.7246639956484957,1.3104872430425043,1.400172562321463,-1.3555824948448718,1.2228093238744016,-0.1693547499392112,1.0650735537448393,-0.0866462443759706,1.179757017042787,0.285248432066996,0.2417163843375984,0.7148508864296719,-0.6009810428489138,0.7956479361843026,0.3544725517120799,-0.2144452632032914,0.4463984147845705
0.6502598151379441,-0.403408689842448,1.0743919159398267,0.8811636949025795,0.5350704814791065,0.2894158084389852,-0.6490167563224362,-0.0511709159002704,0.7237758181222043,-1.4090620282805582,-0.442877717991842,0.6478170826725755,0.3484504529636454,0.7237353786038893,0.6247953548380563,0.0412133190170284,-0.2768862783126059,-0.2257517190887735,0.8189386698604931,1.2815827528961268,0.5778872450617025
-1.3386156256156454,1.4240141333972058,-1.2510942987628946,-1.5692968518669967,0.4322680429854029,0.7007259625081693,1.5149878450111316,-1.4719793934769942,-0.0282140516577648,1.212488867833057,0.8932955042420072,1.2125479766689222,0.2108760321015978,0.4660854969678109,-0.8450840103805259,1.333267252543813,0.6499491236292112,-0.4779203358643808,-2.0957829687228333,-0.7821892735538397,1.3980599860817673
0.5298790809128079,1.1086907690659658,-0.6421685792537933,-1.7556096925310405,0.7606349766960244,-1.6024620681959778,0.8613184598850315,1.188694721492978,0.3122414775523177,0.9328272292706448,-0.2768861201063062,-0.3328320786922337,0.7620722794400286,0.2434240002755885,-0.6375775182874661,1.4224892417726145,0.530530439544105,0.4745017054458481,-1.7081506893941385,-0.1393516840990059,0.6815426209176468
0.5196874749614128,-1.7165036754415044,0.9121005895473118,-1.057875473798037,0.8940383605754744,0.5732690702537228,0.6403453871680007,-1.764412704984687,-0.9522637789960784,1.09941915103204,-0.4336400780544545,-0.1286220966217972,1.5515151191154934,-1.3551212788709766,-0.3007897186692158,0.6878373390369616,-1.2802360806620168,0.6647096258333919,-0.7958430842338817,-1.1162505305723711,-0.331820473065162
-1.592572826620945,0.2764474668754669,1.3205359071468992,1.50237351724165,0.6777145783987202,-0.1763038146034771,-0.8059512855745389,-1.1101774946409937,0.3105932992481056,1.2639262519357894,0.9914516200350204,1.072213669475333,0.9575010746424626,-0.0897665271495778,0.8038407149832902,0.7283903490828437,-0.6992724651903147,0.1298810007328159,0.5025981193166875,-1.2685628480802054,1.67118680086193
1.2399914225307092,-0.2521696373519362,0.0208219445730836,1.2804077765182582,0.4501889136171675,-0.9501135581169712,0.8019522335036624,1.057174469425989,-0.1106238205585135,-0.1387964676800444,1.3846662754319514,-1.0963473889206672,0.7109160503117785,1.4827342689212388,1.2333976433178524,-0.8037616581191647,0.9718017800650628,0.0779307807474828,0.4126266201816352,0.4036844060482633,0.1262127320567117
1.067544363106561,0.7564334229237507,-1.6581862996559176,-1.492087284470706,0.2519258910090203,-1.8499559097881575,0.1675629594106633,-0.141758458101478,0.7747508608444611,1.3497263902812546,-0.1781142758758157,1.5309176007204373,-0.9214295865931575,0.66207832287708,0.8854027749565138,0.9475262170269506,0.3330869924115199,-1.6268778347643305,0.4316379174532497,0.6351824002041955,0.1418300271754535
-1.4190060355524583,-0.0177136956739051,-0.1044636382091717,-0.8249553671799655,0.097230779852948,1.085339195223468,-1.1740865281271284,0.4083461169495637,-1.5151393997290477,1.0670690787342492,-0.224229065470979,-1.1864821678631703,1.462851790216381,1.4925213596051137,-0.5051076696411443,-1.1791289621538772,-0.7787458423874042,-0.8797975458302659,0.0062780895848666,0.6052077686521187,-0.6114091499048926
1.4680852694270692,1.4984928334576937,0.2095847990787301,-1.4323266728428432,-1.1174370191253908,1.1939671332902837,-0.6440746178426123,-0.3815302068489147,-0.0980663970861782,1.093060027013408,0.4731918448373018,-0.6986174973068053,1.3232118149186816,-0.0536386699766811,-1.2551695646991032,0.0785402631103704,-1.9062908850442932,-1.6773492280600155,0.1761346734837383,-1.125671164888754,0.7649014549739408
0.0174182560040643,1.2111387442106047,1.2927584220973036,1.10240098651262,1.4820652852919884,-1.8048398402210568,0.8209354717298781,1.15418772015641,-0.8505299313201057,-0.0253921043120808,0.1813762005831071,-0.7867911142021144,1.0616628246929487,-1.285858775066405,-0.2753175080941257,1.3618566086552115,0.4109462611149651,-0.7271352377157413,1.2335012582009808,-1.1504678413139346,0.1450101592229371
0.9709228060270044,1.491940728977249,0.4414639188423949,-0.0477763096282107,1.4145320323783,-0.1499937489419626,0.9873488509684678,-0.8450656855186187,-0.8987929573803105,0.7576673847538318,1.3279989225404762,-0.9558495360329274,1.168915795348624,-1.091472821386423,-0.8696535815632882,-1.2058011339821602,1.2983419042133817,0.9937312253461296,-0.7308528022116709,-0.7709331147672771,-0.5303251577521936
-1.2478228227982875,-0.3913857386950232,1.5029987601354533,0.8474234306160483,-0.1080424959915776,0.4049808022918301,0.6668724191169744,1.0142073124395357,1.3665949622060154,-1.357782027299402,-0.4440448902909247,-0.1157642668696314,-0.3988088139075602,-0.6804265458374391,-0.5470442135714338,-0.0953913448582724,-0.3272806978393697,-0.0167052785612495,-1.2558967515214443,-0.1088763442947064,0.0273169584537892
0.8340770028152532,0.7100766424814735,-0.5720710762652237,-1.3111658303266984,-0.1113968629297339,-1.2717284530652562,-1.2184615769193308,-0.7321927764734438,1.2613356977936752,-0.6880992504616783,0.2384068648472345,-1.3728158995632218,-1.1058808447302717,1.4389094885275575,-0.1080456019234808,1.4112581500051675,-1.8834085416380075,-0.4103229779751258,0.4970939154339399,0.8074279487995001,-0.7080898010562577
-1.9688976043391753,-0.5750657911028934,1.2263090604753948,-1.0453091217468733,1.0003093828136784,0.5025624793008294,0.6988589048940049,0.3226150141460822,1.0032305554228822,-1.0185982938616316,0.0413487684233009,-1.1669613769133524,0.9411785812743446,-1.122897295734077,0.1653027329785917,1.1984547482823955,1.3094718569784447,-1.472416431632123,0.875749031248256,-1.2209787626476856,-0.5386288917953128
-0.4882370767797998,-0.4180427143399002,1.3745119332725737,-0.0483961253565593,-0.2856380209305155,-1.3825514916857375,0.0693292361997309,-0.5080985477807664,-1.2586589791976084,-1.895704211633025,1.3153477971839744,-0.5472654135067704,1.4193060309324594,1.0339832452231985,-0.6352190876489424,-0.0178805633179768,-0.0306874131544291,0.6181361756894229,1.2844024376813643,1.2255422773442142,-0.1573984892825534
0.4730312353581041,1.273741249029292,-1.8422646312985436,0.4588166256983292,0.1670442236238231,-0.3349197343185998,-1.1214957346119592,1.2743278568615513,-1.5372404428220254,-0.9987324968723382,-1.2855017237232205,0.5231649234376992,-0.9625003225730524,0.5510220144806055,0.0920809283273862,1.4171382599238451,1.0384903453797094,-0.2501916612680953,1.0443084068988482,0.9818439950301584,-0.9213255620312962
1.325332874469849,1.1376060995506303,1.5296131223731635,0.3987482247796547,-0.6212097164668172,1.5281642478071606,1.1755996160249973,0.3219660882438556,0.4198420869047705,-0.1690612568683818,0.0323907325053058,1.4160118753311848,-1.1249794325622504,1.4855732744578267,-1.1483137412004991,0.2542740014927468,-0.6884895710662513,0.8488620462601255,0.0629050108963692,1.4154923478352766,1.5040315803044035
0.8533055214301649,-0.4334149711945544,-0.3778578495239095,0.0830372192003862,1.4484462996031788,1.3158747585828845,-0.1842672651648283,1.183131190308385,-0.9356809472011132,0.5201290771085337,-1.1570370199153632,-1.193898665346759,-0.5048058487564622,-1.195933495432001,0.8796001280650017,-1.69532752913137,1.241310887778444,-0.6656584960840496,-1.336620370427667,0.6643474669272549,-1.3361385569272055
1.4539026082915916,0.7872042703131474,0.9282185348880492,-0.72680237570544,-0.5366111002350955,0.6797886660797675,-2.006016448438757,-0.4526708276828224,-1.2921162554387298,0.6605231593649723,-0.8834334975161113,0.2328163566527616,-1.5338480163221326,1.3927651462399122,-0.2152501609024398,-0.4750620763166532,1.0375446607122438,0.496224900469365,0.8552052210726538,1.3764194856305416,1.1573628740336188
-0.1180384059444582,0.6505357445369421,-0.7209861965391392,-1.7108416714561343,-0.0718878783205796,0.0871693087204823,-1.517417540512872,0.9988964171216228,-1.4531153392667302,1.1377764495364138,-1.6743046628825948,-0.812581768342154,0.937962386753974,0.1097164634769382,0.7961698759093564,0.5933799520859976,0.6677588891815645,-1.3225060520721172,0.569339164472845,-0.2618469115460919,-0.524089758470652
-0.6146815793957223,0.2642028830571525,-0.5468896944848368,-1.0483096256595958,1.264199434151902,-1.7957239592229306,-0.9515250737736036,1.2746548264291002,0.0871496663668451,0.3151223218812042,1.36314546415709,0.3441187918735676,1.1053369788292045,-0.457940832879627,-1.2156055588735173,-0.3081209253267079,-0.708479765218756,0.2966681107183795,-0.0794614170035945,1.0449799921783292,-0.808531130696638
0.7516371339801668,1.465753517611201,1.1790628173017064,1.1423625035399392,-1.6942238499826563,0.1134798925209459,1.0025248728172722,-0.9548280759451476,0.6746024868058994,-1.1983002116392192,1.2620230069136715,1.2617496070405136,0.6990316282483339,-1.226170930339047,-0.9104310583215056,-1.3106016409440708,0.2751535653660268,-0.6945670797245902,-0.373142292931635,1.3036906450390642,-0.2569055907524194
0.912524137414215,1.0279151730893088,-1.3169456290905506,-0.3113444697543708,0.6550202814226587,-1.0684975130756067,-0.2880831250982141,0.5315764990402555,-1.58974923197008,-0.571801146556668,1.1868608838285803,-0.3857084916991565,1.05524231535488,-1.8204272075347323,0.2040883421664489,1.102111926122281,0.4738591316149839,-0.5434766219814292,0.8372243685796733,-1.8246684577721688,-2.0783665465623495
1.3752102151821115,0.543492066885983,-2.045670031765738,0.8474663095621322,-0.5459971002122048,1.3879487790759766,0.9233236455805146,0.6901814461101526,-0.8103411173053389,0.4741637576841691,-1.361450593611476,0.3698146017130356,0.9981416613413424,1.539241548708664,-0.5395202891563605,0.9959169266383704,0.0444704579179459,-0.7353522213978602,0.7839643781802412,1.438476227820216,-0.2926249496186474
-0.5063985636297915,-0.3503348182690339,0.9868778086103662,0.416634381118371,0.0167091116176421,-1.9249097596509448,-1.8084121414092635,0.0115458436257215,-0.0285387910563628,1.465177392533369,-1.278654018699258,-0.3732716836054607,0.9259916881888288,0.7024239272713544,-0.1767837656817985,1.1498216411760651,-0.358080808282176,-1.8113317213537632,1.3343111839355424,0.1466636768806718,1.3472121059323552
-1.6480550927568367,0.5595796866250159,-0.8376008091376806,0.7428676768424188,0.1906835038395821,0.4663158506820209,-0.2088268190529704,0.4115048089225491,0.8503165127602558,-0.245802096818547,-1.056806130653145,-0.4997626392022344,-1.9076581117098208,-1.2553598591891724,-0.7902955585264768,-0.561813745092645,-2.022701349507036,1.2445244546622982,0.080060864867368,0.3318808204693403,-1.5343122593747631
0.7191379623597708,-0.6696910886205413,-0.5893373603028565,-0.1122206454862468,-1.7573207635549128,0.7683144500900001,0.6744339205027172,-0.6546234591728614,0.9632336578905548,-0.8856040169347859,-0.0478413290231682,-0.1562413579899043,-0.011437386252086,0.1170042155769091,0.935484700191874,-1.5062154012837057,0.4693440115670869,0.6381493406252406,-1.5320959430880106,-1.7544809432289368,-0.382744585967339
1.2982556638564593,0.6446385271220907,-0.4926201216914943,1.0620632226202873,-0.2529237861074915,0.5219224355919808,0.1133209429589165,1.5292741116416273,-2.1001646750985636,-0.8992045202515978,0.683458852444686,0.4671636758062226,-1.9107406797780873,1.533756320699376,1.5028624249914324,-0.162978723486101,1.2413128862982297,-0.4715033638147613,-0.6954555973133482,0.6120591607722933,0.1860294184042255
1.211854255185238,1.1735303128202197,0.832732304433283,0.3733291678582201,-0.2405318026647497,-1.0461700761321822,0.2917565333937818,1.394459078915661,-0.7230110323562013,0.576761903598825,0.0024420771694353,-0.8936995633705163,-0.6877751752855621,-0.6668309899192262,0.554301006961934,0.8579056236966123,0.3528864543951127,-0.0257843015270833,1.1002962918819554,-1.2616575177586904,0.2710601971967497
1.4873539905436015,-0.9788525750511974,0.7369194092893319,-0.5296433307198801,-0.8191083127650677,0.4046086971873476,-1.071063309209486,1.0189446429488669,0.0448186761701713,-1.5563778382563342,-0.1559747154868374,-1.7108257622699072,0.3990938150927277,0.3276341100795368,0.7482685643937914,-0.744013910214667,-1.772078633063982,0.3515630259298338,1.325957903885871,-0.0660924141700458,0.0563803410043296
1.315204896266601,-0.1878018753165622,1.2860619035102765,-1.8141166435649008,0.3764254941614794,1.3988369343835023,-1.2700538358103832,-2.1272061445143255,-1.593903744631955,1.0008860800171562,-1.7628653787868658,0.4808507736676789,0.4821498201151696,1.0580845621535355,0.2882056210849261,-0.8708163659739323,-0.4049963164962317,-1.1203829412098842,-0.6499745892831719,1.1869791389874678,1.6918002456125854
0.4760684055656021,1.450189401923103,-0.1096069880153014,-0.464201319812516,-1.263119922706731,-0.8715319318440171,1.214002181714119,1.0751786751793302,1.605642021957867,-0.5302202633487632,0.9715392053887352,-1.6491289643761604,-0.2316844593925557,-1.0116609046984772,-0.9913933401009845,1.1585685654240234,0.9438584816287152,-0.0746429019970095,1.289621395185876,0.5156161827110418,-1.787426129008593
1.3928016219109864,0.9472143664162568,-1.323073052078792,0.4871488622019211,-0.1844018388922329,0.9860156746588998,1.4816838932455862,-1.321437786491256,-0.7461147481400979,-0.9484552291369388,-1.521125191833174,-0.7433110695850323,-1.1141927806584584,-0.6504366214022609,0.1795528292054022,1.1971644931750216,-0.91725035763747,-0.7831366805355314,-0.6958351821024713,-1.736226262575166,-1.5539189442316308
1.1369401679790654,-0.3542516914717912,-1.3900517762567683,1.2857029278418417,0.329775814977118,-0.7733965009770959,0.8910623497868,-0.793992684131421,0.347700898607908,1.1723336332034142,-1.007822233950519,-1.172730142476991,-0.5029898671481388,0.1426193596934794,-0.3942166396252042,1.0661359783057158,-1.0667273684791772,-0.7663689286798657,-1.6590121250515046,-1.5363487913670524,0.3033567932331235
0.1311855774193185,-0.7458675272375951,0.721232870772241,-0.548894091547728,-0.2774051547258221,-0.3557657390410818,0.0111917866782618,0.3734628149962453,-0.0723819647645841,0.7829701465212635,0.7132570714904254,0.6641888593041828,1.2136417928952523,0.6281069095397545,0.3331030869758543,-1.3474966722074566,1.563306144704393,0.23000274427018,0.9740843861964744,-0.7468614998979263,1.305423897862384
-0.7483416539509004,-0.8357518393131994,0.7767668410638421,0.4752416818724437,1.3212551411426434,0.6371366190814169,1.2704122677638758,0.0413372448501636,-0.4569479429528108,0.1511879617648879,-1.0695211833843068,1.479129619122332,-0.363411015114123,-1.5783162567934153,1.3337952241677495,-0.6212893701847827,-0.2492938571269057,-0.8584085980719501,1.447933545547475,-1.524670485494896,0.5354395958823029
-0.1514980108613258,-0.0019584938526423,0.127931193980824,-0.7596028146220346,0.1182598723583466,0.6470217901054658,0.4272660524385918,0.784325695905672,-0.4127102049973642,-0.0961444242567283,-1.6782042284066805,-1.360486127070561,-0.4879426840705343,0.7453630202729143,-1.590632331715381,0.2836055362924919,-0.3500435545016043,-0.9864542811879814,0.896058158837001,0.5752638802063053,0.6356768057070336
-1.2571976905500364,-1.350863559618056,1.4585522415618388,-0.3859291188404153,0.9470210421558468,0.6552232370688276,0.2352113143719303,0.9151682910824824,-0.4689887716824118,-0.8533567565466031,-0.1639605336407147,1.5315404572812896,-1.331546777217612,0.1421631468028848,1.0555847014618072,-0.533703769124068,0.8605479807043102,0.3338880315151367,-2.133944804899383,1.4147290092545457,1.6043585600714023
1.396889645443072,1.1927181705700427,0.9607993044942624,-0.2436319322330216,-0.9905547937753508,-1.409373797163079,0.5350182951126051,1.515478396215173,0.2526426021586392,0.9478768171993692,-1.250255900376743,-1.1594807999237748,0.0961691462152868,1.3681745653616564,0.0498269484241596,-0.6433685873274354,0.7823654168114734,1.1073317543519552,1.5195844084744805,0.5619069427769989,1.5314880295659974
-0.2327206151283095,-0.4965577150126576,-0.7708630387581589,-1.329125711369733,1.3552938627172575,1.1951961657473862,-1.6671158353415618,0.8121187933294324,-0.3997104506015416,-1.186067988466622,0.5118948160694264,0.9177098173719752,-1.4432219908923862,-0.19604765012359,-0.2393400534937219,-0.2350212728970792,-0.8575349939227874,1.369396669872093,0.7336049101561637,1.417054872052906,-0.6650574151637901
0.9322270734994608,1.3789156235461009,1.1352901955008354,0.300121439517748,-1.8255875977497424,0.172275240195269,-0.4442631992247695,-0.2470284523729705,0.4867014607988915,1.0917053756424022,1.1916790418599597,0.0710060873818337,0.0298908443565888,-1.3719949181635376,0.8142123735696392,-0.7578776607248516,-0.2854936711018873,1.2326801412925668,-0.7441489407777533,0.9399598814121648,-0.2387224967963136
1.3954826777253526,-0.8941583411632317,-1.2712231912287657,1.3698693412274794,-0.9766414400982832,1.337174640336101,-1.6097031434254927,-1.1828304949909283,0.6063964773446261,0.4702277603143459,0.3741240654690662,-1.8501237174125935,-0.1370582790795481,0.953355212559446,-1.3175935393869538,0.7592549667082638,1.5436552268498094,-0.4851084503603899,-1.104782268495339,-0.7497867090748178,-0.1207155852460305
0.6573987294858749,-0.4343705370266957,0.6193686269520479,1.0969666874068045,-1.1717293596511589,-1.1158777895794405,-1.720694255540104,0.7323056044911003,-0.1828506653059201,0.2772149128368597,0.5629367203005148,-0.9808437372554286,-1.4622516311173337,-1.3859942025848573,-0.8054521231424788,-0.664917734090915,1.4117414390235896,-1.1914710442353968,0.1658342344667077,1.471620874413605,-1.583324415911907
1.5160670066518769,-0.5597106964295907,-1.501165531699346,1.4109885566777525,0.6965726946743143,1.19326311660827,0.9516860558976796,-1.7219880855252914,-0.5708751045766423,0.0364433636759402,-0.379703404060727,-1.8202804126379837,-0.5227968065973455,0.1521064894635502,0.2164581810842462,0.3516560888794277,-2.1090288928546856,-0.0845478270886027,-2.092744022448575,-0.504184674219179,-0.0170501484385566
-0.8605462291531897,-0.0866052105148229,1.485675713591954,-1.7654723941809949,1.2996705116041083,1.3551935581075714,1.2761542875617833,0.6238858783673663,1.1394000158735933,-1.5626125968601845,0.5960457205468127,-1.1496463423270056,-0.0906913587450203,-1.202221180537757,-0.0547595881876327,1.4028267378764132,0.6108184438690634,-0.0710409399230741,0.3452126577395419,0.9025633136576686,-0.757721460488443
-1.4055323820594667,0.4225795977738402,0.4296647022090119,-0.0302632479903009,-1.4789440517978751,-0.2518828160466022,1.279629071913089,0.5230998691864481,1.028992016157062,0.2765447116803384,1.026477265073562,-1.0112518940929949,-0.2867654333203858,0.1865391038482598,1.4938860652469297,0.2558020909033802,0.4668960480025526,1.15856226460709,0.7929694420241148,0.333104617215936,0.8746544704352082
-0.2403304671026922,-0.601072952397731,0.7428463660035404,-1.545842473585758,-1.908303929434107,-1.296535386014637,0.2330709158129178,-0.974591114387142,-0.9121498763395844,-1.478089932032993,-1.5423430178648407,0.0563229674524213,0.9480683110030818,0.6196831240415815,-0.7176019022064881,-0.1563555289777061,1.425691064140513,-0.1018611412053202,0.5035129257752438,0.3934043061825191,-0.1909017756234753
1.4496705241472063,1.0168864668211846,0.6456043027186272,-0.007833304374852,1.4645038574699716,1.0166606883293603,0.5085445807542576,-1.0769115534681777,-0.6204408610787011,0.2589112248411964,-0.8642601918311925,-0.6335950045058873,0.5998652331231052,0.1177902518855277,-0.4150215645250997,0.10582583633603,0.2857913615665096,0.5893431755249176,-0.4262192370801241,-0.445781913005919,-0.2958622600193682
0.7395846955046445,-0.5257793814458424,-1.1826248937464168,1.5527206862956835,-0.9471128678868004,0.2351767595802354,0.766274782563206,-1.8275706699675425,0.2835318452197513,1.2040266574747411,-0.7003763879455243,-1.098756156433621,-0.2062816535958184,-1.4403974463459277,-0.4865895526401569,-0.578078639325202,-0.9038992160353126,-0.0991169265522823,-0.8422790231546435,-0.1917161476190387,-1.7083879036326266
0.3481233283855676,0.6171300757061379,0.8554306203544233,-1.3106086654598972,-1.246132893653723,-0.5389615735588099,-1.7277265371351531,-0.7408075419609206,1.0221444738879806,-1.8175573524181088,-0.7335792480351189,1.2278347382906802,0.4760949416418119,-0.2924152778222024,-2.013901745772067,0.8600215265612329,-1.1158498461783937,0.760753407003146,0.6361270953891529,1.3903188524763157,0.1916594047015334
-0.4098375245348896,0.9123028158343556,-0.5197014405422595,-1.7275416024416028,0.8999614029013338,1.1586250528028676,1.1666001670069088,0.815198217614106,-1.5086927644602364,0.5813219725390125,-0.8551055544533488,0.7737658693975573,-1.0525255889939111,-1.3406515010170328,0.9506521619819116,-0.8978925290547417,1.502456274191131,0.1793753705929985,0.3171960829511147,0.53988050164031,-0.575330587625857
0.2807334760695436,-1.6561573267211072,-0.2603887255112601,0.711616858914139,-1.1377299685315467,1.4871046509348644,-0.8406778583999026,1.1115947167082332,0.6092318931635016,0.636792540805488,0.3011011844773397,-0.3489130672362494,0.8130192840626997,-0.3439145117855068,0.180011606281378,0.937291155241094,-0.9740484790411132,0.0540536226884201,0.9921634428058608,-0.7068143086395395,0.2978138632312595
0.1120956762987488,0.1715728169410449,-0.6838493550087048,1.070830122431962,0.0744626833222124,1.5346182905521448,0.2215894811471119,0.4102337809768377,-1.8946833783912524,0.9690164527359776,-1.158413713273497,0.5131950861083446,1.2799072800702669,0.8921664118612084,0.3770044225712709,-0.2942099407317667,-0.0220019867167112,-1.4549803964362116,0.7532349313910807,1.205407660005361,0.6377802505581216
-1.5926586196391683,-0.8553331169330737,0.5713893809887957,0.3903873229613911,0.7328075503374409,0.1230480791550971,-0.4944140566375692,0.4692023048311915,0.2328123632054846,-1.402816959435954,1.4134809088769549,-1.2527572671738072,-1.8293835693375775,0.963269917464365,0.7447083801263835,1.0793164595651386,1.361809311217146,-1.2606024387644927,-1.3305693102401923,-0.4900941647810123,-0.016425353607446
0.6239354310401626,0.3952201155479624,0.7214364290435512,1.1831141531773328,-1.2910758153551218,0.2316794478452531,1.4436551020471533,-0.2828787465183694,0.003055485458727,-0.7675740774890246,1.288033900220476,-1.9760431011851347,1.228820626046914,0.4068638508318721,-0.2746309620589021,0.6043916968443473,-0.5158692123958858,-1.7237502988993043,0.2530727363466099,0.3717076697791299,-0.618282205981583
0.9447138371896872,1.3603350494705426,-0.4249729377364381,-0.9098707929677003,0.1979987981180358,-1.0125831894931985,-1.294010954657243,0.7806821699808223,-1.133936316635275,-1.0558509189987242,-1.469535995025729,-0.5666578082079406,-0.1808660517752487,1.1178597381801405,-0.4784099004596348,-1.3174969339901437,-1.4368792715983234,0.0729296023182616,0.3612941518794297,-1.3526054125975764,-0.9055880198690168
-0.6519790998368072,0.1221867122087814,-1.6518078547376862,0.9546830479123938,-0.179737048992556,1.2003908173276587,0.3004677040953376,-0.5023295905687051,0.0706148347937221,-0.8588119932354518,-0.3874496644427148,1.1138865118582888,1.2554500878045385,0.7493062276417732,-0.6254721864243943,-1.882294752024401,-1.287442698798514,-0.0256381978307477,1.269310593882959,-0.6932243371547898,-0.6023301584349409
-0.6030408657211668,1.1515988710890934,1.3017746340083858,-1.074726406742887,1.0688588992660784,0.414624508741123,1.0367507749404592,-0.6371532503584162,-0.506809902863985,1.0009568350209914,1.0548597561172717,1.501001195233111,0.8257899158019201,1.1617719138254228,1.2744528398784631,-0.1168219535301072,1.3522852901925717,0.0668289008372075,-0.9936456598813256,0.5077606137636372,1.6684682303894416
-0.4193721033039106,0.3125814312147316,-0.3537738145772338,-1.2536814427495473,-0.4119776520966704,-1.0602714009775016,0.9052201381305304,-0.467070823073671,-0.4458914130885841,1.360991997090009,-1.996225881715379,-0.1523073936488944,1.0692091320393455,0.2048024596672415,1.101800142398114,-0.759604705119199,0.4758216107223893,-1.1752909108720713,0.8391969446406259,-1.1183419517746342,0.9047184343486728
-2.124426449545535,-0.1397030081675929,-0.7957261959812102,0.2850529769480622,0.3669713483890257,1.0164356277292048,1.4949536174499012,-0.2031799742219002,1.088772859374908,-0.8344252316845696,0.05534497474078,0.9862387362975226,0.227259561850128,1.293014656414061,-1.1239524655477562,-1.7520816008322222,0.1056602088356048,-0.7664669193496001,0.3760999513031647,-0.351172910251118,0.0889791787661706
1.2318218816963693,0.6496445197490606,0.546273459051755,0.5843143001395505,-1.1364082745805877,-1.7533306629687802,-1.5447185195911992,0.1628549708585864,1.5268266432625033,-1.7871285739020304,-1.563730600436955,0.3373759856521269,-1.2372189101866318,0.8786506768319512,-0.2626533187156428,-0.1032551312239272,1.0273171633314333,-1.2769025621912342,1.4987080172062994,0.4724307033485404,0.2876047988718747
1.467742477868092,0.5953460429519559,0.4549522868931883,-1.419998818371902,1.0993950527639726,0.7038164940756929,-0.9654732518333926,-0.3461246388379481,-0.0352227375522304,0.0667005509011961,1.2040570743152463,0.504523267408247,-1.0226644153685964,0.2478034964494408,1.4565751659655826,-1.241656094649218,0.3558109149951532,0.1516647781941858,-0.5288488655110151,0.0413902605586687,-0.1810125091690363
-1.7950825257435992,0.719330904936671,1.3801475305241695,1.2030199561134114,-0.1328668100814743,0.4740219802939994,-0.3209093656128824,0.6377035830563826,0.6779261714882974,1.4125508410028424,0.1686429175280865,0.0793907400158137,-1.3213953720398348,0.0537164699878215,-2.038535606124312,-1.793180890990817,0.8401243603576982,-0.644283298960753,-1.2799565069794006,-1.1045898251215027,1.8475553471450117
0.1212310515284632,0.7927891156424841,0.4854817078683071,1.0175911476503998,-1.9701243217452928,-0.1175638747276318,-1.470291954254808,-0.1008128683678975,1.3127620151329609,1.3587552980613224,-0.5414745183034019,1.5490542531928542,1.3273282985529664,1.1814803159326113,-0.4263038320065112,-1.0609848844333003,-0.0059137100435067,-0.7373896357246128,1.4538922275298884,0.9761246410220568,1.4250702299437858
-1.8541525666363117,0.8891058349633199,1.1125137967596577,1.028585197571665,-1.735392063664875,-1.6433914527508346,1.4543543192400372,0.7558101801447843,1.3975798735232503,1.192610015874631,0.246485875283896,-0.8808093085892289,1.20938629037126,0.121349083433993,-0.0196990612236275,0.3811127820576279,-0.5130730562270336,0.8556102150250268,1.070418719346897,-0.8469217006649032,1.4737193887522448
0.1954457994967479,1.530372674656423,0.8625813675071993,1.0015436635348234,-0.0141575057539432,-0.1872464095649302,-0.5311696492608804,0.9084534838727156,0.8691708777590856,0.3243807346672283,1.2066183278473788,0.5490157731028089,-0.1072913137611168,0.3518869695819497,-1.9727186408728528,0.3373986536007177,0.9036447365062452,-0.5520279455106122,-0.5294629325194354,-0.3407045550124156,0.6295679771244298
1.1329468845059387,1.3706594010037751,-1.522171229684894,-0.8575990110178494,0.2005601392386361,1.1415147567007256,0.7395356822487787,-0.6531726424844806,-0.0658646684148562,-1.1343667080843045,-0.4099682111252241,-0.8191462669599953,-0.385477915728295,-0.3253495190167799,0.4154528463362772,0.5771079145953987,-0.1410061067702243,-1.4271176287611569,-1.431640281963693,0.1516857252035589,-1.502909145492272
0.8569048450973389,-1.686884972738606,0.5894440411603051,1.1065217462882382,1.0940639219480917,-1.915171914063737,0.5421665854433927,-0.6809260493748847,0.3800352665503443,1.3866952533402033,0.7836477380125269,-1.0229737246718489,-0.1401144477344277,0.3320158802018201,1.2087137594203494,0.96281809441848,-1.9020615946413988,1.392948884763506,1.5077216242532236,-0.5862152532359273,1.7159046598290626
-0.4476321272705634,-0.8061882296009765,0.9615890801772322,-0.6012451474250318,-1.360053030394324,0.3319989403047444,-0.6901757096793375,0.8251664660695813,-1.928993193135319,0.7281393263543329,-0.1740292607747916,-1.8430682546430155,1.1805249382873153,0.4746121660933236,1.3069965474602467,0.9087677447137482,1.2487812826202935,0.8966934800836156,-1.3033810959427272,-1.0226787796673196,1.25903960098822
-1.8211633072967583,0.7936956185709366,0.1316902210767765,0.0155614685587565,1.527516053148584,0.035273631382097,-0.808522081978197,0.3076403234232718,0.9004531930432167,-0.5868166179321403,1.028687635241204,1.079670213985537,0.2664301834941043,0.9472690277046154,1.2983176249512929,0.4566666322385244,-0.7059771607062301,0.8251310410953264,0.7398621152235789,-0.3159791935113365,1.144534935347366
-1.109011792641829,0.2542462494913626,-0.1570459865382568,1.466739751641141,0.7410918018444054,1.3816262299378093,0.5854075353025244,-1.2033066397681351,-1.2916738514736832,0.616851735702271,0.0017706453421781,-1.7015716885135583,-0.3411043810768815,-1.7830929960780897,-1.507338120504636,-0.5989497010400154,0.7887207014273468,0.4055424230374247,0.985382189900704,0.175625686022618,-1.1024135926740597
-0.5350513669874467,0.0567993498961548,1.0520725825809003,1.02981096235302,-0.1313593557830352,0.9403708412183942,1.075639351817785,-0.1204857186433062,0.7616671392205184,-1.9012599176797065,-2.0539205727674066,-0.5703823158045791,-0.2293999355230541,-0.9550304853050277,-1.1946256494152587,0.205389616234941,-1.2307358817825276,0.2190128878516214,-0.8962510981031349,0.7966987917632362,-0.4217566644524054
-1.3344090647253075,0.3572184841471694,0.9363077265983688,0.1894701493614585,-0.3813950765288819,-0.4681752458420915,0.1083053234274704,-1.20520166574192,-0.3796649601686492,0.6091640660978365,-0.6994661067123903,0.7723809924590956,0.5434881939306885,-1.8743769812565416,-2.0261209895139873,-0.0357438704333666,-1.2398293313344768,0.2614904659758137,1.1086703401729658,0.5409456428489816,-0.0027926881896591
1.034449541744932,1.51348894525374,-0.4148120019809102,0.1582279261904727,-0.4627627724058644,-0.1425913814047108,-1.304432424576362,-0.5767273360185772,1.1767638515783256,-0.2224852970815365,-1.9381655856484383,1.4194116032717492,0.3859183173803112,-2.0392928615370023,-1.7709263515185742,0.4296451950537712,-0.4088895967990509,-1.5796387593253516,0.0858116212806676,0.7773640752826277,-1.299853144857941
-0.6902475684430064,-0.9608933919802276,-1.2223022739778169,-1.5220752758219984,1.4685176937940256,-2.084652510548319,-1.2375800880167875,-1.0677945216715374,-0.036066672638503,-2.0582923637978685,1.3193506470012342,0.6034426043921991,-1.286935276614567,1.299577330182763,0.0617012184715084,0.3418510484553592,0.3564758683357207,1.1273723259619812,1.1930931971713317,-0.1432432453890727,-1.476675648143203
0.9947280598377845,-1.356750157862315,0.6047900859337774,1.476410109065612,0.1012393036874541,0.2209877470770857,-0.979421365260042,-0.7999416506534165,0.7768201004768238,-2.1017768253527263,-1.4047300788734418,0.8024564355638807,0.8553468155867645,-0.943659823983888,-0.1595853209190789,-0.3387844769948429,1.1420472515415852,-1.753881452304066,-0.5831551936866395,-0.5703838494384232,-0.2124303952595123
-1.2455732380380258,-0.7017504436127373,1.1990845008646758,0.2977936808048514,1.1985143479899585,-0.796287550851192,0.3411538457829539,-1.1655583917365313,0.9436736705044132,-0.8804101994869105,0.8231951067126677,-2.0148461019963992,-1.1666000473944846,-1.1240671389008514,-1.903295244961715,-0.1064820649983875,0.3405428564948532,1.3571078300876112,1.473403948814279,0.4187722704154435,-0.2198006159743813
-0.7156317510514466,-1.3048411968346878,0.5548569126203137,-1.9088711399126657,0.5469667052148516,1.3115466679878,-1.5315516486582297,-1.277540350829913,-0.636579013263026,1.0120479301962904,0.957414657020856,1.114504082046478,-2.1450483908971356,-1.8131526020733464,-0.6614086428957338,0.5071022844438944,-0.57652564985578,0.4847071995186584,0.3943988069511834,-1.3033262716624598,-0.6348518232208386
-1.345593066859428,1.530868958549925,-0.4140150584586216,-1.331082997561404,0.3698975142916313,-0.6415797133935898,-0.5062013880989948,0.9175477764588216,0.4944539765482839,-1.552992520842462,-0.2817298270760461,-0.3147746026076176,0.4813969461254212,1.2943912925842054,0.5766049806785588,1.043785954411193,0.0276412936997003,-0.8855121895797418,1.1246448836594154,-1.2218043612427445,-0.5996545066512261
-1.5252060380664785,-0.2098122834287868,-0.7781833437237576,1.436591659791759,-0.3131517169886112,0.8881886630770722,-0.733431625795918,0.5432988291936736,0.4615012418101932,0.4495724023772607,-1.0617724575941867,-1.7139093126150364,-0.1825358370631273,1.0823200051076305,-0.0247344817788864,-1.98462616237484,0.9497265930051536,0.7104949641806009,0.0131139914774965,0.967172506588272,-0.4492977054596785
-0.764756738963868,0.1352111971538201,-0.5192878561182909,0.3702768471122379,0.2397503125159659,-0.7891743088726314,-0.1486774067282525,1.4667124855461715,1.3143636226586464,1.3938809081845955,-0.3405319441127576,0.6264433510136853,-0.3670115992306896,-0.4244556572423362,1.4669665131271523,-1.1871973072469515,-0.870306205234179,-1.1731840025238771,1.192845178105738,0.6234802583074363,0.2874477605104537
-1.2412152984311695,0.8386072258190346,-1.7715749167453243,-0.4134710645108461,1.2827906047293938,0.1545540410657122,1.2957048495482582,0.9929050998514396,0.9609865610352428,0.277446624482176,-0.1929182580609869,0.3557742916056043,1.4133471404154212,-0.2296775287107161,-1.691808006796542,-0.3290041944617895,-0.1218294194352709,1.4358941182231262,-1.857433412655334,0.7704472278409118,-0.3699088679913751
-0.2219560274257133,-1.6046922946863995,1.00547204194999,0.0338005232129641,1.038151425620812,-1.4740019456866431,0.4291631581385874,-0.1020519433689438,0.4087794600775008,0.4423876946676234,-0.6923174813225405,1.4323110077496286,1.3020092321878045,-1.1308543088071004,-0.442000107514842,1.1463977971656385,0.3793824538251195,1.1096253574949555,0.6626698702179223,1.5670081381939562,0.6556990734787628
-0.8550295062915146,-1.2696476300414508,1.3828860893985344,0.6780436858632378,-0.6577470716156508,-0.7319614609463541,-0.9986938530563454,-1.6868241542396414,1.3953949812952602,-0.8285404698401067,-0.0142801125395303,0.9999274845154258,-1.780454714616539,0.5769762142791867,0.0511442056919074,0.4408311872068803,-1.3305375334966425,-1.7178741697585578,-0.7139526329682148,1.4827400050870885,0.4880206432329956
1.152960497461183,-1.609201511193787,0.0331910257917057,0.024483850362639,0.3507729143053803,-0.5917265907580967,-1.4667413337469024,0.2986429413169363,1.3556185253000457,1.4945121641026613,0.8102315073538541,0.0034103008250421,1.3484071272240037,1.1174046721591415,-1.0622859897672827,-1.9557412446205436,-1.3900138202826984,-0.0621886125032432,-0.836748563719869,-0.3832556479402029,-0.8261623017379753
1.3687845128974243,-0.7546652803034777,0.0729982037674388,0.9191203718038083,-0.3700072560957436,0.5460167853872582,1.2308101784996195,1.2334515840483715,-0.4274445409812354,-1.7076381237146856,-1.6309259118418036,1.2421561736519078,0.0536300273013186,-0.7343346940235309,0.0833811129966327,0.7210335332688426,0.7646388840458384,0.9691808436974562,-1.8906662014660276,0.2633054302595283,-0.0321915073269807
0.9368223662015778,-1.801872672776563,1.118677826759548,0.4574468397559306,-1.2693570060634256,1.489772437886432,-0.4387761504268973,-1.7891967692296629,-0.7258441871218012,1.3513240295116686,1.3508790827515047,-1.9582436114744333,1.452692301741206,-0.6455435108140853,-1.9139686886639111,0.0893830191582644,0.439825924344961,-0.6492189864343899,0.1054910000824446,1.396884671897782,0.3094685011390494
-1.0837463370319758,1.050984065650879,-1.1001400762589022,0.649739254417851,1.3740381845431655,-1.5015493105558249,1.216670989350957,-1.3573527678805624,1.1949092009546542,-1.1019091446300793,-1.7335377686025808,0.0785295746578042,1.4097015801059074,-0.2824125216229208,-2.1079404342632646,-1.1765731857560735,0.687754896059863,-0.8574376787386455,-1.6381119617981983,1.4216860904046669,-0.8833554081118642
0.7527530340283216,1.1025762836585904,0.6336854135713211,0.8533416884458073,-1.1113416924782262,-1.1122680050594258,0.1999910230243756,-1.170626862620073,1.0655334732095905,-0.215628805810257,-0.4840287808796841,0.995096930103798,1.248628272811476,-0.1274248114248359,0.5454452742193674,0.4062722433458796,-0.5912963666869934,0.7491657476921015,0.174899373307931,0.9596668393335196,0.6733937598056696
0.9311812996783476,0.8155998330128132,-1.3053850948615453,0.6271774354727403,-1.5264180970823649,1.5041629221758392,-0.0098925157648018,-1.0333664725627956,1.5306605326266742,0.940643002317379,0.8182747840814487,1.3428818858477427,-1.5374277573125692,-0.3132687110829819,-0.135474476173087,1.3960192825866862,-0.7206802263639392,-1.0836701350094569,0.1228862973782161,-1.1326166366189252,-0.0674103028559973
0.3080115826556012,-0.5666329667688416,-1.5931040380820347,-0.9970974686580468,0.3389301707368072,0.69827068476322,-1.1460607815325574,-1.1273214717846165,-0.7757802237674428,-1.6789765438155062,0.6620564738690871,0.1438198905746218,1.43893507269424,0.4192138257527056,0.7674884124228321,-1.5969943305580383,1.010775061319977,-0.4210039683127429,1.325062291678467,-1.8411926188274963,-1.1953761608486515
0.5900591213257428,-0.8110760025479458,-1.3368740692106325,1.5300629848223417,1.1197303980802722,0.6367649224987958,-0.6099917468034473,-0.4126178485338777,-0.4901290777609889,0.3015164349086225,0.5277483511650116,0.1760782508717597,0.3615266346043467,0.2956084891532906,1.185766095994666,-0.7643560947663921,1.5093903997689535,-0.759725902763886,0.552184378737687,0.720766568373172,-0.8557832270497271
0.8511209676212182,1.3228242251051376,0.048265119525086,-0.9324151673279056,1.3962465040618,-0.6736058993434553,-0.2507117695164214,0.8675796313065426,0.0503795550031732,1.5281481200943732,-1.8733553905336535,-0.2045763030958497,-0.3940682350716746,-0.259561249974619,-0.0687540358599911,-1.3572349292923245,0.0966763622460031,-1.1022292014008443,0.4503480746247802,-1.2612281949190185,0.4463390519274448
0.9550765246243252,-1.1714251471433852,1.1564174586395493,-0.1381523520845303,0.2665730068266172,0.1030460132286272,-0.8258383237986497,1.1157326342099705,1.2623250317465846,0.9455951540304174,-0.8170947035549979,-0.5921094907830297,0.6901410184123635,-0.5796560526435688,-1.994551959365804,1.460564010299842,-1.315669741674206,0.2433347882054835,1.1033414458922384,-1.585363118663086,0.4933648364938586
-1.750227243218618,0.4688860968364318,0.229119419803276,0.4018553753407278,0.1013878534779105,-1.8045145725974747,-1.1308633652353053,1.3903815185676944,1.0192582410996376,-0.7832258248426974,-0.9664999379704168,1.2069392450904466,1.422096155503316,0.6839060402134522,0.8249598675327825,1.2634492565815116,-0.14608325453315,-0.5143534967096814,-0.9100557748425196,-1.5758480035554054,0.2053848902939917
-0.6535778882177635,0.8543879414612426,-0.3052998111914148,0.7188084150467982,-1.0669935703144384,-1.6944512711066475,-0.0440136303317239,0.2279452962965115,1.4636579415608144,1.3554894364769896,1.014856166781381,-1.2785923053054289,-0.6639087363759714,-0.686101117643618,-0.132098206793309,-1.129152347197867,-0.3165253784670383,0.9316284334537188,-0.4425400202460871,-1.2422213960625357,-0.2049642480364013
-1.661318364361349,-0.4672203848590291,-0.2262948031453537,0.7309587992795493,0.8572559204632599,0.3078892924043009,-0.9910747995821187,0.5322518542523929,-1.0963000711171889,-0.1190060555990314,-1.7866485252168982,-0.5556533870806948,-0.1622595173779516,-1.6160364221739711,-0.6532133170246787,-1.8911761480035525,-0.3392076684585534,1.382796365641175,0.4634389825572284,1.1353827704536938,-1.7176132015276002
-1.1120389714876404,0.2498394206551634,-2.0849701439871655,0.6953585197244234,1.545655628225449,-1.5220135596557678,0.3884807433742667,-0.2428415053431159,-1.3116730387848587,-0.6693823875568965,0.0377711385980743,-0.6999919308356276,1.2795349096353064,-0.2566716783434525,0.8587877311011026,-0.0725067728812237,1.0273618547704737,0.8219763504953972,0.1179076300326223,1.2251471606349305,-1.974870224210027
0.4138581463701161,0.110641237504573,0.7602763003290675,-2.0852330029717687,-0.4812221808311697,0.8930558579220579,-1.0397370233567824,-1.5365432181706813,-0.6114046555410155,1.4709148556150038,0.7637683816224166,1.0154506927787208,0.5273251361932775,0.1737223039057658,-0.8105985386364534,0.5649341811216837,-1.553790060414301,-1.3243564695756642,0.3392282175490487,1.5638082440585503,1.1291616685072632
-0.1582899812549831,0.4105791474588372,1.1522284683121362,-1.994488819313628,0.0104162108957704,0.3633241675627405,-0.3677416880619572,-0.1509120719094195,-0.3542981709998854,-1.885791544117115,1.1810677050153418,1.025412949589364,-1.5433494081319177,0.3180668713836765,0.6817582390682982,-0.0835935570474551,-0.4717433988102708,-1.101325256231413,1.3018909401252416,-0.9957185837732012,0.5345187261479603
1.4215428660961071,-0.5380076168058974,-0.5863110669066467,-1.620456188177345,1.2435494168900936,-0.2986063512451612,0.2477294088678762,0.0633402441117083,0.3054881161745753,1.2973479228445968,0.2539000618688046,-0.2872327366036548,-1.6231375882019985,1.4008769367309548,-1.5937679360528858,0.9933636202060148,0.886611570793962,0.7137037678207659,-1.9204091877359852,-0.4178082608520129,-0.3041596430138106
1.202932897596621,-2.104976655367091,-0.6889928987399319,-1.324581587558889,1.3643378066298466,-0.4042386551609996,-0.9818734500227372,0.1143496876624565,1.532219526230612,-1.650144354005492,-0.6105951075953049,-0.3874886572523826,1.030384448618744,0.8069973122750319,0.0957536244015704,-1.5055847851485094,0.2373037161205109,1.4783273161927015,0.6014714309951762,-0.1508870302277059,-1.6725102515957395
1.4406011959004714,-0.5398806661856922,-1.5993922754206706,-1.9056933548875925,0.8335025471019941,1.0091702922412793,0.7123525830395726,-1.0513835477514564,-1.3158176787305154,0.4919292596843382,0.5645997066414534,-1.4091045598993015,1.4929820174421236,1.5332576676828928,-0.7543660531596971,0.6463346859553141,1.3694180213889284,1.3558259694931976,-1.3390154740973224,1.4886644074179682,-1.093416006164187
0.1676876893176881,0.6523272566823252,0.3158024534743223,1.151714095083101,-1.159861015451106,-1.799552136217817,0.1938431176652263,0.658503170616275,-0.3894509773975566,0.255320045639142,0.2830817595261102,-1.6513171935261013,1.1708775591823233,0.8629654704472686,0.1788901871407216,0.9382796569450214,0.0807530916829043,-0.3749341278097994,0.4429877741179922,1.5499373599588795,-0.0959277091573778
0.2308847355108984,-1.2024090377869916,-0.3087549150055729,-1.907033491913898,1.0393066939648143,1.034395779059175,-1.3295779975918478,0.386145184378092,-0.0016513749598068,1.2090457529967535,0.0390266803790891,1.0724380340918107,-0.7241438172139898,0.7146425690310053,0.1663875883407514,-1.4763623591940591,-1.667270302531745,0.6637400298035823,0.1249443512947594,-0.2862497334935985,0.8780867441300263
1.0293860153597076,0.062912051510219,0.4765002420028944,-0.0895258064926484,-1.793650468138269,-1.0060129815225805,0.5301496612097499,1.228776171280259,1.3970075865065366,-0.4874751919829073,-1.1488296584655724,-0.0504433380247673,1.1421805578239033,0.7720399500461034,0.6396960433243797,1.4391766739202527,0.0133284370652522,0.9294506878922172,0.8187197405170527,-1.6393045318142505,0.1929631434648333
1.2420964700654558,-0.8616592470319355,1.370627123677816,-1.7811175534828174,-0.1911890234974439,0.5686479949279853,1.460276097486915,1.2833938879072435,-0.4000824424316196,0.5718170816204872,-0.6451447310211957,-0.9095579458293483,0.5487206735155782,1.2100844408864713,0.2489905587597262,-0.9021465648183294,-0.3580701421482271,-1.3385179085025265,-0.1851373875155237,1.5356461056404171,0.9919217947119242
1.5213957579284294,0.2676836266042269,1.0984418271013672,-1.044861655166906,-2.033796325461619,-1.2102223103142549,-0.5271002881583877,0.0357769378841742,1.287737734257011,0.5888610304888598,-0.4749524018032537,0.8162886603716243,-0.1447449304066331,0.2416017126445256,1.2144710737013973,-1.8687650047137565,-1.826668738317915,0.7358533257865657,0.0463309620677522,-0.4530681863992362,0.8565641032518023
1.237146848104955,-0.9820687280714968,1.2718840704321424,0.351270843707793,0.2615084388579485,0.7225397553752326,-0.0162060355152763,0.6675674268628372,-0.562338725414728,0.950807519603844,-0.1944616951517146,-0.1471287509474195,1.1683796819746712,1.521992430561774,0.1818744499542791,-1.0817711274809558,-2.0146272371166867,-0.2079782684456939,-0.1998366593477343,-1.8906413089149845,0.3636124817587595
0.9829914727020144,1.0902528998031296,-0.0766953775469215,-0.5503646644589435,-0.8018423724180445,-0.1958172327320941,-0.1410066292300482,-0.9571098443787396,-1.8806733439864447,0.5835325320625632,0.0974474010361802,-1.3423744648207554,-0.0366074774999764,-0.8948905499033641,1.4745737496287783,-1.300453311162827,0.9999051535444986,-0.1724292607516037,-1.098372057085705,0.345768690621927,0.065995387802093
-1.1807183145930782,-2.085098912895448,0.7811070514066597,-0.1161780122581944,1.156134774527365,1.4136440924456912,0.5879000626626706,1.376091503721999,0.4782978262688593,1.335876515818859,-0.263319740119791,-0.5352685168629593,-1.1372731502108613,-1.7710850421596929,0.4500712601863816,1.0243743995158914,1.2296541792747655,1.1384820135879472,-1.3363049988806868,-0.0770030452909184,-0.2457146562080843
0.3155313248925346,0.1723342001030687,0.4588943020083175,-1.102663438772244,1.353264350675614,1.0291388917879034,1.2580988760836882,1.2323582311877448,1.3598586018958458,-0.0330125172858227,0.4448180396229853,-1.6737873812145674,-1.26616198571876,0.3719211418607608,-0.6408321116182296,1.2160506984828732,-0.4099433972778619,-1.8794599724428631,-0.7850836005293118,-1.3635354926721968,0.3120212612137971
0.5227436842358301,-1.2595803236635816,-1.699084102969063,1.476476744974274,1.0607281898646612,-0.9796197739063752,1.3556735849210462,-0.3840111666867744,0.9701281242793044,-0.2672131984864432,1.1989784999461632,0.727599060336267,-0.982635658593172,0.8083131937212658,0.7383051415470556,0.16452630424492,1.27748607323378,1.1038235409617885,-1.1785900709310029,-2.059387673278321,-0.1627658544875392
-0.8579963477736344,0.1762329747100571,0.6102865642782217,-1.1551275043979932,1.1607947520156117,-1.7575555619681866,0.9348162198089638,-0.8777920399361088,0.0490816355321117,1.0453012620366426,-0.9442970659609884,0.578609279064846,0.5962964235900055,-1.3283897308252632,1.5428832238716093,-0.896758769295143,-0.5937442124706916,1.0188422776722574,0.0405982317625431,-1.4746934003695225,-0.2134530113699822
1.0434424007934455,0.9814630957909354,-1.850261245425538,-0.3370942121948763,-0.6540937307124371,0.9107393910893862,-1.533017764723025,-1.779701884273154,0.345740268502927,-0.0668799945376091,1.095612110388691,-0.8032168196521848,1.4110535934212358,0.794819984610716,0.7079224919687288,-0.0249201398980879,1.0284460387931202,-1.7711895319085929,0.7362662461161891,1.0369953201574231,-0.3257543929689215
0.187625957583366,-1.3678996914008583,-1.9523133075639212,1.234802681579919,-2.0403725027633617,1.0584518961679417,-1.7870016686919468,-1.7624209470172958,0.5526410489816737,-1.3152776957546497,1.2085098426236696,-1.699839004140539,1.5660154395532488,0.1542568226788299,1.2482423370233655,-1.2827431052987528,0.5019371672323383,-0.0558167625959528,1.4827086509491492,1.181238894187914,-1.0436461143736642
0.6341243255091815,0.9380148231942096,-0.4119496393218893,0.3350037896423599,1.4714462762074962,1.2393266058655694,1.4115002910100565,1.3595844184192345,-1.434392812960965,-1.170522281443956,0.3777826681607929,0.0139187405748431,0.8820221577124467,-0.0473030662823998,-1.31638263635977,-1.470468428749791,1.049347171795946,1.4638157055194332,-1.7762289954823665,-1.3511225294659337,0.0025883780066389
0.768818891069594,-0.5803552251641293,-0.7533005613594639,0.9811105530808928,-1.1875271703630688,-0.6235618998120539,1.4221880295320208,-1.381290995693361,1.3071561398720797,0.9275817197429386,1.2922142279138782,0.7831063112093724,-0.2983118939886943,-0.6311241487562562,-0.9138540487678274,1.3261831318603263,-0.957759911220971,0.9995102077043632,1.519586139003762,1.554231965471334,0.7952326073537754
-0.705847537384394,1.0854463361802669,-1.6533111081888228,0.7777443860664847,0.5149646011312797,-0.737480049353459,-2.0938492389448276,-0.2637461604620463,0.6540598391855066,0.6149405031645582,0.137203844074608,1.1430491480725995,0.4166070356721338,-0.2588505537301338,-0.187382056540143,-1.3227770330066035,0.6247051739638394,-0.5738834230974332,1.3171813843379554,-1.881693850320909,0.4410465618073788
0.8738044972163086,-0.09687934823489,-1.9594797465284652,1.3504565765447376,-0.1963965688665424,0.7321591270158588,-1.845904867119,-0.5442394670087561,0.453815839093511,-1.27836283331418,-1.186208255549666,-0.0130950070943032,1.2217770886521366,0.5073918924350067,1.2927532124951786,0.7486693772015842,0.3905114180794656,-0.1917786675755888,1.4293943188826603,0.1395212571425416,-0.8782562393748765
0.0449144828535883,0.4649921321341559,0.8996254946697836,-0.8610823459857863,1.4563758548255086,-1.533860769144435,-0.3629262000890129,-0.8943560578039249,1.550263194262631,-0.4776250429857499,1.4175631584565709,-1.17237155833837,0.0641763634003197,1.3488630859460686,-0.7766773891840532,-0.3028063175651804,0.3680343620569118,-0.2944576862685374,-0.9237719305240932,-1.319573706552644,0.6988794602117918
-0.3489289643488178,0.2975080586892674,-0.3436750596043432,1.084743049739489,0.8881893559315839,0.995012520898826,0.9759897217705176,0.279141423170424,-0.47234600223652,-0.9865355076110796,-1.355071297546305,-0.2271211358743888,0.5670513300092044,-0.7888778332920258,-1.4695203031123494,1.0685997033479933,0.933420980107578,-1.433417432829461,-0.0645104776304751,0.9724145028710904,-1.429916012928779
-0.530004131935632,1.035698832492294,-1.3468660008707485,1.2511881021159237,1.1638188809763303,1.4638164286813091,-1.110584157298403,-0.673809597773538,0.0272219900615241,-1.014076781324862,0.0267892566330853,-0.6939801214792679,0.8121673796905248,-0.8218613242195552,1.1018990233149668,0.5478729259903066,-1.5309074727580037,1.146361648359165,1.2592345073610245,1.0900275020877583,-1.4305993165609434
-0.5205396041465934,0.8733424406203112,1.103753411764914,0.7128352248029106,1.1892098738101615,1.1074827721117235,-0.345661062190818,-0.6937829753607175,0.4391457333751752,0.2666196008621398,-0.603897777173995,-1.7759261269269444,-0.3185290268878089,0.5498227533138461,0.4447484164900334,-1.0604741065603775,-0.221736686205652,1.1917269067910845,1.1511735990959422,-1.9920233032045531,0.8956909533714204
-1.0024211533633924,0.5464470969587676,1.279702671876216,-1.1590902529887848,1.3156811049848018,0.5736726971096934,0.6712662003817395,-0.9998894890558953,-0.316852921231686,-0.6848431704553422,-1.430348810570245,-1.639512918880766,-0.3065786227324255,1.2898080430996568,-0.7575080967365905,1.1077800134877922,0.757903162986008,-0.2417126775147934,0.6136227996972805,0.2402953230064616,0.5568677786268789
-1.4023800738392165,0.8266601139672873,-2.1190113405577753,0.3475979131050241,-0.7806031397628994,0.8095365106431494,-0.4858234310371448,-0.0788019370686975,0.8419881685464675,-0.248290550252246,-0.7689521425554005,1.0446706419527898,-0.3924005745722346,-1.1509375340831518,-0.7747357901252967,1.3402026639189166,1.365308508320944,-1.2697541149231633,0.5396555989063891,-1.31110955464734,-1.5157445257174014
-0.2140047304882413,-1.4094356236746055,-0.8123744442634749,0.7551668620337859,1.053971568895724,1.202014543509584,0.6945286475139281,-0.0873260149298876,0.9457392850968136,0.8023330389519555,1.4466935721205634,-0.7255170887096108,1.1234324437036605,1.4916706492289846,1.2409686905781692,0.9334159024924378,0.1847592200196814,-0.7834812821002725,-0.254856381733464,1.2868653414182616,-0.7063828487361019
0.6190568390019799,-0.8792675248336105,0.280583831121117,1.5422589001450613,0.1092351392424487,0.8528210691431162,-1.1634719449351407,0.2691976613746965,0.1827561959464396,-0.0036243046347106,0.6285236868844982,1.5056386434701878,-0.9017720895567204,1.4657509660891852,0.3162369975479326,-0.0315036475660763,0.9603818236184324,-2.152107014855313,0.6610244266949208,0.9698301871979356,1.222323940446372
0.8799602767780231,-0.7219295923972273,1.3568280961664536,-0.4636748487657236,-2.1412465229162634,0.5840552997299621,0.8658211551392968,1.5417843641450737,-1.240993140021595,0.3700427059573759,1.4006216007401378,-1.932291436321737,0.1412019085880942,-1.7190406615452145,0.670852863904021,-0.8131882667646742,0.5410768004065429,-2.0713082317351814,-1.7051444834157743,-1.183229076515509,0.1382851783545474
-0.4734991027624421,-0.0735881495771278,0.2745782718645389,1.3769768610944504,-1.7942331521239991,-0.9580033689094166,-0.3312036769452807,-0.3635727781103195,0.0466235902605507,-0.947916321027907,-0.6911307618563056,-1.7242851487128412,-0.0235739624854756,0.045664783325817,1.3519928070922649,1.1081026381986625,1.0822083604976072,1.342926921673436,-1.9453407131746716,-0.9940078591080426,-0.5053830070835489
0.2937010764859536,0.4022012273200945,-1.0532587382287093,-1.3338133045903842,1.4200582617822384,1.460091780011054,-2.1633127554618845,0.0196115195771055,1.5442440647604108,-0.1643459063906639,-0.563289780474222,0.6214311222281955,-0.9900369126643092,0.2877248676845259,1.4882945102901262,-0.6881275374250894,0.1341954289707852,1.484186132829571,-1.0470573875160554,0.262075953058174,0.1582376996707342
-0.3148318693474888,-0.913353305414634,1.1150293070970427,1.3589928083350378,1.209856162204784,0.8296547315107852,1.2600552559783569,1.476134375534453,-0.7238103922157607,-2.19751936646489,0.2232124756667992,-0.6213492328469108,-0.042784244505447,0.229334537822838,-0.8048510080514777,0.6660144945379657,-1.827250795717712,1.4861278351451328,1.4727097634774695,0.656111576062065,-0.1704985754954376
1.4872843585839,0.1023280054107661,1.1477449191729885,0.0660446304192051,-1.6484325246694416,1.0881720231622865,-0.9872301071817334,-0.1126605274990367,0.2569996731567934,0.2977806959616138,-0.2882710699778992,0.9916509209515644,1.414554563602606,0.0729551444349688,0.7538759160340275,-1.0297282852419591,-0.020383406395875,0.9634610069048536,0.7713008591049854,1.039428690898416,1.5768619169863711
0.7168463065319605,-0.7913581463120447,1.4431247054188825,-2.0148423635827237,0.1467655873164407,0.2414181390066817,0.5513714017785148,-0.5781328531546563,1.1928259926665696,0.2390206013327738,-0.8408253469789472,-0.5072862265960867,0.1571832250966461,0.150933262886963,1.2181873223814552,0.5306302293898558,0.836533980402419,-0.2848653603887441,-0.2637080256912755,0.1924335053401541,1.52145622276007
0.2225461717364812,1.0343008625507917,0.2144151998108674,0.5063004548432776,-1.187377649932439,-0.2529831185449621,0.4860514648046645,0.4617155910711714,-0.091823171462171,1.5409503122809531,-0.3608612769688796,1.2790203040499852,-0.7518117374403501,-1.5432067613173193,-0.2179221266222754,0.1716660269091131,-1.7260748600197993,0.0295673087421782,-1.7612192534348852,0.1774279866155651,0.2258271756157689
1.131061445376423,0.8076292086443129,1.0090697852163568,-1.4583632932772344,1.465006417386364,-1.2025159622490624,-0.0800407655164583,-0.1929008590354646,-0.9737210929352432,1.3072895120511936,0.3745667741923049,0.5724262342955793,1.4228482858129157,-0.7016328681831104,-1.1178278994080186,0.9196145363429332,-1.6974927910301134,0.657440630303096,-0.3603362990447384,-0.6466010786223554,0.7703974048599252
-0.4321370759530308,-1.531176464793099,1.1241404473495549,0.7905472304520758,-1.4455881304988492,0.345738620602485,-1.4515824988681545,0.8447779177191271,0.0155655651808848,0.5829038777338584,1.2570868277279703,0.095163046032174,-0.026055501267521,0.946476494613416,-0.8986807619275232,1.008947576053589,-0.7092942880406071,-0.5675841211975565,-1.6479237726839673,-0.7410098976236581,1.994006658538703
0.9280417582506084,-0.3359023459937159,-0.4142355918586455,-1.921651150352106,-1.529599406031393,-1.5190741968178645,-0.6505938401231528,-1.4271767990905624,1.2359176688579894,0.0717039941317639,-1.6847180495847724,0.8006265214813416,0.2567326072545891,0.5961873900852184,-0.8679630350734814,-0.1645415738496715,-0.2689627836638764,0.4120213646429805,-0.9499027297437306,1.3286334063450458,0.820268386758248
0.7043784038089539,-0.0452528645373213,-0.5741619781934911,0.6440723331799475,0.9946301519560452,0.7855438246731132,1.2068555965450407,0.9883617315883904,1.431917323438864,-1.1692736085315458,-1.7706621535010825,0.1526129584742919,1.2870673867213724,0.1202079964638918,-8.433089979364287e-05,0.650391844586834,-0.8680732383227998,-0.5067790442234148,0.9545294861537906,0.9947658933314748,-0.7103416313774722
-1.0373502024413683,-0.0223521189315736,0.6448510352480371,-1.245481090827547,0.6071173785587677,1.541709268955603,0.3578158752593751,0.0021513308750509,0.7351965063439619,0.1523173172921207,-0.7213962912558449,-0.730907540358602,-0.9946033932166756,0.3727855282775306,1.56692964419077,-0.1730092529004377,0.4701048328726913,1.0153402509404938,-0.1970863156986906,-1.5641163313124762,0.1655278795758965
-0.7076557051825192,-1.9620383097786571,1.2687714278651137,-1.3792676965168402,-0.309514517223865,1.333807553507401,0.6060280030303813,-1.3443330658083026,1.340249888842255,0.3830151887315767,0.5545142642791857,-0.0167244942871711,0.7276883208080172,-0.7834144608590969,-1.3724289587123908,-1.0348418911966857,-0.1500831614708603,1.2694757035879436,0.14206236733632,-1.735633743862328,0.3358950750709149
0.2673459808954978,-0.7708812651296103,-0.1023168817471899,-0.9179490720856556,-0.3349256746241834,-1.6074134456465108,0.2509618563963193,-0.0993863153661558,0.7690227918743102,0.7945563816775711,0.792568011708541,-0.557319559115159,1.1131894094027015,0.0833390408230998,1.005126103327941,0.4466464986848771,0.555176227512008,0.868292498447302,-0.007449744013279,0.2981858475804464,0.1762934072182548
-1.6670467035564858,-0.0885194006964965,0.4894557102190386,1.4298115220133247,-1.258575728842184,0.2860330573384135,-0.0350314807420252,-0.35116729536309,0.231896226816881,0.8240261301391633,1.118067244604844,-1.9304880088723992,0.7597407644562562,1.3682447378229066,-1.7050266764244515,-1.4985199318911109,1.4514900635237091,0.4182960604676465,1.227718791396661,1.2024568738639163,-0.1885524990121752
-0.0116943219807881,-1.128524870138055,-0.358888143334809,-1.8512682921992696,0.715661871513115,1.411647506972907,-0.9619255083300834,0.6353241988501572,-0.1973557431825906,1.3245300218219245,-1.500681419466714,0.3289717092397039,-1.0345697122578943,-0.4163615509760891,-1.1355696862802045,1.4952078516757636,0.9332961964979696,0.1855356121046414,-0.7246441992215011,0.3304292955579525,0.596997459125382
-1.9448243943354144,1.145449988983393,-0.0465356719870792,-1.0643742124630466,0.5029450258199796,-1.0671911737296331,0.4201497813396427,-0.3853682638567781,1.4387503950702365,0.9917227599355336,-1.2819450574769766,-1.3825198088069568,-0.7638706127595662,0.2605110076099869,0.7804948778730597,-0.6397074889375997,1.0993069854148103,-0.6181458798662969,0.2391617259813458,-0.5955706264268894,0.069965276220542
0.0699911742328023,0.0188012205955147,-1.6050228477487,0.8586939618008574,1.4741215110842194,-0.6421653979814539,-1.5064303327518045,0.1337168617332174,1.297839627092359,-1.0508914508260654,0.6043734319514019,1.5375316578341975,-0.2530407869517364,-1.195515549977191,0.5838869065968333,-0.9324421941045896,0.0201633045198684,-1.300860150187017,1.2348530774538935,0.3108323501376114,-0.7798767754818022
-0.1037435156229741,-0.8380864220428661,-1.5752561191253585,1.3338279653132694,0.626544890703824,1.447955845004544,-1.8389769270548004,-0.1989486415715899,0.295274495841881,0.8800583963387335,1.4385459957720508,0.8594677678171256,0.5628213363436813,-0.8301749345945056,0.7306155718692866,-1.090581686970832,0.1057781748690279,-0.5040351799775057,0.2429369464491602,0.1182575353785697,-1.222346126469945
-0.0949267031981139,-1.903231700095836,1.4262305114873304,1.503538231475817,0.2915671532845929,0.086171290991594,-1.0362008691292013,-0.210322535483208,-0.6016135359710464,0.2302134180420314,0.4552500860186818,0.3376051738117502,-0.1842818463655081,-0.3455419400029615,-0.4209506733899661,1.527435609994206,0.4268313224488807,0.30099922435198,0.7955185632349355,0.3841635103982427,0.7296625987177673
-0.9274166228984652,0.6057066828871036,0.9163712207914771,-1.2992663309820889,0.5492963495602191,0.952563404628308,1.1847325491445773,-2.1445821249921564,1.2817235645989524,1.464946724737917,0.213518077358678,-0.5861579139427209,0.6379222570913448,-1.393794329773158,-0.0237979154875763,0.9635158040710736,-0.0298880685204506,0.6818775142975948,0.629772586003302,1.2138832396921984,-0.2076789082473793
-1.749757701251518,-1.7478658276797534,0.545481915759932,-0.9878484493778016,-0.7966769623366945,0.3371403309689035,-0.7125075207235676,-1.7226965369167553,-0.0592924901621878,-0.191806028393816,0.00367675214188,-0.9957049070720012,0.2093925360910066,-0.1305346885550518,-0.4216084173082159,0.2876678826845626,0.5672359956952774,0.658920458387609,-1.5237562576871264,1.3713902064525736,0.3524450175575509
-0.9501171062275642,1.0353215562121012,-1.7431948195227314,0.8101755089135187,1.117732807334578,0.0197945010274331,0.6184474760890841,0.0084322867610955,0.2550871363522994,0.5349324788065667,0.8616413670118881,-0.2058167356141787,-1.165497940752192,-1.5971932480084716,0.4887093575868088,-0.8959203151495952,0.2102885601792938,0.1250915124267846,-0.1812084379695581,0.8707163432859149,-1.8339416459667264
0.8159441494938495,0.3287238554243802,-1.0419624218925132,0.8943924665475195,0.6478642999333433,-1.7920911193911122,0.2561501474145993,1.541388269341797,-1.8093792062023604,0.2419034868895481,1.4142974466894125,0.7820807703857171,0.1497250087268893,1.1959478337637937,-0.6887224042411039,0.9044242676977792,1.522780627779315,-0.2159155501351084,-1.022735994681489,0.6634974898789595,0.9425053602700482
0.7259964618396689,-0.5358287862495986,-0.0454972017906016,0.4643559264689553,-0.0837800967028096,0.8528226814689325,0.9541791772045748,0.2437906248285748,-1.0442461224167212,1.1047290978834754,0.47918976249475,-0.2680502419789861,0.3096521919369083,0.9915749953751956,-1.2862285225465866,-1.6192819079318106,0.2631461657908036,0.789709007073002,-0.6915622378954692,1.114345528535674,-0.0073392169700965
-0.935945233696391,-0.7036700694658894,0.1702575620763104,0.3642885508517993,-0.4806160015744337,0.9640830424056872,0.2696706704475633,-0.4765480456404443,0.7915490082475811,-0.1807532827842249,-0.3793755629678116,1.4066120917330542,0.4618334793231028,-0.7244090441183708,1.582507458926049,1.4743160683756218,-0.2101546285054405,1.3673673819785772,-1.750170692747938,1.0055613040891715,0.5734670681811952
-0.3473661441357765,0.1022700446047408,0.915440800546202,0.7763707806983056,0.1402769910249868,-0.6988218966741079,-0.8803673448527436,-0.9353978524235392,-1.6932791044470523,-1.0162358627734862,0.6206709255080229,1.1857416079344965,-0.4389195440041165,-1.321569458180073,0.6980626233075213,0.0061038639289095,-0.0342495352590885,1.1478553212999918,-0.809693334440534,0.8086404027349423,0.0492309310230075
-0.308190218432661,0.9619579811990846,-1.657370617686204,0.3949045668258419,0.8630397063650799,-0.8266370430318513,0.2745834686473103,-1.0467291102211185,-0.695528854326585,0.9862776593238954,-0.4323235080577855,-1.7264066706743542,-0.9296584776178088,1.0181205828744817,-0.805794846447008,-0.7094014012934643,1.1955573690748784,-1.070883847318704,-0.1314454714754477,0.0686441461312223,-0.6666550699269692
0.8093863430390311,1.049194724909573,-0.1747458304192815,1.088480212508903,1.1627716555975252,1.24406107982378,-0.3867492510982678,1.3331489038160276,-0.3864938462518402,0.96661188780553,0.1568174258783952,-1.8979000355941391,-1.0951820105619958,-1.7633154475302235,1.337427241982447,0.8640208672889033,0.0987700307827413,0.1657652527483712,0.027616933684145,0.5667711937281593,-1.5810050317879338
-1.64446107104071,-0.2729968616315255,-0.2107633019242525,-0.7438595330604638,-1.188503350608456,1.331049884722886,-1.5394809922655417,1.5532717071099746,0.968424791693887,-0.9359533371436574,0.080070237162348,1.5031578551103368,0.8363156243398144,0.7226683466731524,0.0165681199894355,-0.8201290370146592,-0.4488569881982344,-0.9281106517194972,1.3367159585406967,1.0440834511053914,0.6660277425218709
0.447934692059581,0.6802089330402096,1.4474563735464658,-0.8468431951829736,-0.3663368346072329,0.2065838143398684,-0.5427002279999906,0.9731248790288852,-0.9495087860176944,-0.7822252678686162,0.5933926673755783,1.4735673747772344,-0.6439755838994662,0.3260229963368245,-1.6960460254729623,1.4311986098893228,-1.4100931654348114,0.3366958287935022,-1.0904911905150112,0.0445299498377593,0.8815770881576939
1.504359439931153,-0.8083901312978271,-1.4390409046090638,0.8856202365552254,1.4710962009934043,1.1012994938745284,-0.3692751557677963,-0.3835435940171459,-0.850898127313147,-1.3561781243364213,1.3922357023598535,1.367873385222955,-0.081134784190537,-1.9047441857787497,-0.1336368999923682,0.6038948748656285,1.4331698240120043,-0.8793925107581426,1.4625321009974273,-1.1826975331808882,-1.0485877733554931
1.3428027288169335,-1.4309732339929937,-1.296130289247297,-0.85646470535766,-0.7434428163880223,-0.2652628213102644,1.253895850844048,-1.8454327284096952,0.6475658239799387,-0.4200759240012097,1.1371240323240113,1.0114515003162412,-1.4184633034269227,1.42855457639502,-0.8472877381155516,0.2796504714783951,-1.517554292650036,0.2799068287154309,0.4836516005284205,-1.1435064756530426,-0.2148596657621562
0.2197077069043009,0.9320003187950878,0.8895845180649128,1.3484512018011794,-1.1817227075817074,1.0103293212846949,-0.3804027200255251,1.327707607872257,0.905753514733699,0.6250897068144603,-0.4962649962404147,0.5657554507262713,1.5033438385063909,1.1991505494790655,0.7005367745451918,-0.4379090575512721,0.8160675319496405,0.4959943733585685,0.7459025702220753,0.5721849455733927,1.6042886825045577
1.4249976236663255,-0.5937053890677326,-0.1566381636656476,0.724449298148509,1.2568443832990337,1.1041560222876412,0.658460398058971,1.4959524958116264,-0.666932769770647,-0.0928758662553393,-0.3227540169025518,1.0741750257410767,-1.2399764220337142,-1.62943755673391,1.415851975043964,0.2348041837276854,-0.8725609016668323,0.5880103674719362,-0.0010507128505159,1.2365898886545086,-0.9409987300773268
-0.0761391056598741,-1.2719443197245992,-2.123504331054595,-0.3931652006420204,0.1229838764666541,-0.7881437190539622,0.4520929033802864,-1.7244697414259904,-1.6341969188060212,-0.2649247893059551,1.177897534629004,-0.7984372235275302,-1.380887765619711,-1.4295684000114657,-0.0442451434373853,0.8708637286338656,0.560746823114689,1.2142817184602677,-0.2863376415718651,0.1367365283406255,-2.2184944081612556
-1.4853701371594843,0.958068162911944,-1.0993361521491465,0.125694336353893,1.4628799200179494,1.2706819392168878,0.091677614728383,-0.1367266402226861,-0.9040075072796264,-1.5707044402986354,-0.6106452921556335,-1.3687261711334655,-0.4221528705720856,1.16082182996364,-1.7435859458147809,-1.0786763706373266,0.5955358770489834,-1.042610546325068,-1.6454364737818008,1.4320925525792785,-1.3106859692133337
0.5491886344654221,-1.9300578109827964,-0.4511799108968491,0.4434290452475736,0.3372461698277099,-0.1286614568104435,1.4149372560990277,-1.88927983742615,-0.2769865238043795,-0.3425129745744661,-0.2910130548636307,-0.512710637274285,-1.2781878781643532,1.4759127615706815,-0.0324962768776952,-0.9334801001837106,1.3655823667977265,0.4305529751080257,0.2776001247457029,0.6604912424768138,-0.5490303458879392
1.0593004675608615,0.4412681417982735,-1.3063570769292054,0.8449570588901703,-0.078080388140624,-0.7774078741300433,-1.960276537046336,-0.1934032120436253,-1.195927982322657,-0.8681493246403958,-1.8610534537132293,-1.717816373961816,-1.1720473435714462,-1.7847969537061767,0.0703841685322366,-0.7826692546429173,-0.5676414017596609,-1.872026145731901,0.4008197667014757,-0.2846895453881637,-2.7809365923297684
0.8548335634817796,-0.426447364447519,-1.5240768542137044,0.8592733880589921,-1.6889540395680156,0.2200800472584022,1.4046451475518658,0.7633057922551895,1.5264024581550004,1.4408137368195326,-0.6333184862488643,-1.1296816163982026,-0.911147988634748,-0.0101703917338028,0.6628190830799211,-0.7806618631219755,-0.5135863505661229,1.3256183367185332,0.5828604707417872,0.940341335895202,-0.7176612891019413
0.7798273851552685,-0.7235758216897689,0.8835242148323553,0.5667143691392719,-1.2513771654225043,-0.5750865638952707,-0.33865479014162,-1.1233698527305784,1.270803875311964,-1.4387277801426763,0.4347397902921784,-0.9842598889655526,0.3791924331604881,0.3180967287198133,-0.8927464772460844,1.0579572852024537,1.45267997432495,1.219326937518087,-1.236635314204063,0.3626053399927386,-0.47546216615093
-1.3929715923811157,1.1210984263607264,-2.0704806562648264,0.5960297596774401,-0.5263468895128487,-0.4502569526278444,-2.0334659236747585,-1.9737965091465743,1.2241943935089414,0.5010929280961294,-2.057316732718389,-0.0875389322658111,1.3219286078890526,0.2621737798049928,1.3006144736719565,0.3131359073015268,0.6261777484400362,-1.0890322113176316,0.4328975618762622,-2.134776495445523,-0.8631184303651744
-1.1387048349057811,-1.0024873558525895,0.457736484279166,-0.7579633122752792,-1.5783966480007172,-2.0447914078297176,-1.9420138953514623,-1.0145695318206065,1.6016244020667032,-0.4357612560664361,0.6069367139650874,0.9926114755643292,-0.1044005145801307,0.1797702853992647,0.7501699115486508,0.7640124583586209,-1.489573785693902,0.3453100611261736,-2.1149901077927513,-1.0363690964569277,0.8935779304275128
1.5488453216805775,-0.3293998319515428,1.3402595931669112,-0.2195478015342959,1.251490104359645,0.9447033785719356,0.0690268228938797,-0.4179267912838136,-1.3251050264339166,-0.0031574747491581,1.095659113200986,-1.1158927951157276,-0.893292133815534,-0.2304688494555369,-1.5674773906690989,1.0889764184196815,1.5140367723902215,-1.6004843894045635,-1.5058504017025955,1.1270632106842575,1.0921799839991415
0.5564599150871609,0.3574164073865828,-0.4219591497484071,-0.8608187912171226,1.4063840510092571,1.111534033040234,1.3401289890104702,-0.539174784411252,0.9728703463582952,-1.0991706322706334,0.1278991096523068,-2.023315022804604,-1.404968635320709,-1.5174271602269198,-0.933113488322008,-1.7110339947319595,0.5501752899415685,0.100627450805516,0.2783416016949385,-0.437761409258001,-2.37545185875738
0.8169675317201647,1.1855715085847236,0.6496835272022968,-0.446663705586765,0.1281478623253143,0.5757898241652589,-1.008375219523389,0.6323240284044871,0.4891063425364936,-1.3970160904378628,0.3098761832290864,0.9192304775071902,-0.2198066872961883,1.497769630164609,0.6207546224626376,-0.1857090999336742,-0.71587680487427,0.9686855694177924,-0.0449370212301043,-0.7467658865491573,-0.3589006140055102
1.510424772750728,-0.7449991638132522,-0.2480151688991079,-1.5843158885725706,-1.1913904736728806,-0.7170600355327629,-1.0282486889866906,-0.9619823049177288,0.3618014350677138,0.2304910144252275,-1.059738054315514,1.279866346956782,-1.3194668633541498,0.0147195067687924,0.8978273398781689,0.3043336017266942,1.2183687700014196,-1.644549807339911,0.3138021042910243,-1.5935990195843974,0.3699596976049282
-1.1331007936826676,1.21473746062384,-1.2662088905113913,-2.0437711169354613,0.610474395918632,-1.2482749980367474,0.8715179512686,0.1967455891200153,0.6568665575420511,0.1612232422313869,1.0633246485106236,0.417484188476842,-2.096467955675756,0.8919520513399906,-1.2898046621644277,1.0442919543997564,0.5983486142892162,-1.2750271771163366,-0.8328247811344025,-0.4239865144474239,-0.0011174596289256
-0.3890932375932669,0.7026725899016506,-0.5912992308486589,0.7747375010602355,0.6465491160290866,0.5458335054974331,-2.0483151069487877,1.1981765008435443,0.611187326899835,-1.3453682797686195,-1.3296995302964996,0.51802886146589,0.6511351577931951,-0.5392854778376935,1.5133668649134555,-1.7434712948859326,-0.6771860598093855,0.9588971756577036,0.4109795600508563,0.4378724948557826,-0.9338817741592842
0.5003253937756779,0.4412992932619425,-0.5763755173092128,0.6537154867843742,1.001228415978381,-0.4972801771055651,-1.9937193280408856,-0.2685345108753256,-0.2797495579855311,1.5040506637373658,0.7089692024960788,0.6818330685216717,0.4918403738452662,1.3908283370137535,-0.1993129399253897,0.79853386694267,1.0841408236129004,-0.33355528562337,0.190027853019197,0.526626706348938,-0.7475916964746082
0.1532454071270085,1.469899234709379,-0.7790068880755807,-0.9830872143495364,-0.686419423406226,1.3756592501377574,1.0934039405251252,0.0399287518667138,0.5603388190312687,-0.7284871307857382,-0.2531289091485308,-0.281019155858857,1.0948240594751686,1.2633683513663956,-0.2899565384168147,-0.9401189590342924,-0.1245950987965882,-1.4215387110324689,1.3395279265330626,-0.4597234746739066,0.2180365299667909
1.215868340116759,0.5156456253235054,0.9850184299582888,1.437117430545791,0.1528617114607203,-0.5731154710439024,1.4669044389910617,0.7297195291851182,-1.4537815432346255,0.8638535938276052,1.4520774361981303,-0.6722338719531636,1.4234665918207086,0.2428332269983401,-0.3477304135743299,0.0807201165104697,-1.5162896014785756,0.742723327812498,-1.9796704633636888,-0.3160512037418175,1.9016087264975337
-1.0242196448736751,1.1889356469910806,0.90746406430713,0.0923056220935624,0.5973573439656417,1.1460573346720793,-0.8969340836735038,0.7701087372782719,-0.2325381416999042,1.4563436271886103,-2.088374385884282,-2.0440464786480206,0.7018369679220098,0.9650026638334,1.4354083059538971,-0.3318148194032253,-1.121600103400492,-0.8026663596626187,1.287167592291826,-1.916572918109211,1.0498545914910464
0.1377176144999921,1.4709132623527623,-0.5508895652293015,-0.7438438506977896,1.2329322597386314,-1.0236303211024806,-0.568938848076742,-0.2046935936254352,-1.3865637444815444,1.3373948661311157,0.1945852814771764,-1.0547316497243098,0.3325906221925283,1.4648421259136266,0.6734920836171242,0.3381586778941932,1.049935906206997,0.6345820054630333,-1.0002311201258876,-0.9306140835642932,-1.2634417393721973
1.0445152167767116,-1.6975770983430232,0.8933981673594668,1.3411151912879684,-0.7163603399719443,0.0948557771496323,-1.1678506374769442,-0.5642719157393407,-0.7152051723450944,0.6247328996478251,-0.6767008760876237,1.4002541977161482,-0.637625214109686,-0.2853780780948406,-0.1537698898661869,-1.0880293550812112,1.0909947250627037,-1.5632355201769372,-1.2620877883320432,0.5209356724549352,1.4099597634679444
0.4108878286416904,-1.8583226496892955,-0.8829501276424444,1.404427143123811,-0.8577623940042038,-1.7555988184930804,-1.9751824764129928,-0.2030970897473733,-0.8102655547218335,-1.5260340770875152,-0.208227460868153,-0.7127124466129906,1.3457147651950376,-1.2906102548574938,0.9326468307169278,-0.0390469959042642,1.4420022008785005,-0.8612754120261809,0.3138388356073349,-0.2745098391095687,-1.683760401755478
-0.2612578889689707,-0.4891988816068349,-1.2887049768006489,-1.4611853686356184,0.3891168788058074,-1.1138476590284954,0.5237034382793838,1.1844852808867954,-0.6903658925781059,-0.8537056762808076,0.4644298900083872,-1.1656118104776958,-1.6047406934451418,0.9104744080849784,1.53004705721625,-1.372349843052605,-1.064618871344443,-0.693417418248111,-0.51241547012831,0.9616797204150344,-1.181221849559753
-0.1965610205012748,-0.305834233747753,0.9425826848083494,0.7928388000866154,0.4872269019034809,-1.7922649896497185,-0.2443093696867156,1.3364891279446798,1.0016767175563877,-1.766323444420429,-0.4207956198131293,-0.1791505136376219,0.9547069406879966,0.6032537881703558,0.8305174666480587,0.1767369090048111,0.1282504349875543,0.7743058309580636,1.1532874989817796,0.4435282786695919,-0.3368494538589719
1.0156123788282938,0.7851880406495283,0.8852789674270096,-0.2229191755586934,-2.0798405406112086,1.118217616495424,0.6007213051218009,1.2120560328425083,-1.1943076980508092,1.024866760818646,0.8454699453816947,-0.3027027526443247,0.3356380452565859,1.3571886851224275,-1.0553352732714822,-0.1890390971704563,0.2527365428560227,0.6708515000081745,-1.120713606503594,0.9238406951994168,0.2272258492241315
-2.0576490115906676,1.1913032810267763,1.4722920770285193,0.2861779214043741,-1.4987628441597332,0.1533935185476116,-0.3437395278325784,-0.4360345107185636,0.391410077039933,-0.8947593656920033,0.1693821049827317,-1.3318177400297582,0.3965564819754171,-0.5730584274604613,-0.5534214806258695,1.1914470963860486,1.2040264145518933,0.5291071251638898,0.781795979737238,0.7269514474722676,-0.1780731290827616
-0.1476449840926176,1.1323561142428988,0.8078556436870649,0.5693618662050528,0.8779656542845692,0.9700308397884682,0.1467188939736251,0.2525832065637142,0.4834701463276772,-0.5674832227048873,-0.6325236100183316,0.1715126118872993,-0.5874104621599785,-1.2925933770179687,-0.0123161046542324,1.2163101564201326,1.5610575860317966,1.0567465427386793,0.6172346468239476,0.0840033788792502,-0.1570891281886484
-0.0706714916661667,-0.0907065811468788,0.2906800363464445,0.9910149866409732,-0.8602628161021345,1.1684860078312946,0.4645411366581073,-1.2445648730581866,0.3185086717939519,0.3501982425291164,1.3983906545138716,-1.7221033785059263,1.4931490023201155,-1.2328983314993247,-1.9604606865070493,-1.6226245837071214,-1.1432689560071618,-0.2270554549485895,0.610355407209746,-0.4488180598853543,-1.1542189824748303
-0.1102685254201573,0.1620207040910892,1.0018482707522711,1.3086262371057973,-0.4143757871468952,0.5283396611160851,1.3258039943556776,0.4460695441423908,-0.7773733451205023,1.031720379700724,1.317945010782532,0.1322769166448068,-0.1262953537568392,1.2211979305789116,0.0502519893166536,0.5743742793182673,0.1706648237954605,0.6417079811690525,1.3247556274524668,-1.0875457417259062,1.663225547631808
0.8035486893433992,0.5928853116922054,-1.3982325426675837,0.6238837868609541,-0.0922804211198159,0.630491926042968,0.2482851514193485,-2.001710610888915,1.3472016308753232,1.3926547759857264,-2.0084755516393,0.6428514255130537,0.0482900383605481,0.3085641374683107,-1.3712730441778656,0.2265288482908379,-1.1080774245816944,-1.1240161479745323,1.219565085187074,-1.0214802713592763,0.9507997251311676
-1.210898023369975,0.4923737844544409,-0.5711363200612453,1.5530825636830214,-0.2002892751811436,-0.8051138791473581,1.086565854933999,0.7629076295641372,-0.9636227615750624,-0.0070686446568781,0.9241666585596792,-0.4184682398284493,1.0923154677374038,1.034702287001657,-0.1333343872463181,0.5963349308538465,-0.4841376415287937,0.848605612573055,-1.0569620115873732,-1.3791471452883175,0.7302942480230389
0.0312248967894112,0.0626713860102773,0.6657172096272944,1.114859056761762,1.4714100217473696,1.2011766573680864,0.1387069650651211,-0.6899388878683922,0.4142011096689686,-1.079618401626067,-1.8108628286080728,-0.0558534507745701,-0.7017738454983345,0.7989709097932308,1.0676512345241769,-0.1336579666257612,-0.3161571475604517,1.079449320862664,1.4940903352289747,-0.631728281934624,0.8060811579013474
0.7986795297994436,-1.4604809236078933,0.2913281962573927,0.5225100743041289,0.6234399286597827,1.3098311977570896,0.2640768918676278,0.6881017043425468,1.2916222628177956,-0.964312086812974,1.0383509649000988,-1.0805824552320205,1.0388317825577156,1.406593958337895,-1.417976730712041,0.8152327291903735,-0.3508900205173203,-0.8157045512511764,-1.7000150729432932,1.2497420139087867,0.073637322949101
0.1239430385944707,1.1803034269545092,1.0942674485307338,-1.6520533044950625,0.2314474400903008,1.2183150359878598,0.6100531391173419,0.003956506552145,-0.73016520877636,-1.4113817370568742,-1.9231312927232012,-0.8834276802426685,-0.5784890730954784,0.5105495404794608,-0.3375887372728607,-0.6403128225852808,-0.6962298420525066,-0.0722761306898631,1.1709172054866892,0.8223024613212686,0.1823079490929401
0.3031088540057556,-1.359947099463575,0.5826179874006334,-1.0493549370373645,-1.6880975594300116,0.0565462141650597,0.3530077974441833,0.8077046037692577,-0.104977386414344,-0.5113904341487941,-1.5559272806433966,0.9255900716056636,0.5069887740581627,1.4799747756225878,-1.6207827587499333,0.3496873651770609,1.3903106993759964,0.1886365571358807,0.9642060100998414,-1.9879679132582209,0.8721906555600046
0.904280235488578,0.2734024426877166,-1.198977342807604,0.984455680755002,0.5187475373450007,0.2142167374627269,-0.2830229378444654,-1.6992066836203925,1.3103211843698832,-0.0249886557744403,1.115816472842465,-0.0711661770520217,1.1082051071030146,1.0252092499132963,0.184930389934466,1.1614657568710416,-0.7837444124790378,-1.3798676703261838,-1.626814607079289,0.1676608141300523,0.9220943017424216
0.3852447393176507,-1.2091270445212408,-1.2549857773825788,1.4499650256355363,0.2284244161027447,-1.0475376772093432,1.0848577585283845,-0.6961199046944637,-0.668477617592553,-0.308514978586814,-1.4523146934107558,-1.178828302213345,0.3987730754847227,1.3235948830671935,-1.4236299041634886,0.2985822043824979,0.0332625289211414,0.1733012638630163,-0.7060658111345397,0.2451459847800468,-0.4613613113582069
-0.6859127434915927,-1.2136074890613,0.8435747119770056,1.5416422979791384,0.1344062712626286,-1.206439002354153,-1.3974040524189124,-0.4832363221904867,0.2050269945732946,-0.1203355417279845,-1.1878568704252468,-0.5002494873993749,1.395732440679809,-0.4256706974169973,-0.701340449119831,1.0971127217328296,-1.0476061252269262,-1.164496245393338,-1.4463947074691297,0.1837180454130172,0.2462176791444164
1.1759450113581091,-1.4769887857592214,0.2945697518196625,0.9629865941547436,1.4721983681213555,1.5343469739886135,-0.1246282325696172,-1.9741088755821756,-1.6238227706404251,1.3074888988221391,1.0176664821295007,-0.828738755149781,-0.6221389862774075,-1.4256251407977445,1.4338740306068964,-0.4217677272864157,-1.0715400782706408,-1.1110476533440985,-0.0734211012782424,0.5077415556209224,-1.1290555354529026
-0.1091736728196235,-0.6497021487618085,-0.8202322159673513,0.6732739200908948,-2.087175544213121,-0.8159698611208499,1.1807155793803623,0.3376443614113145,-0.7826017562804931,1.439261906406097,-0.3810630175092184,1.5447991618793289,1.1515393658641937,0.4975119764422381,-1.4729133927215996,1.4544869648079632,-1.2926239741046095,1.357165947016754,-0.216815997130353,-0.8064305863294712,0.3900643191291636
0.4740308612780864,-0.9031748547279532,1.042178414112622,0.1378480983946393,-2.1055503754043783,-0.8380153363491499,0.83882055339142,-1.5026472525085133,-0.3903114450975193,-0.6472889167936302,0.6257110363718857,1.5570481943834062,-2.1368597517379047,0.9016439330281052,-0.9184528329775808,1.4763355071032804,-0.5506491001378679,-0.4527515333428965,0.7309907339721858,0.3488696344501275,1.5826389654462292
0.2494579043423295,-0.2197941459209149,0.9807654699126128,-0.8200068774270827,-2.088846804307934,0.671899970229875,-0.8137645698019758,1.0615026581337412,1.1660076674883668,-0.5097717868126038,-0.8323606404148151,0.3139939493040753,0.3090907277506663,0.1265068018837358,-0.4219950379294899,-1.3809979238496837,1.4750853844424514,0.4188656263476465,0.3006210033892326,0.8289680719110684,0.0038083070744334
1.2556040703039149,1.2972735508340685,1.3083141468482338,-1.49732489632863,0.3341715310442161,1.02773983406515,0.9053611419544668,0.1504558949994582,0.3178897618517845,0.8454036756856571,0.3686061455743034,-0.3503570265445075,0.8846653491291976,-0.8570806829238165,-0.6511058567961199,0.6948386396988836,0.5266234858964521,0.9719052090642628,0.3649486699295184,0.3815910676620247,0.6552779563121554
-0.3658801791761706,1.2039502477961197,0.6447606014500629,0.4817643220476944,0.8066357456552218,1.314130561338038,0.295583830416696,-1.0841781260523424,1.4469627112911332,0.9033500353192172,-1.1215077615181015,-2.034185093052638,1.4275602597424717,0.3863857622335849,1.572504679153483,0.1028654853361318,1.4137649681000928,-1.7639614380779565,1.3980859769044462,1.3913865370771294,1.2995777749473305
0.5629104784450908,1.4728909962412924,0.704634230831643,-0.273764039805131,-0.9325640778999476,0.8605843785921241,-1.0276117008317365,1.4362329778229723,-2.133088722836584,0.3286066017895354,0.771092099085223,1.3941177181731352,-0.8214446774855123,1.3471621336156316,0.6416273976832302,-1.0081418497825256,-1.3167709918251782,1.2031206713999771,0.8881224335886511,-0.4576883880797262,1.958046651536676
0.7297422662438635,0.5966138830016945,1.5654363426971149e-06,-0.188550260525023,-0.9578226728624308,-1.6961669663033263,-0.1244164922137876,-1.8300753667145384,-1.843760136414461,-0.5658551848364811,0.8639797603719185,1.3335203973601866,1.0388569945292911,-0.7315815183405514,0.91485692262041,1.5102229769840565,-1.8927645073524664,1.482841898415433,0.1252357740273689,-1.1970020683536644,-0.3132221285530485
1.1175705923721877,-0.6049033343128675,1.4307126267999335,-0.6892765719485028,0.344199220932437,-1.290138295334936,-0.4037920978608222,0.5807410114469841,1.090455252169398,1.4298672696221089,1.0849489048059595,1.0164662417521213,0.0211720683774995,-1.169530129213017,-1.928772027941473,-0.1450362496593055,-1.4902865450297154,-0.3225953214365364,-1.1415226225016188,1.0047718177565976,1.1339992571573934
-1.0810497095035434,-1.448505386892961,-1.252904149928216,-1.4580227112687982,-0.9143162168909086,-0.8549301986901656,1.0066276676009358,-0.3695288155311741,-0.5916785362335591,1.042843947212877,-0.1363994401845793,1.1069465598434212,0.8921995455944988,0.1264616039527041,0.5345177173058929,-0.7648432873975375,1.5093332051745507,-1.5615309878500667,1.0640295303971414,0.967075067256943,0.8795696059428596
0.6829383773327483,0.2091154827127521,0.3742030254723996,-1.5681713032815312,0.2943434432505591,0.4504342680072479,0.074230801165269,0.7999259315393852,1.1564267577932017,0.4051510836150741,-1.9102832570651889,1.4507665136736103,0.8825050416667811,1.2181645150228155,-1.7184705403265508,-0.5843799601615208,-0.396643115733813,-1.79840662733623,-0.8864757529301012,1.323985846297383,0.8060216508188915
1.5543664140029074,-0.891215788483509,-0.5000206742375851,1.0883565389711325,-1.5658439601148046,-1.566581695211634,0.2752884845820338,0.0940072684603084,-0.2626046075980345,0.975437645906614,1.3665968525434649,0.5544540088248253,1.3258647959138885,-0.8930701968322706,-0.5918998636113074,1.4842279767687088,0.2675529839355091,0.7040508891908622,1.07942962931523,1.3107866846604208,-0.3831892933468707
-1.6604500255635126,1.3093519028017644,1.3769527669256034,0.9359103181560312,1.3408923921875466,-1.719097979764885,1.433860632382421,1.275140950117594,-0.3285578529303542,-1.4055918546968658,0.4595867831897931,1.2247722252523603,-0.0012152686180099,1.300637398576919,0.3123617830078942,-1.8555287766069404,-0.2621114466582419,0.8335232067850148,0.1311580564448393,1.0971802562727484,0.6030028359002659
-0.1138767368376781,-0.0535261726915454,-0.5956101069322624,0.7007477074725994,-0.1973303119964074,-1.566456373633351,1.104454668152727,0.0611628668474356,0.963195537890264,0.8651053658324215,-0.9291939617116124,1.460285089709488,0.5987989756493434,-1.015596845817391,-1.601046242211756,-0.3709802966916954,-0.2391007341107195,-1.513536444942876,-0.1093106383680948,1.0931634453394927,-0.6540643682416589
0.6945485821347769,-0.0800446495361505,-0.524279901198663,1.1412870637068453,0.5092260103430722,-0.51053936483758,1.3536004137490256,-0.0110194785636951,-0.9545959392212008,1.2275482321975126,1.418696696707057,0.2281658794586444,1.3222326977029626,-0.991874663862758,-0.0461146470805604,1.2472647876122114,-1.6229317817856117,-1.39910771595544,-1.351285471431673,0.3123001327877984,-0.1395425647448276
-0.1609334160170517,0.5864655287506161,0.9858001831581984,-1.6969611687024877,-0.9422380048968962,-1.2263949239344127,-0.21370541658013,-0.1122819567277106,0.9893105837305782,1.1261193421656135,0.2926569872966729,0.2905350037209192,-0.9835507330281016,0.0727598259656593,0.8193989731893863,1.3763432079892568,-1.627286468047464,-1.3172590276653944,-1.078804989759252,-0.3108011984342655,1.4315653355408726
0.1544887661263336,-0.5394980667366988,1.235922519195721,0.6994126625651127,-0.1500514585338606,0.6940489341739663,-0.1668258822717598,0.0756692092293385,-0.3509707680102567,-1.4648928725108343,-0.2040231015626618,1.4887444610313545,-1.5169448491335251,-0.6476429801895115,-1.5673377705794522,-0.8498248733853146,1.3955755220680757,-1.5745594035370305,-0.7233422172544213,-0.2054698599410588,-0.4391593213861383
-0.9657746443032996,0.3692156090806738,1.52922241254077,-1.0537511719015054,-1.6828737136659908,0.7500316801551886,-0.4451699772563194,0.8769644820898144,0.9287517011535252,-0.2785338302028235,-0.6718407685834913,0.4678753769240392,-0.6290924435808983,0.972446569478035,-0.65488531360279,-0.4345480216357402,-1.3846679811558342,0.0695244860759723,0.8563553993996459,0.0255808934811539,1.4998183788573058
-2.0754497264493237,-1.2314519239026007,0.3733346677167166,0.6550587829928838,-0.7594267259399246,-0.5944982500987425,-0.2796877615623779,0.6031294081927249,1.5644689580093394,0.0474992317927773,-0.6169939379185907,0.1410780262194817,-0.891788954766375,-1.4236458473967006,1.0427106985441486,0.1903199791505757,-1.869897038294624,0.0695451317985919,0.3920994502940382,0.3470781214934897,-1.097569172977515
0.9917960117242371,-1.9917657887183664,0.0134429819576914,-0.2094230436058197,0.4332173742414942,1.4994273652293697,1.0008968319198346,0.2012704217454366,0.1173700055788479,-1.5942593070668665,-1.1609358730722927,0.2244685842061951,-2.131216389588184,1.494077754690159,-0.1218464443058641,1.015480583425888,-0.6039918204417409,0.7791301030155549,-1.7275024721343657,1.5256281068673012,-0.4541457830059108
-1.7796564680928508,-0.4245146851250089,-1.1587231394061488,0.3328886560763074,1.4370153359657496,-1.666927485692424,-0.2844248267237376,0.8936349248771349,-0.5088175865132456,1.172107989964649,1.1908043114637423,-0.260218524553403,1.511936813377755,-1.7786317417136843,-0.8902896772860797,1.2988951170749228,1.423063100487557,0.3412494144911418,1.0912121672306876,0.1438316822375276,-0.997470000826349
0.0729298672212492,1.5513416993542894,-0.2681605466296683,-1.1587635364965725,1.216249642354734,0.1592871268641488,0.8838415662549061,-1.12179655617601,0.3882107564546703,0.7577990945181161,0.6754239499930386,0.3928255184204482,-1.8627755962818096,-0.6915603939778938,-1.6173742767422352,-0.4039842464126002,-1.1944868151268524,0.710945337792513,0.6252391743308577,-0.962735927378533,-0.112482759313736
0.2683264931360768,0.246429053760137,1.409244094672362,-1.8115010181668696,-1.1489824676860678,0.1751137786939589,0.5886890078116387,1.3798349873739806,-0.9733375147831244,1.3513335623602147,-1.9856135202145977,1.057550748462343,-2.166612451928079,-1.4331204223514329,-0.5692654943023009,-2.115067898972191,1.3005949621998527,0.1986788649369186,-1.7863271552755922,-0.4496984853413542,1.0499357621472722
-0.0621007522836091,-1.0873367636236615,0.1684165162553246,1.5511643961208397,0.7151346495972202,1.1402772857286405,0.9379565291621208,0.7557655971939898,-2.05486517623051,-1.4904337503637497,-0.7732532162520299,0.0606982315948365,-1.8703692119637496,1.1508350819311313,0.2807335586220886,-0.4619054656781441,-1.2011437257226143,0.4771662251317288,0.9372678004204136,1.050431456756835,-0.2847024539757746
-0.9666703193009334,-0.2573375385921019,-0.9156646266902324,0.950794096819345,0.6306672305544955,0.0658426369230368,-0.5819013255782306,0.7136575275755026,-0.3972981940384531,-0.3238599661585841,1.1952883844094724,-0.8611790620205554,1.5086575471594448,-0.8350629124320963,-1.3768265464449083,-0.4608671126508875,1.0955598540920957,0.8999430793448615,0.6913437041633973,-0.3232937479472954,-1.471202780816813
-0.2884050143324612,-0.7051269122704887,-0.6012616103375454,-0.154846281636925,0.920780175572814,0.7239589674174073,0.9073441264929758,1.0344006307904576,-1.4230949305269869,-1.5045239713067615,-0.9032531815770722,1.3008256455618972,-1.9144537715072452,-0.2483337570398242,0.9405255616674952,0.9681065754567936,1.091453266887601,-0.9334218981407744,0.3032048088246135,1.298075151470246,-0.7814601617877028
0.2432940405450696,0.9272777728003953,0.2563394375023783,-0.8488293887149496,-1.2016365309866823,-1.7388169491899337,0.5710187362486655,0.5613589229594028,0.1223552882343188,0.8270210032268256,-0.3403818393234843,0.7692174540009499,1.4148671928322,-0.4124649421314093,0.7239451848500256,0.987151850966424,-2.130628732591679,-1.4262845492238487,-0.806951193714037,-0.6100654852614021,0.3755613219729843
-1.7313687767988457,-0.4285448809379741,0.9765642724721736,0.4457026070448683,0.2645649718641992,1.477775319492718,-0.8915205395111735,-0.4172195088938678,1.0437541170671585,0.5896445734932246,-1.3607019014243038,-0.2869725684321073,0.3916741338439674,-0.4066372777483734,1.1202843966356746,0.0288732142182847,1.0700343371300711,0.9775874380541244,-1.0410421175481166,0.1380791401877578,0.5373764308117231
0.2919635207554691,0.9704385635807818,1.353100757502,0.6307119901020339,-0.1399233265517262,1.2066940026458757,0.9596138253915272,1.2420990540105508,0.4799172457609572,1.5301510953962842,-1.5504543559760773,0.66233719759437,0.7083301118968818,-0.0709773523537743,0.4467568999362676,0.6537680822526696,-0.0282445909719128,1.371653714708274,-1.3125271245292462,1.2032480478400092,1.7567681164261697
0.7932701231448743,-1.9049087544023957,-0.477459703378027,-1.1993433028490466,1.0029444941604029,-0.7226497848912242,1.097720244379308,-0.8702367877773127,-0.3034858699342274,-1.512042740732434,-0.7598661626965343,1.3894683350599135,-0.5056475752961078,0.8616187959687718,0.0234166311377256,1.1236998728590286,-0.4008127250449632,1.3738756203319624,-1.3175659884671764,-1.1359459996663095,-0.3147453640698331
0.2882495472510734,1.527811419095657,0.7586168918191386,0.0571665541647377,-1.5175040396456152,0.3712209052484608,-1.0231562300557266,-0.0043296667055827,0.6397192180369194,-0.3537357099948168,-0.664752707980754,-1.4497003901672458,0.5317587869500144,-0.587592651217695,0.5404588865783077,0.8544296211092655,-0.0638255575001546,-0.4428769980841831,1.1197049704641224,0.720472681939127,-0.7070086225771998
1.352326108292191,-1.4270087809823555,-1.7409348795817885,0.6667557176720031,-1.85096363859652,1.398702463848458,-0.6506713806693829,-1.1591546154926953,-1.403482125230734,0.4843146094589699,0.888680673294193,-1.4893723973755124,-0.6266684986351484,0.7430643625814789,1.5086540472254313,0.6592208766299074,-0.2367811100954945,-1.872035558384374,-1.4182072479391958,0.8700974855154537,-0.4275132464941684
1.1997685364253567,1.114916515182532,0.4924225912721874,0.3907931061817853,0.4561060380398227,-0.8981265592225204,1.412337554284219,-0.1514197118401125,0.4638851478226352,-0.3688349348993813,1.1792102637395534,0.972824721416136,-1.76281197990973,-1.0635607553305475,-1.8085544484536633,1.3655002126420142,0.5223410880507887,0.0665204186316575,1.3021828383821663,-0.5768971525474591,-0.0020142364368617
-1.4732198877907536,0.249979739061304,0.6949556346039387,-1.6435194198736456,1.4450754420827567,0.5961579095475162,0.6218925651245911,-0.6104412309682696,-1.5140012360788944,0.2953628504637459,0.8275827273114436,-1.3378385235211403,0.2656736860149922,-1.151641272217771,-1.011791566575553,0.3081956859957234,0.2154750904911888,-0.1964160950165229,-0.6704674629665511,0.3383830452452174,-0.6881122129956985
-0.3315506544159582,0.1438809713564767,-0.0144066038071995,-0.1208988057049574,1.4351927968993148,-0.7965159202181726,-0.3757584941722056,-1.2713321842021204,-0.4204030311102386,-1.6191902526751814,-1.7951529670114197,1.0809418472877907,-1.2113672267725897,0.0056195725791923,-1.9320487700579905,-1.3594598465936545,-1.3694467259914187,-1.5337820895260064,1.2488075241379857,1.0531880686687267,-0.4715860975785028
0.1005097255538332,0.3168166966675173,-1.8576194354310789,0.7794416027313401,-0.0946771683939329,-1.403177652984058,0.6888327009124913,-0.8025511548065809,1.3810284316512385,-1.7760439371342074,1.4142051520819443,-1.246847580561147,0.1374524934352562,1.118702358829383,-1.52006007402801,0.389998759760698,-1.9966170601533968,-0.8064452600809516,-0.5681878024631773,0.343363029884049,-2.1022574382343104
0.7271238036910435,-0.1700237221193823,-1.2767542413902362,0.3715198347336914,-1.1087891568379764,0.6126567709635502,0.1438603699833789,-0.0194811722993774,-1.7827870885788557,-1.2071463451124822,1.3722339404581283,0.2725482557432807,-0.5122022940058218,1.5249461297890152,-0.660990671307962,-1.842908858602581,1.3350938274793065,1.0180043138680108,0.2024400733012562,0.6499747076056404,-0.7840203700376842
-0.3047701473419555,-0.0480071347797724,1.4123009719503086,-0.2689748291973463,1.3251182402125097,1.1937239195759837,0.3049707600062139,1.3812895579749898,-0.6542604292800646,-2.0015318715010983,-0.4493088847355163,-0.8486399983183776,-0.1606124334299957,-0.3720271268420371,-0.0032555579294917,0.8567494032401123,-0.6791600352449357,-1.3300551201535762,-0.3863877239892178,0.0619537198398092,-0.6420913650294449
-0.6118999798661158,-1.185763895283895,0.3961936083034843,0.8524118925919922,1.4048629563794433,0.1403465966938903,-1.934731202448584,-0.6992096621109736,-0.7518175435171859,-1.5246614060348338,0.5637582614577321,-1.8972044175937193,0.9824265870944848,0.2840345091210068,0.2170098986018234,1.1893955284395608,0.8457074783710141,-0.1133857707316236,-0.0209491699765603,-0.4194107824450974,-1.441959210793753
0.1594621883815646,1.3730384093510977,-0.4045148776067695,1.1987188064608931,-0.972667227117987,-0.3392075768927384,1.4543166579797688,-0.0398833542963389,-0.2305015470029795,-1.8782301562015464,0.289729327746863,-0.5164621194192128,1.5024066822259707,-0.8411728188045973,0.4560704125446004,-1.117377409746048,0.9569959671545804,-0.0230232465481957,-0.1514433595604881,-1.4813638803282498,-1.3033732781299558
0.7654442313549312,-0.0166645496132667,-0.4463492162237451,-0.7569867274593881,-1.937203064652856,-1.9885181935727732,1.1438334373252246,0.4690952826060643,0.1915595412790917,1.1761306236305922,0.8791890852548676,1.4300979951124424,-1.457267991832225,0.1084961761219119,0.7185301955902417,0.9422656559148748,-1.185134196482873,-1.6891322427450797,1.1139056909487215,-1.3283286147112152,1.5158952952398248
-0.1944887945299214,1.55814973318852,-1.9436366062951629,0.4227906891752635,0.2157876953440748,1.3842105847253623,-0.0463342438032108,0.0212333275098123,-1.6452926130021317,0.4273411840167128,-1.798660204914844,-1.7236358455915126,-1.7869338644965338,-1.6154081254929706,1.032957115848934,-1.4662851068631022,-0.9611842615329508,1.2240064921945002,0.8826643446412923,0.578756245545959,-1.6449048328377305
0.3879524580417268,0.5046899651165667,-1.4922216450574133,-0.9516891551837564,1.296326379308793,-0.652000216969682,-0.7991672157280922,-1.5243260367158151,1.1728449076610754,0.9884351358838728,0.3896591040150154,1.0735469375607771,-0.186390355700579,-1.3398971321754738,-1.582336862655727,1.3724222787378544,1.5087601302142264,0.7736448395097445,-1.5634244569893003,-1.5087688876448777,-0.0868513214077222
0.90989891069219,1.5483469644012051,-0.9608971488059904,0.0951045533180551,1.5151269114076666,0.3730409994810327,0.2587590773122626,-0.1416161551399204,1.2916254098497189,-0.6671181074262061,0.9960106853031608,-0.3267764523138184,1.2024296860745038,-0.7740367153000929,1.46210541845876,-1.8634261634664169,-1.9860681123122228,1.367860706329331,-2.1251446976136696,-0.1927715798716231,-0.824914583487319
0.9519380392011384,-0.8798001827499127,1.040036767938724,-0.953106735302254,0.7529449501072971,0.6956744226834292,-0.6948667700667377,-0.8996004364931284,-0.0430487366095418,0.0179718383363333,-1.3300790434491996,-0.4160068036347442,-2.1878843969395616,1.287708216612929,-0.5664202030652321,0.8580407251124602,1.167352680386727,0.9857512890077152,-0.0228122642953011,-0.9113265371562204,0.884842887765069
-0.8290517205161682,-1.0074243211898044,-0.1963100794999976,0.8180065340464354,-0.2414738180249545,1.4576888212565038,0.2665426794460129,0.025639572456838,-1.0710324442645225,0.9017139657298768,0.8004445287002891,-0.1437243181234124,1.5684530883898715,0.3837135675291077,-1.177671643623338,-1.601152337029717,-1.2174082305230371,1.2600523701837552,-0.4472493654025702,-0.7826901192720268,0.3565216040102744
-0.2965372446072847,1.197966680229389,0.416174544616809,1.3612521284282595,0.0350174735416587,0.3950694990219412,0.7828288128765629,-1.3147190915391431,0.6054097888354361,-0.544049897871581,-2.0198635016312316,-0.6675829645999927,-0.3218172866260778,-1.139699937274419,0.277899490193802,-1.6599067706991677,-1.945109527049897,-2.024681962194553,-0.4749351610150151,-0.7759707031366722,-0.7777529682605551
0.7155430362246343,1.282083735410969,-0.246084462987949,-1.5796983334569576,1.378699732512968,0.5971937673508693,-0.4349286550141812,1.4923024483374143,-1.157100352623471,0.5430746869624911,-0.7918599556759965,1.5308846941732075,-0.600948959894535,-0.7943602918024513,0.6791489042470821,-1.9648546963235056,0.9637344161731912,0.8367531469104316,-1.9281068923099036,0.7342189545679282,0.811065555840716
0.7044345653697931,-1.2918225389629066,0.8397379337164842,0.6818573198970704,-0.99539203476878,-0.7134879422608645,1.090150295105133,1.3048652521314297,-0.7975232418542499,1.5414538275406662,1.0885926281175875,-1.0712113371160443,-1.6775707161587954,-0.2871457184305697,0.9755410198161372,0.9283796355964876,-0.6247154432842205,-1.1062641300359617,-0.4548517140907276,0.1190576425398606,0.5293655368877552
1.4573182678965135,-1.7209442793229444,-0.0866810733850237,-0.01950616512967,0.5056477575655873,0.5231469796818334,-0.2697143034764208,-0.3780206675777811,-1.1869945551838057,0.1202013082591721,-0.7544210314640042,-0.4727286123537569,0.0332680004187552,1.3708766712836578,1.1682975293959352,-1.2913568641806443,1.1004244731247288,0.3136806893371507,1.3514621858033329,1.279883975496004,1.2389402772773563
0.2407974327082563,-0.1689924568061081,-1.6788392682413174,0.2313948916042092,-0.3309511081063204,-0.3151451400256176,0.3339465070506134,-0.6819658942801126,0.5332729211973084,0.4824453064784481,0.0713620030732637,-1.2535654887513763,1.472528128375405,0.6912460662631843,0.2631938331960844,-0.5647699163002887,-1.5172904016450917,-0.543968789232015,1.202344559626034,-1.0686256045609597,0.2915699226758828
-0.4331396976468971,1.3580063000046063,-0.144018921330051,0.2792557229099484,-0.6471741794100441,-0.9445241025357244,0.3932130213182342,1.0455521442680082,-0.6235710913446814,-0.5825619897414696,0.7453173328897535,0.5095575246751131,0.8420203576312723,-0.8183916319920105,-0.0509337220129617,1.2514435015333103,-0.0109543687269261,-1.3771736446036305,0.9871813760868284,-1.217257058321905,-0.5439416831876658
-1.2403547208542156,-0.95133758530889,-0.4813994463684582,-0.9081508685604556,-1.840385504668508,0.7320950849932772,-0.6365217667637413,-0.7103641168707103,-0.4618744836870733,0.5576468569930243,0.2692059405908341,-1.1379119627319954,-0.603672412585261,-0.373527278227319,-0.7137706629389126,1.4067865511191349,-1.6379641720047455,0.4462202957985314,0.4824270174173208,0.6609405523779563,-0.8788193462470659
-0.7299748060636543,-0.4157367599338777,0.2321368078389251,0.7095865715506895,-0.4195619306958421,-1.601682084687528,-0.0189116733001892,-0.5024957337290268,1.5185774815951694,-2.0715576500130277,-1.568453612815785,1.4812761548945703,-1.133276789085068,0.1272692801246813,-0.4848303589073747,-0.940728395142222,1.1612046089892565,1.3123877767366054,1.3856035974510497,-0.4761699000633062,0.208428525128985
-0.8169100851595636,-0.1565046309781968,-0.5945127755905294,1.2576852727949317,-0.6705106094073778,1.4892906690712422,0.2261157527499765,1.4215155402148163,-0.8555162700446589,-1.3293202657402945,0.9439317083643708,-1.4270898611440863,0.1968447501407156,-1.7381897213031965,-1.423446327130414,0.1532501102882145,0.9648731874565876,-1.1596809787854947,-0.6936639915842977,-0.3301877303324972,-1.6829877116921836
1.2408109001664636,1.1684090931835216,0.8007867443437021,1.4935482992344609,0.8848524205414902,-0.9647702864099396,-0.6618138746196688,0.4184302008693876,-0.5072398288364031,-0.0426451462521356,1.27237762914901,1.5444315108957187,0.8195400730633725,0.8572623568599037,-0.7856246141136474,-0.9749335870324124,-0.0239094144279398,1.426727339177118,-0.3628163314308501,-0.2965892810211646,1.4787927008137929
0.1742636856547452,0.170880331115608,-0.4322832939550641,0.7410692364652242,1.5307127053590954,1.0251333211025706,-1.4296694117258355,-0.1922467389214137,-0.7270173953892562,-0.2417463553607737,-1.6955069645214078,-1.087173197184317,1.467717776303901,1.432590954119974,1.1970528316646267,-0.3334726720919098,1.1144075224816024,0.4602386365682994,1.481914152367686,0.7779098072360142,0.8664291045339623
-0.7156468499170501,1.4803916242241704,1.3823454287925805,-0.6392482947234593,1.5049168998132048,1.0498758768087044,-0.0178947689767219,-0.6359849923259354,-0.4131460098249559,-1.1011608616012227,-0.4887806894113128,-0.2544643040422009,-1.2664998938248515,1.3616570405979245,-0.4297502255700391,-1.2987674366859454,-0.8511214943533356,-0.4078276179798291,1.4928891114389724,-1.9982255688469768,1.052937821304992
1.3361756976741506,0.0175393880492136,1.1242617263756485,-0.243926541186581,-0.8959152470415043,0.902816874005814,-0.5230031770090139,-0.2754938862186566,-1.2920444742929875,-1.844918475782977,-0.8870677844264626,-1.3527618397169667,-0.2461920433772115,0.6033942010952106,-0.339454199840876,-1.6276748024748748,1.0308230722246003,1.0720153933392809,-0.6414464136193841,-0.7704033214644089,-1.0734053097232323
-1.4287428762006191,0.8261576312376764,-0.1154298691751172,-0.4040373546274062,0.0266900699940422,-0.021052220911781,-0.5607133708810536,1.4242426153228065,1.389687410521205,-0.326195479648188,0.5335308616589161,0.127070755048819,0.432012958563122,-0.0040213198513646,1.3775255039447805,0.9417803754772324,-1.2696615923855945,-0.5290205820958501,0.0288082648811075,1.411357244497255,-1.3003456244439782
0.8972888461470018,1.1347520615945894,-0.0052042797494534,0.6842452561827201,-0.4507066100898705,-0.6785260112287351,-1.8835558017752276,-0.4752598145293472,-1.8636115543502991,0.4201486732227616,-0.810237069045679,0.2253486339032044,-0.9723357399771708,-1.782536521929855,1.200392198687024,-0.5698838604840627,-0.9859470614478986,0.690425158086215,-0.2627365893243492,-0.5821662139835003,-0.980214693026561
1.091134853367978,0.6184869463870997,-0.2380447649590605,0.6664596226783325,-0.7741092023131873,1.1575913153241382,-0.1451597229642858,0.0106510402954918,0.460247200746716,0.0584738903250134,0.6419470778909108,-1.0150508371887137,-1.5500314029164028,-0.9722571082778704,-1.70416039638386,0.7479698389401317,0.9350046874576962,-1.9885957991650396,-1.4657627035369187,1.104750570898123,-0.7335277035893255
-1.9075436691207024,-1.5184571884262672,1.0160040616682748,0.1770026743339049,1.211099962633356,-1.9503259286093595,1.3833084160405025,1.537727884405666,-2.014401461925057,1.2230902076272467,0.6389317362325291,0.8980689258916327,0.4702691735685277,-0.9853215131400688,0.4890823956172574,1.1377573593523973,1.477345141138007,-0.8294747877496657,-2.0914371411770154,-0.4523344051466331,1.3965237851178416
0.350863170037666,-0.7520592919835444,1.1783933453969244,0.8190794941126396,-0.4398681658560887,1.3440019232210718,0.757054950100904,0.5788868964797381,1.5804534636732774,-1.243222409062698,-1.380244431131502,0.6383278276320656,-1.4917505252907148,0.6854908768270873,0.9049973709524712,-0.8792142702636574,-0.9211685369190866,-1.6974093226436882,0.6591149087462385,-1.8404537221677073,-0.0067548810328983
1.5442627543709686,1.336529523943029,1.0693395798515433,-0.1566532289419831,1.120664123684214,1.164373022755266,-1.9146738902194176,0.909553491631644,1.018035105074122,0.3939785902882983,-0.9672963680562844,-1.3703318611552522,-0.2909890446004774,-0.4737383836928359,-0.9424691141569708,1.2209591332655445,-0.8765965191134267,-0.1882957505418584,-0.910314379928734,1.4574571010978798,0.02368532029996
1.5308900237464025,0.479949998583789,-0.3547273833357086,0.5138157392154966,-0.552529381611559,-0.388923607160024,0.8287598688969553,0.8518193475432598,-0.9113845672295416,0.6351523224713481,0.8034554668304219,0.5772062772641959,0.2639212041684604,-1.630303849512284,-1.9625450320651936,0.5306008709827016,0.2167416219629006,-1.7484325097191382,0.920030562995901,0.6534131099318603,-0.4446478179870881
1.0189576604179311,1.4680341129083077,-1.7051852864851018,0.3021293220200778,1.2185271972578289,1.0640550084497975,1.424821886763595,0.976868369266378,0.5894816437770576,-0.9433764016101844,-0.7325139053413796,0.7762019138101557,0.926258331464728,0.8136018503196226,-1.3773869667829073,0.5409993503891146,-0.1493342258940353,1.0152987851790969,-0.9314316366025656,1.2869938862973327,-1.0198277854924391
-0.1836266218930951,-1.2944858908297645,1.0129822831498472,0.708521994923146,1.528500361159917,-0.8132105512203739,-0.3388917293732183,1.5494767608478954,0.8572174628928868,0.9019224117351176,0.2782338068673271,-1.3889582655228605,1.1789346296190035,-1.254870912500751,-1.6863788016949706,1.044553517167243,1.3403887008792614,0.6450568862980901,0.8402699729361631,0.0106111336483448,0.2110036872971125
-2.1344029633530983,0.2423536574717417,-0.5438726909700187,-2.0259554161267066,0.8595515229219606,1.5328672053510368,-2.106179300898995,0.2133161341129138,0.8934985291729122,-0.9593950967576595,1.4613833533197809,-1.5326665688227945,-1.6390238167024411,0.7060723930337856,-1.6037645370740985,-0.6623567039816483,-1.211231996619554,-1.3886720296807014,0.5523951808644157,-1.2033774361125291,-1.455307694253609
-1.2770740689304485,1.553383348167663,0.8877418949456094,0.7841837841126611,0.6610922203385872,-0.9772161548049404,1.2343231959979288,1.3406637945067357,-0.3560535844991518,-0.6587014124500163,-0.2143641818229721,-0.1383825967271585,-1.797580852837509,0.0844475511705997,-0.5423157561892772,0.7893580706016791,0.5791726846867165,0.9294891484603364,0.9074501378323002,1.1276143052770984,0.2286579866330474
-0.2676513803617328,-0.8413880214608797,-0.4537201907237803,1.206090401994079,-0.1984512661003297,-0.7264206490598303,-1.0853196085983925,0.9379937997658768,0.0576500383095578,-1.3508456656668029,1.065628678285376,1.5179076487691396,0.2987344891177084,0.3638537434615125,-1.8442022911479328,1.0481341528869983,0.666121557107955,-1.9763947113327944,0.6294605141994434,-0.8414430686762839,-0.4557453643588635
-0.5883646278018629,0.9999754931012894,1.4262593657038347,0.0201383626809057,-1.9234627596421416,-0.0482785964148828,0.795087027091988,-0.3774412402702268,0.1708003705651561,0.3114241882241898,-0.790909000938079,1.227751146453306,-0.359231066064268,-0.4553582793630887,0.2293083293622178,-1.5452904691727287,0.9340390430018796,0.6636345608194943,-0.247062218165614,1.483509539638486,1.430028839081493
1.0902697302808058,0.8723505695856447,-1.238734725568569,1.227542854593744,0.1970845697197831,1.0728013110550974,0.7007502662957246,-0.1674838925803538,0.5107087104803252,0.8465413855665411,-1.9652994307794431,-0.3694015688605443,-1.101003852737356,0.1014091625431625,0.825085681986845,0.2168069667653658,-2.027097679116869,0.0645207121715053,1.27562603813677,1.210374548325419,0.1290386933541254
-1.3202757529741065,0.4176041448607475,-0.3204747111747118,1.1974214514146733,-1.763777423540062,0.2582571523539975,-1.1124039420558307,-0.5614913874263653,-0.7232189105915958,1.3921548566917403,0.6682227721528287,-0.9914361967527624,-0.0576586206627689,0.2739725424671176,-1.4211837743298703,-1.314069731764017,0.0845661349481355,-0.4963617227119679,0.941964888890183,0.4029880783947736,0.6468079792462768
-0.8163554399774287,0.5983977240330224,1.116033637923663,0.4070958413048453,1.1533152561926534,1.4357851552107508,-1.2159992544330842,1.368327600604316,-0.6443031056394356,0.441234641927769,1.2927786439659914,-0.6943295782976324,0.356345860430598,1.4618841364337145,-1.2208227370050797,0.2247551126676116,1.4095806715566506,0.6845035246037539,-0.939696282602368,-0.0513098209058312,1.2355005813174709
-1.3908157414091036,-1.4829390843219104,-0.4564470442559256,0.501594115831718,1.0490489889346393,0.1406691925171913,-0.9670044306828643,1.541175753869239,-0.3042769139366286,0.9333207578499932,-0.7353934698544663,1.4530344128627426,1.0739804928718724,-0.4477663895865779,1.0304646974133993,0.6429096766024046,1.1880551468576666,1.0906543977184917,-0.2111159177645467,0.7389978222747486,0.2941992007859991
-1.477344163595312,-1.2678552517068646,1.2452876460400673,1.0266767622570387,-0.3402167451945266,-0.8689668362026252,1.2316117795926649,-0.7675182424870763,-0.16663902295232,0.3921876106466187,0.6761602547279361,-0.217150818807718,-1.7981744470417644,0.8643609979954989,-0.5177190245004806,-0.114350301547448,-0.7936171997758344,0.494347716368254,-1.9296138610452092,0.5718694980156901,2.280466663440504
-1.8150627087987845,0.6981573485988146,-0.8101864479577088,1.300285463511775,0.023188947370771,-1.0979463658873914,0.3261128235410532,-0.3855443747476366,-0.2475502460412359,-1.3019926156921142,1.4464341828931015,-1.625598758937232,0.8474075640685534,0.9835775020015592,-1.1684774527028574,-0.8507387475571874,-0.40168019780901,0.9566435697949248,-0.5555604975494491,0.4673691494262271,-1.3908571182415164
-0.2705678761958912,-1.0842689082320982,1.3536017610971238,0.0198473100067898,0.7269509994585749,1.19752815223103,-0.4495783468388912,-0.7109817611367236,-0.5266234232620486,-0.3642505408154267,-0.1000604549158314,0.7895156912789193,0.2970763937156217,1.1996301376058156,1.4850858672997458,1.5076536575577015,0.0020832325736267,-2.074824582637942,-1.508893061291868,0.2482151287057988,1.854069658541952
-0.2997567973455868,0.5763777469047084,-0.6959283960643807,0.8408026578586973,1.385475783022959,-0.8261959364357847,-1.612858275416775,-1.1962220710347662,0.1831853039208691,-0.3385649508145397,1.1500501631442308,0.298300219170265,1.0144795349970823,-0.7548499937099183,-0.7472093017979814,0.9254541313367348,-0.7570629425425216,0.9787940824764294,1.348167437568634,-0.8320663481104327,-0.6886823112481159
-1.6600670570961618,-1.8969506068765356,1.1386670769170977,0.7106992945621866,1.0775677167895867,0.0960117097457728,0.930355181547274,-0.6763348451759732,0.8773171082050368,0.3743336584770099,1.422097609461337,1.1463049935729208,-1.6590114850861362,-1.479523722243152,-1.9397639556261816,0.3596285810122314,-0.7550920225625073,-0.91263058385221,-0.5291196285586348,0.4029302122329373,0.2929412715687855
-0.8850290112901856,-0.5492967008563898,-0.4146339273987972,0.2690066504623457,0.6042986590698868,0.2306637258879472,1.4406484877563766,-1.852246868424797,1.1755976665692371,-1.1918761232873532,0.2335636636997767,-1.6164558212703597,-1.292486530273282,0.779335683691223,0.2573662910123684,0.5502451703930357,-1.604370964482681,1.2674560538004094,0.7520156654883495,0.1240297261908259,-0.7299641041116807
-1.3552072115831728,-1.557472287056725,-0.9777124980581064,-0.1583126853742391,0.3353452831673751,-0.4726282479431924,0.5592131503203132,0.0340983605203451,-0.5619047473366141,1.0055505703499694,1.268049043909674,-0.2899491053694288,-1.7547618639261044,-0.7969540916473231,0.5866452030282494,0.0637236862985479,0.0249371366031176,1.3517072009521574,1.08267185548299,0.7892881977526984,-0.5022116490591112
-1.4744803255494854,1.4235114356591891,1.3529611855930568,1.3885681751958174,-1.7425118534045243,1.3414217505363597,-0.0666004620220323,0.4109378657981706,-1.6986100493635976,1.0439608426673306,1.1005872481616858,-0.4660171851133632,-0.8246803644472406,0.5250174498684866,-0.7073770042776313,-1.1764510058075115,0.8358862014921804,1.2913837091251652,0.3282264768875246,0.2402884360198554,1.2872787991347212
1.0455097705523428,1.4884650151460002,-0.7523750213697691,0.7872101174823497,-0.2164596493214053,0.348700449685094,0.6882823393464386,0.1861259763211293,-0.5082212601608568,-0.0532283109287291,0.9417875834115956,-1.447777402692822,0.5528034478317101,-1.6801903647846432,0.2336433866651865,0.1438863949406549,0.8988345970798586,0.3399164943839054,-0.3590410948792553,0.6510031942759745,-2.221430976469402
-0.468799304523679,1.308096772654073,1.051978963753092,1.0469852576866685,-0.851384258265246,-1.20279940232511,0.7677800895135337,0.7431372322576966,-0.227176031413327,0.2259648621209596,0.0025127777847343,1.3244180795099765,0.3319310891766865,-0.1166193661240782,0.6532867565476328,-1.6702985784760305,-1.1526946532971518,1.0241381983706217,-0.5088985433389813,1.3520302153863326,0.6490585354935299
-1.9401702427569236,-0.5348746720100619,-0.9648296340181072,0.6933782983357529,0.351578212722055,-0.9972822517290744,1.3013559125013654,0.6954955323383087,1.1444599592571856,0.8285566350796354,0.0055010283667258,0.4695829332603354,0.0078508082087351,1.4813009381676443,-0.1511912343422998,-0.0464289259068218,0.6272012761197122,-0.6557739612082927,-0.0284760395440421,0.3090276570392128,-0.2653391028960936
-0.6010720479578517,0.7440132731390607,0.0190455282995284,-1.638381767314414,-1.8486304119761776,0.9351201166571852,0.974304307718957,-2.0328119308304005,0.3396503828024619,1.162253119365215,-1.568298281455184,0.5218301959921042,-1.6617504134813723,0.2692157341523249,-0.8215731267078903,0.5464491638529747,-1.929480110491632,1.1298356875437392,0.2529874681518854,0.367661616210315,0.2213209288251537
1.4262210113897016,0.6538323649543816,-0.5446970938369238,-0.4027341275744985,-1.159067766636003,-0.3272463009749679,-1.0070841105757544,-0.0160416108883767,0.1275669474699828,-1.6982592662853306,0.9620111130866142,0.1981313389811797,0.3041703216513101,0.1312097539055242,1.324520580977126,1.1470191349541357,-1.4651346207006666,0.4421446839464382,0.2295028963533784,0.538384368881756,-1.8162014570779248
-1.0439056766273207,-0.8052953120771121,0.7508045711638448,-0.1888229045202734,0.289774216308657,-0.520999777807459,-1.8719184749442672,1.5258717381903664,0.5063088129891289,1.4291550921101013,0.1201230761722567,-0.769610792451636,-0.5692586458997895,0.217450472865545,0.2023815444855352,0.0708638757680992,-0.3345135561799978,0.3984222148591757,-0.9917186852196198,0.0342217865854889,0.6339674318277242
-0.4730370235196753,1.20300531697192,-1.4490580491323986,0.9456682103689416,0.609980317686671,-0.5831409471762791,-1.0640335288104965,1.36909557087229,0.2292701232474965,1.1721107908498858,0.6263960013635151,0.0918263662097009,-0.0589931449598643,0.3308989327685093,-0.0535822105089897,-0.0872898547519689,-1.1781446607496378,0.2682134564788254,-1.0980214708699094,-0.4167806928170137,0.5402494371483088
-1.5976187544762874,0.4995522630424919,1.0577105199885026,-1.460757929451869,0.5117628587340219,0.6505819646864768,1.421091837418837,-0.6837735003668403,1.515094483224186,0.1132131157860576,0.1088851362604298,1.2253672333712438,-0.4308706202673151,0.5196104482400076,0.467152001542738,1.410248192936013,0.1045621306771588,0.6004010674440551,1.0344696506271602,1.40475392852141,1.817442757254316
-0.3496874252711259,1.1725363559390316,0.0109467716241658,1.4343841333671148,-0.4941851032387487,1.145157277987613,0.1073658210476977,1.0410161237207938,-0.6900862533923564,-0.0406778025518146,-0.7674000948373275,1.076094819018094,-1.28162003078419,-0.7286617000695427,1.3915313027578855,0.1562946971277672,-0.4758024741785133,0.6561917859448836,-1.3143496485900812,-0.7700689193659025,-0.0819005724121154
