feature_0,feature_1,feature_2,feature_3,feature_4,feature_5,feature_6,feature_7,feature_8,feature_9,feature_10,feature_11,feature_12,feature_13,feature_14,feature_15,feature_16,feature_17,feature_18,feature_19,target
1.0207817370857255,-0.1310617648615728,0.7015762390366589,-0.2118513640122509,-1.2045419405616338,1.6432178366274133,0.7287258451255225,-0.5468674172253263,0.9078881797316244,0.2863945461418067,1.2916296138908954,0.558176312924483,-0.1834494353195866,1.3552540192715,-0.1231643269652428,-1.5497861457853046,-0.9893530621179866,0.5784057888747154,1.361743376308806,-1.4976280379712306,1.751246575572115
-1.029003478991818,-0.7764161415117341,-0.8924552881249669,-0.0773137201953075,0.057579017630482,0.9855520578279032,-1.7412268001903928,-1.124873418311413,0.2341139947315116,-1.43492022683559,-1.4779022312430825,1.2705064245738755,0.2534980502960662,1.0929813880432058,0.1158238893128953,0.3298310520153994,-0.3632511529320657,-1.1656298399368974,1.4455867135950666,-0.2731170106931177,-0.6475187730344923
-1.3135116799386255,0.6233453019599555,-1.347145474101796,1.2518880020242047,-0.8167076125314938,-0.4251722840281096,-1.2849407987437462,0.7705450864562734,0.8228384249937277,-1.1690674334063051,-0.6924410558437879,0.3021506989645216,-0.2893311556106157,-1.599496392976168,-0.4734374131959081,1.1771951947740378,-0.2466760214389909,-0.8316689669430108,-1.385125325356153,0.5252429661377026,-1.2746613672860727
0.5233415981973158,0.1734298308058286,-0.2306988637668927,-0.2825552563994422,-0.215865216551987,1.0321238853052503,0.4662201223594229,-0.6950730456374553,0.8469280431644214,-1.616635302712667,-0.5632952174059416,-1.291812442309474,0.8788835708313476,0.5619589046233191,1.0798155319621614,-0.4391630295036673,0.9480547639252326,-0.3733309348144913,-1.2578390387809946,0.7502062144704766,-1.7402206178145496
1.3052346597488869,-1.2590129180513026,0.8917729323474628,0.6726577540501982,-0.8299600823594069,0.5636566453618339,0.7177327256742444,1.5144868568884668,-0.6671815468313533,0.4628702703370901,1.3202508884838973,1.4023520143630923,0.0628272063092638,0.271534697278902,-1.5956012140510287,-1.1858285413977383,-1.306583448328509,-0.7176467440077768,0.1924041347827295,-1.157410153934648,1.549750421944475
1.3362573972293414,0.3073376707016776,0.4806868765351031,-1.694582928548896,0.8850020880598046,-0.3647410738134564,1.3791690040854705,0.8207662471640171,-0.4172190025509177,-0.4053274364934449,-1.3074143641017684,-0.1228479257509118,-1.2904586319506577,1.0741625612647885,1.1072698026236585,-1.5161685550778805,-0.9649761598131932,0.2914284411592897,1.0531009177138633,0.5037806457208774,0.92022350148315
0.1137273363347945,0.0557447740092488,0.9854700018026188,0.6659808987735016,-0.7178219512260383,-0.8827160337914938,0.0321297054964286,1.4851518299404003,1.2016390376886357,-1.3897985834596676,-0.1658797732746415,1.6230188872899218,0.6122059480668085,0.596967578838263,-1.302635541456771,-1.0672072364176446,0.7446160724240783,-1.444924219991361,-1.565450891978562,-0.2673139480824193,0.594664378162341
-1.4658662213292888,-1.69783946234397,0.7651297137093057,0.5084682518326442,-0.4896086172387203,-0.7598940025850822,0.0680503675313028,-0.2073324689862915,0.6561783987157409,1.1452712255116162,-0.0880808782993577,0.4341049972065909,0.3147402558789605,-0.8121331192204787,0.6328244233840592,0.2630299921481325,-0.2216028505040052,-1.3856397315532163,0.4656673540135736,-1.1489752135449272,0.4340039252983007
0.5013126034960019,1.693213851750776,0.0880971834977966,0.4148754960046555,1.618751234850668,-0.626601856153766,-1.2742623288015544,0.3529161859735041,-0.5948383899329343,1.29347101243956,-0.1281068826402761,1.2325164444724084,0.6636947982841584,1.5190743967068938,-0.3692738961336895,1.1062203449340915,1.3620318604658712,-0.7144594188931407,-0.3927521121747834,0.5389418726363733,0.1860180973149021
1.6448881713691004,-1.696036682677164,-1.5469951187362767,-1.3947045555240591,-0.158037579446362,-1.2735509380005758,-0.5075042549769893,-0.2126944440310485,-0.3547280925374864,0.3441428523371094,-1.3432231826022336,0.3339666614654251,-0.10167009375387,0.3815631055947123,-0.3429867711760949,-1.5908051388701612,-0.5171742776904418,-0.690151843128997,0.6994533264731361,-1.5424207913830188,-0.3499091028794328
0.2646275474970641,-0.7274580410298226,1.656564540408946,0.1931667233527443,-0.7830234148827191,1.3242029435110585,-1.683461093537418,1.193961810403774,-1.6705104229372254,-1.3753201629426457,1.1859019852867416,0.7769736161593387,-0.3208395030751121,0.8271095965725597,-0.1214420604493259,1.157892838763978,-1.3474127294320897,-1.732619161623339,-0.3108987015083713,-0.3541138499463538,0.4101950445871899
0.8755132791933682,-0.910148553544186,0.9009438113659052,1.405591419518221,-1.246211403768398,0.4641803174297497,1.2106104960362387,-1.2117294103254528,-0.9522761013560856,0.4869330424238587,-1.2921046614389535,-0.4626099256054113,0.8294310737764354,1.4864637981931814,1.0452749766580174,-0.2780035124771366,-1.220900271405851,1.4841062014826012,0.6489180069456688,1.2065025198644286,1.252804323357117
-1.164100873757013,-1.3707674688491212,0.553122375593769,0.2320244888480026,0.9931083524846466,0.3525313605524184,-1.583736602748149,0.8659467185804316,0.6609092072830434,1.2004950939652352,0.0159028382676808,1.2679215491045763,1.2757246611427355,-1.2889832964588837,1.2963099138505754,-0.5325549540732786,1.6401187329781377,-0.0004358226855234,-1.411799615936951,0.6171356900897339,0.5579977104067323
-1.4513977337049664,0.7764150851652921,0.4103700492052715,0.5684534933552045,0.3467661607355637,0.0124162628815912,-1.2185791295640267,1.6772446536371408,-1.0962472456995374,1.5470155714634617,1.0279252208685248,-1.196602279528003,-0.5733732303311556,1.3949227281615648,-0.6674907509571492,-0.8797101207747986,-0.3173429064182132,0.1812114849951269,-1.1658743530912556,0.6357753678734857,-0.5814897186484814
1.3219083429449412,-0.9680384292401186,0.4915415717822076,-1.685469892279439,0.8138129920160199,-1.351747240566208,-1.2713317452295023,1.581791403827856,1.078441056465176,-0.5680591518505554,0.1610140345593575,-0.0046053859947446,1.265427835269853,1.288815331948595,0.0117096951926965,0.7881300988878155,-0.7607664438077185,0.3229495671166006,0.528429770852131,-0.9826471061297064,0.1816056220713541
0.7135780975421957,0.7275378636441505,0.645157739863977,-0.5919219308919385,-0.6978787901153576,1.315625084766544,-0.0158343344091833,0.4748319296147904,-0.4107281719075707,0.6201262835906878,-1.0795726287412502,1.685913015934606,0.446699272844728,1.6133743761047885,1.0915175955285057,-0.9748024241456662,-0.0372015372505974,-0.6135930147373976,1.0031718283572306,0.3269233950518938,1.6829843270401026
-0.9588647032780402,1.6434191567205618,1.61356391869853,-0.5293439539543993,-0.3170943336423741,0.7325619183824675,-0.5933364665143083,-0.264107324763508,0.803256926183851,-1.1770801680248513,-0.4679394479720716,0.5311881250634066,-0.1768817666231311,0.9523567823142512,-0.6709849915141707,1.6344635934376992,1.51871328287297,-1.4232844979851984,-1.132667417726461,0.7890399738379865,0.7056773660319133
-1.073752404496311,-1.7183917508267408,-0.9647902007620176,1.302805060312225,-0.4132074804862854,0.252860510668042,-0.2674834722353168,-0.1658557947376831,1.6374362963862945,0.7279514727099237,-0.428873730829914,1.5077086167485323,0.1547062971753126,1.4896542826260455,0.1488101006952267,0.1829554266736237,-0.0055872292690018,-0.9598987921489712,0.994971991124679,1.3932399842235947,0.7897200596423007
-0.9935693129880356,-0.4368890351887173,1.1941843235882108,-1.3931967490822217,0.8481896721531876,-0.6773989353861439,0.7922684271007744,1.5385597735142698,-0.1924227133459822,0.5791161163555794,0.6121270995748002,0.6333506175983441,0.9409054286520412,1.3633486657969132,1.701581055768676,0.4991642668653105,-1.2915677923597264,0.0048916837121038,-0.5126123624126786,-1.6003728342116224,1.546316724655586
1.3383366098097822,1.5237295112262756,-0.0926558855253214,-0.2595750958594899,0.9110595411175856,0.2045821543660285,-0.4167992732482286,0.473532956178901,-0.1970728562849012,-1.7341281697417847,-0.3273930361035166,-1.03919004084814,-0.8949876043995005,-0.9136609204667492,0.840085849336123,1.2862588565799704,0.2091438560621263,1.0989679059446904,0.378689137765501,-1.580842210858245,-1.1018162950823982
-1.0840644000411934,-1.3661058943437383,0.2112147595918186,1.4816904478721555,0.7664544388443553,1.0500495149862767,0.9130990542444894,1.7097021979971947,-0.262919643771059,-0.2349854567245169,0.8630968909829073,-0.4195293347698279,1.6959945190687808,1.5648234529579756,1.3469527884781198,0.1875627901803917,-1.439924659821027,1.6480810403969324,-0.2473165199277069,-1.5374009135346456,0.2207988299302368
1.1093441070213053,-0.1259124756894049,-1.50775057652681,-0.3880129072659237,-1.543834010296821,-0.6372643260534082,0.5743058416142233,-1.2536252611718055,0.1700661401222324,-0.0237090400989753,-0.4273474870203517,1.578372948775716,-1.384326513723194,0.0638054444589932,-1.4905582488560196,-0.6333923704634833,-0.272869359848466,0.4167559505643063,-0.4523026897233534,-0.2739608193452534,-0.2792496756697179
-0.6251986144884621,1.573734549700748,1.3227161515644608,-1.7793525287103646,0.5877246845452188,-0.3669657850588835,0.8331118458999387,1.5440888744402603,0.3430215433359403,-0.770618428135073,-1.3124963130187823,0.0153803599343699,1.5330908203878415,-1.2645001299720369,0.2901424039270846,0.2218227079015954,-1.638496904682885,-1.439240983162925,-1.5603855080675173,0.2897056412157189,0.2645241048621252
0.8134995723342776,-1.295345787408243,-1.060889716930211,0.7309129174068499,1.4729977255675994,0.8400600181595431,-0.5412192172181159,-1.1216477923872874,0.0085053023613352,0.0522672553154775,-0.5113229719104758,0.6146234519854729,-1.4140440347058747,-1.462045622337163,0.575729532903108,-1.0428705206976776,0.0621162371662493,0.9330531211470392,-1.2808274628236584,0.3385561306420289,-1.3269279331835475
-0.7408008570048197,1.0086284174742748,-0.0173910204474015,-1.4244119933725556,0.7047113064561419,0.2458884065490074,0.0066919158762452,0.0086542328428826,-0.7005947356241883,1.4989073757587923,0.0759882965604301,-0.1721483115907803,0.1403713481435382,0.0522341118756608,1.1136311019344662,-0.8227574799540743,0.0168359368351424,-1.67886599090328,-1.3433976443625752,0.6379176282904482,1.4762176878734787
0.4204288083407404,0.5194151832067233,-0.7749111669205805,-1.6991124181876869,-0.026274186874637,-1.112175294168142,-0.8730661992440888,0.5258456233337041,-1.614757594916238,1.364605336408251,-0.0007229108408497,0.0193234457675218,0.1228324981913676,0.9099219640943148,0.920147007486674,-1.173233058914738,-1.516952624562803,0.3124773957965956,0.30126695344261,-1.4528872119403,-0.3428587060472619
0.0847453147598713,1.0293461748827315,0.5724831030236539,-1.0767652947352204,-1.3214108180790214,-0.1241072309055881,-1.6748250781896352,-1.096229249972621,-0.575677016362157,-1.3810371553710885,-0.62368116840923,-0.0448916000317287,1.7653702303940964,-0.783263170477754,-0.378592030076288,-1.1918367784043973,-0.3295994975753282,-0.1824263427554536,0.110181329187991,-0.8185402490149313,-0.8559612194327796
0.8931391463545104,-0.1174011972180508,0.9972165057323056,-0.4094161345207129,-1.319503891629551,-1.165534842152442,1.6477631560226915,0.7230613910150638,-1.3827912127455844,-0.2361706997284568,0.9090721199220456,-0.2678242707876043,-0.374724654092683,-1.1464919942247591,0.2742209368979876,0.0562293425391935,-1.5916055526192,0.019616224926935,0.86928184473148,-1.1491467013559604,-0.7455472777077974
0.9256085130134704,-1.2699135751168875,0.8821123677280652,0.2939713620686594,-1.7817010420630612,-0.9428337673662796,-0.506740358967241,-0.4637436003671734,0.8815568266617335,-1.6459778794644335,1.547703303383971,0.6853681275497401,1.7957122078941024,-1.6066272351748263,1.7026791926970977,0.2769651964883388,-1.125191032137258,0.7748835166940916,1.3900288440574755,1.1538386219355226,0.0706203248582233
-1.2215025674352054,1.6577540208238142,-1.2662343929663864,1.2201125802580348,-1.213530969417359,1.2260190559138466,-1.1892925513305048,1.4727519255615271,-1.4957425357930514,-1.4904685284541963,-1.306376284549196,1.3626268088552678,0.4006108806907662,-0.891011560207367,-0.8570851750915203,-0.5840489871846979,-1.6677020527039312,0.2753076514162191,0.6588722352329642,0.3064135984938121,-1.3115365321732262
-1.168798102621058,-0.09060711151209,1.159328936600422,0.8927962919478166,0.2063946754171043,1.363062089833545,0.0352131630784389,-1.6439788152342654,0.1812695580526287,0.0904683412283285,1.1972796962747512,-0.1077749947454107,0.3726085453467969,0.2523797033593742,1.3876035647948506,1.6191696879173878,-0.2225921742577669,-1.148929058648076,-0.0670246959375762,-1.2268074720551314,1.246117842715264
-0.4519916915814806,0.9456643274910912,-0.6824169377876582,1.608555051623742,0.3309905656702551,-0.5135459739345659,1.074124177184494,1.0302939165514742,-1.0801654908876963,1.5832401848552209,-1.2815831904913944,0.4846974490100519,-0.6624358287475308,-0.6918847829921763,0.0547250219324296,1.5436816398401323,-1.4454465425723415,1.0298793086466205,1.2927016975175276,1.3688770225332565,0.7088768993085182
-0.4885104121829577,0.2874350897903459,0.6561253225667946,-0.598132582958406,-0.4729145014661934,-1.2542306924644062,1.460597525357469,-0.247357661629538,-1.0714041670591736,-0.3191387666355417,-1.4327837367791665,-0.0106731107788162,0.1461037719010149,-0.1812244947575133,-1.5918541463264475,-0.8435839886349392,-0.286937786497854,-1.2058651200963948,-0.0102613843951693,1.388123532679687,0.4261048165551365
1.58678132761153,-1.0498313952839002,0.9554190448555872,-1.0133732108963356,-0.9333288652542188,0.2514162316084531,-0.1812063618459233,1.0043016466894743,0.8660358097691726,0.5621749513948127,-1.3569199368904032,0.3799508788537826,-0.787121473805845,-1.6154581683821507,-1.0121502407632876,1.3730898074383473,-0.6996364883060565,0.1873858293989833,0.2551687287619386,0.8794326769669218,-0.3637524303595478
1.23667757412044,-0.3424807710031674,1.0869369199283694,0.4393133726891611,-0.3126881506859272,-0.509821097463261,1.3353185060671455,-0.2176783499347466,1.783095534325905,-0.0048735131229349,-1.2886204669475685,0.3127528430400672,-1.4376040410776585,0.3419574010390587,0.3207042528842672,-1.1546917191709292,-0.3325448184736467,1.3696199685397688,-1.5640640336325544,-1.4315557191730297,0.8366319502262242
1.1980796112105945,0.0172626771836705,0.0280425618990396,0.9115038313875272,-0.7253724950408574,-1.290023980042358,1.4644703301414077,-1.5549619414851623,-0.0926160712699781,-0.9470143744220726,-0.6839116544614959,1.7386842211155975,-1.2279691642633932,1.188079430577733,-0.5054950458470554,-1.101399419791492,-1.19824365821656,-0.8018352955449067,-1.5744723377057257,0.5894695310385605,2.102244043104879
0.9694679968441876,-0.1527110312329895,0.9995605946657884,0.2763584653258285,-1.2408528662238778,-1.3986977289971574,-1.4916662347825298,-0.3943922997837497,-1.2257817585592112,-0.2495176511279809,-1.5985037257135994,0.315163121969515,-0.7373492078104871,-0.8049597348278931,0.4361251744468264,-0.0662270348300303,-0.0583508301740254,0.8879999801554728,0.3731968600793423,-1.1649869904060202,0.3318781520689408
-1.1522796798654853,0.8058556746394555,-1.2625254882493155,1.261552266619818,-0.7718876708784298,-0.7776105164579843,-0.1796791889478622,0.160251800950035,1.6185178975874042,-1.031295993394092,-0.0013125013792569,0.2788233588048522,0.5434665758619055,-0.3771161778758153,-1.3844224670076497,-0.6487602792000575,-0.8078777286907245,-1.2764026249916338,0.5671195129137699,-1.5780856156526188,-1.015130699127636
1.2688054880111728,-1.429881645431462,1.4614788589065526,-0.7566911822308288,1.5250173426715494,-0.2636263104666073,1.690300348415284,1.3616980683906652,-0.1785429369616169,-0.8024147671648706,-0.5623080195698882,1.5853745360157316,-0.8831601689760217,-0.0261726207541971,-0.3048484650446784,0.7437138498475628,0.7527454645862174,-1.132266494867028,-0.6248223968980531,0.3129523120576391,1.100573207115264
0.1212946250685203,1.6357991701768075,0.4867512755359516,-0.2790873467791837,-0.9202029092289088,0.3510394178119884,-1.735708896929341,1.6019277136174157,-0.2826850498827024,-1.511057623799251,0.3250713526045733,-0.4615492874657336,-1.1402597803463586,-0.3907766675164634,0.9546585991253744,-0.7726438575844772,0.6812528399602645,-0.0050114433367761,-0.5119874867967568,1.1945245885157192,-0.7453443207469975
-1.2923737968824969,-0.0207282660272962,-1.434884183091843,-1.353462472634886,1.5221099938815208,-1.686497423743219,0.2260151027961374,-0.2282231946952519,0.8336163865800259,-0.7417287430788914,0.9221064902442656,0.4701458289650447,1.1892151190911178,-0.906831196275622,0.3521663872713577,0.7416394194186693,-1.438393740178462,-0.5204487053303309,-1.0872737103548888,-1.1078185327878711,-0.8125821347818345
0.8434552007959093,-1.3622975951648382,0.5947472788030479,-0.7750667889584975,0.2157468104993636,-1.5123671630454012,-0.9656658151319528,1.5901060374585478,1.1268387839111138,1.617345020778636,-0.1358226144727454,-0.5162058508815497,0.6427087777405237,-0.2192224666998381,-0.4917189284720246,1.2046986515777294,-1.2620776563053913,-1.728056183361406,0.6527330131587498,-1.6082200180551742,0.8719471253881286
1.1004677009855277,-0.8004337107465572,-1.5809085395122378,0.1207569963110607,0.9044711242387669,-0.8095768893773497,-1.02314945950608,-1.2618565049139416,-1.58706344566662,1.5842356566258409,0.9869050510872794,-0.9979515765987284,-0.9107218096255688,-1.0218360729623956,1.588225915133369,-0.4043199702275947,-0.0191378204562703,-0.9684823731772076,-1.3042540071919668,-1.598992135723088,-0.8106407576211117
1.4111064351949467,-0.1096526517125645,-0.7741330791934967,-1.0426780948072292,-1.4980141195109735,1.556293761082714,-0.7506770338352807,-0.0739352228643687,1.1860602234521538,-1.5026253784591967,-0.6755256841919722,-1.6742928924964944,1.2454818141943471,-0.6983174828140284,1.003142667604351,1.5950167215464377,-1.297075467790498,0.176388235789917,-1.6765701392509096,-0.6547884573732157,-1.3971100355625965
-1.2810911206221605,-0.3860627458097125,-1.6119746117547415,-0.0905268968505884,-1.017622182195851,0.1045619012607996,-0.0127250269043118,0.2374735489752965,0.7853790965636362,-0.8485282583288076,-1.2519039372571863,-0.6727725589979682,1.0793746030804714,-1.023171317134958,-0.33862863410849,1.0170345911527887,1.070773494163178,-0.7776228649953089,-0.7698094290780214,-1.4960531712723335,-2.1032480871413566
0.9928861912166944,-1.397470155543655,0.6811730323285089,0.2683455924156932,-1.6807605109926738,1.4232585395608013,0.901746409125083,0.5210663889175025,1.0519305201229978,0.5621496055599984,1.1426110219077636,1.6883659115772307,0.9262634676404048,1.7008406692643725,0.5266774850846665,0.3957367537382843,-1.3151332540144398,1.5783967209482417,-0.1974615332608019,1.512258189805817,1.1269902905747513
0.2375062828435304,1.3253742596657694,-0.0031632019516006,0.7555957578444048,0.660499670525574,0.782874486683915,-0.6975509496236982,-0.0978256261810257,0.7788852005976734,-0.404309463131744,0.2604728858392188,1.484511741046337,0.1310453819278624,-0.6445012527326278,1.3275801320535203,0.3861702917384849,0.2562844672002501,1.1597684869545983,-1.2779864261380869,-0.2986676261019739,0.3954236170208915
0.9751493027119824,0.1950715007940733,0.0867979972887324,-1.4437775648646258,-1.4445683499668838,0.4620454289752266,1.1357536942803428,-0.1402241241297884,0.2935633804009932,0.2950557577230103,-1.6487247636182107,1.071446116312392,-1.3175133729355566,-1.4402906706699623,-0.942271739309643,1.2680407945082968,-0.6670308153655243,0.5436586184063572,-0.3246190386065318,-0.6316342627597995,-0.7631592223226286
1.3575879310035877,1.368227734800524,0.5364830806813484,1.2062349826295105,-1.348396400722716,1.5240130714439046,1.5041563026358429,0.0809922353799085,-1.0946595859802182,1.4808610965260995,-0.3552187530869949,-0.188640550019487,-0.7312643913432396,0.9589953654969608,-1.042683186256214,-1.0070482190511123,-0.7847007264449802,-0.4987976619001854,1.4738794522779426,0.9492521288589754,1.6407723843187576
-0.3918396789087812,-0.2010017534276184,1.4210151603489396,1.288773785658628,1.5787894961748037,0.3045759872626239,1.1238198862789424,-1.4072600961327804,1.1011576776628416,-0.0608048611017738,-0.0955032872587169,-1.4016814160888176,0.3899815686380178,-0.7791851310287987,1.6445946326214222,0.775334216961063,-1.1456314546375594,1.0315689677040225,1.4685892459424204,-0.5349308886467348,0.3799272495168567
1.4545082238417837,0.3993637610274826,0.6184618540349462,1.266747729614811,-0.9735684538254756,0.1583769041633355,-0.1945718091946005,-0.8413899738024795,-0.5759734175614707,0.2415583214920647,-0.8017429960968361,-1.0772298249406338,-0.8720918005721862,-0.0104738780388781,-0.9082091748795196,-1.1449459673067954,-1.3715372636512957,-0.976810307773238,-0.0048852561388801,-0.5367739743047377,0.1914392434297326
-0.2276599076230213,-1.752159694509763,-0.3384999662698501,0.5655507686263449,0.119747862685468,-1.090332333261394,-0.4687119832986807,-0.1294383119455043,0.063926540274304,-1.1521396209961412,1.111878900327961,-0.161568716335483,-0.2599679928201382,1.0672477150870918,0.2079711188684415,-1.2665337238604333,0.6300214295199906,0.4936312819024469,-0.4820044919058606,0.2262101176286621,-0.5733338314982137
0.7861764355780712,1.3986660968417064,-1.5008722848054614,-1.2866756141646911,-0.382895826846632,-1.242811340483305,-0.9472695343910472,1.1882395838558877,-1.0570253422356877,-0.5620245822965233,-1.3882744768622657,1.419543379219533,0.1380657035548382,0.1267786492994272,0.6430450812513702,1.577342231414173,-0.2102933392531826,-0.6399036575740763,-1.240206408458772,1.5367309553883943,-0.6286548160003271
-1.2657103130145912,-0.3415287683692712,0.7257352361453596,1.2229827441541783,-0.880931769630662,-0.2905138571164926,-0.0638302146142333,-0.340696744753987,-1.4160771541323462,-1.4702180072193265,-0.2435975637981811,0.3156160008542897,0.4899092685202564,0.830145973484336,0.5345503364941235,1.432306152966534,0.1400833727212136,1.054648403682729,1.1098540584289436,-0.1347271912048424,0.186728064561061
-0.5014702515487155,1.0372386751881857,-1.2224442080292168,-1.3384814084286203,-0.2828454490195152,-0.9192813271735468,1.0116594407226331,0.2371175749168583,0.4563842470236645,-0.5831409480827344,-0.8616498326682773,0.4296025498045753,0.0054615215936877,-0.0255973157373918,-1.1752954205311608,-1.4836455449169137,-0.9992270665958424,1.6113923503533143,-1.2676406829759927,1.182792869815268,-0.6013100182030201
0.929237603883572,-1.7340526313437006,1.64400346162917,-1.4322371959012885,-1.4226409873118004,0.352262891821399,1.1461731308052772,0.5418121643951304,-0.7139022523335155,-0.470584568834558,-0.0548330280287932,1.6998741678537368,1.2408949108372167,0.1046708779158561,-1.6495593153589625,-0.455847186214461,-0.7252954004726595,1.0952699701769308,-1.2637003253596115,-1.0287118455356314,1.768579403330226
-1.0433789510389466,-0.3871443326974768,-0.999279147217897,0.3529601526447588,-0.0227235711717831,-0.9861987219726628,-0.6167240112018993,0.2987172398472229,-0.5107713339058257,-0.2640545075508438,-0.7874446862469153,-1.6497824657211293,-1.117924062661778,-1.346004500915707,0.6002957568751571,-0.446742948084121,1.6631054044601037,0.2961653273620649,0.9596970591745404,0.2681639478989834,-1.6602717430751257
0.2240814653755661,-0.7801683551286283,0.9803758423680988,-1.490486220481767,1.4444603008109098,-0.5313907711445861,-0.5252695843649687,1.0119329550028342,-1.6505068506601748,1.170273368329506,1.1648794335166142,-1.0719166377038176,-1.3687074528866003,-1.1668731574715188,1.2662932968894978,-0.5300211276458521,-1.0486335923016452,1.083768989545106,0.2433922908425738,-1.2499039451962417,-0.4674046323536764
-0.5789165927022206,-1.172186430034518,-1.6596899381760088,-1.7278232369122457,-0.5172378281282378,-1.6985800958221962,0.4124349531018036,1.397032195293805,-0.7196972651327251,1.3504161560425103,0.9977086264665262,1.6076774726348886,1.4130706084135414,-0.2758391020280398,1.071406332427965,0.6928022986563326,0.764190185248495,-1.5914985839501397,1.156316874893624,-0.8830596706326244,1.3469231769755987
-1.2919731507834156,-1.2309457816998404,0.3779227608553129,0.1011698331831964,-0.3409771061681572,-0.6242162732447276,-0.944923366994664,0.1767825990332306,-1.567933228224952,-1.5526981555486592,1.25172365753134,0.6793080005109119,-0.5561237848153074,-1.0912895281749544,-0.1388928978803968,0.1684912816707528,-1.0566880737891544,0.021494026925382,-0.7648482321411996,-0.1477997628362849,-0.3592757091350141
0.2769595517471099,1.304312538301733,0.1891986285458554,-0.6575678424407957,1.674310257897781,-1.5364465971870125,1.6327167968096048,-0.0910060303448802,-1.393027660723804,1.0023293034405496,0.8036835065985185,-1.644984030590566,0.878522955601916,-0.5294321751010086,-0.7273081373451179,1.3105539843806446,1.181466253237198,-0.1328865550261286,0.6551508040167893,0.6161538024261809,-0.4796910020256047
0.1794514302403845,1.2730380225461346,-1.3509063801098558,0.1084580458980512,-0.9909613650498128,-0.9951393079498894,1.2976418392177214,-0.5582300306685853,0.3957434716010761,-0.2583287995383749,-0.0878214376851319,0.3441814035934821,0.1254415993201103,0.2026221727737324,-1.145601441285999,-0.3472944045648815,0.7134853655732406,0.6371318303924767,0.7815754473820307,1.16349922979538,-0.9120335964197576
0.6739960703404617,-0.7699901525286587,-0.8491655610548383,-0.8729437664017211,0.8211344782365324,-0.3335999849573682,-0.2717441838820988,1.5615503406796665,1.4434396597821797,0.2792124041439133,1.43965472529763,1.7122164973697225,-0.98283401861945,1.2109406970357917,1.3334840079539865,-0.980399962789024,1.025783324599973,-0.6950869120119709,1.5882067780294746,-0.8087948565637364,1.700956452965899
-0.0053923158931209,1.3851706589396786,1.425367551762294,0.9115965135878068,0.6513544278252377,-1.3394768451592347,1.0812613240806437,1.4907285578126033,-1.233020369677979,1.1775327581579356,1.3483291657312584,-0.8919074735169078,0.4817889632408649,0.4539669533605927,-0.9183651375377888,1.370265492754611,0.1239375009417549,-1.5340009943469812,0.3480093636772278,-1.6621562946243993,0.773044046058915
1.6198526253644654,0.1259436823794064,-0.4173569646690071,-0.3683219606453022,0.1934640269300472,-0.0437733762058971,-0.760469288562951,-1.6284608659111266,1.1929266638976466,1.672116241515894,-1.6201899482751485,0.544935782627828,-0.1031936009001067,0.9530961284315248,-1.0299474545920282,1.2913164975155655,1.096775710752246,1.076098119540391,1.1626948847899377,-1.0237386357555358,0.334321796927689
-0.1712221236533724,-1.7600878482002205,0.8404542709202629,-1.2983260103390624,-1.1136348787256396,0.6488691310928766,-1.199118381551306,-1.2867777285436022,1.136799848950167,1.4585838622030067,1.2303396780392322,-0.5599640580259424,-1.4521406534130097,-1.5912580464105728,0.1776422627300244,0.1584377060872412,-1.1987048418823194,0.3886784871074761,0.3602238989323282,0.0648262191580078,-1.145232287827094
0.4815121150136613,-0.6284831282798116,1.189573299706881,-0.9007112652733656,-0.7714205931256669,1.5161925225547392,1.516484424585436,0.8909161494701343,0.6851862642267275,0.792253146864204,-0.7470010840818504,-0.95416505530966,-1.3303462651596276,0.0949718399018352,-0.8653450475848922,-0.0021395100730028,-1.5608149201829984,-0.4103754270503704,0.2630291424902242,-1.5442991337715115,0.8094892137184575
-0.7773093248745759,0.3712262492164132,0.2759864618830737,1.3227514392868298,0.0013387383445492,0.1468287397726405,1.465569117579842,-0.2313331251614525,-0.1496024807430686,-0.5402704280293462,-1.2742597471987822,0.0197315965464363,1.336634560110228,-0.759559540257273,-0.7310707896614602,0.5470921378586295,-0.4606892230759563,1.3818604985472656,0.8245723051611541,-0.0932115831953897,-0.0018491027562215
1.5717867943835409,-0.1755002380739613,1.052729763910911,-0.6303931526210186,-0.1407859744812098,-1.4756758710289375,-0.7799335249532563,-0.7456068759104406,-1.5816117164047223,-1.182577315437512,0.0461631825816529,1.6515273172086316,0.6089282910577799,-1.0227293402464466,0.7689531835373298,0.1366240145605212,1.0630248772955868,1.361026803290453,-0.7034493711497635,0.9236718495446368,-0.0565192710426943
1.532095673331893,0.2604264704002021,-0.7785159012886976,1.5919251561695391,-1.2671750485818147,-1.6057898755352968,0.0225789054921049,-0.3566046046332491,0.9875124022680186,1.0751028925228645,1.1530581804066886,-0.6289182163566143,0.7969363795154685,1.604076734419537,0.7362066637105719,-0.6369564804237702,-0.4251003678901153,0.6751716514008169,0.0080197092098795,-1.464276458240363,-0.7916718383749567
-1.0859639038019746,1.31400891273719,-1.4269649569221423,0.9306860623475918,-1.057439085581407,-0.8908315023387567,-0.9716148298616905,-0.8771797522763753,-1.6064633054913202,0.3004986640889192,0.5631243462644154,0.8626074460787045,1.2828760030529622,-1.0882558635740482,-1.417251028705879,-0.0022692779400244,-1.1112619637407866,0.4421276968854778,-1.2237748529718382,-1.059789615654647,-0.9695017049859538
-1.0319627830842668,1.0589862494112197,1.545629600510477,-0.9643805163739522,-1.441596721711545,-1.6171608326875395,0.2549229092626265,1.3702008887181665,0.2668790289919752,-0.8496191750390036,0.9907173099679883,1.4203719018875645,-0.761929993010966,0.3619182998128032,1.4773433797499302,1.5028313017338013,0.5814053583477932,1.1433598479319071,0.0452435743110408,0.3074660830828269,1.1171347575563464
-1.312293841524902,-0.1603869931115183,1.389727336281257,1.082335970005121,-0.1517535589608278,-1.2310156509907602,0.9922839730403092,-1.1435959192609744,-0.7613814779726938,1.6831457147246436,1.482404367596479,-0.5495290479389626,0.9127032003756022,-0.1683907148726967,0.453921962765157,-1.6307722774200692,1.5132631675802946,-0.7594804660558674,1.343862807263818,0.2486385812015631,1.65938708361159
-0.8801140417765487,0.3803901304757012,-0.6216219018523349,-0.8691546813066903,0.2720334400950054,1.3547085705543238,-0.2310470988043466,-1.256097467308255,-1.3950864022412923,-0.8600396822962716,0.4730517867503023,0.4252021223897188,-0.4629645614010957,1.2596337115852627,-1.504039206711378,0.0030887520600247,1.6674878517502856,-0.3260415042320034,-0.2867625770354725,0.472162727597836,-0.2859446194864847
0.5822831482164372,-1.7133170992224591,1.477822657905755,0.9820626345978992,-0.9673520752298584,-0.1267065261296809,1.1425841660253218,1.6020559306309403,1.0117738225299109,0.253250883171108,-0.8779419522206413,1.1594774649883377,1.1339899626373304,0.7890439936241659,0.6301275862261163,-1.5144418534088284,0.3144770301224382,0.4826821017652064,-0.2552858434607435,1.184857373400254,1.403550864169568
1.2926556524232529,0.75998752097868,-0.6746646578548784,0.2181921669657694,-1.6629219976284997,0.332459655699255,1.299421903982959,-0.6273194951278543,-1.6487257032198124,0.6223690123089844,1.4582342891356566,-1.309938501981801,-0.7304930441989296,-1.476002757598376,-1.4016799934780797,1.38296799115388,-0.4836041255318101,1.5957438188454354,1.481018834936324,0.723308104797094,-0.8639249766763742
1.2539063466482143,0.9375616350098406,1.0526833077440123,-1.5583466892469866,0.4365800229264663,-1.5764471228559014,0.1609690184054583,-1.584562695765999,-0.744230647995084,1.3945948966542796,-0.0246167838588155,-0.0441235647529349,0.1687504448278728,0.2971753616888204,-0.1490253815008645,-1.3717137031837676,-0.2796808796181465,-0.0485620855775067,-0.3515187744591238,0.1572839828240032,1.1430515471034126
-0.5933441832544032,-1.592525330508535,0.4784293879184629,0.3200962212035266,1.3057739696364796,0.1688838328210944,0.265957252354187,1.398845512567723,-0.0178243538127366,0.0644901140545016,0.2785002005691327,-0.1374858594901084,-1.0183229130064546,-1.5892858506097842,-1.6061017529148076,-0.2064261471744791,-0.9995817595105186,-1.213090445003783,-1.5671038155077364,-1.199028229890678,-0.3734979255816441
1.3124993974197403,1.4111923341185173,0.6661332372404046,1.5647640615949094,0.4036438524489177,1.5146139628466484,0.5238402892729248,0.6525129483624574,0.8818263614162705,-0.6363134339466019,-1.745829444691008,-0.6833806027484702,-0.5963761595562553,1.4609598051161403,0.4753532170984331,1.4784435275424446,-0.6950631708740211,-0.9151159369014292,-1.1260191546557363,-0.9045758397917424,0.7206623414374832
-1.1971929286754142,-0.7373429528651437,-0.3021557180990036,-0.060227681901475,0.6767463034875421,-1.164258510971402,-0.913441929582912,0.472633262612038,-1.6136700053111412,-0.5578670072147242,-0.6422580453275485,1.0977105956468785,-1.007524640368464,-0.651449343902113,0.2553057188417014,-1.1275090006624529,1.2291498450309997,1.552174322489844,0.7189968917953619,0.1461572835872439,-0.1807268429872079
-0.6074973126903525,1.489218788681085,-1.0317820036437144,-0.4273872708481748,-0.5880816835719298,1.2532840932131888,0.5794920085363866,1.5907146471595226,0.3508714789253436,1.6982920133134791,-1.0794264282695525,-1.2697530548473952,-0.0660773233474417,1.4816201989118936,0.3706512886621901,-1.4403655592637965,-0.1248820568840217,-0.2653793167365442,0.2804766062072177,-1.672155200451382,-1.7209679782653842
-1.65702545278167,-0.1561818556796929,-1.5409372756282231,0.6784445590092691,0.2702442200206804,-1.0677100870507816,1.2367200815535653,-1.2489352150585045,0.4092378706474163,-0.2732471160708286,0.5009776935391691,-1.29397057415728,0.343022892048766,-0.0003036014881438,-0.666137950268422,-0.0162921161901529,-0.4475083597393974,-0.0060864582195575,1.34866123207695,-0.4131713369225119,-1.0014230489636184
-0.4013290007596823,1.252010164032268,1.050892245195726,0.1949620436542334,0.1124511937414536,0.8003822700548112,-0.9341325273709082,-0.3112049687764942,0.909227346824974,1.085910897341737,0.9452801904777796,-0.7489575863812841,-0.428624949199881,-0.4198856251064923,-0.1520439536750589,0.6730557339961316,0.8595029188019948,0.2776477040716897,1.466654696396178,-1.002631398709412,1.655008537033816
0.1282570128383652,-1.6101509064161563,-0.6143436218474305,0.0665663650619054,-1.4317291917206756,-0.5288412019062253,0.9774486717995996,-0.7466227632031666,-0.347176062221832,-1.1105818452253335,1.5292676019909277,1.0314750557763244,1.594809730048534,-0.0207656214337414,0.1180668528448041,-1.501796317648244,-0.2054417202793916,0.9016898978534088,-1.2337508491490754,1.398476241511852,-0.0504239276591774
-0.4109691726398485,-1.4677523572178692,0.4899675982040726,0.8801339283984534,0.399225925335797,1.162484473254785,-1.3531317656141644,1.541782782379001,1.5164994154571516,0.2174843155320231,-0.7372060212913825,-1.461694893346202,-0.687731540874994,0.2973557024689205,-0.7534927026765718,0.7011497965334783,0.6501068982945292,1.1610537198479698,1.4689786062687111,-0.0236251290835275,1.1555106326286533
0.0709274786456746,0.3965700120843133,-0.3696597111945148,-0.3885727564867775,1.56657661280887,0.3689255648743343,-0.5744176345508007,-1.2145306163819132,1.7752846774491478,1.6816614879911134,1.0373928526879703,-0.8121504129572122,0.1480183166505336,-0.7766111654233172,-1.5853046197552498,-0.4262529909827597,-1.277772934065805,-0.2764151349628509,0.3273239483002869,-1.5029495233751344,-0.205893044224932
0.7766818536933481,-0.665207413283161,-1.099238518232313,-0.3796250569147155,-1.237296512867452,-1.33286836708279,-0.5936260899153272,-0.5400673440366648,1.516783354351274,-1.12685603783969,1.2973457800657249,0.6522230282193301,-1.0871864379448573,1.578412460361668,0.9365337993087792,0.4342826543926791,1.587202134848244,0.1784255702327901,0.9030849636271656,0.6167411993585711,-0.7167734974864801
-1.5574485000860143,0.2505372031666407,-0.1269929863348931,-0.461852877382387,0.0583939775431105,0.5994676114920103,0.6243283622608565,-0.0313852048515983,-1.6703353921289632,-1.44203396909855,0.0130868387629475,-0.5694032380924912,0.8451273343424469,-0.7228467245737614,1.3945252080320991,-1.2998194030857004,0.2846845371138876,0.1604046028006596,-0.724912520246896,0.4757618301464469,-1.2627613794226171
-1.4665178275388122,-0.707731193479273,-0.9288331269631558,1.0420609164192374,-0.9750121518579796,-0.8206069879914937,0.8538167515187939,-1.4881609676551928,1.797957164821864,-0.8391059639104852,-1.595475879904145,0.3173715210430644,0.3529071663193583,-0.973593369763362,1.670146555531259,0.5772076403401891,-1.3784434378191108,1.6543695020992844,0.1187528858498294,-1.3936328717356894,-1.6693186669486024
0.6787006830719903,-1.3463034727709862,-1.6611560934498086,-1.3019744798351558,1.06280553292303,-0.6685105012618907,-0.1559374046357944,1.4872813624139567,0.7814578148228376,0.5771726741241453,1.5695037778489618,1.649130727359535,-1.175813150572738,1.1036546980428457,1.1583715700363266,-0.4905130521911225,-0.3682099025886316,-1.579843388600808,1.4736945111528656,0.7848245665149954,0.6876821817886127
-1.1921881105555583,-0.5214040212229009,-1.2782938602935925,0.9662260160400228,-1.7008784886968469,-0.6334276875627356,-1.2398905810849858,0.1457810112165336,-0.776652092614357,0.4787165557642228,-0.2594418836957177,-1.6565932231652527,0.23959566156411,0.3584230717949863,1.4752522566810309,1.399179086173603,-0.2003574571903311,1.041164833989068,0.6034861455607649,-1.2846137225300496,-0.8070781313235929
-0.7226033681564102,1.3357285952040654,1.232681310357974,-0.7258303215700619,0.7689508991993802,-1.6741532837925974,0.3093129280321051,-0.9526630586113662,-0.220317204229854,-1.4317564869856587,-0.4972831773385275,0.3162263751448502,-0.1373623371146771,0.3226830729509883,-0.7113182673855517,0.6649820070366633,1.517679350572024,0.3444221935263605,0.82624726562907,-0.2727914571980949,0.1444011600480416
1.5395702859764733,-0.3168381230805961,-0.9044589847549008,0.2440803655146393,-0.5589152509537666,0.7965653354858991,0.5770053039061087,-1.544360128276901,-1.557959814964605,1.4866312486588116,-0.6705595604091286,-0.4824510788279689,0.4681643852878045,-1.108227583584397,-1.0638209627513104,-0.587894559481009,-0.9901565518976564,0.1530698728127168,1.6402681210590426,-0.8994971509728681,0.6529069153101041
-1.511777314432789,1.3535922281926516,-1.3040676342435664,1.1487789545879168,0.2795730312875318,0.7997362403466546,0.1574143627798563,-0.8448300165590313,-0.0201927840579952,-0.5207613992137733,-0.512431623065216,0.8962681894265755,-0.5009377397427452,-0.7010440761123138,-1.7068992950201378,0.9772699210435888,-0.1052236372777029,1.4896602107759953,-1.0954859887602313,-0.5066840850493989,-0.8994502134153638
-1.4133124196168236,-1.470340777526474,0.1227275443478025,-0.4797872684007629,-1.180743974848447,-1.30355349307392,-1.3981297477205148,-1.63251510938841,0.6757262350629961,0.5567731025466116,0.7564327559732602,-1.083582267778905,0.8482433148943885,0.6818331870207716,-0.8208799668003608,-0.1387051833096526,-1.2748143553116265,1.3324800047819814,0.9106315082226654,-1.5925913594635126,0.0569308503090303
0.3577604135561398,0.7277924297004422,-0.5282488314997822,1.5851773549667731,0.4376594309713276,-0.6129398232974187,0.726445504853685,-0.684776988463264,-1.21535526243717,-0.0222851908680216,0.9280113151962824,1.2646781407432388,0.1021128883005764,-1.4259700573012415,0.0039798420034802,1.5805321365391527,1.354045474061765,0.0483963166794425,-0.5493333756963521,-0.725770254447969,-1.1207354337631363
-0.6338749437116628,-0.6486085949168855,0.2113207259146496,0.2053189740985449,0.4683710048109999,-1.37764592084724,1.132447574426862,-0.4678456642421491,-0.324838145369907,-0.7869280003610413,0.6870620547495471,1.2652698155140905,1.6287605632042284,1.686014093388819,1.1793090694866923,1.4355189098778534,-0.8467301028184921,0.960364328204776,1.1170940777150071,-1.3248718713280454,1.0937459708688455
-0.629159489772396,0.3498176166049791,-1.0264291980390805,0.0108510542309775,0.5795450346109758,-0.7955279237489977,0.7635143175015215,-1.3639616658738611,0.2785272280150233,-0.5430486686132538,0.0660138458418975,1.1656171924743708,0.7048665455471406,-1.3169739017010662,1.5432287097278687,-0.0248448760647531,-0.2048701197595677,1.515060216427812,0.2340716080031443,-0.7263105729384219,-1.4218319296087127
-1.6866692101684395,-1.1770309035755369,1.3540560030796251,-0.2263647819098871,0.233111531079059,-1.1129427231303026,-0.1478324833991345,0.4485994756525981,0.2556121924704529,-1.2484699604914693,-0.5933453176881242,0.5781158339627344,0.4710511785302362,0.2765285830297279,1.371756692097852,0.0114602250099308,0.8643712049427609,-0.5007208599030804,0.1814251227341239,-1.5211291656547423,-0.1347270742738538
0.2493901926459861,-0.9414908102787072,-0.0337234598391638,1.0086201761040656,-1.1344529683022615,-1.454747052624606,-0.357775223294127,-0.2814852612638902,1.3399025415524146,-1.2277953373627384,-1.6018491504132657,0.134457065863117,-1.2328382673331075,1.3364186162912446,-1.2938409012987548,-0.645906486195794,1.0577972734768826,-0.5833892656277296,1.3113011444661775,-0.2377014915402128,0.0144596926388767
-0.0336144786655144,1.6764771584696885,-0.1188626337022546,-0.772391791250161,-0.93310492729654,1.0156759191457023,0.301358492657814,1.4342406153566427,-1.516492572303946,1.1050858355166486,0.7296297902077673,0.6186244100004029,-1.564140503960022,-1.2774559433386734,-0.5276131188469108,-0.8879366454381425,-0.0874341613420311,-1.5580484402904418,-1.6318508305846084,1.741502432327992,0.2649817084771924
-0.5146928008845965,0.1837209030200584,1.5146249102202882,-1.7508879711512964,-0.7169144360601583,0.4356435815586446,-0.5746506845474436,1.0916247372010954,-1.322144316162321,0.4470893155821505,-1.3568227984272876,-1.15437208439491,-0.4384541361368892,-1.5326499790208892,0.9253012117945812,0.8979459677866015,0.6226172824387123,-0.6978205779046887,0.5053142095496288,-1.1441862331353123,-0.6909117205429725
1.734129845417994,-0.6808513407804347,-0.7202163337088867,-0.9155394777628512,0.7000613536149956,0.4105913882853532,0.9663862018485108,-0.7955311000122055,1.505484164319686,1.006538001974942,-1.2576190675006158,0.3737402717200772,0.4035140706816292,-0.796998031002961,-0.0464708314896628,-1.160133821339169,0.8084289997459075,1.5985818345071166,-0.9953492499780602,-1.0402941013404274,0.1661718152960039
1.2655434092527758,0.0510609813631712,1.368228439025074,1.0127841406404778,-0.0220653090417714,-0.7341548674656515,-1.5663396597488972,-0.5414931180917655,0.9329036222612616,-0.4038026255718047,0.9112986608341044,-1.0049858040389923,-0.2939045559975032,-0.9491999418283942,0.6897536020320651,1.0844864793045772,-0.9701055383397682,0.0783371034317913,-1.5302265552716114,-0.6801065701703762,0.8864028602036883
-0.7007936211003654,0.9060263319317658,0.6514110416861205,-0.2517121959724843,1.6756958973464298,-1.3167962676311786,-1.2161735609428983,0.3143645260323597,-0.4524589748015993,-1.2467948854075284,0.5545768332547113,-0.9515727925999566,-1.6805063050603777,1.4694581924917458,1.3760173600682537,-0.7997992052200468,0.6829090098015966,1.2961863135021887,0.5277349778143776,1.35560598592936,-0.4793546428780111
-1.6714763799103265,1.4214594043864133,0.4776963738808554,0.6924965097104016,-0.5980034664790803,-0.8215998815578482,0.6791380903021543,-0.4132369967532607,-1.3064613111646537,0.6326987591980818,1.207213741792462,1.6988075348548044,1.6496714680741142,-0.045219021731719,-0.1189020676592859,-1.6459239807874346,0.6102918300748494,1.1132147473105634,-0.4657760955045615,0.7367686659372541,1.057098692043521
0.8936541501637286,1.3883960131653783,1.555555029357195,-1.5525058644456513,0.6921996902925476,-0.3785259823023557,1.0417091438952388,0.5200944663651317,-0.4377252173052445,0.0247830202370267,0.9629270987428948,0.2515442910995218,0.1016884876790932,0.7986640531338195,1.3447734759221963,0.850573108503941,0.0049471361816355,-0.7105175276969338,1.51965967813304,0.7926552660477056,2.3510357409629856
0.7263801324422152,-0.9708799800191376,-0.5294343571661265,0.8888955927370363,-0.8367912316335313,0.7361161620228283,1.547829157851402,0.176415358634608,-0.2610719144502409,1.6004131371340131,1.1494547874766363,-1.0074126585734822,0.0316122338107021,1.5858642968001326,-0.177191878917941,-0.7377351104735678,1.2101360520990143,1.35425325917499,-0.530032481390109,0.6425635345467288,-1.7017156158472444
0.1189534852966708,0.7385172947069062,-0.3473628101927637,0.6345599580517032,0.7524503898946414,-1.4498601741094377,-0.1933822770763771,1.691375131185224,-0.8904131298231088,-1.736110236489199,-0.9572486571976724,1.6317242028361758,0.1016856709133705,0.6137038019073505,-0.5077358877402514,1.4689205180948075,1.3248408233058122,-0.8751440920576514,0.390958082793743,-1.0942030155143252,-0.3275151482633412
-0.279966629669566,-1.5758302811252582,-0.6715271630331803,1.0817433180645049,1.6674229106091687,-0.8940224326794382,0.0188071539602199,1.529160340337881,1.5440135657625778,0.960043963535529,0.9904308578340254,0.9068556761110342,-1.3905787711120536,1.5375507358184846,0.5585982915123816,-0.0686698846434199,0.8177046467640137,-1.0220235114864495,1.2849055164938972,-1.0547985750652316,0.7489444089084482
-0.1733221333883413,-1.7211054280700149,0.2725530405718321,0.4435688142932337,0.3008720564167033,0.8142910423335328,-0.1678789640099242,-0.6736699450015471,0.8304701489534108,-1.5709685332755363,1.1422445837756767,-0.6727309479730831,-0.4119498635837629,1.0648252051291518,1.1596799471898958,0.8222617074619787,-0.9954449643404693,1.521529084139024,-0.2522529813346023,0.0267549669799628,-0.9018495547494968
1.6097842774350075,-0.5439321055104459,-1.1703746050676005,1.162810926543868,-1.4512892061420175,-1.519144888165567,1.1610357875853454,0.2457631963434491,-0.5742864496714636,0.8023532427977221,-0.5920336131680012,-0.4590197741835928,0.2704962526553415,-1.4268277676186143,1.392546898719935,0.3552300706173935,0.6339177506355049,-1.1426315521875443,1.1258754968395113,1.446576922406404,-1.1897923196186695
0.2993543271718208,0.5845612248993439,-1.084641451648373,-1.757544778230775,-1.2503038411459122,-1.685073644800057,-0.9800207417522891,-0.3233944882424909,0.5860997264245359,1.537084249874561,1.0636418506328464,-1.4423369665138948,-1.5113372087269346,-0.6421873693154276,-1.6884770804935454,0.4552686947155,1.5105042762349794,0.7380635022645528,-0.6921775729521754,1.5397573582218425,-0.8002892664249601
1.3723828063136296,0.0106314644685275,0.0871082525451634,0.653273144540046,0.2761020274318579,1.3980795586383854,0.3054947732931083,-1.173780432871434,-1.0215411162743857,0.044146556210616,1.195520910615553,1.3283989412308554,-1.6777351316969842,0.6248625848097022,0.8927679289648304,-1.2733548858459949,0.4185194815138795,0.6084654455381866,-1.1455921049171662,-0.6914122688039549,1.2234864761100108
1.1076452351779351,-0.9034481449088292,0.8777638007228487,-0.2984950494137516,-0.0935809134817784,0.2441048211577061,0.6069387399553551,-0.2699065829328771,-0.9884238765407152,-0.0848264410966892,-1.6611177790367917,-0.1883215597831095,1.3403157753847892,-0.7375819237961715,-1.07069546611106,-1.3366296388155794,-0.942657344962171,0.431704150656764,-0.5019605258136893,-1.5245280786145274,-0.3540166865787201
0.8731985276242569,-0.0276224048453462,-1.616271637137389,-1.3187004036292775,1.6741815216939449,-1.328363630952832,0.9341704985547954,-1.332085378003807,0.8600307143596225,0.0366907425565165,1.0452167391036398,-1.016509021664278,-0.6222723667315814,-0.7989700794061843,0.4972940635373575,-0.8587010611294735,-0.7181906725514465,-1.743262666432894,0.9750227101791784,1.2267842560858109,-2.1338161099307564
1.57150479637666,1.6325248768944207,-1.7832851611245404,-1.2234342552952324,0.0324203006412211,-0.1613162279740392,0.5597500212081308,-1.1852785567797042,-1.6900418727955138,0.6408891454767622,0.763760501875806,-1.5897422389210591,1.2080031445817636,-1.5646657375292554,0.7836189632005102,1.6811279801771246,-0.3963178457840146,0.4480367373097738,0.8397348570220624,1.4386798131327996,-2.6560808883352585
0.7716847038926697,-1.2531850455887683,-1.2500359833771284,-1.480211776133214,0.8990542139026015,-1.3664910916374753,1.033789308806036,-0.7480741191615691,-0.8474844652683002,-0.7144636545742034,0.767931802289234,-0.7010738176373269,-0.103772618365957,-0.244112333664703,-1.6806184754958085,-1.3842679360781125,0.3353852286684832,1.2597339062367765,-0.7330838258200717,1.275221198216411,-1.525053151125594
-1.419807461513892,-1.3151531419339082,0.8886429483469949,0.6910675028908132,0.855565151220889,0.3790249852376919,1.245557363263751,0.4378725943324683,0.653058315156803,-0.5050662614017217,0.4973725931520131,0.5928131014840129,0.0345178618339419,1.3711774129960663,1.5350827972010392,-0.9786571138190244,-1.105287440231521,-0.8463587395902473,-0.4178751337527863,-1.2912249507110205,0.673707267690118
1.177865153995978,1.2517840678512706,0.1068596347674275,0.1255796337250553,0.942839210966208,-1.3010396554906012,1.1765046713982197,-0.9073333465216298,0.5529001729779498,-1.0593208607159303,1.2100564515410606,1.756361874400622,-0.9352932909745066,-0.7965891661498774,1.1566584002483242,1.3358588758286047,0.98736967829474,-0.7335401161933162,-0.9607087233192598,0.0029616136313407,-0.6235972156861913
1.3706355096345062,0.3900667997504208,0.0063740860900679,-0.3553634755178736,1.4610685645150503,1.6659670564696014,-1.416081835483461,0.3326956387962348,-1.294976289900088,-1.5238134353677135,0.2241050269223411,0.4054674684041324,0.8340124804362719,-0.1706190735353279,1.344549566992071,1.1676236537328963,-1.6900824524977265,0.4863221145666248,-0.3016640440045738,-1.679415748072234,-1.1255736184242755
1.6006675059029825,1.62093638324308,0.5140885718895001,1.6597070753095435,1.0909097930254257,-0.681409091261696,-1.1984030684468263,0.3678901109578457,-1.5128152613691277,0.7543273665194322,-1.1633447108721493,-1.4906106990167218,0.5539720001910621,-0.5812941257345666,1.3899982891676117,0.0484361006431664,1.3835306604325546,-0.7522985956467461,-1.2138726504692845,0.8688009877049491,0.190499318511445
0.0367695659975233,1.2837976129635782,0.6743052099260293,-1.3055947214535393,0.0962867967338531,-1.3318383707104502,-0.240359274050685,-0.042393697002191,-0.0702751842529352,-0.9879948363617758,-1.1124561533015118,0.2543261854839173,-1.2295092066523263,0.977021824009484,-1.1846147326658505,1.1200613512815112,0.241348828694748,1.0505337436594635,0.8998750148047843,-1.581305671876703,0.3589292942309078
-0.7125474668696697,0.9672964630723202,-1.3507743403799852,1.4158874124009335,-1.3772041153520942,0.7177370096257318,-1.2958606852690544,-0.0926881325510077,-1.542504107468115,1.189104388860906,0.5534500331299309,-0.5226424301980142,-0.9461495349569732,0.8055153988122098,-0.9847645378866242,0.2574535411539766,-1.2968455493437647,0.8096471994371937,-1.4537132314234804,1.563467242509007,0.3966814527731363
0.3058310391822256,0.5458678845702984,-0.1429334597621885,-0.3672387386895749,0.0335765222673124,1.122132658139053,1.1434260797168363,0.5215546934915398,0.789218622475427,0.3850418354019818,0.6744294941213897,-1.2159650685982215,1.6149531971496955,-1.1830035506473575,1.1151579073549345,0.1378838703851964,0.5456691008301028,1.3850321576947535,-1.0489824082347023,1.23608831535834,-1.0896081878282122
-1.48718818187528,-1.585700662218963,0.7427938995917832,0.0872622066675695,-0.7188277427011639,-1.254033429701325,-0.6985584488393122,0.8539465969749933,0.5135796948781255,1.6924310568544072,1.5388161829710676,1.4637545587395957,1.695050329625678,0.7869496785947699,-1.115777373537886,1.0191263716048429,0.630759280660433,0.1030527094128739,1.2679726090788328,1.162190350755129,1.876291420936301
0.7519687693350083,0.4620597739169009,-0.1735822631347112,0.2714308910299328,-1.4222730256968752,0.5567006756695623,1.2361890295090736,1.5873619550602012,0.6489489341682283,-0.0716949317031255,0.9448776661508176,0.2314039693718003,1.0451074049121545,-0.0697153093660767,-0.477087173923472,-0.6154068973647262,-0.7379052690849431,-1.0125318325224324,-0.1637062447847916,-0.2055173657646448,-0.2883609429185744
-0.1477160317177838,0.1822493122243176,-1.6819825422669146,-1.6016715108645898,-0.581885213561046,0.9641067593176584,-0.9442574597978064,0.4927930535394056,-1.1528788614377228,1.027678921126076,-0.8146405685532626,-0.1709915418835153,0.939613973286516,-0.2740762171191242,-0.4286100502380266,-1.4274340970926356,1.776791583210228,0.3025063062819406,1.3428059673195163,1.6490368831837323,-0.0645761570988959
-1.6827751110192992,0.8950437528617637,-1.385069011740052,0.5201953783795769,-0.8760108500371386,1.5847813594505409,-1.0627622989499768,-1.609117918029933,1.2258668338078806,-0.9384625236318668,-1.5413546257963284,-1.1040108237138435,-0.0930351182277266,0.478346771284991,-1.6634848595706282,1.100567106920472,-0.7152949465038952,-0.9710622874448672,-1.286636709851816,-0.1701929892542003,-1.211884460761889
-1.6269233953767577,0.8184496536353081,0.1119178544129918,-1.0064535133449195,-1.5828821236157142,0.3421520497646901,1.659276846238443,1.738803803772596,-0.9568558273369092,1.3849856895242043,1.362418593571344,-0.435554496689326,-0.4053073438166508,0.950820118125467,-0.4846014479475218,0.0547193355435826,1.6322508100013358,-1.059854239373219,-0.2298555090546611,1.4242179413121712,0.6769150577806747
0.8599544183874016,-1.730295150303386,0.2537964882411176,-1.0093499336346985,-0.5350634040186195,0.2130932639495619,-0.679849712198796,-0.0626611497378311,-0.4752705938205099,0.1980171341849619,1.247035126359965,0.9663355861684438,0.3105758229314986,0.8637879840124082,0.9309060315067952,-1.2582765229943609,0.041254610965816,1.0141049645149358,1.36900358775127,0.6885094607132671,1.4458617438407764
-0.6127268969206989,-0.905281991098358,-1.457656033354158,-0.1479899200895787,1.080933667971282,-0.3872983394810254,0.1830577186345327,1.7149005885535578,1.543389495238194,0.1013708526640949,-0.6253128469414083,-1.5188900002112524,-0.7035770323601772,-1.5997633237702562,1.0123431931289617,-1.1944889480747016,-1.0554317917123732,-0.9328164485074716,-1.2907292821383376,1.7308979886058329,-1.924096269762697
0.446179717677766,1.223403539385,1.2847807079022615,0.9446671606815472,1.6021204627890844,0.9357435318178864,1.6137718857210903,1.5894673948753073,-0.7160231297989665,0.2485009457052128,0.0730388008825842,-0.907392556036038,1.741505783035271,1.5636113282342468,0.8158853872418618,0.3704190666914158,1.1865916637414031,1.4668083553370417,-0.9484891628625498,1.296226012668038,1.2733217587045302
0.0279644004233215,0.3411762970929529,1.0899196822950172,0.680599582592065,0.1394210476786483,-0.8736589274023483,0.4426077298122324,-0.5932242288371862,-1.0491880311834576,-0.4723970189178594,0.0449697378837579,1.140786192608474,0.117802271045009,0.504089931108304,1.659002288268329,-1.311068398232219,-0.5256082488732722,0.4581301941322885,0.8979956920299149,0.2417126309784286,0.6368150178217684
-0.1329566593521157,0.6625832301230586,0.9059044798481484,1.520781712291077,-1.4733308939503718,-0.6805701784717039,0.1360862821551509,-0.2732816444691101,-1.1651321377016732,1.2204056319207257,-0.5489596438932889,0.4563237580281452,-0.9802375324751812,-0.3717857406837149,0.947057363368715,1.0896750682741372,1.4064739573884442,1.2335046111544947,-0.9770492567301386,1.4357447399740344,1.613684177109523
1.2477320960508491,-0.7786403943872224,-0.7418034158906439,-0.1416063838060355,1.5919151047931583,0.0863589888083815,-1.4317432702603765,0.5878595749172456,0.2459678864426822,0.7113254812829021,-1.077420188804881,-0.8568732732191678,1.3446593193248615,0.756864257779026,-0.0950653713030315,1.6912512949844094,-0.3197501716791892,-0.3261390416245374,-0.7331306227648553,-1.3586235209291049,-0.3377668725329031
-1.5156407539389134,-0.7189049602759268,-0.3805403157913967,-0.2425136410462376,0.9363115926762522,0.4779373299097377,1.229643926301324,-0.4682427441858312,1.3276508994040943,1.0135956767587275,-1.4597979691630008,-1.063172908199354,1.1374539071177734,-0.6054591444271606,-0.1016141043203546,0.3377572008608528,0.5890057935664711,0.9654642839235102,1.044256207224903,1.7269841388828169,-0.0516253853680834
-0.2690404013842161,0.7143129970426956,0.8218175660253756,0.8185339096338187,0.9159542121502326,-0.27428785919114,-1.0386128490524893,-0.7009080953324424,-1.6885094316015514,-0.0879561556569401,0.8659023968002261,-1.3851067054116908,0.429527795805451,0.94245730377945,0.0854698485726788,1.4091533559145912,-1.4804057377493267,1.2821597947588816,0.6637208289438679,1.3799456316543124,0.5484690934078348
-0.2187005924361041,-0.8727703471489363,-0.3153190732048627,0.0457997360141648,0.0205382727762704,-0.4936186191800625,-1.7537463010642362,-0.2835651052579191,-1.2316231314747907,-0.5829442864906673,1.1292692451366366,0.5440273385088257,-0.2261742974939364,-1.3655727958638104,-0.119933873099043,-1.0720438298855213,1.364729992347547,0.8820125498063033,0.0876672481838278,0.8996336994277733,-1.759277928214111
-1.0822729222584004,0.0171148033186312,-0.5480557823563303,0.4426936824350762,1.6480137982403291,-1.138006270604783,-0.773048254981476,0.622756775456919,0.7037583230695166,-1.5077852360990838,1.2116210798408085,-0.4681066489380179,-0.2161174674178499,-1.309326601383565,-1.3846847223446006,0.4984431780042057,-0.1274000399917803,1.3101627608461777,1.3961570242396315,-0.219068531486594,-1.3759072935596048
1.077040008171312,-1.743427056183815,-0.9033739251389772,1.554584472227838,-1.2172380890293435,0.6357862962139593,0.5740355067791687,0.0517141108285209,-1.7189181158621625,1.6700066227452592,0.8214661596694897,0.5620826441251008,-0.3872591702034734,0.0619683798700219,-0.0563910570158327,-0.8026059622993026,0.3265417660645254,1.4866217325593487,0.7355352789431034,0.2583557091352557,0.7297491940864207
0.0806899816797057,-0.2853682974988323,-1.652842003066726,0.2167776674335366,-0.8665768607261889,-0.113529686870931,-0.0216269186282501,-1.056835735270328,1.208008868946255,-0.5421308642677756,-1.5026186815744578,-1.4578876236755982,1.1923212641914671,1.493176419051747,0.4511647595426233,-0.534864386057915,0.3720239177777289,-0.5051023801999143,0.008925249911458,0.3300444790316422,-1.538341947064887
0.4245349217216419,-1.181613324025692,0.5750470076892104,0.8610429668055402,0.6207020671385353,1.4984887313244468,-0.9201829077044008,0.9846075905237792,-1.192808363389455,-0.4289877702507074,-0.2279798998801836,-1.6585752675037904,-1.1079721482664926,-0.6914408833005782,0.3312065977652998,-1.3614088893859542,1.6034012578467154,0.0790002307609241,0.3739267900591788,0.6874509768588112,-1.046538110338063
-0.916462255045774,0.2918377603405738,-0.6279404827147449,-1.5468754506508238,0.6728640020820533,-0.5357255948239185,-1.3402207858701436,-1.6453644334323043,0.2219633914382593,0.779856502993788,-1.3817835206019398,1.3086490492630485,1.491568539351456,1.7326279872317731,-0.0940772967032008,-0.0813661312443693,-0.7620231061427344,1.5176663627723717,1.3884584964884663,-0.0171514810362539,0.7131345747372582
0.4912699871804131,0.1304506474970065,-0.4979970237011911,-0.5895707690472514,1.0863784459633476,-1.1959006720581604,-0.6583603995719222,0.0011250255458301,-1.4446752795235802,-1.4253979058182566,-0.1039285194376965,1.60781971761149,-1.0961036361329572,-1.584510210065084,1.3203416726842048,1.6071681917317346,1.7694313039061411,-1.5448999295366794,-0.0028142186990426,-1.1395652174346105,-1.2993251458120594
-0.7818095577352198,0.4275941133631681,1.6709702653773688,-1.463716961078737,0.6804579625126754,1.0445814813302032,0.2665974036599888,0.4135754348478075,-0.9584541456757294,1.243404650631236,-0.7314982675954841,0.252073116818904,-1.362282432895557,-1.1796498760841383,0.4555231551378503,-0.7430094242847416,-1.435784772643452,0.551207596048863,-0.1570049392864261,-1.3386485466632347,0.3880576732660372
0.1581408740899821,-1.4535646308823484,-1.2863734729010723,1.5824334031241991,1.6612397841885895,-0.985032402145173,-0.2889334853518728,-1.1685434067926306,1.6200534572714118,-0.0380197014215758,0.2263644702630294,-0.2734017725534098,1.337448294569832,-1.165509807747165,-0.4063731590402049,1.452364201796637,1.1405699074279776,0.4252185901531651,1.2502597340875197,-1.5306018017323475,-0.5306562992204128
0.4743689134127247,0.3712805136616025,-0.1766241603566092,1.1657495267374829,-0.6061933337083969,0.4857037776183588,-1.0093751361668768,-1.5835348763880588,0.8084165658687096,-0.6328984801336699,0.8458738289147942,0.5206732150016791,-0.7973272776889979,-1.6831101273425937,-0.1281459461843426,1.6449115917201875,-0.2897465495340499,1.4976896751481048,0.4532614219282321,0.840321238810147,-1.5814471859007808
0.6729645407896572,-0.8716821295659883,-1.0700677643088623,-0.4131708114354482,-1.5459515478281347,-1.343283571004927,1.5593697549502676,-0.6064858780363199,-0.7597082859979525,0.3847234762081049,1.1764892891081742,0.8770648840031547,0.6823425662193584,0.9633423439633756,-0.1124630329758185,-1.3364116163740758,-0.6852914528564836,-1.1765798831069842,0.8105243377486617,0.0672084519665269,0.6844669555031635
-0.7226956839834946,0.7165055562352053,0.3588477319267561,0.6305391704437521,0.2173074958584149,-0.8164089003108396,-1.6697655110644756,0.2470713519457835,-1.6637125391146743,0.7109833641088504,0.0978911772918841,-0.84499088975747,-0.1198319547533228,-0.8024973808331614,-0.0096566584920924,-0.0807637238425968,1.4154451699018438,1.0407164815810708,1.6058423880304824,1.2039939843230634,0.5149337867202554
0.2265564722261784,-1.1300073080072557,-0.3056793854138056,-0.9153868783629272,1.6057179450097732,0.7305255197340685,1.011884815574764,0.9992552547242876,1.616705168537136,1.5140439408705175,1.4314885601641194,1.0535813946392805,-1.101947908903266,-0.5916360512707156,-0.2819194535784548,0.8808137577907668,-1.5943664629540126,-0.3029216153539189,0.4076229399960027,-1.3707936824395506,1.4262194699535249
-0.223188708579626,-0.1744521847177104,0.1586818255091699,-0.5652452824019235,1.4852678414020373,1.683652694976933,-0.0216506893417565,0.2736122140539387,1.6804870463074073,-0.0737406044751197,0.1148787033670692,-0.9468457971101136,1.769313731370456,-1.240567566132725,1.2073662621997368,-0.6661518518424441,-0.1975756865588384,-1.651522134997768,0.3167774597512367,0.7004059477517808,-0.7803199436613724
-1.0659775757152838,0.5098538928285435,-0.6073029571900691,0.9617979098180036,-1.2832266832852346,-1.598822111534623,-0.0312228968775611,-1.3057225652199114,1.1864569018649582,-1.2974248846582883,0.5817239452609965,-0.6281186953209114,-0.0088354174717166,-1.3513331317777575,1.270979037327225,1.1973493003747893,0.5250343423793356,-1.348288320567972,-0.1676889779077918,1.0862447542315106,-1.8247514802626403
0.1472376737942596,-0.4759114906680846,-0.3398144514509367,0.6814819484327637,0.2699947589782089,-0.6413638285018736,-1.2172002888212226,1.3134280762501729,0.9464815040752288,0.5500704694562437,-1.1866136538505938,-1.6224822741368112,-0.1556079186176227,-0.8832669394895777,0.1708405712714877,-1.3058587063292064,-0.8720378662297932,1.3998526247664198,0.2624932725358931,-0.3138753379003984,-1.1740756216142445
-0.2738073527625894,1.3003971250414463,-0.8880199410028317,-0.8650049033653989,0.7369327869135451,1.6673198630668702,1.0490218564430027,-0.3192563615504012,-0.2794052882489855,0.3753398285474937,0.7749666167693421,-0.5246059551298604,0.4874563484974201,1.5105307381451571,1.0416736530413595,-1.5093000589214094,0.5941298092216326,0.2398250551501447,1.4727625913405802,-1.1032245839674084,0.4902593138395608
-1.134453051995923,-0.6502237183995637,0.2084274536333401,0.2097267638190614,1.1344708912591308,1.0622709938298234,-1.722531295486914,-0.2014646596822717,-1.443887825148327,-0.8363598257811441,0.5520778539041322,-0.3198705108169816,0.9751917357219172,0.8023138791513718,0.833173950791544,-0.8756971341644507,-0.9875767470438508,-1.164961924287823,-0.2089912720059277,-0.7477066930490567,-0.0177100736637429
0.655357763576595,-1.0332634342017688,-0.1548274030879883,-0.1521410984332587,1.1520191024831503,-0.969120565250074,1.6223398528265,1.0518450450645205,1.466665484645764,0.6294322119240687,1.2216024166174684,0.48219912597483,-1.2786637201971935,-1.3242718336600043,-0.6116801385922733,1.634929092030327,-0.7874335658318706,-1.0517662214654286,-0.7728624118799708,1.662423587982372,-1.1583852326095785
-1.3184408350783097,-1.5428946884881625,-0.7222820021132754,-1.7930825725189965,-1.5249116954927786,-1.4515448464803793,-1.1046608981309585,-0.1032679135073269,-0.6515500708852519,-0.6409387343723908,1.6035302308115902,-0.5852771958151866,-0.3133275833347086,-0.739734601064717,0.4888541942263673,-0.6637231978218904,-0.2613688056927599,0.3312568044074152,1.5448152587591395,-0.0399487370454338,-1.1775157025416256
1.5191955114454594,-0.815694425557973,-0.0938384725758165,0.4011486862180499,-1.642926438820154,-1.5178577279770231,-1.431242685652416,-1.6457326945168642,-1.6266961674063791,0.4342223284935119,-1.2756600630866626,1.569381909155512,0.0376542729482274,-0.4890523313647954,0.9418977142442996,1.3725613133835897,-0.4762901353368282,-0.6406202347946527,0.3174081850952041,-1.6340701030752205,0.8420780325421455
0.8966255174866175,0.903381612200868,-1.0228924459250468,0.985646319046251,-0.5192726816284047,1.6018900777477822,-0.2046259049673517,-1.3198193029348908,-0.2184089251747125,0.465502555939536,-1.03308687659392,-1.519417939112336,-0.0650547788691905,-0.1015964256533793,1.410298409227707,-0.101740675080487,-0.4574031551439449,-0.7286602678845924,0.8146104897068895,-0.2736883537853219,-0.2127864917735381
1.2718214505291698,-0.0869776155503109,1.684539874264623,0.1062828017003044,1.6506487916927832,0.4143481988148152,0.3189346295401369,-1.1530343238843033,1.5785712717807905,-1.0021004204529038,1.0473666031620523,0.0078138708362765,0.0070415155728251,1.1531693392416231,-0.9565503242314508,0.8259711245760777,0.6907783657397608,-1.554358144540635,-0.9629815813315322,0.5257003650050426,1.6071566522887146
-0.4296508244309432,1.35325189818318,-0.03431050469605,0.3766939587235899,0.6500707120272813,-0.6189804704238424,-1.6364958211571266,-0.4885547640401206,0.13958949773697,0.5734956329543053,1.1779777318069928,0.6504691809780297,0.9060064025591068,0.8244544238842504,-0.5234143018467294,1.1389620908696294,0.9717906364760118,1.6328689917066035,0.9610859066789564,-1.0256557746083803,0.857941504952515
0.4032387040423709,-0.3013703523377137,0.688633416288345,1.324427110295956,-1.1743035363442609,0.5036661678698429,-0.7986381715360718,-1.3855787300329758,1.4462309896474743,1.6631568118783884,-1.7495987770793395,-1.5188516341508076,-1.6242822534310677,1.4813496920615623,-0.0575440594381534,-1.5068090991076548,-0.3561944772430818,0.5916599445990914,-0.0087590789342853,0.4289340294413514,-1.2311969492335886
-0.3374908851068001,1.4939151838734652,-1.5200137692521607,-0.4959961176755753,-0.590735172539775,-0.3596207881097493,1.4290779631739925,1.3396409632684336,-1.0407608417544432,0.5475736652837493,-0.4072718884706383,1.0008051193289038,-1.6761491466835945,1.2655625291177144,0.1867261928414164,1.6003382604055223,1.6603669670605468,0.2481357255102696,1.4365818332497606,-1.6763269520504425,0.1854742985465162
-0.7875203507969162,1.370445965878587,-0.7460623021403867,-1.6439986920713772,1.3199712764597502,-0.97717885761426,-1.0811804600813433,1.4873810433170866,1.69443491628096,1.647948063266975,-1.074851851859145,-1.6806125823426163,0.453755935235726,-0.6730813194398927,-1.3111350743516583,-1.1103410562997051,-1.1656133621180005,-0.5585439081940312,1.340167882612194,0.4821748293165346,0.1766189718779357
-0.8531032919870645,-0.6217762208195916,0.5647619981195754,1.1771321013746323,0.4614782446209329,-0.1056095857091383,0.2002237284574833,-1.4366880734721248,-0.5489594930692179,-1.6416095171577534,1.2088154639324251,1.0811903347006475,-1.5747108143664963,1.628045638478356,1.199359278166823,0.8022906918498287,-0.4465323578182991,1.1020691546645232,-1.19084288229163,-0.2542729063619369,0.0316726232210224
1.067736182769483,0.0117153670008964,1.27931234240477,-0.673530813929069,-1.3816406313996263,-0.2864313296753821,-0.775274100357944,-1.590751550763657,0.6116947083184571,1.5408033183022398,0.5092541449647997,-1.6149155974830751,-1.3008102640868449,1.1404074235088828,-0.7027999414267799,0.2835406982674547,0.3900732440567558,-0.5983798018341455,-0.5968500035740095,-0.4204697102407537,0.4855182683915623
-0.7553065412288683,-0.5389821315581029,-1.3195104392115975,-0.6475527301974472,1.7033821017276969,-0.977141310181752,-0.2415682634005638,-1.215304418905978,0.7276217203189917,1.063555523533295,1.0593878059796566,1.4093598098450957,-1.3808414803865376,1.4000099234417651,-0.510965592885135,-0.4292469730871096,-0.2533818034870307,1.617917192898127,0.5484523445736165,-1.322785303269463,-0.3924996389630211
0.7573569730146598,0.195381411214885,1.1925028477023971,-0.1580934332064225,1.229755878749738,0.5487642021981431,1.400500253277848,1.0845966412814108,-0.4824928543188894,-1.1821836477442336,-0.4116219958784845,-0.6014811753542365,-1.5776473430007112,0.9977027081023478,1.5303995871298086,1.612550508963022,-0.163228455630714,0.8019207011442904,-1.1991902982665532,0.7755307096450235,0.533602306959595
0.1967465629293128,0.7208269314260279,1.6543678336317225,-1.615166632779871,-0.7696707847937785,0.7803132850436217,1.5281712016378797,0.9149880248719252,1.6660278263742547,0.7688126730198681,1.30894264828395,0.952590049300072,-0.4614956830647336,-0.6072580780106163,-1.1951388081951009,0.8726132933856572,-1.0939936464793536,-1.1003335277174662,-0.8684707669515386,-0.7007980102146716,1.1241482070091409
0.7960957353009348,-1.471662967327656,1.0581357288280342,0.7800739642591319,-1.608609811985884,1.1446914430749835,-1.514653323800524,1.4744781718103503,-1.0581725791516012,0.6962741397321344,-1.6666473033208369,1.5554349097150069,1.6842583270206095,-0.4853868302363645,-1.287394324808694,-1.4136069179717643,-1.1632234113348414,1.22743840001024,0.2132212555667489,0.7309910296540524,1.049632148046972
-0.1833779707850797,-0.5668837898112806,0.6002742506746085,0.7761679723109867,0.5455659471024252,1.19662903548721,-0.5631830114393093,1.00804164505646,1.1887314172271193,0.6243042766087119,-1.3421904875537785,-0.2303281862899999,0.4987649687878711,0.902209060219408,1.381088632456649,-1.5984731669839691,-0.3944395484950921,-0.8224493887126334,0.0050132590037122,1.0904577235468285,0.7027523289162202
-1.050773652246892,0.7929021989044469,1.5956092906434167,0.4615455903316546,0.5680248347750149,1.0983714361391292,-1.4753371626778335,0.5414241245398617,0.8368927706922655,-0.0496249708633842,0.9950830515264996,-0.0346238614295097,1.3839689854936277,0.8167592181860716,0.8796797059035154,-1.4695941878394652,1.582878869344867,-1.5805989431794212,1.5955313787596386,-0.2519122370650343,2.1684993163212
-0.1909829457867904,-0.6345948510593968,-1.4518019419015504,-0.020154159282146,-1.4950813729831651,0.2313634650942772,-1.048205579706233,-0.0973686263828214,-1.3182908585312771,1.6698727698645144,1.2107771362878277,0.4417474639911401,-1.0035433621776093,-0.931578015522363,0.0947751999459609,-0.4492593691839548,-1.625718797578813,-0.0916697227444995,0.2806051020404246,1.3667498075728606,-0.9366642368343774
0.504433727716198,0.6434296197940966,-0.0660748613108676,0.8165737443586814,-1.334010777641408,0.8265924003503625,0.1676875412196639,1.32530515460968,1.6029834775033822,-0.87432639700694,-0.4001127113461988,1.2016143555052254,1.591060734977526,1.742603492871552,-0.5067677700902469,0.5871093651245527,0.4668728819493202,0.4721271766185852,1.2005491296476314,-1.178498677492152,0.9406292173199132
-0.3444372429961285,-0.2115601267685796,1.0719313268088984,0.5110015210629277,-0.2717909218540583,0.7377862243923443,1.4197543892374138,0.2440990171411808,0.0400241221555947,-0.9161634895469772,0.1782567674193336,-1.3414239081917445,-0.985090586296284,0.1720499479470159,-1.439630655544981,1.076953171570069,-0.632240300333655,-1.0271516442960698,-0.1511144644334005,-0.3270793073201157,-0.2170858749629468
1.32527605698581,-1.0474177282482064,-1.4311070671011,1.1097199976303127,-0.813285562830724,0.0111261308244091,0.827111244441286,-0.7629755162122789,1.496357562009833,1.1895033024342807,1.0853269166165491,-1.2275707984949158,-1.1238762823651427,0.5650275626931832,-0.5336585243630153,0.0481676635198741,-0.6788669452990074,-1.4016869223905413,-0.457472005835715,-1.6809706642565734,-0.2596417267477667
-0.2846290264295568,0.9649582158879272,0.1213885168671737,0.7088300221537098,0.7937766706230688,0.1496125948429178,1.4299838356169003,1.613137024028814,0.0567450349358474,-1.1953059517007347,1.199741020118272,-0.7877171816054717,0.0700761893230566,1.3216360231507307,1.523373423939103,-1.2442638034897482,-1.4816593587911528,1.621713270957024,1.2829094384844049,-0.2294797615634685,-0.2196885326591967
1.2859069252938895,0.3665745852655724,0.9025398949138772,-0.5619915449317423,0.4086416436945395,1.0566862350772248,-0.1115558042872918,-0.1403329449225158,-1.3660594215716633,-1.5216105778904423,0.8428558141739425,0.292288276279583,-0.8273155390653245,0.2689786516216949,-0.6940898508710119,-1.2840687134994917,0.1879325318359332,-1.058116180556936,-1.6319775970859356,-0.7743786407899417,0.6537925090810747
1.110379593678833,0.1728304594681526,0.2189096823941076,-1.2956791495985045,1.1072004973450251,-1.3766654175819175,1.3360341901632964,1.75195122548015,-1.6960923759795197,-0.6030758561958413,-0.6041540745053089,1.5160487455966114,-0.7084652904915082,-0.3756223876889214,1.0484939720871531,-0.2988655661101693,0.4636668207431138,0.3788757542307917,-0.6214558346962407,-0.3123846709794488,-0.0950313371510004
1.089932640488857,0.3429620658039161,0.0083326727704578,1.3444131738443097,-0.5041018553164017,0.3937529163493215,0.9332882271249264,-0.8138348241108767,-0.693880476319744,-1.216065574544998,-1.034486184223048,-1.4007005857317607,-1.633598282773674,-1.5915632825812132,1.0458218357430504,0.4561848732690236,-0.8273562525469652,-1.3858064794865874,-1.0958468885089176,1.6231442259835889,-1.2299177245417636
0.2932772805166445,0.9474997175104274,0.3384750197765585,0.7169512812998105,0.5562895982635638,-0.1907914447457897,1.6101162283883497,-1.049323505232528,-0.6371184894368658,1.6734730644461508,0.7174315035779272,0.275540874230515,-0.1373189352089956,1.566782104664166,-1.3710920815688572,-0.0063593219342827,0.9634903054893842,1.3014040735969967,-0.037780360233023,-0.3785274404552774,-0.6557005471521798
0.0911010178600635,-1.5567380154596149,1.5929003422775718,1.3080532193540504,1.1220162574481414,-0.8563876306929935,-1.5464540295643754,0.7046931523423228,1.414336674178416,1.117560693164786,-1.3644871037347333,-1.1194748734812312,-0.954710219952168,0.5336047280482102,0.4563230973449428,0.1256867741416772,0.9786650244266948,-0.1897414975495681,1.5976180560576343,1.2689112462160523,1.9800194636166688
-1.0444402660468175,0.0099870219677965,-1.2814340363542611,-1.5402259839046697,0.573831569171398,0.9701079845578964,-1.2094233469211122,1.4861911243185566,-0.5404340587496672,0.0809104705524155,1.1823782342618163,0.0106233019797346,-0.9885173966422892,-0.9220389842789845,1.6338196362707336,-0.4758763738878009,0.5972359545797776,0.70485459332277,1.379717369077891,-1.5580031586532828,-0.8301347245896578
-0.4608981678304352,-0.9470806495732292,0.733209993468797,-0.117314577809171,-0.9739441640015932,1.4072687684730123,-1.274840535575423,1.0822952657729754,-1.0327061859599125,1.5122303281637577,0.7387727494017363,1.31550636507527,-1.5915275615485212,-1.321559744165665,-0.6176891986044927,0.8760838026238049,1.763876477275617,-0.4169663892326877,0.6759679435289178,1.345564843191363,0.141223096306893
-0.9481703549858718,-0.6578744499676696,1.4388516615445637,0.1248019951467105,1.6531335800160227,1.2432173599785588,1.437999293147002,1.7912205469270637,-0.2603358803204872,1.0062279507584608,-0.4538268151423143,-0.6905107771284735,-1.0740046034454562,1.1461957810685477,1.681398139439914,0.6989034041076885,-0.2256536560060018,0.0227469752125618,-0.2797124034113006,-1.6727632998123685,1.2027285584751513
1.6301443292287985,-1.0621196057482256,-1.605183948689556,0.4109223694246472,-0.7182489314076479,0.6039423736802462,0.0743687962142181,-0.9573992537029208,0.6673006043977076,-0.9559069350021336,0.4595876884531232,1.7093900470633006,1.3059928696903431,-1.3251585868519966,-1.6467319261826363,-1.621664523473182,-1.342876356462205,-0.1400220211001057,-0.9346462911500464,-0.9971938872628088,-1.3029103737735404
0.3802311118034304,-0.0541961832087967,-0.7173343584855671,1.4162244306738798,-0.0227092088431061,-0.1997287808236331,0.4584444551546492,1.3680825757294657,1.4273915165262183,0.5094052204057058,-0.1084612226882154,-1.446463872094444,-1.0194359166364233,-1.4143440887876408,-0.564531271225133,0.1724409332935846,-0.5880779311431195,0.8525948272315039,-0.2884332105447569,-0.9077419097704402,-1.675853788163009
1.672034741483022,-0.3096189640640019,1.346216555580471,-1.70187571191768,-1.6419868486071378,-1.3389728440206403,-0.936414967061328,1.1618833221814888,1.1851567901790607,-0.6901373943147738,-1.036775585403303,0.2462206399823268,0.0934665386440852,0.5355086589350235,-1.2440717335125295,0.4731838268796614,-0.0451642199647245,-0.4379072389137802,0.527686392339786,-1.6429483221932484,0.5380647817390548
0.0468684885679509,1.1257198833667708,0.6883391114419846,-0.2493811582784242,0.7365555968247699,-1.5027101425942495,0.2043480364892017,1.13131324326806,0.6548058515466956,0.4949034895301614,-0.9391891302983728,0.845776797089928,0.9771444235417794,-0.652391175069567,1.0804962688957047,-0.8828890677601624,-0.6899377335137029,0.977414924582242,-1.3277728773899844,-0.0055912203159258,1.103262942531464
-1.4017345947392157,0.1490684144311722,-1.570932431095559,-1.3798149417821408,0.8887606685693041,1.3420424443315588,-1.744143230601256,1.4511660517207414,-1.0736154689635695,-1.0462829816370331,1.2443681959614483,0.0983172066861901,1.4503091874082554,-0.0806067052194587,-0.5332658976848786,1.1670040879498842,-0.9930855425679586,0.6400652039596922,-1.7037364546128686,-0.4617653572220215,-0.4834089355797565
0.2760411657237408,1.42179045327923,-1.4864291798465998,1.5958688603160618,0.798744994397215,1.387405931670461,-0.3782325662707525,1.3311581424831034,0.3400837900343653,-1.02384668692665,-1.4947255926801175,-0.0159031024930555,1.0170047666609323,1.3698754575207874,1.4285997682269862,1.5347942678938111,0.1584578474238407,1.006697997755958,0.145238000791028,-1.1677474016777505,-0.8988029134830415
-0.3328321442122505,-0.706483381059031,-0.5637535992524444,1.6153736322213914,-0.8876344445211883,-0.5777963381527418,-0.7044916153637335,0.2849284738033429,-0.3361713318048148,1.6831148889969056,-1.5594688477315577,-0.4838487274216275,1.7091212715240969,0.772397062550935,-0.1342953109135666,1.503668368230723,-0.6316890162661022,1.6701766810315566,1.6014561629686703,-0.179686493816162,0.6611720124183617
1.7426519800082798,0.8360795630636381,-1.783106250319065,-0.9615409595338392,-1.426245441211845,-1.587937014006852,0.7963042662773212,0.6632357554391732,-0.7067049967235317,-1.0631479450021604,-1.0990436110191095,0.348032079445604,-0.4160248044752324,0.4127366428806612,-0.8621019713777212,-0.3658005126865887,0.213071040420035,-1.7011013604320424,-0.570969606881786,0.348182257043037,-1.8438798159416965
-0.3605602602408644,-0.0156621424373123,0.6627254290436111,0.2652678584070626,-0.6989866958060159,0.2698945908007194,0.3985101414210594,-1.1156136719597982,-0.6412401382045985,-0.4543370651605078,1.1868237902910008,-0.1272217702485826,-0.3950440635102514,-0.7009114484029447,-1.5717453452513022,-0.0580851764850116,0.9169856900942644,-1.219128133513449,1.0174284702378562,-0.9552125576236632,-0.1688167344003771
1.4408550801198212,-0.8160561394957849,-0.1328088211949254,0.3107597563054979,-0.0271388137442254,-0.9587530037650692,0.1085276855069033,1.4017488019409892,-0.668221128110114,-0.0289118305515613,1.5041765038544717,-0.4626804391428356,0.5268655744739477,-1.3983206828913244,-1.1830168366095255,1.7268807065903466,1.4450017777500956,1.4482310031367391,-0.8016023991213078,1.5856278486953483,-1.1028338923717418
-1.534087102719681,0.9860705266331952,1.2053287146793688,1.18298876104368,-0.8797983078080934,-0.6041857970053853,-1.080865062667208,-0.0745945190986052,-0.6111743481577114,0.0057084508373359,1.2105804263945867,-0.9592386980380578,-0.4567984757610189,-0.0761302274520336,-0.3021734005455728,1.637819527489376,-0.2086770151293392,0.2910026287139118,0.4795661678094531,0.1323981792957929,0.5956681029609521
-1.6756784830244036,0.7959629966604607,-1.744229535168938,-1.240343386358157,1.3862424728979466,0.0455802600888579,-0.9349653361397664,-0.4753405165472113,0.5009752090556211,1.2062714471895295,-1.0049938421604323,-1.5513466531520692,-1.728314444320502,-1.256472861225327,0.4533409235836456,0.4894252911039935,-0.0298747676588129,-0.954502420643187,-1.4713225429605623,-0.5242317734702275,-1.5980257878067785
-0.1772202545406916,-0.8885847081245943,0.632110589412751,-1.6586260564250992,-0.9538917101495182,0.0388362129130254,1.0341777971976889,-1.0303717133692138,0.708679733576429,0.4041412142524825,0.2375023482421573,0.4992157620234007,1.623868510887969,1.4935767017714414,1.1482842197020335,0.8871339278697334,1.02848349545093,-0.888517933363807,0.4476082589644001,1.663827367061231,1.3937820504589111
-1.4694524095330213,0.9727896195113578,-1.4270574400920966,-1.444229511419263,-0.1291363073096936,-0.8763888549374221,0.4085599908802658,1.2084638200811884,-0.2733630622211673,0.9550015926188256,-1.1964181127436206,0.4336254300069139,0.7668077784277345,-1.5369151851760994,-1.499778223558225,0.0299020866823285,-0.6105511223688321,1.0422162710201028,0.2082699346994848,0.1278429131837749,-2.027868988406412
1.3103958329465326,-1.3915569430797778,1.6324938004707603,1.3400368264187732,1.0020559029606213,1.1646498765779218,0.0178902594691247,0.4911084722715371,-1.6099360473176716,-0.6579019874643063,-1.7112889022240088,0.962214266582443,0.6976369536703106,0.8128226925936002,-1.681887054789231,-0.6511849692917265,0.7322487500318116,-0.3240442889659399,0.449541016258877,-1.6312218919949315,1.1432440996128532
1.003042472984742,0.4600613669060829,1.566741122637091,-1.676971414280037,1.2238821047110622,-0.7101690505520297,-1.1653759682430598,0.7735692324758537,-1.1130015298088756,0.489450286874547,1.034596208233166,-1.0185378910617915,-1.6757522084789764,1.2956169552974712,0.8844091347735081,-0.187364741560386,0.5459646997163983,-0.4757990676578826,-1.1806576313996515,0.0675985109791001,1.6301397412318337
-0.6083636399214302,-0.2666862690951078,-1.554272307121965,-1.6503274340801313,-0.5702443136126534,-1.3283226103887382,-1.2866360096608982,-1.374134001220184,-0.046322598076468,-0.4244959603647223,-0.0838744773288137,1.549188586587581,0.5180077487105693,0.6493411608036616,-0.5726172185848872,-0.5734169010443552,0.9269377925307694,-1.4282629823442012,-1.6516138649635783,-0.3112366980490576,0.5460126196333055
-1.5094234288323187,1.2599414211177853,0.1570478347500813,1.488947188962193,-1.409597648687761,0.6951573435526115,0.0568946585247359,-1.1875752509972806,1.7700029174921477,0.8184954133780457,1.2684883708872357,0.6750153484898732,0.7195772969745176,0.8886997777474109,-1.4907843228706978,0.0144267171746585,-1.3371411624707823,-1.2407061714341974,0.5679879083713212,-0.8838079383933538,1.0909198984719048
-0.7496738919163594,-0.9257955528954084,-0.3612905833808985,1.0076464972147454,1.195858712686948,1.3439101123702164,-0.9256535600457312,-0.8766875293463268,-1.0944978921427526,-1.6553585549232082,-0.0263839586849057,-1.64487991604831,1.4140507125870547,-0.5978513931522289,0.7802589735969344,0.4843004185809215,0.588390130975792,-0.7908407151026691,-1.5479715031590175,1.1667787176178646,-0.6577260858431093
1.3269080800365811,-1.048489379654475,0.8563870422000697,-1.6890052259296713,0.0333208054861057,0.910598669230168,0.9841640243480132,0.4196119103135786,-1.1707687394183426,0.1666671103100112,0.3392110663370534,0.2647814484713533,-0.6280799233469999,1.6338186056433823,0.5750851878526622,-1.2621400527167532,-0.4845041553599067,-0.9157070636366188,1.1771087609580164,1.2224321432574945,1.8271947327101064
-0.9221363917760924,0.4327691686117337,0.7104267646760808,-1.716144703586712,-1.7293307775752214,0.2217131218613652,-0.842085233730249,-0.8540103141966033,-0.6737663954885659,-1.0473849096954089,-1.3227038110908076,-0.863333236828283,1.180230511979212,-1.4640060726119022,1.0211208654604855,-1.0338389009020414,-1.6786516244982306,0.2264471553293326,1.4457345282158045,0.0810055327409324,-0.2814228317240361
1.6136872452244777,-1.0250936832008932,0.2850038600458405,-1.125441070489996,1.5728324742294342,-0.675370594982467,-0.3811740852168426,-1.0312719308338163,0.8506977869150419,-0.549936677210264,1.1056889455640957,1.154577392547461,-1.3946610964571835,1.575379803653757,-1.209825702441801,1.0067550146313953,1.0802231862550586,-0.5426183035470182,0.8869847502082677,1.2842658399609144,1.0216497378740972
-0.7400210114080473,0.4476659853752869,1.536575928582522,0.8175761092296571,-0.3556464270861233,0.8597162725838758,1.3989813641355815,-0.1225891787839977,-1.5341954261047674,-1.6069610011819346,-1.1527220777658873,0.6816812506115698,-0.4632130409191409,-0.2129796383838712,-1.1061834296511872,-0.0616361106429555,-0.3731392476204633,-0.597576742019549,-1.4338456654131626,0.7753820126563842,0.5336149622544712
-1.2314247607748583,1.1381225462014817,0.512566676913999,1.146429401951092,0.7365883806813359,1.3582324274403277,-1.3176156861387691,0.5915939936640683,-0.7362349381609807,-1.6558065160478057,-0.8377239571916805,-0.8421242209687395,-1.4918331585073146,-0.2019730796950093,0.3070056074742523,0.3713117516603996,-0.1952902506251059,-1.118240158867252,-1.6010460492863852,0.5450127279784169,-0.0953588403631045
-1.231027659116564,-0.0691630210561134,-1.5893877111513386,1.021761666274406,-0.316007514742431,-0.4484974849138806,0.4434545832831878,0.6892682253700724,0.8249805857468746,0.7864206326533199,1.3847592423650965,0.7517702273373149,-1.3643776518635742,0.7729897492502018,0.3287017111126084,-0.1758238082144968,0.4833300718690173,0.2426536762665436,-1.663318082847416,1.2956291799324788,0.7132872793581726
1.128352727839304,-0.1856188130161599,1.1913805550651415,0.0241689285290033,-0.4563467779996621,0.7024275342954978,1.2044443762888366,0.4953504932976686,0.0644927829932099,-1.7481176998471697,-0.3467033706825325,1.1139143735662682,1.0184665186526591,-0.4479562668153189,-0.2473774120883401,-0.0062128428320581,0.610200114256264,-0.7115006056823995,-0.7100949693072723,0.6812179274291679,-0.4304092182099907
-0.3413149746413714,-0.6087899752120157,0.9904923917550796,0.2971969924716717,-1.5240782056241868,-0.299682032177988,0.609527597734764,0.2417117518483382,0.8221341505703873,0.9954580192545998,-1.1150411025264817,0.3184412135051048,0.5519581045127447,0.5912241785569642,1.3177948022634047,0.3626094275015905,1.6854410439864584,0.6354308771918251,-1.7410895426298365,0.9468139360734394,2.4786463370540197
1.284683769229287,1.1979228039957963,1.2232485912424762,1.3054577503882765,-0.6270156065641844,-0.4127362458724309,1.4512340804497543,-1.3976620308965535,0.6889880001109848,-1.3526824764979548,0.0717727234674532,1.1422384172095883,0.6655668565906209,0.8616314712741273,-1.3827424649225006,-0.4395022717520211,-0.0608646187969805,-1.3296285619730728,1.6573794929113896,0.2532803362963083,1.1968836009414556
-0.1319362509367453,-0.0737886934005914,0.930784857091197,0.4793292602527912,1.16246554171059,-0.7792453975240108,-1.1691558335007473,1.4204046259912375,-1.3765930925682268,-1.0113624958276943,1.131005885552099,0.5103857352016903,0.133804179239452,-1.3615943555800991,-0.9426656664422636,-1.403946992537498,-1.0256029652332672,-1.2368535321981462,-0.8755820193630475,-0.2681123206427219,-0.052379781324122
0.4979830573238877,1.5631083351907482,0.7884599611388237,-0.2570842262188241,-1.1328091234391635,-1.1455419580862336,-1.5313888126304798,0.6600231246165738,0.5234800851062417,-1.3228999701908415,-0.5156300962929729,-0.8365806039367256,-0.1840395020186855,-1.5247088291833035,0.907647929583535,-0.8039364068052725,-1.1736480527017814,-1.644633821012205,0.1350254623466507,-1.075778139552084,-1.2337404990514806
-1.5353892622107583,-0.206262024445014,1.4384934003987928,-0.0968482497759146,-1.6764872090259684,-1.226840973457322,0.0360557334326454,-1.1360457265993835,-1.240716526810158,-0.882071741025678,0.0591552781962699,0.6500610344797673,1.6175370445026078,-0.6820310729447305,0.9773168183136732,-0.1367781053975622,1.463075385802348,-0.6339877872592149,-0.4473885289581952,1.2210594353384738,0.2265084290671281
1.2524041356552686,-0.7087283124428286,-0.2751959581783956,0.3325611380972973,-0.8576103863368885,-1.3913316140615202,0.8771541629857794,0.3482334482000466,1.011697419241661,0.383687781472784,0.2577148650891485,1.1708834699590298,1.7236546462099305,-0.5880596840650311,1.108049093691263,-1.451893846625692,0.1803782878433307,-1.4486792793091583,-0.5986845001671006,-0.8525995898400072,-0.1845315602740755
0.8938472891635613,-1.1824896239040803,1.0581453907718568,-1.5373298582317834,-0.2736092857717984,-0.4562735262501922,-1.7051130176634786,1.5664301993442544,0.0517144634455561,-1.1500320440455882,-1.7409175627803235,-0.3646701524467698,1.539378079009676,1.6102394611292554,-0.2169974225975411,-0.570645747753213,-1.3089201229940937,1.1754506920466703,0.7892045212014209,-1.6126710757809253,0.3794234384986361
1.143478766595766,-1.1853698265062127,0.0454693027284049,0.3043437432935818,1.172096116747455,-1.5378702844710614,-0.2520160198224113,-0.2328105551346676,1.5514705510493243,-1.458077169707675,-0.0422999316523067,-1.599175617676556,0.3993339086241204,-1.589448474864902,-0.2958112183402603,-0.3944830472865988,-0.2392682780670127,-0.4519055642056521,0.8730880940612675,-0.8250548000552032,-1.1049886965552769
-0.2128734215681781,-1.6832344780774413,0.3697248843829512,1.6640480826313573,-0.0970293718982835,0.0791786592744835,-0.0565943579795554,1.4385392670478674,0.0235472901723898,-1.243699819167751,-0.4050569957700288,1.2891600962166183,1.0386632948240229,0.8614471104607058,0.4667055734366846,0.3240304618458872,0.4689966232042459,1.0291369108670982,0.6851671192983042,0.651066566645288,0.7054317357662019
-1.6165558346365612,-0.7624686011603862,-1.0528212862197803,1.51873458812927,-0.6966646946315667,0.6903574857872409,0.629087714911005,-1.6367539563183091,-0.7333791073085993,0.2831496532944821,-1.0877213467615796,0.2710920152702433,0.9265742985046016,0.6108917230083141,1.1327555507204132,1.295550558537642,-0.0774297033714883,0.67127910110785,0.7389316136410278,0.6267239958115168,-0.0916710025705461
0.4921407463616454,0.4337914588382418,1.0761898507299907,-1.410003484016242,-1.7256432047433328,-0.0346785010162562,-0.495006020592896,1.73669822298798,-0.0807945592442782,-1.1164998986720758,0.4737254849676639,-0.462815846078332,-0.8744307778233453,-1.533408763583176,-1.4151180417576656,-0.0086475541740069,-1.1058987560699305,1.293740564699142,1.455259119618843,-0.7391593079028198,0.4741046246336123
-1.4088470954212229,1.2684455557549483,-0.3942263460913283,1.5117226828505217,-1.3050978574475889,-0.0172762624458589,0.0292976602382019,0.2620229165639594,-0.17166406509289,-1.163675436163277,1.1360029462841466,1.4105995055513028,1.6495405502085647,-1.154768550287821,-1.2499041354110458,-0.8227822443921117,0.0378195917302675,-1.4236698460081667,-0.5143366809387513,-1.6596174406263986,-0.94166983915839
1.2817089748221568,-1.7029788388913152,0.185408099847117,0.9962627746860122,0.9833051883664954,-1.5701035198904143,-0.6154770796278408,-0.0646191052651477,1.446780888035174,-0.0714221166060977,0.4887618283516936,0.1182005768747075,-1.573704273451081,0.6088871468656086,1.5673538715982738,-1.6062523752547462,0.379808528463358,-1.3730886470437764,0.4378594895938129,-0.0024601260916784,0.7988560974730924
-1.4433133739334358,-0.0666501881559907,-1.686313268559924,-0.4867380762393045,-0.4727228690670863,0.1515111194996982,0.1216245182698397,-0.8741388019901116,1.795596882109247,-0.722786090088113,-1.064307784608114,-1.584754087159001,0.4422832865954425,-1.4707412019223378,1.089532152611887,0.9141465991812392,-0.9602076500158871,0.1933991741349082,1.3991670399484828,-0.4924015389253268,-2.329665251884377
0.5427912314647357,1.2446110431261153,1.338330844336624,-0.920959153615848,-1.4943414760700626,-0.884251651195326,0.7834492419314474,1.415531813188878,0.7564353443706137,0.816095180263846,0.5577694826218951,0.0372279367440849,-0.3674488807918468,0.4905503995079531,1.059238213425382,0.7980929405308947,0.5566541850454754,0.6565191898759646,0.7071236334181628,-1.459794715705091,1.4541652099228966
0.6749677906733079,0.8100556104551093,1.0259074247366464,-0.4874346169600245,0.5027680496870218,-0.7161507986850973,0.1001218721824276,-0.4695420192798638,0.4427613943989542,0.3795878457511851,-1.0761795655685829,1.0179958476736808,0.6603730876145347,-1.4699309071301871,0.7714941376268948,0.7369874865867481,-1.0381451783933695,-0.6529554897255394,-1.389209062890853,0.4567687199051014,0.6083619300103708
-0.7631266740617335,-0.7597370967413806,0.0527272344281278,0.8753217875575746,1.5568013606071045,0.7997659897094975,-1.3846368223787957,-0.1631397856487128,0.025367827442041,-1.0205020634652888,0.448866258245341,-0.4254987956052973,-0.0396355750882759,1.3405304435902436,-0.7850754657828876,0.8144674092099128,0.5723216535979101,0.3970107836107637,0.4568891908819991,1.556203080939912,-0.1226385270542699
-0.1790863967825257,0.9235697813484935,1.6678472447774937,-1.565877375019982,-0.4845421691279709,0.5835062322991355,-0.5721639363290134,0.6703598188737854,0.5089856974684832,0.9622265327713851,1.340092836616613,-0.5493909004653839,1.4629125737609197,1.6179698920458487,0.1116159695063062,1.1174341561730456,-0.5105885247791908,1.4600995547504003,0.6350706125054618,-0.3403557105021413,0.8200911488667103
-1.3758054710923246,-1.094817521292595,1.0757640995976874,-0.2975025520845265,-0.0688928096475043,1.1239675134010512,-1.1457434147460923,-0.5787014195599203,-0.856598415449689,0.381735281354952,1.4666809991099503,-0.3190605254407312,0.1463709676372828,1.5231431217499718,0.3893725273182383,-1.057729572727428,0.5757342454499702,0.6256290585024253,-1.6887699267523066,1.5099491423398104,1.9537943984417496
-1.1418944523599208,-0.4919190668182632,1.469508565311369,0.4077670481845593,0.561556890349473,-1.1062496871195209,-0.6155424393733074,-0.5629902643266949,0.5114004434363552,-0.6392710014377271,0.1368626805698926,-0.0683334712313785,0.5140041812144724,-1.1137066216056726,-0.3637371185897139,1.343931831427199,0.5124917723075053,0.1418493233071812,1.433504063567833,0.5224922211782664,0.812747171391085
0.0072001883555451,-0.6485370486783175,0.1598597729970754,-0.8266735517768817,-0.2245755908582924,1.70493330412219,1.5778450634610826,-0.0549640877297951,-0.2453769029916919,-1.7100908602816698,-1.222741364831098,-1.271051919828483,-0.1545317717350993,-1.0454250736602848,-0.5975060120099079,-0.9880868348119644,-1.1313761859705154,-0.5893883553316611,1.2022794473949283,-1.6490362050839291,-1.2710478382276873
0.1072637470528008,-1.2523377350044465,-1.0002500343561085,1.531158289864614,0.7411392160067721,-1.215593033730126,-0.537318620325656,1.3222810434980663,-0.2655206002442455,-0.3818100293097472,-1.705675830106817,-0.6846585410300251,1.2487201006333704,-1.2890060578991995,1.0254449783963124,0.0842400665192643,-0.4109269028078805,-1.4291849242300187,0.132944625345216,-0.9385995890472342,-2.220966175140332
-0.8779651232585209,0.1266583660621078,-1.7969110916165882,-1.780531136025688,-0.2473289861338681,-1.4438805536609642,-0.3488822624907441,1.140161413931182,-1.712821945924483,-0.2190478633288594,-0.1026837836808544,-0.235097587211551,0.6462076888558118,0.8330479380606999,-0.0899410559854452,-0.2192634462326124,0.6348854764076404,0.9874838423850892,-0.273256712230207,-1.2452819950155116,-0.2748586191945357
-1.0917132537350511,0.1617805408470282,-1.7966322544632367,-0.0725977364602388,-0.5982892915026796,-1.6531762584183898,-0.7728692138129541,-0.5414064816550457,-1.5119908894727547,0.8392506169165438,0.3419766428113193,-0.4399044357734894,-0.0420067434679775,0.5210074715904262,-1.573846005687648,-1.481488825066477,-0.8852426178503321,0.2285191516496814,1.5570195096775477,1.0869949546685584,0.6696046553444683
-1.6651193195470766,-1.7315411686429445,0.7397338410658532,0.3069487463344492,-1.356260768616422,1.5755147259883469,-1.681623104489504,1.5912949555938034,-0.1477677578487907,-1.2309247623591533,1.2365966661262031,-1.482200754234625,1.322818271033172,-1.0467031917544802,-0.1511920822928099,1.1542592615356326,-0.2924093023856026,-0.5411955134403532,1.6156579323247464,0.0639980263973795,-0.3139647335208578
0.6494961365305736,1.5906609655396369,-0.1387936465523507,1.2091723991218453,0.1199521308431839,1.1363376934196827,-0.1913037018254506,-1.5601199093464353,-1.426871174177406,0.3514925453325441,-0.8809955917305013,-0.764324524683782,-1.534661657884171,-0.602258581673062,1.425442396050282,0.5984568819155607,0.2598031334679317,-0.3526799972781546,0.4836571935371883,1.1522108480132915,0.0412835592504898
-0.9284916057876168,-0.3076177475678705,-0.3961319831925243,-0.2328832324768389,-0.9486771851705788,1.2194830638470824,-0.1841690542814593,-1.1179084925900304,-1.5478835531664692,1.0131777784338316,0.7047089625777136,-0.0187354771337273,-0.3305252346938913,-0.945695165298882,-1.5935374899106711,-0.7110136848703934,-0.3720379610840448,-1.3905764720077285,1.3965335517555015,0.4439539941116122,0.4969487309669447
0.4850688547552201,1.2303345981197238,-1.7190411354874704,-0.3595094748125396,1.5594525194491315,0.3739619806205243,-1.166627088506806,-0.0641712768684263,1.7261414713727183,-1.379757699011024,1.1009975384258996,0.731660451631636,-1.3685914094578104,0.9792131227688696,-1.3834713475517395,0.477681573503261,-0.767478063976131,0.907088006854669,1.1802252089996117,-0.280181006843376,-1.0544824250799196
0.2389092652948418,-0.9765736470956692,-0.3986899742680976,-0.2096313102893406,-0.4241798067065027,-1.3120009193069564,-1.415727539984312,-0.0766453036789353,0.1025498860994553,-0.2276213040088438,-0.6040575075919445,-0.4616610421064793,1.2116961888942928,-0.368931112669691,1.289892351750797,0.5558548195860712,-0.1689277795852638,-1.205435087861236,-1.002993900272523,0.021347900725147,0.024905508192151
0.077793015652658,-0.8375679205428518,-0.5435545599562124,-0.9876254871775736,0.6202362960366499,-0.2212473834961922,-0.0675469140555386,0.2760504934495521,0.3675019968696094,-1.175854071032725,-0.3605522923246639,-1.5496903072037365,-0.3280230654146082,0.2044235936235144,0.2024338767535331,-0.7765107925076156,-0.0876002251625315,1.3900959818229195,1.520369787004749,-1.540798176630417,-1.005644683052781
-1.564545597942576,-0.0933581071407411,1.4597508774322046,1.347744695315426,-0.7918117430173547,1.1079279742932566,-1.1799121443021638,1.4276769161414624,1.30569281928501,-1.3532194231279584,-0.0917208645182084,-1.0514244318529666,0.2053253858009903,0.6475839128530031,-1.465196498031473,1.3315206459821949,1.435611720127927,0.5297199598264425,-0.7885325157209906,1.2004986931121442,0.2110165607169968
1.378159941481547,-1.4300560258289043,0.6576931067135496,-1.3012104470827186,1.5785590733762127,1.204950924961432,-0.7964822486315699,-1.0215037533387366,-0.8863929841783851,1.6383652470293997,0.2784776126034128,-0.3113238673774525,-0.2643107065884941,-1.3450240860014364,-0.2589275644411837,1.0983554853726485,0.906547993859559,1.5918627483955408,-0.9100013805720768,1.1437822020278412,-0.5969743685836817
1.6146234657464549,1.307273363925729,-1.260856061001748,-0.1683581000843583,-0.576923858645384,-0.0835559260378935,0.1553843270722298,0.2773590964843709,1.5683436470959522,1.5030555729275126,0.6011081125033616,-0.313148447066512,-0.6869406114898307,-1.076356692929968,0.9722613731358086,-0.4670662065606437,-0.8871514808523142,-0.3548119175331536,-0.4629320127708557,-1.2391378319795758,-1.4270766500106906
-0.9710083528762552,0.5731828065277764,-0.5899537734384835,1.2992659056449936,0.5355641849126483,-0.8800229336017473,-0.7099647154026978,-1.4055649204906169,0.2394412369885169,0.512724128391833,-1.6113969484415172,-1.5572356757480166,-1.3940536141940614,-0.9468387895479096,0.6557165176535,0.6364831519583543,-0.7468619242914405,0.8229901683655925,-0.5395807532080352,1.207373915651853,-1.6216049858328767
-0.7896715293451022,1.1348307759721965,-1.6024192241821522,-1.4525185787429993,1.1966999854248663,0.1607157974460438,1.2313922292007633,0.347346170488799,1.500488096543842,-0.6868392687411456,-1.217334144710933,1.4373219196953968,-1.271298567790558,-1.3548189825420942,-1.1075221652263634,0.8959582754823753,0.1304127826881411,-1.1805844307444082,0.8194964932559988,-0.3929133124677998,-1.7078257060668622
-1.597003809905588,0.8022856477188042,0.0663339119645929,-1.2006816516522751,-1.1591851081293432,0.633119816950954,0.5634782829782089,-1.5666505951829692,-0.168412054959417,0.5275003831515752,-0.9199525934003028,1.6342434642051349,-1.708882613904924,0.0735665407133161,0.8792754623461925,-0.0166940346692483,1.5341501406903129,-0.309019070403394,0.4392395189550093,-0.4830753997986891,0.1367724121323955
-1.0749971227450557,-0.842896400423889,-0.2918177205734266,-0.7475297183233469,1.6229048338216774,1.5626718121537977,0.0386975451790308,-0.5308046453935495,-0.2071028953714414,0.6294186462396286,0.4096603666339877,1.194223983507413,0.4085462562696271,0.4856551622707577,-1.5934063436812689,1.212358477237459,0.6740098737472203,-1.678771762492453,1.230123838377886,0.7404778458151978,1.592032463901104
-0.1874233538907584,-0.0683902059999528,0.1187442747172004,0.9325362063887754,-0.8681755649571427,-0.7224687821313246,1.26573377444785,1.4175300431792213,-0.8155705436761004,0.0370772066969533,0.3750868443257473,-0.5592307953990698,-0.5941665132316412,0.7393055635316184,0.2237750699486991,0.3446576394959674,-1.6287359480319368,0.2059796784037432,0.9305256032109124,0.8810862772073158,0.5925745905997799
1.7195483433547945,-1.7313627095952768,0.5966667108860377,-0.5080275806373438,0.3871275708398355,-0.138400076984126,1.557521346814808,-1.3826281821335316,0.5478961918406087,0.7920734227804407,0.6986589694433536,0.242816429504167,-0.0237974754950497,0.4835270478510028,1.6584942003566434,-0.4410854238045461,-0.566443147882565,-0.698962216171895,-0.7610672769164787,-0.09986644140827,1.3119700395325653
-0.8284426133941518,1.2236533635113418,-0.0251796971034025,1.0370550523151651,0.7824869735739673,1.381016946133962,0.1844673747179731,1.3709199944445671,-1.5984536161251912,-0.8070918559483904,0.7332732657153241,0.4775054940389241,-0.8753635440640086,-0.5965827262107438,0.7028466737635304,1.4992124487530964,-0.0755669206539564,-1.5414369858208032,-0.937208538692187,0.4224395569259589,-0.3911494134417231
-1.6246813045831177,1.673413205569098,-1.305108534721032,1.1106105296233908,0.2390570338645518,-0.1254115145945079,-1.6871468437322763,-0.8730355453970211,1.5576570139813837,-0.3289715619861041,-0.4596769545643743,-1.2763490274171363,-1.548511845403833,-0.3796093413317761,0.0383834143015035,-0.3638978180969101,1.7648351584217177,1.6025335928572373,0.2102877724537628,0.3536587004538314,-1.2906194484300653
0.5429802934391995,1.3022177940590125,-0.7735079199996187,0.2539947625406387,0.6395826859806178,-0.7303769112835448,1.6547752261028237,-0.5405719163498202,-0.847782775963459,0.8434999144830478,0.10499245615288,-1.3961492019107924,-0.6057091251816534,-1.657356685498321,-1.53311615865654,-1.152932829603407,1.1785646905007037,1.2815769010996214,-1.5701821669953195,1.213250086917937,-1.5526483442596215
-0.425825936570854,-0.6171323106914215,0.5994120524226687,-0.2333248871659801,0.8234025850944277,0.5524032155958085,-0.5298527584496217,1.4189047062909386,-1.6856282481653977,1.6502618058896827,-0.1679626593639302,-0.0077169320922162,-0.9866316519198944,-1.3600413369030238,-1.530723110320803,0.7871998302024473,0.2456219589559533,1.5784270742650846,-0.4763642592995319,0.2728968702769753,-0.3091811015280741
-0.7230466271903785,-0.1556498558072063,0.2158383318613163,0.4255297331813012,0.6443970525224878,-1.2430209680802886,1.4507932045295138,-0.1868922939339955,-1.5924203192673003,0.3228023033026359,1.0023717139982544,0.6922075779947726,0.2189279645162691,-0.4085382155885507,0.2000966728597527,0.5184811949887517,-1.2405278181656656,1.2410970496664595,1.0073265928207398,-0.4758250091642055,0.6138282733286592
1.3902164879695431,-1.0304489246020263,-1.2254255610846871,0.5972390450476585,-0.3366121945376994,-0.6029905309111337,1.5920617965056838,0.7994696036594577,-0.0666734178296262,0.8382171801052396,-1.228035914445801,-0.6078799211442619,1.2220928344227957,-0.3387680910381321,-0.5358394405053655,0.1321275906104035,1.3604393506408172,1.560935795195495,-0.714930302765207,0.1393981890795977,-0.4960024465377204
0.9866093799310788,-0.4964434959868156,0.7150237667147473,1.5468338765128642,-0.7783139969772042,-0.5787805071127171,0.6975939131602622,-0.8559665979450833,1.7727951634156918,-0.161848056627673,1.0376329924837269,0.4387107074175924,-0.4926654533698753,1.6963749667879588,-0.0273317330031974,1.283977732904246,-1.6016595138364074,-1.182838700493277,1.0930254110911857,1.1530184956146543,1.3950873753707882
-0.8593939090111712,1.0130974788066522,0.091179172198912,-1.152585963436308,0.9498689183603792,-0.2167502422107109,-1.0202325822028049,0.0987725591220166,-1.279328979587054,-1.2084807710200374,-0.9663752814403817,0.6283671367170596,-1.002854147963971,-0.0965510699826837,-1.596905001026638,-1.0914454975438737,-1.256733553653283,-0.9094797064014188,1.5364497273174411,1.1858827566168175,0.5161510056628721
-1.6275795287908017,-0.1971974424807552,-1.7523824228691838,1.324679749492278,-1.5235796558997534,-0.0063760087714527,0.5792058229955853,1.4522709636961637,1.0404307072377863,0.8733799340247108,1.0066752118129951,0.7491277218663728,-1.1851746541644874,0.1895473693750705,-1.0521838863592394,-0.2699792338955375,1.6177682833710971,0.2183520497676446,-1.148145223072073,-0.2119664541374669,0.3080478764672956
-0.0433661461354871,0.0350828848129936,-0.3551874752983399,0.1718177752143453,0.1685126023718321,1.5922923997213607,0.138605941690161,-1.405904126126187,-1.3454520757993416,-1.763837776660517,0.414776553635947,-0.1150030818310521,0.2517040766320728,0.8800650047402087,0.1664468777531783,1.420891772037284,1.5326045139850708,-1.7099673671987097,-0.7219349440629024,-1.494372860254716,-1.397413476536916
-0.5744543303820917,0.4723538090463975,0.9583261261747232,1.6545825913532994,1.0970721260590433,-0.3784797239630769,-0.6092237223317025,-0.3212815996915535,-1.042482180702106,-1.1761474316573164,-1.5782207634989789,1.0731096199481296,1.6276045504320922,-0.8786448063209743,-0.8774634778687261,-0.8590131078626561,-0.2545541151407235,-0.2365759513801476,-0.3660107863840401,1.432382484884708,0.1651069371024404
1.3151229377206384,-0.297870898262543,0.5495882686245013,0.7062878118966454,-0.9977082119430624,-0.6913282170935005,-1.6188796637762397,-0.053615094903007,1.2241867616070143,-0.9203204137571424,0.6022869745394261,1.1217756777289751,0.6122271517771456,-1.2487313889998612,-0.0609051605599641,-1.1954497794247798,-1.667007285799839,0.4898157823824128,-1.498015160392262,0.9576207247327718,0.4483586802879946
-0.4792219339367903,-1.6484138382003133,-1.517607777638024,1.6588008550204598,-0.508810656077135,-1.5531819160779765,-1.192676561051405,-1.326918013006376,-0.9387490549283104,0.0544665145925977,-0.2901000984158624,-0.2141761364438827,0.2780258832354484,1.741207563644521,1.091643684698311,-0.1595492940331478,0.437373434204546,0.3509716811677583,0.7947435351325373,1.5325234076464531,0.0555663157561612
1.188110466258459,-0.0784370069949765,1.5485484871240711,-1.3656999055087766,1.2316436275841376,1.5876440686641318,1.6891810984603357,0.8222783421598013,0.8280915482525543,-0.2094967436223122,-0.3373619636852165,-0.5088061798992533,-1.659285778269782,-0.7415885598425198,0.3962803767338426,-0.8469991522902626,1.1491108899130982,0.093716308830851,0.4395105811642747,0.423133978745729,-0.01421450270129
-0.2106862739790012,-1.2806034152543888,-0.0559105216440126,-0.0111935408968958,0.219188617612346,1.5163187848594033,0.7102710973195199,1.4697465746045992,-1.1799985784608376,-0.6165060197664126,0.4967411108161557,-0.662336410824795,1.1604040499500283,-0.6156505431089594,-0.4597576443770108,1.0525694956270175,-1.6193050253306724,-1.0873516875101048,0.3817393292097901,1.7327185497413848,-0.9637974253766524
-0.5015297288734448,0.6346656354264023,-0.5298719949510758,-0.6408061342527536,0.6727186895983428,-0.4528198911341617,1.112817849249134,-0.646136324143336,-1.2176499894365167,0.7686218374746691,-1.1006326255058507,-0.7453264552144043,1.181332514199444,0.3199827878376581,-1.4846149156549615,-0.2252927769982504,0.5826775314462892,0.8557000484284046,0.7471662987637062,0.8503420470364517,0.0357778705058066
-0.5113169968524574,0.8123907023763748,-1.0687095205310375,0.074699187727685,1.5344114479447375,0.8505231708728201,1.6925570513957686,-0.9783105894408936,0.7552388072428737,1.5038246329244749,-0.5522469776396547,-0.8138005621388935,-1.521288987361622,1.225507006819167,1.005043214183957,-1.3540913482552104,-0.961860537910722,-1.1027316380166483,-0.7609541440668133,0.044488302390165,-0.4329705327211169
-0.3171030791810083,0.8294525206547607,0.8473190602513755,1.2158250657135443,-0.4806874972978932,0.2705393743460147,1.0864814176568205,-1.4739725740536436,-1.578345027154745,1.2786808302221078,0.2714446016684508,0.5909987180217228,-1.5221712756761163,-0.3971174570138895,-0.5430577887396544,0.4393234998029766,-1.502149031963784,1.5772689133700737,1.3177215614644266,0.7137129257457135,1.4161165417734165
-0.6402158121061712,1.1225476704850397,1.1333761776698963,-0.6392058100462797,-0.7743028469243858,-0.4417937505388989,0.3088432517409466,-1.2613889306710446,0.2578544144757319,0.7287613133133358,1.1993259130837504,-0.2422708586081938,0.7295767090746421,-1.3247569646452422,0.1691734099635572,0.6064306272885415,-0.3367621195214514,1.055330279971072,1.1997801300275406,-0.619616399983682,-0.121610809315376
-1.022677360525876,-0.9594533744720412,1.1804691388240336,0.8911549878381853,-1.1698525822285732,-1.0471482921226816,0.6799221954152872,-0.1651925435155168,-0.247385437762812,-1.0198832455251678,1.3530794845684135,1.0694931535748462,-1.0829769579230262,-0.3194403319977529,-0.6156362444995273,-0.4387605054952481,0.2563641600788896,-0.6389133542156891,-0.8791930150781481,-0.8786170779264698,0.3033874684469902
-1.3590829119085008,0.3622950930740086,1.066196066360824,1.023053158226268,-1.4010483273999526,-1.6973650186878264,0.4304225664830582,-1.0589578150795236,-0.9380883981621236,-1.3690009553450049,0.4471875224904185,-1.0891704521707373,0.2827194429284009,0.0547075735768137,-0.3588988982626811,-1.47338647882204,1.4903264963580938,-0.0450095899099759,1.3314824303028658,-0.1246494503201964,0.1907724486391838
0.0938971692836726,1.0577636960133272,0.4316589200706364,-0.3407768092518218,1.1575076382563017,-1.3142435748603547,-1.2249792225995486,-1.1472206425805926,-0.7232160063024791,-0.0629215614765025,0.0694840181836917,-1.318017434631094,0.9068149421722344,1.6826474024088722,1.0606362853192135,-0.429431188951754,-1.0192073675761784,0.3457407423012204,1.3207498728905975,-1.1174285229074303,1.55162577430782
-0.8398243055338264,0.1376314672000043,0.144888329945325,-1.1713277889263112,1.210805017430983,1.0047474120751876,1.2752655734352318,0.9930828904062878,0.4555502583058247,-0.5623725610206524,-1.0710676510680588,0.7026748869767285,-1.40791386045751,0.9842631781936012,-1.2383707300970013,-0.4023573075323585,1.4582680848083371,0.4911697512136451,0.1395038024690561,0.58685115116925,0.1105123100742031
-1.1675203532634952,0.8102194476880225,-0.8730663786773692,-1.7808228405879272,-1.2301850062681332,-0.8014315870458829,1.2313464715411735,-0.0898499484433444,-1.0297505651140948,-1.656835244318995,-1.2404416853837277,-0.7492790854995607,-0.2517582343806649,1.5521684195877008,-0.6037563591452437,-0.4270966583771254,0.9186079462703668,1.4506535277558406,0.3607435099944406,1.3065478551789342,-1.5939352726964762
-1.479789676139127,1.5786033541046012,-1.037645354019628,-1.465401898501132,1.2352980524112551,-0.0117618575006786,0.7755034865565525,-0.0918976599899316,-1.671371858641045,-1.2753818859147137,-1.560793212983123,1.1234696049038178,0.4005614084332872,-1.6098961108115195,0.4947451873285463,1.0925650330812728,-1.107458213144765,0.5659275904487505,-1.749087417783927,-1.4257610772564469,-1.1528896920758678
-1.409236958474751,-1.2138922781969557,0.0634850191871495,-0.5945618273079845,1.1342165774317166,0.914288341341997,-1.272586325908151,-0.244442875744563,-0.643576791856876,-0.470807911544237,1.1457228833651507,1.712077782636932,0.3790266588802823,0.0824677485323284,0.8804547975159778,-1.0044354826948172,0.7863600332380001,-0.2598719465279457,-1.3077540265194334,1.2721566167214549,0.4272660355119254
-0.0705640420881932,-1.4361638037008315,0.4122972748802547,-0.413075322015732,-0.5433570306807696,1.5939013173415524,-0.8883142760866723,0.6278615399997717,-0.3784835722647298,1.7021703695183472,-1.318940476620554,0.5027698915277352,0.3594278625587317,-0.6320327281105999,1.0699584477235058,1.1941438814966463,-0.5472582291166637,-0.8630602820549774,-1.2281008706819985,-1.1039408718310195,1.3672419747487017
-1.1221504971223035,1.1701239981675338,1.596817324390028,0.0970032016873126,0.9367744356909,0.5853780385900069,1.57542813999059,0.1499752497629058,-0.2487838489406684,0.2614791911207172,-0.8454725117607749,-0.5714363593362012,0.9740166604790618,-0.9677379673340462,1.2415515206065215,0.7380149534538386,0.5679373108343091,-1.2202270461500238,-0.8450083747753437,-1.5744036317714825,0.3218872594873835
1.2902967171713848,1.2986063558132352,-1.338385657877759,0.6661156695494097,0.8513351973107931,1.314523598484012,1.5856353517624058,1.796504585265562,-0.5865422915533233,1.3267907179699778,-1.140460765926023,0.3204971621008202,-0.5060604152844413,-0.6713489342004735,0.5374093556802861,1.4071750680709367,0.954976358761025,-0.9186895039555896,-1.1877515179273384,-0.4928063411809392,-0.5883478164337032
1.4850691932902045,1.1515925210720177,-0.3691427207838987,-1.5583911593777713,1.3700076655909077,-1.5167368914381547,-0.4751135131967546,0.4293238680783834,0.1291258550730046,0.986533621512027,-1.514802143084982,-0.5029697591569605,-0.9112340351313382,-0.1707262706101825,0.956368957318387,-0.3909853774798487,1.0500099340050837,0.2539477554085101,-1.1299936244914266,-0.0048447101460194,-0.2440148145769269
-1.4590905721794396,1.6111721645195294,0.6123892424467834,0.3235471128620147,-0.673290347904475,-0.818880573046724,1.2883022249650935,-1.5889723592717016,0.3130351484410941,0.87770285203372,-1.2428031771825574,-0.1655464196070364,0.3342130160416875,1.4129698212692825,1.3895941212085572,0.7968209069129375,0.437858101230347,0.6206580151879227,1.1408961051671684,-0.3805746371401352,0.3613588394715645
1.2418028250070288,-1.477435038868296,0.2483472112463954,0.4256507909582711,0.082862138067471,-1.637423712689846,0.9557378791820024,-0.9151662133021168,0.0714560950927739,0.1915415183684296,-0.9653264779335065,0.4061709306549161,0.0297084262493013,1.7014143094773344,0.1279215891260756,0.4419769061888696,-0.3285701744454866,0.6603611478049548,-1.2106574951490434,-1.632700961718757,1.1690245425546233
0.3926927681560705,-1.45696142480597,0.2640568006969366,-0.4594925301429307,-1.1779249040018227,1.2030286017917329,0.4606501555671329,0.9361275999616115,0.6010602492185965,1.6844041802189471,1.53079696138888,0.0165422635816431,1.465053147361456,0.8383766308190336,0.6803065326600578,1.7105258382515511,-0.7461592062786329,-1.2120659239771878,-1.146630149687497,1.4675689122661135,0.7688130505391655
1.29929106910354,-0.8952742926942145,0.8607739895109497,-1.3594587061437946,0.7342549565677019,0.5415638388282076,-0.0770897895304134,1.593277425964649,-0.2115755232009922,-1.704107850221361,-0.3150861844708204,-0.9373003581291248,-0.741514763512563,-0.211129741120612,0.038357238805026,0.9536933953670864,0.1665242958934996,-0.6325545495211434,0.150624881597524,0.9019552669861676,-0.7681033493591118
0.123131015676858,0.0052190346407803,-0.3367027993626892,-0.0744988753123157,0.6023398958325413,-0.7498800265523992,-1.491387596939327,-1.461028714684551,0.7558450469450547,-0.3927847644965067,0.7189106751902316,-0.7865856384587383,-0.1049297893447447,0.0371603366331029,-0.7722017452711486,0.9828575860882166,-1.5771636857354472,-0.3549771512426686,0.4986310072376568,-0.8675992365972396,-0.7937071733417006
1.5111909907490546,-0.3430996969247978,0.4871725135086233,-0.1366108445820585,0.6480978164269546,-0.9504483057040042,1.5300274622165029,-0.5540843605103561,1.3009148344679018,0.0767418436903381,1.3140556066312346,0.1232476027212814,-0.5970089549157506,1.0622889506584412,0.6474450810372886,0.6305036434748781,-0.2525197659768003,1.5824929847057914,0.021501188317176,0.8588530564466849,0.8390943316496356
0.1544506609231654,0.6631825249569115,-1.4549170532465685,0.1833854291973544,1.3616892183142582,-1.7182168592965028,0.972629301217818,-0.1671549809737662,0.9716286284018336,-1.01215433246256,-0.3237038738829256,-1.2365029600130637,1.8102723968997136,-0.3947157017765936,-0.4758931030352387,-1.13876247214491,-1.1147551827739874,1.590211641756773,1.274710954736263,1.1821275848028705,-1.2153510005885932
0.9772370117188384,-1.6137769812366836,-0.8745848768010699,-1.411311861806655,-1.3586991070230774,1.365448353437798,-1.7195553641739934,1.2960043437770237,1.163469264442594,0.44281622548772,1.5331688684206477,0.3420737623218285,-0.9427114916287974,1.1552139879844736,0.3075321769570598,1.686073979049235,0.2338053055812935,1.2048143427702207,1.086024354110259,-1.2851445263815762,0.7398780961299317
-0.9792553718232933,-1.0224865410764927,-1.163671542942507,-0.5881034798499405,-0.9045184245899832,0.933201571861508,1.4254875034781274,1.5070164115414248,0.005580225976211,0.3583569012744421,0.1209322784475215,1.5346543383663664,0.4519010056201716,-1.681930281099426,-0.3548768545015652,0.1824927723374118,-1.2344577467356548,-1.0956740222717176,-1.2337495930280669,0.3509810200594046,-1.1515342162248594
0.1395581171167835,1.3587350802264777,-0.4998344904811013,0.3612438148748507,0.92547299198799,-0.1473563023191128,0.2932646281940402,1.6055153606342043,0.4192063187166945,-0.2966200094416901,-0.9577313966493248,0.9120048250979468,0.6324108020111566,0.3541191464167758,0.6771130109215568,-1.5137972783079432,-0.8931659680867942,-1.682343634898548,0.2679901674586474,0.4187003434304059,0.605405291975012
0.9272295199794214,0.8219804238596027,0.407930668415987,0.5835727140098975,1.131998719313425,0.792126284464881,-1.2911164166666018,-0.7358123579539623,-1.1812251505652769,-1.0519579080424042,0.450559272934654,1.0610018012225402,-0.7052184865666905,1.3059177244573383,1.401139676043709,-0.2019319518239097,0.9008857023620224,1.132333352338602,-1.474006609401672,-0.1109960302366234,0.5610253238385505
1.5335400765082272,-1.5072260808405835,-1.7912844163169426,0.0467945229735758,-0.4340942708018,1.1621922755647405,1.0857203861632774,0.5993811534495119,1.3444524238455953,0.1502311467505932,-0.5603174194413658,-1.2864020093881838,1.3977135483685497,-1.4372574017838928,-0.759319792815726,1.513172066291751,1.581123523703549,0.3735451299718646,0.1041048873551435,1.7305989165801434,-2.286257218146192
-1.1646824754681628,1.4958293416330728,-0.1673054452140963,0.6682750619376904,0.6076314791100875,1.6808643820394291,-1.333582277149827,-0.7478534614866655,1.7513021712437482,1.2713815337804628,1.4185540519132769,1.425860134065085,0.6101538523767084,-0.4762650135240968,0.683505415172132,1.327621035131024,0.4331315988663423,-0.8678496679078508,0.1195592853996395,-0.832010889336489,0.7359822158307643
0.9422070608682052,-1.2270226214681106,-0.940605583650414,-1.255216717628132,1.4444536206584355,0.7723058919418082,0.3388501035836074,-0.4283397688827594,1.5032360364670596,0.6055099340621906,-0.5219428249426956,-0.8050312373387906,-1.0062511684113922,0.0914914202617068,-0.9142041451120584,-0.9710433489194502,-1.1492699278314686,1.456727177165935,-0.545336923027648,-0.92176182028633,-0.6247725635994414
1.4227644640717294,0.7749512472233191,-1.5417252818407272,-0.3536447744396393,-1.4768036361074033,0.0137157243505435,-1.4158115029449168,-0.8034329824487694,0.3358453251121365,-1.551839003813618,0.6530313427296075,1.3683027306766122,-0.5049328931827266,-0.2028356236802087,0.6670714870676785,0.1471619261437417,-0.4177075905546509,-0.1955599871734417,-0.5827475257346864,0.0272058122300456,-1.74647472179829
-0.3051462598890312,1.6671382932122345,1.3764320315615588,1.6577470818731082,-0.6429977311225411,-0.7610252227893659,0.3078001186319373,-0.6888481701079993,0.2896382610713346,0.6900655361258313,0.1508726788960832,0.8856881587623855,1.0846947654210508,0.9868506810039082,-0.3542028334292914,1.6615403820824022,0.3849911448537775,-0.8625800695209753,1.5258209660563389,-0.6465951043372461,2.2705743104693323
-1.3985396779048955,1.0462897307573416,-1.4140019173678366,1.2376964528635537,-1.4697796123689957,1.619297779229541,-0.7489427410127673,1.3314337750301075,1.2306560051041575,1.676467218953358,0.8650215402490239,0.5025246225876641,1.2847361763222676,-0.983794570169563,1.3540266227978075,-1.4113457414552637,-1.0101041058939393,0.5022384780416608,-0.9908984949518116,0.323296421727493,-0.2547686595337613
-0.8170428875240415,0.3308069187203237,-0.2525542423539275,-1.4860499759637995,-0.5146516679496941,-0.5765909601254684,0.7344242480985088,-1.6172217043863186,1.0622437938860454,0.1877946857485985,-1.5506361298147375,1.3656962524050928,1.3769083318783992,0.8293095938416983,0.8090924531442285,-1.3781636569757656,0.1216788681985916,0.9364289939212512,-0.8455415245338571,-0.4944426030264117,1.3091007400134098
-1.468908305312395,0.6699020793537083,-1.4134091783220717,1.284734486765904,-0.4470313810203445,0.3666933413340922,0.6460841721560454,0.5212354678797281,1.8038000935277136,0.4763267751440842,-0.8275076296745179,-1.0480365689518187,-1.3060699744769926,-0.7465988428481796,1.4247351494756593,1.12763221049864,1.4844857711504886,0.463251511460035,1.4582947871423733,-0.0667177100401305,-1.0101018748885409
-1.1316060941439663,-1.4499109145046822,-1.0061640743967974,-1.548911542686336,-0.2759970704552525,1.496759382741963,-0.19435365904137,1.676031187785416,-0.8677785822765248,0.9605966255944418,-0.6410917613960794,-1.5520575669801289,0.685378919434319,1.5037249510354476,-1.2024505835071575,0.0820189749396998,-1.057514376668962,-0.5794513637035136,-0.4405981370082466,0.356660195321151,-1.157745388910574
0.6099591781662063,-1.46469091572229,0.6795378022431362,-0.5982469708590745,-1.3583509802844935,0.4846009765965708,-0.0026847452730742,-0.6460744950926345,-1.1236034295582646,0.1025598009451785,1.0382633912238155,1.3126947606339807,-0.396111362857693,0.3591334147932041,-0.9799758262179112,-0.4400323928656389,-1.1679542496317823,0.7134914138643645,-1.4082617476555208,-1.4045864690643566,1.3807912415758778
1.241008228915316,-0.7361563876024776,-0.6989155539397427,0.3992939816804568,0.8973234862038474,-0.5429877650977842,0.4561913194222151,0.9888805807748648,0.8584410301616235,-1.386060747028253,0.9888998072914836,-1.4724915598078094,-1.4343098270591428,-0.2794568114437574,0.8851166096189753,1.0625767334716425,-0.2038886764288688,-0.7065804455859073,-0.8518327531852894,0.0253834915144622,-1.900956928698984
1.0298798080883298,1.6640324457474156,0.1925272027252562,-0.7041277136247162,-1.6612071720523442,-0.0931470877869832,-0.962178910568782,0.4682735916983719,0.7305961722838453,-1.0399338780906295,0.3117585280522904,0.5514364220936238,0.0162792311208605,1.40370767681319,0.8792244432980969,-0.8312806143433689,-0.4712675833346397,0.2253572829255525,0.6114373757473487,-0.7045310480199302,0.0729767614077439
-1.65162854491185,0.8799508883451824,-1.5530209635086332,-0.7382775007926194,0.2145522464095205,-0.5710405286531803,0.9299471632810344,-0.4680415348701458,-1.138115731574762,-1.6147999178774546,-1.302642446093539,-0.7567809990978774,-0.1483979597894547,-1.4917873378809852,-0.5104967299157089,1.5270012742709014,-1.6529117832595244,-0.8639691601863827,-0.5386162856289073,0.2381694385997885,-2.8215948349911057
-1.6026542091677178,0.6548720020741307,0.6605038641348888,0.3466343045916419,-1.1644076415053035,1.2072352286785508,-0.7494450868182283,-1.5323306846435365,-0.0703403566631318,-0.7090447519440467,0.7715066145426932,0.0187441168981627,-1.1789582374476206,0.7347432969198224,0.4575549699692328,-1.4203152036882094,1.7246225389539669,-0.4343624856860187,0.3744355073847718,1.551045091493133,0.0815998695582171
-0.4953153044504977,0.9038287537223596,0.9604123680751347,1.533337596791187,-1.287890466833409,0.4464252200590453,1.3217484460762918,0.1583043692964022,-1.3939289075261605,1.3547762875199174,-0.6157562177318714,-1.6967188795100998,-1.352229887946332,0.7089984872007866,1.221629691786633,-0.5061247869318558,1.28511013475773,1.0773079718179333,-1.2266007750814487,-0.1986763670838915,0.6751955873984113
-0.6718025684016848,0.8426153426598546,-0.3607899151420014,-0.9410617873977488,0.9089955188439278,0.8239455198918074,0.7611050140780979,-0.734620351017068,1.2545703405265527,0.279407898239114,-0.8743506314053282,-0.4683878247241008,1.3188708797700328,-0.2390167043412688,-1.0967975083504726,-0.7848492999359187,1.112513840305935,0.0954984453158011,0.4508911292025381,-1.4494176745246996,-0.322065394257992
1.1002048391625223,-0.9016142608549464,0.0164771427935794,-0.496732288867598,-0.6642244727106158,-0.9833489061018592,-0.7333701617761538,-1.426583883563476,0.1491662317978482,1.314331104611082,0.0990389849705965,0.247241937604819,-1.0716310479500093,0.3007721370374372,-0.5693867802703751,0.185429521395476,1.0070078806151748,0.7550550363273828,0.4321075706549317,-0.8905287045024529,1.3371669447627017
-0.3097972702398753,0.1272730654490524,-1.219355814719878,-0.6721962656066887,-0.5434305786066632,-0.1049452521828247,1.3113445928215364,1.6488762560944807,0.9863698913990828,-1.252667937776494,-1.5131198541128998,0.112865357378576,1.0686386304955655,0.7116113152035292,-0.7202811977491623,-0.8985965016408616,0.0829491686419278,1.4233538516459254,-1.3920838390501005,0.4670603349303676,-0.6480826553435037
-0.7488071843148982,0.7457019664344311,-0.650199797508092,-0.0848570560113514,-0.9099414855296138,-0.7672107354887782,1.5125532404744235,1.1252028838512629,0.5173183509714044,0.0908641130829224,1.0036076366281643,0.7820918034600874,-0.046882113975204,0.6651982583675662,1.0427287495707769,0.5400246421565933,0.5782437083109261,1.5604829228603965,1.4276973648872957,0.918672396048928,1.178287198125714
-0.6648950283066347,-0.5172301419349554,0.3846938825981068,-1.6785412848779668,0.4928151314255751,-1.6266638928076658,-0.0864611772639009,0.6418504277209048,1.437226728168326,0.7137546226555491,0.7101374441632212,-0.1803453257140848,-0.5714615072423285,1.3645424493669849,0.585432095074924,-1.3639453169737483,0.4792918312956092,-0.1487091903349706,0.9925189191307232,-0.381291544053228,0.7814917122966132
0.2656449074156869,-0.4286176916710876,-1.3632476589332512,-0.7063207433028266,-0.9629837300077292,-1.0502758143327775,0.499996122884312,-0.1740098930462667,-1.2886634734387603,0.811797754158002,0.8986844504643039,0.5647362769040518,1.5479855752363711,0.5129641875046439,-0.4362289655507771,-0.1951568076648308,-0.923062604685458,-1.089428037345456,-0.1715106848732371,0.2727931510411179,0.0517480508440179
1.5706852776172178,0.9666766565643672,1.0206781861473455,-1.4261734799677857,-1.2747345322903894,0.2458732557745549,-0.8917088083354512,1.028669196811111,-1.396674445968178,-0.0174646306061815,-1.5947914610022735,1.0503105949277405,-0.2415469375226517,-0.8813508312175491,1.6771397288257195,-0.2433848761068221,-0.7409372520064006,0.922091280576444,-1.5013737376184284,0.0074766840707621,1.0055494714998918
1.0725473557051557,1.4267618288321902,-1.1143863649770454,0.5640502488508403,1.6401770534926885,0.9516892766033914,0.9941138434998934,-0.7197812637363528,-1.4827068886830372,-0.2981875916598183,1.0646527232501124,-0.9801345374252356,0.4530233959194591,-1.0137620308012925,-0.6224813135298515,-0.9942030183961488,0.6778479522635231,-1.2882335605393358,0.6147176158093823,0.9828121289365944,-1.359086505893828
-0.0864710355220622,-0.7672696172452238,1.2541370258564688,1.5322809662257524,0.2920292019525592,0.664089153323927,-0.8045167761806888,-1.6093995716085383,1.2804161684210664,1.5115051786934912,-0.9186981157580622,0.6244452204418006,-1.7158283518367854,1.026094319960165,-1.729793525185221,-1.1550486309773065,1.5589319370365602,1.1737095803612736,-1.5325725386287337,-1.6009865706066613,1.562618438336215
-0.1233673172314969,-1.4682578711962275,-1.545774797638326,-1.39818990271209,-1.3917576277006425,0.733906740367262,-0.9804298251251644,1.55699092579188,1.4146127796944885,-1.0589670303707464,0.7928872143087227,-1.1505215319426312,-1.7271415570874515,0.9408672395210192,0.3737996301131072,-0.5715790052707433,-0.7338535378535441,-1.6611181415528462,-1.3930559059530716,1.01257848290396,-0.8450423588361023
-1.5899405328812508,1.1265724896486886,-1.132540936051065,0.1449466853666235,1.2598650046140598,0.3268103537008143,-0.928827496380948,0.2179213687566017,-1.4384280176172777,1.4756842972123658,-1.0119907696142072,-0.9441475488335672,-1.2545323882426322,-1.5163960269800258,1.267636254129571,1.6822924100615395,-1.4118693624358838,-1.7264272565309944,-0.8797174669953561,-0.2279428526736037,-1.0495995756725132
-0.6189994116238632,-0.1979669532289594,0.0327560628229844,-1.6792317619991597,1.204149419561266,0.0695497761983147,-0.3498570519372864,-1.383126055760459,-0.0255347327684674,-0.2818101470587457,-1.1636958380937952,0.8289384034162572,1.0833186472428844,1.3262302674251152,-0.6803036115430292,0.9650474900551554,-1.2494491835433694,0.8524452577827917,1.0979849579725702,-0.1457012985188378,0.7027714492234789
0.8943101455377055,-0.1147902971897489,0.8699846348043364,1.1017257304393155,-1.6838934721274088,1.061892796391251,-1.260191627154812,1.2002962446239305,0.6566701145197933,1.526436213104827,1.2246027830405222,0.7031213411478888,-1.0513854391707522,-0.7973108448987632,1.551006798930537,-0.7975302160700848,-1.5269934267824747,-0.0795755623622389,-0.3550382669842162,-1.3441712910196235,0.8629044567024797
0.8491809321295319,-1.0047322426058056,-0.3234012507855215,-1.161715489098572,0.4436603932764053,0.6216963427901514,0.8193171294137119,-0.4795823337096209,1.0483388639110145,-0.7381552725674041,1.5530071121697844,1.6679441337116032,0.9330316078849524,-0.6869737873544248,-0.5523009911474103,-1.628948114353532,-1.3854886689324954,-1.2844532412676346,0.8393100069426496,-1.0868779128826855,-0.5724961230270422
-1.6961441906055124,0.8407442831182205,-0.8129203508815023,-0.7255449315726233,-1.011896821055024,-0.8606552866539604,-0.0940347889348051,-0.8970166378564022,0.2616805647025315,-0.3655487571000024,1.3890320403046212,0.546517523288281,-1.404619788987603,-1.0874000119959404,-1.4253799897863662,1.4597699259395147,-1.1956048333157987,-1.029849151084119,-0.4971708766813245,-0.0633056920972006,-0.6837853138471814
0.6952024384186505,0.7731688813541466,0.0945486342159853,0.3351448091169373,-0.517501397358855,-1.5952817451186474,0.3600384023213216,1.3908062458606505,0.3102371788167128,-1.212908997654924,0.9643492165753108,0.2151475795009725,0.5715322218286408,-0.2375644338303161,-0.5168374705862525,-1.049898681824353,1.654053901477006,-0.9211777012856855,0.0041984125600194,0.4319453911313208,-0.3909425286492668
-1.2946030881151684,1.2764547344880142,0.2773707171207557,-1.0808850079061838,-0.0040565316803795,-0.2571430465612287,-0.4216833379693173,1.792350861032647,-0.5563335784578745,0.8601712233887139,1.3314928906645649,0.4388790509235228,-0.8076315021071354,0.1243424453042732,1.2856253350938298,-0.5065267886884908,0.531257420187544,-1.358119256400297,1.3962820512894227,-0.7006913618396059,1.3328459700814024
-1.2177491057123755,-1.7651255302680988,1.3231754804569007,0.1009830983842247,-1.3077019358957709,-0.721151117260493,0.0020658885037789,0.3607511104554659,1.07163225148439,-1.5669473881350275,0.7272340990469561,0.0329773090543965,-0.3815325055108785,-0.6355811715950466,-0.9407848041597412,0.6820280450827316,-1.623459693022982,0.8755092815698509,0.0276421344203321,-1.506798052025856,-0.6585050307667968
0.7456941758914332,0.3995708365398596,0.7773643598399714,0.6870540026531096,-0.3023104216079613,0.5008469927254141,-0.9882577620165348,0.3099877363622275,-0.8736152560062521,1.6654219746734629,0.0880221179088949,-1.2750295378841774,-0.5573981822943518,-0.2487890649526112,0.8497949351890477,-0.3430824071346217,-1.284216595167916,-0.7649197152290663,0.6779007942260178,-0.0819927131299089,0.7306597910613525
-0.700173198507999,-0.5797808329051114,-0.5257983040925828,0.8217506134623705,1.0577133649297328,0.5172761292444858,1.216880973717278,-1.2929980731236268,0.9042153243516295,-0.9843246768643305,-0.0819140127165539,-1.6937099501236277,1.1713334382872873,0.4097978983516896,-0.5407492244451474,0.07682924440637,-0.4120370062714942,-1.4534413138008495,-1.3396639381200874,1.5736182485958548,-0.9565186465548348
-1.0247971645458156,0.4003726598652881,-0.7562327158635765,-0.1805813141013288,-0.5552634276867645,-1.0534665079706065,-0.1482066489261359,-1.0860680619440557,-1.2145896592990058,1.1766735971452165,-1.006315890601566,-0.5336657164394182,-0.623688516027087,-1.6902898534715558,-1.7086134069916203,-1.170512983590987,-0.3253264931519658,1.0345625629726585,-0.2917821515696776,0.8030340439594441,-2.032032296366301
0.803877261491137,1.253439089275854,-1.5234759297118616,0.2981418175121117,0.7709019961175937,0.1571744468006146,-1.3394974687194483,0.6624096522327325,0.0835744139287869,0.946101637549272,0.1387444320604652,0.6339866971241988,0.0068726978688236,1.3722478137239025,-1.0130028616279485,1.4782735410437982,-1.0976063563195055,1.4864176300427687,1.537109030637332,-0.1427133813531562,0.516165701087738
-0.564117034023611,-0.7235728220657313,0.6959642621509369,0.0116489474981443,0.1547110749212618,-1.0732824898032396,1.3632574256447931,-0.9878413955834888,-0.616873661690709,-0.8920033162124978,-1.234363438069301,1.1082587972006048,-0.5012576986228326,-1.1919658464387977,1.5897784299317703,0.8254956136723042,-0.064120381680077,0.524021982677548,0.0187972212128097,-0.2742901403698721,-0.8040527008021887
-0.4206244802784873,1.4758694534198176,-1.4275184171034612,0.4679269688552613,-1.5504081103047571,1.2568030732354016,-1.054552336184425,0.3902645178640294,-1.0118788761297404,0.5497953417032652,1.047444013692783,1.153079140223148,1.537727720437321,-1.5964253508068604,-1.0114030906084606,1.726642872710702,1.6229153701146228,-1.057570274500607,-1.698703088705714,1.2035261321460091,-0.5359697701815568
-1.4537593536991034,-0.6540243173515402,-1.2221930160179966,0.6841526976742445,1.1359959305730845,-1.5555280466432129,1.4544090852035922,-0.3237504921944838,-0.1612335314992449,0.4183179292194911,0.6672028414705492,0.7572529289705832,1.635474629861893,-1.0689562445036291,-0.3756198559207631,-0.5799761205284466,-0.92398747897421,-0.0034532652715601,-0.1907914987992566,0.8589515844784877,-1.111997831194787
0.5138592926227638,-1.418528339018482,-1.5488011796151229,1.2130420317488255,-1.1579210770207269,-1.2454732645686952,1.2710152834304378,-0.8533365462738866,-0.4184358665147867,0.1181332633505254,-1.4541296170233409,1.170976432983287,-1.6622553127185362,0.1858660390909036,-1.7059401121859197,-0.009393596030286,0.492865694163183,1.642837021691593,1.488757936615874,-0.3121048514208469,0.514759509204979
-0.469681989236877,-1.135385500724297,-0.9352349517106976,-1.525202763562832,0.3662799542166776,-0.5863442438117525,-0.7316759381141583,-0.7684322711663282,-1.6280805383685002,0.4825120884211632,1.3181276625001184,-1.3153552285647108,-0.54518056988308,0.3895783936096126,1.4952390241733104,-0.3265179528909048,1.7772503587676332,0.1222901353937954,-1.7587144264313517,-1.4166867641738998,0.6620946028733891
1.6106442806239087,0.0983098834652238,-1.0161688054820592,0.2727770708037285,-1.7630735745942223,0.3144933353091713,1.5329983332725314,-0.8110552079144382,0.1630190647724217,-0.9315477552949786,1.3583748434057517,1.4443251175924563,-0.4980578851917877,-1.4545142358006649,-0.1522265871368896,-1.5853172644088012,-1.2353656332959035,0.2903259645715944,1.382416526356557,-0.1989120198057065,-0.8106932401790399
1.2743430810798215,1.288397361934789,1.6760139245318002,0.7047087519720037,1.2176235940922746,1.449179787212055,-0.7582294496629305,1.076367224156194,-1.5909270511874205,-0.1287186249219248,-0.912629685680078,0.8515734106339922,-0.2030484672822507,0.4770712434630195,0.9781879262248088,-0.7995224690997883,-0.4339727263953004,-0.5136169338549863,1.450646797915993,0.9748784331836048,2.5026823022214546
0.5151017317267067,0.4181981043945693,1.6832006075013637,-1.7707710575159374,-0.8121855260562373,1.5856070955220378,0.6670957559270201,-1.5571963060304652,-1.3319315635069422,0.1242936241622505,-0.3317170812471394,0.7148803270098342,-1.125145084697493,-1.0070702710413133,0.9590477378485434,-0.8355791123134246,0.9806428043975376,0.8096963505859951,-1.4350325563442312,-1.3115021635903226,1.6437089008849428
-0.5559019333912073,-0.0958711274266059,-1.462428060760277,-0.7674601286399487,-1.3545117215798133,0.15021861565567,1.3882533399378765,-1.2838717931713286,1.1831422656407966,1.545368990184868,1.1986790165647268,-0.549534614318136,0.7629344730458256,-0.4143391799016093,0.0576179262639334,-1.6321015707476447,0.9666956042404756,-0.4023804180582813,-1.138060977519537,-1.2937404823076946,-0.7883125667640952
-1.6867719967704111,-1.5263962881733553,1.0467888370659375,-0.1042577640124357,-1.6617010267875034,0.3340677928969344,-0.9498723273734372,-0.368077403660221,0.9594439795143508,0.0124806225735529,0.5271688180804777,-1.2698646870061845,0.5440415279723048,-1.0941141786931186,-0.079239095235436,-0.2671556930347785,0.5407726627535758,0.2654430980089813,-0.1949481448827927,1.1482007455269747,-0.5947328776468952
1.0848515874878657,0.4421466757121032,0.0292200159353228,-1.5720000398395657,0.1534677756733669,-1.6409466247888296,0.8764882847829532,0.4491138667891604,-0.0337088298815771,-0.7666630122854914,-0.6584919600941959,1.7481162731473885,-0.7352070382454045,-1.5525783616737323,0.6213313041752337,1.3987803010874535,-1.5558216363990351,0.2438425011541688,0.6329349885911928,-0.3707522088766565,-0.2868706642579217
0.837015081262228,1.4147797736401189,0.1755392979425399,-0.3787437641386902,-0.8186183066825663,-0.2142114006811842,-0.8578385695214843,0.9357972448443048,-0.7432649162762585,1.6770991617378863,-0.4902097451683908,0.8409815262381094,1.6323728289307509,1.5042676118572664,-0.2088981870443865,-0.1672353409461936,-1.5204506322059137,-0.4301813084325869,1.3267461102606442,1.5584961093872716,0.14088814027276
0.1247644659099102,0.870959414774728,0.5841630756014837,0.7295752942667598,-0.2361723659404458,-0.878047441331013,-1.4119979706350387,1.4951241025388808,-0.8856585547987346,-0.396933122540793,-0.1257699961559292,-1.0492870880074572,1.483130029053363,-0.6900268645849994,0.2570965163706989,-0.6637583917179596,1.3959980446262,0.4986400602176331,0.4169657037470122,-0.1685798274973945,-0.5697802703341066
-0.1518239549010354,-1.0453290336956869,-1.5144143264964334,-0.3908882602185912,-0.8728373860015489,0.2964111953652556,-1.739958516089191,1.0184064056953877,0.3319148435403464,0.9298913371396572,-0.9168858764049886,0.908934848481782,1.6924008674709383,-0.9019228901662686,-0.23719364855607,0.1389389431195641,0.7942599664591967,-1.4518218280712594,0.4517240470257832,1.0848541625698052,-0.4413302946027744
0.170831240427675,1.6681806953110792,-1.138710715340148,-0.6844455196812413,-1.1981652426167917,0.8568069010790664,-0.1804400513358495,0.1588495931849913,-0.1002999719305125,-0.6071891706039472,-0.9607256501218556,-0.5312408216068027,-0.6668615403306729,-0.1658591364169137,-1.3727856337744304,-0.452590492695815,0.659868465995241,1.5247121970826902,0.0373935339604053,1.4885966168633695,-1.0763176508110452
1.553090265933306,0.5963594927569811,0.5703040617764588,0.3888918836912339,-0.4583743965917822,-0.1561557206303138,0.3418619722075802,-0.3614365854452739,-0.3498455591582884,0.2526249100531196,0.8779018578462663,0.5540823715517484,1.0451090161373489,1.729376458474284,1.3133330719973857,1.6915488873862836,-0.4334554392266415,-1.161505347839732,0.3649210967945276,-0.6900140466462754,1.305444501104355
0.1981686743833845,0.9667271425848494,1.5860531046097726,-0.8853327386829634,-0.1903191649557016,-0.8769034823675486,0.9750924168909954,-0.4742021392158912,-0.0579137560627746,-1.43554708392064,0.0848021991196242,-1.1597119517814467,1.1544140509045249,0.1719675933130784,0.8572352377136447,1.60538843195867,-0.3805429574142778,-0.3936807469169546,0.2842942999332477,-0.5554847443045509,-0.2388587111019502
-0.0550798179043197,0.8004832264908534,0.7786304792103143,-0.2930015722914016,-0.8004025603911713,1.4165158035092666,1.5262221610348776,-1.2917695792037809,1.3068773692026363,-0.2725781867616811,1.110671930587892,-0.2063963387978717,1.2522646556434784,0.1833786231633077,0.1632338539005932,0.6808505265465797,-0.7059246623489602,0.7887870378197308,0.2877149614350316,-0.3365412650191779,0.4412741592468175
0.6142983755665725,-0.5016260895759541,1.1184894424711764,0.8916310167565191,0.4870248976337237,0.203570448878861,-0.7364883551258886,-0.1877296337996113,0.6953653532469538,-1.352473085285608,-0.5401355788157044,0.6050176180771047,0.2681218366750265,0.6899669221700994,0.5899925300848322,-0.0842627104978199,-0.401572999019335,-0.3311600627824212,0.8160480138801531,1.3943612889715034,0.5740683424142662
-1.3012978013293426,1.550276993280861,-1.2490469405104925,-1.4943443341389877,0.3716818725028977,0.6709750271669169,1.6728482049484068,-1.3623915476490964,-0.1402871657872862,1.2880693198526871,0.9053463087291757,1.3000218051943535,0.1170307769354975,0.3873163173651827,-0.90793456100598,1.467641780653047,0.6045490873338502,-0.5783585623398839,-1.7495061253004804,-0.8688006984938298,1.4069588806377622
0.4754984126939739,1.1605990656707907,-0.7222352067286788,-1.618885548166754,0.7457289226174474,-1.4696511262873453,0.8633137687240358,1.2794123304929153,0.2244830634982256,0.947868054690924,-0.3770527382848473,-0.4523019258850005,0.7430811693601018,0.1372367758278117,-0.7216506954973277,1.5873401933575817,0.4645455528413742,0.4178649477412054,-1.5610984508586023,-0.2603509698336131,0.678904405709422
0.463860721171559,-1.5603616484144134,0.92680959059623,-1.0923164865935333,0.9022480446960468,0.522929478255818,0.6041556188599779,-1.5137039005105366,-1.0001303264911052,1.149160526623367,-0.5312007562397182,-0.2493086300223694,1.7287085288741322,-1.2930132610530016,-0.3997940670787019,0.6482551932900555,-1.2480506458299163,0.6356192832670438,-0.8656399662105299,-1.1412872624707373,-0.3398067790028584
-1.4700487711569017,0.1996724581683145,1.4151783450082187,1.630133403795205,0.6497441314323638,-0.2873596595530736,-0.876332245248393,-1.1258054690828652,0.2226615226757415,1.3518612344205243,1.0221883305639028,1.1219457909383512,0.9777629585013596,-0.2160854937963419,0.7969857270011798,0.6972453136202653,-0.7927787831245577,0.0384147627062269,0.4527493123427608,-1.2538565494770442,1.685908530704973
1.3282421249705465,-0.3529471618027702,-0.0642639431761318,1.361655810841382,0.3916706516609934,-0.9986866087877312,0.7929359340163528,1.107393159276428,-0.2249937675411669,-0.2416078123868599,1.5029163964884735,-1.1171799249159946,0.6827129423266504,1.6589678602543323,1.3117779760785029,-0.8873220743770974,0.9959847750889064,-0.0170164024005159,0.3521084834839161,0.3265080529981245,0.1188574076816565
1.1138351232485104,0.7413650066833982,-1.544679893616466,-1.4387382133236168,0.1733712467017606,-1.6058468880599377,0.0766085257450928,-0.2804202488703088,0.7558511550915014,1.4590919800595876,-0.2775429776069075,1.7165678211604147,-0.9760048208291516,0.6162758318322921,0.8927935095179915,0.967873852044724,0.239520799641498,-1.5050824650879733,0.3732720465859502,0.5945819162592783,0.1345510255726312
-1.3573129805510011,-0.1139267773664011,-0.1943331953680599,-0.8872460203923938,0.0075034874107861,1.1342726851103604,-1.179757088799808,0.3142857104273916,-1.4088529908396996,1.1097551526426284,-0.3242257171846358,-1.1845520293219989,1.6131651136127911,1.6721808165623375,-0.5978050198460924,-1.1776804968544683,-0.8610519632683628,-0.9436558616416794,-0.0865742102559761,0.5593015201370892,-0.6181149378676217
1.6186505749926157,1.6442147293535796,0.1362916871597922,-1.3943019621745192,-1.135359063860656,1.2694590902710128,-0.7319901289949032,-0.5152188081210384,-0.2121797252772837,1.1414025852165453,0.4204804112233414,-0.7905342750733108,1.4336015566452336,-0.1790283883476743,-1.2448439472513289,-0.0445729261175542,-1.600236271149979,-1.5358353517208507,0.0935491778271272,-1.1484747254780945,0.7633070345986743
-0.0866769183653331,1.285755360048394,1.3813457239225255,1.149986963854601,1.6214264968282504,-1.5832503745570714,0.8153808650849266,1.2339256098652631,-0.9159299220536868,-0.1251255771776743,0.0991503430044554,-0.8668504725378925,1.1054201393561651,-1.2467374275635843,-0.374539109019211,1.5058321915714026,0.3272816077197764,-0.8093161163191285,1.3131084810036058,-1.167254721373531,0.1377471199299542
0.9956998477967812,1.635922329999745,0.3898122594181289,-0.1294514357537413,1.5365031600177017,-0.2607856448478908,1.014513114400332,-0.9228179548165446,-0.9562321309002332,0.7406778549303091,1.4324232658292428,-1.0070772333346922,1.238691666475856,-1.1080146677319955,-0.9293337338870648,-1.1965115489928464,1.4132801277498137,1.0253770892766658,-0.8074109048536884,-0.859055010985943,-0.5375428596486916
-1.2353836868216763,-0.4899710962797466,1.6395754305444072,0.8527046157422722,-0.2062579903320799,0.3318313103555734,0.6348581390521255,1.0519930866824356,1.4908169242502096,-1.3159611080419045,-0.5412632834899536,-0.2362061319580989,-0.5072685778804754,-0.7755137551971271,-0.6374095006564011,-0.226651950945267,-0.4506437892794125,-0.1167491514745748,-1.2480909518883476,-0.2290708349979388,0.019559016014903
0.8308991453748623,0.6875185862074848,-0.6564135274605154,-1.3007950968939768,-0.2096890018532733,-1.2483525147239365,-1.2137774055785,-0.8294949398035135,1.3558327097037353,-0.7693590169165259,0.1608961272965132,-1.315150078220498,-1.124417323575501,1.600019629500146,-0.2056983243680815,1.572189859591027,-1.5906837095839486,-0.5133749250368385,0.4465573546248581,0.8005133478193486,-0.7140275899721323
-1.6664022074117508,-0.6648128734140946,1.3007700508788034,-1.0815599006600447,1.0287444822856775,0.4420245243150982,0.6720293305603244,0.2167105418124706,1.0325611667957215,-1.0541655805052776,-0.0501969804875202,-1.170184820350581,0.9579191195716824,-1.1312940174221522,0.0808748688613448,1.289668110419469,1.427849216153945,-1.404347806096627,0.8827950321225028,-1.2195370463206916,-0.5457995871754151
-0.5912059303647575,-0.5157731903189358,1.4811709077762465,-0.1300945507601763,-0.3850621606836159,-1.326880416639256,-0.0281132338876791,-0.6327680032533695,-1.2354628070918872,-1.648330900667723,1.4167401730084286,-0.6547005782863443,1.55685082078669,1.0724831873065916,-0.7194783669698013,-0.1464148135319154,-0.1530504046481311,0.5817744422170159,1.3756915611094316,1.3221849058056336,-0.1655231231556787
0.4108131843310159,1.362927078239858,-1.65726636197982,0.4139052722535711,0.0818633264630372,-0.4444540539632031,-1.1386864467151356,1.393370292499538,-1.42266388430212,-1.037824776417463,-1.2739913679357515,0.4596097668138251,-1.0098804307284892,0.4855423309940487,0.0028604325028174,1.5801189462831593,1.0795918682135075,-0.3556796329638179,1.0834278657163123,1.0144560734107313,-0.9249293381824611
1.4360032226621051,1.1957798894520557,1.6726150445598311,0.3477108627334861,-0.7061599927252948,1.6967849388432263,1.2447906057351408,0.2159786562640187,0.3445350057951917,-0.2722815900312522,-0.0596398977693499,1.5642535191068876,-1.1392225384025714,1.6627988113955798,-1.161430222267813,0.1466825587601953,-0.7833797199623087,0.8517761511805784,-0.0270600261090456,1.5689142976889774,1.515101939610442
0.8538752054330883,-0.5305875522520633,-0.469187401128999,0.0075125747097382,1.5790774349412735,1.4233658681201218,-0.2901229049029164,1.2720616179091242,-0.9866018862473686,0.4672839112175503,-1.17382608924513,-1.1899775612447017,-0.6076698076936029,-1.184144846532377,0.8859466149839986,-1.492490791034376,1.3389795384954877,-0.753645764887777,-1.309161495948735,0.6290692633869246,-1.3323778417841674
1.60037185234223,0.7772812390429736,0.9457024439303164,-0.7974406776824013,-0.627378803822642,0.6464632583681954,-1.6948601593298378,-0.5818477734410437,-1.259379270242237,0.6277954530238093,-0.9453179647078436,0.1328380100259348,-1.4278855667415036,1.5383363760043152,-0.3145010806349929,-0.597713270457647,1.0784003924064691,0.4424434095101611,0.8586064305950413,1.5176808052688069,1.1617586924970753
-0.22701201164551,0.618824479287506,-0.795078980798042,-1.590342579052476,-0.1691485373333648,-0.0148642006802518,-1.4265114431221853,1.0323476558274185,-1.3690936876441069,1.1960786766610525,-1.54324883152429,-0.8887683036393677,0.9540142420271274,-0.0076299202039585,0.788023254759516,0.5354948208415046,0.6256757929119836,-1.2980771314880812,0.5281884682117987,-0.3839764329496352,-0.5313419547697784
-0.7086669406005588,0.1863286698208955,-0.6325357474720291,-1.0841316171742312,1.3495802025034145,-1.5785539816889735,-1.0006356263333451,1.3938083413275155,-0.0193165808850498,0.2386625871421428,1.47609789391585,0.2560904718117265,1.1594675338606213,-0.5754124691271021,-1.214346575496417,-0.439161635584443,-0.8007789757161057,0.2195586866249717,-0.1756402896371018,1.0932097388065238,-0.8134823855862672
0.7330705479696219,1.6028342034838243,1.243790532301318,1.1972163551722936,-1.547135356445282,0.0131080540925395,1.0328821296011776,-1.0096888140971991,0.6374580756044441,-1.1970680581513713,1.3508565874840956,1.363268503726141,0.6687525934779452,-1.2055018055476432,-0.9645286857709028,-1.268001168134187,0.1750572034725675,-0.779933392086261,-0.4707309364651074,1.4229773511051371,-0.2650108561129978
0.9250073078943508,1.0629268637974305,-1.300461397201874,-0.3977232334261579,0.623651424419922,-1.0941417821456796,-0.3937660509811499,0.4575777647119924,-1.4546986602253271,-0.6629741814329623,1.2586048114713246,-0.5032597195743541,1.0975005127956194,-1.5546037780968882,0.1225589378454937,1.1646428062677363,0.3991258050232215,-0.6404492539478065,0.8374833045242938,-1.586465636905447,-2.049246172549239
1.4994818589127472,0.4966651065068077,-1.7584922085434114,0.8527540041904702,-0.6361937550294828,1.5154317412742295,0.9373996247182956,0.6471674796685116,-0.8818874596656764,0.4154208144768508,-1.33082639605371,0.2849043931152796,1.0273607757667589,1.735497621041752,-0.630330776591684,1.0289555751442463,-0.0743623534181332,-0.8166900767449199,0.7751793747628452,1.599166516113922,-0.300684856290907
-0.6083037764765521,-0.4499601005121005,1.0147300681028295,0.3673736460254019,-0.0772278731457022,-1.640847548903417,-1.6009658173264092,-0.1223139205990146,-0.1406237767589939,1.6049796389009194,-1.268777330370925,-0.4913348778573645,0.9394952314966593,0.6644071284694749,-0.2757020187841594,1.2263290036321206,-0.4803253686453486,-1.6115461993933555,1.4373733075389632,0.0411266424507737,1.3551095048954953
-1.5034996294120704,0.5149132631076822,-0.900497172809561,0.7328984983346021,0.1072278542300564,0.4008937738485485,-0.3148364930107466,0.3179141306291093,0.8463620830602477,-0.3492637618618591,-1.0923993146229676,-0.610848792883592,-1.6339320937736916,-1.2258215199535978,-0.8597026762063533,-0.6771299040799326,-1.6436510611048278,1.3330284234587333,-0.0089227537231351,0.2454547325757634,-1.525514124577153
0.6948099218670432,-0.7521076663296571,-0.6727154966703992,-0.1960167078197283,-1.5847624505430693,0.7506119445403429,0.6436305339750324,-0.7630891718670229,0.98346917083249,-0.9428147945029678,-0.1436041005439511,-0.2773267595510326,-0.1194318284108058,0.0001611588886964,0.9520821891645376,-1.3900965872110822,0.3939422390636071,0.6048708862245809,-1.4482007147095146,-1.5527016994091107,-0.3905974622093069
1.4016956291269174,0.6120494690186566,-0.5806665894657865,1.102485322696757,-0.3525680624625916,0.4640890193261335,0.0185669014577974,1.7415913732670445,-1.6953577605369472,-0.9544096558148036,0.6600074322248848,0.3952691845726455,-1.6353349959677672,1.7280431023376164,1.6470704103227094,-0.2954075740369868,1.3389821318060555,-0.5722312025021681,-0.7752984131557288,0.5673509356678363,0.1789849554998735
1.2929512620411054,1.239646208161362,0.8342477921244288,0.3198367542979517,-0.3402065278270508,-1.0764437320219642,0.2114804631382043,1.5557987529441244,-0.8064351456774504,0.5316532573695891,-0.0911106858729838,-0.9564817698870648,-0.7747734417212883,-0.763673725723012,0.5097788079639468,0.8560017474841216,0.2617164717990193,-0.1262314180839904,1.150910135257729,-1.2489253952109547,0.2645428556753076
1.643530653878153,-1.0230515365814108,0.7235652944116927,-0.6115235545139023,-0.8843441148616721,0.331414400646071,-1.0985563390220725,1.0580817775753526,-0.0640248813126636,-1.4522987404241765,-0.2549935798694752,-1.518040226653921,0.3246288074758439,0.230536018161337,0.7322453693446191,-0.8370077029878052,-1.540001116391362,0.2802149973403761,1.4270276944049634,-0.1848114366151864,0.0487261298141988
1.42315810430126,-0.2883359248118634,1.3732026275614686,-1.6546699165980163,0.3097196703123628,1.5294086343422135,-1.2525794096376683,-1.6351546320671149,-1.4571855284613746,1.0296119853687895,-1.595846553545431,0.4109374493523367,0.4183152524240003,1.1030002813637705,0.2138035136648304,-0.9425022561778604,-0.5250805711932421,-1.1432200480009238,-0.7336348539985911,1.2728211766939186,1.7069910447293375
0.4142549363883664,1.5832101174330218,-0.1996193060400646,-0.548273288529054,-1.2493887516840745,-0.933182091427162,1.2924045853145194,1.130724479443757,1.803939138389145,-0.6242082525722569,0.9983802638417628,-1.484671312575789,-0.3438646789854402,-1.0474664364221768,-1.033191192171656,1.23768679740082,0.961203569892542,-0.1769985896886013,1.3821268913091065,0.4548541433258901,-1.7704934580597989
1.521957287299022,0.9662476355007584,-1.3051816898415844,0.4452835115070725,-0.2838540688705788,1.0123083765358831,1.6301293121059903,-1.2700295607747498,-0.8265909235105092,-0.9960058685410872,-1.4439436827664625,-0.82948273576153,-1.1308740995734317,-0.749327905380681,0.0961611528178178,1.2879817432406282,-0.975710462515944,-0.8592539364085687,-0.7756442400359593,-1.543457533896849,-1.5445621680165151
1.1995726862696456,-0.453792116133523,-1.3560444218949277,1.3680026495452076,0.2583375493479035,-0.8490785228129146,0.8987792839381041,-0.8810833499599521,0.2637997776234606,1.2385289793772607,-1.05162129566032,-1.174443650649933,-0.6059714482042108,0.0276420175292854,-0.4913584416107904,1.1184246488744836,-1.092994840333253,-0.8443803006169927,-1.5309030661527692,-1.431211513619297,0.2970654263810775
0.0339474586915975,-0.820945739136113,0.7055560963020563,-0.6299874442370498,-0.3769038575691393,-0.4646950753217207,-0.0892560246051901,0.2743720438473379,-0.1858654750022547,0.770319553219072,0.6944707139098039,0.6243374951655195,1.2948071757092667,0.5760110068453133,0.2629695533013065,-1.2921912393005524,1.7661316317296494,0.1465806228508077,0.999375711594269,-0.8380966689164929,1.312518152455629
-0.8287014702148446,-0.9004610976112729,0.7694548722615109,0.4320840479204152,1.420175195546046,0.5967624999301243,1.3627309983706466,-0.0908887221329551,-0.5646495601662121,0.0609621430336577,-1.1028805885223347,1.647647312545281,-0.4731724879671216,-1.4298811788139552,1.435624941539032,-0.7303647806646186,-0.3744414775641482,-0.9251791201366522,1.5789602744321245,-1.424079752722884,0.5311754694372601
-0.261112149782235,-0.0975080189335377,0.048876072712777,-0.8276628792482094,0.029815200784115,0.6082533817862537,0.3617045768450636,0.7623973800102196,-0.5227853765107188,-0.1980824061239139,-1.545644444335499,-1.3068879966666411,-0.5918694234142712,0.716001457629398,-1.482979653289887,0.1792993781052644,-0.4726027880408682,-1.0340415372407687,0.9067643401513168,0.524224560730003,0.6324999416107376
-1.242315155912096,-1.3161639577117925,1.584572303783878,-0.4716645933367451,0.9651160774762336,0.617799848968203,0.1497352848703013,0.9258123217972156,-0.5759644518532229,-0.9151386365080094,-0.2631374193758628,1.7173994376412465,-1.292124802231246,0.0271512629225072,1.095660277981881,-0.6516243852844694,0.8583951615516823,0.2606299094651678,-1.760298163423674,1.5679110232558648,1.617587743579833
1.5271867624719138,1.2631474159206657,0.9839900406975256,-0.3298218233644736,-1.0313369809730046,-1.345254049287026,0.4833744738217887,1.7224102834120396,0.1589523311266193,0.9658847605067702,-1.2470003392404494,-1.1646460095890483,-0.0061873975574318,1.5056271357606967,-0.0417492844034613,-0.7498719686528986,0.763137996845642,1.1636328731561982,1.6690643898043531,0.5086321225687783,1.543139328576122
-0.3429368220414096,-0.5909343491958352,-0.8405184223877905,-1.3149296034486342,1.4624946528379987,1.270999220315087,-1.5208544229845204,0.7967934438424461,-0.5103960066412262,-1.1876309898995556,0.4640801876613146,0.9299335420507032,-1.3689004698112657,-0.3232757945169555,-0.3386601292964131,-0.3674334808362009,-0.9269632134013628,1.489466965800903,0.7166342232217978,1.570968254160232,-0.671358599319567
0.948797803929164,1.4937423037278943,1.1912331031920156,0.2400214263953634,-1.6233851911023738,0.0761014275398762,-0.5455197649292496,-0.385418732584928,0.4202421525425222,1.1397507048334037,1.264496821650068,-0.0417359817876982,-0.0762109552897212,-1.3040243950217627,0.8091170230757891,-0.8487775960773984,-0.4099985522640278,1.3183007504349256,-0.8194013001670071,0.9625922654170068,-0.246842985563088
1.5253866684936093,-0.9511040411877592,-1.2648942461811623,1.4692689466374522,-1.0196774089648122,1.4504915130724274,-1.4857429163560074,-1.1772412540467283,0.5578615622976911,0.4109958051221218,0.3099090871606615,-1.5863724605332563,-0.2486756898749475,0.9712223227700536,-1.2920006710403542,0.7347623273177467,1.7395362263949825,-0.5852118309630234,-1.128613384413818,-0.8406520166786807,-0.1288084119199581
0.6226063636017045,-0.5315068629010938,0.589387283836395,1.143577417418133,-1.178554120128348,-1.1312157779452865,-1.552332618423507,0.6984807851028368,-0.2980360931319931,0.1971599253844346,0.52192063715158,-1.0271031388696688,-1.3815406365665954,-1.3130803933903883,-0.8731156272488605,-0.7687761061906918,1.5627642410362996,-1.199101654208914,0.0824902092502617,1.6429420512782769,-1.5731083690759755
1.6807042080250787,-0.6504654049402868,-1.437291967720058,1.5190021818260886,0.6714843813071384,1.268576976389281,0.9714834605248585,-1.49427965663961,-0.6703169005982587,-0.0606036940186351,-0.478696313113666,-1.5726070625650568,-0.6244539559170506,0.0378582205597322,0.1359049955905085,0.2557231285701447,-1.6693096915679029,-0.1872363097999625,-1.7485402134364525,-0.6182201365835204,-0.0249426685610626
-0.9260273173243584,-0.185200603404554,1.6181120333402703,-1.625042711624256,1.393418166196701,1.4734928786617778,1.3699151465852857,0.5672218361362467,1.2017269985773458,-1.4563485269140817,0.5596447061333308,-1.1573365601048031,-0.2013486579342117,-1.1886114397964511,-0.1508490262493088,1.5608318370839336,0.5583546813262166,-0.173271061375803,0.2775097814536224,0.916544258090371,-0.7631962945395434
-1.348084258669464,0.3607953377767354,0.3767283865903589,-0.1112569813854906,-1.406560585880081,-0.3628861891013606,1.3742649217735805,0.4476077413212926,1.0643250483309066,0.1964283675788898,1.0641947800187617,-1.051213926697355,-0.3983942030609588,0.0751089930236709,1.635754294316668,0.1483769554171037,0.3911336332111592,1.2265811175124888,0.7856857546773428,0.2468276853346107,0.8745593177143245
-0.3505330961812137,-0.6889985680212303,0.7303780830700134,-1.4776772771996476,-1.666954828346991,-1.266287047454431,0.1474090962232316,-1.0249124219309087,-0.967272597749475,-1.4002136042988569,-1.458271936479566,-0.0573011662232158,0.9662898718366212,0.56606392619728,-0.794640092902673,-0.2887202265788982,1.5813118345262,-0.2050871832543565,0.4537788636962542,0.3148417590358049,-0.1990372654912249
1.5949231316789965,1.049660983837038,0.6191773012783801,-0.0878895655023705,1.5992867539811673,1.0497697883577937,0.4533022776690989,-1.101634159059505,-0.7153019725409797,0.1772082212308666,-0.9285931943502852,-0.7329141204029649,0.5532174067612928,0.0010022113045989,-0.5115168468121695,-0.0153508840679678,0.1868400783851591,0.5486553805990299,-0.5223329251075256,-0.5630635573487234,-0.3039170367108638
0.7188612013164006,-0.6185839048195443,-1.1943037844941735,1.691710057821335,-0.9947712084727988,0.1442269577496319,0.7509046595271861,-1.5408606097720297,0.1928292681955686,1.2776103190054464,-0.782129827054775,-1.1190143023550885,-0.3184968241669644,-1.3475786759524109,-0.580201593947918,-0.6917870920394475,-0.964903369423762,-0.202261518669255,-0.906652540348087,-0.3136143177325372,-1.694218176320087
0.2706679237555322,0.5805154353856381,0.8606389566920338,-1.3003551373807518,-1.2364052795221916,-0.6383746078509864,-1.5563677019344575,-0.8367569445529752,1.0558710261430844,-1.6080534088244671,-0.8122985987433764,1.319627502168184,0.411443215156314,-0.4180703620795091,-1.7132526662042198,0.8586241138417283,-1.130006802766501,0.7477135131875685,0.6043369601230402,1.5358777644057502,0.1846467701968694
-0.516546040868362,0.9247069057670692,-0.6066194139566432,-1.6011013900106148,0.9092564866525756,1.2252722398762033,1.23366344687385,0.8006150040014357,-1.4047887244908874,0.5368586654030518,-0.9205765482011689,0.7549530291839555,-1.082485887351604,-1.2834881106774494,0.970106201043074,-0.9643904130862316,1.6839975398802909,0.0916678875786889,0.2467145018824966,0.4829925452431671,-0.5822787807188916
0.1962109447990436,-1.5236654825775662,-0.352648207785551,0.6973336793639108,-1.151598973819368,1.643374595741353,-0.9064712834977944,1.1781264271456071,0.5611536143361765,0.6004444205450656,0.2293731340741314,-0.467870658640961,0.8036448141232497,-0.4677751486353068,0.0966538452476485,0.9550150373145816,-1.0210859618720918,-0.0423321124431804,1.0209516976832986,-0.8028794707804228,0.2914827161030763
0.013534608616429,0.0861858592907933,-0.7609132062727803,1.1127943888587293,-0.0165681917265879,1.7052031078654748,0.1349448829617067,0.3164538049908562,-1.6163652031979392,0.9912489067879688,-1.174925078209775,0.4481101969603977,1.3785238202958958,0.895235604389458,0.3113526655313353,-0.425617948852042,-0.1440231064236761,-1.392395958150005,0.7394124708933832,1.2963801256206702,0.6346275292272185
-1.4701015176629149,-0.9175311377028258,0.5351438160173648,0.3385333710224269,0.7134045020408554,0.0233139190376081,-0.5931515454140162,0.3846052511088604,0.1373029601125191,-1.3480733228987378,1.5389138902428785,-1.2323818324591187,-1.5964673134956542,0.9836049476896775,0.7281128467016339,1.1353278279165908,1.496658675589872,-1.251990491333976,-1.304653706156268,-0.6049900051295467,-0.024316179545267
0.5837368788140362,0.3303691591615725,0.7057895916621956,1.2455531378753748,-1.2705695846398692,0.1404194893930624,1.581537036887951,-0.420498647625379,-0.1077709415187473,-0.8402774842028105,1.3829486946492773,-1.6384818872965738,1.3139227958104984,0.3197444943899748,-0.3738567191017901,0.5485424073819845,-0.6286189598633796,-1.5630735374285647,0.176695556425275,0.2902872078521248,-0.6249391245599158
0.9639068696100446,1.4705267049375603,-0.5152445312103204,-0.9633647497645388,0.115095913895674,-1.0495510822015446,-1.2703157978086232,0.7579009605101695,-1.143121636145107,-1.0845238172539304,-1.408393747855549,-0.6724374327358642,-0.2929789905100416,1.179176723347937,-0.5724037170917178,-1.2725615271727155,-1.3516632976131242,-0.0223273488732406,0.2952414486506036,-1.3124935266914404,-0.909395469142982
-0.742598050067498,0.0333816789456633,-1.5405039236723763,0.9768909431608974,-0.2791444136316348,1.2775113682977732,0.2210424284221528,-0.6275091357860118,-0.0368238039066307,-0.9198386983616152,-0.4862719030594284,1.1744650608695228,1.3475459930955105,0.7207584862960987,-0.710487861473102,-1.5759090468926524,-1.2530132995681749,-0.1260789451918053,1.3571017263540233,-0.79083036492422,-0.609099175843344
-0.6980091106853145,1.2128454283892751,1.3923177087896537,-1.1066826541283734,1.111175222410722,0.3426449652474962,1.074435687177203,-0.7478832223539916,-0.6112808640804293,1.02969732296307,1.098353469527555,1.6767001330049214,0.8188946920023716,1.2355790850221051,1.3622655317913972,-0.2485758911587663,1.4841004785450291,-0.0287998615602052,-1.0367630227880529,0.445768276172065,1.6831284021608308
-0.5256989750923119,0.2391929112071308,-0.4454909459355937,-1.254947398959254,-0.5086127947505144,-1.0876380655030466,0.9157081538188792,-0.5951609169311244,-0.5542294141729874,1.4732471839551124,-1.7121800356752614,-0.2733465747792051,1.1147369124610578,0.0949761725609066,1.1514290120371304,-0.8502398005044332,0.4013801401858152,-1.1865135368866109,0.8397984162821457,-1.1428853992561052,0.9050582908805322
-1.7188611710907264,-0.2395500378789576,-0.8629747427279723,0.2236791512789147,0.2992783566740217,1.049494114922171,1.6471320622852712,-0.3420420499584251,1.138467641835197,-0.8987710375277734,-0.0354160524453104,1.0145694441699762,0.1348366276561975,1.4063562216049277,-1.1419577025500571,-1.5198468457766177,-0.0093526375914848,-0.8444674182985881,0.3116019349509847,-0.4719507128456747,0.081455823216538
1.3179833015044404,0.6178002626327372,0.5068713331096514,0.5536447970689455,-1.1505446795410632,-1.5561608915020106,-1.4443789006645256,0.0396064594428069,1.6997060544347526,-1.5915005699503413,-1.4725362667546753,0.2485516041994062,-1.2239845851235314,0.8785521150145167,-0.3619372921294017,-0.2347099542487291,1.065525454298754,-1.264244690014737,1.642746678731826,0.4050506052462334,0.2812014633738158
1.618208440696013,0.5556245046475311,0.404792768676577,-1.3849918250463489,1.1481029600188772,0.6745995331354909,-1.0122591922394857,-0.48153228205588,-0.1475471437589687,-0.0287775856729602,1.2796472722835222,0.4381236527179081,-1.0586576586261158,0.1420500516966477,1.5888251048258808,-1.2214236316404377,0.2650019249939782,0.0618000369315417,-0.620527063040284,-0.0718698388673444,-0.1891466138425373
-1.585237131832473,0.6982427357495652,1.4880801038669662,1.2692272723843747,-0.2316011991422613,0.4096186337550271,-0.426083409179094,0.5838022499183942,0.6413583803586014,1.5382532228920358,0.0854361044011772,-0.0328267804047108,-1.2849326554107068,-0.0670888255035796,-1.722967080087486,-1.5385898726562446,0.8333962125428391,-0.7340850461797828,-1.2665018766558975,-1.1323509201138815,1.866420660385247
0.0232944801550711,0.783814750934289,0.4387919296560563,1.0503177609833418,-1.6969030171004833,-0.2278323800560303,-1.3950150547697655,-0.2387889250838349,1.421557456181683,1.4704353864280062,-0.6344303339162711,1.7408094948180377,1.4388522706928506,1.261014116206629,-0.5224126804129142,-1.0912872648804952,-0.1272557742465105,-0.8185159948112081,1.586429612452671,1.0073559841857112,1.434511839176306
-1.61491567392412,0.8972006098319902,1.1639749405437805,1.06319434810949,-1.5718873765436112,-1.4941152865785272,1.5951879990513302,0.7272858061649898,1.5308923420935017,1.2635157995885185,0.1696852936298655,-0.945847162255918,1.2894544519733258,0.0048119059611063,-0.114486973980033,0.2891271611873593,-0.6260468533446194,0.8597940862053628,1.1148471538554028,-0.9241609672186282,1.4841570987661468
0.1031639909915936,1.6846399149742963,0.8689664556397326,1.03154597700764,-0.109409638325493,-0.298369379047494,-0.6277126511567966,0.917334406196606,0.8691016602259998,0.2488362329956827,1.2827846433520325,0.4895175631413123,-0.2183434879223048,0.2576974858547988,-1.695780776435747,0.2396249437345685,0.9114114540180538,-0.6484797452682627,-0.6211081838884916,-0.4617376304624713,0.6263213042204558
1.1946190580271236,1.483420980479728,-1.4521850247060908,-0.9166850143006992,0.1178529005660371,1.2039503456125968,0.7195344917606594,-0.7618298634232039,-0.1791660282880572,-1.147265490541428,-0.5082277941999085,-0.8943173774921593,-0.4944608186200917,-0.4499344272389969,0.3539735977215593,0.5162620331022278,-0.2661869867953972,-1.373067222677743,-1.3783886590626564,0.0465748099905992,-1.494982352666559
0.858182623683587,-1.5425508616511685,0.5555197585625247,1.1548493373577249,1.141646775230191,-1.6364906385198508,0.4915142365855952,-0.7858102817908625,0.299862886618544,1.5056086186733624,0.7763803568086503,-1.0604333631517548,-0.251779462638519,0.2354337116452297,1.28152820112145,0.9871252263245996,-1.5984942480094444,1.5192097375031306,1.654103127538498,-0.6942512798517906,1.731649122489198
-0.5527093690288993,-0.8745163153918548,0.9849197690075616,-0.6798651400820577,-1.321813210458135,0.2505455813495353,-0.7737300810172169,0.812999971922754,-1.6315436647198192,0.7062109721969002,-0.2733890000811154,-1.583163657785726,1.253226781487932,0.3971074858624854,1.4024404149932783,0.91929165803775,1.3486783339135215,0.9087533267974408,-1.2842578083797365,-1.068358208456025,1.2652636321720667
-1.5985834887685997,0.7848756639744268,0.052878478699618,-0.0634400339174167,1.6789085796005918,-0.0696397762360466,-0.8785736581490249,0.1998472282258457,0.9069667533258006,-0.6768798911308761,1.0668511600210482,1.1313205234152115,0.1776144281232101,0.9636308573957636,1.3917130806865672,0.3756875849666074,-0.7986067984050301,0.8236336531125974,0.7238890275348142,-0.4375125323870651,1.1487079375623872
-1.12952748578791,0.1754963585904161,-0.2481717934690147,1.5867018197838203,0.7230156659345713,1.507323853005191,0.5409315060188834,-1.1913959777788887,-1.259065450731802,0.5775301077885184,-0.0918144905358002,-1.513149988053391,-0.451542790276931,-1.537165920376677,-1.427550390005582,-0.7104862667954674,0.7708366347860751,0.3403485666566884,1.012853636947611,0.0726174876393794,-1.1032909959941353
-0.6351253665663182,-0.0358910172091258,1.0919393911122492,1.0646308146069068,-0.2300654280054793,0.9567929635225836,1.1218619503389204,-0.2588460481752355,0.7402821917977742,-1.6510642324271083,-1.7339530369240057,-0.6758329380250835,-0.3415889342530664,-1.003292741517677,-1.197987953431795,0.0927605372322628,-1.2134722765476336,0.1346229636260536,-0.9536840875983108,0.7875288352999789,-0.4294779633031066
-1.2983048070874403,0.2883054332249773,0.955196363366142,0.1207144141198264,-0.478991914732891,-0.5721720561033842,0.0132268909308632,-1.1926982679185214,-0.4912147706682597,0.568712900081924,-0.781299273323054,0.7532881796802956,0.4883020550986866,-1.5785337673998507,-1.7181453088495964,-0.1650365075564367,-1.2198882905305128,0.1809557781331797,1.161038880672259,0.4842303020899612,-0.0106451139704874
1.073207973509889,1.663214471666751,-0.5053455679362661,0.0873246564529878,-0.5573883829623727,-0.2532830105571064,-1.2779744707846858,-0.6945907776939622,1.2486875882766058,-0.3259953506851147,-1.6869098698621696,1.5687283646980006,0.309882427691617,-1.6413396418082828,-1.5929909337749977,0.3445846395079996,-0.5287696251701106,-1.475296707334884,-0.0028320017251377,0.7641820055827037,-1.2969008238628796
-0.777064519780839,-1.0079455354884916,-1.2261828586438597,-1.4605854904289606,1.604343538750117,-1.7027332107142696,-1.228251674562074,-1.0949426965650275,-0.148420640303679,-1.7199114884754112,1.4217001784839671,0.5529104685829034,-1.2602619027813142,1.4149817697355678,-0.0292436061934946,0.244647275849486,0.26574921280499,1.188213280208284,1.2636626185004884,-0.264330446568729,-1.4694550283594083
1.0246704789137793,-1.3204730533451872,0.5728729896523527,1.598476012247683,0.0117506929577337,0.1287939348868598,-1.0238312276640915,-0.8859867645195363,0.7583162266188732,-1.7355247266286766,-1.362369529233133,0.7895242114405526,0.8542946640808827,-0.9943042191751256,-0.2582671789438439,-0.4688375083387631,1.2110779055896193,-1.5801997572283524,-0.6716189831427329,-0.6797106327437843,-0.2205635983935493
-1.2337162050100394,-0.781237564896238,1.26790519292046,0.237494953706645,1.268841804835834,-0.8689200231445906,0.2658765207645022,-1.1651836666464024,0.9595611135364028,-0.9383746795490966,0.8227037985701193,-1.6523479384107571,-1.1711066026925987,-1.132154434157166,-1.6633350177586137,-0.2380121635711604,0.247869211516306,1.4739777181757532,1.610918492671855,0.3436676288848825,-0.2279313591640065
-0.7997297870162481,-1.28209557899147,0.5165240255553575,-1.7083948520204275,0.5004775596242733,1.4178624793466383,-1.4357970186509748,-1.2414209289053122,-0.7298169722897657,1.0430833714704757,0.9815246338710174,1.175245675554073,-1.721714516766935,-1.5512611057024956,-0.7435336715413863,0.4341701378683274,-0.6839090223586829,0.4294023707143549,0.3318689868840733,-1.2784229990450455,-0.6413873584374942
-1.306248955313979,1.6852702449142314,-0.5045683814890297,-1.3164644148746556,0.3025085419502408,-0.7322546830632827,-0.6042674341674608,0.9288189493587476,0.4290749955993821,-1.4500936046492328,-0.3818861485857656,-0.4347459459549825,0.4174604124040105,1.4081649071932285,0.5350780970852713,1.0898408961453816,-0.0920939246415853,-0.9485729186251592,1.180386208069063,-1.2201392115329228,-0.6064418713134879
-1.4276935197618936,-0.3105172762929593,-0.8471436849693097,1.5500541694269283,-0.412232553353698,0.893743484239306,-0.8124403805413247,0.4713927078808446,0.3916081229493017,0.3878158366747128,-1.0964983007486924,-1.5196604977201515,-0.2946596849700585,1.1338016799472677,-0.119722531249632,-1.612470662114305,0.9684952848096572,0.688879971603789,-0.0794186371615846,0.9962540786549444,-0.4569105547019925
-0.8431399919301039,0.0472674898529146,-0.606224098740221,0.3164951668440591,0.1601720301090275,-0.8627688114004225,-0.2540984556766482,1.6549153787421906,1.423611267711702,1.514671863865793,-0.4402100647733319,0.5798721594081658,-0.4766534500615026,-0.5441525969429205,1.6018778330325028,-1.1834035835572758,-0.9374772317095,-1.184868625949843,1.2633597751385135,0.5807885285139701,0.2810433255387496
-1.230481303274707,0.8375863001854648,-1.6159579299836315,-0.49873823779658,1.3725359450903878,0.0570447942462336,1.3944111724965265,1.02467393306985,0.980719217481531,0.1974128680338611,-0.2925715330306849,0.2691437751738575,1.549167015515308,-0.3566185600049599,-1.5465217578043229,-0.4593989391008378,-0.2467250160455543,1.573634158003835,-1.645585094684087,0.7558462000674753,-0.3777994410131627
-0.3321708193164481,-1.491144521199237,1.036698574393978,-0.0443245413968329,1.0741693003299522,-1.3884652969171778,0.3638299103108192,-0.2400551856081322,0.3320899695415357,0.3797694076898797,-0.7747703956598079,1.5857246926516329,1.4065983731119522,-1.1371375414948148,-0.5375291754875933,1.2218872577358968,0.291549286189896,1.1664431799244477,0.6347798555784222,1.769900581881434,0.6527542075568413
-0.9213180181939986,-1.255598921527639,1.4914388438619002,0.6592529011787475,-0.7397118288563028,-0.8128239764427135,-1.0397352756682852,-1.477491372959497,1.5280613953598494,-0.8936653744562715,-0.1086161424186237,1.0315771495699328,-1.5713633038191506,0.5158631377732813,-0.0403631670587238,0.357440722140313,-1.2823032381351804,-1.5596811477478545,-0.7921135695563609,1.657666929517678,0.4832859106298692
1.2194701503146537,-1.4940371962727834,-0.0512885175190896,-0.0540948105785719,0.2814216637261281,-0.6869604283151336,-1.3926091465373391,0.1897410269417772,1.47665713133557,1.642336754216953,0.807495052214655,-0.1130045123790677,1.4657799123603177,1.1785941723419044,-1.0919399965312588,-1.6028978721581189,-1.321617681352862,-0.1640998625829225,-0.90179433216165,-0.5030889021743518,-0.8309199347000383
1.4912834220509947,-0.8288113280809908,-0.0093693878654,0.9355742227788328,-0.4679149819438487,0.4916419872763522,1.313311273732479,1.3387824812828708,-0.5367801842926588,-1.5461566491006142,-1.51613598181912,1.3380318317331807,-0.0512303060126161,-0.8219506177884703,-0.0063491280299509,0.688332256945245,0.7417064392963284,0.9957419321983988,-1.6627046691910514,0.1689970850004761,-0.0401233177170972
0.9543552730779667,-1.6093969158059769,1.171345824991702,0.4123907501277691,-1.2541344795276868,1.6468372393852402,-0.5402753994939777,-1.5246173768649096,-0.8089142476682866,1.4610983447289836,1.4608376711388855,-1.6317501164852786,1.6000009945910607,-0.7450317752329028,-1.668544774126704,-0.0329817428025815,0.3601585608009407,-0.7386110205338218,0.0180525458491259,1.5444845712095527,0.3032214737380566
-1.1096321193682972,1.0907297166042833,-1.1267019858261549,0.6272512482988962,1.4858634541938076,-1.4064150528159904,1.2957214715773255,-1.292884319154069,1.2715769455674757,-1.1215362296680536,-1.578859060227987,-0.0337425181311481,1.5444688390953694,-0.4083385512619621,-1.7466457061293168,-1.1758628142997167,0.6494715949662163,-0.9243376735662976,-1.517738071172889,1.5770583565545235,-0.8874418317228573
0.7343873546790768,1.153174252600023,0.605632424440714,0.8595232923981813,-1.1304592854019693,-1.1284145388361766,0.1115610140993955,-1.16873306389177,1.1095736013156718,-0.3191327795247562,-0.5797305672677687,1.0255715400634386,1.3389220023771224,-0.2543791596550726,0.4997544156360101,0.3178113574660237,-0.6972252869599733,0.7341146794113861,0.0922219978736686,0.9869567359531408,0.670657979863491
0.947533529264478,0.8105471835797081,-1.291525689810588,0.6018102984645882,-1.4390569597366714,1.6655335855749342,-0.1112745242929774,-1.069417031436474,1.7047539008547965,0.9572205568831068,0.8169285884398064,1.4684694085036003,-1.4301512648218144,-0.4382779835267251,-0.233734501978454,1.5516712617061843,-0.811343627258961,-1.113788002919341,0.036566638240977,-1.1537552585192985,-0.0754203029053628
0.226251025346314,-0.6569396286057357,-1.5013029081400964,-1.039954767073311,0.2683931117228206,0.6680966956453461,-1.1579705427883396,-1.1381114778246118,-0.8522670023804115,-1.5291037882710594,0.6353326514461687,0.0361355026461443,1.5821999776626765,0.3337732154697778,0.754586327307409,-1.4413077934108385,1.044743135161989,-0.5237067862076947,1.4259189912192451,-1.593980671382238,-1.194567080385512
0.5445795482630137,-0.8788200176068414,-1.3157727038062057,1.6639681751677655,1.172765330634655,0.5963307558918298,-0.7008158288646017,-0.5445096035273571,-0.59574685733338,0.2237381060765314,0.4820040468619423,0.0709948521253368,0.2826667603691862,0.1948682768407591,1.2534773905020733,-0.8542579844652306,1.6933242918842268,-0.8384690204957937,0.5087349460801839,0.696228139308346,-0.8602015219405601
0.8512618990838574,1.423795768568293,-0.0354434165209237,-0.9833187221058176,1.5136098782749297,-0.7610343436966506,-0.3567065439998703,0.8659409654664216,-0.0581727315071689,1.6853139112196494,-1.655546655450698,-0.3259404818522902,-0.5027186021233859,-0.3860122121357476,-0.165302729171893,-1.2984887294811285,-0.0189500011559117,-1.1287143722151185,0.3941540750598576,-1.2486182555115577,0.4412142566954638
0.9764644748967842,-1.1796924192792109,1.216572340669215,-0.2226282255132706,0.1892819845152636,0.0019990741651381,-0.893628729285555,1.183530486229207,1.3570930518100317,0.9631510910948092,-0.887078086623925,-0.6955696088399721,0.6583248982704951,-0.6865420923097647,-1.7052247499627011,1.6388783708215542,-1.272273414331124,0.1611145376448469,1.154592305986701,-1.4604888014766515,0.4886817190572486
-1.5614329419707496,0.412561064948365,0.1573511493740697,0.3511237409918925,0.0119081405855708,-1.5830835404758004,-1.1460607708381043,1.5502369038101365,1.0523100480260386,-0.8540687916913515,-1.0167377505296538,1.2928386102935705,1.5604504542466229,0.6422738987452798,0.8217039374076285,1.375033888881517,-0.2713251204517367,-0.612980304740842,-0.9656014966086034,-1.4548893302315211,0.198451689216102
-0.7440450872057097,0.856176420617182,-0.3974873961980029,0.7055079285138494,-1.0945097621335502,-1.523617576647884,-0.1467300470726819,0.1110122562395495,1.616868676275094,1.466331046496239,1.0502394364999703,-1.2506216643824697,-0.753435872973019,-0.7804403361057843,-0.2302907771021906,-1.141721439574871,-0.4402235404506629,0.9505811916614708,-0.5380891402748036,-1.2349557540893104,-0.2130990695171548
-1.5112955591940156,-0.5629975591555713,-0.3183786314253564,0.7193322860362367,0.858836917069787,0.2239079712695927,-1.033459763373611,0.4583728181471928,-1.1143035559239758,-0.2214551577425822,-1.609289833131529,-0.662384281280096,-0.2742111642730032,-1.4510394403340667,-0.7360222223495545,-1.579363114502493,-0.4621656400265049,1.5063795494079066,0.4087961144372041,1.2071634798266866,-1.7031318889773657
-1.131898600213887,0.170707157822906,-1.7738604394226325,0.6788759705831956,1.701922937735166,-1.4195628032012242,0.3183868091333008,-0.3812991221340869,-1.2731862388515196,-0.7524440812106504,-0.0539698891450914,-0.7917400732355515,1.3780514733579208,-0.3831797286768403,0.8614274046160565,-0.2031154712915074,1.06558167143694,0.8198988471992947,0.0312626501510556,1.3216778700690752,-1.9504779486864656
0.3440788954267628,0.0210968470551663,0.7504391864865109,-1.7877164883828032,-0.5749882640955752,0.8996053897316206,-1.0732708792253267,-1.399141684720851,-0.7071462277711684,1.612277015316819,0.7531772584616664,1.0509047945021388,0.4697949083503064,0.0612117386017001,-0.8776578563935548,0.5019104719901462,-1.422858150991694,-1.299435662401793,0.2709215179453105,1.7656182417009454,1.13306997977355
-0.2680063800066549,0.3474351788244291,1.2115440505406248,-1.7512620943150143,-0.0838024349686539,0.2853155016752539,-0.4718046321294439,-0.2896669761999411,-0.4668086066598692,-1.64340940786219,1.251524420039879,1.063331344374238,-1.433888209179523,0.219857010122325,0.6553440858261291,-0.2145341758759993,-0.5877915070644997,-1.1279896219727283,1.3972696549597885,-1.0468384206921235,0.5302451906462238
1.5587751808009864,-0.6301013509692533,-0.6698623868126271,-1.5299810563524905,1.3241358880399694,-0.4089671059847585,0.1633561604559748,-0.0675347237937722,0.217022705720991,1.3935090537600652,0.1777603533821762,-0.4078196616008948,-1.4828682977561845,1.5491510653364422,-1.4850133007669262,1.025720867477088,0.8904149254439628,0.6926247478351599,-1.6774270365005546,-0.5363484396750742,-0.3122004936473107
1.2817865322209532,-1.747529351483613,-0.7656619889182962,-1.3113620693918622,1.473764158298822,-0.5113890718705743,-1.0258602505880343,-0.01292482780015,1.7068071910905525,-1.5115928593662316,-0.6993405925923963,-0.5049635333138137,1.0669013625842754,0.790719378494994,0.0067521519956759,-1.389728203164201,0.1333313481326972,1.6276508323819032,0.5647428623169133,-0.2721370835107631,-1.65952568283713
1.5832552747503938,-0.6318627533908107,-1.505566679193546,-1.706689456561728,0.830905584567643,1.0405992967338191,0.6877591033059651,-1.082825807524389,-1.2760957635142849,0.4354250171247021,0.5238115940453252,-1.339140282542188,1.6522977114940591,1.727365697615345,-0.8276950553602572,0.5984769953719534,1.5067030821815457,1.472363193162608,-1.3109425460914204,1.66552057266496,-1.094446010855527
0.0731702214375927,0.6208836873981091,0.2514702941617784,1.2082931261489065,-1.1691811380015322,-1.580531439127857,0.1049200750195456,0.608842379609158,-0.5005905036834114,0.1733004563105981,0.2096279806501919,-1.485885129914948,1.2411463784721577,0.8592366638487974,0.0954495856763038,0.9562560164385387,-0.0359162680309855,-0.4789736442124743,0.3859330523984406,1.7470738407755655,-0.1039873778096041
0.1416648242508569,-1.2039409657966262,-0.400922544919535,-1.7074095497185997,1.0755591765299182,1.0715188686018575,-1.2963102862151847,0.2888498946275649,-0.1126785369011079,1.2838125269035252,-0.052646062254595,1.1222277292468583,-0.8070164548955645,0.6790500552056038,0.0820374314036905,-1.3724718770836262,-1.4864863025080608,0.6344948756956729,0.038760367065377,-0.4081948442888176,0.8780407305603138
1.0670069639915536,-0.0294463131686516,0.4287764256148421,-0.1726447553532696,-1.6055988167860713,-1.0442528778702342,0.4778353768244063,1.332560933225132,1.530150760748961,-0.5839661585150204,-1.1672631635605033,-0.1690686885287949,1.2052992026128844,0.7482461837254467,0.6070416979433509,1.609894825896914,-0.1071236004716437,0.9479685332183282,0.8157916568642598,-1.491439515787237,0.1859579421042724
1.330887137031396,-0.9230263230498348,1.4764102438257618,-1.6347082800242343,-0.2906993397407905,0.5176149828445096,1.6027503233657547,1.4055244864455565,-0.5107510789460719,0.5260124041876401,-0.7314063068148503,-0.9694991642880983,0.4943033351075147,1.2980623092518329,0.171123530920855,-0.9678085292699234,-0.4803151308060494,-1.3097952574585583,-0.2836403419865694,1.7279992093722616,0.993581515035628
1.687616100430943,0.1901193821538763,1.147164705130676,-1.0811762005600234,-1.725029996635472,-1.2030292644670195,-0.6239008926389539,-0.0967710578953582,1.389521762579147,0.5454719321709416,-0.5710266325751289,0.8062462532074616,-0.2564783587496571,0.1352352594014042,1.2885766239502496,-1.5705512974978646,-1.5656950410200126,0.7185169003027054,-0.0445352761823727,-0.5699906936431449,0.8562121953199102
1.3246689437271966,-1.0257480725268648,1.3559790545668595,0.2957148018942778,0.183776521318414,0.6965925833034575,-0.1178515304532938,0.6197853328227674,-0.6625083145786252,0.9693971789416704,-0.2941360916987159,-0.268101714487191,1.2380209454698847,1.712074365998762,0.0986547562577614,-1.1068331581073068,-1.6409426498688475,-0.3132552740743576,-0.2985041546846881,-1.6153987906731786,0.3577799785238848
1.0103761345382511,1.138225498592118,-0.1657203743040892,-0.6313952172757228,-0.8691513111904107,-0.3069752026172939,-0.2463014600950883,-1.011453072106275,-1.6099688184120229,0.5393832581049054,0.0092451239557463,-1.2946509093910248,-0.1455860888274232,-0.9553069886841428,1.6114419144755103,-1.2612566118891138,1.031115132905838,-0.2772595802247515,-1.1234043394045188,0.2610526220451386,0.0583781842544179
-1.1849529986369896,-1.7408232606500644,0.7744654522652292,-0.2000843130137716,1.2170561441856198,1.5484450073132978,0.5437893706376603,1.5307719711457537,0.4106801758527891,1.4417136474355663,-0.3634918389901171,-0.6436797649363246,-1.1486948530494685,-1.5314100752933444,0.3925446157729927,1.065095875735616,1.3238660312220472,1.2018640385718142,-1.3089268433943575,-0.19613646659014,-0.2538299155444438
0.2345558151978473,0.0870031622202575,0.4091756038765552,-1.1303520465849115,1.45996717482954,1.065066914460042,1.347340947813754,1.337327153447307,1.4821246065206368,-0.1330282939250522,0.3886595610181748,-1.4982220311848022,-1.2452011596030774,0.2802316619139395,-0.7246464966877444,1.3126983679969502,-0.5297674865938289,-1.6462928707393545,-0.8560660530323204,-1.319927950671521,0.3057929016481328
0.4673487016038223,-1.247950058642731,-1.571049076797458,1.5985571771073153,1.1013641912443326,-1.0228470379982544,1.4698879605309063,-0.5175662702572127,0.9919118874442178,-0.3705359241713601,1.2734288288090865,0.699646469662802,-1.0263179769137452,0.7923230278257075,0.7206847899000133,0.0481093941891443,1.3860403383801032,1.1593357663412027,-1.18777857090535,-1.6737740288691718,-0.1708934015446803
-0.9238516258248032,0.0911898087920792,0.5790959885027801,-1.1742908921610729,1.222738570592447,-1.558432566531802,0.9511958280455396,-0.9491258751906236,-0.0595392049060928,1.0833253042148248,-0.9978155331242838,0.5239150460847043,0.5490914921168185,-1.275357134821367,1.6976439060639017,-0.9634784805050426,-0.6994264660265602,1.05577909007841,-0.0505689422900517,-1.392903547124689,-0.2215859244312866
1.084230817202608,1.0071663679559542,-1.6617704504357165,-0.423352992761108,-0.7363700434485977,0.920935729341519,-1.4367558735670205,-1.5204749211066473,0.2616195201001647,-0.1680197368109938,1.147585064712053,-0.8808310795962504,1.5462109958654666,0.7758956990409209,0.6855198266102337,-0.1537625061963925,1.06694557657113,-1.5898285259647007,0.7197191836535204,1.0832120122967668,-0.3337537338734219
0.0946998277426053,-1.328604095304316,-1.715818705438973,1.3071122194276552,-1.727758669767752,1.1011003010654727,-1.5894450030358973,-1.51281276641647,0.4957282219055981,-1.285047702275472,1.2851021663342703,-1.5122297817645836,1.7477166502568091,0.0401766572507632,1.33000805257448,-1.2493936942743913,0.4314554614937531,-0.1574894673341439,1.6226131180694885,1.2654944709799043,-1.0454872066341447
0.5955519611467446,0.9552845435844982,-0.5025536323723563,0.2779659393144477,1.6080343773595862,1.3264560950832942,1.540606971369258,1.5083391634617602,-1.3568091800372624,-1.175574668749504,0.3139658579335108,-0.101990398603923,0.8863687826759241,-0.1724977520262911,-1.2910973938905632,-1.3689477467959763,1.093282533956166,1.6091509595867428,-1.6010628147342092,-1.3114814372500672,-0.0052481372432168
0.7533682976204374,-0.6697435803704468,-0.8245775292953226,1.0076846373457828,-1.190969235819176,-0.7159536380039893,1.5541954916205332,-1.3078369488098456,1.4143720702539748,0.9415962724428376,1.3881143219490295,0.7661911203913161,-0.4097417864263621,-0.7323331816342841,-0.9674646440813544,1.4582027146013057,-1.008173205861164,1.032365663462125,1.6690665735839323,1.752812183824905,0.7940384542820133
-0.7910123064281185,1.1324005775004502,-1.5414896142720378,0.7727232018762468,0.464337790462523,-0.8176776458440018,-1.7275752691530923,-0.4018204576671947,0.6133958481530247,0.5753371848975197,0.0516883061558733,1.2114001355397843,0.3442792615617163,-0.3853157498946928,-0.2864190907698781,-1.276041425870927,0.574712847937613,-0.6689310768998712,1.416167349605339,-1.6116467428140082,0.4358738324734461
0.8784347172260286,-0.1957569413051244,-1.7193501908460276,1.4458484520206674,-0.2959456629509819,0.7079150635298657,-1.6205634401320503,-0.6654950995731865,0.3828992684172256,-1.2577356428148991,-1.1969971648636468,-0.1302552138953502,1.305047952656199,0.4348934700045428,1.3848404276583328,0.7218727599268915,0.3041240598737892,-0.2968824360736276,1.5557489055377365,0.0333871665316845,-0.8824052109696471
-0.0577509534435385,0.4081950867588675,0.9122087981363904,-0.9198134518466136,1.58905309215071,-1.4271004298434935,-0.467124444451111,-0.9623104506240636,1.7305995103525944,-0.57463724893139,1.5440220314055286,-1.1741792417428951,-0.0400965411029948,1.4800192406519896,-0.8476058461671984,-0.433993284598283,0.2787538557002098,-0.3997894310159617,-0.9773966535620894,-1.2897549271982691,0.6964514810852155
-0.4576048159595831,0.2226810117071655,-0.4355241753497004,1.1291716166788417,0.8953320942961053,1.0232906646871778,1.0007867130641177,0.1679031968191713,-0.5791131442686046,-1.0277403793768922,-1.326124185278403,-0.3484312690701898,0.5153655592312502,-0.8680942374001257,-1.401525327200303,1.1215816116534731,0.9482502048141596,-1.3774619170493447,-0.1602010458762091,1.0027532014968803,-1.4239061332371814
-0.6304143719757201,1.0722995822087007,-1.3234051547507593,1.3266844843225356,1.2264277926477047,1.613192829230012,-1.1300650038657318,-0.7796833665681802,-0.082501148923938,-1.050455570604313,-0.0655376633419656,-0.7864621366209712,0.8026285005839331,-0.895582067531801,1.1515486385154086,0.4818507932479987,-1.4093590755279817,1.211556458310148,1.3447063131754473,1.1498188138741905,-1.424572180050763
-0.6215645747121866,0.8785525444904307,1.1535071099052647,0.6987181050995108,1.2574515453583803,1.1616788916317562,-0.4503046317575015,-0.7968407059855079,0.3663065138018145,0.1856036295073342,-0.6930952418210736,-1.5512436134819942,-0.4295405918755876,0.4841447451347362,0.3866020295239904,-1.0909034312235402,-0.3471599781153366,1.267527412574954,1.212589680863116,-1.6536232490103366,0.8958991000958623
-1.0443368453342643,0.5000140190489615,1.3654744303716773,-1.1775820834271142,1.4132595791905938,0.5233938495134339,0.6399544233759602,-1.0442104542376394,-0.4305119051864227,-0.7664221840077534,-1.380740285868573,-1.4793114513419094,-0.4178482682950521,1.4021446205790278,-0.830505910470627,1.1719479008502791,0.73357909876108,-0.3471863167958394,0.5786058998463193,0.143553066694334,0.5528255966607462
-1.3459156755342845,0.8235360954379484,-1.7854535715324544,0.2917043172174817,-0.8503675962829909,0.7995611076937826,-0.5850311467970327,-0.2162284463545223,0.8363373507359319,-0.3517407264190486,-0.8441663772430333,1.08740294536968,-0.5011167924927048,-1.1517938734367803,-0.8458776750415742,1.4768919796864486,1.5012767437224583,-1.258880926461286,0.494554783439723,-1.2838635381947536,-1.5074650433190109
-0.3242030028849513,-1.358537079019631,-0.8779378542951387,0.7469265702731852,1.0932181319769816,1.2795477770147017,0.6669876258269508,-0.2249802960054912,0.9620827968270912,0.7930690713783679,1.580532473187039,-0.8140409091060163,1.1819504037969153,1.6710316238322769,1.3210720580042197,0.9501518976337426,0.0759226760883995,-0.8595589009933601,-0.3537890694054436,1.4011916673774505,-0.7123357197835376
0.5780858249437181,-0.9382708893589972,0.2130994550501147,1.6788945386006446,0.0202308077053681,0.8512653174314521,-1.17153264571329,0.1568035452144644,0.0830014518274544,-0.1024922226207102,0.5968051378929805,1.6828704448263103,-0.9596280774326328,1.6360816663326576,0.2444624046381975,-0.1606232827400019,0.9817522847811306,-1.7467450236889368,0.6328896784268534,0.9995485227349826,1.227875148234476
0.8858229988513329,-0.7994547620403094,1.459513889297751,-0.5477614593964751,-1.7645269997358768,0.535348802651397,0.8686738816033067,1.759018272730983,-1.222686000584069,0.2992237903075401,1.522836379968474,-1.621541355725157,0.0418828437750893,-1.5056613360506714,0.6427960438701709,-0.895162286727333,0.4767929336774518,-1.7259892474668457,-1.5592825594079391,-1.191754829118646,0.1309885513883439
-0.5772761367265994,-0.1717986095550016,0.2065741893789281,1.4778532914763167,-1.6059278500662864,-1.0051705744892443,-0.4361724913364821,-0.4981766588069736,-0.0621261278021489,-0.9955540699567672,-0.7736854664484577,-1.5250784797396777,-0.1320589514448066,-0.0755780689133241,1.4582110031328346,1.172363893786139,1.1348560415007092,1.4561289805680606,-1.6892994456266182,-1.0454654107470245,-0.5127345720355985
0.2104747407266646,0.3381215074143901,-1.0875087674335309,-1.318603547944298,1.5434304250584556,1.6083731644935109,-1.747631718581396,-0.113828170679573,1.7226570419793923,-0.2675140981449582,-0.6550248316778949,0.5739881155628581,-1.0323315598264045,0.1861229076953758,1.6287102993215736,-0.7889871243534045,0.0212507355201532,1.6351277323480091,-1.0813094850224283,0.1676348640147051,0.1510425772663543
-0.4242577006899974,-0.9675665039276689,1.1669824187250786,1.4561422930054122,1.2827417917819026,0.8235538661607194,1.3497847045470697,1.6679183821336472,-0.8071348216050643,-1.7619185671982636,0.1443943969646681,-0.7219374344115643,-0.1519847576182703,0.1217809294953712,-0.8725846803511038,0.6220354646743613,-1.5659604719974325,1.6376066925373838,1.6100464298441242,0.6193145030508659,-0.178629533864336
1.6434406479153447,0.0122653487157836,1.2061644697834475,-0.0104159270104047,-1.51875151468673,1.1377744144259208,-1.0302871353006866,-0.2508801214082333,0.1637194825115975,0.2196458340894093,-0.3884065010653855,1.0212898348753874,1.5507235145232658,-0.0467436557936824,0.7387578435810828,-1.0676387787265496,-0.1423388978367278,0.9888499740766906,0.7604238456758349,1.0862577126545472,1.589489588408783
0.6921185632181521,-0.8614240954872084,1.5655316020289014,-1.7604272601340238,0.0601792912317217,0.1510275828016649,0.5020081476703371,-0.6958425844711742,1.268946329031434,0.1555920483397107,-0.90803162770177,-0.617832162564578,0.0590369753436812,0.0365937206969702,1.2931285542294328,0.4616417162182674,0.8290098856851835,-0.3902640285594626,-0.3626312399921065,0.0909718719920978,1.5328943959915131
0.1325849609198918,1.0706155945419948,0.1414939256081316,0.4665503873522464,-1.1908520604816766,-0.3639767584090966,0.4278429980045057,0.3759074138990409,-0.2057963541198826,1.701711319220633,-0.4602207296111754,1.385568256531231,-0.8313233130120731,-1.4096540325318552,-0.3171860259651924,0.0558829902728742,-1.5171658195520616,-0.0681871606955354,-1.5924475822820598,0.0745828566010669,0.2190170936873505
1.1922810344184118,0.8011976475199771,1.0409540388803562,-1.413805740196956,1.5999197854930056,-1.197266048953346,-0.1839260944293954,-0.3317991475752543,-1.0175199256383407,1.4059276312087226,0.3103998665002759,0.5167142533417608,1.5614210050802395,-0.7938786444382562,-1.1370363495106863,0.9328569788215136,-1.502457798637511,0.6271932189653356,-0.4581989238049673,-0.7491200987755308,0.7688747080969265
-0.537921484440215,-1.4428613604493497,1.1778817300891342,0.7873774945420252,-1.383258872327612,0.2657739303092458,-1.382286622005985,0.8374301307176072,-0.0947048933748734,0.5386652174188127,1.344776011363561,-0.0160267927482163,-0.1346371258712479,0.962642850514238,-0.9544284439946344,1.0454840685571736,-0.8014855791784321,-0.6630472836508293,-1.5239418440901122,-0.8329779376108709,2.016532357059992
0.9437390610787688,-0.4358143085920558,-0.5047834591155484,-1.715178224495451,-1.4412058631133595,-1.4176842431281218,-0.7379225948817102,-1.3358592766378394,1.323506802772596,-0.0234987309532496,-1.5496303388012769,0.7873146528183884,0.1669967703424295,0.5383979365900542,-0.9278659539429712,-0.2969839587918847,-0.3938008680869383,0.3475984467730484,-0.9997401403403932,1.4553591205483665,0.819412751914445
0.677491245565537,-0.1425200808493714,-0.6583907157535914,0.6208554799915591,1.0219443911028212,0.7710362558336274,1.283527625746333,1.0188599147449469,1.575483208012305,-1.1746032339655694,-1.6002871637210323,0.0456157572556556,1.3876105061093449,0.0035900669712404,-0.0940506219240055,0.6033270498824862,-0.9356423746771156,-0.6058059464830663,0.9760879776948164,1.0305183868228196,-0.7162594388981369
-1.0726128575537102,-0.118752186121631,0.6183207190077427,-1.248333405371302,0.5688279139720528,1.7144591527739967,0.2843196606903777,-0.1321768251427251,0.7088766062835307,0.0621703113082117,-0.8012575065535952,-0.8187278984943944,-1.0360341973643723,0.2812058887684436,1.728125536469994,-0.3055143083487887,0.3948154005899753,1.0515337313831097,-0.2957260096771134,-1.4479291753422328,0.158371235598559
-0.7926251118368457,-1.6907238187941127,1.3522008280158808,-1.3538954701576782,-0.4086490763034898,1.4461988760394509,0.5646047917391569,-1.2846571482625675,1.4568639151836194,0.3136026753753806,0.5123498358341511,-0.1340405846303322,0.702456188806655,-0.8635107155325352,-1.3324156215770155,-1.0715298839353815,-0.2753687753804476,1.3641169333226613,0.0570339086976044,-1.5431544198500808,0.3298455076270423
0.1815173383473438,-0.8432625579192823,-0.1921255851442531,-0.970527334982925,-0.4336314841607182,-1.472648135364512,0.1668778558739049,-0.2373305774726561,0.7490313047672245,0.7839253680740258,0.7868100209296491,-0.663908416054657,1.1692174360432637,-0.0357268946757644,1.0350989525574854,0.3641351732178472,0.4932020398127612,0.874881014944622,-0.1009198927765747,0.2077696449633078,0.169194941192156
-1.5146379912313557,-0.1871688187068533,0.4432269806117033,1.5418247258536415,-1.2459238741529202,0.1998532471882072,-0.137417981404408,-0.4863512870518544,0.1363046578412823,0.8186242813482175,1.1748053161487888,-1.6208151185951367,0.7403200927282807,1.5057203150193577,-1.5544922838789526,-1.3855895338491606,1.615705683147593,0.3546263361625612,1.3060198405976693,1.2926040377950758,-0.1966877982958735
-0.1171431986726607,-1.1456685683397958,-0.4505315680569928,-1.6764076317564371,0.6935445569341778,1.5458762282462035,-1.0093075857375824,0.5809440334436344,-0.3125680608014702,1.4274962312393864,-1.429974947858586,0.239168044957214,-1.0681883565074253,-0.5365525586901909,-1.1512641810992552,1.6860086539192245,0.9480954694053594,0.09832587221459,-0.8017985059992271,0.2438266801626858,0.5933863143380093
-1.6563457373342625,1.2053430052340148,-0.1345032194682525,-1.0978648473458772,0.4508048178626744,-1.0931102787856188,0.3537376112301609,-0.5188496186001482,1.584379095165171,1.01856632186794,-1.2712850345261817,-1.3216132432612693,-0.8418565667949874,0.1560404872294519,0.7697348083831669,-0.7466469923389049,1.15656791281637,-0.7100251828866103,0.1615916285357314,-0.7028136903791544,0.0623637408765902
-0.0312432019480223,-0.0758071681484384,-1.5093716035753677,0.8656932737149714,1.6114068835088935,-0.7327832418783697,-1.419241430817777,0.0079797543521908,1.402441811729381,-1.0805037897219203,0.569158433776661,1.7254019566499417,-0.3650848203450664,-1.1838474766584683,0.5433540030789946,-0.9919863139755928,-0.0999522474942037,-1.2821021620724995,1.314766273420857,0.2218873012842532,-0.785129543643711
-0.2123745077085368,-0.9025010844004568,-1.489119095644672,1.4258171578080876,0.5910206542090121,1.5926837739827882,-1.6169989541508316,-0.3378290329942477,0.2057567047358645,0.8849622893276183,1.570310274231936,0.8586739524248296,0.5104999492848712,-0.9024604516986204,0.7117723049374413,-1.113378543746445,-0.0092264954831555,-0.603203963648745,0.165687532982431,0.0104085191538853,-1.2210094435105092
-0.2033259038467515,-1.662669440010649,1.5447110807131448,1.6315550998060488,0.21651324192883,-0.0159225903050078,-1.0703996211328328,-0.3491428578652535,-0.698286211623146,0.1460426500115731,0.4003448461358987,0.2488076989319768,-0.2964164720938499,-0.4693349086543869,-0.5172460270715392,1.7300531709361329,0.3453437458508738,0.2243259893799193,0.7886619246134687,0.3043725010929948,0.7276168055467688
-0.9824698369792731,0.5674538563783815,0.931812341490638,-1.2913797381161525,0.5031145358734244,0.9715889525031968,1.2560948389973614,-1.63837117167139,1.3818376816871087,1.604686349783023,0.1338852269294789,-0.69017539953292,0.5973540014797809,-1.3180947496305842,-0.1187490747990031,0.9880047180046266,-0.1522203222171407,0.6555523490558981,0.5970638608519252,1.3072343057384426,-0.2158132428904408
-1.5611782673957957,-1.5787837457376903,0.5059816867010647,-1.0319129873035988,-0.8645926686945595,0.2562399584456276,-0.7937704533790789,-1.4946115610168704,-0.1724010395768499,-0.2952175202271287,-0.0898162803152257,-1.038921523973286,0.1154210203722324,-0.2575262159355186,-0.5178811619793243,0.1838321709452933,0.5072695977373655,0.6289079409934608,-1.442544681701841,1.5111042244346735,0.3465238367461686
-1.0013572654884055,1.0718450904382832,-1.598666799488182,0.8098806608468686,1.1703401935434223,-0.0858749277841853,0.5788962560045804,-0.1255852057302569,0.1616264809893926,0.4840597170782673,0.8679451190550571,-0.327180998303015,-1.1702691066518405,-1.4405449119208396,0.4358113076993242,-0.9628038162801364,0.1037399782859741,0.0332843545923203,-0.2796607751585264,0.8775236709347491,-1.8152809967804775
0.8092868916913619,0.2569167320922269,-1.07798384335443,0.9069279917488576,0.6154397697236048,-1.5766704678418362,0.1725342513695794,1.7584660272260604,-1.5757396562673005,0.1587207998600899,1.5399354644326493,0.7649564306320423,0.0510252674916431,1.2797329141914433,-0.7684620193463303,0.9138662816565192,1.7113587576227347,-0.321258821884622,-1.0611161278314096,0.6280619543071876,0.943406593024784
0.7028698316017161,-0.6280514662271406,-0.1334257560798885,0.4200322587072235,-0.1813807593250479,0.8512672491908919,0.9744853408883586,0.1285520437219081,-1.073742927969931,1.1556429696955943,0.4272225166019067,-0.3889599901842271,0.2251522919559345,1.0190626934017195,-1.2684563631010757,-1.4533120463506612,0.1617866180890006,0.7817834994880954,-0.7717494806601335,1.1805218164820317,-0.015204753767398
-0.989582301592063,-0.7829744962536849,0.0940653271249808,0.3099428230642377,-0.5744114123549171,0.9855905829296508,0.1872968482746036,-0.6038906823338115,0.7758845867566803,-0.2840843884551397,-0.4783754378605224,1.5518913019489664,0.3952831450425026,-0.8134621845350756,1.7479099728732406,1.6575601117881933,-0.3356390208875657,1.4869077831570348,-1.5860336037480705,1.0439595672940063,0.5696007558659859
-0.4560818482920264,0.0122038160199377,0.9307222261031142,0.7711520728207326,0.0532556153720859,-0.7835169176840218,-0.9405482758419308,-0.9945959799524536,-1.5144892473370994,-1.052227827562583,0.5878061764074373,1.2657398133815227,-0.5455635517643471,-1.2708110887262296,0.6741366052801027,-0.121290554716525,-0.156747713598098,1.2133947470966893,-0.8779249258152472,0.801981967002783,0.0415500672700678
-0.41773310722185,0.983842426234535,-1.5441468029690963,0.3434907019207248,0.865650236768993,-0.8950179444895368,0.1926689002912033,-1.0793724571670067,-0.7822799889965465,1.0120085280126885,-0.5299259657613032,-1.5261797772031953,-0.9828291582853996,1.052460021124199,-0.87341830679949,-0.8073747590045885,1.2798007011831856,-1.103448056776548,-0.2290161755117991,-0.0428395601073833,-0.6729433853000468
0.8014838359786796,1.0885705563422403,-0.266192414486385,1.1335742447092465,1.2251501126995583,1.332423685293012,-0.4902306902841494,1.4725303813952209,-0.4977596893805102,0.9883604856070228,0.0727232424426007,-1.6073292790878613,-1.116076213586011,-1.5276483506674463,1.4401294816275132,0.8635832443471344,-0.0167149672871724,0.0769814855908039,-0.0642111413907259,0.5143066045141622,-1.5708577050412544
-1.5013735431927295,-0.3736851508645511,-0.302701955983052,-0.8131831831972417,-1.1917340882101657,1.4426844642056116,-1.4409731301921227,1.7750479112069966,0.9898252896806996,-0.9855055796705982,-0.0092240456214093,1.6795692117069985,0.831484429067909,0.688684957627138,-0.0766483612606629,-0.900917763030811,-0.5664174781031419,-0.9849637567145652,1.4403532676620006,1.0920866211731874,0.6632044620813687
0.3824349878446008,0.6529933836714947,1.5708750907179618,-0.907009240835432,-0.46433933151049,0.1131661344948476,-0.6384933959525921,0.9993942874874884,-0.9978881473915298,-0.8531889144884579,0.5566159339943609,1.6402714818425146,-0.7355074651429302,0.2287362703675,-1.549085894241335,1.5991051821497844,-1.3345929222952642,0.2637376571996039,-1.1169850407115565,-0.0685335154667619,0.8815811838934678
1.665532648361785,-0.8764557930077626,-1.3923639930772342,0.8967821144442472,1.6075931263792165,1.1540182631821003,-0.4732939958419471,-0.5171239881593841,-0.916239792559388,-1.3148051513188226,1.5123627912386597,1.5011009714708032,-0.1915390115221641,-1.5913132535660075,-0.2318604671101494,0.547953174057437,1.5912699473955711,-0.9433070435942243,1.5972676312386596,-1.1913601853510682,-1.0503508113866116
1.458195432188134,-1.3738316609370087,-1.284344139373843,-0.9156657350947072,-0.8172549170915264,-0.3761302193232016,1.342092711526602,-1.5481420852386814,0.6058051154849889,-0.5197228487272753,1.1979575845606534,1.045921347168035,-1.3522580796558117,1.586143296386054,-0.9098597958345164,0.1748898942620062,-1.4013818377570886,0.2011392075918421,0.4314544947146993,-1.162002850049888,-0.2229921528543949
0.1294970780541208,0.9481235105453544,0.9004708999364754,1.44343123805381,-1.186415800166135,1.0420177044497696,-0.4840867571524418,1.4651776070156586,0.913399262517055,0.5869888713239928,-0.5914383071115211,0.5089537471748209,1.6657869910106964,1.283882173350713,0.6769916919764535,-0.5630716379805186,0.8040541997468283,0.4421821835322628,0.7308977829066924,0.5206273448073923,1.6175163280291218
1.563208850356691,-0.6821617323070052,-0.2477559699900239,0.7119238279464274,1.3405110549287815,1.157556538745641,0.6251097871334946,1.6953276500830192,-0.7569405655463314,-0.1947326918936514,-0.4226459181616273,1.1244107484956676,-1.2260175355145193,-1.4584106966180068,1.5378020146427935,0.1251405647929113,-0.9393284563345984,0.5471254729230036,-0.0942368718392774,1.3363723186631105,-0.9443406077966762
-0.1839924830282164,-1.2573395933937903,-1.7868341895480078,-0.4787898265917862,0.0348376725670345,-0.8618765244763196,0.3895661213067504,-1.4954411860388988,-1.4809316826433545,-0.3682667019389904,1.2476516818593657,-0.876770712221483,-1.3265833237647222,-1.340800766582557,-0.1399668570196289,0.8720758994026551,0.4996963757117654,1.2954618607254205,-0.3851702997308604,0.0303725133589531,-2.182176074503082
-1.4017953395396183,0.979197414393578,-1.1260345233945683,0.0526959778301329,1.597241440279831,1.3660426584374403,-0.0044433903298096,-0.2753278533443066,-0.9605482223093752,-1.4615823816051148,-0.699387354364704,-1.3124157674278765,-0.5296001849679388,1.2343548253046714,-1.5772750768655082,-1.1045278265199543,0.5403973511154629,-1.0804226065784663,-1.5223730680651764,1.5907555659726187,-1.3074958381932518
0.4975966542622093,-1.6757509735497895,-0.5406891963900717,0.3969052536546515,0.2665423182529285,-0.2391335725076569,1.5449750329735892,-1.565233775250792,-0.3915186429181683,-0.4446194572285666,-0.3911373375466886,-0.6228582344451714,-1.2539371424953945,1.6497690021315687,-0.1277841649905585,-0.9928094850282452,1.501638261385048,0.3683731081658265,0.2034012768105089,0.6245003141132611,-0.5561404297803846
1.1036990891579932,0.3816466175164048,-1.292278485504701,0.8498641705946985,-0.175521256697762,-0.8525652040586795,-1.6753482407377187,-0.332300384801431,-1.1896355612610847,-0.9278663780759344,-1.6492649282546896,-1.5217068406764296,-1.175240560128921,-1.5379769507849657,-0.0200837701255626,-0.869682053341349,-0.6758715938089964,-1.642638996424128,0.338992775892982,-0.4066505768987233,-2.701840241591946
0.8557036049789613,-0.5238787238661985,-1.4535284482240676,0.8663614168850702,-1.5439137302111674,0.1278079489898691,1.531899648065227,0.7364977010803234,1.6991476976419186,1.5740416121321326,-0.7204591336470111,-1.1424014007053256,-0.9674522443595158,-0.1340306771762577,0.6335632216587963,-0.8679962516255999,-0.6265191716965827,1.43438048737055,0.5435521592481496,0.9630632288826364,-0.7235134782152445
0.7663985830181917,-0.8009368794044549,0.8933924685798187,0.5339316669562058,-1.240422619124727,-0.6717095132655495,-0.4434613892534075,-1.135284154585153,1.3679010559299634,-1.373192312066786,0.3773862178491091,-1.02982572269606,0.3023669132393604,0.2198903056468559,-0.949314699458826,1.107953289855604,1.617294858777019,1.3017200872124548,-1.2332270366025286,0.2800133497811374,-0.4829599181582886
-1.339422143294304,1.1756813352824953,-1.7684124391036469,0.5667876245446166,-0.6177180724537014,-0.5552311013942873,-1.705807752971936,-1.5948266319642077,1.3086331553412525,0.445763549901933,-1.735107766668844,-0.2073130633017346,1.4319653168363622,0.157873797404641,1.3945510958270133,0.212334838309825,0.5764497817534162,-1.1181105163713725,0.3746762406656507,-1.688708613037999,-0.8674499502445329
-1.152667205011412,-1.0428059222505934,0.4078880899839934,-0.8261572263402235,-1.4737015210291824,-1.6891761343737477,-1.6671482667646786,-1.0553103726828648,1.7986024505481262,-0.534759176347047,0.5720888061853353,1.0224831202647202,-0.2153880130195585,0.0677649245215893,0.7344531222927986,0.7405629050748836,-1.384431191371102,0.2732803377979981,-1.7552728539233962,-1.0792002105379883,0.8937553829518455
1.723284934321092,-0.4294276333717718,1.4392548345100156,-0.305496944859229,1.333913467573968,0.9620478313209964,-0.0284328992843138,-0.5494846620993199,-1.2825942800484726,-0.1020058729981946,1.1476419730349636,-1.132011425606303,-0.9525311326730894,-0.3573997610726466,-1.467840605871756,1.1477379961473402,1.6995786322726285,-1.488556564018643,-1.4303133322768535,1.1966186030462789,1.095462047066177
0.5059345870110534,0.2885239149983852,-0.5123103961732419,-0.9195768370049724,1.5262966452527769,1.1667013941852773,1.4502746550985068,-0.6609315739970191,0.995272178236202,-1.119351918918577,0.0417313660321942,-1.6552187726209495,-1.3430947469237866,-1.3944818421668352,-0.9839300507356976,-1.5002275204925772,0.4873772261912961,0.007142151358654,0.2042100917704015,-0.5554233775902895,-2.3297975826205763
0.810505229805676,1.2543884286689315,0.623817308981127,-0.531198038138383,0.0403322516928065,0.5258300641915218,-1.0476869062873178,0.5773419391338125,0.422980955002706,-1.34397476866666,0.2390070002614822,0.93180237956333,-0.332020376663298,1.6792734552712925,0.5853748068410807,-0.318274346161245,-0.8071891832124801,0.9951449774006608,-0.1399294120123556,-0.838013105447152,-0.366821327134903
1.6733901224707644,-0.8201684224099827,-0.3402337193968885,-1.504910140513687,-1.1939946184264214,-0.7996797985087412,-1.063930167136938,-1.0152146919002814,0.2795016551512763,0.1463434355680778,-1.094819990021412,1.3866619755857992,-1.2835624220245418,-0.1080642464833053,0.9074697433556256,0.2024670828963329,1.3092576207341518,-1.515979290040904,0.242992237619617,-1.4653021456737936,0.3641783280809401
-1.1483202039971498,1.2901774434246902,-1.2609572096443358,-1.7725878343243595,0.5726586948592937,-1.2312125187326577,0.8754599509993422,0.076655492304526,0.6166789359830631,0.0717056302826446,1.1085616696044478,0.3387108852968297,-1.7077177726072803,0.8949707172474709,-1.2711562047088871,1.0904869274993605,0.5436988217696171,-1.2628390818877784,-0.8983431582369265,-0.5422651013409568,-0.0089649777897436
-0.4965628863214529,0.6789476376149495,-0.6745641479586811,0.7692842104234381,0.6139313976871293,0.4914320116826371,-1.711470518312019,1.2919549263474517,0.5634248222435049,-1.3069925811869172,-1.3072909772229266,0.4536832166288324,0.6127367539006084,-0.650121163055927,1.660325558082915,-1.5158045809867038,-0.7734924089952084,0.983354321873306,0.3502775571634003,0.3654538060999422,-0.9373193354848706
0.4418006098834469,0.3816814198694797,-0.6604829537167232,0.6317411533640296,1.0298453185837937,-0.599532664027257,-1.6897647192237435,-0.4065043906863905,-0.3942327114847835,1.6545087948587307,0.6895037743636878,0.6452160846129256,0.429327347561073,1.535756025054453,-0.2984590476303214,0.7827940959789417,1.1373071484251474,-0.4384232283508193,0.1084927844123182,0.467608801237364,-0.7531648770556029
0.0576216111815858,1.6080665774335072,-0.847888328386583,-1.02776576499854,-0.7658375690245115,1.499677493835303,1.1436011576409622,-0.0923795294460382,0.5045930580109247,-0.8055832269165244,-0.3532825570687649,-0.4017201427735686,1.146429693431598,1.3674926582930982,-0.3890683157687538,-0.998066715181103,-0.2495371908823194,-1.3691636000830176,1.443838736260989,-0.5763065793361575,0.2111788492937135
1.2979786366993231,0.4651728695674496,1.012535581145598,1.5506925184054272,0.0666906394715876,-0.6698986079787217,1.6112207120368007,0.6953190858106558,-1.3695284259323954,0.8657283013239627,1.5872916903765797,-0.767289701535402,1.5622189330103726,0.1365878163374451,-0.4460100618552577,-0.0422448447807068,-1.40062252685646,0.7265629176274168,-1.7048889399829743,-0.437583294350308,1.9218021875903264
-1.0620238365993635,1.258510680032546,0.9213807734252352,0.0173084352727639,0.5577001363154808,1.209606558451363,-0.9546541969461796,0.7448691783185262,-0.3476234090341398,1.5937528416227105,-1.7448512002288228,-1.6619965391432348,0.6720457694971846,0.9857710016264551,1.5622787382389112,-0.4621139286763736,-1.1342884176783266,-0.8764918925494266,1.3791007553808394,-1.6259479865917668,1.0524382337206657
0.040947966973698,1.609346731816105,-0.636336652955151,-0.8131687354359391,1.3110757872601444,-1.058431899078535,-0.6629154511710121,-0.3435479581361378,-1.3248487681766687,1.443617526318728,0.1134048413952968,-1.0851999063586724,0.2505230779993355,1.6348584418397532,0.6458312194809462,0.2404819409474591,1.0940255731960582,0.6007493872450508,-1.0422950034833998,-0.993964481616584,-1.2612670136741178
1.0855466400732394,-1.5490256765815402,0.9049275805744386,1.4345921116243687,-0.7929255064405621,-0.0067062415752385,-1.1749293831700938,-0.6834722583705076,-0.7995940387085884,0.5865789659247655,-0.7604685040499521,1.5435380905318763,-0.7297753731094347,-0.4112263990828552,-0.2523596397501724,-1.1114851146858151,1.1460061634325405,-1.4647367348023512,-1.252845073557899,0.461013400983134,1.4190968466143998
0.3407452150120527,-1.6397820355019304,-0.9407025838664752,1.511054875909036,-0.918103813285036,-1.5573815324794589,-1.6818722212129702,-0.341959570095412,-0.8818230450545922,-1.4323792221350853,-0.3080710303203898,-0.8028757276965067,1.4623366854727256,-1.249966602910148,0.9487133647877184,-0.1684713696762788,1.6030432300448905,-0.9276622668270674,0.2430325121414246,-0.3965608795413834,-1.6704087214927783
-0.3713606656438342,-0.5839434834940638,-1.2785643344286968,-1.4159065475783552,0.3237585787838489,-1.129640847887254,0.4705074563682583,1.273850086496012,-0.7777204327414431,-0.91543947464527,0.4106410421724638,-1.1691869195892393,-1.4718058212777805,0.9178928896822316,1.6814016127277749,-1.308190035689022,-1.0913888568098935,-0.7788916543113754,-0.6049467319082895,0.9894491491007532,-1.1806826712904546
-0.306677155723281,-0.4062128340459837,0.9625665428736994,0.7900024338302365,0.433141260756367,-1.5767607680324314,-0.3503292182995757,1.4770470174384025,1.0306488944963803,-1.579919767495814,-0.5187492484339798,-0.3004348602824676,0.9743629260554826,0.5467063741573371,0.828219096057113,0.0614112720635106,0.0148599151323,0.7636439199226188,1.2151597068133115,0.3719184639722723,-0.3448244944632993
1.050159346151258,0.7749236377570468,0.89544154901434,-0.3089074408352442,-1.7433555196648,1.1749929700363877,0.5585058421589655,1.3103488974115531,-1.188435166911241,1.0585771052974216,0.8488906990394753,-0.4229660518310679,0.253901010294817,1.4910507897390166,-1.0862381666295997,-0.3216134003678701,0.1503071156185341,0.6427451821267935,-1.1415112066802928,0.9427139474936732,0.2204244009677579
-1.6993910000943993,1.261412775069351,1.6015522396696753,0.2248981673403884,-1.4202235510056216,0.0557989214964801,-0.4484288237927686,-0.5663939820428731,0.312597098926223,-0.9506251262681208,0.0862315167572409,-1.2874635333360722,0.3217864810994362,-0.6806200240584189,-0.6434001825156177,1.280512987780004,1.2907258341436971,0.4797917454850425,0.7726511604550906,0.703625738192705,-0.1862065275926428
-0.2571969349201236,1.1893838717404537,0.8053983643716539,0.5368946527157115,0.883255115567865,0.9928283270792174,0.054241436204139,0.1383112617864353,0.4165638724230233,-0.6589661854655006,-0.7197222624835149,0.066047747909836,-0.6841055459232247,-1.2513120072820654,-0.10680259860886,1.3130384063956944,1.7630850295268978,1.1018413522454091,0.582730669380103,-0.0264102163076889,-0.1652135805529917
-0.1783527910746873,-0.1894169178291674,0.2240810871661206,1.0192451276180792,-0.920275474156743,1.2375813193205598,0.4035749319618332,-1.219451491591291,0.2314142858700681,0.2772824786750105,1.520049186657023,-1.5239435969142552,1.6525149688689984,-1.2102110411079443,-1.6903100475765809,-1.45509247810673,-1.15032581685919,-0.3324710045027842,0.5748761384316438,-0.5659516328019317,-1.1541815188112472
-0.2190610074102439,0.075940479489336,1.0324139094033171,1.395511901367202,-0.5109276660978144,0.4714173788592108,1.4322303861800356,0.35777271444347,-0.853639341932234,1.0668707241695563,1.419958199899925,0.0237153150505755,-0.2377296278970073,1.312498796817689,-0.0413020566862876,0.5130365854354807,0.0606264293485951,0.6089843123083302,1.4255393862586387,-1.1192102457084867,1.677767207152626
0.7945435419359717,0.5528173334826147,-1.3621624366725051,0.598101411911982,-0.190108555881416,0.5890479662396242,0.1639615013915779,-1.6035497775561909,1.465812326426051,1.5131248464377542,-1.717112068869702,0.5991678980762991,-0.0568593223443174,0.2092700030256414,-1.331573714246563,0.1160108145160167,-1.1242024034671736,-1.146111810805307,1.2960316122002746,-1.0674062943148044,0.951826347942009
-1.2078092635596676,0.4389459702264144,-0.655529335680125,1.6921535419472882,-0.2998640674470178,-0.8765345035834069,1.1352276134205552,0.7360080550696974,-1.009352254174148,-0.1060793420041016,0.9419540076831552,-0.5344907151074024,1.1433212197257552,1.0733919914659908,-0.231551893969256,0.5389935633295266,-0.5993103314581694,0.8514715992509823,-1.08948880117096,-1.3304682368543304,0.7282564156755873
-0.0721706542644905,-0.0297001724819638,0.642076339972098,1.1646926369598505,1.6079886798362262,1.278496884273916,0.0456649445661946,-0.7935479609593068,0.3381862122401665,-1.10369618332182,-1.6226564305667268,-0.1746654322130313,-0.7872231828624908,0.7809453094237513,1.110193544539713,-0.2657196066364706,-0.4398662744883926,1.1295286105394378,1.6369325921103488,-0.7356940885041845,0.8050327924100084
0.7887589023386875,-1.3945285659375777,0.22478659158974,0.4845856285350683,0.5874699350308211,1.415681965326394,0.1811853038635366,0.6446444037676353,1.3944880075087729,-1.009266063716451,1.0784719644768908,-1.105129063053162,1.0772885275170514,1.5567804021929017,-1.3652371300446702,0.8033109859267581,-0.4734168733208833,-0.8879484418662191,-1.556174525958031,1.3532887708389918,0.0660504820194971
0.0261948976050007,1.2479362348258416,1.142182557265346,-1.5514751555613555,0.1511850842260056,1.3000139394315724,0.5692338995602538,-0.1302833936370192,-0.8126912809826147,-1.3541040121206271,-1.6799083556480163,-0.9480112258742222,-0.6759282181306131,0.4385454918806049,-0.4360608256327606,-0.7471804815538503,-0.7901298934205345,-0.174549584243951,1.2366160499605252,0.8185487060782914,0.1752426886960141
0.2208419567047949,-1.3228086004576185,0.5478109652379916,-1.085027057628136,-1.5433890134567192,-0.0472508175763793,0.2789927211266665,0.7913191050056092,-0.2192361257609918,-0.606529493974208,-1.4673529214472745,0.9396226545341276,0.4465753507870569,1.6552456272169085,-1.502368370236238,0.2534975112143481,1.534337275932457,0.101679864211273,0.9876052032663368,-1.6522609707658098,0.8720603124101732
0.9150714078925424,0.1963517855251066,-1.2074937024389318,1.0115878833934773,0.4686016432604369,0.1214427085272245,-0.3887646947779208,-1.4834729418053871,1.4184282712157146,-0.124706882681233,1.1720739513664014,-0.1904711070352109,1.163027578468099,1.0614018172299482,0.1019384268514201,1.2414520732244243,-0.8652865252994804,-1.3396601329806264,-1.5105445710772547,0.0639399537516069,0.9226902859153988
0.3120299494139444,-1.2091620959782865,-1.252119547870671,1.566299565663132,0.1479158129489962,-1.0775319134594543,1.133137049631116,-0.7988402718139243,-0.7583147920713944,-0.4113118165647698,-1.3963086515901162,-1.1789337732861072,0.324269449148606,1.44661818938119,-1.3692620388296743,0.1960289954419439,-0.0861784195000353,0.0851094565881872,-0.7849530923928347,0.1489079344360639,-0.4689225611447389
-0.773178225280862,-1.2126369327745004,0.8468461111298563,1.6781395427901469,0.0469973670219595,-1.2002022280451077,-1.3447322683283618,-0.6100360579992751,0.1070995484789563,-0.2228113164677408,-1.198299376390233,-0.6113011148644084,1.526484985241385,-0.545292001347164,-0.7799225535769374,1.1582050371478922,-1.0783791123720343,-1.178072005774415,-1.3888666819209852,0.0814472431787871,0.2395361114622554
1.248085292294682,-1.4059749834637858,0.2283158435192833,0.9865580904025976,1.608982401671492,1.704849098768043,-0.2296151541019319,-1.5949272746856928,-1.4748831432704803,1.4061768365808736,1.0536125949173103,-0.9024042888565914,-0.7157557719919351,-1.3383216052251594,1.5603567062248067,-0.5479052432157352,-1.0966552443815605,-1.1357724826680302,-0.1694073993739622,0.4457462475111854,-1.1294702092363893
-0.2179396556061552,-0.7338298722120002,-0.8849796073812716,0.6538534698341291,-1.7460966485001883,-0.8858723315182792,1.2511213669560295,0.2336895113100849,-0.8581384717300435,1.5720737590928822,-0.4800268151366694,1.7351172100392511,1.2169755160652145,0.4234804597575722,-1.4038814239847948,1.6306341879880537,-1.256569895211589,1.4740509226827772,-0.3156245872540789,-0.889669781955171,0.38444840487088
0.4119457936002031,-0.9588482830519046,1.0801888518323293,0.0656154662685712,-1.7527260538906109,-0.9047405122787028,0.8365785824617149,-1.3800698801153153,-0.5014138350026692,-0.7323746884867584,0.5935809221564264,1.751511533032864,-1.7195438899008224,0.906956255580504,-0.9714045735426228,1.6603064381693913,-0.6604406054887589,-0.5542755457496964,0.7136049068554203,0.26454058298982,1.5953924013319498
0.1619350736618256,-0.3205467297389737,1.0075177096324754,-0.8827643493955201,-1.7467138360082983,0.6372472702300603,-0.8831394022609337,1.112995660839832,1.235144973272227,-0.605006222703081,-0.9005727216176759,0.2224807021012081,0.2245325205599781,0.0103383482136177,-0.5182544529594657,-1.3137004147189657,1.647265031730924,0.3552645899756381,0.2285533237483197,0.8266435948465392,-0.0040245419764785
1.347875324375018,1.392070321837102,1.4002815609083878,-1.442576238280145,0.2631643248289749,1.0633505521318578,0.9158769102146108,0.0261226974733275,0.2307294612414894,0.8438777081984296,0.3037945506013184,-0.4692655845376138,0.8895533778893024,-0.9245821847150116,-0.7340882597763696,0.6566884203912199,0.4600142405215452,0.9990262500649176,0.2992765594978999,0.3014610484392923,0.6523281606387844
-0.4740897727059672,1.2769273627140665,0.6182178867285507,0.4393124129218893,0.7994109328714989,1.4211476868633364,0.2156799345554737,-1.1069469173723632,1.5950804212024503,0.9126769442807032,-1.1452791326084395,-1.658817619032213,1.5675033016888662,0.2965558257359501,1.735202645312523,-0.0185298417250417,1.565452600687773,-1.5858263360732625,1.5166468135420867,1.5372768642429586,1.3065611134494126
0.513338961787511,1.6118438905178265,0.6865343379035395,-0.3601274933825602,-0.9824202141526002,0.8605716890695556,-1.0634112013368555,1.6129743520697104,-1.7048514481609944,0.2534846711356233,0.7617190310532939,1.5354822429824464,-0.8916320496296798,1.4777670520710526,0.6092539145747722,-1.051118009520943,-1.2730190517211804,1.2816299248540188,0.8973916781551595,-0.5743764302795823,1.9796554543315696
0.7072750644107307,0.5570711989781656,-0.0860511383661447,-0.2740575581387264,-1.0038296506360267,-1.5245886686508336,-0.2293990913101194,-1.5418925125612302,-1.592588390569231,-0.6574539391974774,0.8707033700726772,1.45627337005776,1.0773195464007008,-0.8195988979477808,0.927620319832984,1.7065052184700376,-1.5946271029856656,1.633411847567956,0.0390710580052923,-1.201947328754429,-0.3212464875481181
1.1755676394658927,-0.6925484087260507,1.5502317748622176,-0.7626103581973096,0.274186974983051,-1.261681482506676,-0.5066874679523768,0.5157312257573153,1.1405629221675522,1.560167550826385,1.134682137759932,1.0521707397064406,-0.0853574936998062,-1.1652434447775857,-1.6756423504954707,-0.2772658917812719,-1.3848668942074227,-0.4276243550248914,-1.15825338375673,1.042975908784458,1.1379905849585503
-1.1074975784347982,-1.386165118271233,-1.250476477582641,-1.4135520284500982,-0.9668553531842082,-0.9191312207746046,1.0378540755151038,-0.5038390394829564,-0.6892717155460389,1.080346032744685,-0.2349825284858231,1.165697516710375,0.8986371712173373,0.0102898926167055,0.4874009974528838,-0.8546696159016705,1.6932473276402396,-1.463633127904484,1.1071505204937728,0.9961333168155284,0.8795448640657796
0.6523980253733961,0.1266015317409088,0.3154879010048344,-1.4935491214902596,0.2195442931674681,0.3829462750434221,-0.0229296957967298,0.7816827507603583,1.2230982448440009,0.3382032672365886,-1.6737892798731815,1.6100903011236571,0.8869504888297354,1.3085560306175985,-1.5625156524572963,-0.6974456113357713,-0.5171525964710587,-1.6046494294252729,-0.9452173408168628,1.4493177351428257,0.8049724818874857
1.7304721718794636,-0.948572388279743,-0.5877723875806409,1.1334285251308462,-1.465426851215665,-1.447632060282818,0.1934401684286307,-0.0347812894627774,-0.3773639611690504,0.9989663824647425,1.4803950295148085,0.4958258418962588,1.4369852243532248,-0.9538375138877638,-0.6793650053014799,1.6710470825309411,0.1666534200044888,0.6813642936840602,1.1257111636313832,1.4321793604182973,-0.3910408141287524
-1.5107875909338495,1.4070569292582775,1.48416291131113,0.9550633662455288,1.4445712143104097,-1.537437994931627,1.569054358349664,1.3944596536955618,-0.441892164608346,-1.3500299071358668,0.4052073626486238,1.3156965017707505,-0.1087734996753864,1.4163758176187164,0.2402165024885504,-1.5651997847304997,-0.3870680514392298,0.8335762899310754,0.0453879419411934,1.158839178557372,0.5994579111802244
-0.2227548422584646,-0.1510836681578086,-0.6786236191424292,0.6849907634528537,-0.2968858269661161,-1.4475542368343963,1.157147843682637,-0.0698512422504104,0.983422513097328,0.8672126597169111,-0.9848735766850638,1.6226793465440432,0.5519844680561876,-1.0504995851557852,-1.4897184469876463,-0.4997308550892871,-0.364371756696428,-1.4320846994187475,-0.2063470725915732,1.1537724924101085,-0.6604528063954231
0.6659770470207579,-0.1784498580698975,-0.6109934770791194,1.1959431098128,0.4578738702628701,-0.6119324095800797,1.4672701797246217,-0.1459663750456293,-1.0020267014492756,1.3067071858108616,1.5454407975837583,0.1277438239467233,1.432353044137499,-1.0321453605783346,-0.1419031619927303,1.3537002924453712,-1.4622990066774175,-1.35335748206301,-1.3200381327834934,0.2235278894049639,-0.1476543021036494
-0.2706870709656857,0.5454980517983979,1.0134581753068472,-1.581302772203104,-0.9906385859662644,-1.2150633621532645,-0.3197314162333369,-0.2504943358847766,1.0154448527778157,1.1817975078304763,0.2201138669104076,0.1964362240705099,-1.0270623141196042,-0.0469506391597997,0.8151892695231675,1.5252431116058058,-1.4647135595190646,-1.294218787810672,-1.1074354866465832,-0.4324211097182244,1.4411385532882552
0.0589586792947499,-0.6315030195288277,1.3123957280894232,0.6834756501122167,-0.2490793513760313,0.6631499304822536,-0.2724996699619585,-0.0543953763557783,-0.4635962350435025,-1.391214713178944,-0.3038186705722369,1.6604092578016283,-1.4171199627721367,-0.746875911622485,-1.4677486770139612,-0.9253763642433316,1.5413132395074374,-1.472038496713382,-0.800620464141494,-0.3275017396991996,-0.4468136014021513
-1.0143027643129214,0.3015600521113771,1.6721294483559923,-1.0887902047441649,-1.540181913299969,0.7289936414023529,-0.5463858157228697,0.877708798218219,0.9413663363143764,-0.381746318183111,-0.7560066361394923,0.3960829897328706,-0.7220579035511602,0.9950831689973796,-0.7375558836617571,-0.5599193861314772,-1.318137631394687,-0.0259408140610402,0.8599591310067765,-0.0886375160596056,1.51080025552224
-1.7051079791181762,-1.2264180166754477,0.3145324900842989,0.6332584074337732,-0.8315363297956505,-0.6894942993096761,-0.3854654418043585,0.5423971682843227,1.749367002980858,-0.0489938037417994,-0.705298669480476,0.0331827090114351,-0.9512710895369092,-1.3370749852057409,1.080176035659166,0.0762489639995543,-1.5848986017025648,-0.025918911343478,0.3293194850892376,0.2625252469149726,-1.0985289681124202
1.0210974290639907,-1.7039886274825702,-0.0719932961372017,-0.2952441342792894,0.3727394861691949,1.6593776732671417,1.030909897943044,0.08162339840164,0.0128252240575709,-1.4766733850032907,-1.176937075567788,0.123696973765779,-1.7180006200777962,1.6742836372569974,-0.2198216169997613,1.0537835397576345,-0.7086240044203533,0.7693213844226936,-1.5726867594417335,1.714647384324545,-0.4617381967714887
-1.577169551300134,-0.5220160880055785,-1.1748967335634142,0.2756606386766841,1.564711065929403,-1.5078576678825857,-0.3901508076245362,0.8986597781716815,-0.6131460173344989,1.2382512453122303,1.2634269133659286,-0.3812351968007605,1.676985752349446,-1.5350357320797383,-0.9471950996924634,1.4219331221727736,1.5778150126656576,0.2687804897848806,1.13993293605167,0.0380566510081309,-1.0000144528862274
-0.0281289051679304,1.7112997781673998,-0.3604323804048204,-1.1773108835406982,1.2905849149608792,0.0621286549584009,0.8901570041876167,-1.1341569545507924,0.3090129268199015,0.7408318956153781,0.6507363093945482,0.310820724140298,-1.612872155136312,-0.785171496036141,-1.5001952150259057,-0.5311149673319974,-1.1876150302205657,0.6894054768964182,0.5918786932643828,-1.0202107072835551,-0.1205656113616295
0.1825924038715828,0.1670030756226617,1.5238089711942018,-1.6531094409765776,-1.1605554849804738,0.0791594675783985,0.5446941647582824,1.5358670613782217,-1.017210213226498,1.461110317431078,-1.7077873237022618,1.1035396279413854,-1.7270102534479077,-1.3430289005129503,-0.6582469274481277,-1.6468016196944997,1.4162275661137398,0.1125530936430733,-1.606793940134509,-0.5667886985771218,1.0525207249634243
-0.1695003442028882,-1.1125227635501942,0.0920941844515911,1.6898029544947455,0.6929345577762853,1.2024100662780817,0.9549690881008784,0.7272310525075589,-1.6806450430311453,-1.4085745739436488,-0.8480218521882116,-0.0526679350644392,-1.6165167531118927,1.2214966163764125,0.2056522161774632,-0.5854887801812335,-1.192397034814546,0.4208755957288245,0.9555741686624324,1.1000418807177417,-0.2927741982275766
-1.015041262510248,-0.3581006409018455,-0.96942256273007,0.9723659603701956,0.5957370448813729,-0.0374384988522376,-0.6749236177290009,0.6757155154048899,-0.5080926875529623,-0.4263741710655708,1.26891255217106,-0.9295602332579715,1.6727107560583463,-0.9064951394919922,-1.3356145845100338,-0.5845219904164433,1.151805124489429,0.9126365333422072,0.667780951736939,-0.4446940754383628,-1.464127023749994
-0.3982408738295929,-0.784292136288233,-0.6839400593495074,-0.2397064069871293,0.933929730990733,0.6982620775306736,0.9182505101850992,1.0779802207575422,-1.349334143954148,-1.4180514485919913,-0.9625131015435124,1.4137962227872711,-1.6370172087310528,-0.3749948759009774,0.9580689093635912,0.99379402039619,1.1465884609559367,-0.9894683202076412,0.2313815392570323,1.4157011437367053,-0.7866966915348999
0.1552009852911931,0.942504297044966,0.1867890068957396,-0.9087977849354184,-1.2019979097982754,-1.5482911753960946,0.5244535098351044,0.4927389111440027,0.0181453256014787,0.8221579683695097,-0.440062017835195,0.7494864304911351,1.5511265635096396,-0.5328877388948408,0.7040479728311017,1.017856825662216,-1.6746656848671493,-1.372485012228392,-0.8754961999649198,-0.7160354341190278,0.3698255195586873
-1.551117366989708,-0.5258993699637781,1.002563073972915,0.3994151948184537,0.1870986388625417,1.631273969530444,-0.9500524890437498,-0.5488223179937802,1.0825774767993652,0.5463676392262609,-1.3302752256153478,-0.4075644520919395,0.316320581437669,-0.5273993911707887,1.173813914946534,-0.0973108003088621,1.1194307680212436,1.0058798397902942,-1.0763294955762714,0.0318257791003682,0.5331321288634204
0.2085617357542321,0.9939768398884732,1.45495359872122,0.6057919010053913,-0.2387847619250677,1.285418857360513,0.981032270283312,1.3503016440122386,0.4125217829881621,1.6878779309386134,-1.4637030759827032,0.6221498375745615,0.6796732351487245,-0.1968519473663403,0.3888438512020764,0.6073657739287897,-0.1505131844262127,1.492314029525265,-1.2911446581413963,1.2936163516590424,1.773463811734996
0.7823369535688999,-1.6635005964761873,-0.5660781618893046,-1.210788414332447,1.0319011855369742,-0.8046168968615075,1.1488902167341346,-0.94308278443671,-0.417477606067423,-1.423078958207213,-0.8360078327813871,1.5293828561163392,-0.6084567549506944,0.8575806159792952,-0.0694776107430114,1.1924994579203343,-0.5211121553152338,1.495117438090428,-1.2949277517060154,-1.1562809310143003,-0.3227668194910839
0.2044745795006387,1.6813873607689542,0.7485276023244676,-0.0197669080941295,-1.4330162746212516,0.2941090392749152,-1.0597781555503167,-0.1389678274228836,0.5966435805302036,-0.4555627972729269,-0.7494901216316815,-1.3653888432392456,0.4748669349054867,-0.6936503878182982,0.4941151650619505,0.8516957197906805,-0.1873329561934527,-0.5447903664142713,1.1743997403905613,0.6958768015185386,-0.7129559709090616
1.4703120253107202,-1.371028171008715,-1.5972734601336134,0.6464791219402282,-1.637146736960748,1.5292359080651488,-0.7379930973792872,-1.1606860092354556,-1.3362479245183865,0.4268445066280018,0.8998850874982287,-1.3904228633134794,-0.7198623390937833,0.7132298605856653,1.6543769498312038,0.613893623347456,-0.3620766955929195,-1.6426436451083986,-1.3687841298463406,0.8767671885925937,-0.4352129479508819
1.2778293365394429,1.1681642212151733,0.4465394742447161,0.3389785812436277,0.3982815876552252,-0.955537543828199,1.5416709029514797,-0.2901791339610083,0.394311750680643,-0.4702455192653981,1.2492551789449515,0.9979357905835528,-1.56201407396278,-1.0870699543896667,-1.6139931625991533,1.5107105871215376,0.4550510872558367,-0.0291269673199722,1.3976301402212044,-0.6857006597708212,-0.0098643868594215
-1.393774519252117,0.1708596020940135,0.675459302919775,-1.545710144259692,1.5748392184789817,0.5493080332103437,0.5828650501528284,-0.7244576555674649,-1.408136605900098,0.2169985007792064,0.8278565797065264,-1.2915676051450713,0.1767855179837521,-1.1523050340979646,-1.0502290876610905,0.2067944845617284,0.1094087621759422,-0.3015746547650009,-0.7524632705578591,0.2527528381903701,-0.6942230533663296
-0.4406399974243637,0.0565265784194588,-0.1010886393055154,-0.2049335579966955,1.5624220591582392,-0.8691172908772744,-0.479585423434915,-1.237315963017642,-0.5300984294915364,-1.4924075755370776,-1.614021956430959,1.1329202665736149,-1.2048083905182725,-0.1175746534754822,-1.6771928089475518,-1.2999223597057723,-1.3081704204467697,-1.44550342806408,1.3318928455743604,1.1034985908354735,-0.4791016470100283
0.0011793879172486,0.2438390043581856,-1.665882877950991,0.7746647764485322,-0.1925670921050152,-1.34103214473246,0.6603604024707844,-0.8881341457696078,1.5094658080080054,-1.585356596903331,1.539819990114767,-1.2281772475674404,0.0378654453778386,1.1802555068446734,-1.4361874996643973,0.2992419397796331,-1.634728618936612,-0.87981665312201,-0.6575985594939661,0.2583480254352879,-2.071977607674854
0.7041953927961322,-0.2703537383257759,-1.269228743007533,0.3178558080656967,-1.1284044262859956,0.5683790754647194,0.0511801544226185,-0.1548021727662092,-1.5622894247334032,-1.2038654181986257,1.4874166397855564,0.1765435173037562,-0.6145792500756806,1.7160814400707514,-0.743150932902178,-1.5599981069792033,1.461473433966387,1.054763101587706,0.1218699160520906,0.6120540050997619,-0.7892305393446858
-0.4143696393409976,-0.1453723466500167,1.5275681397048446,-0.3553202391903077,1.424970468011645,1.2691543413028414,0.2259904586516813,1.5378475873042627,-0.7456450289430788,-1.6970604258632218,-0.546345906588412,-0.9190991274640736,-0.2725462965226935,-0.4946238171577016,-0.0973592074377486,0.8545691613296469,-0.7752216032335978,-1.303612393423888,-0.4836596554963521,-0.0499805967842923,-0.648572275667443
-0.7061231229578294,-1.190948409292052,0.3397183488187164,0.8584517735183985,1.5243922049290448,0.0418103156957147,-1.6638167102840695,-0.8014814452311784,-0.8315446993078556,-1.4314699810867455,0.5228547485085965,-1.607034074514357,1.0081500788346482,0.182033900915361,0.1365008353302949,1.2778345331645138,0.8402220242455165,-0.216938381760685,-0.1149953852349002,-0.5378839980233918,-1.4356433000399194
0.064309833629727,1.4863941337808386,-0.4952948940420686,1.264108378099167,-1.0163380136024858,-0.4486252681838927,1.5951399198090768,-0.1760308310161242,-0.3456016254896348,-1.6396173882287142,0.2169062366219043,-0.6263298839753665,1.664566314922461,-0.9115285825527388,0.3992474632984943,-1.1331228994202196,0.9775373292742914,-0.1233493344503491,-0.2494217511901834,-1.3971251751032494,-1.3003440082998223
0.7493778178302865,-0.1128348091219081,-0.5360084412690131,-0.8252601199307072,-1.6812540400822351,-1.667781789312475,1.2055667242032917,0.3844808235206106,0.0925152794806346,1.2432036096110766,0.8886618235160691,1.5828068294112976,-1.378243150533721,-0.0089332935934653,0.6977821058082291,0.961262102446144,-1.1808712965279464,-1.5428485575378557,1.1673759169876743,-1.295821046090495,1.5272157562124509
-0.3045909936726706,1.7199673881755746,-1.711492571703132,0.3741508027369816,0.1342660688902407,1.5106372372440813,-0.1491334078827906,-0.1121198979363741,-1.487350025711376,0.3629458151828055,-1.6159617336781231,-1.5247409788650372,-1.5747578977534114,-1.4506919547133836,1.068459743098092,-1.3664376190901737,-1.010894575315216,1.3075278819595535,0.8909502932207277,0.5283069531633094,-1.6328038513506882
0.3150565736991652,0.4528156151484847,-1.4309042190949426,-1.0002911553320395,1.389278142992754,-0.7416463393500526,-0.870409577508241,-1.3923247928475857,1.2437512075270545,1.014606357876806,0.327149006361522,1.1236213170258815,-0.2985371388423507,-1.2829894432957978,-1.4775804582019334,1.5199854380419136,1.692476197699116,0.7628663031339625,-1.4692120876930816,-1.4142745905836989,-0.0948965142013635
0.9218421015669844,1.707488897716554,-1.0087316998473792,0.0202689998039144,1.6632139165263329,0.2961374526353026,0.175380354967125,-0.2802763242287797,1.3944920318824772,-0.7503923529327966,1.0276467892804286,-0.4464231508850966,1.2807103126605432,-0.8556231419561336,1.5957700651442186,-1.56840572748526,-1.6309811366491105,1.4875298750526775,-1.7580576195699225,-0.3146815272464361,-0.8296861228597653
0.9726594407393756,-0.9387308737602482,1.077646933209598,-1.001536267898805,0.7367848427499791,0.6650542084585089,-0.7779495474206182,-0.9664664134551516,-0.1556415163152573,-0.07995116006068,-1.307574221758259,-0.5321532571305062,-1.7315509314388786,1.3993877393642822,-0.6555846046510306,0.8561691594110542,1.243511650056509,1.0157348117761364,-0.1169355238802133,-0.978058274716782,0.8848939957394231
-0.8990356024963042,-1.0469141717997985,-0.288077273230972,0.8188709252789264,-0.3411472452939156,1.605264857365402,0.183878651362478,-0.1074753640508902,-1.0947158170980518,0.910727535803684,0.7960285391022125,-0.2646504267497496,1.750915173128712,0.2935366610108479,-1.184675601431759,-1.4435647807225551,-1.2040174418739495,1.3523656903595316,-0.5426257826041203,-0.869233521891239,0.3506326035192121
-0.406262768462802,1.26958438475207,0.3617931293009834,1.4588680371152438,-0.0580608083540506,0.3207351935578904,0.770382048599104,-1.2656986075871268,0.5567163152272881,-0.6371435352001894,-1.721556788114591,-0.7631728906020353,-0.4327523446592267,-1.1436092726634106,0.2025628587889105,-1.4745910114650824,-1.6157103166396392,-1.7096556309819375,-0.5692070093714117,-0.8634209259758362,-0.7830274398353955
0.690588367485553,1.3732503469925776,-0.3382942765791923,-1.5016707368005502,1.4916821558659783,0.5505039863921836,-0.5365942246834702,1.6902735252440146,-1.1606424103466395,0.4933018744593302,-0.8646519861591003,1.7165238872641142,-0.6964785148382693,-0.8726850987425279,0.6523401348506173,-1.6059852114144857,0.9859279849928688,0.8374057695430053,-1.6811397525645084,0.7123271382176946,0.8100846345874745
0.6775570765794662,-1.2723383094834937,0.8423862833933964,0.6635719059721316,-1.0353791855015275,-0.7965206883645222,1.139616061670337,1.4343775703155348,-0.8709388717972673,1.7023566837676618,1.1390895215006471,-1.097928690489678,-1.514755523338536,-0.4129466708822944,0.9997508146138598,0.9438363210726096,-0.7271377960518117,-1.1319465971169702,-0.549940043019507,0.0112714552000542,0.5250395448749572
1.604771328813444,-1.562997781628494,-0.1760240875214083,-0.1000593496335637,0.4538459124868889,0.4654868644550122,-0.3755859125633987,-0.5118951889601271,-1.1830068515225012,0.0279012160412335,-0.8311094962675714,-0.5856386838969397,-0.0726640315582497,1.5092158217519662,1.232170340397093,-1.2551781710907437,1.1579888019573814,0.2383027718517154,1.4586424290462714,1.3921657492387138,1.2447942227495363
0.1524753956059977,-0.2693088364691229,-1.5580850629428524,0.165727502508736,-0.4297322201647447,-0.4251651873918378,0.2579135430278609,-0.7867042586100502,0.4734721805250035,0.4247395428048629,-0.0184605570666073,-1.232955930778325,1.6257176699689109,0.6510384739477365,0.1865532207117903,-0.6797993797755332,-1.4012234534413524,-0.6409118790043699,1.274964645723432,-1.104514628539763,0.2851944581926035
-0.5388799662693868,1.4676202041028097,-0.2348756421765844,0.2173997407153924,-0.7300326231876504,-0.9940827433517928,0.3236584265762106,1.0923687858160671,-0.7181224569694921,-0.6729447688165782,0.7316908903926432,0.443919352153776,0.8383155924425392,-0.8927053916559334,-0.1468916043839162,1.3592036333562638,-0.1325155784545931,-1.3377320277507174,1.0150015936805383,-1.21681964291292,-0.5510816606195923
-1.229841775974563,-0.999874581808885,-0.5698733650306159,-0.9618379864270012,-1.6314510580123136,0.7078396308911228,-0.7251048102349573,-0.8109923324020369,-0.5692832345687346,0.509869278912148,0.1944581833208551,-1.148573929069158,-0.6989621896044007,-0.4960508384189367,-0.7911779139943584,1.5661644608437473,-1.4705983880848397,0.3859805152483323,0.4300799852228008,0.625032526435472,-0.8829614368148844
-0.8124663628207852,-0.513546817046012,0.160609058556546,0.6950270543262947,-0.5159298236758253,-1.4691780830967478,-0.1206677855614301,-0.6276607222434848,1.688852710819808,-1.724863421760304,-1.475661666930347,1.6504951115728568,-1.145620641981274,0.0111558530358131,-0.5785256564756303,-0.9985486174089302,1.2356208276830427,1.41778350593197,1.5010910152799897,-0.591867577951794,0.2015132908188169
-0.8885611412338155,-0.2566402575922373,-0.677590625345279,1.3344529772830138,-0.7513640118871905,1.6462118509778916,0.1398558051059165,1.5927901400009732,-0.9201232555671496,-1.2953248233553505,0.9654597033761134,-1.3508469522803777,0.1018221209053348,-1.5152847179575173,-1.3691315083815812,0.0358562743881883,0.9873468277705194,-1.174295318205168,-0.7736657150105833,-0.4514511829386483,-1.6696613768270394
1.329271727543125,1.2333821385698125,0.7972148419747582,1.619365317354474,0.8913886296332054,-1.0107180414311654,-0.7481097573562651,0.3258776428786548,-0.6116803500654073,-0.1430023487076603,1.363621829560955,1.734625522035132,0.8114280985296612,0.8522258669209491,-0.855558357564468,-1.0254053735760449,-0.146007101000045,1.5619964423508828,-0.4606283630390611,-0.4184145735933673,1.4893356569429668
0.0802628800906935,0.0854425984915396,-0.5223548285818831,0.7308487189087516,1.6829612755264394,1.060153724456257,-1.3672205883744153,-0.3311463796883842,-0.8099402348182833,-0.345224126000627,-1.556188495297162,-1.110176609790824,1.6194757130019048,1.591549968658244,1.2672654940753865,-0.4637144010740235,1.1757879775571551,0.401768580046829,1.621614138055816,0.7648400588647293,0.8662167423667239
-0.799743221486358,1.6213189945128668,1.490775677087012,-0.7157621048977721,1.650294409198792,1.0905438695684937,-0.1196094680090177,-0.7468631307038008,-0.5232000362780034,-1.120939586120083,-0.5842808460326746,-0.3755503724475032,-1.24544726780963,1.4969767899148765,-0.5257359838156089,-1.2601324217717016,-0.9216652193977882,-0.5109577056021902,1.6354205671499604,-1.655676658973069,1.0555716763855705
1.4497717289483365,-0.0771283665736903,1.1780268778177971,-0.3301188182060906,-0.9510776452892896,0.9113730243466376,-0.620059445132687,-0.4133009363446624,-1.2593283566930116,-1.6225322766161685,-0.9484781367981708,-1.301683686262103,-0.3582904171880103,0.5468715732552822,-0.4378923811272437,-1.4577724491269055,1.0699366642301056,1.120454459490549,-0.7257726756053894,-0.8585954497966896,-1.074768114613457
-1.3639412816304053,0.8229456096494204,-0.2055986302555667,-0.4894791221875496,-0.0667860171326978,-0.12848738790921,-0.6552759888280845,1.596526856282726,1.5206697471064754,-0.4286624972075593,0.4885509822789461,0.0181227692616309,0.3616115017190496,-0.1276291978481859,1.489971945183325,0.9606524583981636,-1.2407356589535878,-0.6268373559530535,-0.0629603472000109,1.5634805551860826,-1.2973825569676989
0.9066535579552508,1.1923023724463666,-0.0914881282330878,0.6662771545247574,-0.5458562655476392,-0.765433432173406,-1.6394665619300004,-0.6027055544568423,-1.6020289408754702,0.3549170395901469,-0.8809983737765368,0.1246599684120103,-1.0179237111763977,-1.5369007460722144,1.271348124809704,-0.6844115904869911,-1.0304672483421151,0.6654936779635787,-0.3616615542134667,-0.6905384702894667,-0.9830100569903736
1.1428979713790155,0.582068199048891,-0.3302113935682826,0.6461442547745712,-0.8446037207815846,1.2239827467269329,-0.2505243180626059,-0.1232543062580853,0.3901863235183581,-0.03744724556442,0.6122084860041798,-1.0542064516743967,-1.438088440060105,-1.016834953573949,-1.553972398681019,0.7210217890049652,0.9502143083828808,-1.69549790791934,-1.4025061960542835,1.1683956010645402,-0.7392341343933316
-1.6399604075234553,-1.4342993782905054,1.049160425622972,0.1073741008390402,1.2842671808941617,-1.651934765614951,1.5048400324169746,1.7533641150711703,-1.6660840268143404,1.301186484053877,0.6087461128395295,0.9058334491694772,0.4048374401692901,-1.0270442331465808,0.43623014250819,1.2106882553818803,1.650292681969758,-0.9000029962581214,-1.7481206464387613,-0.5692936686584336,1.4053920357175114
0.273712358190928,-0.8264833051579193,1.2429850108638731,0.8201032605932796,-0.5354638815179587,1.459200799788677,0.7400752932437764,0.5135280166393323,1.770522068701595,-1.2313456694396068,-1.3446010829325177,0.5938430435091923,-1.4008703255561965,0.6441653759623363,0.9159489246865866,-0.9493154797730512,-0.9788719200536276,-1.5477362667169083,0.6306966390504575,-1.593648335462297,-0.0146187498022644
1.717322739311618,1.4408484892154416,1.1124741958882662,-0.2415524242395077,1.1738990884200788,1.2324453701675755,-1.6544654842934523,0.9187225693345288,1.0508013933591496,0.3257765826805278,-1.0174141950437077,-1.313490033098856,-0.4025484338558799,-0.5900582482033926,-0.9918953043279484,1.3191334403172457,-0.9426381742986424,-0.2933556316784297,-0.9658243066603476,1.6242138226532217,0.0159152787859032
1.699941103297245,0.4249790052224293,-0.4464311226415285,0.4749080749718082,-0.6423177476140529,-0.4966926334310048,0.8246483787924481,0.8462223931843502,-0.966641351226602,0.5985572452391932,0.7995547630853066,0.5222804565492617,0.1748657014728544,-1.4588845347049475,-1.691248555316456,0.4616073620015916,0.110793950515846,-1.5771364776870402,0.9351297617918992,0.616121104914828,-0.4522798879290116
1.0542485095115204,1.6057123063789576,-1.5749210730767182,0.2422012835693509,1.2933801957800144,1.1080036615398348,1.5575466545411103,1.0041720825266087,0.5382532337855773,-0.991745021221278,-0.811334435209019,0.7578824233600284,0.9398183803333184,0.7987717956694979,-1.3360217975330615,0.4737869943372087,-0.2746119369420433,1.0514834747597508,-0.9839635890061348,1.4013579329586026,-1.0220375192755589
-0.2936412980289949,-1.2743387007673543,1.0455835790046002,0.693817772939369,1.68015634157239,-0.8835017933488784,-0.4436929815048097,1.7697494502218791,0.8546778696276713,0.9109758809808228,0.2043244761789332,-1.3258822528972949,1.251234392543511,-1.225483564407722,-1.5432249938745848,1.0908208956107988,1.4684367659452748,0.6128571034556349,0.8410580011593769,-0.1044656275588615,0.2041037540293843
-1.7212397611775867,0.1625792038972771,-0.6296668020008117,-1.7652279319585429,0.8615405724783688,1.7029185142836964,-1.7315750342395162,0.0948731101184224,0.8985339112751088,-1.005161216153724,1.5989832324313007,-1.4170253530169308,-1.4923064367596122,0.6687762570847884,-1.4914702018929318,-0.7665364242464343,-1.1996153407357233,-1.3459439951004208,0.5089737320658352,-1.206643563194706,-1.4486479013485196
-1.2569168044101378,1.7138984789630702,0.8983182338410102,0.7800914678940278,0.6306251068360874,-1.0208879316829405,1.3176860937490322,1.482695212254144,-0.4685023105975272,-0.7427554981891374,-0.3142720089003666,-0.2592298801870719,-1.580290154430813,-0.0345493511071602,-0.6329622070426949,0.771544908922808,0.521222785705772,0.94801466864675,0.9202341509254868,1.197316742768354,0.2218654063890664
-0.3777053020935887,-0.9053838453100757,-0.5431489133664461,1.2728826575833576,-0.2980142753909993,-0.8079430626695255,-1.1099731355931388,0.9547045976973636,-0.050511814026377,-1.3109559651562974,1.1113418381597784,1.6992120602869816,0.213111365502488,0.2711469898160478,-1.6331808383312345,1.09539408567646,0.6237308652120397,-1.6904490779844794,0.5967068277285885,-0.919521249979041,-0.4633309468982423
-0.6845264673619902,1.029352423861667,1.544746613761951,-0.0586476504339935,-1.6745187486501094,-0.1567046911307615,0.7848326393623352,-0.5113461278159432,0.0701055365066758,0.2346029412078069,-0.863803985467931,1.319520183265174,-0.4691277920683622,-0.5730119738009272,0.149795654387235,-1.412587276411673,0.9490166652563836,0.634372575667178,-0.3459912198715776,1.6586867413794204,1.4395708847068982
1.141830650911228,0.877380348779741,-1.2392601509562,1.2984492841285058,0.1141121170507278,1.1187896377770803,0.6742323731018334,-0.3063511468626984,0.4476313363750376,0.8452236320371339,-1.6990868599038549,-0.487616434695368,-1.1206192871001397,-0.0164960712530348,0.8218513812544245,0.1053052810056317,-1.6451051648201782,-0.0312469854347413,1.3648774480116528,1.3027394768747085,0.1216969247756235
-1.2882048200082594,0.355253380276205,-0.4125591913518246,1.2625647454386533,-1.5885111667671783,0.1694120041879619,-1.1315052125952798,-0.6809839911479367,-0.8066171164134581,1.5124941547282944,0.642435038612209,-1.035533627935668,-0.1673616520877056,0.1709003742620531,-1.3675217986891826,-1.27029712364831,-0.0318586451676314,-0.5959186876165324,0.96115219630583,0.3257171809804249,0.6437594890484475
-0.8880817470744794,0.5591070991372791,1.16818337970804,0.3568826115415651,1.213619416216324,1.5769716307585346,-1.2119051484548546,1.5202140180129855,-0.7367410993424581,0.3784788513808361,1.3888119389553053,-0.7867692001191123,0.2769002919918707,1.630878287202531,-1.218394637387523,0.1140559917971802,1.5598943592416863,0.6586053308996045,-0.9910330019207853,-0.1694259555915328,1.2412916186375451
-1.3379297843968825,-1.410077249485427,-0.5457879695388422,0.4613200436430169,1.0872872218220642,0.0421557997566756,-1.0135320544445547,1.7581697456974563,-0.4182500843451955,0.9484583517650742,-0.8139399306430595,1.6130883964922982,1.1206324266457226,-0.5659451608267811,1.065467834154613,0.5943853536215097,1.2701337953845837,1.143220807186616,-0.3098830112342753,0.7180541161562835,0.2878423341820878
-1.3965033939630191,-1.2542393603075468,1.3237313678339122,1.060958187731689,-0.4388175512876743,-0.9310158961356916,1.3143093647691733,-0.8591281174858081,-0.2817399490382574,0.3237864853586484,0.6515855148149955,-0.3384993735064257,-1.580596895322668,0.8609531729240409,-0.6097532378340711,-0.2460531417040248,-0.8736293672815336,0.440316492644632,-1.6818617340942088,0.5202588980040532,2.3107061095378683
-1.5954952682735837,0.6737247673981492,-0.8759747151145004,1.3854962976437213,-0.0704507895498708,-1.1172626450158158,0.2492687139329444,-0.5190161214915557,-0.3624979374539535,-1.2752675796294868,1.5802069103099996,-1.471482020630306,0.8447715367842601,1.0090281852970802,-1.1774219352153317,-0.926124777587438,-0.521935375229415,0.9806417026403024,-0.6457339145357212,0.399236725153464,-1.3858125559311587
-0.3805966508094994,-1.1100354352491126,1.45556647076761,-0.0589524952265458,0.7066159650176757,1.273922137018922,-0.5505936703579261,-0.811517863792955,-0.6296452912886534,-0.4657925187557574,-0.1976534625065105,0.7739120693925072,0.2112846335347809,1.2845036700337835,1.6246699413152512,1.7029949599642986,-0.1188992202018301,-1.7271178806646497,-1.4324001025507265,0.1522985553270619,1.8730936050498248
-0.4094347540618368,0.5340094877536532,-0.7720567057852954,0.84508122682859,1.500145275843348,-0.8946403449335518,-1.4877081694096654,-1.1865157772513102,0.0834648324022418,-0.4407636228375859,1.2136884844602491,0.2050448089822814,1.0473754474974803,-0.8394065443711528,-0.8212842903556863,0.9401700422372956,-0.8426010481776992,1.0073358297762052,1.454553719235078,-0.9115605893503111,-0.6947883180325607
-1.5105634502290608,-1.6595410449908123,1.1952796771091827,0.6962911678950253,1.1216938941197192,-0.0054784057822727,0.9458382124832084,-0.7818592273500383,0.8789457224003657,0.3039768273907373,1.5496984169577603,1.2155329985803665,-1.5040277670769835,-1.3716924292716246,-1.6808132458653118,0.2647448139635442,-0.8409173097344133,-0.9717932793973248,-0.6207833085234937,0.3256514622474707,0.2865754955627002
-0.946830213480266,-0.6407063349966946,-0.5051719179678982,0.2063090479898237,0.5656127110743,0.1393141215939362,1.5777038040539375,-1.5508719740285564,1.2472183723780994,-1.1921173818580233,0.1556322000841584,-1.4662902546015597,-1.2642626996628927,0.757089948152982,0.180218553498049,0.4846361849935335,-1.451913920773007,1.361597330114718,0.7379960747453304,0.0166369583261853,-0.7357036930290096
-1.313043700612641,-1.4603705337423871,-1.0232244700520952,-0.2432473266520021,0.2644537043364043,-0.5763707888994141,0.5109590746738579,-0.0985453117982498,-0.6621108599830585,1.0352393985562425,1.358283873648888,-0.4104833029029675,-1.5576974433648685,-0.8748540440728059,0.5464908642254387,-0.0603671196021273,-0.0949370848864479,1.4671770364997183,1.1296227756784,0.7785725372564369,-0.5095794499033339
-1.394609186372708,1.5496453728390494,1.4547828670305436,1.491863973488279,-1.5760916991183307,1.4559085429710057,-0.1700787006877497,0.3172627039487917,-1.517440902645502,1.0817000582221246,1.1536102804701884,-0.5793517658108597,-0.8944039516571284,0.4553057205224556,-0.78539285535696,-1.175775861445884,0.828218768511494,1.3914840387856755,0.2588242734522368,0.1435454672115575,1.2940299556790855
1.086766632574796,1.6315256549805373,-0.8237356557627948,0.7835559845793776,-0.3161109947029755,0.2690612224276334,0.6597203318332241,0.0650157593873343,-0.6125921268042641,-0.1539407261084675,0.962907237798532,-1.3641597470628448,0.4989893585297561,-1.4856164607951308,0.1544877823478666,0.0257038787073991,0.9054764031814858,0.2673039997782623,-0.4569296718888602,0.6132703173690941,-2.184951068516237
-0.5728237495732219,1.4054986923925974,1.0918281521731403,1.0847743442829982,-0.9125575664029169,-1.1974783493661292,0.7526740202707668,0.711739662754624,-0.3422983196961093,0.1414408546793968,-0.0910365719677833,1.4444292834264885,0.2497922421343395,-0.2434263615497802,0.6226204153426805,-1.4799065668065083,-1.1572537123689743,1.0622024581315703,-0.6016052197726456,1.485826323309786,0.6460361842025396
-1.654352818231532,-0.6271535036512257,-1.012126926379093,0.6766299849179146,0.2823084116855084,-1.0371935860146226,1.4015018555732346,0.6536187902761563,1.2080729898330202,0.8239704071850479,-0.0879032731448575,0.3980359288033027,-0.0993029593849997,1.657034289773906,-0.2497381783792377,-0.1761381013024836,0.5776573127506133,-0.7446132775192961,-0.1228298404691499,0.2198707242100387,-0.2734355115740827
-0.6962033620407992,0.7269072159840737,-0.0661254878401838,-1.542224961362968,-1.6358955252147391,0.9504285492050194,0.9987517098990416,-1.6125986083503556,0.2548521829064462,1.2261284017505278,-1.4755590209856269,0.4580691157075101,-1.5056204581612556,0.1656448266091467,-0.8873233741338175,0.4801796544503539,-1.6095934337033302,1.1912385781774213,0.1766028821705991,0.2857183945896605,0.2144832133738301
1.5647793023513883,0.6226140672737052,-0.6304509197137291,-0.4881988495117037,-1.168553275269424,-0.4369792671057378,-1.046627936071176,-0.1512127552778187,0.0237123939504596,-1.5406160834102962,0.9870069046889612,0.0949521813284962,0.2191036566622819,0.0153828252306716,1.4241298711279733,1.222693147344603,-1.369369512682174,0.3813963736053493,0.1511227140851526,0.4812543129058549,-1.7982089952382758
-1.077881062109793,-0.873729491893059,0.7395328026178476,-0.2743347316689051,0.2145564440827138,-0.6216860067675963,-1.6337099878840269,1.736857273746097,0.442603560915058,1.559265468686051,0.0334212209631834,-0.8521475109224126,-0.6674476473019796,0.1087790002564596,0.1207194017775097,-0.0527623229424219,-0.4576351882869717,0.332389063160488,-1.0351422237279362,-0.0794794239331925,0.6307709878292775
-0.57683860328758,1.275767433420471,-1.3996953099338592,0.9664042888215304,0.5720947826057692,-0.6790997430798652,-1.0929058180050624,1.5212578124629506,0.1334439457057666,1.238254692750885,0.5943660101444833,-0.019585334955506,-0.168739057815512,0.2341848497563344,-0.1496314375411009,-0.218334415748642,-1.175812271142609,0.1883171715032889,-1.123119127344444,-0.5353634824750337,0.5360346285743948
-1.4731457792313172,0.4470270262046309,1.098640389643616,-1.4155885209335346,0.4607307382435368,0.6123959922035596,1.5528010468929458,-0.7882575193869196,1.6842733714671063,0.020468812807864,0.0214290318515827,1.3164601190923753,-0.5379082284598307,0.4490368091214201,0.4116434038398123,1.5708286306160462,-0.0105266729381301,0.5613593125238732,1.071612062130126,1.5548091725251891,1.835579905436412
-0.4583437454426746,1.2384301636916388,-0.0746061175116038,1.54737426617477,-0.5873060512418348,1.2084855902736564,0.0122271350612693,1.0865128389357,-0.7774732809983033,-0.140966674426445,-0.8427740859171823,1.126824131940138,-1.2564217253881456,-0.8171024841720766,1.507429225542641,0.0391617100857932,-0.5915682593207908,0.6257464087538274,-1.2925138919860035,-0.8583053379614036,-0.0899373440722373
