feature_0,feature_1,feature_2,feature_3,feature_4,feature_5,feature_6,feature_7,feature_8,feature_9,feature_10,feature_11,feature_12,feature_13,feature_14,feature_15,feature_16,feature_17,feature_18,feature_19,target
0.1438332365047464,0.0540225597588547,0.0851841107351374,0.0482692287478995,0.0304946391536265,0.1207605650200442,0.0593535783095897,0.0499820941524125,0.0529207674905388,0.0440107356298811,0.1344899190358253,0.0008657265896581,0.0829236560180239,0.034821551245424,0.0050915856499472,0.0034692659663518,0.0073178634005487,0.0182371070204285,0.0093691045973354,0.0100347469516214,0.0045479580221042
0.049318870776164,0.0440702821539717,0.0415213803661907,0.0704614154127149,0.1304208161859711,0.1308523757429355,0.0005068621916493,0.0319430819101625,0.0529917351252975,0.0095581530621376,0.0165191217214854,0.0015325115481961,0.1429462400878096,0.0428238409349072,0.0078510413243403,0.0864114847248087,0.0186227843786838,0.0061471871355173,0.0129445276720441,0.0996087000017864,0.0029475875432251
0.0254983336072115,0.0923692851985557,0.0179872860189091,0.1087072055367138,0.0596090456061374,0.0548115216762297,0.0131981917120857,0.1285595363275522,0.0599643221195884,0.0149919558249227,0.0549593027058249,0.0008987037298995,0.090481433686957,0.0012581623576287,0.0046863449467722,0.1072634303432842,0.0176275186759197,0.0084139795870588,0.001338551640202,0.1355325432845441,0.0018433454140015
0.1123324534600941,0.0610732309201116,0.0509224428479001,0.0439673306884723,0.0786880491303869,0.0943034434245163,0.050611817781962,0.0412377584056972,0.049286939792989,0.0030578167102263,0.0501835185969479,0.0001488870895162,0.1330957994349599,0.024560671489504,0.0084209746118167,0.0375309851866578,0.0262190276752369,0.0102757777680346,0.001453321175452,0.1215650266687031,0.0010647271408141
0.1486233358186616,0.0157761946030599,0.0858421306968791,0.0704245630504795,0.0470207299960435,0.0769436119952871,0.0553367079763613,0.1344492290744164,0.019921465938454,0.0447579549664711,0.1271277870405046,0.0011139337885891,0.0899595522083309,0.0210180939622525,0.0004800925466004,0.0142648114134523,0.0037581856537572,0.0075661636724305,0.0054945509752073,0.0260473396259839,0.0040735649967768
0.1634045848084437,0.0697852148613586,0.0791456855428684,0.0031797968906636,0.1431734254703369,0.0499111532772971,0.0763212098514481,0.1142249324520107,0.0267999596718237,0.029739055133924,0.0201798409020062,0.0006161165710499,0.0243204911682973,0.0322175259242293,0.009089010140702,0.0046432038227008,0.007717056680695,0.0162946655235522,0.0086068241472219,0.1168273880549757,0.0038028591043936
0.095032343472171,0.0593227948877851,0.0935090685115047,0.0739316130539499,0.0553145223280122,0.0300194868034471,0.0421122798922501,0.1402143424414883,0.0579856817757056,0.0079560531856955,0.0691743725691848,0.0012560081094668,0.1235885149069733,0.0257885289190711,0.0014034492846266,0.0187951178679805,0.0250199037116827,0.0023457000090211,0.0005945756905686,0.0732728626910646,0.0033627798883496
0.0169276948202121,0.0029213236267218,0.1070684721896059,0.0860506385161557,0.083504070374993,0.0427098788382388,0.0534154698025641,0.0801604011901422,0.0586678247906044,0.0765182663463989,0.0902223444837191,0.0010028257792586,0.1342221664718874,0.0123397891656201,0.009122602641651,0.0760703000532025,0.0187731698831921,0.0034862593425738,0.0081948860583654,0.0346337244773252,0.0039878911475668
0.0921008297411405,0.0901096832987324,0.0507400458443241,0.0531689785055815,0.141382532813666,0.0312681061066071,0.0090992900515592,0.0717047901942064,0.0179405591426133,0.0517880491567512,0.0567110989724663,0.0008875845508523,0.1011390104743164,0.028965367945596,0.0034151656156823,0.0705044196212095,0.0251134355728912,0.0063977278168865,0.0032484018299047,0.0919390054658495,0.0023759172791625
0.2739352840799843,0.0037919336918782,0.0132736745346776,0.0190180438405805,0.1328452671746145,0.025582172829147,0.0463141663968933,0.1011408918265968,0.042768568256075,0.0702414212326886,0.0282832825792879,0.0012104023649743,0.1354980833332093,0.0367914667902235,0.0068426709143743,0.0033274326177757,0.0189954571490532,0.0128765804721721,0.0114651803213593,0.0119434578300101,0.0038545617644235
0.1010968730038666,0.0333121706533953,0.1141207468423404,0.0587436971680848,0.0510659574526703,0.1060017253924874,0.0017021592393821,0.1250623451745306,0.0010791408693574,0.0081243704910068,0.1258433357130858,0.0009205253208764,0.0732755713480183,0.0279066373987607,0.0049406438410822,0.0881932900082468,0.0034778102275711,0.0001209836719445,0.0042264126172114,0.0676545950348078,0.0031310085312724
0.1290224614258396,0.026843637826214,0.0871076927246908,0.0923559525211922,0.0268025574296586,0.0744445220371967,0.0671072706369869,0.0187478530665282,0.0147214641044388,0.0457520976610291,0.0193912438426916,0.0004490913437007,0.1297093301866397,0.0343966800811357,0.0082630782643515,0.0422135715765934,0.0046459546367548,0.0239936713086903,0.0068513132742174,0.1433373466651248,0.0038432093863243
0.02691722990096,0.0119746386155763,0.072889637755912,0.0562062429199569,0.1329701936790861,0.0678781605326959,0.0037636248067019,0.1038209781980042,0.0436277505095134,0.0578664269807941,0.0711342074745536,0.0010351954866727,0.146255841170911,0.0042037155320085,0.0086474578700095,0.0330648493416653,0.031575773402246,0.0124634075005789,0.000967282452205,0.1096668575716902,0.0030705282982574
0.0135897289966712,0.0783026626944517,0.0702118827119298,0.0671985411339544,0.1046265574212475,0.0582669882513418,0.0119940624405417,0.1408356331557283,0.0118033255923577,0.0662754460431843,0.1146134710752483,0.0001797587691787,0.0579540962116513,0.0329087484434519,0.0031709009436516,0.0234413378620209,0.0133580899142942,0.0141097808822676,0.001679047017042,0.1133757227380719,0.0021042177017125
0.1457399676650272,0.0241441384003976,0.0712595033336924,0.0031028121145971,0.124874136477981,0.0124974425719342,0.010591052165254,0.1339112929317293,0.0514611777685797,0.0234622669640956,0.0772620169357131,0.0005935147632353,0.1463291847395385,0.0311088033992723,0.0050330941624035,0.072178597474742,0.0088580177916224,0.0148271029699694,0.0062775337523817,0.0337435591860979,0.0027447844317352
0.119135381110328,0.0767578253357693,0.0776345541475408,0.0342161495103763,0.0532999993625711,0.1016789761017551,0.0387655327996182,0.0898564081891466,0.024640095653889,0.0477085812730302,0.0278366227385548,0.0012105330616881,0.1086672793100808,0.0352171618223419,0.0082695912164282,0.0205627897062296,0.0160719051737299,0.0082938826757472,0.0077347126763787,0.098263959428021,0.004178058706774
0.0373657358090779,0.1042626419764607,0.1077452405879312,0.035772737773231,0.0715479593647584,0.0817389491864364,0.0257495117433746,0.0582162845946646,0.0470943213422173,0.0117062137224569,0.0526784547020485,0.0007926912340778,0.0771715213762923,0.0280053554349856,0.0031397156938716,0.0985901210951787,0.0309943119760988,0.0023623631763422,0.0017600220080469,0.120043394456806,0.0032624527456416
0.0348298029183716,0.0017316164526105,0.0288203048732744,0.0958116650793095,0.0732330026750506,0.0721219910099167,0.0361017991697541,0.0682935725842794,0.0685969015366583,0.0542834068143003,0.0594497516582953,0.0012484356223545,0.1024848852166752,0.036903918319319,0.0060267462624576,0.0603680053978451,0.0178305505955613,0.0062739383726271,0.0083952653398595,0.1635371657128253,0.0036572743886536
0.0365313708588822,0.0416895350102428,0.0967436853870313,0.0116666031789346,0.1314368774042871,0.0358555595312083,0.0577494992782833,0.1372459584126232,0.0292323442220342,0.0477084527170419,0.0991462130740666,0.000848688467048,0.1355818701801406,0.033123683543032,0.0102140364249942,0.0661190345866786,0.0039557792563186,0.0130376039354807,0.003563449585557,0.0044260719471125,0.0041236829990012
0.157108584257215,0.1063099376519854,0.0569100520539709,0.0458445953207061,0.1389067369490828,0.067887717902975,0.0313370001482971,0.0943115541949565,0.0300814797876129,0.0006737921405466,0.0617379091881874,0.000247806366128,0.0440288518850211,0.0087228033313841,0.0079192513434107,0.0931581563147425,0.019392106829288,0.0218538501690685,0.0062918703595425,0.0055679852382986,0.0017079585675792
0.0286664649432846,0.0113030051335173,0.058117287454658,0.0847395020787053,0.1139382235411943,0.0844983034814009,0.0541143403642609,0.1293819654739068,0.0249503926621837,0.0278666152326958,0.0981009194002733,0.0004165164586244,0.1554912022326016,0.0315871591004494,0.0082019378018283,0.0506051501845344,0.0022272658545666,0.0225947672348441,0.0038623586411457,0.0067530168980711,0.0025836058272526
0.2116975885440831,0.0772737609076639,0.0140998789134084,0.0611791670653248,0.0180177156447354,0.0559365446365955,0.0793757116530683,0.025515506287836,0.054321484675413,0.0532747446009208,0.0836092474646611,0.0017924116482055,0.0268852785845577,0.0286204002412023,0.001196806145374,0.0471804108432473,0.0210775319615095,0.024198122729997,0.0056133545645752,0.1054946534114363,0.0036396794761839
0.0527487880896788,0.10063602154469,0.0971135280135672,0.0004919053950289,0.1139863933432074,0.0446446045482557,0.0564731093105654,0.1323253528992102,0.0379594229034001,0.0194924351157581,0.0178750871955668,0.0006004128703869,0.1593438469107301,0.0044748583859236,0.0058228690467084,0.0554529571210726,0.0005072452936176,0.0022135177660023,0.000564612789357,0.0944543085725634,0.0028187228847081
0.1490843136560285,0.017542261074389,0.0281564051375344,0.0862889892984756,0.1921671477527168,0.1031815578671907,0.0325421951104706,0.0267757977690181,0.0390656217078212,0.0437077911912235,0.0615750508418321,0.000994730656656,0.0193584380172969,0.0029642978333179,0.0081438836573846,0.0222549306363823,0.0204818359915056,0.0235591629851201,0.0016315977188306,0.1188168247964014,0.0017071663004031
0.0513091186110764,0.0908530546127295,0.0601957888740453,0.0112559299833488,0.1299413985091248,0.0702368167740781,0.0417762561702126,0.0746023067458241,0.0204369372157592,0.0694487372399305,0.0801998899761727,0.0005809276539842,0.0993987608266071,0.0197799379125735,0.0088662424688915,0.0267516650149617,0.0176573383127924,0.000541725868562,0.0012579939747979,0.1206657052679196,0.004243467986607
0.1405885654578739,0.0943514056811272,0.0435914280411779,0.0037284959523762,0.1156715236118854,0.027818896507353,0.0263898487267057,0.1233883543372863,0.0027926180381865,0.0839330036838719,0.0968517851842182,0.0008240258788031,0.1241126117629353,0.0371787508711882,0.0104227400918743,0.0195547171046946,0.0022776840636262,0.0201964049664226,0.0077436846956039,0.0154701417911034,0.0031133135516853
0.1221231923925061,0.1187499478611009,0.1039702059570291,0.0282273261835545,0.0313298646195387,0.0740992914074218,0.0025253850303446,0.0322268219892119,0.029744852140852,0.0106291394716197,0.0643138006981834,0.0008165030492491,0.240537305428602,0.0133809430353969,0.0055306128041381,0.0193545659689386,0.0182635875761771,0.0157969850143654,0.0072344015061105,0.0585895802501577,0.0025556876155008
0.1499770274853382,0.0595634862579179,0.1041621842345677,0.0462021047796606,0.0267279160109695,0.0222426310807462,0.0888957285538607,0.1176982966844727,0.0075386979306892,0.0358721174773832,0.1285994890842059,0.0006002125249313,0.0795146258762061,0.0068323473884259,0.0069186727207835,0.0605519481988323,0.001141553996465,0.0151527342195223,0.0086321083487114,0.0308861313393362,0.0022899858069737
0.1293525685848688,0.0153587846922928,0.0850852859086488,0.059313496573297,0.0001077271447118,0.0263663943312662,0.0278100868723807,0.0500766644728761,0.0488056873654539,0.0024016651531374,0.1358111212568691,0.0008519162528116,0.1756123295527508,0.000925104215916,0.0100323837627585,0.0582324694823551,0.0054987688351379,0.0184233139741967,0.0088067334697996,0.1384293957992654,0.0026981022992046
0.0308373872295318,0.1310388055979892,0.0210155915448898,0.1065576850746367,0.0348201768936879,0.1227631982472065,0.0157223867445213,0.1643219794683347,0.0053641181837158,0.006857507959876,0.0230180082237601,0.0013619707607615,0.132319720785447,0.0106314814621772,0.0032583080051601,0.0402262549675292,0.0002914281011473,0.018396967133474,0.0084253741934665,0.1209877548859234,0.001783894536763
0.0282485355683772,0.0532904071628125,0.0970241542991591,0.0788496793235439,0.1008509433536682,0.1066121938688854,0.0411972897559576,0.0001649763857057,0.0368910307264003,0.0383243974864381,0.1254636043283875,0.0005875290803054,0.1083892665109298,0.0213960225573806,0.0094244234634152,0.1019409253153321,0.014734386063261,0.004524042534789,0.0049004952540833,0.0232853225396854,0.003900374421482
0.0594757862960478,0.07966719864447,0.0338358904124868,0.0922972163187786,0.0990768425944737,0.0388514505170101,0.0601671322329115,0.1082174094878879,0.0115482111738306,0.0639194307612882,0.0186372184579793,0.0007454427586839,0.0510602680974212,0.0101825324150051,0.0050240466041637,0.0920760548149238,0.002284343141591,0.0193809075640758,0.0081548049272137,0.1422617022477504,0.003136110532006
0.0744958222651725,0.0778251280377094,0.0959793654999663,0.0418952404899599,0.0791889185850885,0.0197048794539449,0.0881687269498587,0.072964593812102,0.0150921099259515,0.0356068313660762,0.0163736224626533,0.0007431200476182,0.1153402481584507,0.0198224373609285,0.0006017049249359,0.0301751360424698,0.0167952702897731,0.0048809160159289,0.006036841739893,0.1845843397181847,0.003724746853333
0.1684987495518084,0.0230660955012759,0.091168008923724,0.0231845244261769,0.0434974467025908,0.0689824591504551,0.0365569130032326,0.1169851863936998,0.0505994502862908,0.0485047333068915,0.0171147237339196,0.0007747029058203,0.0492750365387876,0.0008668544076352,0.0022609084865124,0.0951546748523685,0.0100421402700192,0.0147412659073631,0.0058831700257393,0.1304436789050383,0.0023992767206493
0.1769657008664079,0.0536804180898779,0.1121621827614652,0.0776863894321349,0.0883421462899813,0.0499503817450283,0.0842351248608339,0.0740706844025575,0.0804345842899196,0.0430835425481757,0.0235342796464412,0.0008802469919416,0.0182670334414162,0.0265221432833592,0.0073832541891909,0.01852568759822,0.0161540205028568,0.0278793911838955,0.0006928347367382,0.0153869654035805,0.0041629877359769
0.1850005592620024,0.071184345376427,0.0751939749787471,0.0996578896845774,0.067323409850994,0.0192014785290498,0.0929468273072196,0.0050905744929123,0.0396547817443016,0.0212241690944108,0.0571708230437872,0.0015931998888894,0.0328626335280869,0.0397689222836739,0.0047156791658097,0.0217033996053223,0.0062129823489693,0.008965453383687,0.0006961766111265,0.1439204691371107,0.0059122506828942
0.2006422750420998,0.075777788659873,0.1355235916167164,0.0897455906437062,0.0406307717401151,0.0170656738721779,0.009005987365484,0.0808890091067182,0.0142847018221318,0.0462266802550837,0.0098862664607935,0.0010981213922556,0.0758674640666374,0.0144268217778332,0.0097099123363284,0.0730910193346718,0.0241885512229145,0.0293727861249578,0.00910991491952,0.0389750085004379,0.0044820637395426
0.0380957023540711,0.1070744297864421,0.0230106253000835,0.1174564076490617,0.0671783151082991,0.0431448452753896,0.0474985365207871,0.1035232822958407,0.0847483938735933,0.0198728212964102,0.0976574443607192,0.0009566831713777,0.1534892555802069,0.0189622088238139,0.0014747612702723,0.041102135904914,0.0116131038410103,0.0046666741897672,0.0088147710384566,0.0073525339959081,0.0023070683635742
0.1362056594026384,0.009741797465449,0.0964913189327411,0.0275177203729907,0.1512888909920567,0.0456793789516207,0.0715016664834766,0.1186869456168034,0.027007308112943,0.017950798028993,0.0457602245044957,0.0010942420535657,0.0396040936538408,0.016542425165328,0.0039320122268948,0.0674042058843246,0.0221208958889399,0.0041955501192036,0.0029707927844221,0.0909089497858644,0.0033951235734068
0.0961516364651613,0.1115039534294292,0.0773408273798342,0.04591209672938,0.0451562446772779,0.0740626759641199,0.0005050399868486,0.1465521878960163,0.0288043495234684,0.0054343276926789,0.0912223774833781,0.0004714302677469,0.031662466203884,0.0147799186718097,0.008386763255627,0.0283954350111474,0.0245554597213399,0.0135730815871512,0.0037327369685201,0.1497165608436747,0.0020804302415053
0.0259332510230057,0.0653481564824359,0.0140214513366546,0.0153083286315808,0.1972185706178171,0.0019449489157873,0.0536643455455137,0.0730437001678726,0.0582866778854266,0.0248957542210135,0.1339441073723997,0.0009429090095414,0.1769822122150345,0.0101839244811765,0.0074458583165458,0.0878686813350804,0.0029921143500341,0.0109085511913242,0.0023065349434889,0.0344610347130083,0.0022988872452574
0.134334813486901,0.0134197943554499,0.0814061555090262,0.0310669464973428,0.1050750980325239,0.0079282737202654,0.0188635600819459,0.146757110894677,0.0572237251398032,0.0724260634101153,0.0713794577661458,0.0004528848514759,0.1267871049464969,0.0168106969606648,0.0039388354767907,0.0923405392395268,0.0044692677327882,0.0001603025967961,0.007233676696332,0.0042480489251683,0.003677643679763
0.1883672502370042,0.0406782000626672,0.0094119930922582,0.0743251587146299,0.1800987851407672,0.0420872421878901,0.0223021335702056,0.0222991008913495,0.0035509425517059,0.0914322006857706,0.1540579409520254,0.000342210533035,0.0561568619498108,0.0097647360570912,0.0132539277545033,0.0515356762681623,0.0221776297515659,0.0077811172924376,0.0017632169739467,0.0060296073143704,0.0025840680188023
0.1682629780218587,0.0560677904421201,0.0357446546206673,0.0235327562360376,0.015415943696318,0.1205326927194428,0.0246169468979208,0.073203037422872,0.0599422296309686,0.0057901361285279,0.0488510086778311,9.695564440049876e-06,0.1630555353189357,0.011645375655965,0.0088044894588226,0.1076842997132538,0.0042128685709379,0.0154556340589526,0.0002770168123694,0.0554053669479618,0.0014895434037954
0.0311896034713792,0.0606177649337005,0.0084196599886273,0.0690498158370512,0.0535952887209839,0.0873698099876063,0.0553442357065332,0.1137363581133038,0.0670508016053291,0.0261463670850843,0.029565489975432,0.0005230159650357,0.1997172427906355,0.010174567576043,0.00587540111318,0.1148501006723824,0.0382417763307145,0.0101115222238533,0.0039676140409396,0.0134436576126172,0.0010099062495669
0.1114398473007137,0.0096143016146989,0.0661312633437415,0.0492264170269127,0.0042491565730948,0.0883666907595634,0.0496910865221465,0.0770732210688595,0.0436876633911126,0.0390760898988155,0.1001212439007819,0.0010169214403528,0.1112474607196113,0.0303450578080055,0.0055670648462489,0.0519335638440718,0.0030714802344964,0.0204090085249654,0.0036786564920359,0.1309741988169484,0.0030796058728217
0.0905884606686403,0.089838333192549,0.0538597832656944,0.0684435680460701,0.1132933852127821,0.0792509131172116,0.0222755885191382,0.0619638465421245,0.0443170375379729,0.0257131034354051,0.0783579215228696,0.001075172999934,0.0877932096393328,0.0105505810285001,0.008455979193004,0.0581522371536208,0.0178700050746161,0.0200708048581616,0.0012891447588204,0.0640094738321206,0.0028314504014306
0.172829736818635,0.0791422580635015,0.0784829023210004,0.0131436152952553,0.0218234776945348,0.0959546287593546,0.0843974310229004,0.0836299857976986,0.0495799729355526,0.0540022033298644,0.0057901415380127,0.00129834556482,0.0273934308566424,0.0035346832802732,0.0031088720405916,0.1155194562725814,0.0130441781007847,0.0219505849213628,0.0052772802348074,0.0675590442585876,0.0025377708932374
0.1397902248728789,0.0895636771473569,0.0688867409361763,0.0791841063829685,0.0198482284411622,0.1008730732351127,0.0674247290612171,0.0679606051200464,0.0109825461377556,0.0602835010756739,0.0535267272577647,0.0005015872863911,0.0464945443119647,0.026232279265283,0.0019327191996291,0.0181927853217213,0.0081823218716382,0.0084809575367646,0.0084032194426196,0.1194114787518719,0.0038439473440023
0.0616143497277561,0.0455418333845168,0.0966035568180442,0.0827431950935727,0.1558612279760084,0.064196100096499,0.0605736041674186,0.0096149876887044,0.0500211256948417,0.0321999347036257,0.064528655652023,0.000100408324262,0.0999621234545461,0.0091964618953008,0.0093244661122115,0.0692308645759692,0.0050104304575514,0.0191869110664705,0.008532098233704,0.0531395016382655,0.0028181632387074
0.191624749592192,0.0822888252669028,0.0947713813015382,0.1073626592325437,0.0490846056633512,0.0778806511984161,0.0429338395731353,0.0421316655167648,0.0265903918998276,0.0495419032988296,0.0484656096826103,0.0002744317682031,0.0531485165944099,0.0221223459406753,0.0030499914439008,0.0190505719993613,0.0038397158889634,0.0069605286405841,0.0060723019272626,0.0693355139098008,0.003469799660726
0.0895570032636007,0.0006760373575065,0.056703981436373,0.0820178088638397,0.114233811768949,0.0262560762771841,0.0350701557077881,0.0785895186752611,0.0410004072110237,0.0150108941921231,0.1442845962543006,0.0006722621553367,0.0898843604258405,0.0359487838791232,0.0069787373792925,0.014392415169662,0.0275753308500716,0.0200340663560764,0.0043866522737858,0.1141465473551509,0.0025805531477096
0.1332754966912973,0.1057976640190245,0.010254219848455,0.0157426719272399,0.0747004273902941,0.0178072268075292,0.0195858085249325,0.1304318456207752,0.0136145930657755,0.0261549816058346,0.0164427401296014,0.0012116443572686,0.1013773495106792,0.0210609214103451,0.0075714230571189,0.1058984536965768,0.0156341262863872,0.0088016896583795,0.0015976495266428,0.1708012209240525,0.0022378459417893
0.0264749394058932,0.0513508011356001,0.0937979676024149,0.1002897051261526,0.0518330399866995,0.0563017092490667,0.0440911737236653,0.0647178040013025,0.0067894887820471,0.0069215261081311,0.072789442830177,0.0008426826414125,0.1296137689544799,0.0314350162318666,0.0077833754105722,0.1088970874111935,0.0208121753447631,0.0239595734791955,0.0093951035047732,0.0886204855445014,0.0032831335260911
0.0741291406080528,0.1067773247182341,0.0226318835734997,0.0161135314125967,0.0911753838015861,0.0336340056865254,0.0762898864380979,0.098754646475323,0.0506012200509822,0.0292730944712952,0.0455488514044424,0.0009421352885344,0.1073242663478804,0.021984131010737,0.0020999399748894,0.0064704193758673,0.00832607429972,0.0303881152606582,0.0017252237981138,0.1732303758917203,0.0025803501112426
0.146815339735051,0.0012562434089754,0.1238568179670916,0.0117290410699915,0.0200773108380976,0.0787745498909522,0.0731943937979344,0.1049642337274996,0.0214704236543211,0.0293322372881491,0.0792680938262733,0.0013764604423449,0.1677938778923099,0.0216858064586215,0.0003641368595462,0.0409954093787272,0.0106311993556464,0.023533221254516,0.001590989572918,0.0364701667734161,0.0048200468076161
0.0475666349866326,0.0603931734391064,0.0360610422363631,0.0867398405221971,0.1228206179405325,0.0354460658589236,0.0360740763536467,0.1170876196226571,0.0323490734616027,0.0426736642577083,0.0566340081972068,2.499452899592576e-05,0.0438122715717715,0.0052595799211334,0.0097267589874406,0.0518315243722101,0.0463053666129193,0.0212320304120832,0.0108181562566125,0.1355597713740981,0.0015837290861575
0.1101789038899377,0.0351847146587176,0.1021031027823415,0.0100659438174996,0.1832371279192735,0.0463831302933579,0.0317149243858259,0.130213615351264,0.0016339037108151,0.0678944336003654,0.1389938959054044,0.0002593451432539,0.0212302837722992,0.0064868675822643,0.0101497897690777,0.0392824258407877,0.0072251893939302,0.0239366860710706,0.0064916079453785,0.0247810312768778,0.0025530768902565
0.066471464580518,0.0217659442827005,0.0052018150828693,0.0023278449654305,0.0736321413404858,0.0014181885551202,0.0572097153896542,0.1526715937677063,0.0223287668513115,0.0738017752458193,0.1342074563776811,0.0014006786351197,0.185651879267815,0.0178829885472402,0.0097258665181721,0.0838811404285472,0.0282564185640105,0.0013593285931402,0.0096678992183615,0.0465531230393713,0.0045839707489247
0.0296514018003231,0.0230082511443603,0.0960040916184159,0.0748325079142712,0.0983280167962262,0.0513915700045523,0.0251043230890735,0.1072460737162046,0.0041097174345073,0.0059271862763884,0.171839319239636,0.0011809745557371,0.0816166275728178,0.0089058501250973,0.0065285646972978,0.0763918184463786,0.0085660249411053,0.0179600856287205,0.003884886479983,0.1043198777594806,0.0032028307594221
0.0837406634339169,0.0808607239656828,0.05404112605634,0.0276878541181372,0.1452528880834963,0.0056503354927646,0.0645881301679476,0.0564008948539994,0.0053375036007188,0.0473695528314163,0.0901389734876906,1.652256838299674e-05,0.1113844328959258,0.0106100514800717,0.0025638083464811,0.0765408280428744,0.0238853787827189,0.0101044805145224,0.005787880362226,0.0961582848873475,0.0018796860273379
0.1017683904133258,0.102236017794517,0.0155276947897107,0.0591425701667482,0.0425420948069598,0.0269438310010374,0.0743457843704833,0.050420960724545,0.0434531069482792,0.0329551745860587,0.0750387798832845,0.0007987741537964,0.1013221368219825,0.0220750229790027,0.0019489594436635,0.043151717915083,0.0255405492744644,0.0190582414262876,0.0077790003583433,0.1519832721431294,0.0019679199992967
0.1209276294149891,0.0317125768391042,0.0311057777070382,0.0270705126272217,0.1319107299757247,0.0481834071030733,0.0341180613492997,0.1401754719808656,0.0612636245953791,0.0421915465236485,0.1356674757307397,0.0012586812522683,0.0387458534649773,0.0319137526190828,0.0092560930127733,0.021041749377574,0.0272353314508915,0.0079428241247878,0.0096657998989897,0.0442853695551261,0.0043277313964444
0.0736279449057901,0.0849116261954202,0.0896927283288211,0.067342722456996,0.1046581044326323,0.0115311515632697,0.0553346267586933,0.1163436643224848,0.0080862909072191,0.0515351572763679,0.1118525798622817,0.0002527425285096,0.0966849481330084,0.0200266265894471,0.0021381465876399,0.0798913793974276,0.0154442384863207,0.0013728872876487,0.0051710930543085,0.0011728819680988,0.0029284589576133
0.1806589827408431,0.0644559165318045,0.0485275783407475,0.0448710541187784,0.1073480852899164,0.0623454879414385,0.0245423013596659,0.000903422088835,0.0604899930704945,0.0760378572687981,0.0061863192062527,0.0008876788537082,0.0899443392474161,0.0311777866268863,0.002343058976417,0.0982886164329818,0.029962170671834,0.0228329785811882,0.0090485599068278,0.0358932122292922,0.0032546005158723
0.1020362644574665,0.0004152261817365,0.1125672881554694,0.0190113422785308,0.0441664709209339,0.1066749313888981,0.0166765724959929,0.0205172639028526,0.0720095866510733,0.0865613548598395,0.1649819824777772,0.0005469101558991,0.0190748217166332,0.0014629849709362,0.0075452240959505,0.0734617359463842,0.0064309734220422,0.0209695018283685,0.0079744708675818,0.1147850069274687,0.0021300862981638
0.1255529117885663,0.0408552078108783,0.1105474938310516,0.029634160561803,0.05786264976629,0.1261864458335828,0.0848670106601749,0.1251449558622946,0.0526009222639656,0.059561714508435,0.0483487898624298,0.0003101684748154,0.02359868398071,0.0221794419061122,0.0030223127450205,0.0580777452234271,0.0014817907829958,0.0113871454081228,0.0066001717118872,0.0082471448297214,0.0039331321877142
0.0474895772394164,0.0672844229655962,0.0673818720929318,0.0905655926696506,0.0895823633601416,0.0641231697593571,0.07335751519108,0.0613074206227752,0.0301949398381949,0.0250595051000921,0.0202709653184565,0.0006284491895854,0.1563699105571045,0.0101699430601782,0.0030517858849676,0.0679178092103473,0.0122267456587216,0.0233893513513466,0.007398375192688,0.0795369725347899,0.0026933132025779
0.1712004702362806,0.0521183267139075,0.0963391666489275,0.0352274762494141,0.0857624923197577,0.0091760264152198,0.0231350709172369,0.0406164067979443,0.0028752604914617,0.0124093792952294,0.0788651305103332,0.0012743326118591,0.1241512781300929,0.0075978538301998,0.0078000647688499,0.0574902885400038,0.0284581702978392,0.0241669412485305,0.0031579255036581,0.1354297170700533,0.0027482214031999
0.1676300997665321,0.0657724232299727,0.0341426438618729,0.101416276221886,0.0267292907154036,0.004522279769328,0.041760226361363,0.0576102993923787,0.053581237793896,0.059871977641895,0.1261631271367522,0.0004033453196468,0.1328989521092398,0.0370144705382509,0.0076302435662868,0.0324044123323208,0.0129685105894285,0.0186681949993449,0.00522358444419,0.0115747679948265,0.0020136362151837
0.0428726384910732,0.1294153803569893,0.0160944426552865,0.1057465419526469,0.0486816689563096,0.0384015741156894,0.0238755763590704,0.0445412829337943,0.0030557564579417,0.0564168791308565,0.1302965973068282,0.0012508495129174,0.2051726999376256,0.0088019117340784,0.001358811392115,0.0680952944406411,0.0076998235843692,0.0218586182475884,0.0020705913568703,0.041906965399726,0.0023860956775821
0.0362724639758767,0.0926681584858711,0.1132450121365016,0.0251977526597893,0.0179056664508871,0.0041690689907361,0.0477429338906604,0.1361722933888745,0.0397932414154685,0.0195314814849105,0.1204612155279755,0.0011890172029495,0.0517384987192529,0.0233311002049133,0.0100064639216357,0.1014998841451182,0.0235344494416386,0.0225245824873782,0.0053930561592759,0.1037231548290802,0.0039005044812049
0.0213468105487196,0.0518573286868615,0.1061824620590007,0.0856964163258443,0.083967623072314,0.017593859724799,0.0641635820596782,0.0223724563898965,0.0189424476753473,0.0722879518955704,0.1396796213291784,0.0004309060605729,0.1382105684310055,0.0170260146893133,0.0067306029380966,0.0008324956477793,0.032634137165341,0.0075764990755567,0.0091050903831607,0.0990061547070043,0.004356971134959
0.049152273296418,0.0783983081124102,0.0443408913005009,0.0312515006860982,0.1196941472114676,0.1221617814337237,0.0403015262759339,0.0196681348129952,0.0073524928428631,0.0214907698699215,0.1088027735356027,0.0009011500438366,0.075225606167976,0.0373074515822711,0.0008819884740303,0.0593513897679019,0.0387073684520983,0.0123312868400875,0.0049025816675366,0.1249605690254223,0.0028160086009039
0.1037458024826251,0.0016073426852918,0.0957952534663254,0.0726140200726936,0.0368795401205004,0.049324035659111,0.0594095532674029,0.1266067770733673,0.0472012871470409,0.0371548723291508,0.033251958692335,0.0009407588631767,0.1314673973536344,0.0243305617205169,0.0063790750358132,0.0039571292536143,0.0179341091417238,0.0150051200508057,0.0038842264032138,0.1289018742614879,0.0036093049201681
0.1480394309142892,0.078109199830526,0.0358561773565003,0.0574777304274532,0.0059643452483058,0.0692179761382152,0.0683584557026973,0.0433952638674276,0.0014527687182407,0.0479709184752459,0.1328585770487269,0.0001397618979085,0.0503345311748086,0.0023275949009779,0.0010450516664463,0.092034934677285,0.0117892937445127,0.0245503626257339,0.009110301012978,0.1181146581102878,0.0018526664614323
0.1630596873285623,0.0932681104321045,0.1015316765905945,0.0075961563338159,0.1221468980616484,0.0059054793508584,0.0478622899385159,0.0029983553895979,0.0206145245529921,0.0708285629163294,0.0798529513038749,0.0006633406794344,0.1063015131365706,0.0237623867032279,0.0052371702065411,0.0096407266821565,0.0153742292602303,0.0139242344018626,0.0044296296591306,0.1008736553424636,0.0041284217294875
0.0649090907160561,0.0063937598319649,0.0847270603268812,0.0704069489729679,0.1776101789484205,0.074319959396032,0.0527543261792113,0.1510653937747314,0.0374827548463532,0.0428694951187206,0.0980552459921221,0.000654087712068,0.0419180750015658,0.0013008864397626,0.0005242381497343,0.0512077098411417,0.0078757442070957,0.0045831970931682,0.0006533303972645,0.0280019720155114,0.0026865450392255
0.134072863651237,0.0883669892994918,0.0707722668231122,0.0862716713986886,0.0970378688508152,0.0978979691993832,0.0458981921827476,0.0880151074537029,0.0441585005593193,0.0204174061923488,0.0003824088399037,0.0003282808752998,0.0513187789207822,0.0303638853079835,0.005859608145654,0.0854090264144684,0.0087509309102193,0.0055048329861215,0.0016173600889858,0.0345767346433555,0.0029793172563786
0.0372920172769838,0.0455666584904027,0.0682371652816277,0.0707941189562565,0.1733730981791339,0.027290647823011,0.0269627730824089,0.1288671293989702,0.0030190645179298,0.0346816600621939,0.0657952988395929,0.0014358827749395,0.0521493648700595,0.0159327458947923,0.0083911418778792,0.0229137721750634,0.0407323568748524,0.0346283945500184,0.009965034562354,0.1284252368225791,0.0035464376889497
0.0632626193922481,0.1157889407218568,0.0281425219316519,0.0449532359736202,0.0678427270907423,0.1151361878322941,0.0601338375898778,0.1584793365623548,0.0449775366624348,0.0800671360340361,0.0321854446603523,0.0001774421186001,0.0961293451940191,0.0390882632656821,0.0071432046890056,0.0075512612522337,0.0175942374959712,0.0125290821367458,0.006608425672886,0.0009851058744385,0.0012241078489477
0.0046035767814242,0.0641942620878916,0.0105680778829554,0.0909656987270505,0.1304778609545461,0.0287685383999801,0.0862647189241098,0.0218512080885062,0.0517726377332717,0.0386306031043932,0.1201956738720111,0.000187456980791,0.133967037191186,0.0233383557620542,0.0041067594644495,0.0639990120031237,0.0156428351374186,0.0164800900926546,0.0112591788327306,0.0805025499673872,0.0022238680120638
0.063826299791772,0.0915108068685328,0.0891975156744125,0.0557264264340313,0.0917019220624174,0.0832610101354625,0.0180512280849206,0.0557492511111083,0.0486439826179666,0.0561827465370316,0.1095169799343718,0.0003347587012532,0.0641661160825842,0.013364760351388,0.0045952226227277,0.0691914335912859,0.0244177245796356,0.0145892076188696,0.0088962018600254,0.0329850036379356,0.0040914017022664
0.1006957594803992,0.0054650857783582,0.0418023478850453,0.0588094502358129,0.0192102299799245,0.0446713678065158,0.0676654696104845,0.0423997744485137,0.0287097132194485,0.0145686290230203,0.1502452774396643,0.0010853211350291,0.1842587185714528,0.0198000100294896,0.0060540652731451,0.0052027857194806,0.0160468875727661,0.0215256770379738,0.0016545118513187,0.1672505867300924,0.0028783311720634
0.064449265534099,0.0093135601439741,0.0728623925932632,0.0761778371215917,0.1073790043959635,0.0967856489686588,0.0090115373819195,0.1353202331374689,0.0608799604665985,0.0397458000870366,0.0420154327665271,8.504173454128855e-05,0.0523480823038692,0.0212488005424389,0.0029262005297384,0.0712259073585728,0.0227978548460535,0.0213090926395913,0.0090551886101254,0.0813603345294994,0.0037028243084677
0.093197150071703,0.0706773691109581,0.0481742155672884,0.0424464261838462,0.1745376218415433,0.0744275184261592,0.0279466932974534,0.0194665147336014,0.0696248775968298,0.0731658585234787,0.1220016916174342,0.0003366358712175,0.0995720813819511,0.0103650812995035,0.0005390761681606,0.0393729747203516,0.004268878531631,0.0114187780352338,0.0062067962394075,0.0096561804830564,0.00259758029919
0.1459349150203394,0.0405480384167578,0.0265112349052159,0.0480555666959369,0.032033612313728,0.0159876362733298,0.0309293427442598,0.0559945749374439,0.0725448289487561,0.0152635681720512,0.1500239734535713,0.0010040758160547,0.0386440443891496,0.0416086681080053,0.0093382014564888,0.0752621021873822,0.038032858155209,0.0168151583321999,0.0089024005686189,0.1342019246102504,0.0023632744952504
0.0100897468462166,0.0744858985272699,0.0636888458865778,0.0454709422597128,0.1084522496311511,0.0933251385167649,0.0635938603388967,0.0820757031929465,0.0012490396594228,0.0077740370213556,0.0873153215623435,0.000484545607915,0.1541173901470421,0.0123998236268574,0.0109730083395069,0.0129158370280542,0.0230280757479383,0.016732675470625,0.0034897685996168,0.1265643074465607,0.0017737845432244
0.0207745154158861,0.0528047465696325,0.0446646962527338,0.1303688908223394,0.0642050779830736,0.0492720239311339,0.0940100451470861,0.0109266874482182,0.1067743878250014,0.0299770118957956,0.0106895521979862,0.0011662436533289,0.1682022902313705,0.0124005671669596,0.0160879728724256,0.1089011680810214,0.0049230091125956,0.040218330571958,0.0085153923910953,0.0233282196108027,0.0017891708195545
0.120734175625594,0.0133914328965039,0.0044672292068226,0.0144510425050113,0.1436364997509313,0.0365341175604913,0.0366477175343825,0.136445481507612,0.0482954733730121,0.0481660464790507,0.1406786971788476,0.0012310179951005,0.0287386106989887,0.03062583092118,0.0087012144482403,0.0361452806668442,0.0132179040181977,0.0012674506427313,0.0093027547659856,0.123964225315173,0.0033577969092984
0.037625126036281,0.055068536079924,0.0236938189042837,0.1125817882468321,0.0058467566591344,0.0526712221334775,0.016520927406022,0.1089527834117254,0.0255203386321177,0.0644038484068977,0.0883678334289964,2.174601506656141e-05,0.1411509255504106,0.0313580196658291,0.013463332801171,0.1321702031493937,0.020788666086858,0.0292539359176472,0.0094976468176234,0.0283213179617437,0.0027212266885637
0.0570403512483392,0.1108513020925604,0.1118457313660785,0.0353222264252071,0.1455079264565371,0.002336253335141,0.053428565690226,0.0341740931532731,0.0327593811366671,0.0077657345043114,0.0601536456825621,0.0008369933487822,0.0924596915777259,0.0249370428003441,0.0035329986683529,0.081273014899634,0.0362058213414388,0.0177629381259302,0.0084091444577982,0.0801822076460839,0.0032149360430059
0.1928219714297787,0.0540248965957229,0.0343427623680262,0.0701003257924328,0.0727227240084627,0.1020627495561455,0.0628576012317454,0.0052945186946632,0.0038063039492571,0.0786643144447131,0.0540287227633232,0.0005262616778912,0.1327382214053849,0.0075403610799775,0.0024434043093102,0.0389775082009108,0.0082442189979206,0.0168094514274737,0.0115079576903749,0.0465735881935701,0.0039121361829143
0.0128277224425634,0.115751976398278,0.0189218694063896,0.1008499086087892,0.1221115730748739,0.1018660117313167,0.0513937509653234,0.0409851716963777,0.0385329145306998,0.030023473637777,0.0617022445040974,0.0011191257400018,0.0741867485853016,0.012745010684514,0.0001872570498211,0.0957286480471786,0.018582525681114,0.0285334117112637,0.0022604479931404,0.0695056756555039,0.0021845318556733
0.0251203049003152,0.0149910660858989,0.0993037380617476,0.0608516026676469,0.0481636569124927,0.0233741612730537,0.0130001154681021,0.0010495919840328,0.0732089641375546,0.0755635671313516,0.1682049146449284,0.0003580814669086,0.2093082483618867,0.0411591741005183,0.0044327438237358,0.0744535896770973,0.0065904406554743,0.0366334046108745,0.0121643539068398,0.0076946529033546,0.0043736272261846
0.1012718725043667,0.0763767426574751,0.0401419664761871,0.0955424411854843,0.1084779407990717,0.0371988609106352,0.0550116036852158,0.0405596075957152,0.0095169279566243,0.0346886522146776,0.1098803533008095,0.0010545175079301,0.0910617001127734,0.0028354237663208,0.0050902466030342,0.09707722175333,0.0294356877741058,0.0130649754201208,0.0033824612938533,0.0467300025418317,0.0016007939404363
0.0559357084137592,0.0360760205002925,0.0668293493427942,0.0595060963358627,0.1156987046985625,0.0124514471738767,0.0673346757698133,0.0522817958245035,0.0274748553311505,0.0204924338635826,0.105219526438574,0.0011095958906399,0.1752898481100551,0.0376711830483462,0.0089221540111275,0.0975530271490977,0.0085919443646272,0.0207201824487425,0.0084288107458157,0.0186046463031616,0.0038079942356137
0.0650911623731063,0.0790134229644954,0.0297320503279277,0.0622530202989156,0.1406766216651482,0.0379622931821216,0.0680584003917458,0.0145703739617208,0.0455444395905155,0.0296576866624563,0.090926164274344,0.0012424590716894,0.1473668016631223,0.0048640433912697,0.0116178082480941,0.0596587411416286,0.0175167284454166,0.0289244625991364,0.0067760875041082,0.0569305249690999,0.0016167072739363
0.0028312374514205,0.0244385272419924,0.1342918792449386,0.0597909627536898,0.1327228147577827,0.0277805677502643,0.048034682884345,0.1189861021556032,0.0497740179315156,0.0138781148520018,0.0641451680512473,0.001091842979398,0.147319912391313,0.0281296280156169,0.0121769272241326,0.0674199809403666,0.0332897553265197,0.0122259258663525,0.0072939055615422,0.011009481520363,0.0033685650995937
0.1441398784668263,0.0380364386500686,0.0837339934049528,0.1189802180216831,0.047607030779556,0.0139291092963471,0.0465299183252064,0.0863890720476528,0.0857906251060092,0.0160777894427331,0.0094803467579873,0.0009793441374691,0.0375144042055428,0.0481956141766407,0.002020868108978,0.0455172770824296,0.0398915135516207,0.0127175472183995,0.0128377731415201,0.1056744239079916,0.0039568141703843
0.085045681264543,0.1089164236530168,0.0548650364670888,0.0299151511293187,0.0429366619110374,0.0942732703671965,0.0471238972850917,0.1341622446935083,0.0040345614991292,0.0590278748088683,0.1051705186489323,0.0008522851090091,0.0088797126975093,0.0045568083977837,0.0036758800139909,0.0238363424793529,0.0160248125215284,0.0014314655060092,0.0003876578127056,0.1719235718226379,0.0029601419117409
0.0762041783090809,0.0772257146437162,0.1353824507839791,0.0016854270901988,0.0673486571031523,0.0930429219302079,0.0338558169919561,0.1491479874286647,0.0097291022739127,0.0569097462332017,0.0211296661442294,0.0002504890607978,0.0831273035160247,0.0022041277601378,0.0100158272693041,0.0990322751290914,0.0289132079123975,0.0098753095694882,0.0081598597098796,0.0341840865904685,0.0025758445501097
0.1855262914052974,0.0367728705007596,0.0376189462062716,0.0274928924535613,0.1339152251875634,0.0785515837097555,0.0666055543941838,0.0396307756705906,0.0665029543279073,0.0608934842254677,0.0225308882283133,0.000814267642871,0.1170099446474649,0.0104884388136416,0.005459358471042,0.0164526847724759,0.0266776996059787,0.0268688162076436,0.0023664574061847,0.0347580935251217,0.0030627725979032
0.1484981213283827,0.0569082244510134,0.1023011190923545,0.0811166588431946,0.0879193657335197,0.0339072671005912,0.0043162012931373,0.0476180282458131,0.050649306912261,0.0276951214507152,0.1115946708507829,0.0002523547568974,0.0730307394714681,0.0080602715963927,0.0072239050957095,0.0840094969300674,0.0071279684214032,0.0135744179485053,0.0006718493601987,0.0500188930014892,0.0035060181161019
0.0535912809720337,0.0878376843490955,0.0831279257509363,0.0468601319091365,0.1813411905366749,0.0148717169201259,0.0128601708043609,0.0887136951953749,0.0254812413671676,0.0110909053402231,0.101542186841874,0.0002854729542651,0.0030403144231161,0.0359759470241794,0.0097131877463159,0.0275943295729678,0.0246357089782229,0.0237635435435883,0.0068430112209849,0.1584842683712308,0.0023460861781244
0.0029167594547612,0.100295989147106,0.0739444932715251,0.072278423459395,0.0595148217964641,0.0311189727639901,0.0554621562613195,0.0534404531540933,0.0080358122965839,0.0490419754719756,0.1246786642984825,0.0012425598320419,0.1723125276226652,0.0179501235143522,0.004867246195944,0.0003451760586815,0.0228657338508817,0.0213846970119478,0.0037149652577337,0.120902580703496,0.003685868576559
0.1071828206576582,0.0813346304230478,0.0892931285389325,0.0058176891873018,0.1018266102605739,0.0378763600069172,0.052211600998907,0.0768982635146717,0.0202226766692006,0.0300028928082168,0.0937438229975928,0.0005845016227028,0.0766734824211635,0.022239264481967,0.0075445970591568,0.0633244407186485,0.0138100598739536,0.0063561341888209,0.0076895231326788,0.1013536760665954,0.0040138243712916
0.11095392452055,0.0227567902345187,0.0373448968555435,0.0706527187249177,0.0430646758099862,0.0763046917381317,0.0681689961482355,0.071545355966574,0.0254260276553293,0.0623578918090218,0.1107609759644751,0.0002291355352457,0.0815464747445061,0.0323563068203041,0.0042532872374975,0.0256699220921933,0.0261151572731163,0.0210071260341283,0.0031996451666547,0.1052885784094497,0.0009974212596196
0.0969501614114056,0.0829156754101478,0.0495744956321195,0.0742509501857626,0.1338775207054246,0.0102050353472699,0.0374408242111208,0.1520288859543242,0.0168349500530622,0.0006473889503156,0.0353512699003427,0.0012810816914927,0.0984123870720336,0.0264262821428632,0.0039066282352476,0.1013203424214348,0.0315140938249784,0.0068644071983277,0.0064801266630196,0.0312053572008656,0.0025121357884403
0.0725772177272644,0.0061307540787119,0.0367461533529188,0.0839111594794658,0.173894184927634,0.0287639597344437,0.0405892937975443,0.1380700132368631,0.0628930769493199,0.0559552715054599,0.116016510123179,0.000956727586128,0.0177292178183542,0.0353256949986423,0.0069033449795168,0.0491447659617289,0.0250248123683624,0.0054505303550419,0.0087482377815884,0.0317584581567366,0.0034106150810948
0.0806546471081849,0.0016017837374249,0.0699204880091487,0.0676059472157135,0.1087341165174862,0.0902954071324326,0.0375993808635829,0.0438225901789159,0.0508977852388769,0.004148330020505,0.1267340099803914,0.0003900306729991,0.0700890713994389,0.031217787653307,0.0089982818949051,0.079406222071835,0.0071883859467124,0.025395463767499,0.0044944634996609,0.0888828028061909,0.0019230042847879
0.1702557793407349,0.039402192825958,0.0208505037380594,0.0878695797558989,0.0170683496684303,0.0075063991615581,0.0679303782295007,0.0838148628086945,0.0225598124778482,0.0536936628554862,0.0500810779508671,0.0004636654135581,0.1044579440079453,0.0029702813925845,0.0095594060133277,0.0634110459109297,0.0236209911192123,0.0046297633524113,0.0084457097821888,0.1597924360098595,0.0016161581849456
0.1207130166775462,0.0882885786884676,0.027653316847738,0.0013682671685884,0.0319509047308844,0.0020101620487103,0.0211056281434618,0.0684024960830337,0.0528478838929745,0.0805738329869306,0.1415523000588034,0.0001119757291258,0.0137406029475507,0.0136606877397042,0.0002546471396574,0.07766931937094,0.0379504486681849,0.0221702358324361,0.003661194835125,0.1919932356107212,0.0023212647994146
0.164824387634884,0.0596356641136694,0.0652747200169254,0.0758111782242416,0.1101711180234111,0.1137958658981936,0.050039074139458,0.0218649400541323,0.0143803555351818,0.0394403126181239,0.1323416562251923,0.001179802071769,0.0032522646891842,0.0269050108738449,0.0083834604964538,0.0126030109643136,0.022337396804295,0.0187695080523309,0.0018903889817249,0.0530058338692962,0.0040940507133731
0.169466587265832,0.0326261336102476,0.1041511310764273,0.0521173136160842,0.1016175822285621,0.08079479079494,0.0644692615576639,0.0714489451558245,0.0169247888932285,0.0411759220473477,0.004787760535258,0.0006617698578612,0.1875628708376423,0.0124707667953561,0.0024499030383219,0.0118310982428769,0.0089136839029934,0.0195163069538883,0.004326404430966,0.0098555463316464,0.0028314328270308
0.1391754678135571,0.0587225513532336,0.0063288960525368,0.0148929495382994,0.1861081153171881,0.0148464818167779,0.0657033179654671,0.0146539633471114,0.0531269240305039,0.0395255451085442,0.1263944812416631,0.0002676394791579,0.0608491550537046,0.0104471883227905,0.0071788545354706,0.0263855713168456,0.0103706067187059,4.232450784785011e-05,0.0083955464341818,0.1558380479557356,0.0007463720906762
0.1474038070880615,0.0957604709436381,0.0004250700051338,0.0149141322058205,0.0816324849546242,0.0480257312543467,0.0472352314081953,0.0179288880927328,0.0006155024241084,0.044069710523464,0.0949474529231558,3.577153141331432e-05,0.1341947675526125,0.0012571828473407,0.0067553812002839,0.0921282655686755,0.0115236259590342,0.0146997269363818,0.0066652182102528,0.1395965287258385,0.0001850496448848
0.1442447465896784,0.0187888077771591,0.0205893204047755,0.0106385454471735,0.1557239580046529,0.0145084781035692,0.0734827297489801,0.0450427009540596,0.0194632571538881,0.0248674222663673,0.1228211285223521,0.0004220562990361,0.0961289840671566,0.0182552161629854,0.0002737850513918,0.0097247926852028,0.0232873429561463,0.0259986907308233,0.0034138130265002,0.1708595716022174,0.0014646524458835
0.0169323920137579,0.0156562937142417,0.0955895403922746,0.0790979195623845,0.1450442123362279,0.0788888916919079,0.0748500024045423,0.098858826809578,0.0499044565640154,0.0282309850746532,0.1038181050749326,0.0009177015650641,0.0987143733418319,0.0365441063881988,0.0106994154588491,0.0228937383122961,0.0063790746198838,0.0073819596365698,0.0042175693691999,0.0217378437787459,0.0036425918908437
0.135906585642705,0.0890267714773398,0.0580246175227242,0.0523293752978979,0.1282874395722986,0.0138519762274675,0.0626099491408796,0.0300478381211376,0.0409274730648649,0.0135478767540542,0.1169958236277965,0.0011846060378965,0.0382668555863893,0.0091572324181109,0.0081085495089627,0.0864664898288835,0.0249473222743321,0.0071104924158555,0.0021578862638057,0.0790657618018307,0.0019790774147663
0.1459386373413641,0.0640894001663567,0.0553512810670262,0.0395160443346635,0.1537461452263377,0.1094350554515669,0.0073276193514365,0.0809378947559297,0.0077942831021546,0.0046785378639284,0.0786575675448182,0.0007265627920919,0.123507298041262,0.0156573683920688,0.008691710144528,0.0821819461633632,1.6311704729843838e-05,0.0157665461675082,0.0039496624967785,0.0004811428004844,0.0015489850916017
0.1419969537960795,0.0911287956139902,0.064244990405158,0.085822376841072,0.1233760387558991,0.0306980635936799,0.0108752178482284,0.074615654868364,0.0034911917439813,0.0440646418418004,0.0213275048851044,6.51588186862855e-05,0.0996899283729874,0.0103579569488053,0.0079881098350319,0.0449460877320841,0.0261213870617948,0.0063661880662912,0.0013502346919033,0.1090159265283717,0.002457591750686
0.1152036269161146,0.125521758521225,0.1050700254963101,0.0186617241025128,0.1234136480033823,0.0179524695699066,0.0451607813934636,0.0908927456747685,0.0414852424767948,0.0208085062004842,0.0354201311439912,0.000934273055663,0.0338131957710639,0.0380371671915615,0.0022331381227764,0.1119361250706157,0.0251137852757721,0.0273570106446096,0.0099589209129974,0.007060499507034,0.0039652249489517
0.0560000514090536,0.0949717569962921,0.01604016893712,0.1029830879331262,0.0225331421311025,0.092286934681478,0.0115905497669704,0.0743184893029533,0.0038792575264419,0.0667010373664379,0.1072796550522449,0.0004749249741985,0.0444549614845816,0.0300450693642848,0.002539175872656,0.0651373104938914,0.0043311626871448,0.0211046459192995,0.0009871342727586,0.1789554037809518,0.0033860800470116
0.0813399862851046,0.0583277082624587,0.0430981235780093,0.0332679067911919,0.0730981697746027,0.0780398407537796,0.052919494263049,0.075258164611851,0.0386157227048743,0.0352455895806807,0.0819548964693434,0.0001415569084676,0.1366790061419418,0.0044558769159494,0.0068330972810848,0.0443309835212226,0.0178106093989405,0.0187659020363304,0.0016427064288039,0.1168327549527487,0.0013419033395639
0.0111159209549477,0.0053229847411633,0.0758166743470616,0.0502391836842413,0.0490861480916048,0.0150406161807598,0.0221291114408543,0.0994512222136671,0.0393999522621565,0.0649323081459694,0.1273093555578864,0.0010621487404338,0.1603606533026232,0.0248062685235951,0.001755391243746,0.0757373625001155,0.0211851183266821,0.0127062715388308,0.0079576551912938,0.1304958898901241,0.0040897631222423
0.112824619335498,0.0639605968086345,0.0481265334620192,0.0547574643000716,0.0165478342499831,0.071214674577543,0.0621344566914597,0.1276928702266759,0.0414845464838301,0.0315866770623399,0.1036189708740942,0.0006436757903586,0.1290748462097729,0.0161238424009392,0.0034696319165304,0.0292708594763747,0.0086391777019228,0.0050148601028344,0.004173765070277,0.0674288001867787,0.0022112970720608
0.0865189515171208,0.067292596203113,0.0041310049973716,0.0062212488101407,0.066162645468286,0.1008944202344776,0.020294273249324,0.1016301659869552,0.0120407048579835,0.0626452050423471,0.0434454860029818,0.0006128637079091,0.1493753918810688,0.0169541586662427,0.0043311875380505,0.0077633687861028,0.0377867010523679,0.0168101318161041,0.0097383904994266,0.1824612042841668,0.0028898993984582
0.0033033539968531,0.1175575044579966,0.0188288465561253,0.0944295854542061,0.0639526667902491,0.1588161628289709,0.0221846181057919,0.0023475068690959,0.079373568193271,0.0237521482158151,0.0126826180037098,0.0003053906260701,0.1174311284934159,0.0331977157033174,0.0004035779063758,0.1192820617725435,0.0136141436440177,0.0081547022430363,0.0019246088273164,0.1062686797377958,0.0021894115740252
0.0049321567780232,0.07808840202228,0.0595730780398091,0.0220337711114616,0.0096840576973023,0.0679538746248481,0.0746612998349789,0.1407276615653649,0.0141433514465468,0.0618410691248001,0.1259535851615142,0.0004435226431261,0.0650638821778153,0.0276433308254536,0.0036314265730126,0.0506400008710733,0.0316939712465809,0.0049401671630517,0.0042128129798896,0.1489422984960947,0.0031962796169723
0.1351722092643853,0.0013111704222514,0.0697934627151578,0.0239407767978438,0.0656107773501657,0.0695011722883399,0.025672191803409,0.0718321732913027,0.0250824172892073,0.0420375585989866,0.1322758464277184,0.0010203765805808,0.1090777512507299,0.0291541124191661,0.0083539380884801,0.0128671042139705,0.0180205193064583,0.0216116030596206,0.0093733987263432,0.1240514870732083,0.0042399530326732
0.0598346073825035,0.0291955869086873,0.0118764176723974,0.0514301129611183,0.1544440803667077,0.0493319315772692,0.0474463412828319,0.1563682459935798,0.0672809923351921,0.041013535548196,0.0511082929659924,7.074163644531863e-05,0.056510360294531,0.0010974246677064,0.008831601278417,0.0153149033897522,0.0067900805410892,0.0065479966014078,0.0014603968301717,0.1830876102207118,0.0009587395452912
0.0729044499969787,0.0632144908003068,0.0673124381710212,0.0534893040414146,0.1141889671273851,0.0611659156584331,0.0515679481146047,0.0941675716314421,0.0130009524680027,0.027677257602986,0.0517151811515195,0.0001945227831096,0.1189295611730729,0.0238349674764585,0.0051331876065199,0.0419863120632302,0.0192117679751747,0.0161456086910115,0.0015702040484332,0.0999764215486139,0.0026129698702803
0.0940447067338838,0.071195234707281,0.1006937825272279,0.0771880307207265,0.1035743093871702,0.031488106582117,0.0537355616183282,0.0489839178911331,0.0139116965525984,0.0283823778696795,0.0813144716065059,0.0011143587205194,0.1012838848922739,0.0256802615390811,0.0108794472397065,0.0114432790313663,0.012429628721556,0.017694160769479,0.0081647741743055,0.103265445489828,0.0035325632252318
0.0813611469757689,0.0781207790870872,0.089780976891579,0.098433117506749,0.015926957261427,0.0367123387607081,0.0440416510498351,0.0608005189379088,0.0109783774831748,0.0623923633002918,0.0519006830138807,0.0008054282334838,0.0393755565656557,0.014708790871743,0.0082034539048971,0.0864981658827789,0.0314470166127367,0.0227710468380402,0.0023044722308001,0.1591377304354026,0.0042994281560505
0.1410303589612305,0.0296001290744934,0.0326013035543668,0.0456588299590141,0.1609459045225876,0.0589659678451905,0.0070347187977836,0.0919374345740302,0.0358878708407252,0.0481167784651419,0.0271273855376126,0.0002925538650302,0.1489567399862564,0.0253502763253038,0.0046910142571361,0.0980253485466298,0.0129466580743444,0.0100975468358597,0.0028040071283651,0.015669238804188,0.0022599340447088
0.0102524819284208,0.031695332712741,0.0441882647825391,0.0433017923510858,0.1309780776988796,0.0723587265664277,0.0652372130958709,0.0489882953642021,0.0561265591315155,0.0545237392317997,0.0119614110786024,0.0002230779656433,0.1403243384237999,0.0113686532930152,0.0047190039447223,0.0589815391854334,0.0217354201225796,0.0194580110805863,0.0077009585536699,0.1633374716727506,0.0025396318157142
0.0646383401848669,0.069287789558909,0.0755467131637103,0.0673918582735527,0.1202456408763956,0.0441742031336861,0.0145145925706839,0.0363749655077891,0.0006359955355483,0.0304482876362963,0.0979034780144253,0.0001018614785711,0.097838785731383,0.0254751806249768,0.0048572744666785,0.0838578118391305,0.0018635753673913,0.0200985103445091,0.0061589864524506,0.1357380278969428,0.0028481213421018
0.0895021383207181,0.0334989727350931,0.0572280857690677,0.0635563586128245,0.1075725914223767,0.050247402988615,8.806679896089548e-05,0.0701501510279563,0.0112488967959975,0.028735529478847,0.1442105308765459,0.0009743881239623,0.0913388130040466,0.0042430312517093,0.0057781827613506,0.0214179952640693,0.036063773162192,0.0233506380528913,0.0062901836958687,0.1532606150800773,0.001243654776829
0.0337871844199843,0.058766259270317,0.0424942748362147,0.0680380433987528,0.1802106082290011,0.0212751374413027,0.0234387551660893,0.1028399630428427,0.0487031526702722,0.0055279873624917,0.1306480013950546,0.0004709738766842,0.0809877710790197,0.0043781973084057,0.0011657859888871,0.0695038084867379,0.016258386208534,0.0239151499237763,0.009449643980897,0.0766696309498854,0.001471284964849
0.1467375495275846,0.0008805739550693,0.0304782181471317,0.1020313577823087,0.0298187830924868,0.084721162665702,0.0556457601223466,0.0771390806428947,0.0001405931817801,0.0736584522208406,0.1137137327328598,0.0008670041971453,0.0720317081690791,0.0200454721296342,0.0052978859001055,0.027611609883295,0.0210206485485377,0.0253486556287322,0.0074919194178688,0.1017766382136761,0.0035431938409204
0.1100701849439202,0.0568930824158599,0.0057471522551229,0.0712907726759292,0.0561336549663263,0.0673752596270828,0.048173781390899,0.0311905522186934,0.068535505521635,0.0305132259421346,0.0130047621042144,0.0001074994843626,0.1817390443516522,0.042314305726756,0.0079957924005312,0.0421694776168209,0.0249953060782403,0.0113296993710009,0.0061824755643645,0.1227094819913061,0.0015289833531468
0.1099581290508043,0.0189329557954994,0.0789348960702069,0.0790003462588883,0.1235356327080902,0.1128177512331352,0.0195027854478751,0.1166511584693205,0.0104551371899809,0.0279852662130977,0.0658178979808715,1.5121337301602793e-05,0.0327939792423604,0.0111715372665739,0.0063487759719033,0.0093288266338589,0.033505301620067,0.0139800376921844,0.0062573827898823,0.121251682879532,0.0017553981485653
0.0497621329957535,0.0795030851548745,0.046644879547194,0.0089114043585546,0.1512746370019987,0.0501376226492282,0.0116419895687867,0.0001268819948846,0.0457857059069012,0.0638627850349523,0.0193236782085233,0.0013494883304464,0.2015497934447745,0.0457776235389772,0.0060621382468785,0.0595792999236804,0.0113310809838694,0.0299459577891327,0.0110539097795614,0.1022489942265417,0.0041269113144851
0.1379052032595954,0.0743773218885209,0.052601256628042,0.043655875912159,0.1793818510489244,0.0228634952852349,0.0311477302159247,0.0888868732100047,0.0067096395879778,0.0086767041675968,0.0865658840387487,0.0015059295727881,0.0406450923283187,0.0014790531371736,0.0113754030803608,0.1252698428935962,0.0428121914561135,0.0018950393166304,0.0062724138586486,0.0341327540575662,0.0018404450560733
0.0578730902904596,0.0845538566088714,0.1380007919176153,0.011847927839822,0.1514135998203143,0.1159809136463894,0.0564029022039693,0.1092453456792441,0.0180004525908771,0.0753263942496941,0.0527782961889021,0.0008735170484367,0.0233820123669493,0.0068517226989331,0.0080440743225759,0.0344877740578328,0.0031134636215342,0.0210394031421127,0.0056275373549654,0.0214118630383746,0.0037450613121254
0.0960604149118582,0.0101525065870889,0.01696213926798,0.1001258334680149,0.1764382607803479,0.0260712403401425,0.0341073533746371,0.0211692871679528,0.0654143257540979,0.0360540074766996,0.0851192770608436,0.0005320066328351,0.15963481227429,0.0058682979889486,0.0040971384209112,0.0977862580273904,0.0287090498850782,0.0165763661786732,0.0087912053516916,0.0080870401241202,0.0022431789263969
0.1122738408955082,0.0687493577829995,0.0538217293275019,0.0878782924876418,0.0603818222335914,0.0773190186319211,0.0173888322438801,0.0028400374985506,0.049601883804773,0.0236698822876655,0.1118429019614128,0.0008292703086352,0.0488714037903952,0.0001164445967108,0.0049444907201721,0.1039571299845504,0.0142272341526644,0.0247822425915849,0.0064761428774471,0.1287882411138276,0.0012398007085649
0.1454144420643721,0.0342715007107247,0.0287074732286687,0.0487688024300359,0.0144948844289197,0.0161872725988731,0.0916461002543986,0.0547131741198423,0.0224683373128271,0.0533749788183909,0.1497690558938215,0.0011434846214687,0.1494290015050073,0.0351196849448211,0.0059311626479714,0.0119965150843358,0.0121350514906368,0.0051879453040325,0.008932733028215,0.1062582105356077,0.0040501889770285
0.0518095177578633,0.0806193247880391,0.0723035328388366,0.0727131969692165,0.103614465746131,0.032287723211314,0.0020490174125578,0.0846236920880341,0.0012294622786449,0.0522472853012463,0.0804772053475645,0.0003221946231694,0.084908463578676,0.0100111055952268,0.0053556741505922,0.0501172302953272,0.0318409925199498,0.0215034827775749,0.009935194379803,0.1487526668545247,0.003278571485707
0.0924964585207845,0.0190757183388859,0.0459803703941306,0.0242727407915867,0.1613092122736734,0.079680829501108,0.0597763381469959,0.1086571384166161,0.0607240263707513,0.0635903010008636,0.1271763237865186,0.0009545251080029,0.0306681874386705,0.0113789933205301,0.0041570946426009,0.0741638757175712,0.000917897783508,0.0102436474409384,0.0058875497839478,0.0150656202390083,0.0038231509833064
0.0640982409099322,0.042786821831368,0.0542492520817748,0.0305150864403107,0.1399914097023728,0.0994213776717892,0.0337106661139218,0.0709689976044106,0.0556833286155116,0.0295230427202102,0.067169138551501,0.0002346908542299,0.1522217630573925,0.004209286301787,0.0075084653112994,0.0260572712524805,0.0126638548416949,0.0006186236308941,0.0050764081632539,0.1016162742893792,0.001676000054485
0.0399312237703128,0.0864259751917588,0.0466668855200285,0.0966164538709205,0.0303086527027256,0.0055787705037647,0.0473930384646884,0.0178596644687027,0.0673016296639416,0.0115603120173375,0.1186483196030647,0.0004723736159679,0.1060848831003831,0.0044955857281786,0.0108420391194235,0.1061066476722686,0.0265601611393558,0.0036078020150616,0.0055078098767032,0.1668429177646238,0.001188854190787
0.1075214941507337,0.046726311616323,0.0544334508104561,0.0826715455752041,0.1184213298418993,0.0428104289973612,0.0141189466204847,0.1472690254396685,0.0588190463701116,0.0544024605075633,0.0275282402121911,3.21346075503056e-05,0.0924620013361961,0.0101377183892842,0.0065788526060225,0.0124363027074333,0.0093547235593064,0.0270291649930704,0.0066570187847524,0.0787570408218822,0.0018327620525045
0.0720120105313583,0.0957136837732397,0.0293276245943776,0.0268415771018703,0.125489438351384,0.1150267029600052,0.0633680382082505,0.0570450922787132,0.0274884363326373,0.0434277204371859,0.1056337786154367,0.0004259993371341,0.1122796364689186,0.0346104669736374,0.0082413921250278,0.0045187040704202,0.0225221501244112,0.0147384403482782,0.0091754540923982,0.028984345603205,0.0031293076721094
0.033818087356724,0.0400869425771821,0.0742594246475991,0.0663630906150057,0.166824028059464,0.1085923240592591,0.0008939076155856,0.0713128247354459,0.0061542782100028,0.021652554617446,0.1106174513703652,0.0005744561091481,0.1571906870745562,0.0309585687781451,0.008759419554631,0.0274289969348973,0.0079674918119787,0.0049671993067345,0.0050666333210269,0.0534603972048592,0.0030512360399427
0.1021159942552376,0.0198843513400906,0.0458461829621376,0.0410077700654099,0.1265200206061717,0.0224034521483304,0.0660637159062537,0.1003480317196934,0.0525196937529604,0.0420545120986624,0.1075801647076532,0.000684932765995,0.0200521988808984,0.0034533262505338,0.0029248265528451,0.0871134126299352,0.0077134692422212,0.0044709616341124,0.0024370900426003,0.1434234295588355,0.0013824628794212
0.0344509780816413,0.0119914490130964,0.0586879067394272,0.0001931176343127,0.0218241653289373,0.0161956502350529,0.0249374033668197,0.1122635468865209,0.0345603353941291,0.0386273537937966,0.2373490147187203,0.0006838624669843,0.1216646872813335,0.0174411118736608,0.0111984783531348,0.0514029760092137,0.0238568804908774,0.0260959733734245,0.015877353349718,0.1380245262724095,0.002673229336788
0.2535829628058825,0.0469536577286194,0.086683185213846,0.0999067265687727,0.0110751678820461,0.0115606046983546,0.0116099843084344,0.000136932686067,0.002975680149941,0.0704209512334294,0.0316447990929703,0.0018710727154723,0.1413780703325349,0.0205338834735321,0.0125432369880054,0.146156728606789,0.0189001037888653,0.0129604337685607,0.0093162704855815,0.0043348977235776,0.0054546497487167
0.1434710456668348,0.092049439465116,0.0275915150184574,0.0885148859301071,0.0695349111091408,0.1246067899707009,0.0387216157787436,0.0155532719622708,0.0316420973956512,0.0499867116273855,0.0333294531590963,7.193973816101349e-05,0.09322314931172,0.0189939649840613,0.0103003611901415,0.0525147542245728,0.0134333042065916,0.0083499293334547,0.0080756590111151,0.0773005313748246,0.002734669541852
0.1223245050812095,0.0432341235365354,0.0924951253859985,0.0451675903469423,0.1408875354905323,0.0598732112421049,0.0386307100156837,0.0175047530574596,0.0517454233412834,0.0127684283350952,0.096412663380642,0.0005101814462074,0.0725458931412909,0.0253389593421857,0.0019483094120484,0.0625459610455893,0.0193434368592295,0.0011860758005207,0.0018761375020085,0.0902269406456204,0.0034340355918115
0.061611072205892,0.0932823487334006,0.0544634857742921,0.0599783386531521,0.1160891988940781,0.0361390864671271,0.0026073777427697,0.0476901729132164,0.0339655135237423,0.045458306947467,0.1173232023059274,0.0008165526634519,0.1278103731003493,0.0260600251862995,0.0034858641020094,0.0818898574942107,0.0251435842604068,0.0240140859644245,0.0074025668071825,0.0314433568670187,0.0033256293935808
0.1349445581605757,0.0585656755704554,0.1025221070149203,0.1149903201974345,0.038817950753074,0.0968071796015357,0.0276845574440047,0.0144004622868808,0.0771097995202127,0.0889570077050634,0.000347723703047,8.357704319541693e-05,0.0073224870035107,0.0438694421056089,0.0064066768424438,0.0058775883957053,0.0168327934352346,0.022188926423236,0.0063695012184117,0.1339454150435663,0.001956250531882
0.0818684338409201,0.120962196333015,0.0106483832782603,0.0445450824413805,0.0706148107254737,0.0552693022307857,0.0855397837747902,0.1525045662428702,0.0154792620464332,0.0557819960860972,0.06692529110074,0.001164305341943,0.0036941371866004,0.0380012932690075,0.0068085036333943,0.1183799607163141,0.0392648424881559,0.0175952534354143,0.0107865505346683,0.0007825024201907,0.0033835428735447
0.049157927624666,0.103254462147539,0.0357585984320598,0.0046487094053277,0.1629691499513541,0.0270087654795726,0.0160971789128937,0.141988239053334,0.0685547204189878,0.0730231044409365,0.0299880866182961,7.022577648243549e-06,0.1166304089649654,0.0116265265790088,0.0013938281539388,0.0176287028304123,0.0054681349589824,0.0093033653243946,0.0092814711525831,0.1132185066162632,0.0029930903568345
0.0511734445294026,0.042243080700515,0.0898691120143028,0.1010774664550534,0.1319065534281371,0.0649968959593251,0.0521595254890001,0.0106951846403585,0.0263938433514842,0.0029819605880513,0.1460242601117384,0.0011901188495856,0.0097070471540415,0.0423413212984416,0.0102728443604695,0.0887180088704303,0.0144786114558227,0.0249348386145317,0.0019252386744251,0.0837207784815572,0.0031898649733256
0.1650221457621427,0.0662491006951396,0.1183040489366204,0.0385921333650767,0.0238843971039409,0.0584013334792068,0.0264433789749924,0.0029193963479508,0.0529842952436384,0.0799872679186415,0.1127670717773257,3.636646232783114e-05,0.0262955948924633,0.0365127478726655,0.0037102576876192,0.0707560410260754,0.0244651770880369,0.0101685995023105,0.0039524856601449,0.0748209576416711,0.0037272025620087
0.0627201915281759,0.0499380693387554,0.0200644356813538,0.0430760164580589,0.2258948166193686,0.0333229715677574,0.0445319694861281,0.02416286926821,0.06067041249968,0.0746697699774992,0.1529004049450316,0.0014672016865787,0.0234327448385427,0.0434829127284963,0.0047819127450447,0.0488401817997797,0.0184412578945075,0.0324701333664769,0.0085329438600269,0.0235944465605524,0.0030043371499745
0.1076107436718344,0.0536003303318202,0.0843245849301307,0.0412922809250011,0.1312459672889176,0.0675417758217419,0.062380905971806,0.1026415393594393,0.0206717145087339,0.0103610860518671,0.0490889683902929,0.0003482854526031,0.0070665600902791,0.0254324558861337,0.008467403291936,0.0874379265928542,0.0131754031546186,0.0165387602387877,0.0014065665817499,0.1065938520644382,0.002772889395014
0.0886429739089244,0.0722370962171449,0.1035219167462916,0.0048728698584514,0.0469711328208113,0.0791088831947288,0.0690191218403769,0.1023751997446851,0.0599665580008975,0.0478247473631352,0.1190056736268204,0.0008948298083239,0.0599097216946361,0.0109166637998981,0.0015468141173711,0.0719405817706685,0.0054796337933191,0.0044699533850342,0.0023671797550962,0.0454690813711136,0.0034593671822705
0.12953547308632,0.0096479662520571,0.0954573648006471,0.0769588665205015,0.0090482960140729,0.1009504598948199,0.0056750690998034,0.1390187174404295,0.0131579681846384,0.0517800560424485,0.0038716871754582,0.0012241336383747,0.1790455765987748,0.0135327508266722,0.0014427205307262,0.0077187649991742,0.0054003165071909,0.0228736425262081,0.0058152305266649,0.1240609524610821,0.0037839868739345
0.0721231229648863,0.0353691119128853,0.0728919807030206,0.069880076357368,0.1093511567614523,0.0934600796486466,0.025422686164657,0.1075365662668446,0.0522297748565213,0.0457123877437374,0.0162899314718442,0.0005023728513613,0.1064158803374784,0.0264407120415327,0.0087128343336417,0.0016906427682615,0.0120535423297091,0.0064731232697179,0.0047322765300168,0.1295746172708889,0.0031371234155274
0.0300707928274723,0.07152639458227,0.0979253567947299,0.0582320137448302,0.1048183058819692,0.0857560443416185,0.0056945981753473,0.0841568104687791,0.0436008574743505,0.0311641443539808,0.1027943262586033,0.0005405062176693,0.1410185413945285,0.024276318198792,0.0069516709719481,0.0051320323065164,0.0288845097559363,0.0011144821588718,0.0085257379206544,0.0636185474120206,0.00419800875911
0.0953086911793377,0.0443271141346572,0.013969741147832,0.0640821506123304,0.0180048067359027,0.0832421197784476,0.0200448776322134,0.0833680926705449,0.0097004710870324,0.0872578386129034,0.1550604951961612,0.000972453021724,0.0463920716835458,0.0103075955348067,0.0068330285248277,0.0462367589892719,0.0008155821060175,0.015379661439898,0.0072619393109685,0.1891765628265309,0.0022579477750451
0.101537342879806,0.0691337676778028,0.0512942728543456,0.0691649802122263,0.0205796268295271,0.0795761233757406,0.0399401713623842,0.1173090321390216,0.0581298455041565,0.0166195734441841,0.0520028273592415,0.0009668576258469,0.1543445820381338,0.0341072419725771,0.0033882277533473,0.06303831189617,0.019543589181179,0.0151254765195468,0.0077229088064417,0.0232150594517661,0.0032601811165539
0.0719432918301968,0.0510115551177665,0.0971247701770993,0.0697905395138372,0.0790358852014603,0.087773670919561,0.0753253375583387,0.0852949341901384,0.0352356739185067,0.0180993340980933,0.0847646447293245,0.0001361803136779,0.0398749231392714,0.021159403882497,0.000990744953694,0.0877516500150441,0.0109611343794279,0.0056144145743357,0.0048049059411123,0.0707116068124156,0.0025953987342005
0.1792300234027837,0.0267243757378285,0.0140242405959904,0.0993013103002322,0.0573166319413415,0.0700179788691506,0.0692248078551459,0.0450674777259251,0.0726376724896595,0.0711003858275283,0.1406717225887996,0.0002028452817765,0.0367426786860438,0.0289408877016881,0.004280129963386,0.0618352771714564,0.0118387063700903,0.0030498377602511,0.0043991982290291,0.0005085072082087,0.0028853042936836
0.0638000106582987,0.0761006139867202,0.0552192336688984,0.0644152204028227,0.1145373013582544,0.0568655566702941,0.0642413094878789,0.1249825182823902,0.030237957710935,0.0103338548573038,0.1101121827866303,0.0002950530778758,0.0814220142810585,0.0290719196001476,0.0086208136047267,0.0112648533470414,0.0018482196377635,0.0222983597944066,0.0077100207685215,0.0644187608903757,0.0022042251276553
0.1622939230918633,0.0724773396867569,0.0947163919335331,0.0387038940214646,0.1187698742034991,0.1027002394968036,0.0404350535892739,0.0704348283182162,0.0074413913327191,0.0053976385147511,0.1180302804104379,0.0007860126187303,0.0499883867814448,0.0230684108840703,0.0034128295652933,0.0124089729895098,0.0201529800688562,0.0055688857431167,0.0004157144476534,0.0492263489339926,0.0035706033680129
0.1474557395251254,0.0635804054693699,0.0682427078566166,0.0151573848101408,0.1510855272556361,0.0127017402634246,0.0733264047695137,0.1532482019774538,0.0005949772503045,0.0247609148972572,0.050469654895895,0.0012242970012049,0.0545202946688149,0.0149450468080112,0.0086726706306632,0.0435858292675314,0.0222938487197155,0.0165540480890536,0.0034055660060099,0.0714607404714525,0.0027139993668041
0.1541215450063374,0.0727975411904436,0.064343424174021,0.0999863892331491,0.0704109385341216,0.0795327920753832,0.0671450314050041,0.0395746585239262,0.0216749944613096,0.0123298186263105,0.0332847397966767,0.000119577082458,0.0058070230536739,0.001217851501843,0.0091217645396464,0.0713945570131977,0.0094129639414775,0.002971550897889,0.0021003993531539,0.1809609483127178,0.0016914912772591
0.092733467362276,0.0785136567626027,0.0638213319257405,0.0671014337074517,0.1079711172964591,0.0483777531082349,0.0704742869840871,0.0238157575576649,0.019176486754616,0.0646472459470496,0.0956775781469664,0.0006638340591626,0.0748444492832194,0.0326406820434209,0.0010613620369731,0.0467675860546315,0.0242466546669971,0.0209527191804443,0.0045388101128645,0.0600606501658985,0.0019131368432384
0.0871827485946612,0.0064400413300472,0.1058052116631572,0.0865682049481851,0.1400411223999356,0.0287439049998773,0.0046029959704836,0.0977882727117498,0.0577699661068571,0.056611988710204,0.0158225678200099,0.0002034999466097,0.0382486981652859,0.0232897756393086,0.0063116682752046,0.0527570963211012,0.0254707984567507,0.0111854884662646,0.0092248675112589,0.1415612328705836,0.0043698490924627
0.0422337426326485,0.069126761088601,0.0207379550151798,0.0092136935724896,0.1462149772671794,0.1139268223865202,0.0154049482562909,0.1676422175702818,0.028064530608899,0.046662580331532,0.1527762395053286,0.0007725625826609,0.0470949218662308,0.0103822629101473,0.0124363744508264,0.0449823139907201,0.0280953182011223,0.0226546323829442,0.0111021212391305,0.0081054921951409,0.0023695319461253
0.0644505725782333,0.0263475465943212,0.0837820972291059,0.0496773308251896,0.0414065267605609,0.1090954332116497,0.011181934422886,0.120385204429642,0.013528151294977,0.068273241404063,0.1069283072588072,0.0011229583835266,0.0075759011262572,0.004126751797299,0.0034515603501806,0.07952104735171,0.0349642039748969,0.010135987694995,0.0071051166101772,0.1540596644619425,0.0028804622395785
0.0369581669587475,0.0331427023783283,0.0997290833552276,0.05290655051908,0.1635550514646265,0.0962471204356548,0.0689710584075705,0.1411573681603548,0.0266228720680767,0.0537424215841427,0.0519541536588941,0.0003496884802727,0.0320140056225571,0.029322493643884,0.0096765760610157,0.0688435988130519,0.0138084068522366,0.0125505111350284,0.0040262873174062,0.0007975441294065,0.0036243389544369
0.2004048042557913,0.0266177713649162,0.0074913033226142,0.0766879825025192,0.06397917986841,0.0953618858112021,0.0498788235477597,0.0357511962950331,0.05484931656741,0.0198175648537261,0.1115241799776086,0.0014911221494845,0.1852254567214056,0.0047995721529913,0.0004033978256762,0.001307290378532,0.004146307167853,0.0143794576356448,0.0028426958306887,0.0412766688450622,0.0017640229256702
0.1096125383336703,0.056183189274652,0.0365836382065597,0.0971993373556408,0.092089856352669,0.0545095981182263,0.0525511936046173,0.1360215803078933,0.0629414771590599,0.048470775338661,0.0722278622199067,9.620929503645158e-05,0.038069686640909,0.0031681752772568,0.0036945286477299,0.0587430568951029,0.0114222996099865,0.020251651358667,0.0043982099009705,0.0405928912732854,0.0011722448294982
0.2086387787738426,0.056459400260297,0.12567853504848,0.0033988589420817,0.0087608708839029,0.0165854805166615,0.0229811010038158,0.1496149157823999,0.0686038211065777,0.0270613371256182,0.0372302823660987,0.0008750557898126,0.1145873270880079,0.0298602966797318,0.0018834488899525,0.0807561613374324,0.0201193128698085,0.012047694131086,0.0080592979500289,0.0028621749067772,0.0039358485475854
0.085776991450353,0.0881182252072532,0.0782287657299398,0.0435089576524629,0.122481532032288,0.0076507759743281,0.0432376896298664,0.116489045643373,0.0441636885020887,0.0447599442045824,0.0332817939943748,0.0009011138955452,0.1337250530715174,0.0109788534603233,0.0081565162820889,0.0231029714117103,0.0096358215236813,0.0197243292297556,0.0012139908316182,0.0812530049169187,0.0036109353559299
0.0166558442565819,0.0613842882428738,0.0075061893971832,0.0123288593560839,0.1365153334274397,0.1067393834065369,0.0002979724437361,0.1365345138026278,0.0127189411029726,0.0149797782463632,0.1284879487561202,0.0006689573733854,0.1650565324890447,0.0178772683725267,0.0037033868299187,0.0885778388080146,0.0070636735577434,0.018166617743014,0.0001834525403303,0.0622709055954027,0.0022823142520991
0.0888756241452194,0.0891390993042696,0.0089941054924555,0.0875390462889553,0.1151815876118216,0.0945719499521365,0.0278949677702625,0.1145962783677227,0.0351733523455905,0.0134869577003036,0.0097731750232186,0.0005469694181345,0.1245287426821712,0.0296460403287653,0.0084029083915068,0.087412427316117,0.0163318505805415,0.0182965608737631,0.0048517547461653,0.0231097261179977,0.0016468755428809
0.0718970645992341,0.0345017259186428,0.041393974780915,0.1022616474362041,0.0464275698057174,0.040699165494762,0.0247333063674884,0.0863564497497008,0.0274814799412944,0.0727861863239055,0.0085399064824972,0.0004586723266663,0.1809813650692261,0.0277182338028142,0.0049768294206235,0.1005400021005163,0.0108687555618769,0.0263690708451386,0.0099271065604901,0.0776598829399522,0.0034216044723334
0.2216747880906628,0.104866478536843,0.0006151849778815,0.0310590134341096,0.0229821488568792,0.0063969022430096,0.0744299192519978,0.1280918011633092,0.0250010553406251,0.0184035653659041,0.035397580166255,0.0009584966256133,0.0860864766699345,0.0293689963034919,0.0034105647373797,0.0509526992827776,0.0242258539606525,0.0004539332896296,0.0043721100823976,0.1300134255030361,0.0012390061176095
0.0816642123010619,0.0659495532633993,0.0956409219593121,0.0716195090503153,0.0651269642574779,0.0817284832880525,0.058699244030492,0.0275541145229094,0.0248560184338613,0.0320800381357383,0.1481088675897902,0.0006875313343038,0.0816981368429332,0.0129302334798239,0.0006692932778197,0.058942487916405,0.0309947362028244,0.0047321094618807,0.0095093439579355,0.0437733279535628,0.0030348727401001
0.128216425069058,0.0243180035074032,0.0438844506750489,0.0496343397784226,0.0715078787197479,0.0214478846859902,0.0344476258330695,0.1070692668506473,0.0164349001897465,0.0288065872748667,0.1112580334233959,0.0003666946726514,0.0934336766679718,0.0026078198236101,0.0013886667551725,0.0845814915039359,0.0252703394387991,0.0193751355560834,0.0022354023866009,0.1323673503964434,0.0013480267913339
0.0102844348855319,0.0912093091505309,0.102766302123811,0.0911091217549347,0.0477800664901015,0.040574461940031,0.0162099182028879,0.0717128866625475,0.0224889730832192,0.0381460769683965,0.1314427443621066,0.0002848698823507,0.068616323901379,0.018548007030219,0.0045532476410465,0.106925454744077,0.0155129110187169,0.0160492628214942,0.0067544879987068,0.0956050124578979,0.003426126880012
0.0039459554439882,0.1175360689542235,0.0025415829463454,0.0235576890042458,0.2318884258136163,0.088443050992966,0.0272776804754672,0.0739733631783487,0.0621819531112209,0.0885716181796367,0.0460619806814676,7.868495789174748e-05,0.0006981013132584,0.0069378078218686,0.0095672540720704,0.0964149181403967,0.0240600814594668,0.0086483841501715,0.0012299505909589,0.0846392743780037,0.0017461743343864
0.0730468074379894,0.0261407537070066,0.0745089135112645,0.0037920251161235,0.0393051837717086,0.0570404653325761,0.059961384472425,0.0252183320797529,0.0440108792465104,0.0418671867166937,0.0791486069231896,0.0007585355589014,0.1613560997471136,0.0327497727876711,0.008138084809295,0.0739830655443535,0.0254956092026474,0.0060641673279676,0.0059663368645918,0.157672113174674,0.0037756766675433
0.0157444612921309,0.1044851526263755,0.0146068581804495,0.0124165331871263,0.1006651157065305,0.0354576482048219,0.059762616645431,0.1498749274418878,0.0337318685153372,0.0674342951243304,0.0285448596816208,0.0009453554378851,0.1544337605021827,0.0020679654494002,0.0009369138108355,0.0630185184007822,0.0130183914118674,0.0252788371883346,0.0068361122132864,0.1097758118617339,0.0009639971176492
0.1522570710311925,0.0119506210261245,0.1119690207281536,0.0914867006426779,0.1404415976098775,0.099269611401112,0.040589090133787,0.0930033934820523,0.0022318926535519,0.0227593251356144,0.0018943458883618,0.0009775523166508,0.1244392469907838,0.0274163116349098,0.0002340093011676,0.0311384174306165,0.0241850185641281,0.0106924020719793,0.0063568222900414,0.0029240758420433,0.0037834738251731
0.1345245162886075,0.0691943641166416,0.1079445310458728,0.0034417879159468,0.1490307648397776,0.0344741225558363,0.0132982027231886,0.1034848401040194,0.0115929792092932,0.0455280259162425,0.1159252326422956,0.000245672563408,0.0031126994980569,0.0321381454276611,0.0077425188770237,0.0447176481334399,0.0219446084147534,0.0093899292143907,0.0016525298444433,0.0864476881909414,0.0041691924781586
0.0899582757000838,0.0760074197061712,0.0127354280680671,0.0068526353743022,0.0979857382487876,0.0222743555329547,0.017227408073605,0.0190550073996209,0.0517651038529594,0.0441270093130503,0.1131878352043112,0.0019109468121386,0.1845983480003913,0.0410451695187075,0.0056659781453533,0.0537258134821628,0.0418449482911918,0.0038502656747938,0.0005293920794477,0.1104936828192545,0.0051592387026439
0.011707822459451,0.1013854557109214,0.0676381334618058,0.1015785375374379,0.0200007123025766,0.0881848354723083,0.0439696655052084,0.0212102273419418,0.0713101264137359,0.0562614923920205,0.1354961124841992,0.0009243710803642,0.1330931610785796,0.0299408960581131,0.0008513584681987,0.0548463285466764,0.0037509572999088,0.0040405589630976,0.0070982876300572,0.042752703146838,0.0039582566465586
0.0480051240566522,0.0260625629009143,0.045852863466411,0.0799820363998684,0.1468851523944213,0.1030735922734374,0.0185907048883817,0.0327855731153908,0.0118817233487815,0.0022261133380111,0.0714839651545475,1.942843441963057e-05,0.1574795684079773,0.0117202194837229,0.0073994926982248,0.0648190478705564,0.0222459851280192,0.0070294152468218,0.0006138983762188,0.1398013722112788,0.002042160805942
0.1487322699686373,0.0221322542312028,0.0841738054196946,0.0030611692505833,0.0890029772405503,0.0879960062749577,0.0609043160861079,0.0873391076914548,0.0103793681641243,0.0385635596073399,0.0860363556474594,0.0007008529433187,0.0550876805164391,0.0353621459410184,0.006758242543938,0.0118790165026768,0.0117030272390503,0.0060736314411704,0.0082035195855693,0.1416093389810666,0.0043013547236389
0.0606121646780589,0.1041830298740124,0.1226646365248942,0.0035347499208434,0.004121317852608,0.1003560043632814,0.0313473477479185,0.0517103804436899,0.0303351458413158,0.0221159592798568,0.027443187132157,0.0004599000123506,0.223385053132521,0.0037623322540665,0.0124120498360071,0.028906374950365,0.0001968700622862,0.0222105737833433,0.013804769434318,0.1327785780639201,0.0036595748121848
0.1560442442004681,0.021916983177735,0.0633573484690886,0.0182523739297467,0.157693149296439,0.0337962487788552,0.0293208130791855,0.0249810440709759,0.0462072845004559,0.0232757828995405,0.1127118237530047,0.0009768428516211,0.0163361180029457,0.0333228706981799,0.0015282932305071,0.0768446465495611,0.0257736521424646,0.0084354451544915,0.0070931908820826,0.1387126347272543,0.0034192096053959
0.0539265004496109,0.0761511742532457,0.1183902312472075,0.0829421453095603,0.0783178883716903,0.0966242633721937,0.0785066348373176,0.0721384940944636,0.0040132105322123,0.003557386524859,0.027738827905071,0.0009512511655085,0.0708390939059195,0.0176169234964228,0.0021196537274913,0.0537220570562666,0.0143111938313705,0.0093974563946323,0.0010389463768709,0.134205281628859,0.0034913855192257
0.0273978522524505,0.1007404118537391,0.0827570705522603,0.0941985813617613,0.1394306272072589,0.1162090677062393,0.0110264662269232,0.1068536884335902,0.0208994151358855,0.0024880870251902,0.0425925659980301,0.0003453972154903,0.013787893914569,0.0179045822613924,0.0067570987864792,0.0689029628540859,0.0163847211188549,0.0051917645090685,0.0005218836297448,0.1227372798401809,0.0028725821168045
0.0260093834258253,0.0558904355073653,0.0070841811954208,0.0855691348476479,0.0770256285523538,0.0458360001222805,0.0523805241574323,0.1057787757870124,0.0510974468189019,0.0545638034038763,0.1381737073261221,0.0009370916192336,0.0198578222156243,0.0280847989914666,0.0064768195139878,0.047729574256149,0.0225897022424187,0.015557758020558,0.0003091308481448,0.1555312018343393,0.0035170793138385
0.1283360458400842,0.0448438850175353,0.0874794590181086,0.0476188212619844,0.060001042588705,0.0748124456409888,0.0607193041149069,0.0835497090067966,0.0308904713786336,0.0003332659305632,0.053404536289651,0.0009264087000634,0.1262666926794406,0.0122160322195711,0.0040403420657236,0.0458177823074211,0.0205918935593765,0.0069790376728651,0.0027174190278144,0.1063911764195492,0.0020642292602166
0.0700527423197006,0.0369284409113599,0.0916821432633581,0.0615228028799799,0.0131938458100352,0.0494902043852326,0.0545163057877232,0.0827622220038116,0.0493937241014071,0.05712753244665,0.0272922221223421,0.0007465115976961,0.1178545880214642,0.0251758598317891,0.0092353185351994,0.0629790210522099,0.0339424528897754,0.01802568386958,7.446499170019231e-05,0.1329265525250593,0.0050773606539252
0.1404746120119789,0.0871766013421456,0.0917560287316529,0.0841885541662916,0.0542650021809659,0.0421121842358242,0.0682672364195043,0.0101186705813979,0.0432409512559382,0.0079016541074485,0.0718808345138006,0.0009711290373441,0.1142639262772072,0.0260072119511755,0.001046752824378,0.0350708221801392,0.015140928256985,0.0029258245548734,0.0091382780250399,0.0904853608919264,0.0035674364539819
0.0834877622972859,0.0558623095375335,0.0929160616285536,0.0692563348122931,0.1549501275191583,0.0341230419514076,0.0140244269889728,0.1391802316865578,0.0070129149365502,0.0161712486394252,0.1272927943610002,0.0008466704391474,0.0997641488028948,0.0037884166275036,0.0025409566531371,0.0081758750148567,0.0069342887675366,0.0040068602266471,0.0026667957083871,0.0742256423434834,0.0027730910576669
0.1450852533572894,0.1368203171861743,0.1097760379734456,0.0583991660789961,0.0426802710803978,0.0262236677361214,0.0067091574057345,0.1304892759778438,0.0562882273320527,0.011837957333186,0.0681727819640301,0.0004119387152158,0.1032339370215452,0.0024019903815837,0.0103332867111874,0.0343427051992156,0.0067226684575574,0.0010142319655997,0.0070931839159644,0.0399532412910099,0.0020107029158484
0.0116647483228115,0.0590911486456917,0.1264489290843084,0.0593514304878353,0.0064814190746292,0.0208073065548341,0.0490830566419293,0.026634096460878,0.0111765481711576,0.0217330157159277,0.0918324426519798,0.0010328892782427,0.2052201801049525,0.0132447659114453,0.009760411565396,0.0563335524928594,0.0376778733609509,0.0100141692940468,0.0045299377216937,0.1743860200785566,0.0034960583798727
0.1562765479818404,0.0350578214157198,0.0520053662146064,0.0649847374033781,0.0488593567649581,0.0122950396320076,0.0630316693162571,0.0908141990592016,0.0551237474282405,0.0461950067526361,0.0890548753487622,0.0011030744902739,0.1850643872147062,0.0126533130204482,0.0089393584293996,0.0066473389040133,0.0195449005574738,0.0023551506406164,0.003505746378716,0.0438371296069048,0.002651233439839
0.1561610736140528,0.0220460636419251,0.1107914158801045,0.0090015055236508,0.0904834462945482,0.052016395953455,0.001410280247926,0.1661016894242772,0.0406551410166463,0.0150381769971342,0.0007631906926746,0.0005825126916248,0.1990082310366533,0.0429498771620796,0.0054632775698963,0.0399699119153623,0.0045402095684281,0.0260841539144116,0.0087126597950541,0.0045786481193823,0.0036421389407121
0.1584991437259218,0.0203320758985454,0.0662730747417132,0.0675009975721711,0.1641334654933816,0.0074158506313911,0.0379089316278416,0.0677683153043547,0.0694681873247314,0.0069697593423911,0.0797793489814606,4.037682411430377e-05,0.120276897136986,0.0012545839972935,0.0048047971632073,0.0430503212804532,0.0159626529713406,0.0107202165084537,0.0083398596550547,0.0476645101702184,0.0018366336489741
0.0702839971543928,0.0025381060161806,0.0654526741844429,0.0933760217226327,0.0786670856149883,0.0574507510112247,0.0359733043413328,0.1241489702687749,0.0311445077922628,0.0099263040887943,0.0528224512725213,0.0010154406974576,0.1312393008178923,0.025854947373975,0.0061363832190336,0.0567326341976677,0.0199438685425964,0.0192879102746097,0.0065058925418407,0.1083805521844341,0.0031188966829434
0.006582505995548,0.0368612778541023,0.0281826992059401,0.112059313357975,0.0635147775428927,0.096219250853269,0.0632345195100349,0.0005542623376463,0.0221341942782457,0.0487692015863756,0.032735288659031,0.0008386388742156,0.1577636581705054,0.0292118924437965,0.0099857586302517,0.105918138784758,0.0186655324816497,0.0210487674604824,0.0083284997177926,0.1343542534925135,0.0030375687629729
0.1310142623387762,0.081906315144554,0.1104471956658002,0.0132889089585135,0.0034574412559535,0.0685250455901011,0.0339778588637213,0.1732626758592616,0.0372722240692246,0.0157080278917103,0.110950534580575,0.0005346109617951,0.0519343820114201,0.0020626971957505,0.0012109271861487,0.0600769803558812,0.0068824408077742,0.0268852044704209,0.0108801214856283,0.056009200902463,0.0037129444045257
0.0187059618287422,0.1115662457804092,0.0532919838415759,0.1122384604598907,0.0280749810860303,0.0683936148158415,0.0475154596532909,0.0965921556893047,0.0347897598905511,0.0143921982759099,0.1421721008099494,0.001328644184067,0.2013196426654555,0.0068554557440024,0.0017687048286694,0.0300408521517376,0.0200724576640283,0.0028364276872004,0.0041785095863224,0.0017480669838014,0.002118316373219
0.1688213976407169,0.0023734181211355,0.0724620337711598,0.0911838789012706,0.1561457095758243,0.0063008421119337,0.0292206574377492,0.0770550278419413,0.0683411556030762,0.0389565247905174,0.1061975867094493,0.000747184295319,0.0093814971309938,0.0281915364119679,0.0110942087137952,0.0017626905281001,0.0231355914290214,0.00315455909314,0.0070780275076762,0.0945242526369456,0.0038722197482659
0.0196915832894608,0.0737581775446119,0.0049956002260782,0.0524150846448268,0.0906637932432389,0.088581089359175,0.0589290026881701,0.0461415341037024,0.0929538030645754,0.0293907888218214,0.0401042280191182,5.75484561599126e-05,0.1527929929724146,0.0033434498093653,0.0116430051085789,0.1091751304965641,0.0100123186634844,0.0199940483487111,0.0124553938694226,0.0821953169988338,0.000706110271685
0.1124009048488021,0.0939795438339094,0.1010940611259404,0.0252314516725024,0.0144151486089012,0.0287510884068643,0.057373579875333,0.1315428687470303,0.0471751913315405,0.0523682757658303,0.0965740544319453,0.0006298365946769,0.0691459037506651,0.0235939404617795,0.0082934748857024,0.0750547702613373,0.0221540555711501,0.0178280228428097,0.007007325519252,0.0113610932247452,0.0040254082392815
0.1175227397120955,0.0794761769823486,0.0899403887927637,0.0372683387877591,0.11248395629071,0.0340257442928441,0.0414423321264575,0.0499925470970544,0.0407237333450541,0.0429983714619307,0.0280406054940502,0.0009739019854849,0.1195712626233559,0.0023871836615559,0.0073585440287959,0.0723160986858132,0.0063640004388721,0.0080246558519201,0.0010569435603282,0.1048317696698229,0.0032007051109821
0.0440542601196478,0.0290196738429324,0.0549602453676325,0.0709095676044094,0.1532272134241408,0.0789540601544319,0.0077478944872804,0.0587362436544249,0.0306633708766838,0.0139330458129365,0.0847884173824928,0.000425628217512,0.0789462453986475,0.0301971763596722,0.0026431516982732,0.0696110148527774,0.0205533107513162,0.014653088321878,0.0058030218741212,0.1478149757960899,0.0023583940026985
0.0652309539712329,0.0714151557590617,0.0950106145091977,0.0056621152376629,0.0550137537820764,0.0666624822210774,0.0227571426531441,0.0846587846668477,0.0361215501235951,0.047057840874106,0.1099022396895717,0.0003546702002357,0.1373572134426932,0.0304236237677112,0.0046828984676055,0.0721339563401483,0.0098982450432594,0.0202281266250777,0.0057859338035765,0.0567204575021287,0.0029222413199892
0.0180856609396462,0.0217370279577137,0.0956434011785725,0.0445919058656244,0.0881561442067516,0.0998031419167009,0.0142537100534349,0.0474002000956284,0.0170581023729791,0.0449765063031283,0.1388843287278253,0.0005168691058546,0.0981663048262193,0.0358787482934179,0.0065288987530318,0.0189192182095749,0.023068773553873,0.0181714905503831,0.0002283876120983,0.1632953301748472,0.004635849302694
0.0300953186949615,0.0412319207526348,0.1089844856717831,0.0657069061041353,0.1208248618995416,0.0219828647460171,0.0266750554022453,0.0482012556205678,0.0439968338678229,0.0236486657063545,0.081753760266579,0.0006121098241041,0.1175756725501419,0.0064818197433166,0.0042509640316467,0.0949305592620406,0.0224740805146169,0.0145001485392391,0.0093799015320183,0.1131443668887012,0.0035484483815305
0.1164046862386168,0.0473734675148191,0.0855042661144475,0.0378656189548189,0.1051799620243911,0.1575824519640669,0.1020442191356459,0.0926722335193367,0.0381225421874799,0.0015422376678951,0.0301619911115295,0.0002103288069245,0.1082439186561375,0.0094866025941155,0.0046345487714452,0.027710897378143,0.0074818669827365,0.0116420627786547,0.0113945554534354,0.002719537395513,0.0020220047498465
0.1056772559752686,0.0187738873478771,0.0299038652159349,0.1114824202645353,0.1462022432179466,0.0204078715601423,0.0320367845134668,0.148334427900851,0.0322791140614746,0.0326530836696497,0.0024482948244685,0.0004279569964685,0.1752720410954309,0.0050829719083803,0.0095301733763967,0.0619125486937694,0.0146784131296859,0.0027533215968967,0.0062584272277482,0.0431761187344114,0.0007087786891956
0.059426521243875,0.0833916534735089,4.459304581868166e-05,0.0006707131901712,0.107883821320032,0.0138595487646469,0.0448496806166003,0.1688410179146174,0.000350976460044,0.0442502917639779,0.097324751158038,0.0007489457317703,0.169656408593383,0.038493010810263,0.0069295287487585,0.0619903253539871,0.0323314604567586,0.0286032764956712,0.0059663639572233,0.0309765295838237,0.0034105813170301
0.0447172387241873,0.0853159078105246,5.752552614790126e-05,0.0703564163585157,0.0836151595350159,0.0038955676380557,0.0314856704895381,0.0673021855866551,0.0057593320460561,0.0748519607170783,0.1240512554355205,0.0006470453650738,0.1212187306836137,0.0338900910664402,0.0007775566520324,0.0076060693690023,0.0112582275915061,0.0207613322300385,0.0133370122845942,0.1944262491323632,0.0046694657580398
0.0033409858070289,0.0012535745177901,0.0851953752474292,0.0631117194893726,0.0221733309082397,0.1165759996886381,0.0017730641040837,0.1448661801820215,0.0312369069819812,0.0113063250912871,0.1300928683790323,8.19014381578523e-05,0.1608517227547555,0.0072779946648873,0.0049298277471234,0.0895113613043106,0.0143608602703301,0.0093213559799891,0.009978496463712,0.0902792892343293,0.0024808597454995
0.1227771547231538,0.1093066652876199,0.0557972765250493,0.0903313397503511,0.098887308014542,0.1012838601359705,0.0368919301485791,0.0039261955872041,0.0059293925211186,0.0448072343560874,0.0381072299946607,0.0003537505728369,0.0106910701188258,0.0122997452324988,0.0097766156859736,0.0719397606440823,0.0200624279153034,0.010795480576517,0.0066505874590875,0.1465553054534122,0.0028296692971251
0.0508189522227422,0.0584520779577758,0.0579303668694393,0.0577552330820573,0.0533090413156331,0.1280652669107436,0.0455404834061537,0.0291704072446405,0.0043377633356513,0.0722642709105271,0.1316780087033429,0.0007814701928988,0.0910391011860057,0.0103578433432468,0.0006294455041169,0.0370803973293245,0.0166717694430996,0.0034020018307023,0.0114874183088744,0.1352084931795114,0.0040201877235117
0.1115497007881013,0.0952451455696959,0.0025881903553205,0.0421585207848172,0.1694878490162874,0.0726015848505511,0.0135768925066309,0.0692454861576567,0.0668035273724657,0.0079806124254311,0.1214275541489595,0.0008978810000946,0.0189678129172283,0.029400748213799,0.0011290972097836,0.0664534897886442,0.0092740523495845,0.0200454397669741,0.0085000028075583,0.0709417915065171,0.0017246204638981
0.1169228863639516,0.0297052869286267,0.054158080760932,0.054897179209067,0.0812828052802382,0.0171552468788595,0.0092548577542759,0.0810121290824435,0.0417254912596841,0.0374669536898932,0.0577373070064409,0.0005389775346222,0.1787139373914668,0.0171825020611078,0.0107732824259859,0.0812324993574091,0.0180176768625542,0.0048342369506187,0.0025979946889263,0.1015522490491786,0.0032384194637169
0.1167598384685867,0.0379667412259744,0.0528042096898159,0.0304442047468102,0.1563074967581457,0.0668276152327851,0.0498291210650451,0.1078887352107268,0.0519567334961842,0.0156356225903634,0.076068216173156,7.072256451537214e-05,0.0929011416612598,0.0267765293120382,0.0075399077321436,0.0351568035774625,0.0206426183854526,0.0303846061196997,0.0121596424913865,0.0096083481024682,0.0022711453959789
0.0074780656752592,0.0477755406392595,0.0959771988039622,0.0827815227189102,0.0451420188143494,0.0878506135098283,0.0119121676577714,0.1207067714654241,0.0526586131229474,0.0076551670826017,0.0634922373498334,0.0002147058018126,0.0896164694979509,0.0231153059835937,0.0007937561228676,0.0835042430489599,0.0281642981968886,0.0154357097058662,0.0025327164885584,0.1305697788008151,0.0026230995125393
0.1390737015894126,0.0095920443382892,0.0716150269524771,0.0129199971546341,0.1514512409536184,0.0899303179044074,0.0196262813065138,0.0243308782472968,0.0144349016154574,0.0624674416085311,0.0768292549401431,0.0004554468079666,0.0672687836833995,0.0034066032898723,0.0039957546236685,0.0762107138378041,0.0231630839738964,0.0224030148016308,0.002195817768161,0.1267126164864116,0.0019170781164075
0.1750733468517916,0.1015381120056996,0.0183224474302511,0.0496472057893218,0.0635982311665811,0.0590884948834172,0.0457128350584064,0.0874978510629484,0.0662627725647411,0.0701733151604098,0.104131205015045,0.0005321048367061,0.056122093944703,0.0070570642118322,0.0085072785288504,0.0385050843171307,0.0083915932997734,0.010934965911507,0.0039090484933014,0.0235689048344273,0.0014260446331541
0.0477788559127097,0.0929843849639515,0.049563163405235,0.1135105053639283,0.146983475431254,0.0367793858681873,0.0300994779795854,0.013238197343933,0.0475431040877691,0.0588285636446148,0.0076882797046071,6.544734589211855e-05,0.022075068258082,0.010268012998121,0.009046031141733,0.0892489339991702,0.0118515174505253,0.0242641201804281,0.0044248145896532,0.1822738043090594,0.0014848560215596
0.0561918591887388,0.1094239247193647,0.0076136620605588,0.0119896337271477,0.1792989033751005,0.0774384235040895,0.0815506705667431,0.1035220889039704,0.0740896798448812,0.0264497782150904,0.0271717614692383,0.0013747825161306,0.0284402352131176,0.0044218149447738,0.0023205630263201,0.0943065400922366,0.0216949103240209,0.0050872476954738,0.0088518166348025,0.077449001915258,0.0013127020629419
0.0103908630486671,0.1267022190807102,0.0949459630718202,0.0271372301649516,0.0491388966549633,0.1264971029075146,0.0828015016301747,0.0055026865169423,0.0467669362050201,0.0734951556096418,0.0551401233760194,0.0019105188348263,0.0022999730221653,0.0301615439555228,0.0122674282395283,0.0792328809177486,0.0502209354416016,0.0168599062286679,0.0098727896228234,0.0942298938260276,0.0044254516446619
0.0306975239954476,0.0273928989237698,0.0460069836396247,0.0286446197860654,0.1607279059810087,0.105659788220749,0.0384320407012084,0.0454539627366632,0.0273535382788946,0.0460403867347872,0.0856625116147746,0.000994638128058,0.1026363127920634,0.0223092335909057,0.0004656332410935,0.083128628895731,0.0220905976968579,0.0004901397945503,0.0080444878120159,0.1138319548257775,0.0039362126099523
0.0765383874139902,0.0532234231181591,0.0619844005947705,0.0788707381416389,0.0457376140890824,0.0343341733747567,0.0684896938078311,0.132060971113237,0.0173572508823206,0.0366902133406561,0.0892415905198601,0.0004148181774005,0.0578949972436819,0.0263674197426603,0.0058553232788553,0.061394454344044,0.000623622815809,0.0145358895056514,0.0076651811887296,0.1274846787363779,0.0032351585704862
0.1716122718074784,0.0012163478972754,0.0776459578428708,0.0373447152978818,0.1087239508481609,0.0542930010451132,0.0753003113921497,0.0114526367188624,0.0434690010911208,0.0521896052453302,0.1030635180900463,0.0007086059858595,0.0870011784568993,0.0236579075260549,0.0101158381145209,0.0373947470488245,0.0111541973222375,0.0078265017062899,0.002865758123125,0.0790475602975776,0.0039163881423199
0.040701301717668,0.085194933328932,0.0521635385817715,0.0745111306442207,0.1166319432177881,0.0961722267742943,0.0400259567641616,0.1183330497444615,0.0022112911476365,0.0177560121839872,0.0948465465238459,0.0007207632287563,0.0397245236507024,0.0108177492020835,0.0066139727748816,0.0880808980319424,0.0145373385492542,0.0014014647653197,0.0021451738058731,0.0953012613457053,0.0021089240167134
0.0066467128195179,0.1370101259286891,0.0202739816552689,0.1068816298437529,0.1285393428617322,0.0694469636053214,0.0020135756024996,0.0424607452973314,0.0796454999958145,0.0372010269500137,0.0690612342721749,0.0001956779529887,0.0121866352005963,0.0181163776246848,0.0067529151499424,0.0504576792583383,0.0434695804772578,0.0317048240929917,0.0071475788063071,0.1289063745438274,0.001881518060948
0.1128065287235878,0.0961129574959246,0.0331367455626278,0.0592786415365696,0.1210747323834493,0.0340740660089009,0.0773232363185932,0.0477119295789702,0.0167470944238021,0.0531106027738166,0.0779504119064609,0.0001102401056433,0.0573244006369002,0.0003926465759511,0.0006710303012161,0.015467234743309,0.0283813899277773,0.0225405722618045,0.000559044839243,0.1439915503579663,0.0012349435374853
0.0651533716223668,0.0363086746375733,0.0780612600507643,0.0454934134748421,0.1311204592577645,0.0781179530080139,0.0279957626865865,0.1330267383978269,0.0007734430905599,0.0699893383815894,0.0669582998501527,0.0006197705606424,0.0382866442771384,0.0036396396198078,0.0006825824499817,0.0754815620161679,0.019283586265431,0.024912620212671,0.0036923796160218,0.0979918394717801,0.0024106610523166
0.0526837969998754,0.0532452144115917,0.068672355636099,0.0677195640038105,0.1278936585891112,0.0175822472040687,0.0766424885661026,0.066366772591961,0.0026840017204553,0.0448191863025997,0.1218012305866115,0.0009177038711727,0.1044560504182551,0.0146859023804641,0.0061006355843921,0.0703607471462162,0.0047042084254347,0.0234453991409825,0.0083129079805227,0.0634736219634305,0.003432306476842
0.1490787503037806,0.0222770157327555,0.0178274223215735,0.0666179635837279,0.0696080962739409,0.0369646688244917,0.0730708681476698,0.1015250494563124,0.0304635272343134,0.0510261386849171,0.0212929468539744,0.0003823918897292,0.144292011398976,0.0141390533711234,0.003479804681371,0.0528420549956459,0.029054035222454,0.0237004285377919,0.0028784775544646,0.0873415712748693,0.0021377236561168
0.1223079824848667,0.0361465461448896,0.0737417475574509,0.0876724706583278,0.04557438276672,0.0355777157759348,0.0504658811497562,0.0309531520548079,0.0605306338692664,0.029619706306575,0.1061507029537643,0.000705973464584,0.0571959681456414,0.0333374846539588,0.0046406754352905,0.0818493452087096,0.0008087371663546,0.003817542628127,0.0073742996463382,0.1279144412587607,0.0036146106698745
0.0552564849009915,0.1113497587877453,0.0781491131736134,0.0238203268190329,0.1746642961805878,0.0658667563370909,0.0213545276645744,0.0962524779580546,0.0108921687942292,0.0145159884759364,0.0423017914822888,0.0010835404301357,0.047591322004157,0.0221407065548257,0.0006173764726245,0.0221929850018035,0.0055017324949242,0.0079823183639247,0.0120077492128565,0.1824113808921474,0.0040471979984546
0.0060096242244438,0.0581864258164394,0.0017407925474667,0.106688104973529,0.0153785722629049,0.0693441061690631,0.0626091819330217,0.1579684808408752,0.0623853291255778,0.063521771208257,0.1368334399938944,0.0010538603156519,0.0330870491699853,0.0241394278637737,0.0024720719441076,0.0503194420598437,0.0386958725704349,0.0173014926235525,0.0020795690718581,0.0866727554117679,0.00351262987355
0.0949768107877278,0.064076905517695,0.0529521823305027,0.0645652800420941,0.1106737316186145,0.1280922818123638,0.0487458204543122,0.0118253045721971,0.0082328966538871,5.498546491290567e-05,0.1031679082020141,0.0006542781840406,0.1143073283344564,0.0316561715750707,0.0064533056989951,0.1071388477743538,0.0361747196865946,0.0003256059891561,0.0033699948248948,0.0109901257945497,0.0015655146815657
0.0564165089939898,0.0690122122001155,0.0877090840897277,0.0981368560780342,0.1415913318179295,0.0452675983399894,0.0255900710686936,0.0562328571836215,0.0128221140112432,0.0118134337125649,0.007329706996478,0.000992765910875,0.1676475791305043,0.0086907291346569,0.0025639203585586,0.0240859793123111,0.0139802496789991,0.0110644951069849,0.0039170545197238,0.1523443537502304,0.0027910986047674
0.157370199400695,0.0479597896541493,0.079072811835414,0.0753391980765341,0.0408996495264495,0.0368613368911742,0.0032596694837392,0.0715339767336997,0.0585860256484064,0.0179260250134097,0.102859197876435,0.0010692994293776,0.1239148134565703,0.0050215552390838,0.0052236660041484,0.0147479395252686,0.0002554935952598,0.0173385626290296,0.0007957359129211,0.1367355321905806,0.0032295218776534
0.0790265381344539,0.0048483001479501,0.0115425754495797,0.1271556455089338,0.0810981484314588,0.0078330311178166,0.0162823267357082,0.0176014086435077,0.0191118621293877,0.0471714763840089,0.0781703773667612,0.0006881451398844,0.1299511283634113,0.0474031671342192,0.010717279442643,0.058487408475599,0.0268019141316126,0.0198829654941276,0.0092694229620271,0.2034749529502565,0.003481925856652
0.1307446953910029,0.0477769653367022,0.0977266784035531,0.0112546300667085,0.1360073190544988,0.1017745723410643,0.0705099983450198,0.09609343320931,0.0439727770616912,0.0286010273016855,0.0536459037076721,0.0003911527671577,0.0035861556542085,0.009316771903639,0.0057470237007316,0.0224363422551341,0.0253592980325032,0.0123719742286892,0.0056616798718772,0.0946112240644692,0.002410377302681
0.0651948967178911,0.0132413722304684,0.0487214157943247,0.0446271136319911,0.0865252818136727,0.0953805695357794,0.0483477145016814,0.1161566211082436,0.0090019307295956,0.0202304837425952,0.0815849155448749,0.0003262955385883,0.1268916040224407,0.010103439837814,0.0033194729491353,0.0718730734712267,0.0006199576526839,0.0042526758368177,0.0052804221120363,0.1467780703469051,0.0015426728812329
0.0630979095214039,0.0778583762361632,0.0424509983705376,0.0345848846779518,0.1270182495699622,0.045012348810207,0.0673129741127595,0.0446708951981284,0.0100319481541871,0.0533891446763841,0.0284132918015797,0.0003593000477112,0.1529830269726652,0.0225907220978586,0.0008426351724222,0.0454593750504707,0.0232752242368572,0.0200494027284219,0.0073955137681793,0.1303922898292121,0.002811488966936
0.0666587253721833,0.0890403172759047,0.0259964480029911,0.0596212929361976,0.1827096932899862,0.096679170934036,0.0861635718963548,0.0317945287681892,0.0521510838923654,0.0733452172155797,0.0555720274375727,0.0003551513791145,0.0120796799275545,0.0348761203487006,0.0089963661643824,0.0102456193132451,0.0079547021232707,0.0052947110326582,0.0031511770399592,0.0948022768612201,0.0025121187885329
0.0753030246871575,0.0873335781206274,0.0918909831612855,0.0935126080807185,0.0699188177487255,0.0730678003223472,0.0692062967985386,0.0080422112179753,0.0030223734335195,0.0665466263688807,0.0911981828518345,0.0008952662202126,0.0117223924466639,0.0150929907433927,0.0038588815900158,0.0690663156684531,0.0020140216813972,0.0265685790609265,0.0094155444947169,0.1280234766645979,0.0043000286380127
0.0571739198343579,0.0956609183423174,0.1002363715437219,0.0353748816359382,0.0533192443912934,0.0463724315572983,0.0494937035828756,0.0176006242144058,0.0399938239064126,0.0536756574490146,0.1308555782330637,0.0005605952974321,0.1320781494547096,0.0042265690729147,0.0060208753627468,0.0734058172335688,0.0141636271380897,0.0220488667829357,0.008913972405798,0.0561078295017273,0.0027165430593774
0.0471638754154004,0.0340744447591136,0.1294450952236548,0.1043871399966905,0.0412169363363014,0.0313383909933522,0.0742049066618944,0.0858384587180472,0.0378852680978489,0.0204071782424191,0.1749670733427901,0.0013541200067809,0.0445475503965245,0.0200143708189968,0.0045400604054548,0.0502174904378691,0.0258812301387502,0.0110903362955431,0.0033899727084542,0.0540508063772694,0.0039852946268435
0.025054918893184,0.0907992901706985,0.1261040931095131,0.1109389955583244,0.0260338323200404,0.0017150845098203,0.0674773899168868,0.0345357173447663,0.0204506019648458,0.0110030289180027,0.1256079079477703,0.0003021611703131,0.1392607903425516,0.0257963771941015,0.0056307952617253,0.0076720714208134,0.0428261939444764,0.0172485150270592,0.0119869540720764,0.1056609205107871,0.0038943604022421
0.1007501261247427,0.0984651304795222,0.0802734604511855,0.0468460520246607,0.1635597470428368,0.0158729372975144,0.013420466703375,0.0240075703579179,0.0212842114575342,0.0385820721239965,0.0851059460577991,0.0001543594190394,0.1490539854719462,0.0407370601115475,0.0092680351866873,0.0419193156829796,0.0074023071399098,0.0173399678545904,0.0097681793177888,0.0315916844893574,0.0045973852050677
0.0460072086744519,0.0621519221204274,0.0654467111963822,0.0188329726149065,0.1558062265846383,0.0968023958282125,0.0715671936058969,0.1185132077066375,0.043325576031045,0.0255138318071698,0.0298802020749385,0.0009105064451277,0.0173929843072636,0.03023100390593,0.0016048070023445,0.0400863935290509,0.0324364505899265,0.0173506045428682,0.0056429583582597,0.1175952098395485,0.002901633234973
0.0383597643605233,0.1109256546903514,0.0411100708889742,0.0006442395550957,0.0380136930437584,0.043510266713027,0.0930683359069992,0.0922550292160239,0.0182445431532392,0.0030590155552253,0.029679819589098,0.0004750945505419,0.1034039152779063,0.0483511284164765,0.0046916460185481,0.0518528961900976,0.0354688114072092,0.0327029833802702,0.0083102849560549,0.2042287022040983,0.0016441049264802
0.0167058570666941,0.1409436555996762,0.0330868324819365,0.0128957816298683,0.2029359147147821,0.0786521160481134,0.0772206457857136,0.0902051108190586,0.0013995509222091,0.0134393585658955,0.0110064109214509,0.0013824056753252,0.1456819082997655,0.0012204787787473,0.0089557475693059,0.1134890443289336,0.0077737428429036,0.0231638367863528,6.797933730379861e-05,0.0176104429212741,0.0021631789046892
0.016821202126867,0.0183882876358812,0.0636263645119686,0.0367247416253317,0.1540536603278053,0.0949818707916109,0.0116012238655076,0.0639024753776177,0.0218121302344385,0.0278580579580889,0.1284328368556398,0.001312202329519,0.1132691778046804,0.0203451287755512,0.0082370614726548,0.0211582107716769,0.025892988906145,0.0117019919308837,0.0013789714397621,0.155244908814408,0.0032565064439606
0.0937634510367449,0.0118952748902748,0.0813977373195162,0.0455393123415795,0.0705603806686566,0.1285906356386415,0.0224145040189939,0.1116459014689072,0.029256455340491,0.0803620814855967,0.0208466134642036,0.000912554765188,0.1209071657124391,0.013101612113744,0.0095114928966588,0.0995842278542373,0.0128845445644995,0.0074993134816047,0.0017434783612221,0.0330764588556935,0.0045068037211065
0.0293606019546745,0.0895234043907308,0.1068783316778488,0.0532788955071921,0.1322909851998412,0.0766201266450441,0.0735072971090218,0.0754001749354725,0.027418155821857,0.0401634352971221,0.0371222450524438,0.0003995086252049,0.1336516234014812,0.0076582781051822,0.0086241166098293,0.0715134104650185,0.0217468058222448,0.0038250735654286,0.0025502685999859,0.0055635162102717,0.0029037450041034
0.1278781779965708,0.0818989875585105,0.0126807789159063,0.0607329429615055,0.1123156805966293,0.0882685442941642,0.0646287873669545,0.126622603275924,0.0185375579063657,0.0537002327845452,0.021998339467345,0.0006271930385067,0.0532091952078591,0.0094537905986322,0.0057862189347891,0.0801964657997784,0.0223265436546542,0.0052664072920569,0.001404278324311,0.0506463769051403,0.0018208971198502
0.1725741874414455,0.0988545346122533,0.0499860668305007,0.0074599665129829,0.1704152905551785,0.0079921384246024,0.0314214092793934,0.096806994200499,0.0382629461739938,0.0605899495659515,0.0109312278124762,0.0004709055872138,0.0452659600853069,0.0178547613693539,0.0086730210947231,0.042009166856598,0.0293210819513047,0.0161109685706121,0.0019578520009316,0.0903857285019667,0.0026558425727111
0.0154636273052841,0.1216662650998833,0.0896787727333183,0.0704946591204359,0.0638189329404252,0.0357377162244824,0.0793843614945526,0.0029135337875533,0.0447260439866063,0.0618886507892626,0.0247287075613819,0.0006420870530192,0.1206806927440598,0.0387350060028233,0.0106943687803758,0.0865877475110605,0.0242204678088205,0.0202713181865235,0.0095064103400013,0.0746867088217324,0.003473921708397
0.1797455990024168,0.0111597418357689,0.0806681895469332,0.0782894210918016,0.1136583517362388,0.004014561411041,0.0749266657908783,0.0384739124556928,0.0417749234887941,0.0485563394582019,0.0403650330800022,0.0009339790189082,0.1090757613575903,0.0448526765373514,0.0067928292633396,0.0784781854963845,0.0164273764428338,0.0218385383625428,0.0019267164653893,0.0034422545125797,0.0045989436453096
0.0849427411358598,0.0078998157824042,0.0537806103840699,0.0311699204603867,0.0244100215574663,0.0803749468763141,0.0405250583778793,0.0897803929384296,0.0357825678129316,0.056622084054163,0.1110033635277786,0.0005035604278895,0.1307715993144406,0.022131323320552,0.0058088374002192,0.0832998896966138,0.007539288462149,0.003217792207587,0.0014214748461847,0.1262730029689426,0.0027417084477373
0.1415008412959857,0.025759301893458,0.0809448791218939,0.0119032526840896,0.1184062501725653,0.0726943515800584,0.0358339432758077,0.1314528195677126,0.0271819705974509,0.0011896950768559,0.0568064967284683,0.0002609764681946,0.0474806695803143,0.0151254611082591,0.0049972105984476,0.0753827165749979,0.0172941197895554,0.0078134658372957,0.0051297296261107,0.1209907661681225,0.0018510822543548
0.1099407202951791,0.0663914561461412,0.0565025668565819,0.0595127026877156,0.1425090304380995,0.0399411271937372,0.0071960921568329,0.0096188802203504,0.0565787538669264,0.0334125836125051,0.1239200351658455,0.0003970533846185,0.0988400200126793,0.0224283158580187,0.0034869588177476,0.096812694362549,0.001355231063359,0.0123921748969053,0.0076976979637392,0.0487434042320048,0.0023225007684628
0.138608731409775,0.0384675526243752,0.0636930196499884,0.0413515803632528,0.1046943197760106,0.02292596987781,0.0641917622218638,0.040610695344352,0.0497408474152052,0.0323184070726825,0.1108041620354784,0.0005716149333049,0.0497749557054456,0.0257427683731839,0.0061241788099167,0.0604711768890288,0.0122628548391948,0.0213516170872504,0.004380115847089,0.108927186937368,0.002986482787423
0.0895026190906229,0.072848964397507,0.0106175073912317,0.0547768286779656,0.1503934153501338,0.0005287097475313,0.0592033808451165,0.0610602518646846,0.0492334744587718,0.014686192973342,0.0574152942275585,0.0001611198748536,0.1719420603627325,0.0134749361617345,0.0036285384545727,0.0152182010428874,0.0054605007301956,0.0237685534030304,0.0082736042669841,0.1363229105608821,0.0014829361176605
0.1451991041577723,0.0052865488870195,0.032276894529934,0.0120478268053709,0.022956447335114,0.1136817579672414,0.0009171674854144,0.1370909442294649,0.0595501245566693,0.0485834848122834,0.1488836916230029,0.0008029858522998,0.0435071718806815,0.033374128234954,0.0065964385132051,0.1108350959050888,0.020576144901064,0.0237421284864844,0.0087632737562239,0.0216831318964038,0.0036455081843073
0.0413978316667155,0.0259877936338394,0.0227950877132792,0.0388224818148572,0.0488139941886097,0.1005840155068803,0.080140183255706,0.1510531691066136,0.0366905599522376,0.0480411877710804,0.0873526672754621,0.0013079791071181,0.123199800906795,0.0001402828460637,0.0046096977189753,0.0627044178581424,0.005024691769462,0.0053961726689856,0.0016836711316157,0.1124664514172824,0.0017878626902774
0.0882043616312464,0.0930489845300414,0.0399166657881971,0.0592989529090136,0.1286754575769111,0.0511996482538801,0.04417260888021,0.1332727660396169,0.0388905517280362,0.0284314909181242,0.0317885702654039,0.0009035936030528,0.1140965524221307,0.0211022914823495,0.0068396375239987,0.0041798447484846,0.007506998069597,0.0004681454036321,0.0054983152843808,0.0994169954429451,0.0030875674987471
0.1291726631510555,0.0794269864570535,0.0698908133580505,0.0673932375459436,0.1426883633594096,0.0839810285413523,0.0103421695757738,0.0384926128894917,0.0101749416284998,0.0142379334885043,0.0905290090944023,0.0009841568212729,0.0512132642717122,0.0318494098639084,0.0091405343217911,0.0437259885405125,0.0251101482754933,0.0209909560700993,0.0008153447743182,0.0766996779124246,0.0031407600589294
0.1368065039692143,0.0069473440155439,0.0001805377644249,0.0450116995858899,0.05695905092117,0.0830267973787698,0.0544179249443526,0.0817928621583537,0.0494592277664715,0.0329430023244829,0.0423040965839107,0.0001268611319724,0.1341103271667015,0.0023469866914155,0.0024959434593364,0.0821475591707009,0.0273344401607891,0.0133335801138813,0.0044918761217238,0.1432982640952793,0.0004651144756146
0.025277247730169,0.0920516645464207,0.0475226198724162,0.0641958559829929,0.1076463179438814,0.1044201623209859,0.0086459068027513,0.0349391126413931,0.0597475492267388,0.0556964664703183,0.1197995481565588,0.0010249274901632,0.1071201515329004,0.0118894614292454,0.0064993018057027,0.0824961007912533,0.0189300685852433,0.0059025514670265,0.0048309404809261,0.0383280505027096,0.0030359942202019
0.1552787670147916,0.0198936327650354,0.0324695184093,0.0183353038077774,0.1888415920699218,0.0996004469428555,0.0556151249348021,0.0615264822848769,0.0721057742781,0.0565139185014636,0.0605236701672009,0.0003810368637799,0.0433700302627191,0.0226573205364592,0.0029245974487518,0.0246430947701014,0.0062811262755825,0.0279172495176513,0.0040652661238119,0.0445967434925548,0.0024593035324617
0.1942727552620155,0.0988540926626033,0.0102884643981547,0.051795455855767,0.0190487608053617,0.0736568845218629,0.0096008104797548,0.0451748034276978,0.0488200215749268,0.0054169220077897,0.1252827028083191,0.0013864060566751,0.0775099597191373,0.0200647581237471,0.0088962678589307,0.0687231371190747,0.0156416473582153,0.0143434237301573,0.0041788641086648,0.1057350336822938,0.0013088284388498
0.0643365327602297,0.0978307965886509,0.093422008596838,0.0908441732125242,0.051857618322309,0.0300547130168741,0.0425754026083455,0.0375954046194173,0.0349722980773266,0.0454796467836557,0.0726684304310099,0.0008560737722215,0.1300344332294727,0.0264366136581726,0.0037763964387464,0.0926255774676778,0.0186827837143983,0.0059961439089256,0.0085149906949465,0.0470718549232709,0.0043681071749858
0.0160027248559111,0.0857144053637439,0.0120808788578052,0.0853277965036636,0.0152669408506183,0.1107182726598035,0.0222259448524267,0.1248965862642656,0.0548544361107801,0.06815999343472,0.1068024958284571,0.0007796852589261,0.1488987782483638,0.0074854966132693,0.0089432074706534,0.0073351068680312,0.0065575638574659,0.0162885762186536,0.0021457047391226,0.0971362468237802,0.0023791583195376
0.0613874022678869,0.0890474651300073,0.0677276561831585,0.0121778888733339,0.085912327440857,0.0532362192872305,0.0765020412853781,0.0017826009388091,0.0720430284265736,0.0538779045963173,0.0116601587371303,0.0015115969928829,0.213692020463352,0.0370547719315871,0.0102757910584404,0.0115946122541447,0.0242944244784506,0.0270607922301734,0.003548054127116,0.0803234659983279,0.0052897772988413
0.0144750479834928,0.0852753674406685,0.0138943968154438,0.0995042238407765,0.0746135613089597,0.0796561581418619,0.0608435381205674,0.1044194063546792,0.0752028266991792,0.0509852480311449,0.0434504378589483,0.0002647330644287,0.0244198309096324,0.011468496115373,0.0105030155401865,0.0954376225679992,0.035085813692266,0.0183808543118525,0.0102411778483189,0.0899332519911621,0.0019449913630576
0.0334070616883869,0.0112695613909423,0.0288101470397157,0.0080673410324541,0.0847440570581015,0.123348000393471,0.0398394372306623,0.1611252206851651,0.0184101950438957,0.0624260347010322,0.0525355066328096,6.016321665313208e-05,0.1380322280097388,0.0389903336858571,0.001852785106947,0.0600170397981371,0.0070553025161441,0.0097830992366033,0.0042406857405269,0.1141822167654119,0.0018035830273433
0.1527890379418454,0.0125721215691109,0.105437145172659,0.0455842989442982,0.0279709251899754,0.0990740601766139,0.0523097716599419,0.0567913171953821,0.0151128536001446,0.0500369287893034,0.1539847268580272,0.0014424776897555,0.0893839242403697,0.0292768095710512,0.0030308944191732,0.0491230624187915,0.0068149102028637,0.0240959767758516,0.0013410377046268,0.0186030071580612,0.0052247127221525
0.1442688982136257,0.031648737511585,0.0347828271969752,0.0621087814471682,0.1310617934220966,0.0395608085769611,0.0490770237821559,0.1111699685898329,0.0482237177487919,0.0075697473918718,0.1124919200810525,8.066943383171499e-05,0.0150334625177925,0.0149991479153594,0.0076403278118992,0.0816332887170406,0.0143948180402139,0.0075838033163276,0.0025447689570842,0.0832350668575015,0.0008904224708317
0.1520021549645327,0.1192209199049452,0.071451601966801,0.0350535216547213,0.0068021583141566,0.0618101527432807,0.0199903550618319,0.1011928348941163,0.0519897860408909,0.016402688303346,0.0961150485686685,0.0009091560798802,0.0985683177938702,0.0372608132775507,0.0086463853238399,0.0281148112862223,0.0133927812791866,0.0162948670153062,0.0075018839365093,0.054226570634959,0.0030531909553835
0.005553862224326,0.1184047523003506,0.0113131206315781,0.0437041346541851,0.1425953161411666,0.0563879607054567,0.0869734689220932,0.072607599179237,0.0160105798103616,0.0044011490887889,0.0271265088169267,0.0004898830443939,0.1149470117643878,0.0031242622960398,0.0052693501710988,0.1395098256644774,0.0005494831914621,0.0093980475696346,0.0049861683524414,0.1365742292594847,7.328621210815187e-05
0.0076744853724453,0.0921319651749644,0.0965794476794772,0.0752436502422605,0.0375867193873761,0.12123477987479,0.0277322447199028,0.0060406710519624,0.0383454388178545,0.0261288287671682,0.1285716055698854,0.0007594404127035,0.0343641347965831,0.0319700014076396,0.0079508300646412,0.0088227129553452,0.0410254636285814,0.0118726117219944,0.007391734302349,0.1952221350474539,0.0033510990046208
0.0670896696124089,0.0915863435591467,0.0976907008042941,0.1053858685602435,0.0271310308487445,0.0810293619871526,0.0763955145577136,0.0852125999955548,0.0069321048747653,0.0695415899920078,0.052294024941056,8.962422113968705e-07,0.0213734000617993,0.0285162139384296,0.0096371125345253,0.0386594767169564,0.0322274685526877,0.0230153931748495,0.0016813273388083,0.080972583155226,0.0036273185514178
0.0570577607544993,0.088801990622785,0.0505066052882616,0.0268783521420615,0.146166100842525,0.0943251314233471,0.0620036275043791,0.0427519326459764,0.0617560279090306,0.0452300898574665,0.0401247474363531,0.0004867218476848,0.1681656708710145,0.0171315264212161,0.0021282472279395,0.0290725996099899,0.030125676111489,0.0149035404833178,0.0068487321856948,0.012946113838871,0.0025888049760965
0.1835035314493423,0.0354963874802496,0.0766760933222878,0.0490974731615927,0.0730790137452983,0.03330053501298,0.0303082347591963,0.0124514711233228,0.0467182315461066,0.081903614493503,0.1015112605760324,0.0009256236710066,0.044066761624154,0.0282448515303945,0.00459290612752,0.0738455275289566,0.0348623016505083,0.0243308376195195,0.0081656351662468,0.0517848151888567,0.0051348932229244
0.0758911434934353,0.0639112536557479,0.0201503168610146,0.0350043831846174,0.0667273152116415,0.0595402605299692,0.0748752180569801,0.152961684207348,0.0556952926256996,0.0112531847927876,0.0109583338338087,0.0007101989611904,0.1530150395247781,0.0280739951254008,0.0033057806568834,0.0250549066589453,0.0188946970228537,0.0254055434764432,0.0011470006287167,0.115186274099231,0.0022381773925062
0.0460550945972505,0.0744360436943545,0.0351125109300597,0.0468020610726977,0.0412945968783899,0.0310443630842638,0.0700821576245672,0.1130161797693905,0.0404615776750592,0.0357444206427542,0.109320607931714,0.0008542483647447,0.080980237787092,0.0241839259089846,0.0078253535979753,0.0637478606668471,0.0212285877504297,0.0232806285318427,0.0085878360102217,0.1223645188926977,0.0035771885886621
0.0620200364728692,0.0459872393815494,0.0828368234507667,0.0040184420485496,0.1334526896730682,0.0042933524735916,0.0444213348496089,0.1157640148330771,0.0707786922767891,0.0592160755440521,0.1211963993435666,0.0006486529236414,0.0692928928958935,0.0388964824363722,0.008124099689733,0.0105525042819116,0.0251872589860646,0.0139632086510993,0.0092023789062213,0.0761439805648098,0.0040034403167638
0.110726067116951,0.046917906687296,0.0157184456718776,0.0352425626548639,0.045850104018228,0.0259575330467013,0.0571859228934116,0.07100004265061,0.0093226729460272,0.0586545580711967,0.1243103858037691,0.0009213098530782,0.1860131226878301,0.0267418462458126,0.0043697257344021,0.0501398483686554,0.0084979115535339,0.0054814507183722,0.0050695388086082,0.1088253532973941,0.0030536911713798
0.185213563875168,0.0968021609614746,0.1030872344343588,0.0121192482836512,0.0287607530708399,0.0759825106942396,0.0221728697968003,0.1304042864406255,0.0070994315641692,0.0402388271154256,0.0076395331147365,0.0011316321130351,0.0856640933368518,0.0099553552183514,0.0114721962646196,0.0490360123388465,0.0106304126905243,0.0224620077182502,0.0008532183468367,0.0951803973168593,0.0040942553043348
0.1202640591767602,0.0864735029895483,0.0191175747043792,0.0590039873480776,0.1479111415925708,0.0788166576984822,0.0539115625479201,0.0345769564519021,0.0040105499346501,0.0258325041851654,0.1021546585988585,0.0002262711617449,0.0959228868801951,0.0063721377508511,0.0029042872935883,0.0175842016245698,0.0202593159027606,0.0029607363185106,0.0058531843254458,0.1146199093917213,0.0012239141222972
0.1038587681701684,0.0399472440554322,0.1257083974499723,0.1225206130430489,0.1320549471768708,0.1036387464741984,0.0274863093959782,0.0021044811736766,0.0730035959458861,0.0849353538521063,0.0446597695244459,0.0010769921745709,0.0014121824916032,0.0375401357405687,0.0001152467231551,0.0196116872750781,0.0409266266190435,0.0276790691340832,0.0008479447842963,0.0055994846401616,0.0052724041556541
0.1042322705602185,0.0123455543244512,0.0106610019609121,0.015069086718168,0.025609677016995,0.1094971794376328,0.0230069998396873,0.1805302865792411,0.0782942680842586,0.0188152577519148,0.1395615749815419,0.0002609996367839,0.000700916691356,0.0373326085069248,0.0082348913211564,0.0435324689105256,0.0123820615728208,0.0008501488611147,0.0013889286976886,0.1752166706396301,0.0024771479069764
0.008509758022881,0.1109521784026058,0.0263522731768198,0.0687213546235147,0.1861851249467168,0.0856448369355431,0.0229811460895843,0.0984383456087103,0.0067130521845401,0.0807807252693441,0.0381602863433244,0.0003364504605502,0.0299591901937471,0.0023517321659071,0.0109433955639542,0.1254317419320297,0.0033892058994129,0.0002014432672044,0.0030874399607178,0.0887737474568753,0.0020865714960156
0.0626482912513633,0.0558820197062024,0.0672840272901616,0.0038687871568216,0.1696139323586389,0.0695578465240662,0.0362350115845162,0.012956954104952,0.0368455636888718,0.0343242549759851,0.0281925752289588,0.0010456313056173,0.1623139117600392,0.0371954769540897,0.0036225006311679,0.091398253215117,0.0049698323252603,0.0219838439612374,0.0092521974908363,0.0870155842153024,0.0037935042707937
0.1380492105593312,0.0548884528940143,0.0914729117371912,0.0888009927204524,0.0052955822328286,0.1005809330631554,0.0119343908960274,0.1300874677487609,0.0481622829559711,0.0710253662282328,0.1323267962464535,0.0009268861244218,0.0368389307319584,0.0102983467391966,0.0103600626832978,0.0279505311808916,0.00172744957257,0.0131593025185217,0.0042534746473307,0.0181634750907262,0.0036971534286654
0.1379110674212433,0.0257980041124784,0.0513886736854338,0.0197834049190471,0.1199006060231784,0.0861444853381653,0.0629082158567536,0.0542366600360939,0.0570037443367369,0.0225416581521175,0.1493270101764605,0.0013205888704369,0.1457130780770747,0.0117567538943367,0.00384206091145,0.0009312975234914,0.0032633659570716,0.0037195164684444,0.0079811377607946,0.0322131186404147,0.0023155518387754
0.00239893883698,0.1166756183142413,0.0455148189412536,0.044238279391421,0.0550952310862934,0.0423597269805846,0.0538387778420546,0.0462144616878737,0.0541488281575373,0.0407197831602588,0.188178604324212,0.0011677498100319,0.0240965632040638,0.009387117695938,0.0014128324387289,0.136590586730524,0.0070088548216724,0.0076371570365661,0.0051554174763485,0.1152388003277649,0.0029218517356504
0.1155920912876609,0.0764101276577218,0.0587909711074723,0.0591822362531946,0.0607610182702794,0.0045369841193766,0.0460786656864443,0.1257526888233702,0.0372932769916232,0.0108142737372306,0.1094287723710672,0.0006692170015849,0.1123051498949391,0.0151585361829119,0.0035252649429154,0.0178899240821427,0.0317719902010388,0.0059107728519609,0.0048345744322256,0.1010667899692703,0.0022266741355684
0.0233316909124538,0.1029110777408492,0.0724865434934286,0.0223496689975603,0.0960135564748001,0.0541327509256479,0.0326777155553904,0.1600726216112601,0.0240850214457236,0.0577143787846196,0.1396389718532605,0.0008403716440223,0.0508570665971604,0.0212795637655493,0.009708263812706,0.0381133857822063,0.0237347960607798,0.0031360278275731,0.0097082198686634,0.0529686000192126,0.0042397068271317
0.0353670928231651,0.0002187222857018,0.1404560511540957,0.0763162543479763,0.0330971109087534,0.0478394606434531,0.0554628656091437,0.1204124100991337,0.0742243753484076,0.0056418716781443,0.1447022114450697,0.0008771662122888,0.0955428710556192,0.0159560361617682,0.003365840753754,0.0998310077810143,0.0009403726121458,0.0271561313750282,0.007096076026614,0.0126177152364717,0.0028783564422505
0.1246316224474364,0.0688501777719881,0.0845006206061345,0.072825839335821,0.0750816298422451,0.0769440422572686,0.0176727418112699,0.0855767597160357,0.0164878619227258,0.0708405199568359,0.0783488392914631,0.0001565496997082,0.0606291667523822,0.0158871980213612,0.0078151534184248,0.0408901214231597,0.0040881380020411,0.007422098599373,0.0070487572011632,0.0808891049695056,0.0034130569536557
0.0487184092312695,0.0354964810188956,0.0392248018583992,0.0721473592146428,0.1353235116478284,0.0728379127489008,0.0642462628334632,0.0145724201465868,0.0478135259473925,0.0151680651248439,0.0668419500827286,1.824443141935275e-06,0.14042127136627,0.0217351241971962,0.0034317316277777,0.0507047697662762,0.0120621544264969,0.0020925372858879,0.0011574672826383,0.1542952031957482,0.0017072165536147
0.0526833356200823,0.1022119483921888,0.0507225707585839,0.0703264334127548,0.0923985672504641,0.0347883200721149,0.0548856476989253,0.036435922845819,0.0146793266818211,0.0901551301528406,0.0472736843732594,0.0006385935396508,0.0849209776683515,5.363950957027034e-05,0.0002303539475258,0.0224712869206742,0.0203390183925606,0.0311647290419389,0.006311428769011,0.1861232094202773,0.0011858755315842
0.114349980576193,0.0860088419466773,0.0080717586516299,0.0550628277571595,0.1160599693794642,0.0583707863896623,0.0086040470142089,0.0905237214052835,0.0313795469200796,0.0501926489467585,0.0721664871616579,0.0007722810699468,0.0803328574857697,0.0302210636915984,0.0020061310367316,0.0874623001832559,0.0053425537591897,0.0218819339271756,0.0085394749680799,0.069773129438692,0.0028776582907846
0.075328724774813,0.0426236648107496,0.1050240862930289,0.0680549439749352,0.1260882629413773,0.0292113216988893,0.0920641463245312,0.037022406593993,0.0275357898588225,0.0231620264839299,0.0284498188705468,0.0013304711859823,0.0815154518235241,0.0070792686210703,0.0128738495670054,0.0991510623901671,0.0209526281147733,0.0220085767946959,0.0066077343835557,0.091398961807833,0.0025168026857751
0.0592458590276142,0.0925801063856764,0.0109230737771149,0.0596822027359255,0.0106350616840601,0.0925456544429289,0.0145145219319911,0.0800707692856604,0.0124153166698792,0.0429720993288265,0.1070569131054075,0.0009466120774649,0.1512219764473067,0.0009601926566317,0.0020157378843576,0.0946400461754254,0.0298813495152947,0.0046862397410325,0.0001766339699461,0.1308391213869753,0.0019905117704793
0.0142020775117149,0.0361720821068788,0.0192927380582029,0.0742911259145402,0.1511236375958319,0.0062916993354224,0.0754009184131929,0.0591083014243048,0.0309140865519704,0.0460572771381493,0.1051499009885819,0.0009263525414956,0.1769616429050622,0.0070148525339839,0.0042346051924129,0.0342328980936479,0.0078652447336242,0.0134485170897674,0.0046409896548341,0.1309658626838052,0.0017051895325754
0.1719596533556607,0.0169854906409009,0.0124422001140185,0.1343370186191099,0.0482908384342997,0.0256248185966612,0.1059693182122073,0.0528626623543675,0.0385040497211677,0.0592164016473403,0.0195308854624637,0.0016133307942258,0.0059017244064513,0.0314609912131252,0.0002484820615251,0.0780540420486599,0.0333560822128758,0.0389559664785111,0.0142892512690885,0.1055120685190535,0.0048847238382851
0.0892663358704295,0.0283396101066104,0.0398251168678331,0.0112127348063512,0.1533063742578995,0.0556044836675123,0.0331637330055992,0.054078859298609,0.002662878654384,0.0653125848997269,0.1837626392258708,0.0001993066861507,0.0861853256627551,0.032228814590055,0.013714448432796,0.0582556737436516,0.0489529043583114,0.0198615046497897,3.3057664167159684e-05,0.019322878648374,0.0047107349031229
0.1946019447537518,0.0686072274000007,0.0296809143234119,0.0702157311197422,0.0012211416960535,0.0816122579942393,0.0875190402198507,0.0423208358220159,0.0422837068482646,0.0199379358736643,0.1531127623167045,0.0013431349378156,0.073683316109074,0.0030418642478933,0.0055717075908791,0.0025856233025401,0.0052974849690122,0.0178021221166639,0.0105068292652715,0.086792577315685,0.002261841777465
0.1239199441660055,0.0795199692031352,0.0933936481787837,0.0600926029496216,0.1246257196739848,0.0897882368930721,0.0188125827678353,0.0975633638105919,0.0021395991018061,0.0276962621418308,0.0293613457517916,0.0007716886926942,0.0645885608570875,0.0195565625245755,0.0067181648747596,0.0218652715500734,0.0103365141486321,0.0076348166792277,0.0076007308249287,0.1098442806621487,0.0041701345474129
0.1464379072765185,0.0899713384138169,0.1479931372698288,0.0009979572143766,0.0638014757942133,0.1480706164144759,0.0722035399770523,0.0051287252526409,0.0098750143737061,0.0505645384488777,0.0784074019076555,0.0011549054821781,0.0407690281757361,0.0097808035545069,0.0105494899684997,0.0331228243129467,0.0347283552030902,0.0250106686241119,0.0012395932390939,0.0246512644186123,0.0055414146780609
0.0749943060636117,0.0674101586002206,0.0139663059173509,0.03829788370657,0.027609011863359,0.0823138181133816,0.0917432129605377,0.0201816611891966,0.0714035473065971,0.0867386121018969,0.1592806763587686,0.0005385547556344,0.162978073698688,0.0178480495692269,0.0069065826914357,0.0009879903593584,0.0338315165071029,0.0128881787149959,0.0023003090760265,0.025274557022027,0.0025069934240125
0.0025598977001787,0.0091025654809368,0.109845543628473,0.058402085623232,0.0072874664185864,0.0837932878374811,0.0218360871658973,0.0658279083864951,0.061134038233469,0.0432107668838041,0.1141586563930757,0.0001864750613117,0.1379301168119016,0.0077573766238131,0.0059236400127165,0.0509006856565104,0.0263514790833618,0.0178839543239079,0.005333523282699,0.1680336695318691,0.0025407758602786
0.1608958223582998,0.0797080507156272,0.06807101466626,0.0074910335160613,0.1114745173716074,0.0036562433626926,0.0687402523374385,0.1040708574496142,0.0371691267600994,0.0234285085243879,0.0529480223494318,0.0014453048057395,0.0584695073949944,0.0017604165959791,0.0080968459812287,0.1079708355933523,0.0015487567626205,0.0170698071358382,0.0078561171918314,0.0753468228591661,0.0027821362677289
0.1111702117871337,0.0869420014374581,0.0557044749863804,0.0357695593776138,0.042081207240891,0.0450178225369894,0.0177823552055327,0.0971507587398761,0.0163530733075073,0.0611484836537439,0.0462667402591926,0.0008068701144651,0.1489187138353881,0.0302502675113051,0.0039962449149655,0.0398833569457369,0.0014786059845043,0.0085577774426025,0.0076730795805222,0.1405923266542003,0.00245606848399
0.0895198677756428,0.080350402796625,0.0749362110632417,0.0710161432510991,0.0751970562253402,0.0282639604294178,0.0076040893207528,0.1317129664480616,0.015584194248773,0.0271003267247103,0.0664078300928268,0.0002300118591662,0.158617037612182,0.0105799292669893,0.0057913618672036,0.0296359614074448,0.0296919099887104,0.0162568553937535,0.0060366324194354,0.0733746784845507,0.0020925733240722
0.0846193624579935,0.0244972499748013,0.0099070235310915,0.0439071346337703,0.0491743413836784,0.0744570509578345,0.0004173329057157,0.1241285411738253,0.0423999877811721,0.0592792168321659,0.0379755449104409,0.0010257138310166,0.1876605872177206,0.0092717891707884,0.0048575257381253,0.0595272265668405,0.0265574268385472,0.0023846942911806,0.00681297870409,0.1486851361957359,0.0024541349034643
0.1053536911794756,0.1201225901421262,0.0238133352706009,0.0359113027250794,0.0326799845252541,0.0982030327771386,0.0399033010612316,0.0869439211554306,0.0346230335920337,0.0263421025521912,0.0372043897422516,0.0004747523264184,0.0605605122042072,0.0184953386306969,0.0012778969063123,0.0412671171845521,0.0259681932604215,0.0271927606839583,0.0057272995886821,0.1760600898975382,0.0018753545943982
0.1424049533533016,0.0647022904643822,0.0669525777777349,0.0552159323796901,0.0578767385310347,0.046810339354981,0.0415734744116776,0.0484460900187886,0.0229362362411034,0.0359081355363631,0.0964202656485597,0.0007168544857618,0.1231617306891313,0.0324305588273122,0.0079293844435924,0.089782568069508,0.0108743430664367,0.0038165810534157,0.0052957698083529,0.0433358784809802,0.0034092973578911
0.0941629359526708,0.0842482906701807,0.1077128156160735,0.0259285797636512,0.0783401779676336,0.0286362967064377,0.060928729240439,0.049763081962238,0.0313020283767967,0.0066218883204268,0.075871426764277,0.0001931742374139,0.1441126290339497,0.0199000186465925,0.0076028829699235,0.0984840495061337,0.0127580824132829,0.0099173933847875,0.0057369263571009,0.0553575451158548,0.0024210469941347
0.0756469269708174,0.0731827564324884,0.0758474254699779,0.0395589118926901,0.0447142761609446,0.0973079362473965,0.067715762267917,0.0139604130965034,0.0526358192530294,0.027662634974853,0.109270388430185,0.0004944842940661,0.1377892610966334,0.0185167469713728,0.0051672313587094,0.0652704175079136,0.008871249850679,0.0171767896780786,0.005314541120185,0.0610796319167316,0.0028163950088266
0.1088214941805325,0.0371168200985892,0.088237761739042,0.0726818230156163,0.1061156577858381,0.0615134741785156,0.0216327387322755,0.0588479340790045,0.0431903884262406,0.0078756126012219,0.0476360748329916,0.0007845134272846,0.0950051307536153,0.0241677990222597,0.0064889848430643,0.0451305246795297,0.0119324576584088,0.0098617880910254,0.0068668223306973,0.1430816893859836,0.003010510138262
0.0229511227468225,0.112054055502208,0.0191523342291096,0.0094375925775139,0.1161724091276713,0.0880569138321919,0.0838550898588636,0.0132656628563873,0.0326216016942994,0.0670536537509016,0.1202519805963303,0.0011777616942685,0.1013206358982512,0.0243346748673474,0.0027145247868802,0.1034091766063549,0.0244940297243208,0.0093904123592219,5.322262448109346e-05,0.0439228867222214,0.0043102579443527
0.1020175773046987,0.0854510060906371,0.0324302694270621,0.0047991086890151,0.117787777903472,0.0083764822123285,0.0553493868069652,0.1175669599678194,0.0346682605943203,0.0514803001837415,0.0538344661471922,0.0004229970540382,0.117086976612331,0.0184980002927134,0.002857770483778,0.0927661368172859,0.0198721949450233,0.0150201835543758,0.0005451109315553,0.0660779931090071,0.0030910408726387
0.117338365680065,0.0070726957037194,0.094985764482069,0.0219501829111587,0.1446225850435344,0.0825551924361574,0.0576695975874562,0.0062253789650032,0.0149169524842166,0.0639403695651381,0.0552897792346128,0.000568742839215,0.1891738624648811,0.0046796664660742,0.0043281864043841,0.0762169660365553,0.0047287355684439,0.0191132057184186,0.0027606304835458,0.0293130726507545,0.002550067274596
0.012947950275685,0.0618491831179357,0.1043194567205582,0.099416624153976,0.1220305928479074,0.0492885527786111,0.0200327579405985,0.022575292203811,0.0372987702002548,0.0636902325227397,0.1167951723658045,0.001030731091678,0.1380167559778938,0.0160758464252671,0.0075764655851444,0.0724918825121867,0.0089221980444184,0.0133418973504845,0.0063322555889872,0.0216959325233179,0.0042714497727392
0.1275557070117413,0.0372588547640462,0.0471293566754322,0.0767222413848908,0.0913430063910223,0.0209842194915922,0.048567701327266,0.0997795255816706,0.0240561202752058,0.0260756505719413,0.1147160918028014,0.0001779961239097,0.1030074142770069,0.0305431603406965,0.0076208890061472,0.019846534254599,0.0223346859024957,0.0108248774007157,0.0050617061661019,0.0840461127089658,0.0023481485417509
0.1547401509402282,0.0861398037790099,0.0089802996487861,0.0113537025903461,0.1072071760803663,0.0047863964121831,0.0455612732022826,0.0646013864345406,0.0518918412233921,0.0719645174558485,0.0678966904988701,0.0013632505971473,0.0422904910137768,0.0274532934075785,0.0085861854021933,0.0882886744337001,0.0209368788544994,0.0019856157113199,0.0066693539895005,0.1242236210259364,0.0030793972984932
0.0202215566814589,0.0566470882887652,0.0567128878279971,0.0287487641186277,0.0978490762937464,0.106434823469137,0.0143034151211552,0.0924412209717913,0.0066111254912154,0.0639915036262145,0.0655701303769094,0.0002047488186985,0.1855221446853511,0.0398917899946893,0.0037519970999095,0.0160806931308307,0.008980983559326,0.0065462182014282,0.0052217619692017,0.1219648195635057,0.0023032507100403
0.1663354248092306,0.1069039732879542,0.0626209949289251,0.0116500166400838,0.0324283811164681,0.1020250967681052,0.0232505736832092,0.0488466583114324,0.0288937741859925,0.0592243900562137,0.0912430900497657,0.0003309983224218,0.1607318514025393,0.0164327117757418,0.0015232197814308,0.0495114357582274,0.000906350305351,0.0015836746574381,0.0052925829556426,0.0268666772506798,0.0033981239531456
0.0700579524683601,0.0821194283573752,0.0883420176674639,0.0731655013878914,0.1461402116816784,0.0044088162105631,0.0500797639389514,0.1066721525338312,0.0132694810180387,0.0286891764659178,0.0667498469829489,0.0002602191495345,0.1236750676589972,0.0041610184508902,0.0035139666142654,0.0833502957733449,0.0171494080590197,0.0060016869957675,0.0075201620226444,0.0222585637124418,0.002415262850073
0.1185235064778764,0.0933576463736538,0.0620044631784282,0.0422281087606995,0.1453422285386994,0.0438165320461132,0.0550343620076482,0.0273712606666835,0.012861121052643,0.0447003856756129,0.1170108619488077,0.0002206897114053,0.1320586483272588,0.0055617465988097,0.0021493930298998,0.0123805661915283,0.0269002582657484,0.0180794991375261,0.0023894284721536,0.0360976705238134,0.0019116230149897
0.0268482506754953,0.0438027510623537,0.121620663929466,0.0837627244962818,0.0862072162201196,0.0766936330728381,0.0592907470073919,0.1272485689418963,0.0670989046527119,0.0100223734399764,0.0556533915090405,0.0005824421649661,0.068151408340339,0.0108854185594,0.0036256243542489,0.0479974300498301,0.0134229858897907,0.0132767667324677,0.0016128055237329,0.0792411617220406,0.0029547316556114
0.1461062907676505,0.0883831700831338,0.0424475114758434,0.0164877504351348,0.0904094506525271,0.0189644949003278,0.0141529419174299,0.0405355567035217,0.0675636939166097,0.0233216426986921,0.09230157138133,0.0001606274208836,0.0357029835988455,0.0410448532709112,0.0052754957465207,0.1138844475318187,0.0011495984441653,0.0105625538283297,0.0072324366111295,0.1419940269195294,0.0023189016956649
0.0033144248576489,0.036320733074425,0.1052863459233017,0.0217207674451565,0.1475975990181627,0.077580399308667,0.0578246905570868,0.0843942717380243,0.0552584763006209,0.0152212697926787,0.0750508941352862,0.0002022020597172,0.1433835249133001,0.0064026019608119,0.0057088106724161,0.094954818126075,0.0324005876691978,0.0026894422281333,0.007910863184814,0.024493624578518,0.0022836524559567
0.0564430735191759,0.0391892927104819,0.1059320082491909,0.0481146387343037,0.0697928836624248,0.0138140416336495,0.0391315382941826,0.0436815845928755,0.0093413031128938,0.0023960060180054,0.1327174137631961,0.0003796640870443,0.1666156048451674,0.029946279244884,0.0030685641688558,0.0462837075385203,0.015194899562544,0.0173121374841048,0.0089206494478749,0.1491992160599871,0.0025254932706365
0.1126502093913531,0.1039189380005112,0.0048231018540376,0.0677513634416663,0.0988291210715603,0.0464148906311081,0.0148578104607957,0.1389495511134517,0.0061319524236475,0.015716971979003,0.0214100854669662,0.0008331823686496,0.0390788348744528,0.0250464808750586,0.0055183362759549,0.1052947859113781,0.0290542403650235,0.0109857256950351,0.0085898839889066,0.1422143629476961,0.0019301708637428
0.1301024851276941,0.0768253059044135,0.0929554026179882,0.0513259161220381,0.0445822361339383,0.0964116006460925,0.0563306453538173,0.0665007161899266,0.0326947778983908,0.0251741360360039,0.0588340935122277,0.0009836458268632,0.0250951234539836,0.0301270132545633,0.0014640106304335,0.0458185596547932,0.0074374704337882,0.0160164581861925,0.0040946618187409,0.1338338562131087,0.0033918849850007
0.1268095583404462,0.0383458936361726,0.0425027405795741,0.0515746560195775,0.1661418756740634,0.1059675633684656,0.0328749618298017,0.124424234726518,0.0139427878410627,0.0449485290582594,0.0241171237655338,0.0001832349040698,0.0565884928882319,0.0054610803114406,0.0077243194361746,0.0049943410100824,0.0296341323358209,0.0073185526440542,0.0012864934104536,0.1137350479979974,0.0014243802221988
0.175408991673221,0.0845727935459592,0.0941860058608344,0.0306599538705093,0.0613177558162295,0.085745198719844,0.0014946436674375,0.0487468272631889,0.0094424522097205,0.051705137685372,0.036039412595459,0.0007077117038765,0.0166513034926155,0.0371817620184043,0.0045293650326712,0.0344906018756234,0.0290688145826614,0.0172967422699679,0.0079197165660353,0.1688372221935909,0.0039975873567774
0.0872256222762028,0.0873920878446357,0.0379331418589571,0.0069858561682552,0.0943345822055857,0.0682379215989601,0.0087587282992393,0.1350551546843957,0.0079576282277865,0.0704965743780212,0.010425583306526,0.0003449063506282,0.1593935322171321,0.0213720689069319,0.008796213861859,0.0786559731945074,0.0267956563510407,0.0039185006531374,0.0076282954210062,0.0757338778235083,0.0025580943716825
0.0480257660047778,0.0579904720873543,0.0357172847219866,0.0195224006754103,0.1483246464621055,0.0050139225952701,0.0162418154960119,0.1241873918200992,0.0308377790596008,0.0386588488121414,0.1282684639368931,0.0006743570722771,0.1390067477629335,0.0114849523998408,0.0015272725938422,0.03540164788666,0.0083476571996977,0.0138715647335778,0.0042853566544993,0.1307882982438314,0.0018233537811884
0.1121404617140979,0.0967987344410163,0.0902625431320969,0.079389046360878,0.0108511041556654,0.0544036693638413,0.0580045675221571,0.0252243187621832,0.0413483181360046,0.0106257993039381,0.1193798858955987,0.0010226873820083,0.1117929607703062,0.0048538251677645,0.0021551808507706,0.0109509316733133,0.0169338659416622,0.0066099922736784,0.0033797086021571,0.14163766628757,0.0022347322632907
0.1352425499128908,0.090965280579734,0.0165153616713276,0.0415097585582174,0.1234518836531567,0.0223032362115741,0.0317109369578805,0.0931187522279125,0.0053089206656947,0.0230445349961153,0.1295993206705251,0.0004467773879282,0.147360813948121,0.0015462873148525,0.0057046014338149,0.088847739194915,0.0212199813017844,0.0084603925166931,0.0075978467144423,0.0052529313967941,0.0007920926856252
0.1364899809932177,0.0603883556833678,0.0010853487169331,0.0652176959883327,0.0488283747459065,0.0939161679689011,0.0520019968615374,0.0842178598106187,0.0137076978188691,0.0378093191347458,0.0151689951084308,0.0006150345558545,0.1192402245405304,0.0316560021345707,0.0028406530430651,0.0701720069360369,0.0136193070416244,0.0059031148543723,0.0061531051596606,0.138922625858712,0.0020461330447112
0.06228382240721,0.0462072842273299,0.1017943063564589,0.0699891172688435,0.0953956615016939,0.0035555750764056,0.0039565949575418,0.0735475531275616,0.0338262015128547,0.0767603445681989,0.0228370592943201,0.0004918781003884,0.151682356886241,0.0285993899384555,0.0049032348306733,0.0989679685944347,0.013402336900685,0.0011402094734917,0.0101899682843083,0.0960528777385161,0.0044162589543861
0.0151081286230312,0.096082050795514,0.0390180746092165,0.0982811580954229,0.1269900316863088,0.0973981794909909,0.0439318833652593,0.1138553591841625,0.065937408377408,0.0387595627484093,0.037364838281073,0.0005324380568429,0.0070649482780627,0.0068156120744318,0.003573589294597,0.0404087769810351,0.0006401964181109,0.0308114827914845,0.0067161848878276,0.1290161750519295,0.0016939209088806
0.1664921627852157,0.044060784521228,0.050355277593677,0.064017751554946,0.0137638596892753,0.1166704757604051,0.0752718151844936,0.0527428917076859,0.0714869492959333,0.0231834405039174,0.0934387093449335,0.0007160193302376,0.1133759492215896,0.0254023788131734,0.0110768431224945,0.0113331696676997,0.0285322338696738,0.0242203713738358,0.0012531181293029,0.0093976614237057,0.0032081371065753
0.1473149288195024,0.0706341277579347,0.0373203509490647,0.079429084444171,0.0677768526245742,0.0707146464023168,0.0381412256586686,0.1384368161673932,0.000552394768592,0.0156591873955358,0.0959165898510265,0.0007226217422664,0.0049146387260305,0.0351568768195923,0.0095330017675412,0.0395941688384956,0.0284039539842963,0.0082938380973013,0.0026713580761399,0.1061118936171087,0.0027014434924469
0.1486826048114613,0.0933115497291957,0.0843811720713104,0.0606331791308196,0.071478911056106,0.0221303861851426,0.0442130568555027,0.1368136868805037,0.0173784603798546,0.0463450067834894,0.0691117392364452,0.0002678768868384,0.0483260561884163,0.0099902909072603,0.0066408435960992,0.0764047777264081,0.0191427703451852,0.011959943521086,0.0082191010630841,0.0216648910663198,0.0029036955794705
0.1829652096555865,0.0255406087611306,0.0891338742350991,0.0374435964681476,0.0491117376289439,0.0766115177755855,0.0163077408511099,0.1274247087113627,0.0346358233068112,0.0069815360111929,0.0687079143410358,7.197896833209438e-05,0.1141283253431304,0.0227942614100331,0.0080403925692643,0.027493920555548,0.0016404718826915,0.0164922381576397,0.0099208162020411,0.081571432407206,0.0029818947581072
0.1658053181517878,0.0491151855566105,0.1086849443656256,0.0043598188598194,0.1108216179173358,0.1173515862354111,0.0121126048111987,0.0005752386016125,0.0054301310732498,0.0602853191899647,0.0071121548730643,0.0008138298777189,0.1156794219056203,0.0321211287408805,0.0061741952249341,0.0232277186953006,0.0122230902006171,0.0047709644639561,0.0031116646904131,0.1556941252398891,0.0045299413249888
0.0993930355200512,0.0979783455213975,0.0482879863984028,0.0337091856875435,0.0249408022448703,0.0253970189843675,0.0645484599794452,0.1118294795256834,0.0628748170245855,0.0217069533608192,0.1077532533176682,7.286401475772025e-05,0.0659245361678874,0.0065418230263691,0.0020049222125644,0.0829426811906947,0.024500552155032,0.0109187555436337,0.0083597958423008,0.0993510951838612,0.0009636370980637
0.2025123088692966,0.1074125245950513,0.0199988785930845,0.0813186910987764,0.0940339982994304,0.1169588454198618,0.0963226341951792,0.020424408644262,0.0215210130461982,0.0196682344914307,0.0164060366253462,0.0003971792052364,0.0385600538364058,0.0128441191109255,0.0068762603596315,0.1133664512993998,0.0088846610613775,0.0083007148200558,0.0035352480739454,0.0090986939608483,0.0015590443942558
0.1730053793359865,0.0490003195438499,0.0170073043097576,0.1088480015484785,0.1214047723307934,0.035752208282193,0.0716205509299739,0.0393126777898283,0.0451529137877824,0.0727631544152743,0.0351106587122254,0.0002272159185361,0.0681953623472537,0.022202552938539,0.0044573239973703,0.1013168135010167,0.0070454816484638,0.0080032821430666,0.0007980656037029,0.0152534615311841,0.0035224993847227
0.0923385183627515,0.0313204874097141,0.0854172015441465,0.0355775461721954,0.0741422857858755,0.0454500090844203,0.0398675057929081,0.0873674412081643,0.0309794369340939,0.0544488460687252,0.1082621719113451,0.000892120518038,0.1619760977281241,0.0259512068004603,0.0062995553836748,0.0118083808027232,0.0360638538759943,0.0148697099950455,0.0082933998380716,0.0445527187513544,0.004121506032173
0.0536290465969743,0.0326190525928843,0.0995703029469373,0.0772427340937093,0.1919175215911319,0.0948477641942582,0.0847705573664697,0.0804372627956273,0.026552722379305,0.0445828008490822,0.0328029617475965,0.0014607018045938,0.0767753701749752,0.0034273003034828,0.0113104217798406,0.0340864831159657,0.0156171841164459,0.0073433747537768,0.0114020898879645,0.0157933115512443,0.0038110353577335
0.08301542091217,0.0595861581059952,0.068028814404315,0.0319045366785232,0.1031848854799285,0.0905310925602963,0.0546806587511132,0.1182730783845918,0.0261291458099238,0.0363416716090919,0.0100384508257459,0.0001625418427666,0.0660770091426352,0.0297457826749057,0.0009326642309554,0.0641539080595569,0.0137280405794627,0.0060526056040185,0.0086540145988341,0.1250521456176724,0.0037273741274971
0.0255604717930129,0.0149987907079412,0.1155538128394966,0.040454665834519,0.1450423885704207,0.0843013219320347,0.0456377591452841,0.1171244232886972,0.0231612772435083,0.0182920380266056,0.0660395517293997,0.001313488052608,0.0238308411533555,0.019700040880488,0.0089031303067582,0.032576388073764,0.0266302008743181,0.0157843448571531,1.9708576309664147e-05,0.1706481595016526,0.0044271966126718
0.1506615610107894,0.088439015539504,0.0838698579965735,0.0395221371921282,0.0350409501975023,0.0123106058533786,0.0473228151085111,0.1353565688041386,0.0335027119779871,0.0518208880697191,0.0198738037536614,0.0001812927151303,0.081721895479607,0.032323095002694,0.0047280817084881,0.0259397124822884,0.0226233980399187,0.0201903057778874,0.0091022205835564,0.101626790384137,0.0038422923223987
0.0736873105503033,0.0394877518114174,0.0331503893587142,0.0149153906522667,0.1736101695568504,0.1091728303366921,0.0057289390608097,0.1127630211154178,0.0248142518272995,0.0126042524537787,0.0995401731313091,0.0010244528853104,0.0199926770177253,0.0159010940294465,0.0044922152646517,0.0423508925113807,0.0080953319081656,0.0257835941483584,0.0075562633969648,0.1731271350334401,0.0022018639496965
0.1251789906454541,0.0961384146747791,0.0910423653609024,0.0554347076071576,0.0075505099234091,0.0578512564570141,0.0258522874676603,0.0512194707888445,0.0385383292420528,0.0556840722716478,0.1191227040274843,0.0005680586467221,0.0792214555599202,0.0039762093459307,0.0071412827429182,0.0233489321960868,0.0119336656444132,0.0214807371430914,0.0025356978777495,0.1238712244692545,0.0023096279075062
0.1767508740123926,0.0280308863733089,0.0188621748660676,0.103276502377282,0.0417688077112468,0.1182402779476317,0.0067256463026701,0.0221818793248597,0.0476487919507379,0.0484739187242609,0.0946676867140138,4.484313460195109e-05,0.0824925972951255,0.03160346357411,0.0015126972389177,0.0802743181926501,0.03711749577471,0.0094673437859548,0.0019846937381186,0.0460711069083546,0.0028039940529838
0.130150373175644,0.0431929289508914,0.0860810838507028,0.0947372897457858,0.0337111543374177,0.0228200011503923,0.0051706016937343,0.112703394994606,0.0303548440824698,0.0445398846357252,0.1063567515527574,0.000272644428265,0.0201058997785164,0.0045978941661774,0.002919518607585,0.0303778893981037,0.0358712493588928,0.0045560112323603,0.0058595007807592,0.1842657676017328,0.0013553164774794
0.1839229544638681,0.0380589556014923,0.0126743275273938,0.1041350847572754,0.1332862101399556,0.1107277257628332,0.0671897697014714,0.0071861170019501,0.0218740959497097,0.0377155731439964,0.0581342482826431,4.9982805416040655e-05,0.0612547935765888,0.020394317978094,0.0060818559179918,0.0637601272782627,0.000241860321649,0.0126196018568914,5.659038002800079e-05,0.0577456376337191,0.0028901699187691
0.0345166385024321,0.042892307932931,0.0955917746122633,0.0043004229688943,0.1373186424030368,0.0941729823454067,0.0613057001323595,0.0825718789649949,0.0483005336374319,0.0054553524715507,0.0839065190738455,0.0001705752943686,0.0673037445300457,0.0047355194330259,0.004109964147823,0.0853988227879938,0.0192470860730895,0.0101371518978748,0.0050268795447839,0.1118321599659575,0.0017053432798893
0.0200607998024781,0.0705571134063071,0.0744543660562403,0.0515687687444721,0.0199527882250797,0.0492639071623865,0.0751119675046439,0.0955711348110079,0.0563222646079176,0.0422755685207841,0.1250269636861813,0.0002495899280869,0.0717850894276407,0.0202936996872796,0.0106100400786366,0.0586238318676164,0.0217988183879395,0.0234244767830922,0.0076792175602112,0.101666208600305,0.0037033851516922
0.1009229480973305,0.0498583559480111,0.1205626743731431,0.0136068125586737,0.0086125451629918,0.0234218646448501,0.0636256900825105,0.0395665066594846,0.0213284454790051,0.0109803798797875,0.0183896472341299,0.0008810181368708,0.2018539896757374,0.036110426903228,0.0042024270670231,0.0618833071159064,0.0477088988168198,0.016925514715503,0.0093047381970037,0.1465720448008796,0.0036817644511095
0.1503281781407474,0.0803614654824152,0.0712287351053431,0.0450012707815801,0.1539780314660368,0.0860732433430776,0.0456352639617985,0.0214395036186641,0.017558338255045,0.0360308806210687,0.0315750969487096,0.0003203891434966,0.1056864476832351,0.0167352336666033,0.0033583319079797,0.0458827097748678,0.0169223633692589,0.0155676401391777,0.0032226107827014,0.0509081187243024,0.0021861470838898
0.1555572404256801,0.0461089391782268,0.0249905046142144,0.1290571201418738,0.0504600894563823,0.0815996806346028,0.0727491624165564,0.0058958126182664,0.0468363819011144,0.0792857307174804,0.0522138786318057,0.0002702325987396,0.0919869206037999,0.004800781505539,0.004458883764295,0.0379038360428909,0.009199543436004,0.0147224843526947,0.0031295033822193,0.0873616457935721,0.001411627784041
0.1144158682284142,0.0847369406102352,0.0990973230067522,0.0165417693073065,0.031518499044125,0.042861810602569,0.0052397325153902,0.0402717299648121,0.0611330056845674,0.003709135398662,0.0455519548073465,0.0012662970844045,0.1254092794302488,0.0159333351762964,0.000160556543751,0.0889317934905856,0.0064011776352751,0.0213977221986587,0.0077664866396701,0.184365207944451,0.0032903746864771
0.06577976914171,0.0920826999240481,0.0420912433100074,0.0061856710453945,0.1469632656402752,0.109705814712935,0.0740339253235829,0.1152440509457384,0.0066894549761624,0.0511952484652016,0.0382248841428071,0.0009757794216747,0.0362428042686584,0.0048558169057404,0.0088033604062473,0.0232122380831705,0.036459108954806,0.014952245430175,0.0062515138440844,0.1177135495650527,0.002337555492527
0.0968956945756341,0.0078156128679546,0.0473860875530268,0.0730717139175644,0.0320183701109741,0.1161833940748512,0.019538100232148,0.1234310925388971,0.0442100320555869,0.0488187554082619,0.0842901855646175,0.0004542683718915,0.1304417187761265,0.0134689511893158,0.0055560135207275,0.0812223810079237,0.006722140436496,0.0128647303685125,0.0080317437521213,0.0445837639513045,0.0029952497260633
0.0797994683532934,0.0535546691174549,0.030934909190699,0.0775577464864705,0.0814260750027369,0.1076442242399065,0.0395430628424369,0.0780597958393434,0.0019267714556702,0.0517523292866004,0.0224489244045543,0.0007208373539389,0.1455291003385173,0.0258811380850143,0.005639550955703,0.0348405819636998,0.0141136621480676,0.0024432495789503,0.0065696765198548,0.136593825549605,0.0030204012874818
0.0146642937865031,0.0303256720875627,0.0858054269135447,0.0701755787978597,0.1418506810237634,0.067819834626642,0.0299897625181262,0.0995760381434285,0.0404007099850735,0.0096752329666024,0.1569107850731597,0.0001931235568141,0.0081331524685848,0.0329970431511108,0.0083513915468632,0.0973977034266847,0.035844568870927,0.0041996934826046,0.0014937184621304,0.061170675569414,0.0030249135425994
0.103047987322389,0.0589688122791702,0.0726796865415953,0.0789143066064906,0.0230142187571192,0.0570961850934264,0.0679004629186682,0.0474602266914056,0.0276938407143499,0.0169105593439932,0.1179870322130662,1.976041859213635e-05,0.1386778565260613,0.0195862304657867,0.0036728318999401,0.0607216406766616,0.00943401080982,0.0012381332168955,0.0049575582479145,0.088133864544521,0.0018847947121322
0.1817488514555348,0.1378143413374262,0.0564032746637661,0.0327546785967192,0.1289696467427408,0.0315969107714242,0.0149943933693273,0.1409260834359882,0.0151093104978496,0.0188593926515382,0.0197981828881487,0.0005080181444506,0.0994553317696696,0.0423349639047683,0.0047670401189252,0.0160374235462358,0.0045721952789976,0.0174562235863627,0.0079679005894527,0.0254313923047753,0.0024944443458982
0.0594879070798958,0.0684909821903381,0.0101073248218425,0.0973243268490151,0.09125992635483,0.1240781062139495,0.0544209633498425,0.0533719523402106,0.0391050573343125,0.0209099891924008,0.0645650490985375,0.0012698702819263,0.1896617987760868,0.0317723396514313,0.0037621859850418,0.0030245366968984,0.005267071460304,0.0146514678157882,0.0107792887490899,0.0541222853407691,0.0025675704174886
0.044351457186637,0.0808088749683164,0.0893642869891661,0.0172782028382406,0.1252481255906311,0.061038260642013,0.0555691960780439,0.0335803913165398,0.018408118804945,0.0492730444731666,0.1035309439236692,0.0010641797734355,0.1121114043993473,0.0274973641190836,0.0079816702111223,0.0374184920942813,0.027193235075958,0.0110781332561711,0.0017970641963284,0.0917244815524559,0.0036830725104468
0.0825088250410548,0.086774638974797,0.0603924241029519,0.0216287281979157,0.0879531138943326,0.0303024599011402,0.0836201946660002,0.0626178799118209,0.0308475243926249,0.0910103694071624,0.002540154426145,0.0007164593742368,0.1994048089909447,0.0267659458640026,0.011864978705092,0.034171043862437,0.0285715860852391,0.0057715833567797,0.0102281665952409,0.0374395971485317,0.0048695171015492
0.0006560225285209,0.0569157020307573,0.035948576639668,0.0694212903717941,0.1237090539269517,0.1122968459501644,0.0917059475858291,0.06688316845271,0.0649338828252515,0.0209842001697644,0.0856669481195719,0.0011742344487823,0.11271555508135,0.0399452045437231,0.0021700212878839,0.0050058702522064,0.0197743357271122,0.0079941409540467,0.0070224306821062,0.071796810933989,0.0032797574878159
0.1852662888800564,0.0914910084823425,0.0913098690513779,0.0832077664053306,0.038752917475632,0.0074117801941152,0.0086775205174917,0.0890553956777146,0.0800133528841324,0.0043548237070175,0.0145465946488622,0.0008683277144169,0.0318623208091509,0.0341497819481466,0.0050556359124219,0.053442559298444,0.0333909749442439,0.0044122837149673,0.0118694947109871,0.1272538308175872,0.0036074722055602
0.1649808201102657,0.0722366611846326,0.0707425398188321,0.0118238209769279,0.1454317826320656,0.0811659171351519,0.0167578098589571,0.0498965290793491,0.0298860554942621,0.035105804841323,0.1262397846785651,0.0007724349199883,0.0341414845173591,0.019756796529532,0.0098151205443779,0.0132704844022692,0.0192099514296361,0.013370492215239,0.0032350169224595,0.0796718573201307,0.0024888353886752
0.0083881352985821,0.0901664288566258,0.1241174186757572,0.1034800857639576,0.0905546084517443,0.0849587807740915,0.0352210920573377,0.1122891326250627,0.052716814603812,0.0785256307481792,0.0900642765110669,0.0007082573513239,0.0267738483603896,0.0205884450880841,0.0001292147306316,0.0042460547308124,0.0291550637749789,0.0088117341234264,0.0016606920186117,0.0322783331920931,0.0051659522634305
0.0866939319976284,0.0796012691897985,0.072085509271815,0.0819904641338193,0.0043301696391462,0.0509390890307428,0.0081737120015291,0.0604929181082997,0.0598049430671498,0.0656266364769615,0.0468073052319443,0.0012476253762285,0.1602660422451524,0.0319113023819749,0.0036407881315726,0.0172943723197779,0.0154128701727282,0.0068928278961719,0.0094962248532382,0.1332855532618057,0.0040064452125142
0.0057926983413479,0.0846411488400822,0.0971863467581156,0.0838531305612444,0.0107439610455515,0.0082743295972457,0.0770638435827289,0.1038177564867711,0.0630033382740516,0.0625438762178205,0.0818183877067907,0.000278108727743,0.1554950786257773,0.0186758610529573,0.0049280760091589,0.060563134482624,0.0106893552825824,0.0196816521694088,0.0083085685551001,0.0385153577147703,0.0041259899681269
0.0818154707976817,0.0971911595683925,0.0775788611584825,0.0735175076028328,0.0752302486879605,0.0438255831425395,0.0230160699982214,0.099404675967886,0.0445056793139655,0.0368782967210893,0.1144616439635754,0.0007164692810952,0.0691910234116298,0.0190224118442354,0.0001716766360282,0.0523266627412785,0.0231474295535876,0.0073590121235303,0.002928676994722,0.0547731108195566,0.0029383296717081
0.1574272323465119,0.1103926637733957,0.0121290385686605,0.0275965869208477,0.1030478154088608,0.1081502015889821,0.0608758897036638,0.0414071750238363,0.0319941186049454,0.0136620770055164,0.0566882663493539,0.0003177136288396,0.0682843931842415,0.0146223636044144,0.0067690443874189,0.0723144063763983,0.0152887788599427,0.0030294207415195,0.0011976155151816,0.0934074340464137,0.0013977643610549
0.1258073292119812,0.0069735433487333,0.0745619022970019,0.0835597370051886,0.1431504541440008,0.0032573601252167,0.0499111365317493,0.0363796735361286,0.0378392773087233,0.0652153665912592,0.1038885836168565,0.0002276741394024,0.0736989783709333,0.0204812981520928,0.0087941077396331,0.0794494933208103,0.0009038074180835,0.0238081870537796,0.0095236629414808,0.0483584325795488,0.004209994567395
0.065636924659609,0.0314752249197632,0.1011253728910158,0.0362724052404816,0.0259337289971522,0.0756723710321955,0.0250341289219151,0.1191257196049199,0.0020218892989683,0.0565250258739318,0.0697648997332508,4.735977166388596e-05,0.1701470773246268,0.0254605970109938,0.0104876220813506,0.0887895642150224,0.0337728399156716,0.0222062083735519,0.0015410083514342,0.0346199422297075,0.0043400895527737
0.0064219360767605,0.0787117055303434,0.0589569325999217,0.0493411821486824,0.170363858851243,0.0556353127085586,0.0196051981357786,0.0784064081023878,0.0494476339931471,0.021831615729356,0.1164362325549991,0.0010146669311859,0.0955140480284325,0.0283668838618123,0.009162364767257,0.0614114257249136,0.0086973035760651,0.018842617592772,0.0069718658574362,0.0611633084904112,0.003697498738535
0.0329041401793856,0.0672049820586498,0.0553514568809905,0.1079818678644536,0.138287224566465,0.121466343073324,0.0575036729847276,0.0217141078568652,0.0098307380194338,0.0526656374736483,0.0769674968255383,7.469178141226707e-05,0.0719147543192536,0.001872176503974,0.0010849634942549,0.0320648758559914,0.0268860000855815,0.0171573351410602,0.0087239363447288,0.0965172335114793,0.0018263651787812
0.0597614273626377,0.0596684340826314,0.1028114195486771,0.090963356184037,0.0853768258036683,0.100443199028567,0.0717583318560746,0.0658268792167141,0.0517283371790246,0.0025774559775447,0.0010207578692444,0.0004096492331789,0.0777564110414485,0.008230013721374,0.0018259287215362,0.0590402268378575,0.0052018828631092,0.0154069139001482,0.0025420928730411,0.1351400070838918,0.002510449615593
0.0266081154236262,0.0799767508936089,0.1106064999430757,0.0688385538528503,0.0809667471747055,0.0489868272625068,0.049827870869076,0.024354859454631,0.0292451771740827,0.059016735503924,0.0507086869188096,0.0011087580937307,0.1400006218885905,0.0015489057390614,0.0001551129405358,0.0568492324978999,0.0057954569972347,0.0178263819495352,0.0103360169717064,0.133922545968017,0.0033201424827908
0.153845955750178,0.118773664692097,0.046236474720567,0.0602256886408485,0.0677604773414671,0.0555837184967258,0.0120055455276593,0.0454220463448955,0.0627334710642437,0.0324122339069992,0.0032052347908244,0.0013154996803063,0.1146632822823612,0.0006262139106062,0.0005466178301654,0.0679061587037928,0.0127169816506103,0.002247775077761,0.0055447380607878,0.1345987732739735,0.0016294482531292
0.0662725646161341,0.033413146080514,0.025915452643425,0.0136267569803634,0.2372056019803099,0.0015104666262172,0.0167925679761696,0.0333826817816114,0.0421583444057592,0.0013206131321093,0.1865144569229239,0.001148785820863,0.0338817695099456,0.0472222342970468,0.0071606098477475,0.0817545054890032,0.0271236073240101,0.0306132659765177,0.0120708488838142,0.0990724292007167,0.001839290504797
0.159199010979301,0.016381055350362,0.0893032084782879,0.1142778852192135,0.104464050100217,0.0736292611448374,0.0193493485907385,0.0382262443917925,0.0551699307775046,0.000727405270633,0.0192039967816515,0.0010549340521773,0.1528465845117814,0.0088273210060932,0.005163202558189,0.0424492099461891,0.0334238781638472,0.0014582620525539,0.0036251485583618,0.05833510386157,0.0028849582046969
0.0282177708985146,0.035443261196107,0.1136206307434678,0.0673685384603752,0.1747312094129078,0.0336519909232102,0.0525249880758762,0.0238251129180027,0.0586768654873202,0.0193020268006295,0.1237470106942719,1.9444282781748317e-05,0.0328735298242575,0.0069728024594445,0.0003284368396706,0.0498769890902863,0.0219731636259066,0.0274642391831314,0.0109997169176164,0.1155517383234198,0.002830533842801
0.0658832464400492,0.0217876464513034,0.1068368046383497,0.0036562116821167,0.1628597978659546,0.1526533660036253,0.010388310203509,0.0249874592748978,0.0271090279262024,0.08158652084129,0.1636273455542158,0.0014931691040997,0.0011573321850953,0.0022015895588406,0.0042833505731433,0.0915512573035247,0.0142216081743922,0.0231198286612245,0.0085128048868869,0.0291080591352548,0.0029752635360228
0.0245915021044577,0.1264039894755728,0.0489221382299798,0.0162420512359453,0.1218888789007745,0.0397706079542496,0.030549917062687,0.129837967055393,0.0480590741228762,0.0075231215307993,0.0673064965505303,0.0005381854547564,0.12762093429487,0.0393194711331255,0.0079231492295655,0.0985419177073944,0.0184965446002062,0.0069587396587514,0.009796056390799,0.0272330816802359,0.0024761756270289
0.0173405438350164,0.0527779273158877,0.0355477740874633,0.1118130874582391,0.0792067110009653,0.1030868195752321,0.0247434182860497,0.1055525888209248,0.0466774298713974,0.0506687318127276,0.0319328168672321,7.54491771008544e-05,0.0844641455582306,0.0354270191734895,0.0055975877622254,0.0015833626128828,0.0304037044981996,0.0209573267423006,0.0055438641272069,0.1539909350698654,0.0026087563473618
0.0476867121212479,0.0615988841627901,0.041764911094691,0.0661826209796161,0.105228929279913,0.0320500492433663,0.036903696104912,0.1541993295997137,0.0650778720048237,0.0723416764127355,0.0597145958834586,0.000898836381291,0.069188804065279,0.0135002091486466,0.010752585093224,0.0157452256224481,0.0080811358098603,0.0045430083571192,0.0093318354074157,0.1220179408608034,0.003191142366644
0.0227486349691023,0.0748600411873988,0.0054005587591172,0.0344333264295949,0.1447065795468969,0.0557882597844168,0.0655408896215046,0.1056797318646255,0.0473681100666472,0.0366712058455609,0.0562509724647751,0.0006574834954357,0.1527385986060503,0.0132998373709703,0.0005794617317349,0.03371721394239,0.013111967469085,0.0226780399947809,0.000316333240044,0.111313889189747,0.002138864420121
0.0636956890127612,0.0080138786970631,0.0841893126183904,0.0465110747936305,0.1311009976868081,0.0107813719701087,0.0441321670220939,0.0556977078637963,0.0360366974702222,0.040099084944668,0.0377387500008993,0.001097922944906,0.1461950171809213,0.0055384503523359,0.0033142351395551,0.081092307695383,0.0180059842012971,0.0199095399440983,0.006267744256702,0.1575594112634878,0.0030226549408711
0.0523172881866611,0.0209832807249218,0.1387042935559492,0.092542355737207,0.0680028679027355,0.0407709196664526,0.021190718771385,0.0095644762866027,0.0808962752954006,0.0231480782474992,0.0899512739135982,0.0012958125632483,0.0109821364089314,0.0312225499963693,0.0066183577008016,0.0805625697499338,0.0052784004420349,0.0018314182958623,0.0036117005248627,0.2164398351398425,0.0040853908896991
0.1460703234059691,0.0086193717548676,0.0563793365449049,0.0502675487581691,0.1029626815117608,0.035472034685681,0.0082409741882127,0.0790155942436561,0.0609475628172281,0.0692207828017705,0.1071464329915872,0.000576141601692,0.1618787201237798,0.0310698921283505,0.0019690389105134,0.0016600151878733,0.0036526940622847,0.0117614417655474,0.0024536502306136,0.0587316586011381,0.0019041036843993
0.1574104334944814,0.0289947915660418,0.056964781468054,0.0777621578124051,0.0647335197525405,0.0743798809252576,0.0685136374573916,0.1267187504651469,0.022329312492321,0.0044095901114003,0.0098964808251815,0.0010885973025606,0.0840884447260109,0.0093034947915019,0.0050978146563381,0.0708449739536603,0.0236916138784314,0.0201001506842949,0.0002915042516462,0.090775007165725,0.0026050622196081
0.1193925266349664,0.0045068091955753,0.0860775816024685,0.0572273446933644,0.0237188758403837,0.1028310707357739,0.0247127206401477,0.0047554454484324,0.0156728235460017,0.0588609422041955,0.1207507823143267,2.192990893460157e-05,0.1514727307639342,0.0092152446684544,0.0002431303626592,0.0446517959008471,0.0181829578987269,0.0067327993171118,0.0045467283152765,0.1437676399497971,0.0026581200586211
0.0328168142646389,0.0953951613959162,0.0231425131201525,0.0746840538908989,0.1741197437299918,0.011866944175383,0.0737453824036942,0.0163002510588411,0.0609333224480063,0.0139846487194686,0.0079133349389035,0.0006461725397896,0.1771609371907256,0.0148508909197266,4.345609113544905e-05,0.0157367961451675,0.0246755662299888,0.0065352024990275,0.0007547784286326,0.172716324288323,0.0019777055215876
0.1191373408483749,0.0890811522174625,0.0757348312348973,0.0747903019216079,0.0317994017814715,0.0200341165072396,0.0412512647622792,0.0201076902923389,0.0526752794961039,0.0286867927778659,0.0479949942333497,0.0009661636940515,0.1517621776260615,0.0151974734334579,0.00649848120208,0.0590159972821663,0.0095794450614599,0.0179896244612011,0.0051473372240304,0.1293270872796842,0.0032230466628149
0.1470281045753509,0.0893248215293033,0.0181233374533268,0.0767104596374108,0.0190615993481228,0.1276578067088814,0.041268027506491,0.0275749666354205,0.0723908945469262,0.0613241557605207,0.119239632681397,0.0012758273335898,0.0172332723493295,0.0150565103712037,0.0049859654287848,0.10891433261817,0.009632483446322,0.0052244227351938,0.0056716422930409,0.0294107826785896,0.0028909543626234
0.1275842263217255,0.0457636537985871,0.0126077219203838,0.0287545021318283,0.1347371426805454,0.1071403288266942,0.0178407789531408,0.0288607560827969,0.0218952776571235,0.0063413442820511,0.1316262172030435,0.0008300748486276,0.2209268080115996,0.0288811180511874,0.009755343649553,0.008700357567524,0.0355576829581347,0.0119734094498934,0.0119257828225525,0.0062356874116489,0.0020617853713578
0.109135796206547,0.0269572255682719,0.0150774907928992,0.0967063575942505,0.142804979421686,0.0764673319308228,0.023141822320845,0.0459628748349836,0.0208377063192392,0.0391524313356478,0.0906270373056162,0.0006229441838495,0.0989120656411277,0.019791683606589,0.008600505458867,0.0238115522360535,0.032359233028263,0.0065450020780439,0.0062532575122548,0.1144143497104006,0.0018183529137407
0.142683731068178,0.1112857779784143,0.0634989999869956,0.026194226394079,0.1834861086007813,0.0367926443347773,0.0353470001017219,0.120649088434067,0.0354251262614209,0.0782353290729333,0.0046913757052248,0.0005567241477447,0.069656147332084,0.0157876472866583,0.0052440749788976,0.0122538962861264,0.0184229578279445,0.0051354782360475,0.0068413980484297,0.0243653634527228,0.0034469044647504
0.1315983132786219,0.0180970178047767,0.0955357773124233,0.0445812935108615,0.0965805154414006,0.057732573312053,0.0191706604864269,0.1195364771223279,0.0576052870672815,0.0544200309351472,0.0356609822884392,0.000357881800428,0.1188750484498183,0.0106955759155977,0.0001597250530379,0.0990633608518019,0.0040642867075975,0.0139177677838274,0.008135632712461,0.0111363748593799,0.0030754173062893
0.0094588505464511,0.0772105116688654,0.0715186287372719,0.0702043364599049,0.1014483029921597,0.0058099832115614,0.0156567122669506,0.155832017609801,0.0599125294622989,0.0209906184411355,0.0350173623669181,0.0012315793767045,0.188856036247324,0.0286330299423639,0.0086182158311553,0.1051816262476027,0.0158819894975089,0.009551859650275,0.0025753077960555,0.0131671231231548,0.0032433785245361
0.0618686161694139,0.1038811815477577,0.0572769619180067,0.0914506685238832,0.0435469032159758,0.0090479960111914,0.0461432411330731,0.0958286921401768,0.0806058365281481,0.0831787072616013,0.1486172148806045,0.0002063716747122,0.0630215955063577,0.0125160122247852,0.0057105881524755,0.0199914090349543,0.0156472375787181,0.0253867687492428,0.0044160577166705,0.0285166629956101,0.00314127703664
0.0136697833463897,0.0475630722344263,0.0602788153147317,0.0916006891188564,0.1662900786690933,0.0837027116885227,0.0206534380196426,0.1143118757249563,0.0146911023113618,0.0395957319592932,0.0077453066038383,0.0004752920254395,0.0933430923111423,0.0033115280356507,0.0038084308320287,0.0030045699848053,0.0153135467001579,0.0304961174995458,0.0077888420197953,0.180977353284222,0.0013786223160994
0.0304090599505603,0.0622016569356336,0.0007963951478224,0.0733095445300533,0.1784097431250216,0.0109485838144538,0.0481868379109407,0.0559109958534442,0.0088454134908704,0.0211362815086759,0.0730370174128481,0.0003383555328264,0.1616410330210233,0.0145530266504922,0.007928221343546,0.0456965438523071,0.0279314283962364,0.0195737681194984,0.0052360389717861,0.1530250537657805,0.0008850006661781
0.1030874401271098,0.056118564833111,0.0825553378767513,0.0002699802818755,0.0604853369236257,0.0895185700809153,0.0155187706723252,0.0107293141182756,0.0194579595710146,0.06885780370103,0.1052544919416741,0.0010025646138346,0.11195228306503,0.0190510056718007,0.0026095595705216,0.0663313124153709,0.0026633568663942,0.0033457896010923,0.0058007451809353,0.1716441858598496,0.0037456270274615
0.0931185983999763,0.0850166637301675,0.1249356862373025,0.0016981361971447,0.1090038033876566,0.087963733124421,0.0373812385101582,0.0751086460235029,0.030817402576462,0.0032075553355405,0.1616692184142949,0.0012905730911237,0.0197463562577261,0.026620650049694,0.0091512037785709,0.056795519892845,0.0140096945693789,0.005924331653058,0.0115422973734937,0.0409203787688723,0.0040783126286094
0.1678336448519426,0.0366722527505621,0.037520853856514,0.0079367586460488,0.159663217295314,0.0462522622989409,0.044752452508889,0.070021359933016,0.0381015859543713,0.0661214521155864,0.0832876575911812,0.0004833244092683,0.0132707317064595,0.0361465232501455,0.0008359923645147,0.0846286581939696,0.0262539418385351,0.0186727366824366,0.0002613988914961,0.0588235926368324,0.002459602223975
0.1646474456097559,0.0007795214858563,0.036780268020687,0.0154620719671306,0.1792715482423902,0.0457187595475344,0.0182525118837022,0.0776017949196672,0.0721122141988205,0.0057079724355595,0.0487551088231961,0.0004788006375829,0.1564415984634515,0.0296650851096495,0.005745688814993,0.009035749545274,0.0198785171185121,0.0276645654034244,0.0073001161048733,0.0774501618791259,0.0012504997888126
0.1403813841960539,0.0304001579369843,0.0080728784707985,0.0022294065653842,0.1115239053304526,0.0803954045754948,0.0473021371423152,0.0207833658481236,0.0073237496595369,0.0382515942634696,0.0815235144554784,0.0001118320987128,0.1465558891895057,0.0316600477335315,0.0023504379298674,0.0590736720862711,0.0269996390306869,0.0204549363730672,0.001106337887139,0.1420805385332324,0.001419170693893
0.0808231403380341,0.0675547411040976,0.0598724633462996,0.0784474669182582,0.0277364248644546,0.0047187171853649,0.0381111702786375,0.0878260396849903,0.0211053100063169,0.0356486420782407,0.0743592647876573,7.005938810135927e-05,0.1362382062668163,0.0249937422367478,0.0049474364737393,0.072407014092525,0.0147873451935001,0.0085294921229508,0.005526466038314,0.1539611176646367,0.0023357399303157
0.1113056967985978,0.0212245159468119,0.0541483780796851,0.0031042079389438,0.1711784380785287,0.1140984791574791,0.0125109945201389,0.1000000805519089,0.0368662217277129,0.0743778012463878,0.0854934087962775,0.001230671771984,0.0564745310140451,0.0308199411099665,0.0065165908781796,0.0104636707984396,0.002432815308376,0.0212416197759699,0.0061498137916802,0.0761655612802835,0.0041965614286023
0.1425919331323561,0.0559365782401545,0.073988591945645,0.0482257879820733,0.0091500967980623,0.0240604230508406,0.0520280452595713,0.1319266175615502,0.0637872911042056,0.0247149675368472,0.025334583319436,0.0005721138574022,0.1530882414326371,0.0271911270552607,0.0071781847389358,0.1029509838981122,0.0160954101041863,0.0206048572173518,0.007540701661955,0.0100990571725448,0.0029344069308709
0.1349509142031992,0.0235420913708501,0.0940924624035624,0.0041679978104515,0.0662705527633687,0.0678917889018356,0.0676434357171743,0.1168862823509699,0.0205874793160537,0.0414414547377957,0.0381272857099694,0.0002359136348108,0.1004094982789267,0.0288103867229507,0.0050648268855384,0.0187855650728109,0.0106416301746488,0.0028994136563768,0.0037452318887296,0.1505988247480285,0.0032069636519475
0.2100749569031869,0.0759514104933472,0.1179918325643926,0.0256252701271858,0.0036425469045946,0.0223370890426498,0.0318060290965864,0.0827801631304296,0.0735883419697357,0.0582677864728831,0.0614764216709264,0.0011295712438658,0.0929020256287617,0.0245545052628815,0.0111464384688936,0.0032893795084652,0.0015445867162888,0.0227298262028887,0.0060633179581374,0.0687860802993004,0.0043124203345979
0.1482225144396809,0.0227681273643755,0.0997473850832958,0.0591362942070428,0.0961120354761367,0.0806584267222459,0.0363210863148379,0.0955374055397519,0.0198284751780404,0.0544318650232191,0.0598685098139745,0.0005092922086425,0.1473303489621968,0.0360962065935789,0.0053651122304052,0.0165051777390238,0.0004918639782419,0.0104389029675127,0.0040806193491637,0.0036006674738666,0.0029496833347658
0.1614450740514199,0.1080027157514999,0.0626741290918177,0.0399914857808627,0.0542488178959123,0.0575037897135658,0.0406427704706386,0.0325496073511619,0.0026249325164656,0.0556989923129297,0.0877719393655746,0.0001747247967474,0.0957068136390569,0.0095003904401421,0.0118144263413805,0.0144159365879756,0.0319599667605946,0.0129920331054387,0.0021710992753691,0.1148605728716519,0.0032497818797935
0.0264267334827661,0.0008963391610171,0.0812943867847154,0.0450921078460997,0.1464723067132326,0.1088387730716298,0.0509435082415687,0.1338184728513035,0.0398091962368981,0.0637815322882535,0.0569852645954466,0.0003753277476865,0.0291412725454403,0.0017174932923982,0.0062085372230562,0.0815872176895085,0.0291314348134991,0.0214421966458605,0.0012716596968605,0.072376137148461,0.002390101924297
0.0916965039932401,0.0546395317091685,0.0671449053549266,0.0181217436330172,0.1524148012410117,0.0893468010904438,0.0661682207911468,0.1209802923996232,0.0575398778256922,0.0312589794873162,0.0844849010495286,6.873114975585553e-05,0.0234567133064396,0.0201236270891458,0.0028753696190343,0.0856835734314774,0.0108061288950298,0.0007153603075453,0.0024347558143125,0.0172474222736153,0.0027917595385281
0.1200197982626712,0.0179788477416309,0.0080758406430237,0.1080081478401922,0.1586407320355872,0.0265778750636573,0.0804876015562158,0.0536011358152287,0.0570448083213947,0.0312600579155753,0.1396496738364593,0.0009610221855568,0.0396480433837183,0.02965855203137,0.0080599016964253,0.057572635196358,0.033493297954761,0.023806573765096,0.001811511041501,0.0008663409968452,0.0027776027167313
0.0521139194472257,0.0758474802344728,0.1001568513116382,0.0234448208116068,0.1956597666528046,0.0077824650754967,0.0799496209868059,0.0392157471251267,0.0413960274321716,0.0755387083951009,0.0413707513859108,0.0010540974082632,0.150842594201625,0.0059055728252998,0.0132955694326743,0.0277179703543833,0.0127815842229293,0.0271731306058086,0.0063545037560755,0.0191729439674659,0.0032258743671132
0.1342924998112652,0.0835385447413114,0.0042337647448166,0.0381738730864011,0.0503190455269305,0.0866415725034854,0.0069785772759053,0.0052737048208571,0.036445714091396,0.0312731206565725,0.1169369470162638,0.0002863756495322,0.1598943893443859,0.0257399585220538,0.0069417318073561,0.0443438162043509,0.0262277576672648,0.0011352144203758,0.0067957729412015,0.1322470307057217,0.0022805884625516
0.1014467375448165,0.0154737142245898,0.0029741158073479,0.1005025092154751,0.0031418888191214,0.1077932924287337,0.0042540500605707,0.0065141800480136,0.0474637683796833,0.0109697359634005,0.1426933102009398,7.615500616090004e-05,0.1977208563116235,0.0210546079894913,0.010218695336045,0.0140119831288257,0.023518464347984,0.0132586421381108,0.0107925669963694,0.1642073581628592,0.0019133678898368
0.1024111809627651,0.0756531814968079,0.037180304592517,0.0532141632073538,0.1503639816240294,0.0921674507050443,0.0663149119795149,0.1206814696722134,0.0062461805230857,0.0106658684158163,0.0769337713529928,0.0005158684306969,0.117909268395031,0.0146313813021226,0.0012292831808066,0.0078443864929309,0.0244352864451367,0.0221630178555658,0.0004181697097709,0.0166443453024637,0.0023765283533332
0.1164197085478548,0.0325168649200134,0.0297403943346987,0.0765705441330494,0.0279809872079536,0.0326485828688389,0.0708860788822423,0.0138365183876971,0.0565711077110716,0.0520538720494656,0.1243964410305481,0.0008477132392601,0.063522241755576,0.0098430764443695,0.0022109485068696,0.0902748551746749,0.0063851748545742,0.0195406216437047,0.0092251614728809,0.1612949444383352,0.0032341623963206
0.0606069454768895,0.1180911939672558,0.0107869351729115,0.0965933274572878,0.1460779897276642,0.0404623460272667,0.0008673821890041,0.069828354405421,0.0580224181413323,0.0619756443347389,0.0984752501634446,0.0013779530211725,0.1371187077012934,0.0184448126858659,0.0056584886933801,0.0152042775959464,0.0291463799621738,0.0104448476694309,0.0117666536446371,0.005031673064597,0.0040184188982854
0.1378804007096495,0.0524572608371724,0.0027060230596698,0.0998252634171297,0.0791747186324181,0.0882756064893752,0.0032934581462203,0.0450834783562985,0.0428352036970309,0.0110216797348077,0.0249420607237576,0.0006082532281685,0.1641114518989539,0.0245754787614446,0.0098879876374017,0.0777309777844601,0.0210196555256286,0.0115014859660343,0.0100588047266018,0.0910295638597869,0.0019811868079889
0.0877326235511019,0.0720374541819407,0.0926734529571579,0.0268016164504314,0.1781340177031052,0.0110270788324901,0.0309030153172767,0.0312249922618207,0.0696851195263134,0.0256350524582852,0.1461174528781696,0.0002019596101703,0.0908765602059887,0.0363684977974289,0.0028483009405139,0.0396654747476575,0.0205972517056005,0.0106062250286875,0.002372138197818,0.0209685272615667,0.0035231883864746
0.0598332964962771,0.0590696558638578,0.041756736504909,0.0801338183338849,0.1268262363177569,0.0886715268911308,0.0592209685893075,0.0741356369561216,0.020723010254113,0.0142400188572544,0.0170643246697233,0.0004658530634704,0.1081060088322363,0.0084789861950201,0.0010038314382617,0.0807689404310949,0.0247339908377132,0.0026155344347179,0.0043270604031796,0.1265406562308168,0.0012839083991518
0.0510420635407036,0.0831698484650239,0.0143560710742939,0.0844426865405639,0.1406668753552973,0.1062546187953175,0.013289787516406,0.0349886604475296,0.0293150347374676,0.013624525733473,0.0662287153770954,0.0003107115394688,0.1203218448144866,0.0080912440646838,0.0080393190466338,0.0613743369479027,0.0026122758546855,0.0205956650900994,0.0082723155264818,0.1317365818235924,0.0012668177087927
0.0605012068390278,0.0911298709361732,0.1050010823616369,0.0793316273212986,0.1671087115144585,0.1080891141686713,0.0325704169187703,0.0403284904950933,0.0438839215563329,0.0436864392875208,0.0489673513038764,5.914621222033404e-05,0.0728575422546086,0.0259640241397842,0.0069698833704618,0.0191038890301006,0.0146226197572561,0.0246754682781227,0.0093140490541604,0.0019650501533758,0.0038700950470487
0.0366707172678596,0.0765322130560636,0.1102744173739813,0.0192937754968436,0.1721298663481742,0.0825694546210631,0.0585420291425535,0.0280281588545739,0.0266233312580129,0.0219269126418287,0.0169428954007693,8.617452081873051e-05,0.0720275002537223,0.0361652073497253,0.0029580218091327,0.0935274147361564,0.0258437219713144,0.0112339444720951,0.007184411013695,0.0979925776702554,0.0034472547413599
0.0261434605985806,0.1112862614512901,0.0005518588646723,0.0827991461131633,0.0639672702086722,0.117942456158895,0.0364302127408716,0.084610149752322,0.067021810731261,0.0394820004886477,0.0523880251168931,0.0013912712603443,0.0858883654698885,0.0080554832333468,0.003702540217179,0.1318661321214206,0.0433032979290881,0.004995948463378,0.0088161593422761,0.0276065432758838,0.0017516064619251
0.0558835701192846,0.0103139255143591,0.0238362739784188,0.0588927199509774,0.115132119405258,0.0819243632806186,0.044003305816416,0.0491098911902712,0.0410613225251298,0.0417188016144817,0.1119393379963567,0.0002580417432391,0.1184255888967484,0.029215312120252,0.0072854113270455,0.0640661851582438,0.0140003193419187,0.0052969360590467,0.0032171652833646,0.12280241005784,0.0016169986207285
0.1100428529793996,0.0250000388041678,0.0624925902389772,0.0965089815405116,0.0865870154504265,0.0842942784914363,0.012746918809922,0.0747050624135239,0.033141244190748,0.0325267575842633,0.0946728732034938,0.0011827192121762,0.0378523500201755,0.0346754260012777,0.0056850060133649,0.0441026865936191,0.0253955005066372,1.2858221630526546e-05,0.0065527108405106,0.1281442067792857,0.0036779221044517
0.1370447320238596,0.0320558256076053,0.111233056561727,0.0381153582509044,0.0010216048300889,0.0813110466278485,0.0628181960613566,0.1549766136955484,0.0101312010704151,0.0443726769464405,0.144976358700226,2.9754991724828056e-05,0.0951317702895586,0.0021504460010813,0.0074881953038351,0.0246754595949666,0.0226355294541403,0.0001771186464966,0.0006228535126209,0.0260707324470493,0.0029614693825056
0.0763026271793375,0.0666899277431502,0.0864818271904823,0.1262412100740477,0.0118587909010947,0.0330095338785221,0.0399259583584268,0.0660731824476734,0.0423210446624717,0.0209185792687068,0.0548816146088739,8.443231334584024e-05,0.1084478013587247,0.0233941961742819,0.0126712050780365,0.1157720266414823,0.0372776638357737,0.0317956557702813,0.0002940516770499,0.042617800082155,0.002940870756081
0.10467845322227,0.0716880389120356,0.0249776215441985,0.0150301600878114,0.1806845283331948,0.1233017017058724,0.0002308476291796,0.0718494929051375,0.0714873906498973,0.0331523998085346,0.0501280423491184,0.0008994145046096,0.0388267403882923,0.0221488242457219,0.0108734407623767,0.0289478701433023,0.0184111280015117,0.0273592724754933,0.0021180502514514,0.1001369253983727,0.0030696566816169
0.0560426758601868,0.0217132531395002,0.0829428181503684,0.0813127710080772,0.1324958179947616,0.07507111321069,0.0608928437033404,0.1235677568896995,0.0151536265236646,7.568774709068333e-05,0.06884025221582,0.0003076032719179,0.0694454753367706,0.0170191760001985,0.0022664128294169,0.0604667893825421,0.0010762460480617,0.0217839539231826,0.0083009553973436,0.0990483819476706,0.0021763894196954
0.1537867791059149,0.0512181607883243,0.0892609140166092,0.047431267833974,0.0121676347508718,0.0895302719231982,0.0151286415371523,0.0552931567762233,0.0331026697513879,0.0371230276171852,0.0526194713698074,0.0009096488687605,0.1529618034829583,0.0163985959483518,0.0067759858268082,0.0166110252634725,0.0140729873595765,0.0187046031454427,0.0065984812405724,0.1264783249823702,0.0038265484110374
0.1259811626597576,0.0297929481699896,0.114024986573561,0.0011091119460654,0.0965527194191903,0.0670566533149831,0.0536560890973686,0.0429908325850935,0.0598586591776383,0.0409892162122962,0.0372268391850128,0.0004124858603857,0.0953560542287423,0.0196567266367625,0.0094459181660483,0.0681194491140502,0.026122128777921,0.0105892637624039,0.004183054833963,0.092565139142536,0.0043105611362298
0.1040746061099343,0.1000541371336363,0.0706321086837789,0.0736569757645879,0.0333574805236634,0.0523618069571225,0.0557494951391816,0.0981831127061466,0.0326398017117871,0.0794600364952292,0.0611092776793561,0.0012642655350412,0.0516772137690197,0.0034653100901771,0.0047962478158088,0.0591652692997693,0.0019443212186338,0.0140733483264343,0.0005581623839395,0.0985260600557946,0.0032509626009568
0.1312644021905989,0.0728039931723128,0.0831140612657306,0.0100248725208443,0.1530053270785811,0.0165000428878965,0.0322674593699023,0.0513256660064175,0.0122275926889446,0.0584287215460341,0.0783377686136724,0.0007300466282606,0.1512073524835462,0.0088274109355964,0.0016654442653199,0.071911596056088,0.0016946369747024,0.0159951761669781,0.0033666437593507,0.0422241764799219,0.0030776089092997
0.0648539727818432,0.0112237366911975,0.105522072562786,0.0818811803257085,0.0219413715637834,0.074408652539108,0.00930953448294,0.1173986269624598,0.0341024329696225,0.0514201082667431,0.1423738090759664,0.0006716186886849,0.0889897822585495,0.0315653937708039,0.0026080139547729,0.0908858258477289,0.0096503653093268,0.0088517666044088,0.0007569131271671,0.0465815185420614,0.0050033036743364
0.1790515020550594,0.0563240548649936,0.0564419310525351,0.0031926151017307,0.0231013862938552,0.0145064482353698,0.0311643046092552,0.0181357353492455,0.0784722640505271,0.0478558496539285,0.0116694226859325,0.0012213154496948,0.1301480368084068,0.0326482554450956,0.0033160011696473,0.0563015505503555,0.017317885323748,0.0210399956383915,0.0029421735237946,0.2104974081221369,0.0046518640162957
0.1012587547463043,0.0431512772600191,0.031238556262905,0.0592231794406871,0.1187972336375806,0.0720555607795364,0.0583993091738213,0.0973861779736257,0.0533587714810809,0.0102036685187929,0.005531131080359,0.0005382429935956,0.1341255531832105,0.0155920962512946,0.0041684328746159,0.0587680060347782,0.0063364689269355,0.0072041185475471,0.0066073967181266,0.1143483092656693,0.0017077548495133
0.0399044412855453,0.0631874413436631,0.0955987863817356,0.0193971487497683,0.1437657625701843,0.1431515545272328,0.0565862665745091,0.0798833438884327,0.0567951016610329,0.0455120452193849,0.0489164674231029,0.0003919481789936,0.0434614439316268,0.0261842626562236,0.0125945257575868,0.0507152252174045,0.0252354131191109,0.0254768220243128,0.0051145405084163,0.0146648885661343,0.0034625704155976
0.0573183939628156,0.0030614418485227,0.125550246853556,0.0157805039447222,0.0846530222937922,0.1329864982879111,0.0648283922695735,0.019278670789746,0.0747880961692067,0.0521507771536138,0.1170647984246888,0.000701938119599,0.152249275821737,0.0110869156248464,0.0015566701233654,0.0221340663903608,0.0172561008855563,0.0285288313472737,0.0063874977855583,0.008952799401414,0.0036850625021392
0.0983435929655404,0.0300584141713388,0.0538467303837866,0.0247631519031297,0.0699299794879854,0.0092112654019244,0.0451998827192127,0.0630068013122529,0.0489299323014196,0.0537999906053793,0.1104105646986544,0.0003906183560844,0.152599179050605,0.0186305640899241,0.0085538335497175,0.0642789403888002,0.0223964613809112,0.0202303584839757,0.0049087781452741,0.097565830757262,0.0029451298468207
0.0107303968362424,0.0497194898445357,0.0727870235703759,0.0968870502828746,0.0269846887942267,0.0659045458255398,0.0368531786240259,0.0502496214015744,0.0356575860330193,0.0528157837724859,0.1232517885443664,2.856547651581073e-05,0.1259903201388577,0.0348214969602811,0.0006103792158189,0.0083634446047909,0.0328351312186763,0.0157080206615671,0.0087694274690568,0.1485222755510215,0.0025097851741457
0.0895784315844399,0.0218624819721506,0.0487754576086694,0.0039018730172719,0.1385122165240504,0.1245753185159825,0.0189637551384595,0.107480534776705,0.0301646633827777,0.0727368045131984,0.0152868693701787,0.0007896093122195,0.037943135506644,0.0140366625895264,0.0020122809315324,0.1147732876756913,0.0292115184859747,0.0153748836745385,0.003069801530361,0.1073282171275736,0.003622196762054
0.0049736835095315,0.1266821123286017,0.073229896434039,0.0275017583301727,0.1519432294254991,0.0296214259238234,0.0651046025192261,0.0662083423558761,0.085919750389514,0.0771306228274002,0.027636445361785,0.0001869624531997,0.061741811398217,0.0272885433305645,0.0101639788935372,0.0380131312222734,0.0383301317302788,0.0105139779250054,0.0074600257213337,0.0666186496960498,0.0037309182240709
0.0931107768486874,0.058538493498594,0.0103075377183699,0.084993178113897,0.1873372345132013,0.0375416468516108,0.0084541604387094,0.0788006670014513,0.0658910580288533,0.0154121298281063,0.1075604231856817,0.0013767959551654,0.0767670322957353,0.0061026984664889,0.0075100172241564,0.0225351345903015,0.0173832971865107,0.0038320760003362,0.0096737529159376,0.1047173354753248,0.0021545538628797
0.076022146843753,0.0273963001020766,0.0100814949244086,0.0940166318743546,0.1197571387326488,0.1139602336173515,0.0032026363101284,0.0569761509984996,0.0371835658371586,0.0544584956795006,0.1406253908649933,0.0009398011384982,0.1149117741778396,0.008656253467067,0.0073652952544281,0.0168364968723965,0.0167923582115262,0.0085995993361847,0.0055443783015926,0.0851151441803329,0.0015587132752593
0.0754759783962933,0.0033494147790283,0.1077103468903131,0.0987112532031964,0.0995540261661,0.0580941198201262,0.01550103137042,0.0557458673330157,0.0195227616751391,0.0387668395404084,0.0899733756089428,0.0007063533341044,0.072705812531265,0.0132203724148732,0.0036553865537527,0.1035094919983671,0.0200652788278276,0.0146193834105297,0.0072358398705737,0.0985281043671845,0.0033489619085378
0.0338930073271427,0.066808198822272,0.0806701194073936,0.0133517037381584,0.1043836691228055,0.0838938004906788,0.0623867721313696,0.0003693706385517,0.0541471162841708,0.0626735237117113,0.0723200785537111,0.0003355129603851,0.1080283267913403,0.0037186917920568,0.0044269921022684,0.0741333430819508,0.0139075836452419,0.0163383019977421,0.0061385718669957,0.1358078844105851,0.0022674311234675
0.0111082117282471,0.0079377623978487,0.0988159699631709,0.0293211917643388,0.0608969022350046,0.0895722662489281,0.0289455443087761,0.0087503085564674,0.0392840010791185,0.0396937425816528,0.0925382305665078,0.000318605438944,0.1244277761243726,0.0206415375407346,0.0048630332359276,0.0748827322539756,0.0288308875105741,0.0234497480942839,0.0012222975583426,0.2105129300959899,0.0039863207167928
0.038308571845181,0.0941851318176623,0.0068271836638235,0.0798184207521551,0.1563542663881959,0.0592665491154644,0.0560833046062474,0.069489804483361,0.038135179149395,0.0485147821611283,0.1164316928821271,0.0005290471495763,0.030441868589529,0.002905872352581,0.0068674955917841,0.0225645803989993,0.0188080566933871,0.0140417473609247,0.0044782014492284,0.1348994942519314,0.0010487492973165
0.1089212821864976,0.0548073631849306,0.0201273298909801,0.0675442837967326,0.1036018195694254,0.0046289345297843,0.0377958750517793,0.1268652957940998,0.0024753986885117,0.0338584199229766,0.1193172238092183,0.0007752591846161,0.0782885136443227,0.0278581989997125,0.0025306641009988,0.0681677868810511,0.0290830739902327,0.0091765160121883,0.0017337821982241,0.0993633394601774,0.0030796391035394
0.1132664606799588,0.0335163145418997,0.0505086409516239,0.0601102680826628,0.0751035269582444,0.0823134514617826,0.0580727283058075,0.071807445678364,0.0116677136747202,0.0557815851999736,0.0857850479322791,0.0004473784096951,0.0932444518734061,0.0275858639418484,0.0013623002074582,0.0058653248400404,0.0171931300548528,0.0176573442566157,0.0026533815557493,0.1335538657131308,0.0025037756798857
0.0378638453243445,0.0318214649572971,0.0630630645773885,0.0627484347523614,0.0622632420113965,0.0951125477570463,0.045405571410158,0.0463519762498488,0.0491641023278314,0.0310807757547829,0.0551449454652062,0.0012194735903604,0.1113000395811719,0.0098312065098016,0.0106704897176059,0.1047793095348066,0.0138174607058144,0.0248002816282687,0.0005296274282241,0.1397198303290776,0.0033123103872065
0.0739198468236088,0.0651908328992814,0.1031983895769362,0.0867833281789183,0.1073107378273522,0.0377305800578786,0.0216344052939266,0.0329086275009972,0.0047143779431361,0.0169888542627886,0.1147820169979668,0.0012618948353622,0.070583913035342,0.0053583914842031,0.0084018112963938,0.0550864404627042,0.0177462417585937,0.0257611237606027,0.002954191964028,0.1445015171425319,0.0031824768974469
0.0818356172254277,0.1082569333368764,0.0103140465979524,0.0777375536200165,0.16632977729377,0.0357958283441415,0.0555232596807719,0.0307773966608073,0.022613498253458,0.0710459832938511,0.0645339542212033,7.904138477966426e-05,0.048035157840947,0.0374060137074231,0.0032899540909545,0.0327560921823355,0.0369208033745262,0.0060299496727311,0.0054926334806368,0.1026436370671028,0.0025828686702862
0.1057028025846831,0.0752407075524424,0.0416862706167271,0.0712616773305676,0.1264781487119397,0.0875614974669151,0.0241546162319928,0.1131291924742414,0.0197062946333855,0.0471644986658005,0.0644458067876816,2.806766990643062e-05,0.0264853729246698,0.0015133673477078,0.007948123951965,0.0650596243842411,0.0139350402295675,0.0114252399184051,0.0040717543841911,0.0919771768925349,0.0010247192404335
0.0123689852863375,0.0476255154722506,0.0527283484228204,0.03099979178362,0.0322520021672299,0.1175387255454082,0.0078083221013274,0.160801689221441,0.0564635060069944,0.0173212760653963,0.0797651999624971,0.0013408709199144,0.1418359021763499,0.0281540625655747,0.005418215326438,0.025290542043168,0.0121311685999884,0.0061924219728812,0.0099383023532928,0.1504255561601913,0.0035995958468774
0.1058651710810233,0.0765454450181123,0.1100397193060232,0.0259754330243689,0.0665693211956779,0.0633129422753628,0.0255976633838323,0.1151908025305062,0.0140203423629722,0.0187630762428573,0.0978145944880495,0.0012275425305064,0.0512484468330541,0.021042940737174,0.0006300019719886,0.1008702519573672,0.0035667401268893,0.0151155943774762,0.0018652920520435,0.0811988448249935,0.0035398336797203
0.1649863259255498,0.0273714873764275,0.0128430505253311,0.0762244390114443,0.1658841679029899,0.0959650715840107,0.0284836772293854,0.0477011389946705,0.015117876216561,0.0089942029407706,0.1340272444116946,0.0011405574453805,0.0766564188302538,0.0010853564689149,0.0044172907997709,0.0662278792204508,0.0317816618649805,0.0058644746400069,0.0093617355679874,0.0241981783826421,0.0016677646607762
0.2131741022714597,0.0167033652919569,0.0223809173127829,0.0343191586926138,0.0650623957213743,0.0621019515488711,0.0946267968284858,0.0057831785824887,0.059910820074214,0.0341765613511778,0.1666933574358517,0.0013462703319146,0.0262983058505968,0.047900224981635,0.0033824933422554,0.075717362983881,0.003869009469777,0.0195397490760594,0.0084182845516781,0.0352609645383346,0.0033347297625903
0.0768773942613945,0.0708381630074557,0.0727131178477121,0.078018655234248,0.0248659097418022,0.0784880572342435,0.0240322465409305,0.1117488468791898,0.0419310134090724,0.0398945129943494,0.0406365974733552,0.0006695862744748,0.1435748541813002,0.0268882175512449,0.0059932660548311,0.0279589234533986,0.0205580382491966,0.0135755825774183,0.0059142471029886,0.0913306973638817,0.0034920725675107
0.1416537119972582,0.0294986595375384,0.0434596140214295,0.0628475698204829,0.1352853784842135,0.0850576876642719,0.0467908091187052,0.1248602226505251,0.0160162485538369,0.0277183338436015,0.0484059423266406,0.0008908317248474,0.0224584672449073,0.0022095038308067,0.0084375512504594,0.0473868667836939,0.0064485940073292,0.0148007382021574,0.0041205121685206,0.1300906568936287,0.0015620998751449
0.108468643329132,0.0226789072975083,0.0005056756068599,0.0538615985131076,0.1284515222138247,0.0418619479159308,0.0687748725746935,0.0092789430324338,0.0066050240641824,0.0402193974821268,0.1778562453843878,0.0004231448409212,0.0294332075297924,0.005406369656758,0.0067618401937715,0.1096871092102911,0.0306333206909268,0.0320115110454619,0.0055520134825521,0.1206129976099397,0.0009157083253967
0.0177425150671757,0.0936895754447281,0.0236742963523952,0.0582355188362092,0.1840051269668751,0.1146115540394434,0.043266810678389,0.0644243217741367,0.0159001859471321,0.0067534004249699,0.0482128082860201,0.0001532914889058,0.066642546081732,0.0345751976921581,0.0005889802055377,0.0184662252102475,0.0240426875047533,0.0054139397357433,0.0007570040219863,0.1772496801585552,0.0015943340829049
0.1356691207652474,0.0036239949008394,0.0499066402836239,0.0778138517902398,0.1257091967914038,0.0622717367772161,0.0918352407762759,0.0043638636796996,0.0312298584245383,0.0330060336866029,0.0701581668439006,0.0004807506766505,0.0300642593591214,0.0444772683554664,0.0059138175862592,0.0250090346329204,0.0387490206571189,0.0193247913974104,0.0068724837286655,0.1408647097702685,0.0026561591165303
0.2192150291461942,0.1049270248071849,0.0254942967073345,0.119245109737254,0.1252503868336918,0.046649892879891,0.0028846058023154,0.0883610439412371,0.01594221557034,0.026594483123318,0.0069757092928865,0.000100588221622,0.0443993687583577,0.0026292846457301,0.0080072336367032,0.0376541625656008,0.015658244782765,0.0012280048656136,0.0093301627477083,0.0991990506773823,0.0002541012568685
0.1356045599272363,0.041198189485964,0.0117712009182306,0.0813426304201156,0.0126693237551129,0.0667798750635126,0.078765639889899,0.1085717219663628,0.0690245975398378,0.0718330667970638,0.0458372413628796,0.0002141069953637,0.0412181984109922,0.0178651079250895,0.0074670158580011,0.0255812046329717,0.0111307103434408,0.0250200326825038,0.0069395265044758,0.1390438204947694,0.0021222290261759
0.1306291404886633,0.0319680135354718,0.0917896885940411,0.0710312363733372,0.028627349816434,0.0380252422500571,0.0313877555814792,0.0232843015584364,0.0622100534954489,0.0084332854896393,0.0942165513583257,0.0002568401777817,0.1089238898905315,0.0218705204114214,0.0025243374661845,0.0894357688045176,0.0344978966984428,0.0239237734662662,0.0015992487592813,0.1030110313311998,0.002354074453038
0.0289645369451737,0.137706399697339,0.0014249695671327,0.1020888743179437,0.087059673865675,0.0597981196267049,0.0017337793205191,0.0034081659093117,0.0864789419611862,0.0672677181487212,0.0013146072765258,0.00081145287968,0.2398502099530626,0.0299916588798278,0.0139155581493651,0.0856979034183255,0.0335139674178739,0.0070078037815919,0.0090959235816855,6.930885167620486e-05,0.0028004264506774
0.0465722974964507,0.0369847323484935,0.1159798471261249,0.0456106482596844,0.0251897707301541,0.0024998415372295,0.0033101070335211,0.0414980828191508,0.1092576220085379,0.0407362486925201,0.1585044206893225,0.0016103909988114,0.1253056341527011,0.0310361448306158,0.0119699099919666,0.1195590605463519,0.0049403460003058,0.0244467826814605,5.355134095866904e-05,0.0492180731944501,0.0057164875211878
0.1448089846429819,0.0354381570626608,0.0884774807077007,0.0364237494538292,0.1316094634657394,0.0773159661130706,0.0331008773985774,0.0399889596251672,0.0071436784709772,0.0286167136774713,0.1027615823947745,0.0001743934941249,0.0335960386180182,0.0122387816942048,0.0007297702505286,0.0727028645645632,0.0283332026471313,0.0016341095207992,0.0008082700269955,0.1209664613447007,0.0031304948259822
0.1248172831572527,0.0724391770333928,0.0467760781837351,0.0285254411932791,0.186013561279622,0.1107370054048892,0.0817603818108709,0.0478326053067999,0.0583733216485019,0.0148074295560273,0.0846986804012992,1.7914286342729077e-05,0.0224780225881918,0.0036470120012333,0.0025780823652,0.0054138939487391,0.0242363553819779,0.0146902444773432,0.006301778446673,0.0632820308658119,0.0005737006628161
0.1281821041952058,0.0961913924546715,0.079641128988951,0.0371940609708936,0.0926535317636044,0.0779790399278669,0.0163432061886763,0.0974821644538579,0.0416641672998092,0.0087361401180976,0.0849541955509647,0.000973663328925,0.0723684162987989,0.0371720294513325,0.0070392751310599,0.0417558240570435,0.0088925158893539,0.0207495283299244,0.0047013382353478,0.0429462726110743,0.0023800047545397
0.2721055576616334,0.0478751596855166,0.0759606533382501,0.0136016687899305,0.0474767328630168,0.0511035351886433,0.0253042743577503,0.0439117956932475,0.061612599924774,0.0627031060069093,0.0446197322039601,0.0018096196311557,0.037049910218122,0.027688949653368,0.0126859359599283,0.0919009877647905,0.0478031709597273,0.0027869892667682,0.0092030967223179,0.0179267472719797,0.0048697768382094
0.0353184551776827,0.117129449738648,0.021249956576219,0.0008647728871261,0.1440394041931175,0.0208949549313476,0.0729929564259467,0.0909154922357896,0.0546594681943751,0.045761964908785,0.1467953416319585,0.0009075753498638,0.0018594008681349,0.0343317910971583,0.0017669688541466,0.1031243951010286,0.0270434091421645,0.0044204572674045,0.0030203180348473,0.0696309101668017,0.003272557217453
0.0659704076211612,0.0825679419613286,0.0391606723392999,0.0799342956803941,0.1291007648860977,0.0814040710399152,0.0011121010547637,0.1365239983743823,0.0470528322883927,0.01007188933599,0.0202589802585875,0.0008445546033451,0.1282731548748589,0.0121904979228536,0.0108813978003911,0.0046721648764914,0.0097856211534707,0.021901108519411,0.0064852920424882,0.1098588056539537,0.0019494477124225
0.0988460069536274,0.0617330641648047,0.0337415081267593,0.0643745570392561,0.1289137402233618,0.0353200479412587,0.0013974770127811,0.0490532586043166,0.0232905964970925,0.063842045457836,0.0939369945186804,0.0007826182777455,0.1006366723264444,0.0321043908990079,0.0039574038865174,0.0686424473220251,0.025653510613404,0.0089375226274956,0.0048884112579206,0.0981313157558661,0.0018164104937979
0.0934005410849546,0.1112582960841455,0.0323525495080628,0.0234069059768361,0.0535455925259436,0.1155414620033425,0.0692076148159185,0.0705633456424493,0.0447835924080748,0.0205817570660646,0.0618569848267173,0.0004971833376197,0.1537590121930819,0.0349349581186976,0.0042614717125908,0.0212851438493207,0.0150134488931392,0.0029710940076459,0.0096076987263377,0.0581391585469969,0.003032188672059
0.1209076292018661,0.0562613969892898,0.073144366038497,0.0778461420229554,0.0743849886223687,0.0290660189697443,0.0614174254704834,0.0812372752873949,0.0054684447380568,0.0430949256617962,0.1126673065107685,0.000272888204861,0.1344478158455822,0.0159625570349811,0.0031215290322458,0.0398582570853885,0.0023165689555327,0.0148135928718227,0.0001417291579277,0.0499680717407055,0.0036010705577304
0.0357636688473345,0.1022140076141606,0.0948966461341581,0.0565714204645372,0.1262052369965919,0.1077810376773672,0.0196174868270136,0.1112329433840127,0.0283577225841109,0.0737690502962105,0.0005088332897249,1.4520067695608718e-05,0.1316475479335001,0.0313350939084981,0.010580580670972,0.0395493679228487,0.0059472379666591,0.0069983972489652,0.0096469048189499,0.0034085292874222,0.0039537660592664
0.0920458895778461,0.1107189073531914,0.0393502938287702,0.0297800521123059,0.1619317335650807,0.024026356839314,0.0259682247677118,0.0588593166655124,0.0080104682006802,0.0684118682396712,0.0820045756867966,0.0002340036039297,0.1054430079516971,0.0377878339363275,0.0074382604817064,0.0609654599150354,0.0288477298134644,0.0183021996805288,0.002156868738218,0.0361389827688784,0.0015779662733331
0.1689143052812301,0.0083620335167725,0.10568869741335,0.1129045085020997,0.059846676127098,0.0708751278112792,0.0159467215966805,0.05023151707183,0.0213552888652008,0.0578810752507339,0.0504099217771671,0.0014269303666912,0.061700762028083,0.0168043623177714,0.0053809215264108,0.0202342514691971,0.0339190596953228,0.0025520748157979,0.0017661452419337,0.128955981286169,0.0048436380391802
0.1367569084530457,0.0054271003114042,0.0368984584508439,0.1272293317978551,0.0575589732686728,0.0079979701330809,0.0022658428241764,0.0748802301852508,0.0214216907875479,0.0090408647993036,0.0807073184244416,0.0004341046586785,0.2156395917430509,0.0063993643838244,0.0106410230058875,0.0607707516818878,0.0433526149537237,0.0081258740848173,0.007602232426038,0.0853525676786329,0.0014971859478351
0.087064093952831,0.047914618676583,0.0216913816660432,0.0142234423410419,0.1359604297901177,0.0265026446787443,0.0651850020423206,0.1625654212536037,0.023349396779948,0.0223564710526744,0.1171806215027678,0.0002490303642139,0.0173876807925971,0.0365539710692011,0.0131176000914393,0.0138216473010104,0.007665784552567,0.0093136487721642,0.0042643901753903,0.1715901484859567,0.0020425746587832
0.0679629074493352,0.0410521016996143,0.0859132886010949,0.0719383845095256,0.1065661859789211,0.0051499442974252,0.0306728866296061,0.1295574952579443,0.0505800212377992,0.0036477969444369,0.0498628168755632,0.0004898490469242,0.1321361751708384,0.0233660796731623,0.0073514410760211,0.0507232814452967,0.0162359579333807,0.0179799796402037,0.0081550429881834,0.0983862433470065,0.0022721201977157
0.1194274679510373,0.0689135224718086,0.0754106174875803,0.0372273810100023,0.001753155862917,0.0854575445257578,0.0454224943200098,0.1103358613200987,0.0088723302122383,0.0497588033231905,0.0944389509561284,0.0004020722202532,0.087294983717724,0.0298816672823925,0.0017225007959913,0.0354616997092671,0.0157655323656994,0.0153968690699234,0.0015385206039946,0.1130176000511501,0.0025004247428347
0.0016221421488305,0.1013296237161243,0.1174941052812778,0.0624387541108979,0.0194127901187413,0.0649118812456798,0.0316875482108962,0.0497896826445291,0.0415387471754082,0.0177346482326067,0.0824478625543933,0.0001600636372389,0.111432399053912,0.011732833704458,0.0035228919620981,0.0962888395564768,0.0315095205853645,0.0177111495177144,0.0077124969777058,0.1268406857195565,0.0026813338460886
0.0683234950183479,0.0865407820372753,0.0787151631140739,0.063052537347489,0.1245519865358732,0.086509524863685,0.0383702842635014,0.0719439216582924,0.0381930427821632,0.0210631367867664,0.040575096644419,0.0006006131010702,0.049872333195115,0.0044814861133225,0.0045624309106075,0.0851698048963389,0.0319314305737735,0.0198197110282009,0.006242589432121,0.0771165934528898,0.002364036244673
0.0798748692277452,0.0512917715961819,0.0678426279404932,0.0844271002190237,0.0447525930925759,0.104611331435144,0.0507901391437665,0.0191442523672934,0.0387189122174962,0.0431362823598115,0.1423289239626187,6.60898952411263e-05,0.1780723222627507,0.0054350940523861,0.0002147625787016,0.0064286261896851,0.0055535269713867,0.0109262450062825,0.0069040197807463,0.0578140552365783,0.0016664544640901
0.0695388059684896,0.0535556576672692,0.0849031755569789,0.0855670204539633,0.0589760628066798,0.0694177304983729,0.0670284308982443,0.0801456617792801,0.0154268351495078,0.0534676812315431,0.1233619607349279,0.0005815759351433,0.0704401020428108,0.0302199868613926,0.0047056684647886,0.0617379422454811,0.0160687472439139,0.0162631787443035,0.0084148110926953,0.0262394280905643,0.0039395365336488
0.1509694987981961,0.0875627361650853,0.0169836679638568,0.083411069352846,0.0959427889015412,0.0950072490582041,0.052458512071104,0.0022952662788488,0.073345255981278,0.0804158917290571,0.0019682537352249,0.0010080930665844,0.1025620789295911,0.0248554775327902,0.0015253524273805,0.0655429504293216,0.0067626675402157,0.0053998384713088,0.0104901743641565,0.0371902757502772,0.0043029014531309
0.0268205216191976,0.0715211964669485,0.0382439214254798,0.1043665474978508,0.0767307035300692,0.0301313100637172,0.0678380765147292,0.1063120156267679,0.0141431254428641,0.0349658029668572,0.1169530643927744,0.0004387324863508,0.150989743185876,0.0310432008688384,0.0046704070406134,0.0697242291081601,0.0111797144464675,0.0200166928957456,0.0019926159008486,0.0184384279768292,0.0034799505430137
0.0884753985868538,0.0585485079057262,0.0848743925697873,0.092048405242794,0.1822219713950145,0.1099466309630466,0.0439329521187978,0.0395836602622528,0.0423306965937495,0.0144988579561492,0.0060107742857144,0.00059672478267,0.051758988501152,0.0288461359937088,0.0091114699990803,0.0459003182961113,0.0133115206904226,0.0230224843145905,0.0104038035226247,0.0508834733680933,0.0036928326516594
0.099428690975821,0.0093464467660986,0.0520427362183993,0.0524512369636535,0.0942321522888851,0.0850275484499487,0.034939073215106,0.078574996594056,0.0473342743806878,0.0122530043971566,0.0944328697714173,0.0001719539150186,0.1133842033541409,0.0280264538941473,0.000927873407435,0.060036426760515,0.0095823311299619,0.0050920236465526,0.0004763339053654,0.1200561435648513,0.0021832264007811
0.0972824008792506,0.1053815137801284,0.1061523037073292,0.0079217599146228,0.1079040196554832,0.1149346492923797,0.0588446792429116,0.0729881464426192,0.0194393055615504,0.009361166259759,0.0035624479895583,0.0003051379747532,0.060014001588246,0.0257980579291638,0.0043631971083847,0.0311569922353954,0.0099512022989574,0.0130686961141278,0.0095286610924876,0.1388643476337278,0.0031773132991628
0.1276766364932149,0.0184544112170182,0.1000625152128011,0.027137264358682,0.0158451652921846,0.0755036720795685,0.060849558406363,0.1386067091298237,0.037892319957873,0.0311229383158088,0.0159490540482216,0.0012667207710445,0.1458645646386755,0.0478734067430844,0.0010045802787504,0.0772934713184941,0.0420659232198969,0.0181501682563444,0.0103245792984311,0.0024452770343144,0.004611063929404
0.1196793772974277,0.0560849108472575,0.0174114518475352,0.074005168614272,0.1025939008327704,0.0574175908139232,0.0282705184004267,0.0064541170490073,0.0546703217641321,0.0304561109987983,0.111812190909176,0.0005006620945708,0.1339181294771165,0.0272277615590904,0.0050116128239996,0.0810670297847414,0.0074507088273361,0.0027729887883342,0.0006642123540658,0.0793003684216927,0.0032308664943249
0.1209154307889223,0.0209384462723951,0.0210639638627284,0.1159783869493359,0.115149135637648,0.0265988045602198,0.0781501052393373,0.0436468461830641,0.0220169354910682,0.0328986820139517,0.0179801998431905,0.0002258762203001,0.1245819388418796,0.040615230385815,0.001377648635347,0.067828079780641,0.0189419136108822,0.0162743529007206,0.0033299408787079,0.1088085814228705,0.0026795004809737
0.0543407777659532,0.0199583975606764,0.0979018321669698,0.1149378941951674,0.1046739467782837,0.0207482014093747,0.0106923351809336,0.0511738809252245,0.0400042424585046,0.0359442370511952,0.0267360488066375,0.0004531212121532,0.1891581034541829,0.0142449720428173,0.003311974369936,0.0988341383885357,0.0069411028484583,0.0048562454180423,0.001229511456833,0.1005328134935534,0.0033262230165665
0.142446728142385,0.0109798420409021,0.0631694311606103,0.0775367281088152,0.1633647841715416,0.1124838149313999,0.0333621825164224,0.0021939794225274,0.0046140986485043,0.0622229805187035,0.1134193998503839,0.0002794819406395,0.049877074659954,0.003711652700292,0.0094467646872628,0.0327951861184829,0.0056716292771166,0.0043931868864339,0.0043761081732605,0.1020843098398792,0.0015706362044821
0.0856099553174874,0.0369846379178189,0.0336894950875861,0.0808105169355901,0.0021544709984776,0.0328527967396652,0.0777756015534517,0.0924948569377341,0.0188801670516586,0.0775051005922706,0.0609741451010548,0.0014262214403397,0.1706937630266018,0.0261819401730533,0.0012006981451759,0.1150627948274121,0.0049096718364633,0.027348219889679,0.0047058757997429,0.0452689113781558,0.0034701592505801
0.1357367609576673,0.0324072563017957,0.1188777781969005,0.0687398366578463,0.0019885190211582,0.0359533734512223,0.0750550275334692,0.014729242390181,0.0298187289493127,0.026865399221546,0.1256635783304001,0.0016039382366215,0.0011759151088881,0.0359967993639735,0.0029738539635258,0.1299478700451106,0.0130215652709096,0.0113437767700213,0.0090025909178502,0.1237718934127267,0.0053262958988724
0.1034044221747654,0.0499405269753442,0.0999397734687348,0.0291003665199428,0.0020458228740722,0.0886341582171315,0.0218106092996872,0.1310177516505621,0.0621900743474532,0.0260252156714375,0.0394623283405014,0.0007703379585888,0.1094302084016096,0.0203420096852543,0.0040378514771229,0.011602271139866,0.0363593428848852,0.0172348004167729,0.0062461416394716,0.1374551827333073,0.002950804123488
0.1234378853546009,0.0799390190122645,0.0836001424022308,0.0082786412988343,0.0826424112240963,0.0767220550162087,0.0489515696833249,0.0582893800915954,0.0301542734378991,0.0429241845015885,0.0697193190153191,0.0003617556993534,0.1075102714239736,0.0067364663579551,0.0024480729138327,0.0573591684153311,0.0171933468700934,0.0165162613935963,0.0047457065395492,0.079810113018887,0.0026599563294648
0.051755792465019,0.0791510886351927,0.0648975628261584,0.0536698111189818,0.1071654946090707,0.0889182667329457,0.037123692098071,0.019351503467872,0.0525910396776856,0.0452697415546713,0.0212439284535621,1.2136845978441403e-05,0.1389798618820304,0.0179142053748051,0.0085675460893463,0.0417400434939821,0.0267431339445017,0.0010050905362462,0.0077497235254669,0.1329103525566105,0.0032399841118014
0.1149659658388497,0.1092489861559011,0.0829868025204681,0.042883653913938,0.0413467474901771,0.0909333015285284,0.0162318829140365,0.145097053058962,0.0004148474408788,0.042443484130334,0.1088955443505416,0.0012158888397435,0.0442426984358289,0.035500139216179,0.0072226063665754,0.0191968549320947,0.0042760110794073,0.023276003423605,0.0078197856731496,0.0571242735878767,0.0046774691029237
0.1447444272495811,0.0871174106788081,0.0662626688231043,0.0526718913955361,0.0466342662912203,0.0085236766279392,0.0414284271500445,0.0054588611795499,0.0030427100829625,0.0270013534088058,0.1316544986707826,0.0013745122385186,0.1705805966220904,0.0113373051976883,0.0094942997116932,0.1234762126324753,0.0011499925905856,0.0301044995543732,0.0061424790070363,0.0289476876803537,0.0028522232068499
0.1326781901172581,0.0310167641364674,0.0996501021146868,0.0275078229493446,0.094603340378309,0.0147624819791883,0.0260722192819806,0.0857810186717298,0.0502986885634651,0.0622858541762299,0.1114022663000496,0.0009215082193068,0.0769878615717211,0.0052697274726351,0.0002303394932428,0.0389475833042274,0.0027925263137694,0.0090408789042392,0.0015916648562174,0.124713725765223,0.0034454354307078
0.0407039358862369,0.0158266957316907,0.0233308381854357,0.0146031599752909,0.0537805094227932,0.0364549925686941,0.0834555117338546,0.0649483136073411,0.0260480332428305,0.076326404936431,0.0839421437589081,0.0013740344858151,0.1758964919851479,0.0243361947875197,0.0087417379969827,0.0324342352526614,0.0440988253240648,0.0027924194603394,0.0107631213448549,0.1755262257828788,0.0046161745302277
0.1132535264293121,0.0568352757593139,0.0654822042692385,0.0084018401866955,0.0958714909217264,0.0688253942587803,0.0376439623050055,0.1002795439952085,0.0538709022100091,0.0410222116860878,0.0033026842627576,0.0011538799543921,0.1273093238745916,0.03117306021136,0.000559628984938,0.0281995005767777,0.011125193828515,0.0010252954203754,0.0022370038558907,0.1491387599142871,0.003289317094736
0.1487058298788227,0.0222541315476129,0.0338944182184438,0.0733356052576766,0.0137764400354726,0.0084288620690293,0.0382750135176285,0.060184946890886,0.0222689345862942,0.0487264308916389,0.1173753910885425,0.0006918374568839,0.1392011134990062,0.0069435637552375,0.0027629845374906,0.0884046637866766,0.0159111995611132,0.0156512031099036,0.0071190260789264,0.1340809252539956,0.0020074789787175
0.0098739643995449,0.090214287158624,0.0963638102620916,0.0721956177461501,0.1463968356404144,0.0060695459080032,0.0684195246115792,0.1189923088791204,0.0222266018403808,0.007687750582896,0.0821651575820748,0.0009961336094577,0.0748713495646378,0.0306003018199562,0.0053599415093586,0.0025596021812185,0.0117096241206617,0.0174342210597963,0.0046754424158496,0.1282450362062258,0.0029429429019575
0.0819774149113872,0.0555069149962406,0.0396784616991927,0.0786150678318518,0.0814145538843993,0.0106710574378341,0.0723793719029212,0.0745181046718063,0.0566259545849685,0.0587331249525146,0.0354005449415,0.0013252096989341,0.1270691049815457,0.0076398983706842,0.0008757658023724,0.0389109111845499,0.0143841782383791,0.002579863968187,0.0048609939370567,0.1545680944963241,0.0022654075073491
0.1020224821450011,0.0427213172951954,0.0329408731772215,0.0742170531846067,0.0960903680052963,0.0326831656647974,0.0626953806197248,0.0555253115243794,0.0118447476589892,0.0536554832308247,0.1186425240151638,0.000570560877344,0.1377305263738296,0.0061519134650179,0.0040988727369996,0.079245861862737,0.0019471251464997,0.002522213811481,0.0010896715152496,0.0814205944770071,0.0021839532126331
0.088238671770959,0.0882582456390373,0.1107990202832201,0.007596813245766,0.0482839917524928,0.0214754581956955,0.0396864232874736,0.0733599539947328,0.0636969820982694,0.0730956197996517,0.1008458862597062,0.0008406849215148,0.0438455582883437,0.0217480246370721,0.0092623854243795,0.1189435539309818,0.0027359011392993,0.0041176177778165,0.0022836238857851,0.0759787212359696,0.0049068624318322
0.1099873846804775,0.0441268661511133,0.1246385991492242,0.0888120729642691,0.0949895853847782,0.1007925474965585,0.0416788105022872,0.0850602204207415,0.0298231315327097,0.0094542851028673,0.0753541163871825,0.0015150301088541,0.0201125519660462,0.0127136023808781,0.0010702967710699,0.027808877011685,0.0396024528258982,0.002548086631941,0.0034023151722821,0.0837014904708802,0.0028076768882552
0.0437683942981017,0.0798616391772489,0.1383182922480388,0.0252239855423225,0.0150037120471294,0.103012416084429,0.0338093187954402,0.1341063910067726,0.0626827621850307,0.0347194083654906,0.0516171342290684,0.0009398369298538,0.0633780738929311,0.0359159335288044,0.0037204635766155,0.0414767778117072,0.0045530096430506,0.0157903112199691,0.0092005615149242,0.0978586672932103,0.0050429106098602
0.0016800889293101,0.0231498622234184,0.0929998458399766,0.0955957741774374,0.0647544904523543,0.0482624889696562,0.0423049201326685,0.1284506038159668,0.0902033878057683,0.0475629466682288,0.0599000627586099,0.0008582170449596,0.0542019773379622,0.0052597693603826,0.0114112127982938,0.0723707091407438,0.001438864336412,0.0174401327908294,0.0081089824066025,0.1317884238489519,0.0022572391614654
0.1382257012064369,0.0020953888047602,0.0565204985654047,0.043942026765604,0.1090773946025399,0.1165943928828367,0.0639664238485414,0.0754469086700289,0.0335704684734472,0.0059655177863476,0.0245584621233746,0.0006717504424175,0.0010114456467912,0.0369614144970926,0.0046036927591704,0.0841928222538775,0.0098418756784486,0.0189618692156607,0.0005587587801764,0.1709527923753361,0.0022803946217063
0.0071128687050829,0.0366197787338541,0.0189006755614915,0.05618331244835,0.1569003621824114,0.0072130604136593,0.0290533537514805,0.1029159283061272,0.019903520421667,0.057345712283209,0.1186134192912757,0.000449914838416,0.1621754783642263,0.0016119012288938,0.0022513295706004,0.0885890380806101,0.0303206384291403,0.0140742840571025,0.0077489582340239,0.0803747858696262,0.0016416792287508
0.0978789770510444,0.126210136618747,0.0538850227887449,0.0207565160385123,0.1779964826984196,0.0706514745683281,0.0695240072101327,0.0256481203454719,0.0449731589155777,0.0591256642610777,0.1168212260752779,0.0008478778049468,0.0073270028518089,0.011411846665672,0.0008902258126632,0.040029872473759,0.0057773337030843,0.0210162428566899,0.0077694275415713,0.0384802914196425,0.0029790922988269
0.1276294970189616,0.0814823436179886,0.1444768618222243,0.0055934552414929,0.0418727500045929,0.0827530503715021,0.0701403822243212,0.1844676430718733,0.0181733879829193,0.0883123649010114,0.0027215046418163,0.001371813425505,0.0007298960926058,0.005109625360183,0.0043743955643318,0.0004258246629438,0.0413211047352428,0.0186150743731408,0.0006117628068141,0.0748893861620422,0.0049278759184858
0.0823952844386079,0.0218872343478948,0.0650440232272397,0.1072158505884914,0.1316474153413955,0.1060303413863794,0.0653907275855402,0.1088856581922649,0.0009185653968701,0.0077435605309252,0.0404648944837656,0.0006376291740091,0.0065303575771036,0.0336203384486768,0.0061740781007607,0.0349756408371195,0.0052536992275453,0.0171692092117105,0.0082327103434915,0.147218657873553,0.0025641236866538
0.0355396578192543,0.0442445969999977,0.0268426230836812,0.0801702159145748,0.1190764119460652,0.0576814932546793,0.02456346877922,0.1002874226315259,0.0232629413772923,0.0273113665467841,0.1269047799005709,0.0002805532309004,0.1729804493373095,0.0085461814659091,0.0012560095908671,0.032957708021814,0.0281622487063142,0.0198280841628227,0.0069313867950489,0.0618527575331348,0.0013196429022326
0.0712865117510096,0.0332635829021112,0.0388650393078379,0.0485459233029444,0.1464473451442774,0.0890395499029794,0.0653942835134474,0.1266885050575097,0.007746129830442,0.0076422531514494,0.0358504332115623,0.0012222199550943,0.0055006677377237,0.015417132650082,0.0086544958995719,0.0877119241924207,0.0302701153426627,0.0060902598515929,0.0061260076288955,0.1661350709666831,0.0021025486997015
0.1022676736863692,0.0927568718092329,0.0701747104311523,0.0280608370170632,0.0317764453342776,0.0069067702371226,0.0565176751005251,0.100824187319293,0.036356614566647,0.0575781766312736,0.0602508185923786,0.0009742993380543,0.1820425454441627,0.0137533864552827,0.0079512475891914,0.0896974862574855,0.000185421084726,0.0030577654497642,0.0027693815358517,0.0527877308525464,0.003309955267599
0.0097429388726567,0.0427210201475361,0.0994260990155237,0.0696742451754404,0.1080748398425628,0.1253566951403862,0.0200724674976825,0.0519760632312271,0.0587864018283835,0.0516547504770401,0.0195756297596693,0.0005159933948513,0.1141618443900416,0.0138752320035403,0.0095057771716366,0.0525187263594431,0.0305082928965845,0.0224885012306904,0.0021542349261496,0.0937194963814753,0.0034907502574779
0.0763623281110574,0.068632259276926,0.0835164551438434,0.0551201077856275,0.0612683026053921,0.0813382142885368,0.0492526757832963,0.1025437865438689,0.0323695709246826,0.0557934978276805,0.0097207574381095,0.0006706813861648,0.0971618452072164,0.0128781774358868,0.0050352554235522,0.0551377044306972,0.0120960752854505,0.019134915799208,0.0010732359371426,0.1174514941346847,0.0034426592309747
0.1623403088930807,0.0043439165703035,0.0518802057573161,0.0220607839968227,0.1831577122927399,0.0410842013195566,0.0857469049096693,0.0395370169080156,0.0324894041331861,0.0090921895448383,0.0501757980794503,0.0015301987006642,0.0744549720336813,0.0360078911716893,0.0064984634285086,0.1138187366964138,0.0150713478307067,0.0314159411079228,0.0017465287453684,0.034445946916758,0.0031015309633067
0.0982468928378154,0.1104941155819254,0.0842936488198838,0.052565084887425,0.0179387695813479,0.0704455894314768,0.0161703635867446,0.0665355186108253,0.0453276758832403,0.0272956938226307,0.0431451439878337,0.0001242720960172,0.1146582326349683,0.0110926872867359,0.006809962288176,0.0787596965072591,0.0152229958666275,0.0091634816816441,0.0085552932783049,0.1210896064312927,0.0020652748978244
0.1813038295023005,0.0142524792872443,0.0074078667968141,0.08061500566988,0.0083689526473976,0.126423522940988,0.0263622578755224,0.023959197211972,0.008483002653489,0.0509464311692058,0.1269843813363254,0.0001282184643483,0.05883712802012,0.0297829092706866,0.0115055475174372,0.0795265808618443,0.0150084821252764,0.0008992465016504,0.0012916000256205,0.1453138844163891,0.0025994757054873
0.1426455983555158,0.0878360373595018,0.06937757809898,0.0589923866570676,0.104176604574215,0.0252591625625262,0.0714388353442864,0.055903309534166,0.0386391017051487,0.0252028332202686,0.1202848524935144,0.0009381854945755,0.0085028007452397,0.006282787401505,0.0004131065026817,0.0928634764688762,0.0202845498925544,0.0122222733902041,0.0085951435036827,0.0475861625731338,0.0025552141223554
0.0175728620729784,0.0639484855932926,0.0842609947122898,0.0076501350095885,0.1767191936278579,0.0816189499362929,0.0558488613609793,0.0419027707972988,0.0063826268957119,0.0425061321069622,0.1139799927621381,0.0001561968195612,0.1021028158025528,0.0061795952474847,0.0022077742837074,0.0602195419626513,0.0187566963860144,0.0113359548276331,0.0030365908822169,0.1014699625907508,0.0021438663220361
0.0899370454181593,0.0803154462605185,0.0771448805927444,0.0646734647405466,0.2349686872770971,0.0412737183549529,0.0406902741105158,0.024859000903594,0.0320532753983134,0.0078319089821394,0.0083645086154316,0.0014489793268897,0.0379294887474299,0.0240124365192384,0.0003454261902717,0.0154013863973034,0.0053316148201453,0.0031683616250512,0.0123793871460659,0.1947275885507369,0.0031431200228535
0.0953478710097039,0.0699193519742544,0.0047389536070397,0.0824855044214845,0.0882278983253342,0.014817533632375,0.0607998670147131,0.0363275071280325,0.0684755755812093,0.0040847668909076,0.153199504260373,0.0001902026110153,0.0997839243141269,0.0345735317046732,0.0010621884970159,0.0666036980434524,0.0006264842857584,0.0071716661365926,0.0034990484373928,0.1072320087314009,0.0008329133931434
0.1362595222337191,0.0529192655539055,0.0192885147304502,0.0689424635459411,0.036936442291501,0.088141700846265,0.0462215217846934,0.0725648692081132,0.0035197175037676,0.0129083160899689,0.153227956175182,0.0007701047978452,0.0641498676279734,0.0416902331476642,0.0033867819802163,0.0033606929848878,0.0351666129267338,0.0235205941189146,0.0060551716321144,0.1287735807216275,0.0021960700985147
0.0622163013520595,0.0484325287000856,0.1025021787824242,0.0397045929686841,0.1527566709439181,0.0971229930294228,0.0428237605220075,0.1308078696689938,0.0178139187080889,0.0013411207268139,0.0482817960243496,0.0002705286025614,0.0706987090547872,0.0123847527614226,0.0046775118539342,0.0734205490462982,0.0086358998856694,0.0031537904258038,0.003475466898168,0.0774987687554354,0.001980291289071
0.0533234013426365,0.0190140699035445,0.0725623679022924,0.0805389309221854,0.1734416597359865,0.0632546161881161,0.0022162346188643,0.0382696051751449,0.0178991652048143,0.0071489570256815,0.1001662734600816,3.512097866901678e-05,0.1459158672430061,0.0213368070782387,0.0058756552148429,0.0944831885591838,0.0262724379841649,0.0119560534696501,0.0049271344643308,0.0599519907978243,0.0014104627307406
0.0971283856721821,0.1111160540691726,0.0459587550618639,0.0964984723230365,0.0418251425921099,0.0475934338795768,0.0828634231292803,0.0691743735947152,0.0287123008103887,0.002810204090296,0.0901342557236445,0.00042591379827,0.1879179785653447,0.0092468866473778,0.0069529349012606,0.0175331811906366,0.0287879941784983,0.0131862566428885,0.0047044225189181,0.0158259697805842,0.0016036608299538
0.1584845022145973,0.066775818797064,0.0525740631953083,0.0361742296776703,0.0066046976504843,0.0029158835952448,0.0864774813983791,0.1127943025506292,0.0446663959718392,0.0788816352494932,0.1426728767787417,0.0015387622805664,0.0234462471144062,0.0235214505484567,0.0093452741596762,0.1034559885015095,0.0065069497675242,0.0019707681033506,0.0107419698548902,0.0251600657261492,0.0052906368640187
0.0902087953612745,0.1392264277571271,0.0035639437807846,0.0800195480547567,0.122200403383692,0.1404247993947761,0.0464678883197568,0.0843856652314475,0.0058017884844523,0.0552547613043455,0.0074854012731807,8.088064995360495e-05,0.0105237694121903,0.0033575644282826,0.0106476989532326,0.011371446477241,0.008585527581611,0.0289895500260131,0.0096334231322623,0.1402912773925865,0.0014794396010323
0.1159090230903901,0.0794173326337974,0.0135572744726926,0.0262979408109885,0.1810430597047599,0.0384765376250055,0.0229470770038722,0.0125704665963761,0.0646785424870123,0.064630119876069,0.0996471988210326,0.0011734888143345,0.0832296045306998,0.0050831187843323,0.0009535312377129,0.1113070345934647,0.0382151550218465,0.0213351849120912,0.0009661956340436,0.0155989300541419,0.0029631832953355
0.1165814301103509,0.0963686661095809,0.0226128294853274,0.0465261110497755,0.1525499183142645,0.0610397345352461,0.0387940510837109,0.0522000440922535,0.0527148187078835,0.0183125888558741,0.103281347863238,0.0004039181175281,0.1353973988033782,0.0080466207337383,0.008775191887589,0.0024108897516444,0.0005328819126695,0.0213238711978648,2.2172100390484388e-05,0.0604142314902689,0.001691283797422
0.1624225854769771,0.0314952581857481,0.1126373048634787,0.0278409944188176,0.1524923741480019,0.0986016584353564,0.0268689999562932,0.0355511960798098,0.0362635544239861,0.0415556444138472,0.0227490258546548,0.0005143695638262,0.0003789005940949,0.040601469830803,0.0039490354365179,0.0933632243169553,0.0351452545084107,0.024900197770945,0.0056788987562533,0.0427414120650209,0.0042486409002007
0.0438932706271318,0.0240808791396944,0.0519820982192367,0.0804694636452834,0.076716431267067,0.1206248627407417,0.0468178397297519,0.0706464608021867,0.0128123707288032,0.057984285605115,0.1137719901873444,0.0005557581792808,0.1880290703147346,0.0229274965957908,0.001808856433957,0.0069730069559907,0.0051336019667994,0.0245514538100199,0.0037036680933405,0.0433131742116472,0.0032039607460816
0.0871786256735481,0.1261875731347656,0.0927063927354317,0.1248732029089081,0.1144157990352485,0.0925489181820435,0.0760103690026416,0.0218477139628976,0.0577679442317561,0.0304917732293672,0.0019205953383441,0.0004520748226554,0.0876920806474184,0.0079115243994229,0.0076888192525894,0.0074307490374144,0.0009986574926719,0.0003838844694613,0.0045173909264721,0.0543845113992801,0.002591400117661
0.1176485421230859,0.0963019889606504,0.0462388512845482,0.0083603098138079,0.1602614282579504,0.075936653136146,0.0270870249821232,0.1408720515913969,0.0105575919144429,0.0450329795027009,0.0365659120274251,0.001217692444919,0.0516377782714419,0.0087149234806488,0.0069744559233945,0.0015363940813167,0.0259292589348703,0.0188387420791077,0.0002386228092219,0.1166810741932226,0.0033677241875779
0.12119579910744,0.0157959925212567,0.0866301261835896,0.0721340660659624,0.0379305310428234,0.0322851193065192,0.066587516679992,0.1347198150083909,0.0165388680622751,0.0715996474270472,0.1229981725383357,0.0002219383123185,0.0114528211634534,0.0140814311014756,0.0082637403991365,0.0809324445690113,0.0096749921069694,0.0046524216447192,0.0035084772352857,0.0855777221800437,0.0032183573439532
0.1697029228140531,0.0066448356958569,0.0537955166663637,0.0502904888440522,0.114632538447603,0.0765493134733898,0.0321024046904357,0.0501898454151113,0.0106167138408352,0.0374388591686181,0.0397259406453767,0.0004155895248966,0.0864569874459648,0.0356010852163091,0.0090573023895041,0.012643542238201,0.0288930141440529,0.0151548956218053,0.009400794632209,0.1567455476648293,0.0039418614205311
0.110904648391495,0.0557347759191808,0.0092085529698556,0.067340560943783,0.0803097758633503,0.0527437017004816,0.0542086855714419,0.0440472411207288,0.0497924211865155,0.052930289444742,0.0863958627070429,0.0002013895116895,0.202186600123227,0.0301720663735851,0.0068220294628812,0.0355908581014852,0.0034109020419972,0.0097809990246587,0.0102636170290023,0.0344540390085647,0.0035009835042904
0.0624177538387721,0.106947839143771,0.0533860536981213,0.0614747513608092,0.0555925218885855,0.0265295806990905,0.0497906601260094,0.1246795909433288,0.0202940080314672,0.0234927508930455,0.1100223420405794,0.0008237095272124,0.1377386722284644,0.0091670782913285,0.0050288263039878,0.097704028909824,0.0162795343561067,0.0032267523574367,0.0083490388881737,0.0247641074456749,0.0022903990282097
0.0344121449413707,0.0334067033429178,0.0550719337608218,0.0334654231773412,0.0105587193233556,0.1149005452364565,0.0324223378626231,0.0499905556017881,0.0305810759868481,0.0642177279992758,0.1132628749854636,0.0002777852852994,0.0729259184659454,0.0179975813061883,0.0039663422190971,0.1370863447783094,0.003032515251858,0.022013266136337,0.0086572584714889,0.1591748499615531,0.0025780959056599
0.0707280740531644,0.0610581513194803,0.0984027771036358,0.1118719757309906,0.0983917841049915,0.0139843854910213,0.0576020548799438,0.0682785529000646,0.1011524666869154,0.0013072485078075,0.0182448542116015,0.0018939531722242,0.0465718543703013,0.028704081343672,0.0054186571673341,0.0313804550256509,0.044959159916617,0.0365845169265274,0.0144276522874852,0.0845777545815044,0.0044595902190658
0.04404234578997,0.0499355089486004,0.0382205778571996,0.0954534696592133,0.0544043567820968,0.120993303157932,0.0453397948691259,0.147279189524729,0.0162075663056091,0.0101070908130918,0.1202216763059757,0.0001336603284634,0.0982454688316632,0.0020384425441049,0.0012181962110306,0.0547752109129903,0.0279388599948722,0.0045052670231781,0.0029773801746006,0.0647752923213196,0.0011873416442321
0.1297364313422469,0.080287039186006,0.0717309681408021,0.084372067344608,0.1142059393737456,0.0209869208741197,0.019537939843489,0.0726739154067193,0.0181576824572822,0.0282272392799749,0.1116527970392359,0.0010680973212219,0.1103027328391118,0.0235819658759324,0.0022822719616028,0.0165594291262665,0.0130603601841153,0.0210430308703502,0.0031725535738394,0.0538808095100414,0.0034798084492877
0.0830961961164025,0.0536899895403529,0.0381629546064685,0.0675748130461388,0.1601961234944904,0.0877137340520295,0.0081705822314311,0.052476658700766,0.0161571538683024,0.0267474169842443,0.007744863061481,0.0001982533215214,0.157240666257402,0.0329385760154421,0.008265717604102,0.0338616635556236,0.026224980548837,0.0147947773838331,0.0089081929163758,0.1126076417321379,0.0032290449626166
0.055887616469657,0.1284327765580169,0.1287793773589683,0.0378305454806208,0.2076910937761145,0.1160492283662563,0.0449222558894364,0.0469958337167567,0.027766509846044,0.0158969793145818,0.0594144432351453,0.0005832216371577,0.0301772039153395,0.0418693473466612,0.0044117514186341,0.0147427423439577,0.0092183178501282,0.0111444807747878,0.0117066604319067,0.0020395891632479,0.0044400251065803
0.1962187975465975,0.0658531377750293,0.1196942285480601,0.0527153904285566,0.0517333266527459,0.1116379419350016,0.0320385716217795,0.0661435695875245,0.011064144619991,0.0036358774907424,0.0420598128035771,0.0001798305569749,0.0868546070177389,0.0301988833480895,0.0048538333109611,0.0076040246622906,0.0339534623654135,0.0265363012111882,0.0036793991842051,0.051255111877707,0.0020897474558246
0.0169607314025771,0.0757357678323582,0.0480887904019821,0.0352826628135622,0.0800914791968421,0.0508815264242663,0.023311857492885,0.1305269755315579,0.0578068481928238,0.0254140201179076,0.0877753432350468,0.0005836123096717,0.0992526040021765,0.0158489984280219,0.0089572987017228,0.074976128468175,0.0041641525450188,0.0077903700457065,0.0045217007047782,0.150653854709623,0.0013752774432957
0.1787747536235258,0.126611800517175,0.075412428129988,0.0972656460214946,0.0845012862247139,0.0449267124774053,0.0036392737775775,0.0615259608031156,0.0032279161807143,0.0589752899643404,0.05007560764557,0.0009070010142472,0.0497983315270682,0.0023204263718299,0.0122258201887389,0.0407676362350304,0.0089339141476443,0.0245337028799863,0.0054567742591615,0.0677066232349495,0.0024130947757225
0.1392700870396088,0.0718761379901664,0.0463742529589312,0.0689730840466826,0.0458367689027743,0.0980629965158574,0.0333495908086417,0.0641702424755926,0.0394197401601853,0.0343655654841859,0.0968916755072981,0.0002292739360262,0.0148212725579426,0.0071659251563997,0.000595320580823,0.0712612686974593,0.0255170446007967,0.0003854422833792,0.0010116007618312,0.1384753263037249,0.001947383231692
0.004417315462118,0.0103879203335988,0.0910573122657589,0.0544200586975792,0.151553168146538,0.0027700875373405,0.0730911200038873,0.1449112645346022,0.001128214980103,0.0617207248501152,0.0979321018625797,0.0009375716355533,0.1072733679177498,0.0071440519344679,0.0064106675871326,0.0869840753573673,0.0326728435325554,0.006240943718171,5.267384981167955e-05,0.0549454734777691,0.0039490423151999
0.1221827860028426,0.0362713990185855,0.1208599598803086,0.0929370950268293,0.0766330582216178,0.1331584082758902,0.0695341153104771,0.1144342565138489,0.0819296439638611,0.0133744214004212,0.0211770639141506,0.0010255629313408,0.0209590062018448,0.0311375203099363,0.009706244339545,0.0266789988595438,0.0086614163355369,0.0018353658058442,0.0083731568683522,0.005850495100269,0.003280025718953
0.1358547669901274,0.079763094708426,0.0747563061355771,0.0356981082275235,0.1173371387307496,0.0799466915173314,0.0018452870282942,0.0878210332673243,0.0420497625948314,0.0338065945649547,0.0245678814921893,0.0001114319389041,0.0536881672254987,0.0094991266154587,0.0018013372823721,0.0725003923718106,0.0058821323574532,0.0085956240217049,0.0018079655482572,0.1305247467102926,0.0021424106709178
0.1559188096175623,0.0628985943318288,0.0400426302429048,0.0601444595903879,0.0522387175621305,0.0384735603126169,0.0535918685048642,0.098440201899713,0.0132632552554526,0.0440808172720287,0.0980446644016732,0.0007406733412232,0.0887115865155638,0.0023303538847356,0.0001871116438869,0.059533955859544,0.0163255772092047,0.0011679055687527,0.0070346015611041,0.1047593882476731,0.0020712671771478
0.1087787897239034,0.0831362549304278,0.0056779594565017,0.0463971016092704,0.1210257329731567,0.0759339176970234,0.0591358397686389,0.0899635330794247,0.033992619695381,0.0124077015951506,0.031151164936128,0.0007040981867794,0.106738088377363,0.0212694690033189,0.0009862160502314,0.0514611016247265,0.0110312438346773,0.0163969958894115,0.0017518078829587,0.1206985650781396,0.0013617986073863
0.0596634509683711,0.0129818026146427,0.0769848903060676,0.0602535948772912,0.1448463671133371,0.0241698748776966,0.0249118158850837,0.1232610956012059,0.0411914744123748,0.0456012181236699,0.0687241533731115,0.0001136775122111,0.1266819632222831,0.0042470976925689,0.0005366579208369,0.0705559576991387,0.0261532014370665,0.0147022470656664,0.0062042120473918,0.0658101494586921,0.0024050977912914
0.0005894458357699,0.082146103454118,0.0513429387882523,0.0012493320775719,0.1795637871595655,0.158481060504506,0.0007829657842807,0.1020280556539129,0.0680023814937237,0.0210432227608271,0.1909236015516445,0.0001394519603039,0.0168852886782336,0.0347938733488805,0.0010787043219471,0.0371193879370479,0.0066122281371278,0.0040689859009167,0.0087888384269581,0.0325506920441925,0.0018096541802184
0.0223860580254884,0.1039221061549285,0.0831602560815322,0.0710193439452403,0.1150165546943436,0.0230894586185511,0.066442423671435,0.1286263036215071,0.022865048138045,0.0198598009571496,0.0575810764112509,0.0004997536390247,0.0076017716040708,0.017148236534869,0.0031731639425826,0.0710395299079438,0.0208640438721299,0.0191262528773268,0.0072825192088891,0.1365405753466151,0.0027557227470755
0.0750771746714666,0.0302627423617307,0.0454048525176916,0.0992550929634634,0.0830422707211642,0.0351730028006384,0.0164041531507263,0.125456258160163,0.0357436445856894,0.0103645467649917,0.134352115715196,0.0013838988197501,0.1105114979224536,0.0238260904268703,0.0004202559528693,0.0944598642721287,0.0256122880439861,0.0004834437908706,0.0075154002438304,0.042733263942064,0.0025181421722548
0.0586691173658561,0.0990265646693321,0.1222639912819565,0.0568113732248184,0.0061789026000618,0.060541085653214,0.0651386558634027,0.0553737942815856,0.0387304412392421,0.0460424102630688,0.0422595259268715,0.0012425363674266,0.0726394690290197,0.0137356738571501,0.0063755209342976,0.0084825141162389,0.0295254981628359,0.0200436099755702,0.0045666774044488,0.1878003014727509,0.0045523363108506
0.1398217369699127,0.0812505432919875,0.0177275732313211,0.087766908919197,0.0930227221632791,0.0949861284861227,0.0540546154212661,0.0567079258686805,0.0406653405444582,0.052136821250967,0.0023431065810703,0.0004326175793828,0.0306566531648136,0.0178353399103786,0.007477343845656,0.0530401891468692,0.0004531509063839,0.0125321906639707,0.0087326397638089,0.1456128253053924,0.0027436269850805
0.0279098639201187,0.0846375459187401,0.0570445337138755,0.112564941795037,0.0124257414501718,0.0822426915145307,0.01804545000056,0.0530327254210417,0.0223176597377004,0.0849383465890845,0.1278818109253476,0.0003074454569098,0.1012277306763978,0.0257288758308624,0.001476378023171,0.0151059219205084,0.0208931841231987,0.0109145564807012,0.0098705852350315,0.1272540367764628,0.0041799744905477
0.0347061685478711,0.0605243912004916,0.0796954314652967,0.0517082079706581,0.1243883988011307,0.09333898454466,0.0102614257180186,0.1133947880850078,0.0156695418948661,0.0362541581178882,0.1094112559700525,0.000275836057454,0.0847392575146419,0.0299347426065979,0.0013289751800519,0.0451319095682729,0.0267060784199641,0.0148734677623306,0.0018316997293888,0.0626348249297977,0.0031904559155579
0.018774038341047,0.0108685741998279,0.0390804671370615,0.0629782553578381,0.1384036242392023,0.0581718819704654,0.0162579353217742,0.1416169776815054,0.024062901471519,0.0533062359436855,0.0380759051375852,0.0011633959508802,0.1396608490275927,0.0117947957742892,0.0080481409765553,0.0666442681065696,0.0282581760281887,0.0207558369951394,0.0039958503537806,0.1152338682162988,0.0028480217691928
0.0205049288771693,0.0199955325851557,0.1251055126102774,0.102337745123713,0.083255156121303,0.0337802543897905,0.0862386849582083,0.0421044276537391,0.0341230549787,0.0526967504496546,0.1249391340020164,0.0006136134368733,0.0098582932328812,0.0343092137872181,0.0042079964852126,0.0536308402118122,0.0100229996165455,0.0201730698943947,0.0002993373066476,0.135808798052741,0.0059946562259455
0.0073696045316157,0.0844135529503905,0.0329278551111889,0.1015600107540164,0.0945168288190901,0.0231266605964292,0.0502045876376781,0.0537063313955563,0.028709945565388,0.0110319039782591,0.1542906660833438,9.143987173722122e-05,0.1443943246295079,0.0323487777298863,0.0019001262969868,0.0247604498210468,0.0127720753276516,0.0224162274742226,0.0035185478302996,0.1144047069503213,0.0015353766453831
0.0667664733829319,0.0205877644169818,0.1049235112039772,0.0500815229772585,0.1240461963695101,0.1017787420445511,0.0272586511665328,0.0359266974812312,0.0208438184963741,0.0263848007581404,0.0650763884970349,0.0008975136656646,0.0983967378682214,0.0321860583321997,0.0099613480692484,0.1027665673868066,0.0155053354410863,0.0001589042909468,0.0009477907377984,0.0910882562076555,0.0044169212058475
0.0680068854537169,0.0747959953158626,0.0344335409254225,0.0792382340185939,0.1702471449490012,0.0295733492946719,0.006333062987122,0.0206248066076255,0.0358068231988623,0.0279904335042147,0.1290719696363069,0.0007192574199029,0.146346972082911,0.0096084280802896,0.0028765074298464,0.0826789314301417,0.0087130649993302,0.0212726834193897,0.0095013899568475,0.0400487402693459,0.0021117790205939
0.0119423941199838,0.0037947279203048,0.1061831785619616,0.0790282018115451,0.1591936096514158,0.064345025585139,0.0671779604960371,0.0409213584160948,0.054480420446577,0.0462036184895706,0.1518457538618858,0.0011635867992603,0.0129785160225211,0.0038267308563386,0.0002578086520272,0.0646573027704454,0.0092268023686223,0.0063367101866419,0.0035725248785782,0.1096280239969036,0.0032357441081451
0.0471459392439669,0.0428578275901279,0.0507233674230838,0.0702325464933594,0.1423796544182341,0.0771295162917942,0.0916734201539755,0.0050641326606334,0.0687780375075295,0.0141720547284923,0.097125662781541,0.0001027467142319,0.0290824932864832,0.0322249060745086,0.0069481987643539,0.0796973989915517,0.0028773626919688,0.0280634883599427,0.0086362079654653,0.1026627463938616,0.0024222914648933
0.025398178727959,0.011894662951513,0.0307575434054126,0.0551198238034907,0.1256052362859526,0.0482373496608183,0.0630890891725712,0.0819421182329895,0.024901775460462,0.0699779046578058,0.1601071481076495,0.0005757393759051,0.0111898800457809,0.0108937400410895,0.008357757144657,0.0601235872647069,0.0193801050026927,0.0293611190636962,0.0101051761584172,0.1502720897997783,0.0027099756366509
0.017040249959372,0.1063228879188514,0.1077195201813898,0.0973156799201913,0.0106286855970377,0.1108385493559035,0.036820706697602,0.0866923971816904,0.0040704427241051,0.0593364915270916,0.1247687755326686,0.0004172854972788,0.0437207223634894,0.0238490043278401,0.0029464760286436,0.0151176227833901,0.025509828754495,0.0239136148170539,0.0058947093518331,0.0930936090718322,0.0039827404082393
0.124557888384376,0.094816242941334,0.0280773952669365,0.066454773950824,0.0653368396287325,0.0605788923817845,0.0488019604398813,0.0657639857541182,0.0189182774967186,0.0292353716702331,0.1014707922650095,0.0001086010792944,0.1009201065494651,0.0020086888752345,0.0050361670537419,0.0459978606067881,0.0228821179895819,0.013361152052961,0.0033175208598445,0.1017805291977899,0.0005748355553495
0.0569123171359837,0.0984493369212248,0.0926348558000242,0.0825396433206147,0.0431393365814798,0.018059236923562,0.056366187524488,0.1007623972433581,0.0261496923337117,0.0384733540657503,0.0691119575314776,0.0011340400835691,0.0997398459633224,0.0155788549467769,0.0069706369413664,0.0053876223282119,0.0052380305667881,0.0207204063335731,0.0032822903857906,0.1560937415865658,0.0032562154823602
0.0041053522766631,0.0391089427162143,0.0278010952664336,0.0781968013030725,0.1129041263050745,0.0258810745654861,0.0782948014880019,0.1084718850719535,0.0612011137559304,0.05765555699328,0.0764223189012424,0.0008349853919172,0.090747431971766,0.0397280291680112,0.0048771780775715,0.0496923947372986,0.0245437902824572,0.0081682866929608,0.0051111194429076,0.103597900951266,0.0026558146404907
0.0737565441108488,0.1122970637205524,0.0805318174024988,0.0105873523232532,0.0106295360081468,0.1309789797820223,0.0897844051205626,0.0021778268267708,0.0543054668183618,0.0875448575088768,0.016892500481315,0.0011288759832009,0.0168969857641435,0.0289743132373989,0.0037048864748821,0.0942571093428093,0.0011688179993049,0.031437740495729,0.0079412950119744,0.1408587102385068,0.00414491534884
0.1683383606498851,0.0770594248325269,0.0388775692238854,0.038943030169516,0.0316482414232243,0.0453282212837737,0.0165742501508753,0.0663916996236943,0.0343511845287626,0.0047266050506441,0.1182794736839189,0.0006723225484767,0.102013134777395,0.0190721547380097,0.0096768241485975,0.0909491649838031,0.0032822830840826,0.0163113364484874,0.0056123629350257,0.1108568111743673,0.0010355445410471
0.0360215344699247,0.0312123581405722,0.0913578478982061,0.0489831841326495,0.1111255334635626,0.0420305765461019,0.0031100853092172,0.1623388798348692,0.0460307171397966,0.075326548587877,0.0834243977766654,0.0003431265426484,0.0603238567656504,0.0217468838427085,0.0061801344978652,0.0547803440088547,0.013582502504749,0.0172293447315869,0.0023149123919343,0.0888958926030142,0.0036413388115449
0.0585726516618472,0.0975206382101194,0.0131830029717593,0.0817420239277757,0.1204640834178703,0.036654215515987,0.0154038888243098,0.1397660277302616,0.0362920854747428,0.0625785610086405,0.1007566032469025,0.000625715319501,0.081315847223856,0.0213881815907624,0.0048660994804398,0.0451735077214427,0.0052218066129999,0.0147459640120937,0.0018726920096457,0.0585985380136999,0.0032578660253421
0.0119773906116967,0.0651739369397314,0.0880420617965565,0.0103593619517027,0.1053715232994944,0.074833542308594,0.0704849335291764,0.0348030050940112,0.0611113604550113,0.0341665364937037,0.0699571463332563,0.0010315048655725,0.0570908630594569,0.0218252635716004,0.006024311240815,0.09304833852335,0.0156207556075515,0.0161459491509288,0.0075811152272673,0.151221003513628,0.0041300964268943
0.0711562885161705,0.1061153259165074,0.0628509933522371,0.1089814910644094,0.0674012314337193,0.1125987832424772,0.045208625721791,0.1328485320568055,0.020393788544271,0.0372920345203396,0.0431307473231696,0.0011598598283788,0.0274799670742608,0.0107126733047442,0.0108752026055576,0.0586710147621201,0.0122657435508444,0.0199134549324852,0.0015201610911084,0.0464934165989689,0.0029306645596327
