feature_0,feature_1,feature_2,feature_3,feature_4,feature_5,feature_6,feature_7,feature_8,feature_9,feature_10,feature_11,feature_12,feature_13,feature_14,feature_15,feature_16,feature_17,feature_18,feature_19,target
1.016044283331032,-0.14649347717013744,0.7030880812092514,-0.22620697991962863,-1.1646983021642403,1.6395877589140817,0.739864374238538,-0.5640479693357314,0.919633820462466,0.28862014710344036,1.3148546346711134,0.5638640937042952,-0.18715373388447115,1.342406270733874,-0.1097119601859248,-1.5882653128443052,-0.9508789034953012,0.5899696856582729,1.3399758414271952,-1.5020115025474898,1.740500770367732
-1.0225988948385833,-0.7924156285218168,-0.8793658532721828,-0.0923164804430557,0.0810573446941479,0.9869023290339486,-1.74189197705192,-1.1459074121746324,0.24888815855109883,-1.4264834402536826,-1.4794075250564944,1.2711646965079595,0.2474931678076588,1.0823639532062275,0.13162556896633104,0.30922091869294654,-0.31995289295135443,-1.1648492461047981,1.4237101993819097,-0.2774069308369938,-0.6211640340449136
-1.3055605917247695,0.6085773075445136,-1.3307535840094384,1.2304916009534086,-0.7818928340725423,-0.41313892776885364,-1.2834254213296317,0.762147440298103,0.8349663527751124,-1.1615899490238444,-0.6869326364901762,0.30964618528574783,-0.29247797349071425,-1.5872175383468226,-0.4634283168997712,1.1646407328254218,-0.20247955264930315,-0.8288235063112117,-1.403322488105153,0.521014035343213,-1.2386069169231153
0.5213080847583913,0.15826600639126454,-0.2224158246498066,-0.296570776981063,-0.18884127050801455,1.0331214789688004,0.4761041576366793,-0.7132416528120852,0.8589476913968812,-1.6075428161484009,-0.5566336005476189,-1.2730625507796298,0.8695859542686835,0.5558571781718357,1.1050934862700013,-0.4670837903315231,1.0014566069832163,-0.3676515883532011,-1.2762016478835738,0.7459944693598262,-1.6969655875536154
1.2989510024102886,-1.2754369876638547,0.8919033590293637,0.6540475291462574,-0.7949734655411707,0.5682018317197682,0.7288187195493914,1.5110489105854181,-0.648356182449064,0.46445907697286487,1.3437314806618588,1.4020793716141235,0.05782622999448394,0.2679026798687566,-1.5966232635798792,-1.2208476578043594,-1.2705535428129817,-0.714096288505003,0.17215650372432742,-1.1617676281456597,1.5421210603542699
1.3298051092877397,0.2922916567282893,0.48380305778308635,-1.7018064042384495,0.8977516208154501,-0.35316534895633683,1.393415948987783,0.8127034146880273,-0.39951718572139605,-0.40060582858455207,-1.3073973000494596,-0.11235167572831807,-1.2883343867092465,1.0637051579453856,1.132817639156317,-1.5543281284115227,-0.9263141776975783,0.3012179684119163,1.0317345554228607,0.4995500753490084,0.9223307284873359
0.11392036721744231,0.04047741175499019,0.9849198983400432,0.6474027904503273,-0.6842893752558431,-0.8672178058707363,0.0399392574200327,1.481518313318965,1.2120643083675116,-1.3815246136425372,-0.15566946677947568,1.6211881944582813,0.6043124230068817,0.5905681456631406,-1.3007776664562076,-1.101098650809705,0.7964504248650442,-1.4458704922066137,-1.5834136680684998,-0.2716034249112203,0.6018068707666103
-1.4570869780178621,-1.7146496060566117,0.7661799613458848,0.49064780073545194,-0.4590351730672396,-0.7453258771420773,0.07603158142335575,-0.22224941458806963,0.6690554405902305,1.1443976591598464,-0.0771758727520196,0.44066880129315256,0.30841292541169224,-0.8065498434954976,0.653708345289998,0.24178479845604584,-0.17721319348699713,-1.3862194501335607,0.4450645361993509,-1.1533320433830478,0.4436312754711383
0.4993988332829093,1.6793871142919756,0.09406477858482779,0.3975052387752565,1.6219865977082952,-0.6130431209190405,-1.272695919834388,0.3417342977152893,-0.5763381981765145,1.2920626825454413,-0.11755928611894935,1.2334429501057906,0.655530177898248,1.5048335526315126,-0.35824084687678054,1.092991143475899,1.4186233878936245,-0.7108892562859087,-0.41223915880623646,0.5347139883464916,0.19948092442420567
1.6367582560555933,-1.7128452403268235,-1.529151702909683,-1.4033704869189207,-0.13176345637203812,-1.255093008882676,-0.5022735705532889,-0.22764713676776324,-0.3373071638274945,0.34616007453231035,-1.3435258705499964,0.34123750662349295,-0.10580497092299412,0.37699542873211855,-0.3316953130233492,-1.6296742628693994,-0.4750619919805068,-0.6864313877472654,0.678546634316263,-1.5468076778253124,-0.32815734880730413
0.2640003285994438,-0.7434144553159976,1.651140217656793,0.176862915433453,-0.7486454031044656,1.3229886908709079,-1.6838502127109418,1.1883869925204544,-1.6471752320662714,-1.3670984370025399,1.2081829196065663,0.7811165472212398,-0.3238204255100603,0.8187530819709703,-0.10797276336707701,1.145154874317544,-1.3116974126241339,-1.7353442402241779,-0.3304921409704046,-0.35840995770568135,0.42019063520986744
0.8715654626416202,-0.9262656966562063,0.9010076291382673,1.3834556841324719,-1.2058274576183587,0.46947881472203806,1.2240519133215364,-1.2333424544156253,-0.9321692758254241,0.4884350210451903,-1.291950890612953,-0.44971473728754635,0.8203938308821134,1.472500268088041,1.0702133888222363,-0.30439217152911874,-1.1842101789078403,1.5012700079073777,0.6280770004535107,1.2023256327321352,1.2497676835436637
-1.1569619393499426,-1.387289858716433,0.5557124513730725,0.21553376979881295,1.0044561236555918,0.3586753492472679,-1.5836491465630438,0.8581850945947355,0.6737649848180948,1.1994222580184906,0.027736358151416948,1.2685980719223802,1.2643376259139418,-1.2793449827435852,1.3237160611148104,-0.561363567732449,1.6988529136060382,0.007549119428044051,-1.4299621075188547,0.6129137792832319,0.5657073086381955
-1.4426971368957762,0.7617817596288651,0.4139969478208327,0.5503445050987775,0.36649473814179184,0.021135863557104517,-1.2167466150450925,1.6748917785762747,-1.0754932895063123,1.5446923523556844,1.0487955142204868,-1.178524632998168,-0.5750245306668852,1.3817376449027745,-0.659389246640934,-0.9118190486643691,-0.27369092441381404,0.19031954518992994,-1.184356497630957,0.631554881013391,-0.5561562191276804
1.315534052300581,-0.9842065031400646,0.49457891441370355,-1.6927372029112298,0.8274855993096177,-1.332697149162332,-1.2697513312380353,1.5788021624705053,1.0894200852709264,-0.5627503434445448,0.17414331334243846,0.005055995629168143,1.254095014135078,1.2765325646440293,0.026487906741996515,0.7718768958698805,-0.7205310303483391,0.3329339882377661,0.5077453746268543,-0.9869912296156166,0.19513669480246182
0.7105105136696731,0.712861536540113,0.6470793546112763,-0.6044493557494408,-0.6646048074586134,1.3144757902417556,-0.00825399879281123,0.46446282741068223,-0.39305553047673025,0.6211476482317988,-1.0775210700132716,1.6836382500935705,0.43967716141867347,1.5983316239727525,1.1169105839958464,-1.0078153699272885,0.00860892780522369,-0.6093991991636395,0.9818703637546895,0.32267931397186617,1.6732943010389303
-0.9528413731662969,1.6295486105124435,1.608451913284319,-0.5421723873806412,-0.2887577986532061,0.7358280246649556,-0.5885159673587557,-0.27940277612361886,0.8154728701323407,-1.1695737705215465,-0.46042635934585413,0.5370664598116074,-0.1806206447965853,0.9429351908381932,-0.6629178364410008,1.6262562636880964,1.576512037193857,-1.4240969726596653,-1.151192724546385,0.7848311953661791,0.7111028744113809
-1.0671045781631643,-1.7352199761854998,-0.9511753910086753,1.2811637412752408,-0.3836246928609057,0.25975928336643367,-0.26110574770433537,-0.18049622426866413,1.6459027178106864,0.7285837613524582,-0.4210118079859392,1.5066920886085238,0.14922156579542117,1.4756636212830438,0.1649360429097031,0.16094898483293663,0.04046682333036371,-0.9578461714281036,0.9736811846472714,1.389077362581541,0.7938457203020726
-0.9873573386837516,-0.452589810501127,1.1921183094532415,-1.4018699332308666,0.8614165336809672,-0.6634555257669243,0.8037106211265247,1.5352823161713074,-0.17573132518422166,0.5802854619267415,0.6292845566345562,0.6385076194258904,0.9312812591426121,1.3504320820134477,1.7329711179139213,0.4801639405463324,-1.2554221915471753,0.012909565585910387,-0.5319436150314808,-1.6047641478014312,1.5387404704016565
1.3318730198716549,1.5097536635664213,-0.08537546483027322,-0.2737011541345942,0.9234711994967011,0.2118465277500404,-0.4111351169776962,0.46315519399814165,-0.1803605663647029,-1.7246117223670774,-0.31862494945782444,-1.0222238259901086,-0.8949455642700411,-0.9072142727419689,0.863007201973502,1.2747412346084104,0.2568524069231297,1.1137504176009516,0.3581993739895904,-1.5852320324393787,-1.0684351559058498
-1.0773605206911911,-1.3826241830161576,0.21628814077937494,1.4591886658238535,0.7807411215654616,1.0509113620543844,0.9251186881649798,1.7075657104070396,-0.24591138151968342,-0.23087851016163677,0.8824953628574685,-0.40693832313794503,1.6823947097412335,1.5501935681105143,1.3748567676405032,0.165600149350908,-1.4049221453899285,1.6662586967312056,-0.2669926033286765,-1.5417874164919287,0.2337237202595868
1.1041252539105726,-0.1413396577178187,-1.4901921972988525,-0.4015211622230637,-1.4995909359196666,-0.623624846431253,0.5847064098916366,-1.2755176158930404,0.1851281903150097,-0.020364462546951723,-0.4194719357035275,1.576857484991691,-1.3817080421803394,0.06193991483074024,-1.490547700232914,-0.6631596193157617,-0.22887471015170624,0.427320372824661,-0.4717123326833345,-0.27825080395045293,-0.25859077680472187
-0.6209889964577328,1.559802695847741,1.3197165993373063,-1.7861682511092885,0.6043288694476499,-0.35537321298452335,0.8447492273546524,1.5408482784245567,0.3573061825746961,-0.7645787056139552,-1.312524627825608,0.02490062933475731,1.5203487196925791,-1.2550700161798307,0.3076576774009938,0.2001857672339786,-1.6050243850051171,-1.4401521161508284,-1.5783548681290682,0.28545871694883573,0.27677271749889215
0.8098888443063493,-1.3118018222244119,-1.0465769278483545,0.7120224772546407,1.4781230036048443,0.8425120665081713,-0.5361496539001144,-1.1426602816958975,0.02429354649013558,0.0553376802947305,-0.5041972730147869,0.6199126796498399,-1.411269096646401,-1.4509356214135403,0.5960521980101043,-1.0765305722384373,0.10869194347658666,0.9468097882855376,-1.2991601916379933,0.3343129382250052,-1.2900651011091098
-0.7359628587134388,0.9941993903205821,-0.010657255157942032,-1.4329350279563455,0.7197985824783055,0.2528399773590454,0.014379902639525955,-0.004822775849386993,-0.6816191835143479,1.496757750079753,0.08835834477067488,-0.1613039691281445,0.13496209208819424,0.050466982532159296,1.1392414716020203,-0.8543249738424015,0.06306275943323689,-1.6812587157867405,-1.3616490446327525,0.6336973050846859,1.469725621538805
0.418954698978301,0.5045557523738821,-0.762675465468966,-1.7063141064168588,-0.0017085759106842382,-1.0949394250072642,-0.8695825060891457,0.5158166184589876,-1.5916730054050325,1.3629403256925428,0.010962150737006645,0.028815874445254127,0.11751558640522153,0.9008612297767685,0.9438553809759137,-1.2081324333325751,-1.482543608895828,0.32239706789885486,0.2808778228018707,-1.4572672586174287,-0.3212159970550986
0.08509588350575636,1.0149353749526455,0.574932560118599,-1.0869605571586598,-1.2800517975358983,-0.114353769785042,-1.6751729265371171,-1.1170722793232855,-0.5572629523671788,-1.3727948002574457,-0.617558763103203,-0.03494577181971553,1.751405149148499,-0.7779253989897813,-0.3676505803650597,-1.2269130135636528,-0.2860419523346225,-0.17556664079167864,0.0900405710986473,-0.8228718358372618,-0.8263826018762583
0.8890955207011408,-0.13282089113021645,0.9965810863675054,-0.42282143704765845,-1.278169597278346,-1.1478948936313351,1.6632936908763991,0.7143471812671605,-1.3607492804923391,-0.23205947633927027,0.9288811239510489,-0.2563043945026095,-0.377421864374046,-1.1380653978819815,0.29157969843984916,0.03301814864827605,-1.5577717361112335,0.02772514805363681,0.8481544099491788,-1.1535035442945998,-0.7176763792189109
0.9213883933004683,-1.286347234991063,0.8823129599495544,0.2771826701453281,-1.7343736610625062,-0.9268802819285641,-0.5015060239456591,-0.4803699838600683,0.8934208232341988,-1.6367795132588354,1.5732149138314797,0.690157852293032,1.7815873722891313,-1.5942877412977703,1.7340800497981095,0.2558524811736432,-1.0877635020682108,0.7876622274569566,1.368224543805264,1.1496577116345281,0.0858679535361341
-1.2140516140702824,1.6438960862496785,-1.2504301672487528,1.1988690232818393,-1.173570774635368,1.2255483268600804,-1.187320078598556,1.4690357414432587,-1.4731929027442443,-1.481831301593927,-1.3063499510479901,1.3626346516132744,0.3938314304941292,-0.8847575180863846,-0.8508474305389305,-0.6133471412758112,-1.6344545580455132,0.28499750446681416,0.6380182902631654,0.30216795060284146,-1.2749117514587192
-1.1616336354402825,-0.1060032323230812,1.157516080239549,0.8731271707762137,0.22794338190422883,1.3615535659789972,0.04303745059899947,-1.6684735731844582,0.19628125040945682,0.09340092155579202,1.2196622269609738,-0.09738516931246055,0.3659765309968788,0.24891057616455345,1.415907151074401,1.610816962970281,-0.17821013995839322,-1.1480452045492777,-0.08693512213903053,-1.231170247755952,1.243184619465961
-0.44872357614614916,0.9311799053192659,-0.6708530301443357,1.585443033599977,0.3509236975789996,-0.5008433844185174,1.0869133372776028,1.0236279600042295,-1.0594838199895142,1.5807862529915138,-1.2813354690264156,0.4909040378396545,-0.6636182032080715,-0.6873240749309049,0.06992608471041285,1.5346112695770664,-1.410486574125673,1.044234648252696,1.2710239028138128,1.364712539724278,0.7142529220533038
-0.4850437915744505,0.27237156577542804,0.6579672787859809,-0.6106301337359052,-0.4425575218104831,-1.2359190710412047,1.4752336106446626,-0.26254144658628153,-1.050761877116946,-0.31472816159216543,-1.4338861485805712,-0.0009688871144283386,0.1406643339076271,-0.18100633906967328,-1.5928393612590879,-0.8753494747456552,-0.24305153371716953,-1.2053332994017985,-0.03024559138766135,1.38396052017504,0.43585433842483845
1.5789672642471826,-1.0660714296114222,0.9550872041646408,-1.0238733978532863,-0.8970019154803477,0.25832594149391697,-0.17441632591079373,0.9974624052667294,0.8779695711961936,0.5634054274005976,-1.357344928917483,0.3868970458544395,-0.7876473625330691,-1.6030435780254142,-1.0074368238984053,1.3623976648208178,-0.6589300698920123,0.19653206531974826,0.23483951646264117,0.8752308038915686,-0.34178656823251263
1.2307665732147879,-0.35809848710662423,1.0856498532197367,0.4218255659536286,-0.28440874853763914,-0.4971467155643742,1.3493558929496206,-0.23266426930070974,1.7909072373371997,-0.001596901614159709,-1.2884355842836486,0.32017347140352975,-1.4347050565968609,0.337726523121443,0.3385199568410266,-1.1894148258754305,-0.2890099668652985,1.3860759111381422,-1.5820286123570293,-1.4359341362671343,0.8400320473493865
1.1923784176362355,0.001961458862374154,0.03444633904118453,0.8917447244102629,-0.6917420148250616,-1.271441304435016,1.479124923252649,-1.578863243074409,-0.07637330035516254,-0.9403381454453941,-0.6783270724958348,1.7360368566171183,-1.226173933993995,1.176653301115714,-0.4958010839549238,-1.1356158904125273,-1.1613789970151942,-0.7988053745090165,-1.5924233877461436,0.585245506723003,2.086069529726213
0.9650094696982353,-0.168161790295085,0.9989081499746909,0.2596544938281065,-1.2005384016355227,-1.3792920925400662,-1.4911387816790649,-0.4105563330644012,-1.204445562393428,-0.24535826665059093,-1.6010859209910466,0.3225667322131507,-0.7381371538300763,-0.7994374601208828,0.45507549441600825,-0.09060238977513832,-0.012703319952259743,0.9014780855144978,0.3527142351503606,-1.1693450434365373,0.34308503221341125
-1.14520500203975,0.7912482505650872,-1.246748200636338,1.240109379123666,-0.7376540509006453,-0.7629082280045775,-0.1728818547757016,0.14778546065475703,1.6270693546347692,-1.024315642946994,0.010367295496725057,0.28648355115459195,0.5359349723138621,-0.3752321987177353,-1.3833685775764317,-0.6786736267792445,-0.7680053066390504,-1.2763069348852891,0.5463848278717066,-1.5824752266483613,-0.9830902841638864
1.2627198490840998,-1.446456043211293,1.4574714608009243,-0.7684260446095643,1.529468107522208,-0.25281630403152083,1.7060341651063726,1.3572415120803623,-0.16191393650211997,-0.7962603108560345,-0.5556375876069135,1.5838096365215184,-0.8831804017939702,-0.027272995014682895,-0.29318209797388256,0.7270383930571683,0.8046424538139331,-1.131279616798862,-0.6440077992329,0.30870716368054396,1.099891052395198
0.12144652236445375,1.6219219199999209,0.4898234105149084,-0.2931195484771077,-0.8840461573711036,0.35719470463980224,-1.7363477041728865,1.5990727167086431,-0.2655879448259772,-1.5023461033263608,0.33966556817607707,-0.44866158793546634,-1.1389263511062016,-0.3887765223022439,0.9787062300382886,-0.8037349342481531,0.7325989800969827,0.002945207896227781,-0.5313195516271089,1.19034678634978,-0.7174765612953238
-1.2845376080700306,-0.036062908304828854,-1.4178550389567242,-1.3623267840501614,1.5265984569161732,-1.6649123475996934,0.23475121751309022,-0.24327941427436284,0.8456958688937147,-0.7357932659864496,0.9420318836475831,0.47645516159353923,1.1782835675719852,-0.9004426271515854,0.3702913717379008,0.7249442415556215,-1.403379430045389,-0.5156789821948533,-1.1058580197866588,-1.1121722185315288,-0.7836744405601533
0.8396816426600959,-1.3788125333433154,0.5970350292101754,-0.7867132621730013,0.2371742523792706,-1.4921007345853237,-0.9626246481288243,1.5871722279761806,1.137600271531292,1.6147680251558798,-0.12534391496586264,-0.5029322408518084,0.6346546514141302,-0.21868118390177352,-0.4818895439619558,1.1924056578674718,-1.2257048346469983,-1.7307530492490717,0.6318870479323571,-1.612611931117215,0.8748010197667946
1.0952970974434624,-0.8164543281133816,-1.5628188074958786,0.1048014890139101,0.9169682114293749,-0.794632527068259,-1.0203830022379028,-1.2838037355676992,-1.5641033375800413,1.5817781327056173,1.0074090580919093,-0.9812765318279005,-0.9105969269102516,-1.0144695254998852,1.6185016684001716,-0.43190948711789895,0.02681182513779862,-0.9664828243965613,-1.3225562862505036,-1.6033833438367897,-0.7817630897416029
1.4042472895924332,-0.1250655285513969,-0.7619030290622107,-1.053037321292225,-1.4543651694712059,1.553321939036109,-0.7466084526559883,-0.08796283770322948,1.1965555187767654,-1.493944284868028,-0.6698662203709886,-1.6528424429303212,1.2342540113900018,-0.6937020723673892,1.027666908820656,1.5864343806054866,-1.2609723034952856,0.18546647402665284,-1.694388482859012,-0.6591075346565877,-1.359161730833465
-1.2733162611653797,-0.4017188047890103,-1.5936592440941253,-0.10546609992394146,-0.9802022417968358,0.11258370459711595,-0.005129832156271215,0.2255220294734129,0.797675398918528,-0.8422074062754427,-1.2513911972582352,-0.6583934872861499,1.0690213758076255,-1.0157934150245842,-0.3272943343977815,1.0029575238392494,1.125120882322543,-0.7744432394639976,-0.7888063776804524,-1.5004365155393362,-2.0543782864831406
0.9883003695584259,-1.4140160381004354,0.6828330648051271,0.2516801639250196,-1.634741976982129,1.421294162090308,0.9137117896633165,0.5110055219143457,1.0630287101747484,0.5633801730235964,1.164505393009222,1.6860738267149573,0.9167163899125309,1.6850541213688783,0.546517956511839,0.37575316884755205,-1.2791692245625617,1.5961435219059574,-0.21720241803176754,1.5081046603566763,1.1258995555936224
0.23702648727422296,1.3112239015387608,0.003467225427368768,0.7365865898771378,0.6761602174231485,0.7857595876697179,-0.6932284831406526,-0.1120125132029763,0.7912106921294537,-0.39959152847402246,0.27449027453358077,1.4836589977718422,0.12568522826732198,-0.640343484681635,1.3552936732443042,0.3660957609719574,0.3043562354271058,1.1749269261858606,-1.2963228477238324,-0.30295949814155543,0.40564767017390774
0.9706598936351579,0.17992671644983724,0.0927750284806888,-1.452207448419205,-1.4016124053418366,0.46736009327779626,1.1488373769022668,-0.1546936728229766,0.30807032733824796,0.2972501056020167,-1.6517554036639612,1.0735098820826363,-1.3152466810518972,-1.429365669479377,-0.9368713996096281,1.2563499781404768,-0.6260731709628606,0.555007674816429,-0.3441946444133942,-0.6359515712179473,-0.7350159283991893
1.3510196964671695,1.3541150786244651,0.5391940091387195,1.1850581787828363,-1.3066874711961318,1.521285703499888,1.5190005518328102,0.06799748859974283,-1.0739127661009453,1.4787765889717805,-0.3466991339705726,-0.1776797617437282,-0.7320843746931786,0.9495173208448473,-1.038269915746028,-1.0403677172508023,-0.7446497261037844,-0.49389407122400764,1.4519661632434455,0.9450555895216212,1.631735230032343
-0.38889853236764443,-0.21649499806255904,1.417301653682879,1.2671999589585292,1.5825430235479812,0.31108313076838373,1.136846538187718,-1.4301767012711608,1.1120345983538453,-0.05732642713162029,-0.0846645595225295,-1.3821557789229861,0.3832580831173011,-0.7738820383680152,1.6754245042282605,0.7589593668087511,-1.1083614175716412,1.0459347544048703,1.446682833103085,-0.539240809615477,0.39039097749582585
1.4474131587045878,0.3843987104563072,0.6205773633741021,1.245279851235978,-0.9367197367909983,0.16599117908599292,-0.1878456456624586,-0.8605340444828088,-0.5575580212835175,0.24394570931463969,-0.7972105797355356,-1.0599950247350873,-0.8721703097534227,-0.011707751249662045,-0.9024739918035953,-1.179576423673211,-1.3360078258457533,-0.9748622502810868,-0.024876451007602333,-0.5410840360728667,0.204818224292411
-0.2256111946993352,-1.7690176284826404,-0.32943395816251,0.5474557428701271,0.14242007643806065,-1.073261875727903,-0.46329591371391504,-0.14383595394753212,0.07946567349567737,-1.1447232188670111,1.1334988513911974,-0.1507990726214338,-0.2632694114760358,1.0568491142286847,0.22467862842462522,-1.3023200835279838,0.6809728327727407,0.5046710212799627,-0.5013755285477689,0.22195834272950166,-0.5481264751417849
0.7827142281966541,1.38458021995552,-1.483363863221709,-1.2958611794405508,-0.35370607575680246,-1.2245861951382764,-0.9441404530348632,1.1826266171183046,-1.0364476831504095,-0.5567375490081302,-1.3889794467631533,1.4191493543750984,0.13266858701064538,0.12437760820407397,0.664029474734877,1.5685918636745633,-0.1658165427022053,-0.6358725196588868,-1.2585919364041374,1.5325792954944597,-0.6025918367162258
-1.2580190591668634,-0.35714564691272876,0.7270716093743833,1.2017253812998014,-0.8452842276245623,-0.2795002375876142,-0.05647924746733539,-0.35650280131241857,-1.3938856061112894,-1.4616538522621576,-0.23408123213942886,0.32301641348165205,0.4826596509872688,0.8217636381442467,0.5544681999846383,1.422176964804431,0.1872598140860106,1.069156889618613,1.0884139285669157,-0.13900653929438553,0.20017991095013374
-0.49793318501233186,1.0228348189810637,-1.2069580343174275,-1.347417780797535,-0.2549530027336113,-0.9035061988494958,1.0241500868404347,0.22516368221245237,0.4701593363669745,-0.5777777185810846,-0.8576523496450151,0.43619814406631774,0.0007625828837989917,-0.026702582276019717,-1.1721857608604527,-1.521495930418874,-0.9608289869592006,1.6293431619757612,-1.2859905519293007,1.1786141714246792,-0.5756699676892311
0.9249977574851939,-1.750894634949083,1.6386703711087882,-1.440722590198055,-1.379969364180861,0.35840891356707383,1.1593066070802875,0.5318896050172747,-0.6948668847506201,-0.46562748733978737,-0.04363113844374401,1.6975008272986392,1.2296912586607371,0.10245783686143985,-1.651111786278624,-0.48392655899770803,-0.6847866834091658,1.110029617643367,-1.2820553159785522,-1.0330594880587773,1.7575655196568007
-1.0368962259891747,-0.40280134324337835,-0.985413841180616,0.33588771662658856,0.0017960006775931449,-0.9699168438896631,-0.6120152792502573,0.2871740188665638,-0.4926490121032406,-0.2598426683365312,-0.7827845942636981,-1.628505075536082,-1.1167082338077474,-1.3358812903473445,0.6208599139985583,-0.474735769234149,1.7220166968832018,0.3059841425937484,0.9384521029534402,0.2639153779911636,-1.6182532434161743
0.22367464322023486,-0.7961711432892778,0.9798627382383318,-1.4986914290586122,1.449955609816878,-0.5185530471584673,-0.5201237990283154,1.0051445898720794,-1.6272615731190088,1.1693095843415517,1.1869726486304837,-1.0547193520182523,-1.3661712176797907,-1.1582732438160974,1.293404373435342,-0.5588056528736295,-1.0106161888524672,1.0984575269055654,0.22307838552381884,-1.254268485312753,-0.4438356317191092
-0.5749585503181265,-1.1885341107898761,-1.6410280098580312,-1.734886822203698,-0.48630612935748335,-1.676903520432744,0.4220619533606309,1.3928112040116365,-0.7006358497574792,1.3488023455107747,1.0183091031392462,1.605955100060179,1.4009604293547586,-0.27481636275140287,1.096601622238641,0.6756428389387035,0.8161753557957038,-1.5933511196300683,1.1348163527947894,-0.8873961863061766,1.3424308463459576
-1.2841391397669393,-1.2473451581971975,0.38178532701050005,0.08530854280112234,-0.3123308948319163,-0.6106756034706754,-0.9417830734923012,0.16442646601507677,-1.545059107857263,-1.543836379540824,1.2745923412444593,0.6841405136497096,-0.5578659056691767,-1.0833323624996611,-0.12559514681694084,0.14634733295083038,-1.0187327299416353,0.029614560427180206,-0.7838516292933108,-0.15208010958265172,-0.3373790862913174
0.2762652996512027,1.2901436503359358,0.19443191485028086,-0.6697795015473749,1.6768252138057715,-1.5159978208115161,1.64817542631708,-0.10514745258742896,-1.3709397170326931,1.0019715281717587,0.8225514513771448,-1.6237405204444781,0.8692272377241664,-0.5262529313404107,-0.7197946526313997,1.2992673298948112,1.2366665266561954,-0.12572055052448616,0.6343016961527099,0.6119318166100448,-0.4559319740499883
0.179287204011401,1.2588416196528947,-1.3344871742228428,0.09256169822289535,-0.9538871225573051,-0.9787897249031443,1.3114991723253049,-0.575486334880147,0.409791132961206,-0.25413762094687875,-0.07691411548343957,0.3513801261007597,0.12011095028564671,0.1995761736104406,-1.1421998825049045,-0.3743417941763626,0.7650798566066751,0.6490588279558375,0.7605620131257679,1.1593190575000538,-0.881587734511189
0.6711436428873021,-0.7859839860340796,-0.836390543337923,-0.884119438060557,0.8347121513634432,-0.32226008427300057,-0.26538682095101135,1.558426156505615,1.4527780696355947,0.2814639211191665,1.4642015245507252,1.709756012028152,-0.9823294559788268,1.1993201599622856,1.3612555856951751,-1.013466122920343,1.0797840644982426,-0.6913969699649283,1.566144886661851,-0.8131256989034245,1.6909884607799321
-0.004551785130830915,1.3710729089361724,1.421622433290501,0.8918369607965706,0.6671335566566926,-1.320519674586084,1.0940845920274467,1.4871322200370392,-1.2116516369422412,1.176542779415587,1.372060480655302,-0.8759811683343199,0.47458210014495456,0.4487835687404049,-0.912729790069635,1.3595465001090943,0.17098953872171205,-1.5354980247164522,0.3275594773844941,-1.666552328056338,0.7774276265603624
1.6118587960176445,0.11073808024592616,-0.4077182111724504,-0.3819249317302154,0.21518039887495868,-0.034628264553029475,-0.7564475037851413,-1.6528521690291422,1.2033910955087326,1.6693416096304456,-1.6229657889541593,0.5507170500694564,-0.10732045661090138,0.9436682497048028,-1.0254089887110163,1.2798469572260691,1.1513234454151409,1.0907392282165989,1.1411860725719642,-1.028085898358799,0.3454908823982748
-0.16948019015393864,-1.7769527572634638,0.8409574296019848,-1.307455535626905,-1.0749699881809966,0.6527690232528937,-1.1971928656754338,-1.3088911036378765,1.147516562941241,1.4565797397355174,1.2530174152062656,-0.5463814869031536,-1.4491651318247973,-1.579049249023304,0.19405163218000163,0.1361981806288824,-1.1618437340908947,0.3990693075276151,0.33975813622138007,0.060562115611050814,-1.1111796544760593
0.47970597451295766,-0.6443524656767957,1.1875407758482501,-0.911753371491101,-0.7371930295189388,1.5135243777959095,1.5313875888903457,0.8833209913123942,0.6979329197011278,0.792653409592515,-0.7419798541660259,-0.9377991715479562,-1.3280120064709975,0.09284127751575909,-0.8591884996079724,-0.02590560152375934,-1.5267438625333412,-0.4049251252117147,0.24268971324749983,-1.5486861637065699,0.813309114427634
-0.7722728771408951,0.3562364436145941,0.28058940043913067,1.3010141754577558,0.025546305877629766,0.15453046623968114,1.4802289617082949,-0.24641007797842648,-0.13310356368808302,-0.5350618923477167,-1.273946631628712,0.0292211434170972,1.3249268265390453,-0.7544233396727844,-0.7235942927443175,0.5285474493922432,-0.41814172126992577,1.3983921238560015,0.8035029837113347,-0.09748775977083478,0.014519375530210732
1.5640542369527553,-0.1909710467949421,1.0516911468172137,-0.6427355256766403,-0.11473554461507542,-1.4556872971303036,-0.7760047582030617,-0.7641123812680265,-1.5586761130978026,-1.175051082048582,0.05826690980599463,1.649495336521671,0.6010520232776637,-1.0153551966186303,0.7911752845959744,0.11417711198821301,1.1173125625334217,1.3774296146897471,-0.7225325743669133,0.9194733560454538,-0.039305235688422195
1.5245788653229966,0.2453391845400601,-0.7662540183309315,1.5688931302016689,-1.226519277000279,-1.5848159787528693,0.03034281490702099,-0.3725167154737149,0.9989001429757612,1.0744825213145397,1.1750458385800187,-0.6148487845162982,0.7880702253072644,1.589113047562201,0.7581068584350481,-0.6667576123460671,-0.3822786547422669,0.6873338476650389,-0.01198825949613074,-1.4686573749795466,-0.7630875536007244
-1.0792496993004672,1.2998485555202342,-1.4099933308306585,0.9108346862339779,-1.0195028586759203,-0.8752718178753107,-0.9686020927237421,-0.8965624257159079,-1.5834159976801077,0.30267337180548487,0.5798442371313692,0.866145747211266,1.2714513151021096,-1.0803244955723088,-1.41651985210058,-0.026036603060273025,-1.0737271105079198,0.4528489916445757,-1.2421817386063314,-1.0641396323110597,-0.9381670116196348
-1.0255421130123124,1.0446015264476458,1.5410110080881585,-0.9751163648460011,-1.3986793087511937,-1.5961008263096443,0.2637971720726391,1.365801018883099,0.2815059184502549,-0.8432943865259687,1.0112553582354398,1.4199720271400864,-0.7625885180792478,0.35751767842708776,1.5065291304553179,1.493372577889684,0.6319821758477725,1.1584168332004865,0.025187222130951623,0.3032205155946222,1.1161964533407005
-1.3043493731274372,-0.17584450538878074,1.386241075862672,1.061755137237786,-0.12556091773735642,-1.2128798316397413,1.0046820253490454,-1.1647547320131684,-0.7421326977446049,1.6803312841304006,1.5073328963843593,-0.5360201547004573,0.903227519174531,-0.16828169506752258,0.47304722953533734,-1.670021358650991,1.5710199288834328,-0.756188666793241,1.3221185134950404,0.2443885196866413,1.6500620247687035
-0.8745187774196181,0.3654083871418932,-0.6104995539592704,-0.8803485789794867,0.292731040503475,1.3532633059449068,-0.22449524776143648,-1.2780063036963405,-1.372989204787781,-0.8536772924648443,0.4889673818526303,0.431828786499901,-0.4651971773802834,1.247599098910475,-1.504161179215624,-0.020627635657148147,1.726432910832795,-0.3200697691016121,-0.3063873885635078,0.46792974182901426,-0.2651821731615029
0.5799292456072163,-1.730140859966265,1.4736965533351445,0.961964130193525,-0.9305839629666001,-0.11693338115515035,1.1557004909249422,1.5992017885174339,1.0230525114617548,0.2555960795989972,-0.8740899483846414,1.1609196728044444,1.1233491785703382,0.781011181253273,0.6509849975603071,-1.5525850114370494,0.36299717075912247,0.49365414279726433,-0.2749515683576314,1.180678832723897,1.3981827004733196
1.2864403709200185,0.7453397426769349,-0.663157055709832,0.20176798326361203,-1.617134766983168,0.33875564271422076,1.3132877438775632,-0.6450364039465079,-1.6254884316935214,0.6233822842963962,1.4829469931280432,-1.291060628809781,-0.7313170887894022,-1.4647740680039258,-1.400795749771424,1.3723697578697378,-0.44123318254221894,1.6135978762197427,1.4590962661525357,0.7190943048512108,-0.8342231875358807
1.2479016951321928,0.9230700841906062,1.051645028065585,-1.5662254797519053,0.4551440274704039,-1.555695431867525,0.16939428309198692,-1.6086613392206348,-0.7250589584091339,1.3928216717244817,-0.013145080721893134,-0.03418315936408382,0.16319176922957374,0.29332530122607225,-0.1358272352404698,-1.4084999816651795,-0.23573871253050996,-0.04087470623393804,-0.37105941606576637,0.1530269424302795,1.1417124004308274
-0.5893077166726948,-1.609242820166394,0.48156196550694397,0.30318186515934076,1.3130675571455266,0.1764185412337198,0.27488424740654566,1.3946366102820031,-0.001917761469627785,0.06751643411719316,0.29267856273824727,-0.12688625623841415,-1.0176314968363385,-1.577093824378904,-1.6072270253201748,-0.23213433875847733,-0.961186412774937,-1.212603298205816,-1.5850644431323682,-1.2033888834436517,-0.3513813345905333
1.3061762510742523,1.3971174776590733,0.6679025050856818,1.5418626841811056,0.42263492436742606,1.511957772150794,0.5339996867154198,0.6433284073134902,0.8936891464667667,-0.630758337051041,-1.7497271732721957,-0.6689266314233877,-0.5979063465524845,1.4472131558380787,0.4946891583633553,1.468752955447367,-0.6543215151503459,-0.9127864255670971,-1.1445531028691072,-0.9089139991563568,0.7258560844454014
-1.1898741154559391,-0.7533080637730043,-0.29335368149688146,-0.07531262831413207,0.6921961881622751,-1.1466282278074158,-0.9101511888112185,0.46224950236767937,-1.5905903043669118,-0.5525949761042992,-0.636301520768177,1.0995889172965092,-1.0068900784731767,-0.6472324906814015,0.27247853914349507,-1.1619736883044731,1.2847175194697882,1.5697589914004733,0.6980647969678202,0.14189939318830086,-0.16159174915390245
-0.603383913802052,1.4752125789195683,-1.017680626470933,-0.4407061297684509,-0.5562313868309156,1.2526068924173495,0.5899173610903731,1.5877848951471965,0.3651208337740071,1.6954229288735412,-1.0773735640560762,-1.2511589167843178,-0.0703996009664741,1.4676978578007664,0.3889579842502713,-1.4778044931549406,-0.07974716829208017,-0.2590325097127494,0.26011449880073473,-1.6765519977326853,-1.6780107192745155
-1.6472071233325412,-0.17163566832968608,-1.5231378584546234,0.6598064987874809,0.2909650203794962,-1.0508109424897774,1.2502862744580021,-1.270796302250541,0.42322487652386875,-0.26900210628321436,0.5171426508076749,-1.275205444828217,0.3365466499153844,-0.0016239606849960356,-0.6580231475891176,-0.040192752800670285,-0.40485929967297996,0.0018635462391678914,1.3269107013292358,-0.41747195627787576,-0.9695946435993077
-0.39833627301727914,1.237795261092351,1.0498669741637998,0.17864960000044214,0.1352180198671258,0.8031347886974197,-0.9309406653097801,-0.32681441000445727,0.9209669681823336,1.0852515265703058,0.9654125115963643,-0.7340405993646513,-0.43103836759210645,-0.41763794317210273,-0.13887548072065703,0.6557085488041309,0.9122224718524776,0.287352025574815,1.4447507980788454,-1.0069770488612848,1.6457511990544595
0.12837106461377637,-1.626883902835048,-0.6032741367490305,0.050871522061519917,-1.3889397262437624,-0.5160227852108467,0.9897758273912585,-0.7651350412629434,-0.32978907885834796,-1.1033154000147931,1.554614592307418,1.0338210429482075,1.5817426714669878,-0.0219119757288474,0.13389058138074864,-1.539819257844139,-0.16092754211156138,0.9152526474292598,-1.2521447680120865,1.394314019884747,-0.033304166034809304
-0.40792404371917296,-1.4843600731758342,0.4930163727455819,0.8605257149153918,0.41827428237597813,1.1624948767158756,-1.3519422673720998,1.5385268121432754,1.5255094316709088,0.21995857190530635,-0.732097327140511,-1.4417455224229556,-0.6887807302032927,0.2935041084244534,-0.7462366186723713,0.6840696943155342,0.7012130596398042,1.1762201056231119,1.44707168733993,-0.02789598972044165,1.1539787873023986
0.07135315714090432,0.38160250360779197,-0.3603673870899003,-0.40207831849312353,1.5704884987270578,0.3749454040993303,-0.5695067238117295,-1.2361623355106768,1.78313148919705,1.6788524130749192,1.0583476865061352,-0.796787243931631,0.14256879833624544,-0.7713299612482976,-1.5862254512327865,-0.45405101941907294,-1.2415210441753044,-0.27013656196437386,0.30690094885167807,-1.5073333944771992,-0.18636871692126786
0.7732712561052157,-0.6811090602463474,-1.084647198397655,-0.39317365857132686,-1.1970281617910492,-1.3139612409664252,-0.5888069748468239,-0.557202561520962,1.5257920942984187,-1.1195308688949814,1.3206218428976968,0.6572467786868593,-1.0861324465829716,1.563667017328632,0.9604032589870901,0.414665515393166,1.645528594258312,0.1875164052273834,0.8819135916469827,0.6125192584156222,-0.6893476291483537
-1.5481714420701016,0.23544121685298836,-0.1194631722243334,-0.4750059520539336,0.08186173741620077,0.6037416097902683,0.6349679841601836,-0.04512914786752768,-1.6470009879976262,-1.4335715133163638,0.024895213402815114,-0.5557540202860023,0.8360074486457141,-0.7180227223891776,1.4228968357649923,-1.3359222010821383,0.33297512725108785,0.16938401487011945,-0.7439678257238416,0.4715291193249286,-1.2268909804200363
-1.4577350422850246,-0.7236702523319294,-0.9154794766331508,1.0216738121300202,-0.9381447150901675,-0.8055790973288162,0.8655530800600516,-1.5116169215124062,1.8057020668305446,-0.8328191112281359,-1.5980310382729752,0.32475953856852957,0.3463788822284618,-0.9666370685449875,1.7012276088172,0.5589492521537033,-1.3429672119327352,1.672586039742239,0.09860098647549455,-1.398008391778515,-1.627160242890967
0.6758226827085639,-1.3628043395208085,-1.6424835163157465,-1.311086455489168,1.073249574503278,-0.6546344016726477,-0.1490266103769143,1.483662042927728,0.7937717428044658,0.5783490324047962,1.5952100539013294,1.6471156681386874,-1.174292528329617,1.0929464995245333,1.1844217494959395,-0.51892198438113,-0.3249498496643138,-1.5816238606712931,1.4517814625043175,0.7806154660143321,0.6933860129847264
-1.1848965020757685,-0.5371791517619977,-1.2624020455927574,0.9462036879219248,-1.6545990946107312,-0.6198172619053404,-1.2381599122869085,0.13321819727695,-0.7573346730556864,0.48024818272448155,-0.25006703263278407,-1.635267744651141,0.23366397691541616,0.3540521731252802,1.504417451132961,1.388734967569914,-0.15580410488788693,1.055589951549632,0.5827041912729306,-1.2889809142408275,-0.7782555648630181
-0.7178642861363477,1.3215873466918397,1.2303356891859794,-0.7377136288802602,0.783205211527873,-1.652661686929955,0.3184471163879468,-0.9725489630272645,-0.2035004341351383,-1.423331116430483,-0.4900321112125596,0.3236224781370541,-0.1413092900961734,0.3186161000424628,-0.703647598322176,0.6475580670141646,1.5754701384674072,0.3545393790428828,0.8051757670703942,-0.27708135247186677,0.15850765621033666
1.532012848141203,-0.3324332791034258,-0.8912823659864477,0.2275316560611905,-0.5274431412218438,0.7993467588800828,0.5874187726977255,-1.568190749856605,-1.5351305237295916,1.4845259201096832,-0.6648557519803455,-0.4694157992041064,0.46102925732262606,-1.1001263800929386,-1.0596154817766235,-0.6172292724316495,-0.9516885841459466,0.16200393453828432,1.6181385605056928,-0.9038349223597084,0.6591485987440752
-1.5027485117354613,1.3394666958810981,-1.287988622331422,1.1278785220401029,0.3001728694677507,0.8024936512209447,0.16582264005169708,-0.8639970212648976,-0.004275545943882479,-0.5156232598368448,-0.5053158237819397,0.8995688240564113,-0.5029704221223729,-0.6964054792647117,-1.70901543202559,0.9628148213133767,-0.05993728099762918,1.5068583574194099,-1.1140596238958667,-0.5109918481517354,-0.8691989726094952
-1.4048188435286226,-1.4869507707442222,0.1284436160455797,-0.4928540762155677,-1.1412089131492515,-1.2848683616329635,-1.3971552912328895,-1.6569334412761305,0.6885154120785603,0.5580230705630477,0.7748787789278783,-1.0663026152402557,0.8391070231648948,0.6747120737841162,-0.8142863161563614,-0.16376956923503685,-1.2385396696372821,1.3487063124610963,0.8894503272652622,-1.596982078600824,0.07239020747293057
0.3566269514111953,0.7131163265604343,-0.5178046605169108,1.5621777868392097,0.45620943935380726,-0.5994845474379046,0.7375731364030805,-0.7028769540381011,-1.1940659319497449,-0.018945751128098112,0.9479894352649172,1.265377564110629,0.09690506788807503,-1.4151668357261975,0.01868206719707086,1.5718120944011396,1.41057546655897,0.05668318596917617,-0.5686168984464389,-0.7300947542647188,-1.0870616814132552
-0.6296181636717881,-0.6644956384474704,0.21639333745938352,0.1889567122025837,0.48652279108634106,-1.3583997048029939,1.1455154573666582,-0.48449939531306024,-0.30755156789677407,-0.7808294264421007,0.7048886375385439,1.265965061276961,1.615514749180622,1.6703536277122508,1.2055650697092557,1.4254202645633594,-0.8071570374498794,0.9742898594506404,1.0956445372964856,-1.3292421384914688,1.0931694097118305
-0.6249283415724489,0.3348089759561987,-1.012366698769233,-0.004575790556764504,0.5962552810734388,-0.7806899509663824,0.7748190979392369,-1.3865896096857546,0.29310176040699065,-0.5378301079389645,0.07829482798684274,1.1670160498646058,0.6964851506906709,-1.307097561509011,1.5730621294118496,-0.04882682154758698,-0.16035153742237865,1.5324154102962875,0.21376981768145722,-0.7306351140318816,-1.3835012632937977
-1.6766897458521324,-1.1933828464380694,1.3508288267250195,-0.2406505863058886,0.25431381303537437,-1.095701042409624,-0.14088295637045578,0.43805548731722704,0.27028972482260144,-1.2407059603350274,-0.5869520308130275,0.5836628288964881,0.463900851232546,0.2728540986196619,1.3999044997259635,-0.012176577282751653,0.9171282680302494,-0.4958291602836896,0.1611917621643833,-1.5255144255595865,-0.11630343662906352
0.24884579958984207,-0.9576355279158352,-0.026871070590560677,0.9883939263178617,-1.0955181396703986,-1.4349169677662776,-0.3518289958136845,-0.2968965675908396,1.349706336634415,-1.2201059394370435,-1.6044612183948008,0.1431365771150076,-1.231017400618569,1.3237310402318803,-1.2918965728250111,-0.6757927035042377,1.1120446801429529,-0.5790087014741037,1.2895991742541733,-0.2419887061758796,0.030575930669855287
-0.03262054041204573,1.6626356962776627,-0.11139187106559806,-0.7840511315669743,-0.8967808812177334,1.0167980694049117,0.3104546674037472,1.4302676846121798,-1.4938496706704043,1.1043572739719019,0.7478364782088669,0.623885388327281,-1.5605752889553517,-1.2679156559156184,-0.5181365830457323,-0.9201237807663957,-0.04201073754345798,-1.5596941550620735,-1.6497273002230355,1.7373664156019435,0.27722324358002964
-0.5110838604051361,0.16856613256199665,1.5102315076196504,-1.7578406119382852,-0.6833936273996913,0.44115818086846176,-0.5697408875356509,1.0853676600505726,-1.3003749834396785,0.4487350661544945,-1.357246923064178,-1.1365926102103199,-0.4408158026133971,-1.5209395728498731,0.9490602523783118,0.8827367557836757,0.6735116369020149,-0.6941475380051723,0.4846598588652453,-1.1485426971274386,-0.6638858438084368
1.7255148382483152,-0.6967667510751901,-0.7083778856928825,-0.9265102582644664,0.7152089233240982,0.4162957019876759,0.9786604907818139,-0.8143694394394532,1.5145436925853157,1.0061650400545132,-1.2571573603031514,0.380730289602517,0.39671933482152055,-0.7915434610238061,-0.032264548809854646,-1.1949086646990679,0.860755029380053,1.6164534392194227,-1.0140530425622047,-1.0446426286702604,0.17994159525651302
1.259475502039689,0.035789498366778,1.3648983270083646,0.9925378616192824,0.002445727441301845,-0.7197816584648732,-1.5661690649658082,-0.5586378409051833,0.9445368219889261,-0.39908651978478915,0.9311275465833009,-0.9882610930971646,-0.29702729434458636,-0.9424510774145171,0.711197151748921,1.0710506596165588,-0.9314830779722153,0.08680909541559269,-1.5482351158543035,-0.684427581587813,0.8890331747192
-0.6961730905395264,0.8915070367476674,0.6532872381464103,-0.26587607586402556,1.6781928863386295,-1.2980108517599207,-1.2143295504040872,0.3029256221449328,-0.43459875910197565,-1.2390369295855903,0.5712203997832774,-0.9352252118806424,-1.6763284093559152,1.455639274636866,1.4042070511091587,-0.8311484407384062,0.7342679106903002,1.3121882187311291,0.507051484679117,1.351440489302165,-0.45560081720675
-1.6615794994127224,1.4073935807668598,0.4808342754154515,0.673790857697131,-0.566024518783332,-0.8065644719447256,0.6900396435043228,-0.4295266635774827,-1.2847624714110113,0.6336747573664653,1.2296849777489534,1.6964417254148674,1.636315555484539,-0.04615742922941583,-0.10540780182395472,-1.6853171053368337,0.6610912172003841,1.1280853466205465,-0.4851682257699957,0.7325558942879917,1.0570889366344869
0.8896077250990256,1.3743011007881423,1.5508643476628603,-1.5604127501111962,0.7074491983832593,-0.3668458675616364,1.0543433951390515,0.5100271197632565,-0.4199312278365377,0.02795261922465018,0.9832169965269248,0.2593970912164799,0.09648290178968459,0.7905494337119012,1.372656031906801,0.8349135350009667,0.051082355833729616,-0.706922992533162,1.4976868840910709,0.7884467637599833,2.3310132866480218
0.7232429604211219,-0.9870505538798862,-0.5189815756049553,0.8692452344584508,-0.8017160386103659,0.7393553528506217,1.5628821161274729,0.1640567773036638,-0.24407195749021426,1.5978972384552144,1.1714102694390587,-0.9906708124773924,0.026775608284672608,1.5710554848489375,-0.1642706162463327,-0.7684943187224648,1.2655572256839343,1.3706141900203295,-0.5493410913877673,0.6383435662570547,-1.6590561238401902
0.11911810834937188,0.7238506271688685,-0.3382324304621657,0.6161329887211582,0.766918656337583,-1.4300670964376117,-0.1866504288654631,1.6891164609804816,-0.8705843699141302,-1.7265866370324476,-0.9541048162834717,1.6298320448764598,0.09648009985459066,0.6071620472576874,-0.4980639538743987,1.4591394132160909,1.3811457946150838,-0.8725674363958994,0.3704523718779495,-1.0985556611237528,-0.3061097506630511
-0.2776335925760542,-1.5925330826876716,-0.6600423487919255,1.0611653360335014,1.6700271714145305,-0.878438584047829,0.026553038476490303,1.525820218994568,1.5528999096224183,0.9598387705249571,1.0109663482499027,0.9100815562737168,-1.3879273806411627,1.523152772671756,0.5787525523081712,-0.09306846312882094,0.8701021450532137,-1.0203550054352157,1.2632378552441224,-1.0591482104396075,0.7537007268490445
-0.1715687848450822,-1.7379360408880402,0.2771809163720802,0.42606053830558904,0.32119572045126576,0.8169382331010698,-0.16102523750738226,-0.6916958623053536,0.8425637731762244,-1.5620408305068345,1.1641356827969451,-0.6583521700618697,-0.4144510784164182,1.0544472048081466,1.1857429883183344,0.8063329848040914,-0.9570177436896272,1.538924274759361,-0.27192264833706314,0.02248795504459954,-0.8715612044909444
1.6018451767072734,-0.5597270559760744,-1.1552666175107502,1.1418429983050495,-1.408246115429251,-1.4988271335804786,1.1742402913073657,0.23386694213850795,-0.5558786360841487,0.8027170603786316,-0.5856286135315966,-0.4461499346443885,0.2644018724758754,-1.416017252247557,1.4208990791863123,0.334861399184524,0.6848991749562455,-1.1417087608566847,1.1044145423573657,1.442418375348814,-1.155050497794186
0.29853834357216175,0.5697591087384338,-1.0701561516058926,-1.764465398871549,-1.2098668303419964,-1.6634993506010227,-0.9770481757943807,-0.3390851943763005,0.5992917623753606,1.534796866909488,1.0848310727928843,-1.4225242750074607,-1.508050009767948,-0.6380492780635842,-1.6904121226047344,0.43585106456436506,1.5682397803413415,0.7506145563421346,-0.7112754272205912,1.5356059295247926,-0.7715717000563471
1.365734151126182,-0.00467558791070084,0.09308303032561273,0.6347561622407687,0.2967468724383798,1.396305855693571,0.3146107149930921,-1.1951404792869749,-1.0011229539463333,0.04724628388935108,1.2178877363649538,1.3286484547538235,-1.673571826571708,0.6182259381147919,0.9162071593864554,-1.3092060925333455,0.46784126693663763,0.6202151999837461,-1.1641006122654083,-0.6957341439009649,1.2209032812690288
1.1024356166417963,-0.919559393085213,0.8779959769730543,-0.312433897425947,-0.06814256878447755,0.2510698986422017,0.6174952582417074,-0.2852406967005117,-0.9681545716895472,-0.0812613277494787,-1.6642590815291949,-0.1773630237836329,1.3285886597483505,-0.7326326164413395,-1.0665575631931397,-1.3730823821864675,-0.9038233968719239,0.4423609970439617,-0.5213056236594334,-1.5289135981735325,-0.33220140249493185
0.8692632933906601,-0.04296311249990458,-1.5979250597994428,-1.3277319253180369,1.676698146861955,-1.309490618148183,0.9462908312208952,-1.3545008094570536,0.8719914678716815,0.039817373764625026,1.0662414356940073,-0.9997029493928785,-0.6236662069129894,-0.7934987395240798,0.5168456887126027,-0.8906102613319306,-0.6776272137165092,-1.746053553400793,0.9537578337204535,1.2226089183421798,-2.0844735284392346
1.5637737718052482,1.6186447460352944,-1.7637255497155242,-1.2329240200970282,0.056224848605993145,-0.15128099183293603,0.5700810283850034,-1.2067152587155405,-1.6666188907206678,0.641835589486733,0.7822719573553292,-1.5688887713624065,1.1969726717258082,-1.5526830757877537,0.8059852324759325,1.6733642766626498,-0.35327436394014033,0.45879456743087627,0.8186458273304219,1.4345206627890097,-2.598660689954948
0.7683012693614636,-1.269603987912086,-1.2343494081482684,-1.4884664061829047,0.9116215395466185,-1.3473293485024052,1.046385711791933,-0.7665960730995164,-0.8278486638529352,-0.7086265607224763,0.7864805050644218,-0.6864949208326981,-0.1078964254763656,-0.2433593924444879,-1.682476265589382,-1.4211735643991552,0.3840664665123793,1.275510427680914,-0.7521285102572537,1.2710495607303987,-1.4851260120698724
-1.4112785802617827,-1.3316266030126245,0.8887961083809252,0.6723687245944401,0.8686963784828758,0.38496834391753204,1.2591657888300647,0.4272570921853395,0.6659493813814492,-0.49998475629983513,0.5135053589630086,0.598256324253994,0.029665937807891108,1.3581942551211474,1.564836140563816,-1.0117067051367152,-1.0677065534271992,-0.8436041052386724,-0.43732952555218474,-1.2955926474753043,0.6796272421277617
1.1722738403479682,1.2375689659947642,0.11269095650303478,0.10960092888690741,0.9548387977544193,-1.2823735607529296,1.189783099677712,-0.9269170474917482,0.5662414363945746,-1.05223938544515,1.2325530712484212,1.7535896942975306,-0.9350390362938401,-0.7911380730751912,1.1826917388280762,1.324812788389887,1.041074441898114,-0.7300879287788575,-0.9794575415615171,-0.001307215956688703,-0.5976124598615372
1.3639963522450143,0.3750935698291005,0.01293524329819156,-0.3690287786763393,1.4663485222074484,1.662164704242208,-1.4151931705862069,0.3213789444968868,-1.2733290737509837,-1.5150558868733177,0.23779767170964483,0.41223347186718573,0.8249511158548919,-0.17049110421631408,1.3724299218968887,1.154978197623355,-1.6570073983245626,0.49731666165310984,-0.32126948664818833,-1.683813100010695,-1.0918250362107966
1.592777961301037,1.6070460569723135,0.5169621536549438,1.6363490091041129,1.10098942027328,-0.6674353136711981,-1.1964741341468883,0.3568080506384926,-1.4901888887468164,0.7548644804879773,-1.1620411882965265,-1.4704571639032737,0.546385084251674,-0.5776738583776498,1.4183254161760166,0.025150818420582186,1.4402878356383988,-0.7489623911649257,-1.2322924069584515,0.8645983024398196,0.20389283673851805
0.037380916998631296,1.2696106762232904,0.6760151240072588,-1.3146892832536468,0.11926321876856576,-1.312939044515391,-0.2338519251478459,-0.05621103126874567,-0.05413283257895802,-0.98117073364352,-1.1106982253937572,0.26215934363686827,-1.227705867864449,0.9673904859801457,-1.1815966841227405,1.1069637326847963,0.28930551815736383,1.0650167888160194,0.8787078151069588,-1.5856955288631507,0.3697177874348381
-0.7078630458123542,0.952831072582571,-1.3343560935092678,1.3937021518909627,-1.3351216501388843,0.7211153814702828,-1.2943974931185176,-0.10684076900735598,-1.5197442875308267,1.1880726550907417,0.5700835379862982,-0.5093233737775069,-0.945838120774998,0.7973425169247692,-0.9797819128350923,0.23615533358701088,-1.260740613532007,0.8226408526682826,-1.4718212438070812,1.5593176250881466,0.4068860515885525
0.30497985005460543,0.5310317264929609,-0.13528786857612815,-0.38084692021922395,0.0573660780661126,1.1224486364457336,1.1565464280545938,0.5114970819100052,0.8014976666848858,0.3869114778636649,0.6921432754638149,-1.1977507083210472,1.6017800806593556,-1.1742664673729468,1.1407832858948357,0.11544894493581544,0.5959705712565585,1.401583393245896,-1.067616488592155,1.2319136883824555,-1.0564158655457263
-1.4782930385706192,-1.6024121476190976,0.7440063742317978,0.07146781385804268,-0.6852821251199246,-1.2357233021028298,-0.6942407971143685,0.8461049707582713,0.5270976984822446,1.6895831210672612,1.5642484365828606,1.4630483745257334,1.6814554915752864,0.7789346758576221,-1.1120826368444643,1.0050691903061317,0.6817163690398956,0.11167751700578323,1.2463269571739977,1.1580100784702196,1.8636116075496025
0.7486925049055809,0.44714988251298704,-0.16571406696528887,0.25475062183386316,-1.3796061737460261,0.5612985379569078,1.2497526845583002,1.5844098513703913,0.6618584715000816,-0.06817720204401102,0.965006392960402,0.23939897311686398,1.03493459878328,-0.0704454053610824,-0.4671139556718607,-0.645003162983852,-0.6974937107801189,-1.0108046397975456,-0.18349100458379555,-0.20980212174889043,-0.2675611244870082
-0.14610187051632512,0.1670932470790963,-1.663158700783766,-1.6093419030929228,-0.5501152634462723,0.9656194307468934,-0.9411139839782549,0.4825436942873231,-1.131870353853788,1.0272296743941225,-0.8102233200406013,-0.16015536695918797,0.9299966034533631,-0.2730684690611539,-0.41816028995205046,-1.464750094923145,1.8365788251253354,0.31236432753417337,1.321063047228295,1.6448938027096924,-0.04723750978232104
-1.6728168138965092,0.8805147953420882,-1.3684016796226863,0.5023185182108538,-0.8404271152126513,1.5815938074932112,-1.060185148270531,-1.633380265872661,1.2361832038467944,-0.9318171531207567,-1.5434265127261104,-1.086586932428158,-0.09721545963804545,0.47295606559709813,-1.665174222010738,1.0872841615930997,-0.6747091761638283,-0.9690786901715625,-1.304961887823372,-0.17447504669292332,-1.1768009504686692
-1.6172686919807788,0.8038533095859988,0.11771243784967252,-1.0169869849869624,-1.5381327312606266,0.3483746385493296,1.6748624040960312,1.7368613303320486,-0.9367284165624349,1.3832471384205338,1.3862757189219916,-0.4228503371049555,-0.407843532358255,0.9414115941325754,-0.47470209685546877,0.03149378640736386,1.690924368456775,-1.058419639208389,-0.24955428822794423,1.420057686178338,0.6827854188794862
0.85609117529025,-1.7471338481239882,0.25856059454827185,-1.0198694731017404,-0.5039005696366103,0.22029318469397555,-0.6754426529190644,-0.07661360275479313,-0.4573078430038863,0.2005616358607014,1.2698619442064565,0.9691414999013989,0.3042704187318138,0.855119563781773,0.9547201688451361,-1.2939843835925167,0.08766957890783403,1.0283627719784205,1.3472266160674577,0.6842930023842939,1.4398391782197881
-0.6085850715293286,-0.9213948526696618,-1.4404614952463233,-0.16265271821622201,1.0911426508021773,-0.37555179373385333,0.19158854345127632,1.7127987575157215,1.5522786442099463,0.1042640924111385,-0.6192050115792104,-1.49853679503868,-0.7045427931663509,-1.5874821992151305,1.036957877771308,-1.2295903967239004,-1.0174667682392475,-0.9305963787326414,-1.3090491405960656,1.7267611617713847,-1.8779973236701222
0.4445656338410517,1.2091634686948387,1.282056684174625,0.9247485335859608,1.6055714688152538,0.937470991326389,1.6291399790149959,1.5865293277001293,-0.6969782291610572,0.25086328178922335,0.08538251180548793,-0.8913569162089742,1.7276663511314017,1.548991751051621,0.8385688433919452,0.35019479310912377,1.2418314283349379,1.483865209866849,-0.9672538640547642,1.2920559798090165,1.2699677856357445
0.02862361375061075,0.32616005391944475,1.0886109515181686,0.6619511564141368,0.16183816876738047,-0.858229286827127,0.4523789233556559,-0.6107138318450852,-1.0286455997426986,-0.4674333973851645,0.05706280833847956,1.1423603728320857,0.11251184404269975,0.49848031076742966,1.689973790669456,-1.347278137511175,-0.48356094672470273,0.4689504316956166,0.8768309350704917,0.23746204036734683,0.6433055868561077
-0.13142272581797826,0.647849756745603,0.9059322678443545,1.4980918959513387,-1.430001999344592,-0.6666027537712935,0.1443926342369793,-0.2886382590464554,-1.144068553311734,1.2192609508652406,-0.5421700186701334,0.4627306833694937,-0.9797466406633827,-0.36994709049131563,0.9710302722668771,1.0762885751572155,1.4634079101897224,1.2491189579099946,-0.9957768355935035,1.431585365410334,1.6050659830308192
1.2417610059702746,-0.7946418382671399,-0.7298081789778109,-0.15629988760924812,1.595498438754928,0.09451863853762925,-1.430929450106238,0.5782440037263318,0.26068876863537127,0.71201776308909,-1.0753494100354855,-0.8411943320289466,1.3329093343787495,0.7491050954089071,-0.08133678488696926,1.6835838312011038,-0.27611673760036615,-0.3201679095639662,-0.7521752463755015,-1.3629963664922595,-0.3162029164685481
-1.5065909507049953,-0.7348538496687287,-0.3711689648883843,-0.2567217672363703,0.9483958199300936,0.4831316485683687,1.24317630282625,-0.48489912250336487,1.3375097639469724,1.0131972479516966,-1.4611416024064094,-1.0460373588691219,1.1267948849438096,-0.6016333826119998,-0.08794989355856665,0.31722241938200196,0.6396411722516537,0.9794213479928134,1.0229013412634598,1.7228470130564915,-0.034487041378061085
-0.2667667560985831,0.6996250348665816,0.8224560847514237,0.7992220006078535,0.9283024037001149,-0.2633971153444673,-1.0359202900851245,-0.7191156035290032,-1.6650933376409156,-0.08437974905972247,0.8853259202161077,-1.3656980963661123,0.4225960943836194,0.933119895477603,0.10097314054908603,1.3988040601092402,-1.4457151291280392,1.2980749745801154,0.6428605817857419,1.3757819944128582,0.5563260661527244
-0.21670057975118381,-0.8888546053829001,-0.30642142998447525,0.030204783320131802,0.044496889242974715,-0.4810669348546395,-1.754471307618265,-0.2989902774576637,-1.2102606791342554,-0.5775817666219516,1.1510444819023162,0.549815020150356,-0.22965364424129406,-1.3552831804513104,-0.10644975016465047,-1.1059812245186371,1.4213423088217538,0.8954536351215351,0.06755575383299471,0.8954333695750922,-1.7157281477446547
-1.0755787808620192,0.0018134548997595762,-0.5374677517286863,0.4251896159505344,1.6508697276076985,-1.1205747895088927,-0.7690865840772457,0.6133738564000024,0.7164214996718213,-1.4990855236974112,1.2341316707722743,-0.45517265021726283,-0.21964976465092112,-1.2995152922951791,-1.3836334109477686,0.4794359964802416,-0.08228455240397463,1.3262510818933535,1.374344758596234,-0.22335432268904298,-1.3382869213926027
1.0719967507723374,-1.7602773072908153,-0.8902051872549687,1.5317320600215354,-1.1772298258223672,0.6397852616185515,0.5844347831480453,0.03852417308601504,-1.695365339012167,1.6672396032000858,0.8404928932360215,0.5677428436936086,-0.389890384667941,0.06011847226951377,-0.04228229258987713,-0.8339818809300522,0.3751548652247161,1.5038010924127574,0.7145816875669445,0.2541063899437566,0.7348023951365847
0.08106259403999194,-0.3009357667630795,-1.6342298119101817,0.2003602876662541,-0.831115451873068,-0.10385632701412834,-0.014074265308169997,-1.077416136527065,1.2184055081021896,-0.5369156153951639,-1.504344678967576,-1.4379651345255258,1.1813733584244737,1.479155806169048,0.47026292232781164,-0.563694954888646,0.42098745591059555,-0.5002377713463131,-0.011083895813782794,0.3258006363815043,-1.4982092766255657
0.42303849271781496,-1.19796929844437,0.577477842916656,0.8415265834407754,0.6368786502888458,1.495954653230426,-0.9169243815275406,0.9776370530622934,-1.1716203781388552,-0.4241807864842951,-0.21832411153217596,-1.6372357944815563,-1.1068087175038113,-0.6868839500729951,0.3491255423521692,-1.398097202672316,1.6618525311410879,0.08747632283463606,0.35344321636928366,0.6832344376687685,-1.0140119321260213
-0.9106694123440713,0.27677810974008993,-0.6167722424071983,-1.5548094193714739,0.6883642266792637,-0.5228550442332796,-1.3389695870893943,-1.6698684290011514,0.23679217056284776,0.7803014977242616,-1.3824305300245563,1.309038009728845,1.479045058731523,1.7165711263782046,-0.08033899727109899,-0.10588540965691802,-0.721797375238843,1.5350376703400772,1.3666562373695625,-0.02142184712986172,0.7184447460741522
0.48941080571681744,0.1152490105350149,-0.48777257428753784,-0.6021095033125738,1.096516828994434,-1.1780307702187691,-0.6538506445873462,-0.012402178752903007,-1.4223551868284021,-1.4169954795429605,-0.09316502414293289,1.6060963406957365,-1.0950026945917715,-1.572358794920791,1.3479840580412412,1.5987013716696856,1.8291618350320535,-1.5464643475890951,-0.02280810549634381,-1.1439213284121201,-1.2628892327079775
-0.7767486480409712,0.41265389950256764,1.6654413125642007,-1.4720509334292526,0.6958597199020508,1.0454847365365902,0.27552745794419436,0.402797948761659,-0.9383195506782614,1.2421769800049078,-0.7263386065114212,0.2599221830860782,-1.3597800262337933,-1.1709413117836325,0.4746641620223914,-0.7738187740685953,-1.4007503604732443,0.562603327487557,-0.17679840942327363,-1.3430198662722836,0.39839565191075105
0.15809248586324615,-1.4701598646562966,-1.2704229752556477,1.559447033777697,1.6639242186003176,-0.9687593563290782,-0.2826582687165217,-1.18986853908113,1.628598012187379,-0.03462348533416112,0.24007729057014884,-0.2618425155178199,1.3257362765835254,-1.1569214877435663,-0.3957048046512012,1.4424257003082108,1.19545507540733,0.43583533657762985,1.2286371053272633,-1.534987785283076,-0.5061090156273669
0.4726016012840853,0.35629075580096287,-0.1687338706172605,1.144767463432597,-0.5741081919698989,0.49083928278737265,-1.0065428525100835,-1.6076266675918565,0.8206093179403611,-0.6273557057443407,0.8651185088248549,0.5266257917793864,-0.7977994315645222,-1.6701202383348368,-0.11474254994569663,1.6368035883834353,-0.24588193821041654,1.514937467650487,0.43267472930927986,0.8361163778831529,-1.5406478275674764
0.6701177204319474,-0.8877654303997458,-1.0556883142530296,-0.4265580534564539,-1.5016810163671435,-1.324297572988471,1.5744778648160598,-0.624063893608516,-0.740467026539641,0.3865942674358813,1.198686173505237,0.8805011063231847,0.6740797629704414,0.9538273334807648,-0.09890546984778256,-1.372862287062097,-0.6444745062616786,-1.1758669929564405,0.7894732758069648,0.0629445304061841,0.6902205150501416
-0.7179561001613717,0.7018195230452207,0.36284884171269,0.6121315416477259,0.23871470108697,-0.8014128007829873,-1.6700891801456799,0.23518381893302326,-1.640407903804574,0.7116768804093362,0.11045680553560902,-0.8293958458386846,-0.12387120742107754,-0.7969960454892274,0.004911516551783329,-0.10527727532404589,1.4724482456970533,1.0551388269965225,1.5837575739470948,1.1998169055554737,0.5233094338442555
0.22613619665146664,-1.1463178800990856,-0.2968517561027464,-0.9263583928883828,1.6091223042259224,0.7338070471866021,1.024376538740943,0.9923823700911553,1.6252647735544064,1.5118396964680245,1.4559624402943925,1.0557712968373014,-1.1008161965247998,-0.5879278382592853,-0.2700276886923721,0.865441674305948,-1.560553919199092,-0.29680693086982307,0.3870955681461745,-1.375167457721446,1.420500701888578
-0.22116429979709806,-0.18992207137446873,0.16413675806678432,-0.5779010255620255,1.4902340187885654,1.6797164135510505,-0.01409814962001338,0.2619016232632507,1.6887599604811114,-0.07021549321822616,0.12759602037535736,-0.9305315920199371,1.7553278870921205,-1.231340970049448,1.2338980715189949,-0.6962305365970102,-0.1530009007752241,-1.6537457939073348,0.2963681685984738,0.6961903982346537,-0.7519112331556908
-1.0593720110963534,0.4949860500921233,-0.5962846090649421,0.9417968814922822,-1.2423627779288562,-1.577900979997142,-0.023716101969385266,-1.327962241467654,1.1969504141741936,-1.2894842357413758,0.5986099197695985,-0.6140549086134567,-0.01345908098435116,-1.3411646076043815,1.2981361758526369,1.1849864382866828,0.5751768224484638,-1.3486370968592571,-0.1874685609616002,1.0820586802122267,-1.7801890520105563
0.14724855220192984,-0.49164659744831096,-0.33073889612087765,0.6628292779552942,0.29071879397757094,-0.627693304307768,-1.2153611849327532,1.308649714279076,0.9580536730755586,0.5513446232281979,-1.1855179094527628,-1.6013976408671573,-0.15945880629868164,-0.8770787560653731,0.18718307842357354,-1.3420189184169444,-0.8326597966183406,1.416495494676216,0.24215453981541266,-0.3181683717071967,-1.139576882361066
-0.2715077957118863,1.2862247923440788,-0.8749627204704674,-0.8762187620337376,0.7516022626005695,1.6635072663519395,1.0616910545547054,-0.33491947968314556,-0.2623229252735903,0.37724447969347324,0.7935781363615695,-0.5112730349601561,0.4802196458994212,1.4963625476236548,1.066576663309752,-1.547394335241552,0.6448046683340715,0.24929552071878677,1.4508507539987556,-1.1075779187641779,0.4990165891091004
-1.1274752745487908,-0.6661121828955693,0.21352107927184516,0.19334329985585536,1.1439856828388928,1.0630402905008849,-1.723107128028021,-0.21634248586084806,-1.4215712719531919,-0.8300828822530808,0.5686991059951116,-0.30798315459489867,0.9653870444577267,0.7941682223431513,0.8560273577683032,-0.9077679116299835,-0.9490889019528194,-1.1641772007598212,-0.22871717045523665,-0.7520328686626361,-0.0010962814067484515
0.6526066485530859,-1.0494888922445418,-0.1470954251342631,-0.166783928828234,1.161306354904984,-0.9529680160482785,1.6377488917493446,1.045322765258134,1.4758994975833868,0.6304199970890985,1.2442021351027426,0.48842335457228686,-1.2766015766619434,-1.3143334333225265,-0.6030300022464832,1.626726187655245,-0.747403621957688,-1.050281613407448,-0.7918553922240316,1.6582815301628233,-1.124129169019122
-1.3104629534067833,-1.5595685137284876,-0.7104285509640265,-1.799832251542314,-1.4809139776093205,-1.4317390111792336,-1.1022839775030546,-0.11749108308893016,-0.6327949678559023,-0.6353669475605258,1.629540343372554,-0.5715158976551125,-0.31634805697971863,-0.7347669877753975,0.5083228534130086,-0.693778793991888,-0.21728554448067552,0.3412925888464605,1.5228097675649575,-0.044220844696549716,-1.1429637572195204
1.511748824974971,-0.8317284691106428,-0.08654946264589677,0.3838444568081719,-1.5973984809038473,-1.4975497207545934,-1.4304264732445073,-1.6702391452031955,-1.603557915639721,0.43591450825268196,-1.2753594515260687,1.5679299278953374,0.03278583531991406,-0.4862164696730514,0.9658199025240868,1.3618641465100014,-0.43386283821460386,-0.6365935274479275,0.29699807412743146,-1.638463990910437,0.8453938977425135
0.8925629409309728,0.888859990225459,-1.0088556344001962,0.9655305766329254,-0.48831459789760917,1.5985729654736016,-0.1979477891540867,-1.3421529591025427,-0.20160073253414534,0.4670818642460458,-1.0306202270350688,-1.4990610063514873,-0.06938244031457551,-0.10205541104826434,1.4388250914030827,-0.12645364900273862,-0.4148303342572011,-0.7251779085620599,0.793554116596489,-0.2779783175759795,-0.19315554684861547
1.265719417704609,-0.10237054317619185,1.6789123641758619,0.09039691724519276,1.6534705543759436,0.42002406307083284,0.32811479923727727,-1.1742560604511068,1.587302283464213,-0.995225419199152,1.0684104967927401,0.017387564517383713,0.0023342579942683232,1.142040078174271,-0.9512903465287903,0.8100776663856748,0.7421978998418617,-1.555981042360369,-0.9817274453194039,0.5214714691527597,1.5986394162813087
-0.4265041474696211,1.3391260664535447,-0.02745385168846714,0.3595073598745301,0.6658664861799007,-0.6054794501583425,-1.6366604970534715,-0.5053465582274609,0.15478853628161068,0.5746852594562006,1.2001879071348898,0.6555053147353708,0.8965659808477978,0.8161204883371228,-0.5138964906429884,1.1260441567074586,1.0253753639068526,1.6509525925486437,0.9398391452378168,-1.030003183668198,0.8610120174927852
0.4018580351010212,-0.3169519000094816,0.6902392633330862,1.3026817862617295,-1.1348519846926268,0.5086656480642233,-0.7947987927946067,-1.4083507901645054,1.4555568528537581,1.660414509164457,-1.7535301636146452,-1.498498699867304,-1.6204003844885202,1.4674296512862788,-0.043446629309247434,-1.544879694518195,-0.31284184573231294,0.6033057913005181,-0.02874523861914606,0.4246977412898303,-1.1958147420159464
-0.3348451628452621,1.4799131059416455,-1.502366321365326,-0.5089849587237971,-0.5588504692921596,-0.3480838379771074,1.4435634189966229,1.335037356979991,-1.0202562893810738,0.5488568285142966,-0.3992170736914126,1.003367655982744,-1.6719941919705414,1.2534774989711939,0.20322485955588077,1.5918065099558234,1.7192571598840685,0.25765757562332264,1.4147170235544873,-1.6807240680255973,0.198945536328523
-0.7824283988879621,1.356335261274461,-0.7340361325581362,-1.651465484809005,1.3270807743656927,-0.9609652848516197,-1.0786913283195876,1.4837623883820104,1.702645136681002,1.6452606397431608,-1.0727581393290262,-1.6591175117005355,0.446696669587288,-0.6686805122504121,-1.3093607518473853,-1.144642532742464,-1.128497285207127,-0.5540097261832245,1.3184283914959785,0.47794260840515507,0.19022717071726747
-0.8476548502316998,-0.6376396575633547,0.5672675342857917,1.1560952863397007,0.47971940598011764,-0.09599620292356853,0.2088365882610473,-1.4598008686091686,-0.5306655206983596,-1.6324269137339367,1.2313010023395212,1.0831853000204028,-1.5710899453370557,1.612878124882174,1.2258123768661002,0.7861721099205194,-0.4038757776786733,1.1168708412183157,-1.2092925728080302,-0.258561386942588,0.04752263717462657
1.062743498266879,-0.0035907317744530397,1.276628035901842,-0.6856656889746149,-1.339500640031032,-0.2754486261706988,-0.771323066590591,-1.6148914539841175,0.6247716983156855,1.5385025154649266,0.5254930061488118,-1.5938843898184047,-1.2986315161894886,1.1293866872059026,-0.6950455351266797,0.26249049454462114,0.43917585184926833,-0.594091923569872,-0.6160717643462095,-0.4247708871429049,0.49434887111944265
-0.7503896942453234,-0.5547727270986159,-1.3033192648342118,-0.6598125633542222,1.7055200971136122,-0.9609280217570247,-0.23506669216104958,-1.236941296809822,0.7401776342045661,1.0629768198069125,1.080539041985914,1.409037687551756,-1.378241357986157,1.386781579697585,-0.5013254078142423,-0.45707346453562114,-0.20923700259966035,1.6359083473626062,0.527741923063915,-1.3271554110330765,-0.3700891576555955
0.7540514198728426,0.18023689952595756,1.1904490462762585,-0.17270763206266151,1.23803515603462,0.5534221655403879,1.4148491385125042,1.0782927093262513,-0.4644976404261208,-1.174658834864297,-0.40360602503777543,-0.5876054666742436,-1.5740110127756137,0.9878955039945787,1.5601068933871418,1.6041348571964638,-0.1183890251927171,0.8148665817436337,-1.2176291388353901,0.7713208991560087,0.5416892171045581
0.19648832537537136,0.7061447001278377,1.6489594657561648,-1.622772111638813,-0.735465910104416,0.7832177814096204,1.543130216114807,0.9075533487326546,1.674365732769964,0.7692975182640326,1.3323222644293968,0.955493015366121,-0.4637360328746388,-0.6034170184261116,-1.192224213899711,0.8571632502102793,-1.0563257412440419,-1.0991492093830442,-0.8873394758273688,-0.7051206023193958,1.123101429160788
0.7925796094832518,-1.4882741237914394,1.0570578477305905,0.7609470527942512,-1.5635268211532956,1.1448365889865486,-1.5142357241553808,1.4707734962047243,-1.0375897633928182,0.697020732741406,-1.669837981261057,1.554081403243291,1.670720310232528,-0.48258213922891263,-1.285386624904434,-1.4507914643926563,-1.1260889199060606,1.2430152396234226,0.19294656647390773,0.7267778166321159,1.0497378740649481
-0.1815699616263612,-0.5826989328814296,0.6025218581937231,0.7570598491979089,0.5627167839396096,1.1963808701750747,-0.5582184113357094,1.0012273373988243,1.1992147058999445,0.6253105653958522,-1.3424839541331457,-0.2190730564836064,0.49146872486993354,0.8932139148849876,1.409328175350904,-1.6374151889398865,-0.35138159441216327,-0.819546923795199,-0.01499080192686353,1.0862719713701532,0.7082230774309277
-1.0442507317461378,0.7782833785242889,1.5906276912888127,0.44395084360956494,0.5848844580905588,1.0988673526152042,-1.4747316742459073,0.5314989781837095,0.848957526106123,-0.04618687836625763,1.0156600833363736,-0.02475053005748816,1.3720120301700578,0.8084907211203347,0.9029902758772902,-1.507310990730054,1.6411720180898821,-1.5823840868138255,1.5734599668968006,-0.256200537306379,2.151300064656451
-0.1891335981897354,-0.650469565473571,-1.4346499225803244,-0.035431864781598814,-1.451470450447559,0.23842502988425154,-1.0455588636307733,-0.11155246668536059,-1.2965388465752457,1.6671062333135622,1.2332801912923819,0.4482573073456374,-1.0029297622168851,-0.9249790044251971,0.1103699658122521,-0.4772761132974357,-1.5921478228685186,-0.08424887620760861,0.2602428276154227,1.362585162258922,-0.9058374247158356
0.5025029919771058,0.6286792953100537,-0.05898750095755892,0.7972712639939297,-1.2924883795236617,0.8291464358145816,0.17614491318891004,1.3206059745667396,1.611604759650821,-0.8679124550489842,-0.3919939692635807,1.2027590497667033,1.5780134153304597,1.7264618023245635,-0.49708631939007397,0.5689451100702966,0.516567229252634,0.4830339569681171,1.1789911145897627,-1.182857762724969,0.9424208389804373
-0.3417537623478494,-0.2270626605282076,1.070753247056986,0.49316888459665587,-0.24404181426920013,0.7410127682289372,1.434195288446545,0.23219166821125392,0.05567069348718497,-0.9095985827848737,0.19154001381568841,-1.322323727796634,-0.9845741425406748,0.16926392883414335,-1.4391194761691262,1.0634457346771151,-0.5910145957823967,-1.0255148452861071,-0.17091559099272313,-0.3313733498216477,-0.19738843355635785
1.3188834604247066,-1.0636556390616867,-1.4141053564951815,1.0890074439706579,-0.7785151564332529,0.01985550136784613,0.8387199495019714,-0.7815968145609462,1.505458113108383,1.188470129225909,1.1067097738505807,-1.2092744942984517,-1.1226291143195397,0.5588997409907246,-0.5242414163831304,0.024879829335104197,-0.6380004980156115,-1.402365860113809,-0.4768749297333029,-1.6853681349802054,-0.23928609455116504
-0.2822706458995552,0.9504907682375774,0.12711431404057305,0.6900458037270832,0.8077090791943888,0.15729323982748228,1.4444736205314215,1.6103567571828408,0.07231644804447927,-1.187733788349566,1.2221455290002228,-0.7725265269116638,0.06503704619342505,1.309074155289961,1.5530116612862754,-1.2798384487939276,-1.4469784092922564,1.6397278964212119,1.2612443717311546,-0.23376634811409014,-0.19995083720402496
1.2797283279139067,0.35158068718804253,0.9025921201895496,-0.5746629390110156,0.4275679116739446,1.057497823818385,-0.10443291391305225,-0.1548032191005355,-1.3440926964382727,-1.5128609781785127,0.8620735449611322,0.29985339764967633,-0.827629800941723,0.26536837030967775,-0.6862498222410911,-1.320021773770653,0.23547764991306583,-1.056670834043549,-1.6498539019536245,-0.7787068539614983,0.6600204954642453
1.105155111962966,0.15766610773418907,0.22392717467332537,-1.3048214066460195,1.117068890918084,-1.357426626659269,1.3500749972427768,1.7500964030737693,-1.6726421977178811,-0.5976406936482679,-0.5978573035655406,1.514973330781549,-0.7094053139987131,-0.3737511114221194,1.0734640277671956,-0.3254525553011916,0.5133364654157665,0.389205964743303,-0.6406456128790706,-0.31667759090928893,-0.07722165428519412
1.084819302480027,0.3279473937273642,0.01487960458941692,1.3225717141298032,-0.47334048434453346,0.39958474385609316,0.9454043434864878,-0.8327951905318606,-0.6749351038899508,-1.2084185022504348,-1.032032029670507,-1.3811818738592394,-1.6296673637552201,-1.5793518895269465,1.0707656236664127,0.4367759529900376,-0.787633912090649,-1.386387229062774,-1.1144200545480853,1.6189991674841437,-1.1945553024741116
0.29249432997999564,0.9330169100917642,0.34262409838183294,0.698127998513619,0.5733013867086371,-0.1805329996910867,1.6254668515884942,-1.0698538240665392,-0.6184282543983008,1.6706935366060485,0.7355292679476234,0.28322424303304344,-0.14126611670702932,1.552135563836572,-1.3699071511741305,-0.030165530043154164,1.0170110790536144,1.3174382400291493,-0.05772879813892203,-0.3828254132492315,-0.6292192646170165
0.09141703884732562,-1.5734240198857077,1.5879384182557557,1.2863866559592427,1.1316925422338766,-0.8410887816028632,-1.5461884029464605,0.6958564854958872,1.4238058979837673,1.1167871173915813,-1.364979666176998,-1.101941796055828,-0.954353732678065,0.5277441198109677,0.4754719678578876,0.10313589405827908,1.0323027188646023,-0.18292702489704044,1.575543931937574,1.264739126692014,1.9657353387312018
-1.0379517719964904,-0.005320597383876338,-1.2655194142755577,-1.5481919374635345,0.590615899373701,0.971575210113857,-1.2075470776498394,1.4825645364493192,-0.5221784070435853,0.08387753946374239,1.2046277035267983,0.02017715926960078,-0.9879829102956352,-0.915521091184766,1.6645435870165375,-0.5041461589691849,0.6479347464734788,0.717200318036725,1.3579264716515556,-1.562391235483959,-0.8009555529455343
-0.45758163937347907,-0.9632302850809905,0.7344920768709261,-0.13212492849866947,-0.9370905753151847,1.4054254777942072,-1.2732768898121438,1.0759759910420377,-1.0122378381660426,1.510032627994395,0.7570610787306223,1.3158469084799715,-1.5878181502125415,-1.3116444068917188,-0.6090981327947645,0.8606667526806299,1.8235642085852397,-0.4115568390511538,0.655091777606057,1.3413985794881866,0.15537874604494245
-0.9422051562496196,-0.6737696454815311,1.4350086067847774,0.10882703085574741,1.6559231236521543,1.2426163921959048,1.4525273832914294,1.789627524644875,-0.24333923173351157,1.0058561076256514,-0.4461877088823811,-0.6760064621852716,-1.073020016113872,1.13512582173719,1.7125897985596594,0.6818019460189378,-0.18129521035576424,0.030875255643803418,-0.299346378734978,-1.6771601435483858,1.2004664163128043
1.622094557164812,-1.0783704510894805,-1.5869179022184254,0.3935711272710324,-0.6847108189921857,0.6081824856524293,0.0823802053711624,-0.9773167333133342,0.6801276534742309,-0.9491986181439883,0.4753830569593231,1.7069495182792107,1.2944464685050656,-1.3152126457437419,-1.6482566031721388,-1.660827019646928,-1.3071260870008816,-0.13290013490149816,-0.9534289852675754,-1.0015391220252645,-1.2664190096815129
0.37897550546029135,-0.06956027014088759,-0.7055168425117977,1.3940375490602406,0.0018101767769084951,-0.18940265541591153,0.468291331140769,1.3636685835570854,1.4368020605953162,0.5108261105062576,-0.09773820180703971,-1.426622041979683,-1.0187386403610492,-1.4036397321103093,-0.5554176499308768,0.15033453288838214,-0.5465119565143227,0.8658540239376812,-0.3080558505881041,-0.9120803110015733,-1.6335942885443275
1.6637572652880588,-0.32520776876110385,1.3430463178299243,-1.7090641083286855,-1.5964710739021648,-1.3200194901300766,-0.9332340125967733,1.1560946439132411,1.1956561463130466,-0.6843880792472009,-1.0343418738767263,0.2541110285009931,0.08830424235901733,0.5296318600524893,-1.2416381618935162,0.45393651124863765,0.0005848927969553985,-0.43262716517323285,0.5070029623557871,-1.6473428882648788,0.5460826729435593
0.04742494475509187,1.1113938718189265,0.6899470960489866,-0.26355625077788764,0.7512299633530364,-1.4825168444884016,0.2129806060307023,1.1253207608554776,0.6676890628335557,0.4963767076207458,-0.9358840282734119,0.8494339334318736,0.9673294511285861,-0.6481663127060541,1.1057809150148261,-0.915028217075135,-0.6491565864085646,0.99144587898759,-1.3460445866878716,-0.009860703283123893,1.1025391869738101
-1.3933039523489779,0.13388315714745727,-1.5529151564414374,-1.3885524942414869,0.9014614656314239,1.3406930973296556,-1.744822344850259,1.4473059592219844,-1.0529632395208048,-1.0392485521990804,1.267171199664813,0.10725188859342884,1.4380029425086327,-0.08124418297489734,-0.5238449300882977,1.1543527417889583,-0.9546401426245605,0.6520103384551904,-1.721519487521462,-0.4660696888347231,-0.4595924041229363
0.2753519057078849,1.4077249209123481,-1.4690256598180562,1.572817864595592,0.812612981119866,1.3857130576029415,-0.372384102794804,1.3264979830520733,0.35438163407363243,-1.0168932165284181,-1.4963811093629977,-0.006161951722597483,1.0069799244863034,1.3569033712133458,1.457306357257103,1.5256394076881525,0.20577586370969364,1.0209100082384672,0.1250516761395557,-1.1721056655851803,-0.8685616841523511
-0.33021174551497817,-0.7224213421019411,-0.5530515539852561,1.592228815898816,-0.851899992175283,-0.5646071956757233,-0.7002023177666656,0.27329332608369933,-0.3188338132039995,1.6803005696341005,-1.561702484167078,-0.4708035794995559,1.695452348180195,0.7645058123334109,-0.12095236444081701,1.4942176021609281,-0.5904590640833004,1.6884909538333686,1.5793770500881537,-0.18396927649498157,0.6672858635903273
1.7339906489867574,0.8214987295879386,-1.7635479383551325,-0.9722904666599725,-1.383527080872495,-1.5670983127636895,0.807765747255431,0.6541227010398586,-0.6877019798232176,-1.05605266009513,-1.097165916880565,0.3552036137041419,-0.418504564227328,0.40790387252744714,-0.8559135431650146,-0.39302383507350197,0.26080985014962876,-1.7036315657212382,-0.5902250069200619,0.34393979999752905,-1.799021538967422
-0.3577891395472175,-0.030992327602732177,0.6645194481027523,0.2486172342350045,-0.6656983474726396,0.2766643683995999,0.40807059611953256,-1.1365859330846988,-0.622531376916832,-0.44943861109563543,1.2091129557953808,-0.11669463807004576,-0.3976342895242129,-0.6962739793947055,-1.5725328857295926,-0.08238312889219027,0.9701481466257711,-1.2186783175034834,0.996108474892712,-0.9595545852940112,-0.14986584845978496
1.4338342295118942,-0.8320905012798488,-0.12523676615878965,0.29389030992559945,-0.002561991582315358,-0.9426789656783459,0.11670233726138986,1.3975592552613882,-0.6493910909517293,-0.025548479270437355,1.5292994452034427,-0.44978475295403353,0.5194213773034778,-1.3877525860346773,-1.1799830803556544,1.7195519623924673,1.502232586554848,1.4651729946365128,-0.820558023311623,1.5814799241962183,-1.0694370145097791
-1.5249370304840324,0.9716216533295383,1.203181757841245,1.161923774680258,-0.8441654628526138,-0.5907968133368126,-1.0783744236464574,-0.08862652932372798,-0.5926007284965694,0.008946878427971542,1.2330817248937762,-0.9428369910947068,-0.45906355696305734,-0.07680577227397699,-0.2904807369336139,1.629644101735362,-0.1641877648367482,0.3007895231851186,0.45894528435655496,0.12813923779353403,0.6027950714389159
-1.6657587611130635,0.7813468691318507,-1.7249535882430134,-1.249751815942853,1.392492664288828,0.054048717580435245,-0.9317774540050792,-0.4920442141872398,0.5145498681048213,1.2051777678719804,-1.0022763380823778,-1.5307642831296628,-1.7238848327000174,-1.247111009711883,0.47246047859593776,0.4703323788655835,0.015992149994611002,-0.9524164343718546,-1.4894076668110678,-0.5285408770983057,-1.5569700162511282
-0.1754457169414726,-0.9046828796353678,0.6341269667735794,-1.6660224895534197,-0.9172981319226179,0.04735574149442849,1.0467760567385112,-1.0507756846810201,0.7213207891095667,0.4059419385888263,0.2513146233458746,0.5053198422231818,1.6106484541401964,1.4795526849650098,1.174235238029875,0.8718219286044537,1.082505040105866,-0.8860239676311176,0.4270289143106035,1.6596854164809915,1.38856497628253
-1.4606536727426693,0.9583290618318759,-1.4100851422871283,-1.4526572210495285,-0.103236933036891,-0.8609385412603191,0.4181684730048234,1.2029856839788289,-0.2563078582278762,0.9548145944801165,-1.195409916482588,0.4401926201464213,0.7581002551250339,-1.5251685085498723,-1.499858309551354,0.006440606390729315,-0.5691583031812192,1.0566478895740257,0.1880016813194369,0.12358362368972718,-1.980165039833537
1.3040841209673961,-1.4080976232662588,1.6272443056425014,1.3182164175298023,1.013287655577035,1.1646438819467777,0.025631762220018763,0.4808478822782834,-1.5868731300054773,-0.6522689905150907,-1.7148782037752115,0.9650492794830099,0.6892936235318974,0.804587670949682,-1.6837573153288887,-0.681121367771437,0.783987812527367,-0.3180602051329663,0.42895915941264146,-1.6356155622459185,1.1419019748236756
0.9984014447245447,0.44514971732869857,1.561969195352898,-1.6842796037453123,1.2322375443797655,-0.6959774805253277,-1.1632892000750366,0.7651917476490823,-1.092172265393118,0.4909431822806641,1.0555260696368431,-1.0017174936672297,-1.671599343695909,1.2832763483560716,0.907766196194872,-0.212891721299556,0.5962684477257328,-0.4707532775879107,-1.1991205606762179,0.06333461921665061,1.6212670368967135
-0.604245531929574,-0.28223730214464177,-1.536376036429234,-1.6577637847090938,-0.5386253054108744,-1.3094499082232143,-1.2851287335240567,-1.3968297618050411,-0.030287910011286653,-0.4197051848278627,-0.07293191105817455,1.5478791831755403,0.510610189116054,0.6424963532222874,-0.5635830841395123,-0.6026139786470464,0.9801769297913631,-1.429106238789519,-1.6694646466660805,-0.3155295302814628,0.5539075854707192
-1.500407421174386,1.2457334959985626,0.16251463512782954,1.4664105010035993,-1.367095152213049,0.69870670592024,0.06482256017645074,-1.2090272644997353,1.7778734700308596,0.8188009836125879,1.291506753776442,0.6798781705134961,0.7111184481462299,0.8798195126337826,-1.490775996610692,-0.00918188344555956,-1.301346703466644,-1.24038977157477,0.54725209459131,-0.8881445112295461,1.0903870468106598
-0.7447876623807644,-0.941926462041576,-0.3520590449955521,0.9874249309562494,1.2045775181108314,1.3425466219556592,-0.9224211776784896,-0.8960669212414,-1.0737517990552312,-1.6461263395242882,-0.014928035395204698,-1.6236371410178696,1.401935373155506,-0.5940903261236348,0.802592213349163,0.46515878550716405,0.6390207659943347,-0.7877428150130403,-1.5659569989088715,1.1625987958534196,-0.6312134752800657
1.3205066122715314,-1.0647282332934467,0.8567744797476728,-1.6962555311264162,0.05711367704058726,0.9125165448941918,0.9965232720719431,0.4088746681116734,-1.1496798192722686,0.1693247352915773,0.3539315413590425,0.27254078574151447,-0.6294431860063391,1.618601999895643,0.5954015188895275,-1.2978846428910338,-0.44214014708022825,-0.9133812072153877,1.1555812136247596,1.218256473041623,1.8152742740691195
-0.9163127061128696,0.4178335076999554,0.7118743246942034,-1.7232644642097001,-1.6826824564360925,0.2288477664405592,-0.8384534850211129,-0.8732385219732914,-0.6549114331094428,-1.0403465040644795,-1.3228232729407619,-0.847608684139146,1.169346265555912,-1.4528794004134815,1.0458218367781102,-1.0674130911732762,-1.6454884960482328,0.23583490587527733,1.4238578218736235,0.07674266518505414,-0.26073032170475174
1.60572692909587,-1.041311953599011,0.28954130443745674,-1.1354021958206548,1.5766632434217298,-0.6614425455100928,-0.37533967902447163,-1.0516819037019356,0.8627004906633682,-0.5446932618721899,1.127253623918011,1.1560541980273238,-1.391988212025648,1.5606601497233554,-1.2070554839247323,0.9925802220470544,1.1346433840829204,-0.5379856541558686,0.8658343052397344,1.2800948934248888,1.022188254304806
-0.7351872521311413,0.432743430496407,1.5320230937842254,0.7982688073537295,-0.32681000576856595,0.862019468721188,1.4133229907206126,-0.13694115908762533,-1.5114729525572732,-1.5979034233301814,-1.1513237012318263,0.6864970070778934,-0.46544434862215495,-0.21249144334208026,-1.102394382132581,-0.08596782086121339,-0.329917175190556,-0.5932838984683708,-1.4519795016026056,0.7711721908079164,0.5417016766661055
-1.2239198732448078,1.123807446361133,0.5154513123379358,1.1255402710705897,0.7512623221172086,1.35676047748799,-1.3162564593959212,0.5820033190401355,-0.7170991882004759,-1.646572684227683,-0.8335128299640724,-0.826549417575793,-1.488648650846152,-0.20157848221437363,0.32468665038152184,0.3510959646028349,-0.15069785560818652,-1.1171665565212754,-1.6189625588920054,0.5407853074611796,-0.07754409216341666
-1.2235249301159512,-0.08454027562477563,-1.5712363941576246,1.0014722041355364,-0.28768507200769033,-0.43628749237101294,0.4532298238715592,0.6803287238514754,0.8370988848077694,0.7868419414035237,1.4088158567643594,0.7560911105381888,-1.3618642136082373,0.7650934589442042,0.34659603204834966,-0.20124107129032165,0.5331512214565537,0.2521416310870846,-1.681153651440773,1.291459101479438,0.7185950888865054
1.1230305493791297,-0.20109852393270247,1.1893349049501911,0.008678022956984026,-0.42620462399189074,0.7059218412112885,1.2178563261814537,0.4851181839466706,0.0800293710307721,-1.738550772705723,-0.33810771413540963,1.1156782861195447,1.0084339801684208,-0.4454698777901591,-0.23514609044906343,-0.030017658402053848,0.6609987947134457,-0.7079121488507255,-0.729169534594822,0.67700091207594,-0.4074124077641007
-0.33864846573827534,-0.6246419868194654,0.9899058102278235,0.2803927848279798,-1.480091295200271,-0.28859898420652963,0.6200964879652083,0.22978848753390452,0.8342652439692733,0.995125038301293,-1.1133062567174774,0.3258216783136315,0.5443817919894964,0.584873586102567,1.345412151258559,0.3423109097028077,1.7445244320179405,0.6473473578291747,-1.7588240241007722,0.9426172104745041,2.4566501913304135
1.278511820570903,1.183660315673628,1.220971480747921,1.2838036715517243,-0.5946604724959108,-0.40079706481764293,1.4658254185832693,-1.4205146477973418,0.7017175673009731,-1.3445424362987308,0.08410512905265836,1.1438023437932685,0.6573923795803207,0.8529813895940427,-1.3816720606580886,-0.4674262576680424,-0.015236477260938157,-1.329861965718863,1.6352276910455317,0.2490306293803536,1.1947118599120985
-0.13040786404679108,-0.08917001757787449,0.9306319366957928,0.46164897166290925,1.171617340213228,-0.7645307284991756,-1.1670871290062157,1.4163394536800575,-1.354579020020031,-1.0044540733367087,1.1527966295104062,0.5164109482049455,0.12842950016120747,-1.351338572023521,-0.9372691991427317,-1.4410397045499372,-0.9874081113120705,-1.2365133116235003,-0.8944414850532014,-0.27240185846183357,-0.035229769456487946
0.4960873855580738,1.5491671325272425,0.7893407591144239,-0.2712222659152228,-1.0938956097476746,-1.1280534109938827,-1.5310511905467945,0.6508886522981978,0.5369535878062583,-1.3148673970730687,-0.5085428575222904,-0.8210449420463547,-0.18774069380756966,-1.5130659529531687,0.9312334340665543,-0.8353249736272547,-1.136593882904092,-1.646814889750273,0.11485241192362725,-1.080129377624523,-1.1983189519782402
-1.526232111813799,-0.22175989700054358,1.4346529477215553,-0.11175704628309739,-1.630524084852852,-1.2087367679615661,0.04388404752948175,-1.1571542038402003,-1.2193132008975247,-0.8756298507980922,0.07137501730628269,0.6551000500139555,1.604350323728283,-0.6775541588516597,1.0015871850872613,-0.16182417109249508,1.5204454513572718,-0.6299200717530791,-0.46680455933037424,1.2168836602569213,0.23934501178638568
1.2464076497224985,-0.7246682485482665,-0.2665897327091138,0.3155868241098019,-0.8222652414155203,-1.371981759467713,0.8890020191482997,0.33702034113576435,1.0229764515958677,0.3855623098974682,0.27170762625632583,1.172245144042312,1.7099092028052492,-0.5843818837609429,1.1336045908465509,-1.4894423769580878,0.2278652006376349,-1.4496487689068749,-0.617903876465842,-0.8569337785676155,-0.16533762071751956
0.8897998142512739,-1.1988463692804212,1.0570674394988564,-1.5453097425485018,-0.24583660034248825,-0.4440046475674116,-1.7056056096491843,1.5633385481388757,0.06730848828709063,-1.1426232468890376,-1.7447714311022002,-0.3524664819341951,1.5266028751004472,1.5952233676835932,-0.204467458198643,-0.5998164807195034,-1.2729082215051666,1.1907060937285046,0.7681811706966873,-1.617063328873933,0.389894958679105
1.1380743673761191,-1.2017291058487465,0.051746507902789,0.28750515880772726,1.1811230402468074,-1.5174107268451866,-0.2455643775745038,-0.24789735765966361,1.560323376777102,-1.449556823701986,-0.030986128778819396,-1.5782555443951913,0.3925611818473543,-1.577255065710068,-0.28405601291433585,-0.42197904709900946,-0.1950147327785372,-0.446712041553822,0.8519557119269037,-0.8293868845455544,-1.0715584913785408
-0.2109050836939634,-1.7000317725077623,0.37364699244369187,1.64066913559109,-0.07154631271047265,0.08739268395767855,-0.049208811253024044,1.4345949944901302,0.039267922617037605,-1.2359530315709535,-0.3969824032823888,1.2896866612285909,1.0285244177519761,0.8527985965478949,0.4859565062400946,0.30336518381548416,0.518707333886942,1.04348766025722,0.6642789963129198,0.646847247930255,0.7108610431902628
-1.6069574862937237,-0.7784558172990741,-1.0385670988674014,1.4960546187348014,-0.6634064545630841,0.6939431963536133,0.6397500813756655,-1.6612005476872684,-0.7142561939183676,0.28538696311501194,-1.0857425513638121,0.27880679587907914,0.9170255842128096,0.6043738817119676,1.1585539184175058,1.2841212703693403,-0.03192919544559682,0.6834172298883754,0.71797360771868,0.6225028174872843,-0.07391329237546437
0.4902768317036985,0.41885669732460695,1.0749808409402863,-1.4185958254870752,-1.6790426985755569,-0.02560226272320556,-0.48971560810754616,1.7347417120929873,-0.06460492441408981,-1.109212098780192,0.4896470958047038,-0.449919203829455,-0.8744969719927357,-1.5216919048608695,-1.4143658973666915,-0.03247551591395631,-1.0683225794406184,1.3097273479604743,1.4333700332398225,-0.7434848305534827,0.48311175667266587
-1.4003777915402114,1.2542451124669178,-0.3847555923336537,1.4890764416728377,-1.2639503591660806,-0.0083318072299466,0.037093678044219466,0.2502350624183067,-0.15506598422447082,-1.1562174082429733,1.1578383110992831,1.4102686302087541,1.636185326918154,-1.1462715717770864,-1.2475278977354403,-0.8543499737095354,0.08420809292507406,-1.4244847032741383,-0.5336656922932335,-1.6640132801069145,-0.9107656078081808
1.2755531962833506,-1.7197935041631043,0.19066891709843328,0.9760959656790765,0.9947800724197741,-1.5493998675216416,-0.6107623886900222,-0.0785846115507002,1.4561042795231869,-0.06790537137193231,0.504817705022462,0.12699486939700994,-1.5700887039872053,0.6023863520815654,1.597424447549852,-1.6452683521282907,0.4288320468493261,-1.37359076276762,0.41729281636274096,-0.0067293698642711015,0.8028404554516761
-1.4346567213591483,-0.08202523196572506,-1.6674579726267376,-0.49977144972431065,-0.4423683742159049,0.15917738740166604,0.12986175873971095,-0.8935012020678118,1.8033523932668833,-0.7169189655920197,-1.0621199196671203,-1.5639358391607752,0.43528442589700633,-1.4595572555390113,1.1149056236876278,0.899091402383794,-0.9215089266377855,0.20258259032708953,1.3773508618952204,-0.4967082109369011,-2.277293566378734
0.5406519954606073,1.230389630532253,1.3352178812078268,-0.9319038647404815,-1.4507401474194634,-0.8687417944036065,0.7948492897772411,1.411434154882274,0.7688617449449726,0.8164094114903452,0.5744415576593547,0.04659394819717348,-0.3701843989423202,0.48505591662037373,1.084313887637131,0.7819344516673313,0.60704029530277,0.6685660587121856,0.6862069714181195,-1.464175290069194,1.44801421860553
0.67211008123026,0.7954518814316934,1.0250636206766928,-0.5004646399895561,0.5204738261368366,-0.701913930280692,0.10825635322791408,-0.4862070595851387,0.456597716607261,0.38147716836819134,-1.074097708752556,1.0204370067262367,0.6522259564565446,-1.4587538513307847,0.7937412168884321,0.7202480840034695,-1.0000469619470804,-0.6490050507696119,-1.4074009176094102,0.45253455813730564,0.6152925692009739
-0.758167319104287,-0.7757219097366758,0.05895172459939677,0.8557367211255679,1.5608399974873208,0.80252317529883,-1.3835978842810583,-0.17776210813096982,0.041080276819902034,-1.013560661793518,0.4645658905922337,-0.41286563573963175,-0.04409707186511893,1.3278079013786097,-0.7781298480984137,0.7984645881778556,0.6228284813537649,0.4074531222888969,0.43629778289926985,1.5520529085858124,-0.1044018571262767
-0.17730171537534234,0.9090659206715692,1.6623409747405575,-1.573719941903475,-0.4540344191359192,0.5879011023839109,-0.5672422553465467,0.6612942590738988,0.5225243504645418,0.9620134641863595,1.3637506058941389,-0.5358829826369151,1.4505399704338444,1.6028880605706237,0.12737628427435632,1.104311561513077,-0.4684254959887818,1.477114929032917,0.6142476048172468,-0.34465076723186083,0.823747074569437
-1.36751577189766,-1.1110971338506075,1.074558182076303,-0.3114461741436817,-0.043774583638404294,1.1242695967785508,-1.1435628241764748,-0.5960942021203983,-0.8369216480709959,0.38361685517356764,1.491469127328028,-0.30717888823648615,0.14093012282445896,1.5088676780552355,0.40786325728123146,-1.0915308854262167,0.6262673671505428,0.637484934884531,-1.7065724131112827,1.5057954364949253,1.9399158839633517
-1.134876225618739,-0.507668256863591,1.4654428467343372,0.39043098355468164,0.5785003803685419,-1.0890586911930618,-0.6108280607844804,-0.5802783039927274,0.5249282424785522,-0.6337052324669826,0.14977630175615944,-0.05822212832802915,0.506627700910539,-1.1055588254769726,-0.35264964144942323,1.3329624914858516,0.5625376121517294,0.15071400882127625,1.4116432543488462,0.5182630802453051,0.816516682843686
0.007972269917112109,-0.6644240292634174,0.16530615001737375,-0.8380717894527271,-0.19743870160833732,1.7008358696271089,1.5930414653473166,-0.06886522608901992,-0.22844749296807002,-1.7006611490421613,-1.221968219958405,-1.2524486109430513,-0.15838832546596696,-1.037857930080693,-0.5887165405179006,-1.0212260720441246,-1.0939963123749097,-0.5850448833111555,1.1807191832749688,-1.6534312362289945,-1.2350492765720618
0.10749191213206413,-1.2687559318745194,-0.9863776766792374,1.5084185607773457,0.7557541489645382,-1.1975740062476883,-0.5322304163673446,1.3175617023564512,-0.24850064704817773,-0.37717328152267443,-1.7092150101764636,-0.6701955466385492,1.237475247840258,-1.2793675506251914,1.050188456806326,0.061295163324330416,-0.36799598342515566,-1.4300338810053612,0.11277427958821387,-0.9429403475981694,-2.1702756857145507
-0.8723815397993748,0.11145339269838461,-1.777252513863157,-1.7873411891633406,-0.21989706462478822,-1.4241327582543841,-0.3428935362624956,1.1342279203702812,-1.689296570527111,-0.21499842591681848,-0.09190917361703459,-0.2238087823663918,0.6381351403186799,0.8246409249975741,-0.07616209629100919,-0.24509367869292537,0.6858743570340448,1.0015770525088799,-0.29289907864293635,-1.249646182046019,-0.2542676346776064
-1.0849677974348686,0.14660646753299345,-1.776975701928837,-0.08762318123030233,-0.5663066376522495,-1.631843515656146,-0.7689066872853116,-0.5585506268819646,-1.4893682222897102,0.8394812941542977,0.35672181282873205,-0.4271695628207742,-0.04645575574260027,0.515253987888202,-1.5746541961740603,-1.5193187071915726,-0.8459662905579659,0.2379197132664939,1.5349981554327028,1.082808937959558,0.675588082904248
-1.6552569941857838,-1.7483809626948834,0.7409685411829597,0.29009763143014283,-1.314449865639363,1.5723973480760072,-1.682003440060497,1.588369072373057,-0.13127708762304036,-1.2232240722283123,1.2593302745712909,-1.462106598741639,1.311183281976101,-1.0391251793157048,-0.13801523523345594,1.1414867536118598,-0.24856520751377809,-0.5365540669945431,1.5935603600247783,0.05973385958204851,-0.29276891363574187
0.6467768836115605,1.5767440033353863,-0.13117812319763428,1.1879814659028678,0.14262169594948407,1.1365461003209625,-0.18456192026980048,-1.5840555979985824,-1.404631108508071,0.35348324692374905,-0.8771708551259171,-0.7492990371968473,-1.5312516527424676,-0.5984600367997789,1.4541179473362846,0.580400504763572,0.3079020129405308,-0.3468729668911421,0.4630309925806748,1.1480298133612832,0.056984925502011036
-0.922633375024315,-0.3232047916197521,-0.3866473886231857,-0.24713768224024318,-0.912151221164157,1.2190618303305267,-0.1773931768163184,-1.1388960527907455,-1.5250995533542842,1.0127808575695123,0.7226931220282542,-0.008974327976177783,-0.3334551605235647,-0.9389761047996371,-1.5945392525242628,-0.7415188594489501,-0.3288074032657399,-1.391186714258022,1.3747207967027086,0.439718853384686,0.5056025442551318
0.48324338084889024,1.216100625288269,-1.6999481341475073,-0.3731548351512665,1.56345678003636,0.3799436802485888,-1.164546299342372,-0.07813379757832949,1.7342091751309867,-1.3715199606828004,1.1225203252324703,0.7361233227860488,-1.3660557852343695,0.9695631503756543,-1.3824081083826247,0.45847701678413144,-0.7272943634016573,0.9206841327238503,1.1586936109160466,-0.2844714666291953,-1.021833375991682
0.23842184351985488,-0.992749230173434,-0.38918680078218937,-0.22399760495666515,-0.3944547462399317,-1.2932518174855006,-1.4148371819372287,-0.09069098604398919,0.11791541264785106,-0.2235409302263587,-0.5977598743655949,-0.4487725535165542,1.2006462716916961,-0.3671167376597235,1.3172354128030999,0.5373934356646707,-0.12413226231224145,-1.2049006082944276,-1.0216877563619389,0.01708047572617513,0.040860185842994355
0.0781813750800214,-0.8536212081225795,-0.532999222106988,-0.9982495241828029,0.6364189186153077,-0.21075830275002744,-0.060213708717752334,0.2643561581434273,0.38167659980777635,-1.1683520977731008,-0.3520802986231567,-1.5291196320492886,-0.3309661654828512,0.20136227553966632,0.2190869538594887,-0.8076386311197773,-0.04217808088202131,1.4066785267973125,1.498396069965286,-1.545184939115823,-0.9737509837145569
-1.5552299621611811,-0.10875664824324727,1.4557560298096301,1.325887210530139,-0.7573197772435727,1.1083515213440045,-1.1778948433559195,1.4236602266253584,1.315650382403918,-1.3450774454125756,-0.08084836193864332,-1.0343718343237909,0.1995741385001948,0.6407540485547363,-1.4649366371675787,1.320433316116257,1.4927701787464518,0.5409828340647048,-0.8075051281086086,1.1963213473277412,0.2240927486759686
1.3714798834629465,-1.4466305770264258,0.6595236759771128,-1.3103260978380449,1.5823155885302467,1.2046397399292716,-0.7926325669071239,-1.041848603867403,-0.8665822942759105,1.635712402102917,0.2926557730750819,-0.29949685595629494,-0.26758926030567737,-1.3349092126842976,-0.24680978363686173,1.0850515147321982,0.9596300281725071,1.6096928092655645,-0.9288161080743411,1.139600523483792,-0.5714013754669013
1.6066580605946341,1.2931070808572498,-1.24509089858727,-0.18292292449871336,-0.5452182400174657,-0.07410955045210921,0.1637829029659263,0.2656734853533632,1.5771206305577403,1.5008909789097309,0.6181671763934349,-0.30130855293895775,-0.6879939651616445,-1.0685265130819048,0.9964820436414146,-0.4952522356637477,-0.8478898613071454,-0.34901806872431446,-0.48232783976694515,-1.2435015496372221,-1.388664866140375
-0.9649190134074813,0.5583706797768272,-0.5790614339771671,1.2776416104226656,0.5528447097571977,-0.8645450998980103,-0.7057015733125995,-1.4284702242574103,0.2541914555805577,0.5141330425575455,-1.6140942727270482,-1.5366117254375462,-1.3913839282336793,-0.9401100038980873,0.6768254744696125,0.6187882807039838,-0.7065193768168199,0.8360663206430596,-0.558876952389118,1.203197095088355,-1.5801845262184575
-0.7845678842534953,1.1205127800736092,-1.5841732581508838,-1.460906416833573,1.2054078824725094,0.1683123604776335,1.2449329607252957,0.33612714813475775,1.509570081452883,-0.6811018546172342,-1.2165127164957386,1.4368023669178795,-1.269275202716745,-1.3446208153949863,-1.1037462778073253,0.8807301670036758,0.17751471237069114,-1.1798963005526888,0.7984337693320698,-0.39721238424592126,-1.665071712247718
-1.5875117406982524,0.7876750827794434,0.07245957562737458,-1.2102808595679717,-1.1199295898158832,0.6371389749785229,0.5738271072196367,-1.590629822513659,-0.15182859143311828,0.5288559787363254,-0.9164757202473021,1.6323335186394579,-1.7045553133358364,0.07161800468593033,0.9025820585064953,-0.04059849221461922,1.592067835659148,-0.30294208624143903,0.41867105196569543,-0.487381359355764,0.15099689845131567
-1.0683425304845313,-0.8589543759335099,-0.2830907697663095,-0.7593086485878356,1.62608633897266,1.5596516906201527,0.04653848428272857,-0.5478781104572352,-0.19034552179320027,0.6304064803550221,0.4250099130863362,1.195420858549583,0.4017250253142381,0.48020230749598186,-1.5944068170952084,1.2001383035052746,0.7253002069895147,-1.6811639047653957,1.2085273821976525,0.7362653575224088,1.5837491464051514
-0.18559335520281411,-0.08376678065560328,0.12448927725638989,0.9126759308310272,-0.8326934264803669,-0.7081840691179349,1.2794386214681095,1.4134457066423947,-0.7960781909866528,0.040202443389340765,0.39012766925723835,-0.5456534015821505,-0.595708334295987,0.7316957167655032,0.24063793622628518,0.32418845869948537,-1.5951882203991306,0.21524087935362785,0.9093185639653768,0.8768845304559338,0.5997494049381722
1.711012597001063,-1.7482023466411796,0.5989405202873221,-0.5209585487145428,0.40633280138462585,-0.12853837948757146,1.5726206232860842,-1.4053805715965073,0.5612599474701253,0.7924743340244457,0.7165891059608251,0.2507308539388119,-0.028342361874769136,0.47809229013318905,1.6894607081287856,-0.4690244603369746,-0.5247104777274065,-0.6952962349763941,-0.7800755885434465,-0.10414312637026307,1.308018312185015
-0.8231282199349512,1.2094135126133196,-0.01838936196303087,1.0166920269122113,0.7965657701803429,1.3793724543576276,0.19300493616829756,1.3665249187327884,-1.575442310775514,-0.8009205228503389,0.751512487841523,0.4837628626973641,-0.8754248271008526,-0.5928324476706317,0.7244189315918551,1.489719321411248,-0.030052060028439655,-1.5429799926299077,-0.9559879024076418,0.4182027726402817,-0.3687598154197986
-1.6150387885423896,1.6595690477496672,-1.289021962656191,1.0898936923838924,0.26018222336511754,-0.11564817643904515,-1.6875535768109406,-0.8923905903001871,1.5664820324018403,-0.32452547632172385,-0.4520900866596628,-1.2577083175443837,-1.5450289172684184,-0.37770416081315855,0.05342383506211457,-0.391103052059301,1.8245302763483606,1.6204296311343032,0.19001689629393598,0.3494166617718815,-1.2543181821394567
0.540840029749014,1.2880470631634542,-0.7612824104551302,0.23739836349086926,0.655514453288581,-0.7160323118601468,1.6703392710781342,-0.5577104977092592,-0.8281456336821955,0.8437152585717719,0.11762149470205352,-1.3766626257360517,-0.6071901729302993,-1.6445857985797838,-1.5335239647412393,-1.187639215000475,1.2337426074430122,1.2974884769125354,-1.5881387933874356,1.2090737152545252,-1.5122944036899444
-0.4227000505905558,-0.6329916617811899,0.6016659221643307,-0.24757721251034165,0.8369508487779513,0.5570336215418394,-0.5247288757350399,1.4148295343375605,-1.662225104731442,1.6475660334658688,-0.1577709518346298,0.001966419048870042,-0.9861070942583454,-1.3497987599048908,-1.5311073921525031,0.7709377833611305,0.29361157279269046,1.5961740628961516,-0.4957426270997539,0.2686486619326919,-0.2880592677668027
-0.7183051357427717,-0.1711032004103716,0.22087813163247555,0.4081082276239679,0.6602663942706652,-1.2247942352745622,1.4653824357522973,-0.201672969282812,-1.5694361327643263,0.3248965306530662,1.0230138293406432,0.696949011817955,0.21310509791351845,-0.40638702974220586,0.21672677467729193,0.4996645097008985,-1.2039889554811876,1.2567583401674094,0.9860197278671557,-0.48013041484004837,0.6206743672293374
1.3834708940611558,-1.0466719064744878,-1.2099177335406341,0.5789915943777858,-0.3080225808970384,-0.5896105987127649,1.6073261390211016,0.7912647910394537,-0.050547255604601,0.8384515863924171,-1.2273100468332825,-0.5939590332025388,1.2109881775630345,-0.33721021629692227,-0.5264437714669078,0.10963794170051519,1.417018607815602,1.5785746359435142,-0.7339985831000686,0.13513978233115267,-0.4719911373340378
0.982057677198411,-0.5121966665682854,0.7164379382984213,1.5240187457246772,-0.7439970499405859,-0.5655839117546543,0.708583665262498,-0.8752078478449719,1.7806531651897155,-0.15800501877859532,1.0585899706111208,0.4452419922271106,-0.4947416903863109,1.680626394328061,-0.012937308283695803,1.2724384248808844,-1.5679031628771798,-1.182164508361787,1.071607155057145,1.1488375226615075,1.3898501123649287
-0.8539112732862155,0.9986723834771726,0.09712438252803948,-1.1624165181449329,0.9617773543366626,-0.20629521726228328,-1.0174521854114886,0.08589634993792723,-1.2577520959642097,-1.2008610677014027,-0.9633129359923177,0.6335593251256098,-1.0022441768034847,-0.09705296006733488,-1.5979398671017377,-1.125567338804919,-1.220319555802192,-0.9071153464779973,1.5144551096172547,1.1817042942728633,0.5245078266498345
-1.6179212588438914,-0.21268734013055024,-1.7330472607951566,1.3029332102292024,-1.4795992099287116,0.0024859013761919244,0.5896298078917812,1.448418237408019,1.051580587380393,0.8734874591656026,1.0273557548972416,0.7534672628558527,-1.183604742417771,0.18661255570992524,-1.047864010064939,-0.29629160820993905,1.6763302542792704,0.2276897485977565,-1.1666504118845924,-0.21625170278882433,0.3196233279660365
-0.04231920064605844,0.01979734448728206,-0.3460002643295213,0.15561665863532625,0.1905525073572693,1.589047968415125,0.14692433502321084,-1.4288116913040325,-1.3235779778752723,-1.754214125254232,0.43017178467368866,-0.10456222145329158,0.24570863964251022,0.8712581679993759,0.18274619381865648,1.410654070312874,1.5905102999343386,-1.7125523906552385,-0.7409941197849104,-1.4987560761572232,-1.3594604786329043
-0.5705205435617201,0.45745297420572173,0.9579731710937364,1.6312491746117326,1.1070718493183118,-0.36679995952592737,-0.6044791470999411,-0.33695821965161077,-1.021969891144881,-1.1686443998363403,-1.580621843676652,1.0751616403125372,1.6143648229623317,-0.872495928587508,-0.8714260570384218,-0.8909252746125618,-0.21041834688870797,-0.23005105429355335,-0.3855325913147648,1.428222853467262,0.17889318701925616
1.3087855305710154,-0.31344936715842464,0.5522040129368803,0.6875158218466516,-0.9605464863537784,-0.6772793242861096,-1.6189601534666183,-0.06750723981705442,1.234510683341384,-0.9137405071656737,0.6193565649843992,1.1234840844175145,0.604333515076995,-1.2394353694090496,-0.046840770880749054,-1.2305603624486958,-1.6337544379777966,0.5008319306780974,-1.5160655892544825,0.9534248247000326,0.45776401240383546
-0.47580580280196744,-1.6651804978675826,-1.4999778046821581,1.635447147857707,-0.47798822836584914,-1.532606407051883,-1.1907202602310256,-1.3492989947480345,-0.9187030316268543,0.05752900377311604,-0.28099900744571854,-0.20303505050036846,0.27189185859610343,1.7250777437988922,1.117037912653165,-0.18481183951898003,0.4868404889156497,0.36112936190596484,0.7737129850332363,1.5283714263240817,0.07104677751643738
1.1824634620645755,-0.0938224207003686,1.5439086945688092,-1.374505353209776,1.2398984273439502,1.5844348380803663,1.7049095663454845,0.8142255904960868,0.840195863961183,-0.20548177043396246,-0.32868289378641236,-0.4955848163070166,-1.6552196113299662,-0.736605180860672,0.4148390125535231,-0.8787971054770642,1.2040618659735327,0.1022833898301696,0.41894176184907145,0.4188972475092229,0.0023452252492265186
-0.20872982480471358,-1.2970464799160935,-0.048896985793244044,-0.02651434818785993,0.2405714312459752,1.5136496839457105,0.721321432670056,1.4660103544575742,-1.158868171446807,-0.6110223958681572,0.5128682378557995,-0.6480310250328809,1.1496241923636168,-0.6117381156893765,-0.44961407259291186,1.0388302494440882,-1.5856846326471083,-1.0860871029738282,0.36124560080370793,1.7285818619856008,-0.9325509573458636
-0.49799233903557494,0.6199076004986273,-0.5194160347877695,-0.6530984194523809,0.6882207983921677,-0.44057716602128316,1.125791923303647,-0.6639786807159014,-1.1963503444641284,0.7691073713290825,-1.0987691203459307,-0.7304351063197955,1.1704424655947034,0.31593877761058253,-1.4845459426064935,-0.2511803287440999,0.633264151011846,0.8689784445937812,0.7261975894210365,0.8461379516320185,0.05156439058394494
-0.507726406264586,0.7977890277375986,-1.0543399355205016,0.0589652247456343,1.538740403981035,0.8528959842163916,1.708301652689754,-0.9983674804312728,0.7676705860884675,1.5016572638335515,-0.5454867064020347,-0.7984257419985127,-1.5179493910260828,1.2137626007772306,1.0295861382400144,-1.3907100955738383,-0.9231745499972807,-1.1015621471028592,-0.7799626027435377,0.04022264516272859,-0.4099341076617051
-0.3145681791191344,0.8148658567901126,0.847772359357953,1.1946021322646605,-0.45022972896899277,0.2773042691501132,1.0993296320129606,-1.4973339369408554,-1.5554241071705728,1.2773258691647367,0.2855599614276935,0.5964547515061801,-1.5188270339807137,-0.3950633910012138,-0.5337330778375466,0.4197542828148192,-1.467625954943357,1.5950087411383744,1.2960112460126532,0.7094983927924847,1.4105540308153401
-0.6359245649448311,1.1082188680640142,1.131751818504157,-0.6515057930227044,-0.7400379105282648,-0.4296345238064573,0.31797519555139003,-1.2833330441078412,0.272521868345706,0.7293906797301452,1.221726715300413,-0.23093140585225247,0.721065212073566,-1.3148144388514484,0.18549952851044343,0.5884500544680109,-0.2932597621243705,1.0698429819209359,1.178223114513193,-0.623932790357691,-0.10339003460089874
-1.0163071633177734,-0.9756138953482768,1.1785027392951921,0.8714937615622802,-1.1304587439437626,-1.0304048572191535,0.6908274957930245,-0.1798285512931816,-0.23044699964926876,-1.012944076793677,1.3768532170871381,1.0715707085184007,-1.0819451300072829,-0.3180468166317043,-0.6070249976466335,-0.4666774396316398,0.3044365423376121,-0.6348760932942085,-0.8980477872063328,-0.882953254215726,0.31503500022395414
-1.3508841116952917,0.34729742995282264,1.065059642315371,1.0027574838356927,-1.3586566858347158,-1.6756976447929453,0.4401355281063426,-1.079552363786156,-0.9180453444227474,-1.3608020316093405,0.4628721646997499,-1.0718513434552805,0.2765607061020559,0.052919410412534666,-0.3477638602280537,-1.5111393340405102,1.5479065311169296,-0.03730024562693929,1.3097542285128805,-0.12892802853790522,0.20416174249458965
0.09419799120280124,1.043377897462579,0.4351311957246685,-0.354512276256265,1.1667237234923669,-1.2954774899336168,-1.2231772936129095,-1.1684036205839363,-0.7041387746654749,-0.05943548961284096,0.08179598695688517,-1.2990825189972164,0.897370263397327,1.6670155663951987,1.0857257029211191,-0.45725943169276484,-0.980963235716534,0.3558660803523932,1.2990356212482377,-1.1217829427899004,1.5439674075490701
-0.8344480444973392,0.1224361478332922,0.1504434458873663,-1.1810681929087157,1.2193300213583955,1.0059523213590162,1.2890159721598404,0.9861688559471471,0.4693290963147023,-0.5570842720871667,-1.068940147817601,0.7073424148646503,-1.4051711985428557,0.9745702611448569,-1.2358811162139465,-0.42992816589689714,1.5156011102154616,0.5021942710447805,0.11932493111226773,0.5826269268270262,0.12514294869873077
-1.1603628315576249,0.795615862806553,-0.8601177671974435,-1.7876314905870145,-1.1900088666543434,-0.7865489072037416,1.2448869843935135,-0.1039836633363835,-1.0092955024329118,-1.6475977004397273,-1.2398265941172582,-0.7343598284923255,-0.2551028784558717,1.5376461505985,-0.5950283301009913,-0.4549027073407832,0.9717829022498186,1.4676104976290165,0.34027707189451056,1.3023786108394748,-1.55294276716087
-1.47093474896576,1.564675783764757,-1.0235013908118546,-1.473727766073789,1.2435054670138423,-0.0028591615819580753,0.78686556227346,-0.10604502653564644,-1.6480327957340641,-1.2675207768698646,-1.5630386752329466,1.1251660513767627,0.39378221871435976,-1.597528819073573,0.5142717564245205,1.0792060141110533,-1.0698940520977123,0.5774143350275637,-1.7668115036394654,-1.430139051678761,-1.1187186253545545
-1.4007655354112578,-1.2302766512354202,0.06963137461142078,-0.607076553905161,1.1437346665757375,0.9161782759832285,-1.2710119074573192,-0.2596072284504154,-0.6248575276295583,-0.4658500241404899,1.1676450415862798,1.7096182767106136,0.37236085234869354,0.08044351842409976,0.9037729868307064,-1.0377301422868639,0.8385160219734691,-0.25349108765311984,-1.3260517562627943,1.2679847451219637,0.4369975973693026
-0.06936925672493571,-1.452743728444863,0.41591017588442136,-0.42646302335381636,-0.5120866568576864,1.590644702078983,-0.8849034522703655,0.6185126533106691,-0.3609558659125548,1.6992872904327647,-1.3190263340743236,0.5088488772867668,0.352865246175209,-0.6279809898849881,1.0951395044718604,1.1817505463217115,-0.5053777395868726,-0.8604089126764217,-1.2465021333709656,-1.1082942613473796,1.3624353830950768
-1.1152395927951895,1.155837052804005,1.5918269509789365,0.08116195336866758,0.9488526614834836,0.5897587339241134,1.5906129915930312,0.1374403979100575,-0.2318391251595618,0.26379469655378196,-0.8413305746356299,-0.5577727863857805,0.9642181561350428,-0.9608314592801347,1.26841937941362,0.721285318731874,0.618410357326172,-1.2197840246731981,-0.8639075800018512,-1.5787929614883434,0.33324866393827457
1.284094258155986,1.2844324476195192,-1.3220573911093239,0.647536912960498,0.8645212723369476,1.3133826452568762,1.6008689828128264,1.794946790531044,-0.568079389627901,1.3252621573783068,-1.138952902981953,0.32786311058962464,-0.5080661261277066,-0.666962858866605,0.5573553240317266,1.3968069651955821,1.008431532554081,-0.9163820878442712,-1.2062052265903545,-0.49711304411669166,-0.5629082460293475
1.4778080075870945,1.137289271946932,-0.3598541516265935,-1.5662697359753206,1.376468365867089,-1.4964373720483368,-0.4697280360109354,0.418651373411075,0.14437192626464432,0.986232843321282,-1.5166369317297785,-0.4897896044498612,-0.9111064554837749,-0.17059738970880653,0.9804334014724926,-0.41844812585156765,1.1041973393928155,0.2635055410713422,-1.1485224067001993,-0.00911413608484564,-0.22390087627754046
-1.4503481593315593,1.5972732478113658,0.6145488577037174,0.3066161575602333,-0.6403351916719183,-0.8038657561201016,1.3021149248037913,-1.6131004010049657,0.32745457243609166,0.8777947783738598,-1.242209172669504,-0.1547486907489468,0.3277831590227128,1.3996312691608193,1.4179172751466398,0.7806503251553211,0.48732889029016135,0.6324831558068595,1.1194156269410027,-0.38487276632619,0.3721097560735881
1.2358639647241023,-1.4940512735283613,0.25315089613676556,0.4082287030965879,0.10601263115076141,-1.6162102602672026,0.9679612806336708,-0.9348021343111957,0.0869613839919346,0.19410938663142757,-0.9622547672778471,0.4129319672219263,0.02488182451151511,1.6856228834608549,0.1438421921405077,0.4224329144477901,-0.2850046982928388,0.6724317713142975,-1.229081430687959,-1.6370947449607536,1.1672836841155467
0.39136942386341955,-1.4735596470366885,0.26874638544265317,-0.4726569584052938,-1.1384263958292742,1.2027319740627338,0.47050757241895963,0.9288338568249991,0.6141850396594117,1.681585208582645,1.5561576079986192,0.02605432919480276,1.4526692736429156,0.8299243036245408,0.7016572153642887,1.7030416125575223,-0.7058112443772709,-1.2115724426064474,-1.1651373077880962,1.4634119688558018,0.773262069803248
1.2930397193997905,-0.9113783496177468,0.8611295642702647,-1.368294174861452,0.7489591543841895,0.5462763288359481,-0.06980218883062328,1.590364759447685,-0.19479804577052473,-1.6946997280523908,-0.30620820477115646,-0.921053549978943,-0.7422807773531234,-0.2106572772330468,0.05339740225407662,0.9390141597153704,0.21390446398634436,-0.6284779723630575,0.1304315550936873,0.8977551144856823,-0.7398835870125631
0.12327293088607742,-0.010092779526453351,-0.3276498442383516,-0.08951517534627802,0.6187545723670361,-0.7353877346046449,-1.4908588122479143,-1.4843037836439459,0.7682741008258513,-0.38810841551710784,0.7370216477053314,-0.7714029731874928,-0.10904750380320258,0.03552139164222141,-0.7651295757515799,0.9684556068419563,-1.543218594962662,-0.3491843240672858,0.4779853433606467,-0.8719345711972907,-0.765091409025325
1.5037878145314134,-0.3587179575515324,0.49024158899873943,-0.15132837760745887,0.6639191721615284,-0.9344371571507604,1.5449953476141438,-0.5713130264301853,1.310893873977058,0.0797239546588346,1.3374808785320589,0.13200625999424534,-0.5985358101641637,1.0519325181352952,0.6684727275995629,0.6127519265825,-0.20836832310948586,1.6002651126994558,0.0014756964229325979,0.8546496112263061,0.8424563443095241
0.1544223316248822,0.6484495788315483,-1.4377424085947317,0.16712867063149742,1.3682577798684035,-1.6963915792961344,0.9849334254232527,-0.1818040719000916,0.9830877645072646,-1.0052430527113003,-0.3149028451562596,-1.2181435890100272,1.796070900053169,-0.3926820598073503,-0.4659081467734693,-1.173334143624814,-1.0772472447164854,1.6080314939000964,1.2530565443488908,1.1779488355889671,-1.1802138749994397
0.972736254461379,-1.630513167830808,-0.8616252363342877,-1.4198979098026052,-1.3168565872925662,1.3639217589678314,-1.7201169749775764,1.291109821527183,1.1740661030475517,0.44447739506196,1.5585506947857974,0.34928736613237554,-0.9424181791809427,1.144067339635487,0.3252183961716986,1.6783572958646498,0.28170387236521754,1.220251298737003,1.0646151980301872,-1.2895117586422096,0.7447746383480346
-0.9731212039515168,-1.0387025177436078,-1.1486122403217272,-0.6006492719755969,-0.868565045849912,0.9349482810374405,1.4399558007812843,1.503528661385201,0.021381617924512285,0.3603228335500122,0.13370365037358173,1.5334475560969663,0.4448515064113935,-1.6689504252667986,-0.3437022787887401,0.16048193216181278,-1.1978721142851065,-1.0944608944003826,-1.2521435135237804,0.346738776820626,-1.117384113993359
0.1396107393671478,1.344614072531761,-0.4895966953828875,0.3441315333162231,0.9376977581288011,-0.13742678142561904,0.30232212300960715,1.602684281796841,0.43314851777832847,-0.29229066099534345,-0.954591866318708,0.915194348956222,0.6244108958329222,0.3497848474627649,0.698432300522601,-1.5519343085276738,-0.853950690032699,-1.6847578619165628,0.24764428988976694,0.41446327349388834,0.612381660057005
0.9230005889427146,0.8073871861377357,0.41157528447106484,0.5653910002485494,1.1415455663497578,0.7949413237528336,-1.2896305520361881,-0.7542525653659018,-1.1600892302768866,-1.0449030012217912,0.4662740229217182,1.0631393105763742,-0.7061756049083049,1.2934895218469709,1.429576325622018,-0.2275974182570464,0.9539241088442578,1.1473221612233326,-1.4920882445102448,-0.11527356542458125,0.568688095436473
1.5260154171426041,-1.5238685252864286,-1.7716667056063853,0.03119478521915076,-0.4042406542799845,1.162204891770506,1.09856496361083,0.5898423941458296,1.3542357678270893,0.15294807919998463,-0.5536292125726812,-1.2676903189954132,1.3856842261784186,-1.4263581949017823,-0.7521209905390339,1.5038116494172462,1.6394031475492343,0.38384238144652444,0.08397202740762662,1.7264620668985977,-2.234556903716929
-1.15754037964288,1.4818289477532869,-0.15948283813119715,0.649685918378091,0.6239775422464581,1.6769492158544075,-1.3322993534673098,-0.76637394434733,1.7592567810868966,1.2700529114763563,1.4429124343796687,1.4254215088677342,0.6022711318608277,-0.47353789261114115,0.7048875436772708,1.316496632675018,0.48256597033001397,-0.8652279111116011,0.09940633786946132,-0.8363435052254222,0.7409390137463648
0.9378967162633638,-1.243418546418209,-0.927166428920999,-1.2645536044692451,1.4499490162827064,0.7752710264204579,0.34812544773698617,-0.4447301226420611,1.5123056697608424,0.6065840402828415,-0.5149119551809942,-0.7897183342729961,-1.0056233115074549,0.08939045466417486,-0.9085278940662005,-1.0040205581467814,-1.1120279251210095,1.4737217001719298,-0.5646256403555568,-0.9261012925446257,-0.5987696292367223
1.4158419488055758,0.7603166338205962,-1.523920141307958,-0.3673183447837344,-1.4334297121356085,0.02242548450868265,-1.414921546150101,-0.8223240020275204,0.3501622204732913,-1.542980327965606,0.6705540509790944,1.368270497775116,-0.5069445405728448,-0.20243369129902095,0.6882920660225115,0.12481520476673945,-0.374828916220995,-0.18878149001091982,-0.6019876168675067,0.022938834736236622,-1.703122962333986
-0.302676353628832,1.6532886148034662,1.3730423361230142,1.634398443502323,-0.6104353645838183,-0.7464485308806825,0.3169270773927546,-0.7069752773756626,0.3041628508847648,0.6908345322365268,0.1639114012494198,0.8890634952150747,1.0743135268188022,0.977135760351733,-0.3430216319237507,1.6535904643475097,0.4340545951843704,-0.8599257310074147,1.5038401635898353,-0.6509135557033809,2.2517963142084563
-1.3901264021559043,1.031893837555601,-1.3971244429849607,1.2163683150717912,-1.4264967655119167,1.6158488425088737,-0.7448658717869046,1.3267754531820144,1.2409508484711247,1.6736768870176237,0.8844371981263087,0.5086053401031994,1.273301694323253,-0.9767515199948735,1.38200013948926,-1.4485087914568286,-0.9717898336044393,0.5133314353706899,-1.0096080726146914,0.31905206357102156,-0.23448839671234195
-0.8117904596682557,0.3157815526975354,-0.24411246567937125,-1.4942765234793305,-0.4837535026657311,-0.5634109456939542,0.7455900094231803,-1.641538078430579,1.0732956271785028,0.19037607406804122,-1.5527908951973093,1.365682422916998,1.3649885517915148,0.8209343709058547,0.8317091330834294,-1.4150112534968524,0.16871350326323403,0.9502065339468908,-0.8644400367738235,-0.49874943096159835,1.305193390734635
-1.4601125261147725,0.6551750450081826,-1.3965360090555754,1.2631800896421184,-0.4170100152545988,0.37273008466517804,0.6568277633293291,0.5111757280896647,1.8115187323685775,0.4778670253795605,-0.8232052765619519,-1.0310078919142112,-1.3038635335374187,-0.7415728574274543,1.4534037483540965,1.1146065660990778,1.5420208032508236,0.4741034139247811,1.4364017550113322,-0.07099186266130258,-0.9781392383185948
-1.1246437919339762,-1.4665029337847015,-0.9922487625213935,-1.5568357175277425,-0.24819342377814044,1.4942384005997489,-0.18762645298710853,1.67367022280858,-0.8480515615724227,0.9603894383602176,-0.6351248225969939,-1.5314701774487498,0.6771001294006681,1.4896146355585633,-1.1996078657592433,0.05905295640254959,-1.01956539946685,-0.575046451658858,-0.4600229935125858,0.3524183859332846,-1.123499221473339
0.6074548366854281,-1.4812959382623527,0.6812097115412251,-0.610743971415235,-1.3165129745448356,0.4897448330194497,0.004958431177166846,-0.6639164394642104,-1.1027265110487614,0.10544875049580785,1.0592259984466792,1.3130551557748045,-0.39869596940524,0.35475647550952444,-0.9749461269543156,-0.4679614185057459,-1.1308562092074115,0.725890539696335,-1.4264288377485632,-1.408962825888577,1.3757750899613304
1.235073687826277,-0.7521204545850745,-0.6872318153806943,0.3819986736513204,0.909913253355899,-0.5300622197924413,0.4660274278530309,0.9819385304207999,0.8704089290873903,-1.377800264805756,1.0094216263131712,-1.4524659574736132,-1.4314281870329106,-0.27840330789394013,0.9084806256918633,1.0489326235062706,-0.1593625320925308,-0.7029615675999784,-0.8707230881041326,0.02111637480756885,-1.8552158676101465
1.0250928998585014,1.6501800348529294,0.19773631329952943,-0.716115413426894,-1.6154421767199234,-0.08362808057949607,-0.9591210799278694,0.457860766465249,0.7431387164134206,-1.0329223587335454,0.3262338678145536,0.5571717908386205,0.011523335798456871,1.390447888118131,0.9025305379286239,-0.862929135462199,-0.42880158756036035,0.23473829483375713,0.590645086473113,-0.7088539253037135,0.08818794422053637
-1.6418395514885638,0.8654086523122496,-1.5351337814358015,-0.7501009354801159,0.23599517762356098,-0.5579025463393104,0.9420473129659349,-0.4846965717684267,-1.1171735822465272,-1.6057140541087835,-1.3025827715784675,-0.7418087737544936,-0.15228680881807916,-1.4804244193908305,-0.5008519358066493,1.517772328093844,-1.6195503299022662,-0.8613234103651771,-0.5579137384222088,0.2339185773125654,-2.761614712399705
-1.5931314260288543,0.6401317444547729,0.6623140186174439,0.32959229676181717,-1.1250844051303588,1.206906745149318,-0.7453706182627575,-1.5560811085085577,-0.05419771204805737,-0.7032272116397722,0.7900872383199077,0.028240636010407525,-1.1774210559232576,0.7271722467512883,0.4767159500926873,-1.4575635240434541,1.7840078195372986,-0.42906049487720066,0.3539512724655425,1.5468945251032231,0.09667768292526047
-0.49181169442133826,0.8893075251364636,0.9600442604337727,1.5105873849415972,-1.2469660884540104,0.4518581725455283,1.335720982728341,0.14582504589293713,-1.3718369128535628,1.353146743906493,-0.6095630472083458,-1.6751100880484846,-1.3497804092085453,0.7016463657156154,1.2483017141225803,-0.5346821358394239,1.341108981990764,1.0919565609626705,-1.2450039875904144,-0.20296060046170544,0.6810925427145123
-0.6673396247946525,0.8280402592812238,-0.35156201315458,-0.951909802123446,0.9214339404004463,0.8265195995618472,0.7723982806476153,-0.7530526115750101,1.2647576922166477,0.28165870979422447,-0.8704665591554102,-0.4554518407214094,1.307256674228553,-0.2383070953278503,-1.0929161949198034,-0.8160564105778975,1.167182836908841,0.1040765451941499,0.430307517483335,-1.4537974561524325,-0.300744285368742
1.0950356644610855,-0.9177238956030976,0.022964920602773428,-0.5097175888323955,-0.6313868692919136,-0.9670886090070305,-0.7292188724406898,-1.4496293162385396,0.16432222422872578,1.312847503240434,0.11161486247180424,0.25512511510524744,-1.0706589576891128,0.2968914903206045,-0.5603208898228026,0.16344660013233203,1.0608639561329405,0.7677111483845052,0.41154837375175135,-0.8948657907601144,1.3328255090609828
-0.3073020824364037,0.11206863289015448,-1.2038920722832311,-0.6843375600109305,-0.5121592511232376,-0.09533690023946466,1.3252674102917,1.6463342550256734,0.9977627675373938,-1.244888789654929,-1.5149396208919648,0.12169731998278406,1.0583419294798682,0.7042369747545848,-0.7126986364930291,-0.9308849774603254,0.12968539222836506,1.4401420287071274,-1.410271957142775,0.46282695937295654,-0.6217191950588064
-0.7439256659504421,0.7310416198806359,-0.6388698858185017,-0.09982353178924877,-0.8739177885842369,-0.7525872021410518,1.5274376179651545,1.1191696649860188,0.5308195498261707,0.09379526530874502,1.0242607880434926,0.7861985968270038,-0.05130545680583315,0.658218605218114,1.0676421316972406,0.5214127648395834,0.6287961653673215,1.5781189635167736,1.4058441031987525,0.9144735206250183,1.1764030786700612
-0.6604696320840725,-0.5330016003473067,0.38850726949417,-1.685841923052438,0.510649962547187,-1.6055319219810706,-0.07921836167591817,0.632594801938988,1.4465930643021778,0.7144381391573312,0.7281700768088295,-0.16944310705842067,-0.5731228730425569,1.351615713888165,0.6058501387515299,-1.4006577434200609,0.5290818663288719,-0.14164101655834724,0.9712313011493222,-0.38558972800616426,0.7857446368275757
0.2650121584446275,-0.44431118995901775,-1.3467388172410895,-0.718297894334384,-0.9262722599617711,-1.0335086954360093,0.5100415709643392,-0.18870468419774958,-1.2670446325388627,0.8121274922003677,0.9184006986241029,0.5703777401180005,1.535165051767944,0.5072791022724038,-0.42585410107393257,-0.2207578645577216,-0.8840776795549043,-1.0881762907976575,-0.19128530048319206,0.26854493477338026,0.06728756786211636
1.5629587077120863,0.9522107207766116,1.0198723625121093,-1.4346880415617982,-1.2339807405439795,0.25282494131785954,-0.8883142067170321,1.0219924086066305,-1.3745701104746528,-0.01414258535740516,-1.5973405079068912,1.0525235910759017,-0.2449453453707676,-0.8751789419926707,1.7082895267230374,-0.26944442475167546,-0.7005490550629048,0.9357801710905285,-1.5194198010115145,0.0032081994038415714,1.0063370029684817
1.0675285190619224,1.4127006702192841,-1.0996850249849415,0.5459624407985513,1.6431345981345724,0.9532959827210821,1.0065206406130764,-0.7381145952894163,-1.460215849090507,-0.2938525867558122,1.08585097191688,-0.963585292413062,0.4459679871834186,-1.0064641433692516,-0.6139373553870356,-1.0274004006010897,0.7291678578158697,-1.288211020637094,0.5939210628884355,0.9786181533582331,-1.3217262927192566
-0.08518978435621664,-0.7832610572577602,1.251635569915543,1.5095358369126992,0.3124675269991628,0.6678737878200748,-0.8007054908202436,-1.6336637971751267,1.2904873466389968,1.5093100951506935,-0.9152100408466133,0.6296651001023083,-1.7114644810766588,1.016045679296041,-1.7321347180972257,-1.189775130749884,1.6170405751979562,1.1889542168187823,-1.5505780499089246,-1.6053779310818155,1.5547900533562864
-0.1218855085798018,-1.4848660318990623,-1.5279402451123447,-1.406839069113579,-1.34948645413976,0.7371626626278127,-0.9774592141439482,1.5538363449789288,1.4240807624431937,-1.0518868318600252,0.8116587544530276,-1.1327692451354985,-1.7227181208669893,0.9315433528057895,0.3921372746710495,-0.6007586104744688,-0.6934107610492248,-1.6634011321894133,-1.411242760555948,1.0083867812754643,-0.8156326180187545
-1.5804868575991626,1.1122472282131775,-1.117707737795434,0.1288748223795448,1.2677538714429886,0.33314912155676357,-0.9256102820013816,0.205839499072416,-1.4161360055125196,1.4736184696008214,-1.009335744044,-0.927852395112065,-1.252597299230352,-1.5048238411477337,1.2947605322749862,1.6745397764803007,-1.3766506825591454,-1.7291140508288323,-0.8985715574424293,-0.2322293218146908,-1.017026047255915
-0.6148234906618679,-0.2134575278846773,0.03912560538892104,-1.6865290788848937,1.2127607234035502,0.07783671815798832,-0.3438729841497719,-1.4058817644398756,-0.009593483323305362,-0.2775342384629802,-1.1623954508808039,0.8327144296500444,1.072944654077357,1.313629331035154,-0.6723280607938872,0.95047619484007,-1.2129790597817451,0.8657035297070143,1.076560255533587,-0.14998148495660057,0.7082419020136359
0.8902601546724167,-0.130207694064755,0.8702733118281224,1.0810516302906727,-1.6378343145268401,1.062664957062942,-1.2585579754308223,1.1947636570518159,0.6695449461987918,1.5241872524747662,1.2472292930594158,0.7077857167821485,-1.0505199446075375,-0.7918536148131601,1.5809166791420888,-0.8288578808964352,-1.4926617752744535,-0.07207993811255879,-0.374574333964476,-1.3485430325293126,0.8658982096668961
0.8453762505788995,-1.0209325992633884,-0.3144449059909158,-1.1715021295487411,0.4621325900863989,0.6258020081121947,0.8308885870225923,-0.4963143106327896,1.0594531979676955,-0.7322326899722407,1.5785660825565,1.6657962397388357,0.9234488950403855,-0.6824548414122253,-0.5430671431955885,-1.6681798537387766,-1.3500667263959754,-1.2844073278016384,0.8182215294699349,-1.0912299989033853,-0.5473017231026273
-1.6861132230437048,0.8261675536048284,-0.8004085853480252,-0.7374296116474724,-0.9745511186416466,-0.8453241196047107,-0.08682816703073698,-0.9165315595476765,0.27633082054895286,-0.3609706864251592,1.413126808313645,0.5522876226232782,-1.4018944707769774,-1.0794759219838694,-1.4247287228653895,1.4499018287518726,-1.1587198400269556,-1.0282290306513762,-0.5165222000994001,-0.06757958406307878,-0.6568696578004322
0.692234739299385,0.758532699848245,0.10046937184296079,0.31815806732090957,-0.4865662810135099,-1.5743874239468907,0.3694150036582643,1.38654374751203,0.32466917930365347,-1.2052733155402957,0.9846518130475496,0.22325736381661404,0.563852849095421,-0.2368671746332031,-0.5072550075156046,-1.0836255482721189,1.7128954522698803,-0.9188856695995303,-0.015804589235464343,0.4277093330276422,-0.36855613041442853
-1.2867547815221527,1.2622613375751677,0.2819636017079707,-1.0910604539497097,0.020220993706672363,-0.24638213636533557,-0.41604252225312216,1.7907653743116123,-0.5380064605786915,0.8603264107903685,1.3550738674079097,0.4454091471195901,-0.8080494029343617,0.12196212119765996,1.3129264503241902,-0.5350879593226104,0.5814478489335014,-1.3585288169769634,1.374469623136221,-0.7050139457971093,1.328571364806519
-1.210318555076711,-1.78199487142096,1.3201725920831693,0.08512270622189702,-1.266520671789945,-0.7068763826145766,0.009731767852555834,0.34962145595446503,1.082641884940111,-1.5580341952510175,0.7454193949141541,0.04237333267349563,-0.3841938715911829,-0.6314992581198013,-0.935369847521933,0.6647661573277244,-1.5898713119620669,0.8889101574361414,0.007608660541794668,-1.511182217129706,-0.6319803726391247
0.7424520183320606,0.3846059681511276,0.7783257461541279,0.6683745298380145,-0.2741655824476307,0.5058678218729205,-0.9853245601191034,0.29851965335896696,-0.8538620002495976,1.6626714983547954,0.10049962117087853,-1.2563981444563839,-0.5591335932838803,-0.2479963537502336,0.8728117305254243,-0.3700897543777591,-1.2480143535436439,-0.7616615466278176,0.6570221159893135,-0.08626803265890129,0.735698908348246
-0.6955560403844225,-0.595607322632319,-0.5153719315081047,0.8024232316540805,1.0682234341866732,0.5221725443887908,1.2303523571134676,-1.315152917918002,0.9159774740665901,-0.9775138175355188,-0.07095394063290308,-1.6721224036391908,1.160496036085263,0.40499011849083066,-0.5314018197889195,0.05381388844557198,-0.36911464021139595,-1.4544402468684934,-1.3579201914510286,1.569469406643799,-0.9253847558778561
-1.0184154446978957,0.38540849691067997,-0.7441326776623747,-0.19508734319604076,-0.5238386693788969,-1.0366752266981702,-0.14125891000455917,-1.1068433488385276,-1.1933037700932927,1.1756867185961684,-1.0036101916500402,-0.5202688285265263,-0.6250749000028644,-1.6772389095169777,-1.7107463941388286,-1.2053864989574266,-0.2817360245067166,1.048946858954029,-0.3114004386689975,0.7988263345407666,-1.984263955921562
0.8003188375540643,1.239225443486478,-1.5058033358458458,0.28133306513164424,0.785131009517088,0.16479782765126783,-1.338242813263937,0.6532910903809314,0.09902523263717943,0.9459467539742772,0.15167485619717683,0.6391392078210888,0.0021663291368871577,1.3592555533765014,-1.0082978262356146,1.4685813529311174,-1.0599662869335824,1.503595727938432,1.5151135559765638,-0.14699333953408086,0.5245222947876671
-0.5602394377479796,-0.7395258181848999,0.6975168646105164,-0.003781735264586854,0.17692993763031772,-1.056341146741232,1.3774283303874448,-1.0079618264095425,-0.598274424392369,-0.885525588927126,-1.2336940715763065,1.1100626417613784,-0.5032886963783807,-1.1831525496037143,1.6200694448004207,0.8095976349229324,-0.01851732572501654,0.5352496265496457,-0.001224756072675297,-0.27858015013298987,-0.7752769272131343
-0.41752686790594645,1.4618514990802554,-1.4105427711814817,0.45030152683572067,-1.5060797927560425,1.2560992240279893,-1.0519359507501223,0.3793316229055978,-0.9915041442536388,0.5510704882451473,1.0684885985546548,1.1545665243282788,1.5249612058752668,-1.5841726117023927,-1.006682329074017,1.719311867487746,1.6815169992122776,-1.0561215526717784,-1.7164926639690103,1.19934901763765,-0.5113403057014425
-1.4450459198085974,-0.6699161255669248,-1.206708666736114,0.6654871805301682,1.1454909477065014,-1.5349347709198065,1.4690155964306695,-0.33944357173010964,-0.14468233445706832,0.42006749835195933,0.6848520929922293,0.7615351007707847,1.6221934654258858,-1.0611889965804067,-0.36464918900746324,-0.6092355549314394,-0.8850096799795888,0.0045130201144690145,-0.21054105326206105,0.85474814678499,-1.078459219120475
0.5118773222466624,-1.4350927483014604,-1.5309446462078196,1.1918324850713182,-1.118681948786596,-1.227227961095983,1.2847453703593452,-0.8725602621846767,-0.4007285800476736,0.12096601767918348,-1.4554226351666242,1.1723374506878128,-1.6581735108032643,0.18296253071800686,-1.7080468201884857,-0.03322865019688182,0.5427603155095241,1.6609822544667094,1.4668253085697147,-0.31639774997434894,0.5231378517950702
-0.46631771447444487,-1.1517008044827513,-0.921834804358473,-1.533240980852074,0.3857555057116032,-0.5730903700470735,-0.7275165522194348,-0.787089948527212,-1.6049360640431338,0.48403001959594993,1.3415892955003312,-1.296439109818317,-0.5469803081513377,0.38494255634999025,1.5246006934594936,-0.353367826158993,1.83704113553826,0.13103388722667988,-1.776425999128407,-1.4210640453795362,0.6681941847847246
1.602700505168278,0.08307996946140067,-1.0021808283554314,0.25609032630010164,-1.7159877269447366,0.3209253770607895,1.5479804162251336,-0.8299970432317864,0.17811279060798887,-0.9249273360073961,1.3821958604105398,1.4437561177324763,-0.5001057303708365,-1.4434682802732337,-0.13905990951428193,-1.6241342166073096,-1.1987869960912154,0.3001086752553128,1.3606221205732612,-0.20319627118580838,-0.7818147605771754
1.2682273414029699,1.2742144719960629,1.670448339173847,0.6859443574147238,1.2260601848377406,1.4470191142037818,-0.7541969608743144,1.0700084284461737,-1.5679495767208496,-0.12499513118706088,-0.9090874232043369,0.8551896191552287,-0.20664957445838886,0.4716913846071562,1.0024668562031536,-0.830869073759548,-0.3912193745734371,-0.5088049701481024,1.428763706619615,0.9706838515240819,2.4803144038424856
0.5131130078119975,0.40324962404290493,1.677582824626156,-1.777628057956887,-0.7774293833029725,1.5824132904588242,0.6779397597771876,-1.5811125036478042,-1.310118238442031,0.12710414946859952,-0.3229876058190459,0.7194616766390968,-1.1238912362467064,-0.9998292889882447,0.9831385150733102,-0.8672684981388201,1.0342957375863633,0.8226903077166827,-1.453164849816215,-1.315871409397716,1.6346263289161762
-0.5520689920198778,-0.11127187945289956,-1.4451988629931916,-0.7791431909237615,-1.3127234976487725,0.15789467138654784,1.402543698154035,-1.3059657950191772,1.1936506767878905,1.5430517125946568,1.221074042370314,-0.5360256817774127,0.7542473431871564,-0.412138663821592,0.07284742700214515,-1.6713632892258445,1.0202410745606671,-0.3968806833969028,-1.156579273805769,-1.2981083712417263,-0.7597802382201506
-1.6767919737359482,-1.5430555983276235,1.0457933694520227,-0.11913091974974167,-1.6159296278798612,0.34035160186552327,-0.9467556845565648,-0.38406600118544293,0.9709578839550869,0.015694613485687712,0.5435676469148965,-1.2512697607482506,0.5365068972284872,-1.0861329927579884,-0.06535493263786168,-0.2934412246777273,0.5910364062329836,0.2750719589180663,-0.2146922965488298,1.1440194045300234,-0.5691945525870002
1.0797658686094231,0.4272192650136768,0.035615241124134694,-1.5798131558736639,0.1757027596417528,-1.6197064941779167,0.888332958766845,0.4385733077889159,-0.01773083898447489,-0.7606375624717441,-0.6526803949870764,1.7454023122937201,-0.7360062630594144,-1.5406984885451682,0.6421022458960339,1.3883323913372663,-1.521712105608297,0.25333780643172327,0.6121147567808728,-0.3750495876950494,-0.2660938952460676
0.8332765297482856,1.4007080733650557,0.1808717931793576,-0.392296604933256,-0.7837787531777344,-0.20377560178507015,-0.8542821047430545,0.9285012993011429,-0.7240975675227017,1.6743065495022336,-0.4828955173917881,0.8446725202771709,1.6191079958700028,1.490152681701908,-0.19628860517040175,-0.19257095568876095,-1.4860685686104367,-0.42485346557105125,1.3050240647259903,1.5543461122051712,0.15504897061388703
0.12489750215743418,0.8564092681559103,0.5865277000173268,0.7106912882635376,-0.20888510692327086,-0.8625845675675875,-1.4110897892745837,1.4915570689150777,-0.865851166056178,-0.3922418046421489,-0.11520153259238777,-1.0322495815008306,1.4706509782602846,-0.6854819558881481,0.2742869406521169,-0.6938143224672093,1.4528512807514207,0.5097107686723266,0.39642618819940983,-0.17286176170137535,-0.544627875190575
-0.15018746422062862,-1.0615651069018477,-1.4968075478600853,-0.40438268433748353,-0.8372947999485892,0.30298016892788293,-1.7406176319225235,1.0116611976687748,0.3462494058802235,0.9297949467504443,-0.9133816192462048,0.9121460483499502,1.6788199791747846,-0.8955760602900955,-0.22486221801960193,0.11651404797332522,0.8464768240053522,-1.4528107479230266,0.43113935268236037,1.080667982318642,-0.41816457314706373
0.1707138710502843,1.654331933994628,-1.1238327054290895,-0.6965278935096265,-1.1584042877739902,0.8591321292054179,-0.17364635326413475,0.14637390467198236,-0.0840226629299702,-0.6017391655884508,-0.9576128567397516,-0.5178610550114169,-0.6680206128584791,-0.16577164464570848,-1.3716173514139103,-0.4806389049375103,0.7110498400036793,1.5421270687637998,0.017347385240456384,1.4844412798287023,-1.043330886840569
1.5454593374083714,0.5815677565644322,0.5727693454416839,0.37164661116629333,-0.4282059514355193,-0.14615956380274833,0.35115170984001565,-0.37738091006306185,-0.33244657677007566,0.2549723652400053,0.8974325294962958,0.5597990581913739,1.0349362015251693,1.7133472479672331,1.3409065610879887,1.6838842527368436,-0.3906981017185884,-1.1606992524369824,0.3444492286791463,-0.6943358149284874,1.3015937011055285
0.19790270664405277,0.9522612512140626,1.58114091268381,-0.8964488177023912,-0.16362646219313343,-0.8614492715374413,0.9874083121290621,-0.49089824753897365,-0.04182696732296317,-1.427108035390033,0.09725095037257617,-1.1418947746978545,1.143665731422713,0.16918227452744747,0.8803251730515687,1.5969046921815508,-0.33737793040452774,-0.38812722253480136,0.26392723029930865,-0.5597962354500559,-0.21882451976278774
-0.053969200292628756,0.7858710758038605,0.7795826695869346,-0.3069668446747086,-0.7657992016482598,1.4146024871997616,1.5411718612027823,-1.313916233893287,1.3168296079311845,-0.26833559073601865,1.1322811041107188,-0.1953101832306516,1.241001140318733,0.18049626727512333,0.17950158515231243,0.6635774444279157,-0.6652666941767933,0.8016517135009225,0.2673434456349928,-0.34083603035083765,0.45078906422527043
0.6117704474672815,-0.5173838197383838,1.1169732069865135,0.8719675007168601,0.5049348079132274,0.21084248367158862,-0.7323519673868346,-0.2025158915133053,0.7080662551041832,-1.344333800652831,-0.5332671598044411,0.610374669108507,0.2620399580968097,0.6827766412858095,0.6104554039578688,-0.10880952593889812,-0.35857000801487077,-0.3252199754960374,0.7949897722799172,1.390198752989614,0.5815293839482739
-1.2934131042170518,1.5363245017633762,-1.2333675487878917,-1.5025309846651125,0.3910873799390669,0.6747075165531039,1.6884986192428952,-1.3850090238203205,-0.12383011980283234,1.2866804814053667,0.9251220434231187,1.3004716795533693,0.11174441194751239,0.38269971634693345,-0.9021966784082192,1.457848519148761,0.6553042267536213,-0.573946893547846,-1.7672296669211784,-0.8731361248775142,1.4015380067980778
0.4737249609348455,1.1463037403908922,-0.710382095458468,-1.626473138537562,0.7602843430719731,-1.4497081763696609,0.8750954827502899,1.2744071928573655,0.23930051704047572,0.9477067971830949,-0.36872808400471113,-0.4394795186765225,0.7344985696630464,0.13474680092808042,-0.7140815967404799,1.57868487365194,0.5142219681254024,0.428436226887012,-1.5790668842391393,-0.2646399147375612,0.6847439985253788
0.46215052852811084,-1.5770508408674164,0.9266855429147528,-1.1024369456718894,0.9147739574826489,0.5277830819120585,0.6146988368334018,-1.537330143610023,-0.9798084027436496,1.1482729261323932,-0.5242525544400639,-0.23791948607269234,1.714936476136313,-1.2833406773294098,-0.38906103859954544,0.6306722357827771,-1.2115697463661521,0.6475369288116656,-0.8845123545531188,-1.1456435050009417,-0.3182112726911296
-1.461246792717733,0.18453172168877796,1.4115072316508306,1.6069175909666102,0.665544140197424,-0.27636992602363875,-0.8728641602658606,-1.1468456767282111,0.23748716379561158,1.3502422094735158,1.0430073968096405,1.123652996518195,0.9679447294231643,-0.21557088718485634,0.8194833948483443,0.6801280924948215,-0.7527900240313544,0.04663991644460295,0.43216328536239246,-1.2582213915460216,1.676173277459142
1.3218334057241663,-0.3685740861058259,-0.05718973568221378,1.339731411700934,0.4108169742765794,-0.9823101628625089,0.8043813180042194,1.101241206806076,-0.20815597693204207,-0.2374769697412248,1.5280280858088258,-1.0996630513038521,0.6744481890005589,1.6435373903040753,1.33933617819421,-0.9195033671374936,1.0497559178224738,-0.009133977352095438,0.3316532691669061,0.3222639401887487,0.13335897671512642
1.108591858276156,0.7267008445267075,-1.5268532934757248,-1.4471923368435795,0.19534815199877414,-1.584872559535013,0.08463063839017683,-0.2958244549885805,0.7682801815170125,1.4570860241015746,-0.2683297588240644,1.714076612673581,-0.9755362147809434,0.609712205157503,0.9162329914027381,0.953329426320832,0.28746340418070293,-1.5064006933408138,0.352789323929761,0.5903582824956741,0.14880986900375506
-1.3491238011712945,-0.12934341452747686,-0.18631428333321184,-0.8983528962669272,0.03163111962775571,1.1344967298359474,-1.1777390468557298,0.3028462810932696,-1.386693914447589,1.1090097423518854,-0.315429348216276,-1.1665594653108071,1.6000014116090302,1.656637986289382,-0.5890184876745668,-1.2126221519125757,-0.821589247517651,-0.9415028115272913,-0.10645922605427341,0.5550751911877694,-0.5922149737841063
1.6106632796429696,1.630344883080304,0.14190924128256707,-1.4029698300980744,-1.0964124863264275,1.2686594000105933,-0.7278322445932481,-0.5321883657581824,-0.19539953204086963,1.140542978451568,0.4359265744042832,-0.7753237298873223,1.4213832795403665,-0.17882890790700365,-1.2424179666830644,-0.06874242106118374,-1.5664689541373407,-1.5373437238490317,0.0734300381608585,-1.1528315170822827,0.7678412127499533
-0.08539454808006654,1.2715701457094828,1.3779203398995699,1.1290807206181361,1.6246271708592017,-1.5624471641368645,0.8269335116016739,1.2286172220417642,-0.8959864676429873,-0.12141504858250037,0.11172721486837993,-0.8511010859019312,1.0949297790318475,-1.2374583642197479,-0.36355781809838056,1.4964019964095139,0.37590040734355207,-0.8063324489006537,1.2914041616207061,-1.1716129476434889,0.15195653091449848
0.9910987319174257,1.6220451881773288,0.39358847108835987,-0.14420340650803454,1.5408049938363761,-0.24999715010825904,1.0270173979962054,-0.9425048883413726,-0.9361075235561972,0.7412642217440844,1.4569054923394975,-0.9903377555565748,1.227499614660345,-1.0999152748341186,-0.9238062104154897,-1.2316322259849675,1.4702665219431423,1.0397045918393815,-0.8263589791647588,-0.8633896928644446,-0.5128890649541483
-1.2278572797178957,-0.5057185725249808,1.6342745012074154,0.8332283409786803,-0.17935861653858934,0.33813205568267013,0.6455480819118392,1.0454717938376905,1.4999423797599925,-1.307953573087678,-0.5344049342279916,-0.22490950007387808,-0.5092679275944588,-0.7702418831779303,-0.629012290260189,-0.25255242400570194,-0.4080188876282308,-0.10948337004838365,-1.2664662315265687,-0.23335739030931252,0.035596385276003145
0.8271938383145168,0.6728070506441517,-0.6450384848979228,-1.309912745540126,-0.18274513979471632,-1.230085407364111,-1.2119219440050124,-0.848559708849298,1.3655649008520616,-0.7633238388500154,0.1740243532360574,-1.296235407967512,-1.123167306879313,1.5850904434469708,-0.19305728705793368,1.5633905095873486,-1.556842790295791,-0.5085614649990541,0.4259793759335357,0.7963054458363867,-0.6866441912582848
-1.6565329086441187,-0.6807141732660432,1.2979298951317861,-1.0917321003777571,1.0396301770168508,0.4474908022398196,0.6828969115687364,0.204620599805345,1.04374641944956,-1.047102707527823,-0.038953693684248676,-1.152293698077466,0.94820537082196,-1.1229966616170783,0.09633299105842014,1.2781828993409068,1.4849478648510923,-1.405043195958055,0.8616500329376313,-1.2238992666097332,-0.5210180896671387
-0.5871810867055711,-0.5315433669234945,1.47702048456919,-0.14484342804393727,-0.35584431979188186,-1.3080186358692392,-0.020591578149000266,-0.6505212361044066,-1.214083095933014,-1.6391240438294459,1.441082358587238,-0.6404491063844491,1.543983620676189,1.0620400650455286,-0.7118879136898894,-0.17155249291444571,-0.10813255255249865,0.5933591672502538,1.3539058964168535,1.3180168560319987,-0.14662317790822801
0.4093913427117451,1.3488097586125147,-1.6386220363111947,0.3965396819321957,0.10502677065276801,-0.43227468137596475,-1.1364721314602018,1.389124888098655,-1.4004427298270872,-1.0308208675347617,-1.2736758558943726,0.4659934908191856,-1.0092334652982056,0.4800904357137543,0.017551653626030516,1.5713949760524302,1.1340072017498273,-0.34989114920498676,1.0620220845444766,1.0102645152175616,-0.8942840240692578
1.429008745344069,1.1815155158204982,1.6670741455692515,0.3306636765127753,-0.6727786317241459,1.692749210010079,1.2583953670286034,0.2038838349332782,0.35881284222656207,-0.2680400642440935,-0.048480930745780984,1.5628377475796613,-1.1378945703727867,1.6473357638074013,-1.1581842642921527,0.12433128016167008,-0.7433185412953907,0.8650302860452826,-0.04702239827477492,1.5647650963866113,1.5080084693490132
0.8500450071743206,-0.5463707623467928,-0.45917219856506464,-0.007898211538056811,1.5828272287518892,1.4214006778755846,-0.2838533724083878,1.2670074746529925,-0.9663407709941308,0.46885679168851185,-1.1726161593050255,-1.1719466894877728,-0.6091405322001782,-1.1753980579073284,0.9093187902135178,-1.5304252659995874,1.3953934482924826,-0.7503178898998116,-1.3274573962673313,0.6248482642254103,-1.2954307186076393
1.5924839148272887,0.762648675537885,0.9454411757756293,-0.8089795294532041,-0.5950189603513817,0.650381369638908,-1.695303753726299,-0.5992615320664619,-1.2378920578426449,0.6287891442633727,-0.9420675896228545,0.14152895285360986,-1.4250377512605399,1.5239317319314754,-0.3029296011466411,-0.627141327349754,1.1328065456480565,0.45316665630786485,0.8374928716856981,1.51352769007113,1.1601302114488607
-0.22496682049643965,0.6040525075088721,-0.7826967987214559,-1.5980674649815803,-0.1427303438481532,-0.005938011443192447,-1.4256726204849561,1.0256953911184254,-1.3471133238984594,1.1950217768975575,-1.54533763261364,-0.8728641630156116,0.9443210529528764,-0.008887977860117415,0.8104328193028895,0.5168398796868182,0.6765937131308145,-1.2981154539936428,0.5075043856310082,-0.3882748220100815,-0.5067840664737648
-0.7040036129585211,0.17117619364341896,-0.6213341313480631,-1.0942914465862061,1.3563057758022767,-1.5577863359520747,-0.9977615772586471,1.3895658573039997,-0.003403281184724356,0.24106042392143168,1.5009701095479988,0.2639111729681994,1.148692607150185,-0.5718422181948984,-1.211620798272039,-0.4670823831606696,-0.7608518579298191,0.2289038460427975,-0.1954095375985198,1.0890241968653627,-0.7845607676205337
0.7298970087902324,1.588927951141923,1.2413642238628153,1.1760829321486461,-1.5028494751111638,0.021822415995227818,1.0454741972502732,-1.0299548969658507,0.6504192627786997,-1.189489536422049,1.3746104708198974,1.3632718157055428,0.6605613431589322,-1.196573401639014,-0.9593471373220812,-1.303801478414269,0.22250311742952184,-0.7767680524520885,-0.4901166264423413,1.41881700119853,-0.24457218218769453
0.9207904561580006,1.0485456077370616,-1.2844085777099332,-0.41118478039555967,0.6397897646824722,-1.0770424765479503,-0.3879918207851913,0.4470936326996791,-1.4323335138006381,-0.6573228819984975,1.2815349399018976,-0.4900775175601701,1.0870518503094753,-1.5427066812344676,0.13842682468048784,1.1519690120136088,0.4482981625976964,-0.6364214894333033,0.8163972013941915,-1.5908558880786268,-2.0012115934019756
1.4921423301396117,0.4817856604412894,-1.7391126705529145,0.8332774918617343,-0.6037196123542078,1.5127693577338646,0.949535389119842,0.6379473015289,-0.8620970214815333,0.41718083754703705,-1.331018387880815,0.29252164945072584,1.0172814078908843,1.7194163573994803,-0.6218639805990079,1.0149918375370781,-0.028838211628714944,-0.813752002230575,0.7541742541035968,1.5950196258782083,-0.27969442984802434
-0.6041859938850194,-0.46567237558414776,1.0139674461776973,0.35023187914635423,-0.05200157040413927,-1.6196081685709813,-1.600960698178591,-0.1366640658154964,-0.12416521775412089,1.6024472624746715,-1.2684152599953253,-0.47823687289721295,0.9298784868540881,0.6574342029295428,-0.2637491349867191,1.214241644074948,-0.4379291629064884,-1.6135226886824918,1.415507469087658,0.03686072841505721,1.350490560288812
-1.4945158218096273,0.5000498715418963,-0.8873493290334445,0.7139985072684384,0.1300624088699815,0.4066715253138472,-0.30868506477548546,0.30649889119245516,0.8583842752062041,-0.34474445390133024,-1.0904622907675907,-0.5969069427974493,-1.6299994171979901,-1.2167203212809072,-0.8534906623327186,-0.707312954332975,-1.6102182540882573,1.3492581219887216,-0.028908700663970662,0.2412044278361536,-1.4855798558678697
0.6918443563539052,-0.7680857670475874,-0.6612220514563029,-0.21044849057413859,-1.5399886768991873,0.7537413622020025,0.6543623994078607,-0.7817112279335072,0.9948750853142183,-0.936153719274351,-0.13319488519876335,-0.26573978958220984,-0.1234731877944961,-0.0011631525369152408,0.9761044933346348,-1.427057627008385,0.44307465737704743,0.6165984156528211,-1.4663158922466752,-1.557089371243846,-0.3682164009503063
1.3948876379366473,0.5972715366708031,-0.5698417036472305,1.0818075688061841,-0.32377155680853364,0.46938820799757885,0.026311637826590774,1.7396674839530606,-1.6719108842715542,-0.9477067417331312,0.6775924329113243,0.4021071944803274,-1.6313949329341042,1.7120252304229515,1.677924619432533,-0.3219616889932507,1.395396061584451,-0.5677816484878726,-0.7942882271922537,0.5631252216398932,0.1925565608141325
1.286734373689728,1.2254204275678515,0.834796029013358,0.3029236463248239,-0.3115703082070376,-1.0594784496129883,0.2201471179757163,1.5526362241710836,-0.786983855356345,0.5329938677389502,-0.08023273475168007,-0.9400995286300515,-0.7753643444033607,-0.7585025389328782,0.5294531612438168,0.8403937826455039,0.3098300935011276,-0.1190242651352378,1.1294166408237083,-1.2532898605728087,0.27679117830231037
1.6354081176359874,-1.039268010324498,0.7249174281204207,-0.6239566928993873,-0.8486523266272523,0.33771830313275863,-1.0961502451948515,1.0516010767238788,-0.047910623898139576,-1.443799245280536,-0.24557900803090785,-1.4976930214293416,0.31824941253039546,0.22725264527165157,0.7541066235723753,-0.8687106700546291,-1.5057696888439875,0.289935192315708,1.4051753031522103,-0.18909461080527412,0.06431238542420775
1.4162334493209916,-0.30390600495746933,1.3698363875712483,-1.6620853792962489,0.32992861162164033,1.5266404070639936,-1.250909379735515,-1.659590561085105,-1.4348092039030627,1.0291557633752417,-1.5984050218150938,0.4176648312309378,0.4114425864649974,1.092297647873263,0.23056835709460619,-0.9752081326307979,-0.4830292032998227,-1.14230089531628,-0.7526788222109124,1.2686493558623535,1.69692971842941
0.4128143864031693,1.5692866000658827,-0.19156200051350702,-0.5610106692849101,-1.208963606402115,-0.9173016958709382,1.3062368900049368,1.1247280718693269,1.8116571522423162,-0.6186968359667065,1.0189867378470685,-1.4645597133515509,-0.34672437094926906,-1.0398819335042715,-1.028684613027885,1.225707413446479,1.0147067242095917,-0.17010532814341722,1.360332861992622,0.4506198352972805,-1.7267702124112914
1.5144955886160285,0.9517813222656418,-1.2890945864445997,0.4277669875929302,-0.2559485442994496,1.0134560284066074,1.6455755762311928,-1.2920312794349347,-0.8070490357163956,-0.9891528588450628,-1.4451457464189912,-0.8139971893866892,-1.1295900871327946,-0.7442787125611217,0.11176954294130237,1.2764805003061932,-0.9371311879651619,-0.8565790325462185,-0.7946336045676881,-1.5478444995393195,-1.504333292426304
1.1938633767723226,-0.4695077625649418,-1.3395878979536933,1.3460477212485331,0.2792127377400083,-0.8338350238849876,0.9107304848225847,-0.9004920478460678,0.27844050789676883,1.2373189021043722,-1.0493201477241085,-1.1565224582951064,-0.6074511147888761,0.02608401440948278,-0.4815255134263211,1.1053114705720148,-1.0553192393186839,-0.8416134336559072,-1.5489107474085404,-1.4355899044184055,0.3088107381268903
0.034574149849486945,-0.8369844027287288,0.7070390324175482,-0.6423317688051038,-0.3477918014435616,-0.4523624222201245,-0.08202656536892645,0.2626665186785387,-0.16920356073273363,0.7707989610425092,0.7123634517322126,0.6295581354357798,1.2833196686213197,0.5697897841430702,0.2802177109784798,-1.328221518320156,1.8258367389544459,0.1554745618018682,0.978079181173509,-0.842429749718182,1.3085579477104305
-0.8233856696850465,-0.9165697178208386,0.7704737058870486,0.4146310152189453,1.4259853977529013,0.6010569834047108,1.3768993873594952,-0.10502936230687324,-0.5462850630831801,0.0640011934134395,-1.1010371563695875,1.645642727187335,-0.47535135791841476,-1.419044697848277,1.4644005897485588,-0.7610539210974945,-0.33122943878714567,-0.9229118290641593,1.5569104016436006,-1.4284575987032768,0.5392999143051596
-0.2588816001727734,-0.11291021107648723,0.05512853421392631,-0.8390563581245419,0.053653527817319635,0.6124608475036759,0.3710891406966795,0.7539454148447208,-0.5046090532248056,-0.1941086203871842,-1.547754636859134,-1.2880316620246028,-0.5934233389478123,0.7085897842923276,-1.4828946052106635,0.1572581791580309,-0.4301470799893095,-1.0324473381649466,0.8855881857279833,0.5199955521361684,0.6390572498431234
-1.2347510713527665,-1.332638308093576,1.5796708670459467,-0.48477047232187237,0.9768268109230831,0.6219350215254119,0.1581068644435154,0.9184498089186005,-0.5575490958749058,-0.9085774278216784,-0.25379556730520375,1.7149023574070608,-1.2899917843920115,0.025597433081166854,1.1210939900353996,-0.6815649611781809,0.9111061793570601,0.27022901062085497,-1.7780076775838876,1.5637617453100587,1.6089091749253375
1.519696637878655,1.2489423113955354,0.9834506863240147,-0.3436099853389987,-0.9937392074190837,-1.3262531293000204,0.4933404883714938,1.7203585178954337,0.17406433637540275,0.9656584915868247,-1.2464438129525606,-1.1467939948831478,-0.010825003230725347,1.4915006444875274,-0.027496587755934908,-0.7807465588681427,0.815115060304486,1.1788152057337,1.6468973999427188,0.5044019228172123,1.5356122175715463
-0.3402614972462531,-0.6067706516470467,-0.8278062096076849,-1.3239792631984324,1.467756119133639,1.270187867010538,-1.5204664578959854,0.7885707898402475,-0.4922753718835175,-1.1800865208510931,0.4799156715823003,0.9329964776333577,-1.3663632183458698,-0.32184966314913477,-0.3273261391911388,-0.3946723274282503,-0.8880083423746661,1.5066639176183196,0.6957051993841541,1.566819209766369,-0.6446351412599135
0.9444516339566448,1.4797400736982866,1.189188524033127,0.22349224099038484,-1.5781106150831632,0.08433875537831842,-0.5404707535845046,-0.4015229410221512,0.4341796956723507,1.1388970587072609,1.2874795623174582,-0.03181243427056579,-0.08047987805147487,-1.2942581748297555,0.831733944543453,-0.8805924564685329,-0.36706047996090196,1.3344393883481687,-0.8383337893963224,0.958396745176643,-0.2266853053100665
1.5179063286891115,-0.9672572164250949,-1.2490997540687596,1.446826913697243,-0.9822308194354442,1.448320906671416,-1.4851871561879384,-1.1986243730130572,0.5711805249458359,0.41277179537908004,0.3243679124874065,-1.5655427857778734,-0.25203656393789164,0.9616403025327039,-1.2900382526511127,0.7180017707217823,1.7990364166100878,-0.5808425356584019,-1.1471439606547216,-0.8449852926918058,-0.11047631536498612
0.6200332756891316,-0.5472908817938237,0.5917139643634319,1.1227020049706058,-1.1390474532149595,-1.113835719659992,-1.552095085111174,0.6896027017395148,-0.2808699872290618,0.1997075202091199,0.5382726027713208,-1.0102222653153727,-1.3789368330202627,-1.30323716280984,-0.8670354659789016,-0.7998304131439069,1.6209024070152254,-1.1985280152736455,0.062385443999922824,1.6387985051999439,-1.5324379831919
1.6723796071245147,-0.6663540820690852,-1.4202453356311489,1.4963209252695924,0.6870024947789113,1.2677839661706989,0.9837821088493449,-1.517776402480922,-0.6514774432283098,-0.05712598593901229,-0.47127927706018213,-1.5518745803749099,-0.6258363097547377,0.03621334090431587,0.15190407745163143,0.23440847041905213,-1.6360745837313633,-0.18040634767118327,-1.7662650105466464,-0.6225364202923673,-0.008217013254695303
-0.9201824817183922,-0.20067994638551576,1.6129669945651206,-1.6326006852025354,1.3995753138471174,1.4711480883060133,1.3841178680433674,0.557468677577463,1.212151873884021,-1.447834418536414,0.5763335258301641,-1.1395361548145895,-0.20495871482212966,-1.1798266681607261,-0.1376688068647746,1.5519245093028666,0.6087538938697314,-0.16635475267126443,0.25715153031752325,0.91234522009099,-0.7350524272380441
-1.3399452439451756,0.3457963551896141,0.3805996275920041,-0.12609646993656157,-1.364097469528221,-0.3513245108517569,1.3884884304590916,0.43705714130633205,1.0753675266684248,0.1989786021539528,1.085388939517825,-1.0341628154700004,-0.4009667901653358,0.07314734029209728,1.6664972632263175,0.1260417850086189,0.44024441127864566,1.2421526565820726,0.7646669778553379,0.24257748547938635,0.8773728105768949
-0.34781648024308237,-0.7049211461445185,0.7316807348891061,-1.485944098533458,-1.6211153059384682,-1.2478841260784543,0.15576955912711057,-1.045279997320303,-0.9470983650123802,-1.391902052960504,-1.459601943135359,-0.0472677184905463,0.956532050014682,0.5599272914680438,-0.7877884978523632,-0.3152107666554065,1.6395929093026074,-0.1983675923664091,0.43319149850796224,0.3105967549997906,-0.17961897320346665
1.5870648118292148,1.035268056621553,0.6212876142606086,-0.10284145449772467,1.6027745033373397,1.0506337537301476,0.46312457960064174,-1.122513221777135,-0.6962603134066113,0.17982780970824344,-0.9251934767570396,-0.7181104105772502,0.5456344638520066,-0.0003292522615825323,-0.5018820807027966,-0.03924257262854987,0.23437677913262353,0.5600353317910717,-0.5416515429665602,-0.5673756274647305,-0.2828766196957131
0.7157649000240909,-0.6344445330036542,-1.179021997180009,1.6681980529232092,-0.957647565585388,0.15194838690260273,0.7621491794188336,-1.5646679008141682,0.20778900123153443,1.2762592207766408,-0.7774222764586252,-1.101484476858131,-0.3214900811034522,-1.3374420789161767,-0.5712420157754841,-0.7221094843811015,-0.9262408264598073,-0.19552445680952413,-0.9254716206633579,-0.31790733159914475,-1.651674643586281
0.2700078711245421,0.5657097597897623,0.8609955122067159,-1.3094749022919172,-1.196148484637033,-0.624726720324803,-1.5561494519632195,-0.8558701278232801,1.0669515041575846,-1.5989918891331696,-0.8078604377973486,1.3199389476937924,0.40460673134500696,-0.41583811677676663,-1.7154312584091345,0.8430410791606814,-1.0926163781036051,0.7603242328990106,0.5835538999488555,1.5317260393337446,0.1981308069598711
-0.5129270267138698,0.9102040455179728,-0.5956060304667828,-1.608774524597692,0.9216915243658826,1.2248071662853879,1.2472150323658333,0.7924178275192799,-1.382647916421829,0.5381804925980437,-0.9171052466029941,0.7592514397562261,-1.081456644984695,-1.273896526916697,0.9943056856775844,-0.9973043745762099,1.7430698057445715,0.10022230327084902,0.2263962783632727,0.4787603867998017,-0.556933077156444
0.19595561870990583,-1.5403223902032577,-0.3434794397424012,0.6786047599075969,-1.112441821236226,1.639743330927964,-0.9031472305664537,1.1724460381663055,0.5744577796592983,0.60153680514525,0.24311282000573747,-0.45493832616352087,0.7947433391561016,-0.46512022382565577,0.11226707865874955,0.9403483661704553,-0.9828563045399341,-0.034606213423420996,0.999627122857133,-0.8072098612242985,0.3033143729303334
0.014272258106714609,0.07094527872227965,-0.748779173253673,1.0920670469596856,0.00787156629801662,1.7011036302098332,0.14324578038815758,0.30502882987710433,-1.5932733877067138,0.9909311139799317,-1.173724961604325,0.4545751153268473,1.366595534457624,0.8862997599207267,0.32907644108717254,-0.4534099401073424,-0.09903569919494959,-1.3930174502107748,0.7184538399541452,1.292210104534845,0.6411519310903182
-1.4612992525090382,-0.9336547759199677,0.5378644716730419,0.3215303297833815,0.7283790576052013,0.0319509943152523,-0.588330162535328,0.37363462703556893,0.1525122763319996,-1.3399499143516709,1.5643470163239932,-1.2140515592678243,-1.592731893739235,0.9739176281007376,0.7499334772166442,1.1223753437580744,1.5542874996495921,-1.251743861975833,-1.3229554656872267,-0.6093052781450559,-0.007600213841691056
0.5813750741469317,0.3153434080034046,0.7072708318801307,1.2241872083615695,-1.2298697977529358,0.1481697516121992,1.5967510824196531,-0.4368367263148972,-0.09146005152861379,-0.8339864042111347,1.4069891419065454,-1.6172842864651122,1.3023346425585598,0.31570251056244636,-0.3628687201204404,0.5300115062522271,-0.5873653529639186,-1.5647503221760077,0.15646834333238258,0.2860403280130334,-0.5989336140793289
0.9594785711387688,1.4565040501147684,-0.504894811616444,-0.9741054842119458,0.13782844721570545,-1.032789451531476,-1.2687305286857575,0.7494190186824785,-1.122156985958411,-1.0773513997315092,-1.4092783711884533,-0.6580607272310504,-0.29610660207679235,1.167826300717449,-0.5633674838742176,-1.3084051916046993,-1.3159807313389613,-0.014477761195701917,0.2748601499438701,-1.316862848232328,-0.8789904098738539
-0.7377502827558923,0.01809464192032668,-1.5227076539725541,0.9568173152947815,-0.2512999568795285,1.276650700021678,0.22975477912633036,-0.6452273088981653,-0.02083181162602972,-0.9132605299901309,-0.47892251263454433,1.1758014466168616,1.33578080944592,0.713306360144108,-0.7028090293156155,-1.6146365576046744,-1.2165706372416671,-0.11887084950922254,1.3353402246758332,-0.7951598348971952,-0.583338654193253
-0.6934037159154628,1.1985960688052348,1.388812634265274,-1.1167340099895984,1.1209920776484537,0.3488638212986239,1.0872263359516305,-0.7664039036239607,-0.5927067656447387,1.029240793037675,1.119852646330948,1.6744904160442178,0.8099129244942675,1.223749028053098,1.390320038982167,-0.2746847894388531,1.5416325419743635,-0.020990293171268062,-1.055412985867985,0.44153327404412385,1.6734361478194055
-0.5220302082421266,0.2240869443274293,-0.43564785283218055,-1.2642855812597449,-0.47779293261124434,-1.0705880110283,0.9277402564173796,-0.6126634314222075,-0.5359117542253506,1.471190150413692,-1.7157772945318237,-0.261787707475411,1.1041974981448308,0.09284557333076925,1.177410944446153,-0.882068561694234,0.4505698673628416,-1.1858620661224322,0.8187093039763594,-1.147241763873245,0.907400070866943
-1.7087067206119115,-0.25507719681198054,-0.8500994276970237,0.20722857443694007,0.3196226854414627,1.050360167904891,1.6626595811925258,-0.3578570753774486,1.1491768593246658,-0.8922688896227826,-0.024040780519314298,1.0170347958355483,0.1294565126061083,1.3930739102177057,-1.1385203249220939,-1.5580413876669776,0.03667240262006404,-0.8417010899826641,0.2911993709306498,-0.4762558225512552,0.09653586447872269
1.3116303462469183,0.6030273897611124,0.509797334321916,0.5356070406530505,-1.1114011974813285,-1.5355628233926988,-1.443625465176618,0.026335802591346182,1.707892581787542,-1.582498779459306,-1.4739936456144715,0.2564255346111398,-1.2222103341686115,0.8697581435835983,-0.35083212225287386,-0.2606870326589381,1.119832406427074,-1.26407382787982,1.6206138965562562,0.4008124925612373,0.2931921353675512
1.6102235486601653,0.5407969303223964,0.40846017557639985,-1.3937044759940422,1.157440991163811,0.6783045749868271,-1.0094406912557972,-0.49827725886548446,-0.13105746516347017,-0.025414718800540897,1.3027652976962598,0.44465908251127123,-1.0577538749052378,0.13951914566710316,1.6191067482745531,-1.2567811413481766,0.3131408610402644,0.07016978089067273,-0.6397180484378732,-0.07614438507661489,-0.16988129548314282
-1.5758090228742954,0.6835406351587457,1.4838794985545232,1.2477474670680355,-0.20437321223155536,0.41533031389959163,-0.42046362105098883,0.5741596294139335,0.6543020361948152,1.5359616218092131,0.09789051606098202,-0.022966137580825753,-1.2828375051365588,-0.06784125658904296,-1.7252411673672452,-1.5769625996472882,0.8859146139991955,-0.7306362280457646,-1.2848532258264243,-1.1367064799674464,1.853893513280919
0.023979077814458988,0.7691879355311706,0.44221239762739406,1.0298909401502832,-1.650675171029596,-0.2172934326731055,-1.394025713413857,-0.2539155841160862,1.4309942235565232,1.4683884989659903,-0.6284039124297026,1.738147124519984,1.4266063479126503,1.2489677648486055,-0.5128850230244278,-1.125407601864604,-0.08213917509432941,-0.8155892098756699,1.5643700310398136,1.0031638835933292,1.4286648170447407
-1.6053262410191975,0.8826735498880758,1.162128339843269,1.042705589143389,-1.527280547750045,-1.4739870753043953,1.6104672814384642,0.7185997596847503,1.5398376640645834,1.262215559969481,0.18289200173195333,-0.9295400081702555,1.2779951276546575,0.0034480455178741067,-0.1009493066892551,0.26813006652018906,-0.5847734284213382,0.8730977956435385,1.0934005339821284,-0.9285006227556637,1.4775422374007428
0.10341444115569848,1.6708056342732556,0.8692625277893004,1.011209451005187,-0.08376605021756503,-0.28729627149077325,-0.6230564330358687,0.9099153728772156,0.881021641073263,0.2511973592303214,1.305930683670487,0.49569011886426356,-0.2218640648751259,0.25418313730729225,-1.6977876156722205,0.218157244310891,0.964530961183921,-0.6445016329623079,-0.6402984139468537,-0.4660419599570344,0.6329741744508877
1.1889366750161596,1.4694096698791372,-1.435030223020402,-0.9276502846159745,0.1405496853748735,1.203646737733512,0.7306290961317036,-0.7804435239510124,-0.16253422711800988,-1.1398666762059233,-0.5010744571607406,-0.8783740568371625,-0.4965276028108046,-0.44743121633549493,0.37211634751077405,0.49742425081725017,-0.22214084956210825,-1.3735692059355833,-1.396594578111361,0.042309312158353866,-1.4555203041157614
0.854329011548548,-1.5592243843969467,0.5580924219362152,1.1339197054442764,1.1510685205971327,-1.6152842520493733,0.501519150409968,-0.8045838146127547,0.31434151813432337,1.50343481225511,0.795004500280248,-1.043317156771968,-0.25512399494425614,0.23210868975531293,1.30878904051839,0.9727638184284252,-1.5647135087470503,1.536590587695433,1.6319555842830413,-0.6985733718302096,1.7212064216191405
-0.5488937815114612,-0.8906021097068213,0.9843736619346886,-0.6919695461584461,-1.2804489722878745,0.25746188446550616,-0.7697716685050318,0.8048853633592801,-1.60838362411372,0.7069217091780442,-0.26413868868595664,-1.5623566392420334,1.241958200448603,0.3924076227167979,1.4308898511549917,0.9042853739818946,1.4051669727146303,0.9223597492736164,-1.3025860784406658,-1.0727088796954773,1.2620342902514303
-1.58908283288514,0.7702497819493198,0.05910187037029857,-0.07850952848055855,1.6813639112976138,-0.06029878439358861,-0.8751162846993215,0.18764486213221687,0.9187165357426947,-0.6711784143869086,1.0880690394543133,1.1329615373527988,0.17200908252876976,0.9541133934529572,1.4200570645168467,0.3555133978226131,-0.7586629440406203,0.8367137840306709,0.7029505739231405,-0.4418150112465596,1.147281306232613
-1.1225764822900566,0.16033435228112652,-0.23976184691027908,1.5636949187734261,0.7378655981905258,1.5047228686038423,0.5511725810180712,-1.2128734632454383,-1.2375796489081181,0.5787051763069067,-0.08094282398232132,-1.4928373110593283,-0.4538355433295461,-1.5254171115487387,-1.4269204586519249,-0.740986427347027,0.8228730160799209,0.35044056510023974,0.9915395879577772,0.0683539792930955,-1.0698870483313878
-0.6308617895904826,-0.05123899948532878,1.090615991010723,1.0441351460418447,-0.20285735469546884,0.9583610206145042,1.1348792454285697,-0.2741064237353714,0.7527811985903766,-1.6418475126450016,-1.7377447160655248,-0.6614322580685252,-0.34446060830151115,-0.996083882815839,-1.1951013669339823,0.06989663594495132,-1.1767249515135818,0.14344296884555457,-0.972442036442116,0.783319941387319,-0.40649555612673566
-1.2904363790237503,0.27324267492731763,0.9548661400306483,0.10475911164879932,-0.4485561322020936,-0.5590255049971343,0.02094610781681122,-1.2141844354734732,-0.4731803529507821,0.5699197845787596,-0.7765843063633379,0.7575983451610961,0.4810608997481832,-1.56643317472184,-1.7203719969336062,-0.19035121855963166,-1.1831904007422474,0.190062257302622,1.1395322209237317,0.47999823820292004,0.00585940796980831
1.0681855459398772,1.6493613411289088,-0.4950677453925987,0.0715299632515108,-0.5259360713883702,-0.24255133150986283,-1.276425801846903,-0.712756169691888,1.2589013821359183,-0.32156000437017,-1.6902814807806195,1.5672809978821354,0.3035806743058035,-1.6287049606075077,-1.5939873236075124,0.3241147647195444,-0.48674668135596416,-1.4764307714317955,-0.022825865408112107,0.7599713281287892,-1.26050240657458
-0.7720294027366436,-1.0241487191609262,-1.2106695307803155,-1.4689345255786344,1.6077657192267347,-1.6810251847583875,-1.226465384361407,-1.1157771487406998,-0.13192703546031806,-1.7104463405188208,1.4460866540376371,0.5586354296113996,-1.2582966471483958,1.401626108422045,-0.014867975657110486,0.2232273224360613,0.3138939066873266,1.203547592465291,1.2420225687091595,-0.26861969547801823,-1.4303877985949336
1.0199118870864121,-1.336951194815364,0.5753196149660552,1.5754124757723051,0.035823253716914014,0.1366322347076,-1.021068028511367,-0.905428152416413,0.7707341728839949,-1.7260032399234588,-1.3628431829621102,0.7935785272256969,0.8451265112305166,-0.9871717970592759,-0.2461429063878575,-0.49704037674897067,1.2665063361348463,-1.5819824327118928,-0.6907435594077616,-0.6840316139142564,-0.20081236871963085
-1.2261988618537445,-0.7972412937342559,1.2653037375582534,0.220977920978458,1.27661427384294,-0.8535262691814752,0.2748031300070562,-1.1864864002696047,0.9710744914756817,-0.9317296260142378,0.8417415835348936,-1.6310524343380963,-1.1696107610209305,-1.1238497615412475,-1.6650229072169023,-0.2640206352298763,0.29587614038430105,1.491078900590944,1.5888270806820795,0.33942482695205295,-0.20806617589548843
-0.7945714681532721,-1.2985399564401505,0.5193799184043311,-1.715551890482075,0.5182130357496544,1.4159389649764045,-1.4350025710358962,-1.2632319199669437,-0.710710070210727,1.0425785393790226,1.0019805968675466,1.1765765496595526,-1.7173196546019938,-1.539392434253749,-0.7361796878146639,0.4145519292033676,-0.6430814241674779,0.44004498528768565,0.31144007980722893,-1.2827897178260566,-0.6151274510738431
-1.2983373451646776,1.6714365187695805,-0.49429620371961513,-1.3255066919730285,0.32281098646929196,-0.7178958637139656,-0.5994991732313086,0.9214764810197377,0.442972836304077,-1.441602066509059,-0.3736046538589351,-0.4220474952589549,0.4105922472861198,1.3948672151075752,0.5550011485920429,1.07645597951107,-0.046706404216139925,-0.9464502704786018,1.158854400719365,-1.2245014778233492,-0.5807224489081413
-1.4191217721844473,-0.3261068713139146,-0.8343833523181343,1.5272235485924277,-0.38266240713637745,0.8957890002718286,-0.8086669614518417,0.4610006771247805,0.4056743721377435,0.38967546944085024,-1.094597878464293,-1.4993018523394885,-0.297778447467339,1.1228371175588108,-0.10623633077294309,-1.651545754630017,1.0220546216288169,0.7011269258667938,-0.09931295375345599,0.992061129951416,-0.43350386089410897
-0.8377457077840595,0.03199266939018057,-0.5952135864599186,0.29959813236045646,0.18232008325641086,-0.8474216391232493,-0.24765676522299102,1.6524136392058197,1.4330388034837633,1.5124653536683739,-0.43244936882272245,0.5854067535543924,-0.47881399230592864,-0.5408481736759457,1.6322877880058844,-1.2183996465179547,-0.898603370961249,-1.184206984766743,1.2417201189821256,0.5765638410280242,0.29303644337394336
-1.2229815441059835,0.8230067923182226,-1.5976136311286295,-0.5117138888745705,1.3789638623905167,0.06542643350559875,1.408730958501554,1.0179705093008855,0.9921374926286007,0.199959550141261,-0.28349251053959806,0.2768723116111192,1.5363402716139871,-0.35490888846622193,-1.5470613442217667,-0.48751207747860337,-0.2025289247582261,1.5913515122242212,-1.6634437125650667,0.7516348858139095,-0.3556163205620274
-0.32955401538949647,-1.507772817290231,1.0357763932548043,-0.05948598407536552,1.0844659934406806,-1.3691371482718218,0.373224630960937,-0.25519028652708553,0.3464237447139169,0.38165807515948313,-0.7699971296056657,1.584157320826307,1.3945222711928127,-1.1287904935364335,-0.528150116959099,1.2097576716512366,0.33989276906684707,1.1816428885169619,0.6139572258152347,1.7657667345836074,0.6589982528478201
-0.9154987809722042,-1.272019987548789,1.487213843722305,0.640707155437836,-0.7058954174421659,-0.7978550247037355,-1.0370480806878681,-1.5008761949225626,1.537019442050484,-0.887181649806312,-0.09789450488087356,1.0339224158939537,-1.5677600598572585,0.5101534004510716,-0.026096844537195147,0.337093066798746,-1.2460862541373035,-1.5613369574847802,-0.8110815273003801,1.653524508321315,0.49215104015623046
1.2136526839739101,-1.5106680373030945,-0.044308551695144686,-0.06920925693529106,0.30199753158464143,-0.6729446117492375,-1.3916083075385786,0.17747128497676085,1.485846233183738,1.6396695785191782,0.8263970318870633,-0.10257776318736152,1.4533922121318932,1.167248703607993,-1.0880109325661456,-1.6418819586397937,-1.2857036142701606,-0.15712684872088722,-0.9206197271621162,-0.5073963906288216,-0.8017286185906721
1.4839884576027373,-0.8448569117202924,-0.0026938844064514672,0.9156993339496091,-0.437622828636969,0.49673252377433796,1.327243489813285,1.334173151679582,-0.5185409562540352,-1.5373184774395394,-1.51798268087093,1.3382133308521542,-0.055630755060749784,-0.8162838560304262,0.008251560850871486,0.6711303016991472,0.7935183730784195,1.0098862017631702,-1.6805410350977357,0.16474093940922477,-0.02316287064786178
0.949978894315062,-1.6261292488733685,1.1694456889022244,0.3950324448635292,-1.2136477986907066,1.6431797527824774,-0.5352013257466242,-1.548316377765134,-0.7894518141217715,1.4590851490123982,1.485573621824052,-1.6106000462864396,1.5869066033433648,-0.740019115839967,-1.6702838767698815,-0.0570410433694283,0.4090306766208174,-0.7351901863192853,-0.001968463509437515,1.54033350363988,0.3148715728749493
-1.1027892613117811,1.0763729211457562,-1.1119111963850499,0.6088594348549696,1.4908219085576664,-1.3869509748729942,1.3095696274016795,-1.3150384055751836,1.2816878548868562,-1.1142302566987337,-1.5812658400255943,-0.02387540960980034,1.5316668316887017,-0.4061890633208887,-1.7491525601197861,-1.2107871891206934,0.7005728613134026,-0.9220651798631154,-1.5357628642517236,1.5729097774036507,-0.8573763187523268
0.7312066577203458,1.1388723950625346,0.6078411150674606,0.840014218873726,-1.0915762409224945,-1.1110556936786131,0.11975016188841046,-1.190059460583378,1.1204126935774137,-0.31472219608524754,-0.5732157085603782,1.0279592098541148,1.3272022251323212,-0.2535389114117752,0.5193302266767773,0.2970869560214995,-0.6565002902929044,0.746641318074269,0.07210458327213197,0.9827630769949667,0.6766251161620636
0.9431942315223414,0.7959438870361734,-1.2755377711557527,0.5835408594448883,-1.3961724786400709,1.6617345159211088,-0.10415028970416114,-1.0900813094900954,1.7129177388262296,0.9570255518422631,0.835914804124517,1.4677299344172388,-1.4272915201531324,-0.4358738966758952,-0.22136906718137922,1.5426768467082828,-0.7714979098790735,-1.1126868730701527,0.016521564317734348,-1.1581124535208058,-0.057913934427161064
0.22583241009224833,-0.6728340016754656,-1.4837913589007847,-1.0503270931346036,0.28913791450661014,0.6718509819620488,-1.1558483846848655,-1.1592337269847632,-0.8326097041128528,-1.520327150087552,0.6526973206378617,0.04550922738675098,1.5691993110265547,0.32961193422002,0.7766671986400563,-1.4787556848779086,1.0988899599811606,-0.518957207656743,1.4040680410557422,-1.5983714966536648,-1.1597514096441477
0.5424305914874592,-0.8949095982651394,-1.299608676933328,1.6405896124932515,1.1817835767615719,0.6006285088629051,-0.6965089649780977,-0.5616744366007073,-0.5772425821398698,0.22618979629601643,0.4979995804597506,0.0801224474328412,0.2765083009231964,0.1918882152488095,1.280462483539867,-0.8861249454889334,1.7524684201663474,-0.8356656043247468,0.4880761491321787,0.6920122706346653,-0.8305573216747184
0.847445906000432,1.4097320004526983,-0.028578535074048658,-0.9939634752360095,1.5182085581928149,-0.7464575827174724,-0.35075520938662735,0.8581793031259511,-0.042084778708047714,1.6824916569134956,-1.658638211037621,-0.3140102677297536,-0.5047419080367382,-0.3840525828917304,-0.15226459323767919,-1.3345788771083527,0.02700109158171105,-1.1277055315138251,0.37364421000239867,-1.2529826974099978,0.45073008815772436
0.9719679169254203,-1.1960467037099405,1.214343720376046,-0.23693200325305863,0.2110525829791822,0.010797561771124932,-0.8902433028156685,1.1778861249500823,1.3668195778924448,0.9629346863370778,-0.8833076631742852,-0.6810295752904303,0.6501885510891438,-0.6820268174153911,-1.7073244257788822,1.6307130112167785,-1.2359791507627427,0.1700983392132219,1.1330940254776307,-1.464869428864254,0.49746339422274943
-1.5521342256844124,0.3976076251999648,0.1628157467507413,0.3340601383632036,0.035978659797598546,-1.5622815934510184,-1.1438816968878465,1.5470372953845737,1.0634065321516157,-0.8477279471986662,-1.014125112748421,1.2933392026296917,1.5475643016094656,0.6354891897388925,0.844444591335184,1.3643602281426035,-0.22731857242459078,-0.608782700805536,-0.984343955238043,-1.4592695298570637,0.2117222119692966
-0.7391894542199242,0.8416132681051698,-0.3879929571435186,0.6867396898088548,-1.056092857715191,-1.5032659514404099,-0.13977525158904786,0.0982176464849226,1.6254275463473773,1.4642989691186798,1.0713089828677247,-1.232162606243715,-0.7541391206604875,-0.7751265694335067,-0.21789148964362187,-1.1763212411915354,-0.3975183510127994,0.964446234163058,-0.5573872782501383,-1.2393191522642462,-0.19346329010335736
-1.5022693751784357,-0.5788092831686403,-0.30945876636163977,0.7004975502938625,0.8719257209282317,0.23102599476824567,-1.0307425782222863,0.44789398658521584,-1.0934684390783695,-0.21739703385861817,-1.6119683420982933,-0.6480785574919713,-0.277437590824945,-1.4400230337683395,-0.7285943992320686,-1.6181234621404168,-0.4196295139804132,1.5236810710573345,0.38826721769857103,1.2029866431873026,-1.6604504921583696
-1.1249347080257401,0.1555409380347362,-1.7543692806051299,0.6602358352131401,1.7040798533940311,-1.3999991604237272,0.3275643608405694,-0.3973758660140446,-1.251636966010685,-0.7464699389332203,-0.04276029222994975,-0.7765210143388215,1.3661256744861783,-0.3812441863024126,0.8845585499844483,-0.22879218913760146,1.119889056717066,0.8329558859608992,0.011224470336459815,1.3175097815613097,-1.9039709699176675
0.3430198020461356,0.005799001988523725,0.7515961327281958,-1.7944919789996656,-0.5433077433849507,0.9016065149266916,-1.0707439482098147,-1.422004166155598,-0.6881412275974594,1.6097183070655199,0.7715942117098783,1.0531135952190434,0.4626511954744282,0.05936826532634183,-0.8716223463518991,0.48293625313181515,-1.3877241394876558,-1.2994823846499801,0.25057183021539753,1.7614840672610415,1.1318852131782249
-0.26573835536131923,0.3324244421367146,1.20935195116564,-1.7582129355187706,-0.058490883067399,0.2919685003276154,-0.4664033420658769,-0.3051328282615108,-0.4488838913216941,-1.6342203097196635,1.2743913246776462,1.0654524056547752,-1.4310087890248946,0.2166644493689544,0.6764493815458897,-0.24031944838827035,-0.5462233255445142,-1.1269763001695021,1.3754559431221425,-1.0511874479640766,0.53838402368653
1.551113350727703,-0.6459721120583016,-0.6583896639890493,-1.537996289404401,1.3311913854440964,-0.3970564677436177,0.1717928331032743,-0.08151966788127202,0.23187369255418916,1.3917397469815993,0.1910391670888224,-0.3953113277946725,-1.4797309912237606,1.5346544553208632,-1.484948243941973,1.0117263783421615,0.9433726548217063,0.704894855900714,-1.6952442663160467,-0.5406584689352105,-0.2910319604075664
1.275630332102622,-1.7643832117386622,-0.7534934650687004,-1.3204288894650347,1.478879498373955,-0.49870281606871597,-1.0231067479734417,-0.026545699450783743,1.7149617998023534,-1.5028794075513758,-0.6938937821040674,-0.4917693012785286,1.0566138085044434,0.7826723189881579,0.02148162967751529,-1.4266857408298097,0.18045576529742552,1.6457021695523086,0.544011266438542,-0.2764269287947727,-1.6175187221312681
1.5754603779866914,-0.6477350641396586,-1.4880241618060537,-1.7138546982071678,0.8443565604900222,1.0415327080915384,0.6987018556391748,-1.1035794790056466,-1.2545334127568206,0.43711285710683145,0.5401804448144272,-1.3200562260132696,1.6389279713998295,1.7113535862141809,-0.8211683987109466,0.5804208094333837,1.5644092981718258,1.4894543930338349,-1.3292361314061025,1.6613787514342764,-1.061178864302659
0.07358370903349833,0.606113527284992,0.2562512958233136,1.1871064223523562,-1.1297960060088936,-1.5597488185688886,0.11307748629229918,0.5993666962663616,-0.4825139433244636,0.175934145551915,0.22319135380289573,-1.46576496035942,1.2299414022866904,0.8506069471293498,0.11105098091998891,0.9416011429614364,0.009904099995736595,-0.47394748242312074,0.3654338730028753,1.7429382496677674,-0.08603917619186971
0.1417059950522769,-1.2203165837950192,-0.3914031560745252,-1.7145713276181478,1.0858378477889532,1.0722181332830967,-1.2948492426715792,0.27724089017755177,-0.09634558793890836,1.282439048651545,-0.0414246443324023,1.123932944160867,-0.8074375940243572,0.6719526091620864,0.09750698187614375,-1.4092653633278795,-1.4518425445037093,0.6464055690729864,0.018712441739642406,-0.4124950834735106,0.8808003780931504
1.0620182433107217,-0.04478862547491976,0.43226963708234056,-0.18718896037354507,-1.5605548680702859,-1.027531369260742,0.4877749204729605,1.327910125898415,1.539099416027068,-0.5785999513272141,-1.1659946304968714,-0.1582460901861653,1.194282966354297,0.740560307723581,0.6276721693246111,1.601453927239469,-0.06185188336594336,0.9618174217566384,0.7947337484761445,-1.4958225076018943,0.1994216996051425
1.3244640402666215,-0.939154795862252,1.472294397744168,-1.6422197609056814,-0.26270505585683346,0.5225088319298601,1.6180657454954301,1.4013601114428726,-0.4926288481867689,0.5273733689899728,-0.7262458245743023,-0.9530250118522404,0.487030582256709,1.2857009075122807,0.18746881963580395,-1.0007549859049096,-0.437918846184864,-1.309906032671092,-0.30326921178684874,1.7238621610905158,0.9945541491020905
1.6792539284880093,0.17497024099765524,1.145440198664284,-1.091350245927333,-1.6784374416403092,-1.1851053794668125,-0.6192264584291969,-0.11095091433725338,1.3991025260284868,0.5467626792871866,-0.5644340527743594,0.8101825006200776,-0.2597981507714757,0.13276230499476435,1.3159067510750608,-1.6092278734744525,-1.531661584593434,0.7309470985175147,-0.06447493406771634,-0.5743032929459199,0.8593094542563993
1.3182796472576779,-1.0419669186485194,1.352737910918356,0.27891772378858215,0.20561850645780771,0.7001310769365819,-0.11075872685043453,0.6103826037965926,-0.6437039557380909,0.9691582358245253,-0.28507103980996334,-0.2565798792711915,1.226832425085528,1.6961922890058614,0.1142876591156211,-1.1411012858707614,-1.6074889746036267,-0.3072044821912721,-0.31811370454346105,-1.6197912521453153,0.3685862476383292
1.0056952426209291,1.1239104893279936,-0.15790927973211136,-0.6437327702642497,-0.833656520684694,-0.29583692517413857,-0.2398225084236892,-1.0317309169038031,-1.5869057537982276,0.5406959755692814,0.021019194308437055,-1.275880976457537,-0.14948974271325188,-0.9485061911722177,1.6419458867189192,-1.296992803420324,1.08515695426914,-0.2709862283977544,-1.1419416863473226,0.25680350887970355,0.07381515620375953
-1.1777007181270926,-1.7576712209703504,0.7754478936027939,-0.21449653003471503,1.2255000927792608,1.5455326220408327,0.5540441031430918,1.5274425941985772,0.4246606987640097,1.439770399386295,-0.3550460937370353,-0.6295061070666099,-1.1473170120818303,-1.5197102130142246,0.41106652814472827,1.0514757146030995,1.3801634917798804,1.2172827529250396,-1.3272230487136771,-0.20042050593658575,-0.23356417182256145
0.23409205751489817,0.07176330070462955,0.4128111778547168,-1.1402895494535195,1.4652614137086868,1.0658150382789675,1.3614357889829505,1.3327081214861967,1.4912891328133686,-0.12928924919709828,0.40382158244512545,-1.4780147551697116,-1.24331520069293,0.2765256872659048,-0.717106847392525,1.3014320996105995,-0.48775223127987494,-1.648484197315923,-0.8749508855200522,-1.324297840152554,0.31740322975245056
0.4656195493104101,-1.2643643952900692,-1.5530309549352344,1.5754932502179382,1.111308261372603,-1.0062876308009254,1.4845684440641032,-0.5345514779197745,1.0032798530659874,-0.36593985782199784,1.2964913271248253,0.7043353801252069,-1.0255844657182585,0.7842623312075321,0.7424324007919413,0.02482100605294335,1.4428168505990078,1.174491530078117,-1.206232244404982,-1.678170949818112,-0.15191039679713278
-0.9180186166467835,0.07595363063569335,0.5814974156226502,-1.1840170432144541,1.2311088379143562,-1.5378172955595095,0.9633975233984138,-0.9689881979650592,-0.04344510999536965,1.0826752632877088,-0.995033930905951,0.529844733449425,0.5415302726713659,-1.2658346952437747,1.7289952650603773,-0.9963837724882308,-0.6587184293954992,1.0702945670033233,-0.07050075763333456,-1.3972790114520042,-0.20181888293468797
1.0791484726513858,0.9927360545093984,-1.6430934111722535,-0.4366912571069398,-0.7025969633477177,0.9227753248702297,-1.43596600824283,-1.5441463051448525,0.27627005033375,-0.16415442909483008,1.1695238511335833,-0.864982980880428,1.5333998157824715,0.7679746971224257,0.7069217572746546,-0.17897003818947613,1.121263470710139,-1.5916707357425053,0.6987861499930741,1.0790257065963331,-0.3122518470849462
0.09499628664315701,-1.345089390363418,-1.696749108894904,1.285450182370305,-1.681130733389333,1.101575552486553,-1.5893848268388155,-1.5364330685165222,0.5093264654465819,-1.277151715135965,1.3082689007900858,-1.4919236020189086,1.733844517349384,0.03851206207607262,1.3577454608204103,-1.2850171081212307,0.48087691835605284,-0.1504755816611095,1.6005065054388539,1.2613220904371467,-1.012977282241733
0.593125933118966,0.9408085851583584,-0.49229608790487345,0.261254235648505,1.6114087005190945,1.3252247798539691,1.55562541539426,1.5048602318082318,-1.3348840334782477,-1.168073703684006,0.32846090787259336,-0.09164141614108876,0.8770317555236566,-0.1723538068032805,-1.289126096065047,-1.4057077300466014,1.1478033537691321,1.627087912779196,-1.618979302548148,-1.315850681474107,0.011172912266688725
0.7500844257611744,-0.6856492181966491,-0.8119810966387832,0.987462887628076,-1.1513015881121431,-0.7017182626512475,1.5692788740960675,-1.3300907211984445,1.423841134958793,0.9414576460100008,1.4122008952649028,0.7704101828099539,-0.4122546270652698,-0.7274285085270288,-0.9623119568239508,1.4483197183414973,-0.9698440560296316,1.0467363761011692,1.6468995808838274,1.7486770310880413,0.798097324419206
-0.7859013732611719,1.1180804435436704,-1.5236861854137689,0.753631648576847,0.4825418734753995,-0.8026719384033636,-1.7281752064405844,-0.4180340128795922,0.6264651917586568,0.5765201663504512,0.06384136953224354,1.212475735898813,0.3377964044835217,-0.3833620432254824,-0.2745715584227351,-1.3119181727982776,0.625238099792951,-0.6650794143642658,1.3943290745978947,-1.616038917654845,0.445472261695833
0.8744710205844789,-0.21124557162001842,-1.7002549448095226,1.4235190748406596,-0.26788335253427875,0.7113678146719284,-1.6206519764548488,-0.6834665169399037,0.3970046627192889,-1.2499382084059238,-1.1959941392025184,-0.11970666365318679,1.2935065265789363,0.4298722824502435,1.413116851621059,0.7049896655531145,0.3525644311037629,-0.29073041158415475,1.5337292028205418,0.02912066125189948,-0.8524175969778354
-0.056625816313801605,0.393237805877513,0.9121907973084588,-0.9307636739523721,1.5926735364446003,-1.4074797063847257,-0.4617007881452739,-0.9822606721285694,1.7386471758335265,-0.5693047041451201,1.5695007702273538,-1.1562599162850524,-0.04455561083531268,1.466110513767877,-0.8412749174826597,-0.4618648980006778,0.3269987500683315,-0.3942736763847161,-0.9961237808800393,-1.294122511662613,0.7020196817677848
-0.454306189208182,0.20756051786499308,-0.4257534717870298,1.108365498089542,0.9079476828627734,1.0243551502617532,1.013225399286791,0.15548786673529946,-0.5606836353472219,-1.0207728589937672,-1.3262741890879433,-0.3363422555210814,0.5079819110994144,-0.8620350795825484,-1.4006395630861428,1.1084984457782523,1.0016535537398683,-1.3779910725277549,-0.17999036172279362,0.9985607492827621,-1.3855433862173197
-0.6261764026000861,1.057926572148655,-1.3071856927081988,1.304928302012633,1.2347502236135803,1.609790123865929,-1.1278094874255593,-0.798416052563412,-0.06630384320584243,-1.0434060848123456,-0.0544313599475464,-0.7712803433521518,0.7937323766364539,-0.8892891587358748,1.177531746882099,0.46268587222083923,-1.3741210539461575,1.2270351005092524,1.3229609230200827,1.1456375964868117,-1.3861991316067719
-0.6173747102676519,0.8640090782120801,1.1517365379891986,0.6799825263673688,1.2653717063448573,1.161695395573813,-0.4448005949132121,-0.8156877762742483,0.3804864902733604,0.1881929240257085,-0.6875926639691763,-1.5306619709859461,-0.4319491892930077,0.47870473464346935,0.40506552481308583,-1.1250201192005143,-0.3037377359886732,1.283352120958917,1.1910160155309932,-1.6580186305748028,0.8983825408590076
-1.0378489134489342,0.48513751931477345,1.36216432096463,-1.1872924034034789,1.4191594528461222,0.5282439365948949,0.6506687209705047,-1.0647066854598422,-0.4127503385721151,-0.7603976031978392,-1.381377979809514,-1.4592376961860976,-0.4203184272788928,1.3888981237997797,-0.8240068852175455,1.1593435542377761,0.7853284115641611,-0.3413453192008292,0.5578562848311621,0.13929497735068105,0.5606151894755564
-1.3377884485989355,0.8089442263764609,-1.7658782107658888,0.2749265300878065,-0.8151163651132227,0.8023198448066373,-0.5801709571833843,-0.2312046995250081,0.8484046026867584,-0.34721248058911836,-0.8400127770934742,1.0893540456614037,-0.5031485321368971,-1.14332219097964,-0.8395297580103408,1.4671866574278722,1.558941149894967,-1.258676900389577,0.4739144178268219,-1.2882306725964783,-1.4678099310254504
-0.32162950969710874,-1.3750487087430807,-0.8649538608547604,0.7279591022756304,1.103267828111371,1.2786716874923143,0.6778311129320257,-0.24001489587617733,0.9735848401438238,0.7934663899277935,1.606337229098285,-0.7986643919614271,1.1710571019250857,1.655498566063141,1.348721623228373,0.9354389938805914,0.12260476070517018,-0.8568858827149125,-0.37332676008916643,1.3970296531906752,-0.6849784884081248
0.5757547377664017,-0.9544127741500095,0.21815914752702104,1.6554441780906415,0.04419341092276919,0.8536325106729437,-1.1694752998140605,0.14431421613948367,0.09845484592236589,-0.0988633641352508,0.6138257787131078,1.6806171614946521,-0.9592456970152338,1.6208458159720243,0.26152863249768116,-0.1858960383582261,1.0354137664917649,-1.749557441933294,0.6120695055105562,0.9953558257048933,1.2252240759230273
0.8818191416537904,-0.8154745181403172,1.4555207629410638,-0.5605013021199783,-1.7174223062263414,0.5401083576725605,0.8804812111799388,1.7572105648093903,-1.20136371942826,0.3014030982737658,1.5481259431988248,-1.6004633659448027,0.03699214218512373,-1.4941804358707933,0.6637779892550438,-0.9274181143553352,0.5265637147598536,-1.728673333572055,-1.5772533530790234,-1.1961149270325673,0.14530249388573985
-0.5733270113853852,-0.1872661616295513,0.2116812754404554,1.4553699666714615,-1.5608796349352774,-0.988745027010291,-0.4306009181243854,-0.5150326000982647,-0.04602040502574916,-0.9887026905290202,-0.7689025126051118,-1.504681579920451,-0.13603382742440678,-0.07625830918041569,1.487208677876156,1.1597635019107033,1.189697184269509,1.473119804948275,-1.7071012437184663,-1.0498143331302232,-0.48846447513438074
0.21014188077998414,0.323102576675165,-1.0730026418216188,-1.3276355355220577,1.5476424363855952,1.6050069573217254,-1.748327504035206,-0.1281217432255599,1.7307404077726625,-0.2632897753572239,-0.6491823071230183,0.5795642548439662,-1.0315663863542668,0.183217214963535,1.6593840240300448,-0.820233572220111,0.0675115740444401,1.6532252988936293,-1.0999015467373365,0.16337861435890388,0.1650463538386896
-0.4211403391850911,-0.9837341626336328,1.1651139744431922,1.433763401052104,1.290334026388787,0.8261309117327403,1.3638912242340742,1.6655033308255756,-0.7876803863360688,-1.752301841060036,0.15737527201414658,-0.7072112270504903,-0.15585472170146417,0.11942238800395599,-0.8664992997427113,0.6042032430000253,-1.5319290607106621,1.6557195863952934,1.587956151359134,0.6150927586910656,-0.15952687809749116
1.6353186009194876,-0.0030402661925382833,1.20401144278171,-0.02574047472978251,-1.474833672884965,1.1379719413754963,-1.0275547884137677,-0.26608738984708313,0.17881006006493289,0.22211229084742617,-0.3801832293080311,1.0237077362592055,1.5378885754572797,-0.04766909810999164,0.7606831170303903,-1.1015342956795384,-0.09733851381810123,1.0029516309384143,0.7394379042113629,1.0820716396252001,1.5812456003389612
0.6891676271500188,-0.8774983714310016,1.560768459600404,-1.7673340156453294,0.08362390180667789,0.15869751241380395,0.512063211055756,-0.7140163219957775,1.2790690626134449,0.15828963653238343,-0.904448307232591,-0.6038410053959337,0.05405595507559555,0.03495959409403659,1.3205034279470824,0.44228467273146493,0.8814944905901473,-0.384689378743551,-0.3821574376476277,0.08670976579771598,1.525525738407294
0.13267548722482453,1.0562411029306817,0.14707369541061305,0.4489315668767098,-1.1511859321305078,-0.35240682153353375,0.4375436320765232,0.3648788032148828,-0.18904485326641318,1.698829896570383,-0.4526387173025457,1.3854141179099122,-0.8316164734503937,-1.3989895591495327,-0.3056409401490005,0.032668503700692283,-1.4827584465477617,-0.06062112241114396,-1.6103752681506578,0.07031949839579432,0.23196954126995983
1.1866113602256567,0.786586125371662,1.0400009499243366,-1.4223797922991175,1.6033993266360842,-1.1793858074344947,-0.1771490558785702,-0.3475458857660499,-0.997119838013886,1.4041135132830542,0.32486307420214533,0.5226947829356735,1.5485297423698625,-0.7884506010949927,-1.1335505937734025,0.9179796567559058,-1.4679371006574737,0.6390587664893936,-0.4776009028566445,-0.7534463823638312,0.7733227737333654
-0.5341862795742727,-1.459447177619963,1.175934123139937,0.76821545210448,-1.3410978980124724,0.2725749127049811,-1.3812364524887977,0.8294783927709626,-0.07845273348951881,0.539980525858445,1.3684755986779484,-0.006284768644984249,-0.13859842743554013,0.9531337883832179,-0.9491476076880003,1.0316774630547523,-0.7615639057561895,-0.6591592418555001,-1.5419585735225385,-0.8373106273758083,2.0016835049002917
0.9394203889651295,-0.45151413837346005,-0.49450971921821346,-1.7223026340141403,-1.3982935182271934,-1.398134826246105,-0.7337930612596396,-1.358299867861987,1.333384294464762,-0.02015491227993974,-1.5517761230528961,0.7913845695088624,0.1614473280626895,0.5324965678715107,-0.9223240018339814,-0.32355306002961065,-0.35073799298559516,0.35773527093710966,-1.0184382256577225,1.4512012443918316,0.8230791700549264
0.6746198193536063,-0.1579618740408978,-0.6470013126966679,0.6024944310618978,1.0329182593236927,0.7740110049691792,1.2973175081575667,1.0121177301656745,1.5842281001212923,-1.1671057742216175,-1.6028852840664867,0.054922545299864685,1.3756343777179316,0.0022365968010088794,-0.08031206027227147,0.5853169721556174,-0.8967543763960254,-0.6015639837758993,0.9548217166044016,1.0263280556827,-0.6888415212557242
-1.0659712254672256,-0.13417306861692133,0.620437253423147,-1.2577034018792983,0.5856771241485075,1.7102895812580026,0.29333440822228124,-0.14659272422352898,0.7215167769006947,0.06520500213822919,-0.7967207550519867,-0.8033182881894808,-1.035249529036045,0.27749162949120093,1.7597765373812568,-0.33216450540974674,0.4439545465936579,1.066022959424002,-0.3153391705608725,-1.4523088432586082,0.17226166335480672
-0.7875054119274808,-1.7075277022526385,1.3489871259626753,-1.3627576987960568,-0.37912539529792516,1.4440607767733666,0.5749589994757773,-1.306756385903979,1.4661419848394763,0.3157300986279148,0.5286163397438527,-0.12346530723556835,0.6940874847840947,-0.8574905350629588,-1.3308504920795918,-1.1054623926175005,-0.2313933836250631,1.3805388508730838,0.03696223147438437,-1.5475413623366705,0.3410838257006087
0.18134188244109395,-0.8593208555696837,-0.18412270717870186,-0.9812336164225715,-0.4037838683691919,-1.4526824897989776,0.17533135842169828,-0.2524475140148909,0.761490985490019,0.7843556807273606,0.8055272952584608,-0.6495919308945147,1.158391174861396,-0.036746021312633395,1.059937331905028,0.3438511602883054,0.5430992526948908,0.8882780062633482,-0.12078626209749811,0.20351646133567539,0.1829179639256695
-1.505593638724671,-0.20264989329899832,0.44661523641370476,1.5190336897604946,-1.20554365626018,0.20715343147877996,-0.13041868430436754,-0.5031283911318047,0.151518461293348,0.8189293865760708,1.196987163643089,-1.5997422565161246,0.7317520304498395,1.4915930313685153,-1.5551102225256912,-1.4225077262578192,1.6742517617666786,0.36480661348729443,1.2843247350094253,1.2884337282414589,-0.1773058440816013
-0.11569522252418692,-1.1619929190124065,-0.44065186446703536,-1.6837185330922269,0.7087766267903449,1.5429832957360128,-1.006474979262695,0.5712823578243795,-0.2953366356853786,1.4256042852601496,-1.431052278802461,0.24710822933384563,-1.0672343924535608,-0.5333127646197936,-1.1479182884415924,1.6782913497055525,1.0014976260981667,0.10692145396103774,-0.8207538752903796,0.23957625105078748,0.6005485741376924
-1.6465311026211584,1.1910870451120037,-0.1269188578668373,-1.107958618055407,0.46918437637845717,-1.0760187845212599,0.36308410159085136,-0.5358433820702256,1.5930840014744097,1.0181499570041745,-1.2709453564956188,-1.3026529389052008,-0.8420942683163601,0.1533906093502687,0.7919645930060543,-0.7774909235398444,1.2115763450732906,-0.7064276035744516,0.1413840474853888,-0.7071364364683285,0.07773907014809162
-0.030262153267016725,-0.09119026815453578,-1.4918014506838584,0.846154521742343,1.6147374770141636,-0.718420419876933,-1.4183678653737029,-0.0055017509431807025,1.411964501319511,-1.0733458780514162,0.5859322055486945,1.72284837348336,-0.3678327855735919,-1.1751032168070124,0.5633584087746831,-1.0251626225459016,-0.054625275272475515,-1.282041711977317,1.2930597992440842,0.21763519615090762,-0.7566464453798423
-0.21040888178535647,-0.9186114993648614,-1.471696038518572,1.403584133873998,0.6075821018687532,1.5894363788909294,-1.6170704560804596,-0.35361597113486143,0.2206583307073085,0.885028020742089,1.5960237518296858,0.8622400265530895,0.5031419192064384,-0.896109050507305,0.7334323039128111,-1.1477088967954212,0.03679951665054721,-0.5989459129851662,0.145474628087128,0.006140258459507796,-1.1857848015197139
-0.201409463509676,-1.6794486415779282,1.5400991595817644,1.6083324484265393,0.23793074586350463,-0.0069883861311920105,-1.0678589686047384,-0.3650052228441008,-0.6793210360139103,0.14877469621652178,0.41561121038800414,0.25667982115014715,-0.2995259848841356,-0.46666671995927445,-0.5076675802115047,1.722754586534881,0.394101713849332,0.23370062484113477,0.7676392793742383,0.3001266972758679,0.732702987219777
-0.9763181962072434,0.5526366893688105,0.9316519583847044,-1.3005426759168666,0.5208158196046321,0.9730449630357461,1.2697536223166908,-1.6628285446674484,1.3914529840322913,1.6021550316601025,0.14677226117999895,-0.6756734525712983,0.5895386738020933,-1.3082088779731913,-0.10525330500627232,0.9736516712079993,-0.10729607435474271,0.6675932399537694,0.5762902542315052,1.3030651138392033,-0.19613548466898545
-1.5518809354465812,-1.5954891457212963,0.5089141494942783,-1.0423239954178607,-0.8291569878987479,0.26311313937745673,-0.789907812202198,-1.5181105195933147,-0.1557996461086159,-0.290893232517481,-0.07892677090232424,-1.0219572050171337,0.11014313095669505,-0.2566592057586329,-0.5083089586514559,0.16183406408525391,0.5572752008420652,0.6407840905756428,-1.4606672109346321,1.506950606830316,0.3575041991647873
-0.9951029581331738,1.0574716805220679,-1.5804480876510307,0.7906103751228984,1.1793898852487263,-0.07641099094127998,0.5893187615049068,-0.13995715990146643,0.17672646629917796,0.4855720637957479,0.887386882797035,-0.31524202533628504,-1.1687776745030345,-1.4296177487137969,0.4547585422812759,-0.9957026944053275,0.15063639460073047,0.041477787221309015,-0.29929481758846005,0.8733216520241345,-1.7708650439188158
0.8056990625735484,0.2418263584082592,-1.0635468981128045,0.8871908951817699,0.6316845865364397,-1.5559170855141882,0.1810147853786573,1.7566546376024048,-1.5528304470700107,0.161407098277785,1.5653777125793358,0.7691842107546835,0.04608642988140798,1.2675273819405843,-0.7613530874022468,0.8988084199529901,1.7706418410643654,-0.31525751561943266,-1.0797344368146111,0.6238408781940133,0.9451552583577365
0.6998604547569842,-0.6439204238532548,-0.12584922019084205,0.40263719674880644,-0.15480395654023013,0.8536344278036216,0.9867983349588045,0.11587436795982284,-1.053090125616313,1.1547319779819185,0.4427288828772191,-0.37658481779104414,0.2192966534798722,1.0090738482754587,-1.266262498381068,-1.4908740591404215,0.20913028247918086,0.7946048725702378,-0.7907439075890311,1.176342944598195,0.0013702899177161472
-0.9833919995253213,-0.7989797532221667,0.0999895750543209,0.2930773062441898,-0.5427383714014966,0.986940562394123,0.19584793155255847,-0.6214513962941594,0.7882235656385255,-0.2798002734954482,-0.4709555365769566,1.5505628156277587,0.3885317460496937,-0.8078676067059964,1.7797554596544478,1.6495723546548045,-0.2921280100403588,1.5040889116499156,-1.6039696264877403,1.0397702629699541,0.5771308954017098
-0.4527914999511395,-0.003101853024079584,0.930569760602144,0.7520680768654888,0.07679000189940331,-0.7687699014373927,-0.937387074129171,-1.0147614421404332,-1.4918553503761194,-1.0451719467654095,0.6047464617158761,1.2664317406570895,-0.547361273584432,-1.2613273078102072,0.6954266360825291,-0.14618938427957973,-0.11185834918612364,1.2288847553622722,-0.8967813462022524,0.79777417721248,0.057247311570867994
-0.4146512115146213,0.9693915926760405,-1.5263240747131148,0.3264638152467278,0.8786506956099733,-0.8794265570801357,0.2012456561757177,-1.100103105903813,-0.7629372728110326,1.0116158262671011,-0.5229663808213441,-1.5057751015153875,-0.9823246212350519,1.042187171840754,-0.8673411209438677,-0.8387960133501365,1.335758639347997,-1.1022829954514668,-0.2487160456484361,-0.04711188859799882,-0.646195416121646
0.7979384220084953,1.0742118612815446,-0.2576515825552912,1.1127469488811326,1.2334891107226567,1.3311471789006217,-0.48491745687751475,1.468812720289622,-0.47969585314585683,0.9880531153668891,0.08506413561148324,-1.5863516357115048,-1.1148701138917003,-1.5159804773378862,1.4689494105726626,0.8480473548350127,0.02925334633695976,0.08544509584339278,-0.08412522464238484,0.5100768382549706,-1.5302221290899358
-1.4924012923783174,-0.38933032019076885,-0.2938959520066213,-0.824646311378288,-1.152056523032528,1.4405729787572796,-1.4402034187997563,1.773347069439163,1.0012026342748972,-0.9786904591766329,0.0023851057487722068,1.6773392372049176,0.8224363749975798,0.6815055783114583,-0.06273873111169574,-0.9332283064809267,-0.5246846101629009,-0.9830661116730435,1.4184835558669955,1.0879009934333697,0.6692868783367895
0.3811674018705216,0.6382514732671843,1.5660731380561161,-0.9180210529352897,-0.4340935419314152,0.12112277998796966,-0.6338886981480547,0.9925223297558998,-0.9775763019333931,-0.8468512449412944,0.5732777085109914,1.638318974594363,-0.7363051081712259,0.2254682021710397,-1.5496506867498416,1.5905617091445687,-1.2987788291569524,0.2733559734359715,-1.1355307314405596,-0.07280780680329403,0.8842860729458929
1.6572905156591398,-0.8925432936508556,-1.375643676861943,0.8770938209250609,1.610973171026529,1.154092779269309,-0.46789982332833985,-0.5341062472222791,-0.8962949453230179,-1.306801787514399,1.537558831390492,1.5001310975572977,-0.19520071744245765,-1.5791039867081937,-0.2194766100899575,0.5294166712391194,1.6496277492113176,-0.9411518367517177,1.5751939625997833,-1.195720253116852,-1.0177656639703363
1.4510803244558181,-1.3903567466421598,-1.2684083809582203,-0.9266359082814071,-0.782433041999355,-0.36446824713444254,1.3561624717946985,-1.5719979203124261,0.6189085783989255,-0.5145884568519362,1.220346168396472,1.0481653342290786,-1.3498084524850993,1.5713321118785,-0.9041408387680592,0.1528067754942645,-1.3660823517347325,0.21037048010315004,0.41089614667777014,-1.16636067511209,-0.20320336190248225
0.12960438919469183,0.9336412519319943,0.9005381525065879,1.4211134880013017,-1.1468071946543976,1.0429403745380428,-0.4787441623811869,1.4614109265439286,0.9251201316822426,0.5881298088763431,-0.5850279917369776,0.5149890709347749,1.6523462281491605,1.2716413566345741,0.6983097889824649,-0.5921703658474672,0.8563465216437716,0.4529038151801313,0.7099502193347031,0.5163980614103797,1.6088388639244302
1.5555229201416596,-0.698078295467821,-0.23934904359418002,0.6931247278937209,1.3473542234728753,1.1576042603006609,0.6357531433997358,1.6930953304720784,-0.737711746614056,-0.19077099325289376,-0.41472838455918165,1.126100549889396,-1.224232580817981,-1.447331606371546,1.567582088581006,0.10258449203874397,-0.9004688592311261,0.5584959647567125,-0.11411192773182391,1.3322053527126942,-0.9133950689588656
-0.18218113355917945,-1.2737621908362573,-1.7672488012300678,-0.49186143223716966,0.05861087564055936,-0.8465361092790515,0.3990838332490579,-1.5189456755470168,-1.4584486223599138,-0.36367882384242195,1.2704840051892083,-0.8609512823114492,-1.324268877439736,-1.3307218075242488,-0.12667966323833257,0.8566207473619065,0.5496436273083123,1.3114592866916457,-0.40466720118058275,0.026105777779878242,-2.1320855328145045
-1.3933643669582643,0.9647424942118156,-1.111248581792437,0.03706785327628118,1.600755710228408,1.3645115634348959,0.003191381696483236,-0.29069810955634046,-0.9404042147229779,-1.4530493874062682,-0.693940961431906,-1.2935204031681282,-0.5314819559386106,1.2225351791940453,-1.5781169759639597,-1.1387740380932634,0.5906582028270027,-1.0791151798102845,-1.5403918365882219,1.586608033196708,-1.2709335529394472
0.495703082871365,-1.6925416840865115,-0.5301546699311394,0.3796214357317688,0.2873111193794702,-0.22850904384100337,1.5600143516153389,-1.5892035569475735,-0.3739323457008099,-0.439756068142859,-0.3829384505767505,-0.6088315899756686,-1.25200518752746,1.634416757420466,-0.11437721235390504,-1.025993619272488,1.559305453043148,0.37863838123529514,0.18313935169814977,0.6202789659146563,-0.5311989954578251
1.0985109207270654,0.3666659796241656,-1.276285099227821,0.8304015587580708,-0.14902043124628453,-0.8372953013102492,-1.6756985892371392,-0.34805046463306033,-1.168461837323423,-0.9212592426557799,-1.6523003916576495,-1.5013337467980383,-1.1737229526471005,-1.5262212451175714,-0.005618096150492167,-0.9016956469918571,-0.634982067408641,-1.6448077312410805,0.3185546093354276,-0.41095069811174173,-2.6437123054127825
0.8518634680705776,-0.5396560316177006,-1.436363889133947,0.8468194510530429,-1.4996696221444845,0.1356537154508921,1.546876480489172,0.7278730683231639,1.707336734732357,1.5716208723629346,-0.7152008994933277,-1.1247064472485857,-0.9670286687110202,-0.13421384822024018,0.6544544061332636,-0.8999938187959465,-0.5852493859757535,1.4512368416820272,0.5228481069854093,0.9588677446207235,-0.6959833658529833
0.7630438823068548,-0.8169579394527655,0.8935111324260984,0.5159887333736941,-1.2001137333421767,-0.6578091883076026,-0.4379246491009862,-1.1563875545890692,1.3775790015075886,-1.3649782642556136,0.3924475748538099,-1.0129256259484523,0.2961047299902225,0.2166974617550419,-0.9439835937871999,1.0947405630558165,1.675853181959169,1.3177562075442275,-1.2516216363155992,0.27576568508817356,-0.45915033143689177
-1.3313302133168055,1.1613992791945893,-1.748960849596751,0.5486866493434357,-0.5854834950082827,-0.5422128401705257,-1.706303665042068,-1.6189937028749948,1.3185775020505186,0.44741408436206903,-1.738909756877886,-0.19622043506976847,1.4197556547415895,0.1552083294244926,1.4229229780432897,0.19060769892407478,0.6269884166453759,-1.1170361124509984,0.354191692841987,-1.6931066748890362,-0.8376936420416708
-1.1455904207113823,-1.0590397756548913,0.4115330152900078,-0.8375579476115492,-1.430367820681533,-1.6675707729819633,-1.6674594282448822,-1.0758806046751448,1.8063444520854557,-0.5295705274448353,0.5888887444849972,1.0248925962860234,-0.2189241509225429,0.06586572427132105,0.7563360792743758,0.7238574930688682,-1.3490011009933682,0.2829576560490961,-1.7729888999666175,-1.0835517100337066,0.896271979551883
1.7147288769426414,-0.4451218442362707,1.4354088514691419,-0.31940211280329744,1.3408421838386761,0.9635760945297549,-0.020912771200976555,-0.5666826628186596,-1.2610027193452964,-0.0983787694548467,1.1695812676148427,-1.1143898320578594,-0.9521861185698525,-0.3556834463571652,-1.4676067372374642,1.1349034922430217,1.7587709501090665,-1.4897726132822284,-1.4484517597828694,1.1924409608490099,1.09485894418809
0.5039956930361488,0.27346134891825463,-0.5019819874629642,-0.9305281972602577,1.5307308220063154,1.1666798638917524,1.464861408215069,-0.6788725673197606,1.0066250398090562,-1.112053827807782,0.05379551970273051,-1.633902998611895,-1.3406933658619617,-1.3839463900395383,-0.9789392224704779,-1.5382355465403503,0.5372295590133439,0.01517394778444244,0.18394711536265593,-0.5597348640477889,-2.277423850419399
0.8069107781552439,1.240175618096469,0.6258939211749457,-0.5440175531678685,0.06403420921933572,0.5306617023897802,-1.0450377115131084,0.5676562491261516,0.43690618758892685,-1.3358661493269535,0.25283271103587335,0.9348521199508814,-0.3349424303808951,1.6636703106254178,0.605792287360275,-0.3450458495958717,-0.76731145593313,1.0092855560176521,-0.1597450768710302,-0.8423461798651524,-0.344807999864807
1.6651052788178713,-0.8362064021290738,-0.331155118886468,-1.5130459680760464,-1.15428774204804,-0.7848103845509277,-1.061358597606071,-1.035517614608324,0.29407180762613466,0.14907439641957884,-1.0929045813947018,1.3865001146043419,-1.281474486202939,-0.10846823083083451,0.9310534962242526,0.1806461333163612,1.3654425238123808,-1.5173648929291792,0.22267885228890438,-1.46968314076862,0.3748856370154537
-1.1412670487338148,1.2759961195793743,-1.2451913125782754,-1.7794360958220967,0.5894582331548847,-1.2130752085483354,0.8872997106583993,0.06363183339056508,0.629733522556566,0.07470591390427199,1.1301519997194664,0.3459482331825853,-1.703396605075345,0.8860371253257138,-1.268988880095108,1.0771081525177602,0.5939851112395034,-1.2626595289336984,-0.9171730390634526,-0.5465755825943744,0.007513558296345088
-0.49305249479909585,0.6642285614383426,-0.6630572758259454,0.7502091991400283,0.6301957728297928,0.49652413827661845,-1.7119934922844118,1.2870334075021284,0.5767187787967749,-1.2990174082305723,-1.3072728113972858,0.4601087858911778,0.6048404340806522,-0.6459156044179722,1.6913100685513844,-1.5539606941129582,-0.7333550488160416,0.997421999335959,0.3298247226792187,0.36121266848497996,-0.9064823912721462
0.4402103296065713,0.36670081259591497,-0.6490783545494879,0.6133277428668972,1.0407167393037247,-0.5861789174449771,-1.6901839629198232,-0.42274917267330175,-0.37663421489929644,1.6517976976162212,0.7073521602940037,0.6502893086100355,0.422396701524668,1.5213733237670615,-0.2867298710167647,0.7664901649637802,1.1921671769185702,-0.43314634495244586,0.08835422108867551,0.4633754675791015,-0.7251761608396015
0.05811961651307131,1.5941649284687036,-0.8351225873240744,-1.0381967218153867,-0.731682397787949,1.4971344135211926,1.1567223426621043,-0.10653010851182744,0.5181514553223844,-0.7994173375496813,-0.34474564884381337,-0.3892548754942206,1.135723412604422,1.3545408348309964,-0.37822985051941044,-1.031300828550389,-0.20536276733989023,-1.3696414473975598,1.4219644940638037,-0.5806196611302527,0.22425252721371203
1.2917344209974606,0.4502657170261169,1.0117888979743108,1.5278588270256361,0.09005082054677506,-0.656011996582403,1.6265766134758883,0.6864199240778368,-1.3475461080974214,0.8658634365869243,1.613156802180753,-0.7522432779923319,1.5493234691082538,0.13410336005868378,-0.4357313479578391,-0.06639220725821603,-1.3653171903604138,0.7390428640474415,-1.722670474894359,-0.4418857786155421,1.9084184811736034
-1.0554397633595112,1.2443014961652277,0.9212961557254551,0.0018505296051354234,0.5746936349966308,1.2092601173971191,-0.9515604063012112,0.7363003564004614,-0.33023441490773264,1.591260975928672,-1.7487401936537994,-1.6406329097422476,0.6638371801888042,0.9760652623505317,1.5922994243828468,-0.4902528777566462,-1.0969309827635974,-0.8739235702845278,1.3573106594272355,-1.6303412539517412,1.0525005593678596
0.04153660539901715,1.5954462091151014,-0.6251074305167866,-0.8246319331126797,1.3183006286672565,-1.0416030160621192,-0.6584274644134006,-0.35937302312125063,-1.3030672793109883,1.4416674083202017,0.12610899767019473,-1.0679088322509873,0.2445338591173433,1.6196329935341596,0.6668430013876722,0.21902238877425748,1.1485521181099283,0.6124514336089683,-1.0609377761105445,-0.9983094696741012,-1.2254197273042613
1.080457143090538,-1.5657048957884372,0.9049624638769094,1.4123168789705627,-0.7584190990357664,0.0021581693480896467,-1.1728882700072647,-0.7015635255902997,-0.7801734982304851,0.5877213825781852,-0.7555675303908523,1.5422685832570764,-0.7306031963292055,-0.4090523534647945,-0.24017729463270926,-1.1457974673952531,1.2009332176441332,-1.4658055070089502,-1.2712141738022842,0.45677956348051285,1.4134882407218907
0.3397042425512478,-1.6565411010172455,-0.9272627246158684,1.4884118469734455,-0.8819742793879325,-1.5367742207418957,-1.6822537472928432,-0.3577740456389199,-0.8620328964053428,-1.4239516045047864,-0.2991304093590384,-0.7875780439154731,1.449967114270519,-1.2406600793087028,0.9727025525866305,-0.1938187350237582,1.661491744742971,-0.9254103289518334,0.22271907446200273,-0.4008602299691731,-1.6282334380883905
-0.368530837079003,-0.5997736354691481,-1.2626705552501756,-1.4244704945116695,0.3437854843647516,-1.1122727161784447,0.4804119804715458,1.2688078665754743,-0.7583982111395753,-0.908877180415759,0.4259993454891261,-1.1513028431374708,-1.46872676008691,0.9087643722168125,1.712593305990793,-1.3443724111209934,-1.0537008817278088,-0.7757198736539594,-0.6241579685760092,0.9852556805462325,-1.1460817439934783
-0.304198927957353,-0.42188662082065703,0.9621827892692841,0.7708277650781818,0.4517498540642824,-1.5560067018825878,-0.3443474069573101,1.4733594677743427,1.0418427425534555,-1.5709597651279072,-0.5116898618845485,-0.2886847322565362,0.9645625985792918,0.5407343521569377,0.8510237955946592,0.038249341434069294,0.06107151252689281,0.7763531367055233,1.1935827009687618,0.3676778202138273,-0.32315138157187695
1.0452622042344655,0.7602890000638611,0.8955453302072746,-0.32279620383043645,-1.6965253464859114,1.1749086495808059,0.5688309035037574,1.3055500072170838,-1.1672668385825014,1.0580163656762938,0.8681623178516477,-0.41035077476581766,0.2478940061709146,1.4770482527804294,-1.0822530522758833,-0.3484166473257717,0.19756233069615872,0.6547068868207451,-1.1600250183684662,0.9385169086830999,0.2333550824088888
-1.6893423838179258,1.247206144428915,1.5965274761480062,0.20844172686558488,-1.3775832736007185,0.06418999545839926,-0.44291582261237233,-0.5837047135632075,0.3270184918940595,-0.9439358682683392,0.09869303098848992,-1.268744347901328,0.3154220513628109,-0.6761551092412492,-0.6350618619937088,1.2689407413223772,1.346767950216255,0.4907459155591385,0.7516493259616152,0.6994104346459797,-0.16698668212617282
-0.25498766728307015,1.175113870972584,0.8061561372188669,0.5189374667692483,0.8960273004699125,0.9941234968023043,0.062156658318771645,0.12569864863320526,0.43051794892043527,-0.6533293484683019,-0.7144574484973156,0.07521027295568178,-0.6851738265747772,-1.2419940426324652,-0.09318939202049581,1.3017753706663049,1.8227666627491277,1.1166416303059017,0.5619756930012272,-0.03068128970659354,-0.14631842285135815
-0.17657209733535426,-0.20489997027077672,0.22906101907277696,0.998967770371956,-0.8841177813846551,1.237023031953864,0.413159590888869,-1.241116017137214,0.24620058451286753,0.27954095958591857,1.54531386186612,-1.503554710097871,1.639144084887138,-1.2012425908073585,-1.6922631082044695,-1.4926714169999287,-1.1130919497503282,-0.3265390227169353,0.5541313713497745,-0.5702639235475395,-1.1199904720302276
-0.2170590356140602,0.060690885163932826,1.0315228481668477,1.3734246498328124,-0.48007778814266705,0.47666107158019333,1.4467309071798635,0.3466232036165357,-0.833975875185516,1.0662800578859217,1.4443291205942155,0.033176734305784224,-0.24114813436439667,1.3000146300917312,-0.027044963680438724,0.49416813965517004,0.10719065672265887,0.6207372748864998,1.403688929504585,-1.1235648017026325,1.6681578718230374
0.7910358533912172,0.5379872894434315,-1.3456614770460917,0.5798498131403607,-0.16341858398473508,0.5934008700711269,0.17240106691475174,-1.6277750038033874,1.4750501741935387,1.5109239184920846,-1.7207533679248628,0.6045662518941595,-0.061230133907617564,0.20616747205107763,-1.3300003085932641,0.09336794759126245,-1.0867672560360964,-1.1452105377751085,1.274349489282918,-1.071756892834399,0.9534447889953795
-1.2004327430229595,0.4240157435873706,-0.644160715081032,1.66863940383028,-0.2717509489765437,-0.8610830869432183,1.1483087819441626,0.7273801579478463,-0.9889888791192178,-0.10243753977082708,0.9620566279167144,-0.5210880021731751,1.1326313054068435,1.0629411409171594,-0.21916500359928726,0.5203718838132351,-0.5578309022252879,0.8647238510832146,-1.1080702314339816,-1.3348389315425573,0.7333327048078911
-0.07096713582342994,-0.04504270813047779,0.6440203352007273,1.1437156574383471,1.6113635955333927,1.2776287529161383,0.05353918031382978,-0.8123730792248129,0.3524925856328737,-1.0964545843072642,-1.625454295503418,-0.16380331725948383,-0.7877485360786334,0.7729813666342737,1.1357701221736314,-0.2919914857780857,-0.39715833232419423,1.1445000778171388,1.6148073670680476,-0.7400193464353189,0.8089216184335333
0.7852826574169873,-1.4110718605206478,0.22976139935505313,0.466880056099801,0.6040774231468532,1.4137749634781653,0.18970718055997443,0.6354074048233891,1.404046448364329,-1.0023652059830492,1.099793610960363,-1.0876972762783534,1.0669462836965937,1.542218913831312,-1.363994644038176,0.787202103668905,-0.4309674377783958,-0.8854509549902426,-1.5741493594421614,1.3491230971921004,0.08136879024774246
0.026863729436377666,1.2337177476940095,1.1404942365817785,-1.5593869990766303,0.17344966674908827,1.2989828644543195,0.5796102294325954,-0.1446866696170136,-0.7932118701863711,-1.3459588424577182,-1.6832174471015064,-0.9316887921072252,-0.6770395534500064,0.43349324826686436,-0.4256843082992176,-0.7780294844985424,-0.7501207246907673,-0.1676411805954732,1.2150111552221259,0.8143421818757771,0.18887217384208863
0.22045274357899985,-1.339288796712907,0.5504396182628568,-1.0951825798499042,-1.4991517091381183,-0.038079372074419915,0.2879820116408116,0.7830599547632275,-0.2024242149665826,-0.6010818693333304,-1.468764016036924,0.9426171787494318,0.43955389182635124,1.6398468103876862,-1.5024739180074882,0.23216169469565712,1.5922564127741925,0.11029618355688413,0.966323972118853,-1.656656248261352,0.8749124561798786
0.9109085648267599,0.1812081275593493,-1.1921161155782416,0.9913473585321217,0.48675043895868153,0.12933667746354968,-0.3829665635010209,-1.5068976416020652,1.4278791038502952,-0.12099786490167305,1.1942314093558626,-0.17949739384928382,1.1522339076713353,1.0510529287110342,0.11760360899785809,1.2295084847718474,-0.8258564367555303,-1.339955561531109,-1.528578714247072,0.05967578249991512,0.9247593603571014
0.3111450648082577,-1.2255423074616512,-1.23641783952768,1.5433908022662,0.17022278652971512,-1.0605583905073013,1.1462082275177212,-0.8177006727781875,-0.7390797961782722,-0.40656861464179606,-1.3970853620159842,-1.1609808777768755,0.31789194627032274,1.4329934983185675,-1.3680591186652666,0.17414684063249464,-0.040745320238352395,0.09362332176229113,-0.803930357304723,0.1446502541684032,-0.4453300834392574
-0.7681642330063744,-1.2290202013757774,0.8473028453079454,1.6546928139125396,0.07061290122532878,-1.1822997515296394,-1.3435026295611403,-0.6276377418580869,0.12244462491532783,-0.21874829902583792,-1.197307978723481,-0.5973560710940926,1.5137776651058918,-0.5419778888143233,-0.772926281499652,1.145470040690611,-1.0405908974968912,-1.1773683413589984,-1.407058981665354,0.07718440936662466,0.2521712013148905
1.2421122823417678,-1.4225283484617002,0.23326501801410593,0.9664379622452063,1.6123444322587903,1.7007523019403883,-0.2230564599099148,-1.6190950165598683,-1.4524272703467689,1.404361819423497,1.0747122616351814,-0.8864038694048754,-0.7166574101894935,-1.328263728456359,1.5903584983218912,-0.5768597880968976,-1.0590078466991986,-1.1348072819830424,-0.18918474882843217,0.44151124370040223,-1.0956613603362524
-0.2159437791531378,-0.7497918923554817,-0.8719444690622654,0.6353336960913644,-1.6992309324309722,-0.8703502016940328,1.2647563824505954,0.22171276444255816,-0.8384547820083654,1.5696601201170384,-0.4726216596953021,1.7324950309337066,1.2058978025355618,0.41855632614672195,-1.4030188208808076,1.6223904530729465,-1.2201546363758253,1.4911525577185245,-0.3352118840232496,-0.8940068025969089,0.39484220632530725
0.4105177954454508,-0.9750082715762838,1.0789507969421348,0.04992519722053767,-1.7057743775317191,-0.8890754981404326,0.8482325311729483,-1.4028052139287046,-0.4833335738817071,-0.7264729645290052,0.6105727725982727,1.7487735994601596,-1.7151604563616005,0.8979207410516163,-0.9662906167596779,1.6523447896494023,-0.6194321836648005,-0.5497149726236032,0.6926798205145812,0.260291736281215,1.587057117307794
0.16186606126669958,-0.3361451485475141,1.0068074717080424,-0.8938927827162725,-1.6998401171675128,0.6412351720205846,-0.8797038481368575,1.1068810590430098,1.245419639339374,-0.5995640946284118,-0.8969227974391704,0.23053870985373445,0.21868014525891222,0.00892749201709669,-0.5086859191736319,-1.34993517589677,1.706054274432606,0.3654488135983211,0.20825870607682576,0.8224376890392521,0.012377582776866073
1.3413598847511552,1.3779786420706375,1.3967186442181383,-1.451011900378766,0.2839769267605879,1.0641116735607274,0.9279098192864176,0.012762147279478378,0.24551883807761443,0.8440916890577611,0.3181987766596085,-0.45632340298595697,0.8801995834393802,-0.918042664755842,-0.7266414253317062,0.6391856353891489,0.5096557421444027,1.0131908264364755,0.27889001596555374,0.2972150222067033,0.6585787953915132
-0.4707015385110456,1.2627343816136163,0.62033516802394,0.4218246108029677,0.8132702846924078,1.419199294385965,0.2243666583307251,-1.1278613991075586,1.6037372265103362,0.9126426702406121,-1.1438142948868784,-1.6374764348522783,1.5545800149155147,0.2927110336823274,1.7669232159422192,-0.04245175181247924,1.6236114804183344,-1.5876438004700921,1.4946779356129511,1.5331252460528,1.3026930433471642
0.5113598197789115,1.597945564785787,0.6881554307411831,-0.3737698809680228,-0.9454567206280688,0.8628684073381578,-1.0608371517099728,1.6101930007247562,-1.681361899064248,0.25582902396391866,0.7802122573812862,1.5342696151738477,-0.8916076769216202,1.4638774773456116,0.6299061325889562,-1.0848564678012222,-1.2367305332723924,1.2975418285106983,0.8762277062912542,-0.5786893646232308,1.96537695940177
0.7042417419981576,0.5422448974365922,-0.07881868853683012,-0.28811395380318344,-0.9665885513152705,-1.5042296895910485,-0.22283936457131592,-1.5657066830774318,-1.569603448608672,-0.6518225589839082,0.8901697633979957,1.4556200078488037,1.0669771392618872,-0.8139521347422208,0.9514021578184273,1.6989827697853903,-1.5608165674564223,1.6514988048662034,0.01902272884435684,-1.2063082053069838,-0.2999380442931278
1.1699888144404895,-0.7084741099547515,1.545579756438481,-0.7743167485356728,0.2948566515473897,-1.2433134379954385,-0.5014528801688688,0.5056347903682924,1.1512627216576299,1.5577968741667532,1.1565057085202795,1.0543706020357926,-0.08957825877690703,-1.1566573898711021,-1.6774512240578925,-0.3036475384643979,-1.349440160910403,-0.4222807026220983,-1.1767454340107157,1.038786529315491,1.1367297137412233
-1.100666323123687,-1.4027010547977465,-1.2347867030052093,-1.4221273009402227,-0.9300936816751981,-0.9033572291711582,1.0504699036957224,-0.5207327306489479,-0.6703470588674936,1.0797067422093072,-0.2253892695536458,1.1670958069598296,0.8892355494435763,0.00887944847683393,0.5068553713582602,-0.8865404901987958,1.752390862914563,-1.464695076553512,1.0857139046826703,0.991940358886605,0.882281247892716
0.649662998628307,0.11139650837506125,0.3198039370971444,-1.5017395970972347,0.24092249492839551,0.3888599387139184,-0.015383268344451771,0.773359357015792,1.2334270593127947,0.3402419218078697,-1.6770437315256523,1.6083508924275918,0.8776103989207987,1.296105392382331,-1.5632124627881228,-0.7278217977543912,-0.4750401437078081,-1.6065832762599066,-0.9639862947140746,1.4451593974649517,0.8088622407047111
1.7218770467622564,-0.9647233362005435,-0.5768958917187201,1.112601930233697,-1.4222004445048122,-1.427855855595183,0.2020206101418346,-0.04854787344473865,-0.3598412873160853,0.9986207419470935,1.5053056160779146,0.5019538571129469,1.4247491318087735,-0.9470492124939269,-0.6713802278224124,1.6631875425342586,0.21403458299575193,0.6935647788093048,1.1042504227490744,1.4280197134835042,-0.36865289575990967
-1.5017641680863993,1.392978434521408,1.4799907569164312,0.9350947319891121,1.4500650851547352,-1.5169817109331933,1.5842087501598583,1.3902215118315882,-0.42407944527969815,-1.341899438457748,0.420517146355641,1.3160357026880631,-0.11287097651151105,1.4030083016024029,0.2572409920868857,-1.6038254852616542,-0.3439533001345769,0.8467178957772862,0.02533140211246889,1.1546586502653757,0.6065262645262798
-0.22073279184741834,-0.16653299548624315,-0.6670872627096268,0.6663212150985519,-0.2688113258978651,-1.4277786214855102,1.1703337672319727,-0.08385163006846873,0.9948286372992141,0.8673424388267447,-0.9819764102948435,1.6208510510885026,0.5444080167255397,-1.0428892889511576,-1.489699642905875,-0.5282274185433399,-0.3210821309429282,-1.4329515853887893,-0.22607640796376685,1.1495915770572616,-0.6338980229635682
0.6631682086524994,-0.19392326182962505,-0.5999483243799765,1.1748158112722704,0.47616176779908287,-0.5984847626287136,1.4819381530928963,-0.16047420609123722,-0.9816962537549642,1.3052510945595512,1.5709322051654622,0.13647073500531848,1.420141340609316,-1.024691145007619,-0.12863500256497815,1.3428238187321535,-1.4274688860938247,-1.353737600778273,-1.33831989568044,0.21927590960155094,-0.1290307252744435
-0.2684044748618135,0.5306615683468177,1.0127047912521547,-1.5890711408309879,-0.9535685287938402,-1.197048345749631,-0.3136033804443224,-0.2656990323744755,1.0267070409292607,1.1807921401817776,0.23377087295145102,0.20467812259291326,-1.0263248838943355,-0.04787432133119748,0.8378658826650728,1.5159974510317884,-1.4299020430116958,-1.2942332543306807,-1.1259935898588231,-0.43672319962716394,1.4351890389725694
0.05944941671177996,-0.6473750137883274,1.3094711340153826,0.6648133896588739,-0.2216247337284001,0.6669416774930179,-0.26614591743837074,-0.06829272323853093,-0.44568595887771845,-1.3829356334047698,-0.2948400785023308,1.6583145649001352,-1.4143288295613186,-0.7418475700646345,-1.4675139046964147,-0.9579194292785481,1.599286125994178,-1.4731524154235647,-0.8195773646481056,-0.331795814471733,-0.42356307229055323
-1.007978088980836,0.2865089550614817,1.6665920762938073,-1.0989276257171743,-1.4959861938961918,0.7322867694107309,-0.5413409431655409,0.8700255894889234,0.9529614972963097,-0.37710980029102303,-0.7510658205853461,0.40291525365258274,-0.7229263602268506,0.985298240923247,-0.7301431368117182,-0.5889881463567684,-1.2821967506040532,-0.018113568295089207,0.8388438138612822,-0.09291334320698975,1.5037733173293668
-1.6950282870019016,-1.2428134097018184,0.3188554654110542,0.6148376987384838,-0.7965292745401427,-0.675459294332164,-0.37965154366160014,0.5324785090016355,1.757330311141477,-0.04555798874569189,-0.6999050611663971,0.04257728237469925,-0.9509327097205773,-1.3270277094428318,1.105457533806906,0.053228091463265105,-1.5510131082861742,-0.018091530153895117,0.3088938918475812,0.2582762462482039,-1.0651986724331737
1.0163582592992675,-1.720804181153721,-0.06486294966564124,-0.3091986196348381,0.3921312800410599,1.6556252208955258,1.0434925404549207,0.06863285944965639,0.028594050727391927,-1.4680859364857026,-1.1757549249329091,0.13245245819007856,-1.7136253120499032,1.65872292501983,-0.20731941512560811,1.0400558351777254,-0.6679868346191246,0.7820657047428705,-1.590640130371705,1.710509316052887,-0.4382568361571766
-1.567785295369782,-0.5377917570333685,-1.1597559013853127,0.25896002381992705,1.5686471414906609,-1.487625388773265,-0.3843593004699733,0.8911162451218136,-0.5945635352892552,1.237042170213876,1.2864001003722914,-0.3689145664183927,1.663486026589284,-1.5233050379445965,-0.9418431578344484,1.4117053202943133,1.6360691445069953,0.278429985654624,1.1184537097499836,0.03379050244565188,-0.9682078335965949
-0.027164784900940164,1.6974889524802466,-0.3512070752239775,-1.1870225080253523,1.298075451587218,0.07047179533121867,0.9020669998873752,-1.1552528397543984,0.32345043015263425,0.7414177065893366,0.6682385243261919,0.3182549945061671,-1.609050361808265,-0.7798174965314736,-1.5002794001475965,-0.5599098914102839,-1.1506684756756447,0.7016556803377537,0.5711118263100583,-1.0245577003767377,-0.10236100221870216
0.18241110422095883,0.15183359702934274,1.519348863942311,-1.6605324097745013,-1.1212821976539349,0.0873736375958133,0.5549532212023884,1.532571652302312,-0.9968115177171035,1.4590970785122406,-1.7113453581862275,1.1053767928730736,-1.722587508557759,-1.3329309938518803,-0.6500545540760486,-1.686203087729613,1.473236670254452,0.12123664173395024,-1.6247029786479388,-0.5711010532689424,1.0525817747584394
-0.1677677697971565,-1.1288179529586964,0.09803274896538908,1.666300123022653,0.7081745371961653,1.2021181225736683,0.9671888155615112,0.718544640996456,-1.6572642984247805,-1.4002328529145198,-0.8439026791958883,-0.04266720092440929,-1.6126757705133121,1.2097863138881237,0.22233693035054986,-0.6148006220113498,-1.1554873255092217,0.43146548959143755,0.9343345713627038,1.0958568607064145,-0.2719061221093109
-1.0087125729161588,-0.3737320991712974,-0.9557741077199687,0.9523140982859102,0.6122373373869874,-0.02834135974195873,-0.6704930170381274,0.6666856608824393,-0.48998240590048514,-0.42157661820042686,1.2919347227533424,-0.9133680753687711,1.659233538695793,-0.9001094281272468,-1.3340809016040756,-0.6138246412267373,1.2067768595676653,0.926266965530056,0.6469154272427443,-0.4489971029195956,-1.4251421996575007
-0.39526493224949094,-0.8002985524999221,-0.6723650891388863,-0.25392803635437977,0.9460448426917301,0.7017879284750062,0.9302947625011604,1.0716321785491103,-1.3274425966630643,-1.4096755312447544,-0.9594162690668792,1.4134427765645188,-1.6330682886338606,-0.3731289358681982,0.9821500644638991,0.9794960109975325,1.2015200017570642,-0.9875985267030991,0.21108324547905707,1.4115402379766406,-0.7581893549520853
0.15516857744727203,0.9280170947179138,0.19203979449640868,-0.9198009938952258,-1.1621872586159463,-1.5277527028037878,0.5346158378095782,0.4824891909362093,0.033890239140285064,0.8224503226546779,-0.43229999991121254,0.7538234387669591,1.5382895023396275,-0.529679109714816,0.725632039724363,1.003787575119137,-1.6414718448404815,-1.3729833957021722,-0.8943557772028835,-0.7203591902607744,0.3804454861122074
-1.5418747231770034,-0.5416784554544208,1.0018888220077102,0.38211930373765973,0.20889754771234212,1.6277343399254178,-0.946936707205078,-0.5660159030073553,1.0935379129597373,0.5476551542766052,-1.3304622958098096,-0.3950579202290322,0.3099849303559243,-0.5242374337958453,1.2000158964500678,-0.12198166055933225,1.174153059399162,1.020086791634631,-1.0949280302673101,0.0275591545410522,0.5412263110257346
0.20823927434772735,0.9795349224602409,1.4509935941603684,0.587503309936668,-0.21146362923410753,1.2844983075216572,0.993376551605261,1.3457691101905427,0.4264940281264225,1.6850464246335466,-1.4650815795672283,0.6273859241147818,0.671424486266407,-0.19650089896492787,0.40732938414897696,0.5893940913050942,-0.10557578310490534,1.5095285846244926,-1.309463976694576,1.2894461194394171,1.7623743832776728
0.7788956164980684,-1.6802805292845198,-0.5553592331170473,-1.2203390073468983,1.0427459488255941,-0.7897100954141231,1.1620366777452988,-0.9629048192241983,-0.3997746268503567,-1.4146848996135764,-0.83178138155719,1.5282132939028836,-0.6099233360801639,0.848964981957821,-0.055497490354941385,1.1800904896364892,-0.4790302108652739,1.5123493265533525,-1.31324215300493,-1.160638318960252,-0.3014348619967903
0.2041743346900757,1.6675502185114415,0.749698432571848,-0.03504647632439517,-1.3902101201635848,0.3006954465264562,-1.057186743888442,-0.1534290006559984,0.6097882232945361,-0.45065992028100454,-0.7444911173789238,-1.346119454985535,0.46769651716658334,-0.6890746654087313,0.5136355408842774,0.836046818662368,-0.1426792503989894,-0.5401711468014704,1.1528757142345398,0.6916609060050063,-0.6855891464092913
1.4631310552925278,-1.3875507902385236,-1.579064868244053,0.6279948198124559,-1.591693721639865,1.5264689888025729,-0.733863900683009,-1.1819587579435797,-1.3144151979992882,0.4285633084912748,0.919612056651041,-1.3709767187731141,-0.7207423556947737,0.7058417563523567,1.685302984019267,0.5959839992969774,-0.3187693864443945,-1.6448124086679812,-1.3870025328348272,0.8725651118918002,-0.41214184053899183
1.2716946465890782,1.153875551664416,0.44990367111100316,0.32197339848294754,0.417342189464853,-0.9394878556665259,1.5566944314203461,-0.30564840046827035,0.4083658474310873,-0.46528966119579157,1.272101820574635,1.000518586544237,-1.5584600548817098,-1.0791486711210894,-1.615196009500264,1.501326769602271,0.5046543478925896,-0.021319421412942217,1.37581595982584,-0.6900220985391963,0.006628059952014918
-1.3853871455234597,0.1556935164244049,0.677160834721,-1.5536497182623616,1.5786439671902783,0.5539618782476968,0.593306522202691,-0.7428221636195627,-1.3859807495606078,0.2194745101645792,0.8469403760211104,-1.2728194423231167,0.1711845367063147,-1.1438290048333797,-1.0458899952153855,0.18501467446826544,0.15634885634515128,-0.2954516420771378,-0.7714827656478417,0.24850309097709694,-0.6671459618475613
-0.4374335865059865,0.04125990398693302,-0.09374697077014803,-0.2193224494906211,1.5663878151619395,-0.8537220430518191,-0.4742213171501516,-1.2590995871541626,-0.5118892350296497,-1.4837633518267566,-1.6167427205167957,1.1345499852953542,-1.2031351046597898,-0.11789776323493856,-1.6790169238974317,-1.3360261364841242,-1.2721527425163024,-1.4464532814998172,1.3101641103277712,1.0993138348936229,-0.4553517343035706
0.001984196803704798,0.22873712505307497,-1.647175969760918,0.7555638839117248,-0.1658452415595699,-1.3220631962398879,0.6711722186059433,-0.9075898497956469,1.5185074393281754,-1.5763769763010573,1.565261207142705,-1.2098766614503822,0.032995895899903385,1.1688959104563228,-1.4356424732204158,0.2783410036920473,-1.6012270647005407,-0.8772688877195416,-0.6767413594658113,0.2540987056568056,-2.023591452407834
0.7011788105852177,-0.28590799796882677,-1.2534027690593734,0.3009522287130086,-1.089548026169695,0.5728884999654645,0.05908074691667004,-0.16936891017575087,-1.5394406724928449,-1.1962623689013978,1.5123899252597635,0.18492587113334455,-0.6160135954918892,1.7001652877259523,-0.7357931867606115,-1.5985743565076045,1.5188311565178572,1.069272296696176,0.10171396517075654,0.6078317060865984,-0.7606840129625428
-0.4113060264696175,-0.1608166492292875,1.5230807292778967,-0.3689857503213817,1.4307184922423564,1.2683569588349866,0.23472645559624053,1.5345653819689398,-0.7264669819076263,-1.6876777335932571,-0.5395329422056334,-0.9029808317116352,-0.275781488814472,-0.49174057667146165,-0.08365316999437769,0.8389475772656068,-0.7350975664577801,-1.3036849402339212,-0.503028540761329,-0.05425347080223068,-0.6222012426618552
-0.70147362277068,-1.2073125966018834,0.34385839701463433,0.8389478541452943,1.5288510756381126,0.05030732209327096,-1.6641119505225404,-0.82035945433083,-0.8119805449670076,-1.4230456443583557,0.539215055201492,-1.586058515472201,0.9981718577143373,0.17916298027468647,0.1525057744424296,1.2662368233327796,0.8927930184300237,-0.21029206636190795,-0.1348434592707248,-0.5421941445898905,-1.3970990199343267
0.06477148372385909,1.4723854389233018,-0.4850900704363303,1.242653195359615,-0.9789347243958136,-0.43641430796824776,1.6104189724293605,-0.19073909532660244,-0.32822171900457886,-1.630441973195279,0.23053460038310744,-0.6122787274267927,1.6511319790753303,-0.905100067800666,0.41783526630797824,-1.1676409569433057,1.0311663348459996,-0.11612436169307906,-0.26909509821754046,-1.4015009619346372,-1.2638923369421136
0.7461156370617503,-0.1282504855829925,-0.5255079115506119,-0.8366651564057125,-1.6352291067189577,-1.646338442285344,1.2189840377067491,0.37350936991533695,0.10792591021750791,1.2419766644203942,0.9082885754247526,1.5812600595775734,-1.375656708669524,-0.010180267624489328,0.7193045776894283,0.9466548205317611,-1.1438727816641263,-1.5444002920387636,1.1458610203773523,-1.3001890939656502,1.519934927404901
-0.3021241056785722,1.7061641881431988,-1.69245439625295,0.35697643681364216,0.15675003209283164,1.508011161359877,-0.14219009786808154,-0.1264020817952168,-1.464838115851021,0.3648951888390412,-1.6186998188507882,-1.5043464620191074,-1.5711367808239676,-1.4396785030954788,1.0936260672118177,-1.403173739207012,-0.9725863935751179,1.3235999116553339,0.8697946938506557,0.5240782564368851,-1.591210184296322
0.31415523724171635,0.4378975908494121,-1.4139039817921244,-1.0108542687531283,1.3954889723194168,-0.7272163991871753,-0.8669131885706824,-1.4151418275296699,1.2539871897447334,1.0142042821319077,0.34176177417719517,1.125316692313645,-0.301635486053272,-1.2734021001021538,-1.4774423347086685,1.5106897941274593,1.7516137914343042,0.7755707119431802,-1.4872999547073464,-1.418651687515446,-0.07708891657695201
0.9176424549741826,1.6936747192644879,-0.9947977390800836,0.004796853418771615,1.6658727533199311,0.302708499187514,0.18387449027746766,-0.29567957083240637,1.404050454649022,-0.7444256141038096,1.048514596399644,-0.4336422516100619,1.26929702734425,-0.8496700358256903,1.6261199792588688,-1.6070619060836029,-1.5974507081449254,1.5047148499150154,-1.77577004598267,-0.3189746226406951,-0.8005138895217646
0.9681835658300665,-0.9548731632397783,1.0764273405003197,-1.0120933921593294,0.7514562367573364,0.6688315348181356,-0.7740112994006105,-0.9864443418704271,-0.13911545461883065,-0.07640363865884818,-1.307558585142195,-0.5187670481533334,-1.7271042793032787,1.3861646865483463,-0.6473660599918493,0.8405627861142535,1.2991899818852701,1.0300026965204359,-0.13678107612934004,-0.9824020476467397,0.8875476471322871
-0.8933374860233748,-1.063151639590619,-0.2793774896254031,0.7995573951619331,-0.312498827846014,1.6019221886755408,0.19241339935101331,-0.1217265838007737,-1.0739687444675716,0.9107002960016594,0.8148281294567074,-0.253152959845465,1.7370261995927434,0.2897175433267521,-1.1816581512435709,-1.4810341287832676,-1.1671972675479212,1.3687149504419331,-0.5619180238646473,-0.873568981339729,0.3615494176281412
-0.40324322219017145,1.2553849433915343,0.3657728464039628,1.4364760339625424,-0.03308303566076319,0.32711996717881664,0.7817196493739792,-1.287671452713453,0.5700404256048545,-0.631585442970451,-1.725237775937151,-0.748155534392589,-0.43514403179094063,-1.1352071904049401,0.2192172038199586,-1.5123553178633247,-1.582062226805142,-1.7122387269858326,-0.5884647004289227,-0.8677559413809706,-0.7545768537950696
0.6876457491175989,1.3591421096478482,-0.3292297624143598,-1.5098221463347625,1.4965651619427258,0.5551487747561794,-0.5315025588963719,1.6880075108692791,-1.1395990066689623,0.49478087181158914,-0.860681310626937,1.714032988978852,-0.6974816502393987,-0.8665869011635321,0.6734159009943598,-1.6449986484306165,1.0396216403812488,0.8505710529093994,-1.698952156602211,0.70811249939959,0.8138953262098689
0.6746852925292377,-1.2887741026086101,0.8428754096967833,0.645005385231534,-0.9977289986387601,-0.7816751976079762,1.152718202236839,1.4304055526203407,-0.8511976460226923,1.6994729323864572,1.1609524476439756,-1.080547742977324,-1.5114503265196237,-0.41075799641887856,1.024241713082051,0.9290633767693033,-0.6866432746054932,-1.1309577411337344,-0.5692227772251311,0.007003260428204842,0.5332588911222377
1.596859477020444,-1.5796892933184974,-0.16813815616440403,-0.11495270031428273,0.4721860386012068,0.47077546757266797,-0.3697248009412449,-0.5288425887428179,-1.1618629227312531,0.031059563343084937,-0.8268393057366082,-0.5718748333984554,-0.07695162932325483,1.49505881301498,1.25894597989822,-1.290856576460059,1.213008182133697,0.24776382520324805,1.4367489450512716,1.3880030455323098,1.2418814712904667
0.15245780327706598,-0.28486217682060117,-1.5401610998656663,0.14955568096864377,-0.3999351642413929,-0.4131318848737462,0.2668020978372403,-0.8054837513832139,0.48717046193725894,0.4264659402115163,-0.006933882391607617,-1.2146216040835673,1.6124878771640747,0.6441792327567942,0.2030501870677293,-0.7100078080424177,-1.3659227470713475,-0.6368869748821978,1.2533099055892356,-1.1088680618872886,0.2971233724655069
-0.5351395513742224,1.453594992176969,-0.22656226674662192,0.20097936869113084,-0.6963417173466541,-0.9777411614213045,0.3328611709212508,1.0861166690777093,-0.6990681201422062,-0.6672574915528664,0.7499159828241055,0.4504138605806221,0.8292315714307446,-0.8864369455330212,-0.13367248257029382,1.3483794784793046,-0.08743950597746422,-1.3380155349032234,0.9936847527826469,-1.2211816556105608,-0.5262184678344664
-1.2223454930907525,-1.0160706647573108,-0.5591268713605758,-0.9725860648134347,-1.5860718958024522,0.7112929532668927,-0.7209140214461118,-0.8299337485418606,-0.5508979097510904,0.5112884945057662,0.2078860989734276,-1.1308353935912474,-0.6999522481429177,-0.4931554628309321,-0.7842922848748862,1.5573078289352122,-1.4358322140513708,0.3963546542157354,0.40952342376940326,0.6208112188943201,-0.8529652199467784
-0.8072388116258955,-0.5293150349152369,0.1660499934492196,0.6763092300497098,-0.4850150851654569,-1.4492387154243607,-0.11358844061629393,-0.6453799059499631,1.6970880224722333,-1.7153804052666544,-1.4771469538027233,1.648470418921725,-1.1442589871247686,0.0097380449427226,-0.569549603426145,-1.0317873120978471,1.2912383608999973,1.434537241767095,1.47914235673323,-0.5961818485018501,0.21473646125985987
-0.8829199608942606,-0.2721824522866151,-0.6660617716382514,1.3126594274668137,-0.7173965122577916,1.6425591002950737,0.14818017143617984,1.5898742248532434,-0.9001609526940912,-1.2873917522915832,0.9857722158520205,-1.331680239131952,0.09661583142004326,-1.5037219824736163,-1.3679273050708036,0.012451399016523932,1.04105141531111,-1.1735683026806687,-0.7926576512235176,-0.4557547266175891,-1.6274976522413644
1.32285741167579,1.2191508469262942,0.7980320524725986,1.5962013004842368,0.9040553511966938,-0.994250484284262,-0.7440289073681876,0.314515494466218,-0.5931044559946863,-0.13922731363870997,1.3874896991117844,1.7320068145632102,0.8024856435830715,0.8436557686083762,-0.8493056040205205,-1.0588993884879123,-0.10103498040563431,1.5796418410380932,-0.4800271843125256,-0.422715593496858,1.4826407013213188
0.08063781405133962,0.07020136401147953,-0.5119534662661405,0.711958587560038,1.6853640578777453,1.0609390547124262,-1.3660984194885248,-0.34688876601600627,-0.7904731895994279,-0.34071939464663537,-1.5583928400862175,-1.0927091840888508,1.6062787848920776,1.5766928068972224,1.294386127558391,-0.49186856543073726,1.2309444999876675,0.41224033599116017,1.5995088238965645,0.7606294316816735,0.869159265809778
-0.7945848295974992,1.6074290048587054,1.4865554935866538,-0.7276938416976824,1.6531207669881562,1.091099062373014,-0.11252506544901587,-0.7653770112420316,-0.5050218491529775,-1.1136357660770517,-0.5778066186780314,-0.36326988058224075,-1.243560013108565,1.4829238594427898,-0.5162409953159494,-1.2958579259187155,-0.8826695274445099,-0.5061292999927482,1.6132973074334063,-1.6600721974042885,1.0555855385896287
1.4427024100235926,-0.09251262895362232,1.1760782166477441,-0.3439055515950882,-0.9145205556788344,0.9132850360007159,-0.6153666529528019,-0.42959102944039484,-1.2378413731428803,-1.6134185114339017,-0.9452559802188116,-1.2828640973995669,-0.361074155810794,0.540898146434983,-0.4275338684341383,-1.495376865810278,1.1242776046333502,1.1353698216530956,-0.7448268630548442,-0.8629300965677976,-1.0418053165703742
-1.355716072728526,0.8083532210859284,-0.19749789636571116,-0.5024993108692414,-0.041695108882008065,-0.11870075688549588,-0.6507514936914679,1.5936358530191486,1.5296610182481165,-0.4238566871551474,0.5046049762164581,0.027623675487916124,0.3550373881984282,-0.12786680578473683,1.5192818377891646,0.9460393807557606,-1.2041983976777826,-0.6227254296144471,-0.08287605623040453,1.5593309387822216,-1.2609766889463145
0.9025364718801854,1.1780349393388818,-0.08421618906305874,0.6476976211711806,-0.5145534853561909,-0.7508233579274475,-1.639645434758694,-0.6202583674244064,-1.5790015649285558,0.35689538424941614,-0.8771736620140116,0.13340865347459202,-1.017234396854542,-1.5251541922332221,1.2985088915557361,-0.7146638658461983,-0.9923098736146522,0.6775960357028268,-0.38118901226380747,-0.6948602786341288,-0.9514664364729186
1.137496729193711,0.5672638895550475,-0.321205586101271,0.627661563403349,-0.809427226994519,1.223527438165741,-0.24406554709139766,-0.13761072082359732,0.4042589635013721,-0.03405309512452322,0.6293666697975914,-1.0371342112955477,-1.4351869051572357,-1.0095109346247582,-1.5545852267285507,0.7041306046710992,1.0036327906831315,-1.6979934672844386,-1.4206807671969417,1.1642158028191494,-0.7114608782406068
-1.6302348387107464,-1.4508776627364008,1.0481477329505493,0.09148296708684525,1.2918396365190357,-1.6306114243869534,1.519687549103834,1.7515187120959583,-1.6427687319903954,1.2997503136815978,0.6258733796468257,0.909066546911988,0.39803573660100505,-1.0196333965374689,0.4551814943392007,1.1984522032832288,1.7091052526495447,-0.8975800422126704,-1.7658459889009468,-0.5736062147131731,1.3999953955108693
0.2730357568973652,-0.8425268406317973,1.2405645529991762,0.8007838027760421,-0.5042958543381306,1.4569642399990537,0.7512680604608363,0.5034168929287531,1.7783902877264097,-1.223643460509272,-1.3449160747318165,0.5992789942258914,-1.3981647487460276,0.6373645822141598,0.939616029990631,-0.9820861277775683,-0.9403170044632273,-1.549318221729339,0.6098793166405098,-1.598039135345488,0.0019472304427683796
1.7087990906959434,1.4267997238699928,1.1110016496742492,-0.2557651740130383,1.1829026336587685,1.2319259761409904,-1.6547160357714712,0.9113127906003593,1.0619046586817409,0.32786007765266645,-1.014807597520025,-1.2945870838323723,-0.4050991484083004,-0.5863634525118767,-0.9869827764622268,1.3079283484962738,-0.903804078498857,-0.28718180109760433,-0.9845664756819152,1.6200688458637904,0.03200900396950916
1.6915119362135156,0.4100364906224246,-0.4365812009511253,0.4572490528836364,-0.60976419809223,-0.4841176703155848,0.8362453140153479,0.8383292713614611,-0.9464699558565536,0.5996564395155082,0.8183858405767278,0.5282216851676697,0.16927482827280957,-1.4478014150347063,-1.6932108417059746,0.44224999191815156,0.1577447175305672,-1.5789002130349699,0.9139167380741239,0.6118991166008212,-0.4289448144058543
1.0493291400887363,1.591808586155953,-1.556874828561325,0.22566161275528582,1.3008344873534732,1.1084266354287902,1.5726460519559844,0.9973319773274429,0.5516603331966807,-0.9849073863503689,-0.8068876648413065,0.762160150524873,0.9301999342711422,0.7906562600267284,-1.3344921176311528,0.4545454128629379,-0.23063071376323566,1.0659723920659392,-1.0026821806400559,1.397195931473403,-0.9898902798630208
-0.2912339294045285,-1.29077625381168,1.0445968652871238,0.6751057654705062,1.6825954941441021,-0.8679976150550155,-0.4381573481132191,1.7680132847536911,0.8666626834469106,0.9109477450510142,0.21784049210978265,-1.3068918065868491,1.2399763016846403,-1.2163852396410149,-1.5437321722927402,1.077445295577511,1.5258481408155815,0.6246340113474892,0.8199672516487466,-0.10874266386783982,0.2172868590280603
-1.7110723813729538,0.14740583323699571,-0.6184860232828326,-1.7721115955863198,0.8745943193462665,1.6988363373202042,-1.732194086084179,0.08197090414610736,0.9103215981671563,-0.9982751703365129,1.624952742931451,-1.3973913777852978,-1.4891194372284322,0.6617661773539482,-1.4914686179922025,-0.7975694391236524,-1.1627612483178196,-1.3462782765205485,0.48831462474448445,-1.2110047985080847,-1.4099024853603133
-1.2492733495246846,1.7000899395803446,0.8984011214163312,0.7609644722342859,0.6466730227354714,-1.00434336033892,1.331639216744497,1.4790453178907046,-0.45056998229109824,-0.7368163161574965,-0.3053867590846262,-0.24777068582867556,-1.5766399094683863,-0.035578491337677445,-0.6245212786577703,0.7551340348006936,0.5713358978150596,0.9618638424385797,0.8990404884803864,1.193139153904279,0.2347738004958617
-0.3748409859252367,-0.9214967964914399,-0.5325965217644624,1.2513852693677174,-0.26992514227842845,-0.7930110729474557,-1.107621601722827,0.9475347034110783,-0.03445829600672353,-1.302966490740449,1.1329569935690493,1.6968433946372534,0.2073191240311804,0.2675182693921803,-1.6345723047982958,1.0820619617763243,0.6746337998059733,-1.6929134206348284,0.5759336851788076,-0.9238605510727879,-0.439824951987582
-0.6799943603306925,1.0149416294293545,1.5401344345508785,-0.0737401970126174,-1.6285811485495392,-0.1467043770781635,0.7962392983537115,-0.5282898671260199,0.08561689598252491,0.23701542679790424,-0.8598257377809628,1.3198323865312782,-0.4713279578564929,-0.5694621361981251,0.16593128483660774,-1.4497621293644172,1.002425919742842,0.646282512868278,-0.3655390461779653,1.6545443980898462,1.4336456167634215
1.136435210370417,0.8628358512182785,-1.2236518415561104,1.2768289169665898,0.13685740678808378,1.1191309319940363,0.6851104822741997,-0.3219282287034091,0.4614457688582049,0.8454327562700517,-1.702567204287516,-0.4745446843360955,-1.1193892675476445,-0.01767873294407091,0.8445934845912139,0.08256063934733669,-1.6116835616405631,-0.023452547515424683,1.3431058394725484,1.298569941600681,0.13615457637069311
-1.2803912925448973,0.3402495219442534,-0.4029552845093594,1.2411169877818624,-1.543688785335183,0.17694271288252217,-1.1292565787973385,-0.6990586696250695,-0.7871650081587069,1.5102955025681686,0.6598631280058724,-1.0185932297050488,-0.17115065487148778,0.1681241308925643,-1.3663017715366992,-1.3061192609826389,0.013992986753479628,-0.5916155923809033,0.9399053487016216,0.32147300775372956,0.650142651302962
-0.8824431725825297,0.5442825887551785,1.166306212739777,0.3397913079633322,1.222107927197446,1.5738432200475736,-1.2100407395144457,1.5168142534619617,-0.7176030742564604,0.3803721756888719,1.4129047415868157,-0.7715852387844554,0.27077219373316563,1.6156866853313767,-1.2157086536059525,0.09139454087928482,1.6180104128448798,0.6706650982628313,-1.009742404751889,-0.1737079544340269,1.2384330402632775
-1.3298459664495013,-1.4266342236056317,-0.5352164102372845,0.44372638183113444,1.0974138211966287,0.05065018988434967,-1.0107196363674529,1.7563563808285425,-0.4005436329436023,0.9482949642315484,-0.8095164258398391,1.6113278193141902,1.1100619716996702,-0.562455417980044,1.090604747068454,0.5762902695048631,1.326017250254093,1.1582769327717957,-0.32947777088764063,0.7138399148408952,0.2997302950369234
-1.3881011868629254,-1.2706592302037554,1.3207244420007471,1.0404801850007321,-0.4089026902748565,-0.915151904669093,1.3282463506471474,-0.8783904445568294,-0.2646470920809582,0.3258771613903252,0.6690953126589784,-0.3264804855294023,-1.576945035330546,0.8523088593566879,-0.6010841595804794,-0.272138056858628,-0.8342635601504733,0.45102658879992075,-1.6996731997023709,0.5160295864601753,2.2913074141386667
-1.5860113990610167,0.6590010962057097,-0.8630049801285006,1.363457222523614,-0.04531236196976571,-1.099988250538412,0.25811595579609,-0.5360109950006162,-0.34504208435052336,-1.2674068830469987,1.6060087591333987,-1.4514635462921615,0.8356535244067917,0.9991246716093314,-1.174333179706353,-0.9586749575944213,-0.4798597736706805,0.9946926080860891,-0.6648921361393672,0.39499816832700974,-1.3480389838588043
-0.3777166181081443,-1.126328436337314,1.4516020148626056,-0.0740435754603119,0.7216785442545259,1.2730886491507134,-0.5455689068010633,-0.8304627835375862,-0.6109886472567528,-0.46085272887609885,-0.18772687664517126,0.7780766169441419,0.2055020100389414,1.2722575682348642,1.6553039483119956,1.6954391401614597,-0.0737182339856201,-1.7298089450640473,-1.4505358176786702,0.1480411340801038,1.8604632507357646
-0.4063979657955034,0.5191628968072493,-0.7598417365386483,0.8256416216011216,1.504918544741273,-0.8790518169971555,-1.487161801028623,-1.20796072747006,0.09891614366465407,-0.4359141471298956,1.2362175361170251,0.21322592535711737,1.037190699836771,-0.8335913409246544,-0.814694614311559,0.9253622435709452,-0.8029961685344328,1.0215517839487358,1.432665549733472,-0.9158992823029607,-0.6677024838384227
-1.501541245745471,-1.676317494235317,1.1932057073242213,0.6775672630604763,1.1313743588346428,0.0033767070281509643,0.9580143042201823,-0.8006064193413487,0.8908214555304473,0.3061389845161945,1.5752278426134299,1.2165794182675673,-1.5007790532552352,-1.3613507737275699,-1.6826729505994633,0.24351592263818828,-0.8012994569236934,-0.9698142018181984,-0.639973960853932,0.3214072840003048,0.2984830499981303
-0.9408722993645392,-0.6565864262179284,-0.4948953566593871,0.18994202370396837,0.5825036112298976,0.14707275450454182,1.5928995308727725,-1.5747460086840075,1.25743877016254,-1.184556724130037,0.16871342220383745,-1.4463084374715545,-1.2622763793270295,0.74932886655732,0.19665324851914878,0.46549774396407195,-1.4170037833322864,1.378003669058683,0.7170392848337807,0.012369173442800151,-0.7079850405064136
-1.3050951561986668,-1.4769717552644699,-1.0091852470064953,-0.257451923714718,0.2852495875082745,-0.5631924417730314,0.5210569138229132,-0.1127369968094965,-0.6433082876467362,1.0347628706265477,1.3821040783464589,-0.39795616207557405,-1.5541661518913121,-0.8687374022189981,0.5665261060367753,-0.08468676585132458,-0.04957147094778543,1.4842361705704963,1.1081569504938682,0.7743629591426567,-0.48535815175109487
-1.3862172756356725,1.5356923256298067,1.4508241025091382,1.4693132553999417,-1.5314303549097117,1.4536969146712255,-0.16323548655070422,0.30584312159049987,-1.4947937383963852,1.0810558818264109,1.1756028685771756,-0.5656323049985744,-0.8943649845333739,0.4501109512956123,-0.7784503576899667,-1.2106994096286066,0.8806972778761376,1.4080751660610815,0.23849030968633908,0.13928737728735507,1.2903556989370852
1.081670504066707,1.6176446450184803,-0.8111453377085589,0.7644123241238102,-0.28778721019369247,0.27583731093003067,0.6705290891220431,0.05191450087625767,-0.5940121344214278,-0.15012622104048642,0.9831969582358373,-1.344899037018844,0.4916919331713714,-1.4743060182024619,0.1706695375677263,0.0022024871402354785,0.9585501809119679,0.27694436656899873,-0.4763333007105711,0.6090481112740328,-2.134817607336563
-0.568898826117188,1.3914188267384404,1.090505560009917,1.0641817826041937,-0.8764999480035873,-1.179596500145972,0.7639269957957722,0.7029499734782887,-0.3249332611201713,0.14418950598496005,-0.08015795905225083,1.443859548088708,0.24380687119585792,-0.2426792536984493,0.6434040293429304,-1.5177214068122509,-1.1200732245417389,1.0767576504857683,-0.6208207997283436,1.4816707746432658,0.6523841339135555
-1.6445490164486378,-0.6430216712611069,-0.9981683057796854,0.6580006530439707,0.3028727815126044,-1.0205255357690868,1.415855527385083,0.6444416216375001,1.2184693407743121,0.8242562214729504,-0.07699668168640164,0.40485440371680925,-0.10345029981676553,1.641620262518083,-0.2375300636525292,-0.20155835228127028,0.6282052516421902,-0.7412295550210558,-0.1426677313023243,0.2156184650237254,-0.2528665375748541
-0.6916077827968337,0.7122303340441198,-0.05903775978189236,-1.5501812995687467,-1.5904587337507177,0.9520448025160392,1.0111806710044893,-1.6368841612071912,0.2695331313979537,1.2249630706743535,-1.477043391289194,0.4644637177008156,-1.5023633586189702,0.16291327535976138,-0.8813828785059091,0.46099884633959654,-1.5758982134211423,1.206591595731488,0.15637578953543957,0.28147116572386877,0.22750578429177923
1.557084835614813,0.6078454295271405,-0.6192644458790985,-0.5012251964788597,-1.1291762844688156,-0.42485649932879704,-1.0439736805630733,-0.16575556281259776,0.03943228427613784,-1.5317979043051932,1.0075118211872358,0.10391062247955433,0.213279865018102,0.013929071816278272,1.4527925199715643,1.2105712226436665,-1.3338233724033752,0.39174216900723563,0.13092874050006317,0.4770220216731934,-1.7540570867726457
-1.0712107935913493,-0.8898145939705613,0.740768962895073,-0.28838979409103493,0.2359993208675586,-0.6081644981089941,-1.633861350506163,1.7349018232083169,0.45644059256335345,1.5568980470961518,0.045411169853501514,-0.8365019366541923,-0.6686036339022543,0.10653102455599482,0.13656920552106852,-0.07700967235999265,-0.4150641552104613,0.3424318483103859,-1.053794293517881,-0.08375455146374136,0.6373550369541043
-0.5728918562512367,1.2615734318287495,-1.382921745712535,0.9463811031871395,0.5889016328784998,-0.6651434536423054,-1.09047272079022,1.5178650066651356,0.14867060766880752,1.2370456052128067,0.61136487096715,-0.009818185255002729,-0.17252080838346084,0.23087044793671616,-0.13643924896046108,-0.24415581615683304,-1.1387747766001235,0.1974691658752554,-1.1416568450050733,-0.5396734364910439,0.5440839191766143
-1.4643269663545229,0.43210390917747166,1.0972683195940838,-1.4241539976182065,0.4789815921559673,0.6165720869024791,1.567877765428751,-0.8070473674157717,1.692529266625504,0.023653979165016558,0.03331189744191377,1.3167939283801455,-0.5397462565279281,0.4438953494561592,0.43035306198991385,1.5620163397611637,0.03548932135704791,0.572817811621908,1.0502216391062145,1.5506588936858328,1.8235297573818745
-0.4550411020849251,1.2242033132374275,-0.06745679388613923,1.5245565360389106,-0.5554658117496761,1.2081476380488951,0.019941574193946127,1.0802216818583685,-0.7581521703098204,-0.13719898487675794,-0.8386080534128356,1.128496893294166,-1.2544766887761967,-0.8114769499671194,1.5369107275028404,0.01578825863494831,-0.550029177593381,0.6376030107078717,-1.3108314308129227,-0.8626399625699127,-0.07220644753517806
