PC_1,PC_2,PC_3,PC_4,PC_5,PC_6,PC_7,PC_8,PC_9,PC_10,PC_11,PC_12,PC_13,PC_14,PC_15,PC_16,target
0.18415932728730366,0.22271297616234853,0.5609320476656754,0.1332267729823544,0.02904739280673943,0.16126159998551948,-0.3723562366822632,-0.2838253401030849,0.0057266434605178496,-0.4634502839484981,-0.3844890501928368,0.19167024890554446,0.3074435312002657,-0.184285824869272,-0.44082458246272493,-0.24298891117171392,0.5201109901496903
0.36404985759869657,0.7712381563684221,0.14153671846004925,-0.2329944306518763,-0.16202860378155085,-0.16137984753441442,-0.5867154418064644,-0.8199774147287595,0.1709659017132141,0.07071899735481035,-0.055625270624906464,-0.2910284710172556,-0.32865317282737494,-0.08387373004341497,0.11189023359504413,0.5566669275279916,0.7276322137473785
-0.2944781677981706,-0.13698159271356414,0.20939242964258994,-0.467108379215412,-0.8252340939382878,-0.1545276674588726,0.4763745318442096,-0.07183876881881252,0.044176036428472995,0.26979086639019445,-0.19988093691837572,0.028197763198987577,-0.15198599014952646,-0.3038435576891778,0.17647497964562764,0.3333899636156026,0.4676545932353327
-0.11990173919487332,0.21604596617358435,0.033053484409666684,0.308836758025807,0.36603232282698717,0.09025139815047656,0.27768163320134703,0.19742174058841272,-0.5476563969449528,-0.34038757309786805,0.10713882827521604,0.12152383171405046,-0.09202585025976301,-0.41096504869734807,0.5892150516134426,-0.4390556781700785,0.5358976222837848
0.12270785212152963,0.17324428343967785,-0.7079751558694583,0.3774862622607128,0.013579890936060768,-0.004772097210131276,0.3767480681160932,-0.06450739802053923,-0.5103480040146868,-0.0799317410766649,0.18933136873889367,-0.05218703224880172,0.005925096254515261,0.04092574583293723,-0.061530305749876724,0.322274052873022,0.4254952074859054
-0.4456032681462066,0.1849311230023934,-0.11284423065407187,-0.01678022313295624,0.01704558308969137,0.30535928209268337,0.1843472460215042,0.4147610272037167,0.39263044498827915,0.1934780779644365,0.4070196032801858,0.33534717111073387,0.3120161787933098,-0.33271089381265495,0.21818621465305144,-0.1355175576840066,0.7751360850941929
-0.17547712046118047,0.6408154905713397,-0.14102972921703985,-0.4058756393204016,-0.006921675930029819,-0.4533150786837912,-0.2316701740946337,0.2668540157017341,0.04330417671867942,0.4208082419886716,-0.503235364497073,0.0904757326258194,-0.0029455370743648457,0.09576545882590576,-0.1224919775566693,0.1813523102305989,0.6819862969436934
0.038005558617230456,-0.23205509687076586,0.0852315271578431,-0.44122702819730514,0.689866906057035,-0.2235739496455721,0.35135808383313516,0.01157452812829185,-0.08721544225760991,-0.2177231520818924,0.19132465803109344,0.36863153137004256,0.0713682233994895,-0.15853403276644062,-0.058074632495658474,0.5504803918753174,0.4556584996222574
0.4049271386673921,-0.2518956621424004,-0.4472408693912595,-0.07047293894158235,-0.3744525629436781,0.26613639776142994,-0.31536702407441,0.17421851459575016,0.3082929826569839,0.12576023073532783,0.08267063943155639,0.04804752636926872,0.22465207307892976,0.12698076811734316,0.0678638297642925,-0.17400649047031283,0.6491439636118892
-0.025174198080921653,0.005074143487773547,-0.24761047036133063,-0.002670037811948467,0.4755211807709231,0.12282618838030945,-0.13549988378360855,-0.009834560539607462,-0.4553400763420296,0.5017386905529169,-0.16092300863421272,-0.06904164607706668,0.7274198579691239,-0.013515561230725226,0.025768047449070908,-0.6615713395662788,0.4886872405920807
0.4453837811468666,-0.2309019236737477,0.2663157893102469,-0.38119096415045167,-0.40193708464053196,0.13652039361211687,0.1272259371931135,0.03315875870717261,0.03062081856762075,0.05667497795197218,0.3127921117381779,-0.1529145179034065,-0.38497393284016396,-0.0980607818921777,0.2975801561183379,-0.1164584278661979,0.3710163776917337
-0.18530328596319448,-0.3290877237320175,0.2465257612811887,0.18005305113823666,0.058184882753291145,-0.4590086264227151,-0.06936333205320964,0.3676098611691228,-0.2738124609724923,-0.44022989355846665,0.28671860282731254,0.22346969271816927,-0.19104099451354897,0.22324185584095346,0.4357078460284848,-0.044289134819113035,0.2329231963570521
-0.10667349874022641,-0.6282519314079068,-0.07455599793172421,-0.07372261545917758,-0.0160767655068689,-0.1572215340432901,0.14668641338326965,-0.09758395019538224,-0.5720058585061631,0.2988555410542735,0.24080589136824682,-0.2927211191048602,0.3734823407339145,0.2562887028461084,-0.6555025538841177,-0.2788271855026484,0.3016829877573645
0.566036629645162,0.3591065467930505,0.44412550810013185,-0.3694294136509297,0.09740505346066441,0.23295566529125222,-0.11883935237239414,0.465835493796441,-0.1111402624239336,0.03435954736524072,-0.3433756794244949,0.2802206302910919,0.16773822709933683,-0.10605922044317234,-0.23967150065286114,-0.03500580229921896,0.4081347576999558
-0.25585993230781195,-0.083424401874935,-0.0846046621748511,0.1552568806772625,-0.35226122585941977,-0.043889678650300246,0.6052660318847091,0.6483006637110631,0.24396873545810593,-0.21205523460039788,0.07800425219050855,0.002635306995707472,-0.012525522435927805,-0.26657277173293026,0.01882202526361565,-0.3429698214254455,0.7032476004558178
0.04260153037326354,-0.43255665763060325,0.10349159002135508,-0.5545104455790528,-0.05458616231198485,-0.13841176538913924,0.001746858477680871,-0.35379575896202514,0.3598511073386478,0.45429904531308574,-0.4646957301093034,-0.045694679144938126,0.00838099696514033,0.6446374603833475,-0.5457345630289296,0.08443359107771183,0.5631212894448818
-0.4586262686911301,-0.343763717978141,0.3190215410297343,0.2243062014540964,0.355886388253179,-0.05742847489903091,-0.043125903599550625,0.08554363890916722,0.1990058436364626,0.06778714882749659,-0.3003432509509085,0.13027133486988338,0.007674088587871719,-0.3377642307915433,0.4802409259940893,-0.1346338576466314,0.8465944295408915
-0.6021726168004995,0.4140124437217401,-0.15235762692205626,-0.10382067260194722,-0.23241241072899407,0.03961135503686297,0.1429535427363094,-0.11346841870843488,-0.052673792137134606,-0.3378677989280723,-0.45788830754749243,-0.011289417095194116,0.24742257687727187,0.1047385713392181,-0.44043446886612947,-0.36867883934185985,0.4224232987882263
0.11206266484935648,0.22078763292509107,-0.6139396570030604,0.8159579538055639,-0.06656654553940997,-0.15614498600968363,0.00983167838396208,0.02600661952539013,-0.03167168817575372,0.4838161292612404,0.13112068098535,-0.23276486868001275,-0.030924710799948407,0.07564257203448005,0.06925953287803177,-0.023116100838243975,0.210334509320857
-0.2734841605306014,-0.4907524701227851,-0.2322208555421619,-0.23883200684661188,0.061400884560823876,-0.021051922549400803,0.19821714806974866,-0.0964545562106971,-0.05728810718985086,0.6210678548838136,0.24411013883104427,0.03966196392989123,0.05338894554649032,-0.3544557132741924,0.5741896340975333,0.21577945323881814,0.5978189324925063
-0.20238891715982205,-0.08558308972231898,-0.09929177983573986,0.20343116290575336,-0.3161473181861557,0.36345999789734407,0.3456960474397471,-0.08211409134220155,-0.12158454135827779,0.32690225839928266,-0.3112159403961477,-0.42576616632882514,0.09432716615046999,0.14865027246529483,0.19450374237014822,0.10574018236733812,0.4785925408742098
0.23008278459938405,0.42218389574985654,0.9754621142040829,0.5698433411813604,0.04828184198779395,0.41106686623932653,0.13416008671100815,-0.2364227623919262,0.23959172139717985,0.2700362707728017,-0.04801658521533664,-0.41550261102883457,0.1366923533975084,-0.1857270996035764,0.07834322960443252,0.3411823148370211,0.7939081234455778
0.19431258261245352,0.6712470143037079,0.3667758976141625,-0.2570973661141126,0.20386398123936422,0.2947886927253748,-0.029789999388492486,-0.5295396091720516,-0.1525793469083931,0.024640351904815283,0.5104775248739436,-0.27097607185296363,0.3716097024886391,0.018355286164759677,-0.07039103011922632,-0.007010567135085827,0.5121002208513048
-0.2127717618195389,0.2951503658024837,-0.18950041078765742,-0.44278867131099603,0.5418140326371164,-0.04586298391979382,0.08190755820221479,-0.3392429531091715,-0.05264837066142353,-0.4694722513401465,-0.03679882895545944,0.5933692388969469,0.025544262719683852,0.07154128113304437,-0.5231504420832156,0.21435114959229007,0.7480946962080507
-0.7147259729674605,-0.14811349257225528,0.17458137004628468,0.03366842950154275,0.39848602802056665,0.4182234411379987,0.30285336024553156,0.1377186285084136,-0.288832344096251,0.3429646600817349,0.27663915333785305,-0.03731780756359308,0.1863670594718847,-0.27571044478303713,0.06694063402415995,-0.3695971621595473,0.7353750950518261
0.29242735926666363,-0.13015922968394522,-0.05865139410930306,0.2695398698330551,-0.4298711527851433,-0.08882882090667865,0.14450933625997053,0.6806941601699643,-0.007442678783564943,0.15285814104097195,0.3545280417907738,-0.4807244275977526,-0.13419862307084668,0.6034102899587848,-0.37756155413503767,0.40667602230216704,0.1005465348719959
0.11872921698352595,-0.09033196886665729,0.4488911448904568,-0.15789411790609031,0.1381957274485357,0.3511149516289248,0.41865770237324124,0.3051828907249204,0.016049385220682083,0.22808915409315533,-0.5592054076911205,0.09171503699677239,0.00852086782771666,-0.14445744178699085,-0.23042179873698787,0.5236235379365703,0.4274374134114188
-0.06012957385696602,-0.13048531447092948,-0.6027324250236746,-0.5259182684430945,-0.48756244995446757,0.19051348558396486,0.17656294394928257,-0.049217158876760925,0.04812924515024489,0.33863418818623336,-0.2670739833615672,0.25325991884756205,0.27255117606461754,-0.10909713615429883,-0.18797250852142178,-0.20316507876144121,0.5696122884152831
-0.4135564922154257,0.7431660110189346,0.12061554955806496,0.04605614087171295,-0.15780346233399015,0.04635248494655808,-0.49519942644720727,-0.1119986287757605,-0.2877515840337755,0.16569642457847622,0.09002609828782315,-0.1343288857753624,-0.5254242303530672,-0.33267044591535355,-0.46362462686347594,-0.16104551674473686,0.8621215838370959
-0.33716872568505907,0.23464974580309017,0.059064838187420754,0.41262735221575353,0.15835274046623854,-0.22601303307879772,0.18491488392533217,0.45347012945900306,0.16412461145785953,0.25882232068375965,0.5459863496910281,0.07963637016687822,-0.285086583069489,0.08217756629196349,-0.42489783085553046,-0.14419132567777457,0.4849118568075689
0.7902679830889362,-0.7089454556584234,-0.24924351102421208,0.19074024981139415,-0.0170801345484467,0.07929517053596169,0.07948495980768114,-0.2344085920395772,-0.3082814684868688,0.13649640038157118,0.14424264272614595,-0.1488523911541311,-0.656684304768148,-0.12747231575349183,-0.4128423937395155,-0.16031929346496673,0.5369585438103222
0.4103355977115929,-0.3650504470199991,-0.32886696436376184,-0.26417883254490865,0.3430582826757026,-0.4446408361770242,0.2475429366286231,-0.6412526327079326,0.4803428779690679,0.019460477888616268,0.09460279187983667,-0.17208617600042167,-0.2508981570868679,-0.3522523942856286,-0.08260776057405061,0.1397327783642684,0.3913971383622388
-0.1303420249313219,0.26700985442585584,0.4092764241727346,-0.09079185492919878,-0.44861043336524276,0.10075121493016415,0.852599770192094,-0.4056633819186497,0.0572289051639122,0.11567843803347189,-0.18566976539546423,0.2095130149157746,-0.07235691277720041,0.1515384057771597,0.18215888416979464,-0.02702041714053144,0.5282651118108155
0.43979472315092427,0.353494578682186,0.028516439032263696,-0.2091168356233003,-0.5075039843849481,0.018445053147194135,-0.15228278115197968,-0.27027040489236676,-0.4428634767904653,-0.12083695952859774,-0.22935941476018132,-0.0773881041223465,-0.2710619860447844,-0.28704265038924276,-0.07025041310673952,0.4626225075021616,0.7151472202691929
0.4390689792317901,-0.2206702178899134,-0.10610531011039473,-0.03495408142884798,0.30488628079411983,-0.06183265193162979,-0.12194716780921376,0.2276320368854961,0.04060189867163344,0.035890298461904946,-0.2842640220221262,-0.42357487958514084,-0.5732613151874232,-0.24535023499915384,0.3760121776347819,0.20197825642168613,0.6300812067815913
0.08114038094889288,-0.24307964675008897,-0.2148559471072312,0.4171943097620713,0.07232982047003911,-0.04621190354925697,-0.0011896169487343802,0.05993171408182213,0.37438676463422216,-0.567067732398708,-0.4188196441176159,-0.19889859657160394,0.11115627089756563,0.23366104959026135,0.17692345583157854,-0.3602007400819274,0.3006202250994315
-0.17282573535890397,-0.04746524137145508,-0.08224962331420335,0.3557428048700628,-0.4687201634047193,-0.03250796319455196,-0.04015177771799186,0.5740374748838042,0.03464244735408668,0.21468025763757925,-0.03849225121496164,0.37142302273691596,0.4983618456062836,-0.4249257001163154,-0.2654530895929549,-0.0014463965033358617,0.4125735106984333
0.29167318232883316,0.1314651423336186,-0.6458622080329915,-0.12191063611440128,0.13264818423945857,0.11682538133401743,-0.3363790072822413,-0.29533993528171903,0.1041813332165023,-0.0812344174810562,0.47546741998790854,0.6325384727437535,-0.37841721176049026,0.22724005335230513,0.1940513583584894,0.2184492534862646,0.7481491712081692
-0.2691869256879147,0.006680887809447006,-0.1076319490504413,-0.2189358967456998,-0.19724460594462548,0.00894297421310819,0.07043305757567575,-0.009832476943157253,0.10988076604885737,-0.7678420756924038,0.3774523156612939,0.03676665321242453,-0.04414324708046785,-0.07659617881838471,0.16747546343784026,-0.3471298418912656,0.2019279022270575
0.045782111500431,-0.1098317030983288,0.023070927951385184,0.22813654006682949,0.33057926358917744,-0.3151667231178466,-0.11110064399351964,0.26776563091383837,0.14321890137242077,0.2042928770040915,0.48517490319652445,-0.009347716258022689,-0.09821635420290264,-0.3252388959762122,0.021536642690845542,0.2791939899062076,0.4462977760267309
-0.09508440421177186,-0.4090461892847212,0.4686675017874923,0.03803441928591755,-0.1124413178112467,0.009016505154744836,-0.18877868654246194,0.577806337037253,0.09190508009168136,-0.24917098595678988,-0.07417268810288008,-0.09228500956758834,-0.26602429975981023,-0.43755277327946634,-0.3230588524352481,0.2257415641572027,0.5749383188674447
0.15304025450248365,-0.23567338707419494,-0.11730687774313606,0.028660270487969985,0.5363416148888758,0.09727682957069417,-0.21751480562230047,0.47533802195107416,-0.1985548569161571,0.22539495761111716,-0.4486766180856434,-0.025870055312607665,-0.3013395943354722,0.5370540482870131,0.00044250187740457747,0.4058690660078281,0.7469756673301022
-0.4666109899256593,0.6432505228934666,0.3416187451785439,-0.07203103674727412,0.16430707361976837,-0.24906921450793357,0.3435002043460542,0.17122103492732071,0.1442507452184867,0.16644006729889993,-0.523362951419345,-0.14446790144111202,0.11450801539829325,0.6292334006417436,0.10900557585557424,-0.21884727713395127,0.797819909721774
0.3790658339161317,-0.6272588692061043,0.13590515455909183,0.3382751986542054,0.3820970513803157,0.06249718530469328,-0.3209755998892435,-0.3880707491940829,0.08965296402176565,0.04085494649877064,0.22523378149168993,0.3512509224928596,0.03204843505909444,0.2684971594545551,0.06916792931117877,0.2575857871432514,0.6266632137518947
-0.5282039989846261,0.4223635311173645,-0.4110530537079635,0.37355074091430274,-0.13196673870372186,0.21074797551026148,-0.4986948902105286,0.5165588291332344,-0.13414935075401158,0.2967939300051823,0.24545434158985335,-0.23612362076913912,-0.31119962054087386,0.2043484740473286,0.28590029972272213,-0.5763575112476284,0.7416190073894379
-0.3408755718877403,0.003901981519655706,-0.14667775371620714,0.03534845058773317,-0.17436987697874046,-0.24837373059583423,0.12167396685975565,0.37251639361989036,-0.15019873307283366,0.42896233355371094,-0.06459744102926973,0.13975326329075125,-0.07328611480136593,-0.27312140879363106,0.15105518171480814,-0.2975213126122397,0.6128285418189455
-0.08934721004325764,-0.19375192691146442,0.16779243363010302,-0.07596318905383981,0.0757624594522685,0.24150960220843287,0.04177970211032747,0.2591756273577022,0.5011518165995371,-0.3777057884500351,0.22418416668634422,-0.3137972380198729,-0.07240376527831072,-0.25094606752234205,-0.3110655146179424,0.11065729950836518,0.534626630024277
-0.4083136820273219,0.342228328427622,-0.22979681871337002,-0.4274254490677289,0.08145817415488082,0.14372466011395957,0.2370558168454442,-0.24314851068751514,0.44458177359489087,-0.6413232674834268,0.2856887396111014,-0.027041185129809787,-0.16899863567765114,-0.03333689184925981,0.10312097237512774,0.6162122954285977,0.5983484858077666
-0.4091447830033005,0.19936027105936444,-0.013550338833532127,-0.33071787209663317,-0.2944763839309791,0.21024556037606412,0.4922421834624799,-0.26793577798358953,0.489092322662501,-0.13506006262773618,0.48518493610167757,-0.07449437538399958,0.12109512435222514,0.4769596092870255,0.3238582127840052,0.13749625866880577,0.5552201330585469
-0.24552662018301114,0.03938827082293245,0.2667759104100725,0.24890389612336805,0.19291649059179822,0.4087739059601362,-0.301069950214394,-0.29885194471193455,-0.3546837599123445,-0.05248732851287641,-0.6067724074229903,0.12727256330040865,-0.26423898362595466,0.14688133117716384,-0.3490303566914976,-0.17332059352622473,0.5771727580478946
-0.17226072448787838,-0.09457276895952335,0.02098333254262505,0.1928003920081235,0.02460344258434427,-0.6981265931895877,-0.3992131531887348,-0.1276055908484326,-0.32714357972970404,0.2127455592271068,0.23611354972660337,0.50291340352976,0.1263360841565514,0.2072120807480321,0.517783529638257,-0.16162469270611704,0.7959223886274086
0.5943863320580055,0.5048269497307516,0.22916503170099606,0.08352291765213538,-0.7313401652860161,-0.15087508228932395,-0.42744051400779215,-0.43261842292773084,0.47550142491966624,-0.14860352310913438,-0.06775725224228424,0.16778586544898932,0.1402642025489419,0.2025274308527112,0.25429959871914065,-0.20290217700168042,0.5797174835050426
0.12987402650721877,0.2726202097112726,0.10561899038286163,-0.06525164708501768,-0.07219020855573655,-0.2779809011333443,-0.06340562687148363,0.0055857120771796165,0.05575863755383516,0.5928272150234335,0.24811517400856875,0.2952643397861344,-0.15483291575385782,0.08282631731257972,-0.09810953464971384,0.09023597582190436,0.652468477147793
-0.19946871730935706,-0.15211620517735913,-0.05657283203269506,0.27730189294131746,0.17858936352311167,-0.017229967125718337,-0.04504147970112388,0.0033696668531442153,-0.0415146425002946,0.44841319296127224,-0.08294881021230521,-0.22205921677944118,0.20182355458972434,0.007950810654186735,0.34662533644751214,0.014149572436646302,0.6942076938242348
0.09097646362479317,-0.23564882954098615,-0.4004520083322368,-0.06125693467365234,-0.8779191692230359,-0.12190084919515898,0.2100571080467294,0.019548796866239948,0.555352019725633,0.34880440217636055,-0.07169917435325002,-0.5659551635627771,-0.3367105902462607,-0.12197102805067656,-0.010350349258018032,-0.16103614869310282,0.6518194736820097
0.2741313459390511,0.0587502526988154,0.22690398977055806,-0.26131415947003667,-0.4609208031872039,0.535717892563402,0.16836648310493307,0.22100518786468032,-0.03881060112322901,0.04086619074626152,-0.06612508234211617,0.4561757561257962,-0.47357726501568637,-0.3674708292843285,0.44486859544276325,0.25335179668125674,0.6624884674710351
-0.5677404440300613,-0.5501975195156557,0.09521244375257196,-0.3750485856953648,0.23334319763091377,-0.4279836514689932,0.07312745424861751,0.2923147962815977,-0.40409226665323356,-0.11933587528669687,0.015999824959484432,-0.7756423110108944,-0.01544274603674578,-0.2855165332459356,0.2592548625592467,-0.018340725521959922,0.2164192693856952
0.11199769127009444,0.395107549238013,-0.28723158050638786,-0.02864175864688434,-0.25519174626653923,0.28105020797243496,0.06981106067189731,0.32235116753041076,0.35416456831598875,-0.5098279121393872,-0.43825744366795055,-0.2442145637405899,-0.1636892979344174,0.338081317306256,-0.2265535763736366,-0.2628398192277762,0.3712339581913265
0.12250395244698808,0.07858770176484753,-0.3292145942117639,-0.6765616691656078,0.35580750490703217,-0.00878063023512432,0.15523673970873003,-0.2987172972440101,-0.35289271451093945,0.17030657802604732,-0.5720484537104019,0.7792322569374694,0.16115949818679698,-0.23528491063454116,0.03481796220418665,-0.13701323930819162,0.7282052401589494
-0.17417559049323503,0.01614481848791413,0.04828071599668929,0.13796015991038368,-0.02893501772825738,0.01671584190838571,-0.4047716780824717,0.1750083979488502,-0.13155967590022483,0.32688963497265733,0.09766328474257213,0.0868977739458778,0.48987476749879466,0.21839649514618453,0.022641728822060725,-0.20828020258723587,0.6412456259514543
-0.23897877524691707,0.0862665035190015,-0.13977439373001385,-0.30373260073266284,0.42356147413282375,-0.10133045536395391,-0.04607720427007224,-0.6248980141679409,0.5615939132266424,0.13238638720585705,0.15979502197302664,0.003378048657034803,0.11490867178995967,-0.02512461084155798,-0.27891115070528505,-0.4403422663727219,0.4655535512265889
-0.0998429655554107,-0.20795257848049298,-0.08871355798054367,0.22231984736415566,-0.29637583844314086,-0.05188897246812929,-0.22884011214470973,0.1571027931583447,0.33988506970351845,-0.15877452987424256,0.6410999539094496,-0.3145835351269112,0.7085429625711194,0.2903901085538433,-0.0756925779208446,0.5298220253120159,0.3064833917016462
-0.30250933882463277,0.10382703362781259,-0.13085677146524957,0.43298930322630336,0.21513674616881562,-0.02967026978460552,-0.11758476455913351,0.04056558064569099,-0.08683922873317532,0.5751056006142523,-0.14200339898636083,0.3412814165702016,0.3437724164241911,-0.07609114915009751,0.37577440209645296,-0.01863938263565673,0.8450653349159244
-0.040387681495568664,-0.36559489287665514,0.09830000894069699,0.6976967453633838,0.01724911770014642,-0.14296644439970663,-0.4587892850496039,-0.5999502697743769,-0.393165104660159,0.07295058359477213,-0.056531718866146274,0.24512041708169394,-0.1168499453550782,0.3099128568944779,0.1168268230452364,0.03219816412260161,0.7786185016195054
-0.35259123513409885,0.18466049045032618,-0.23068301103432545,-0.25831658160338866,-0.009743996380303793,0.5316127739068616,-0.10667261828027082,-0.17772913429823817,-0.2139676222304297,0.24737992426694522,-0.0052318599891875706,0.048740153686990806,-0.4242051389034932,-0.09634291318789656,-0.22406819028463665,0.49381253746578857,0.6937383333383417
-0.0374879114767841,0.36863743837039725,-0.3967008357830638,0.31534862634305794,0.17001923722676138,-0.011040297264063414,0.18143374655807526,0.24441123138393356,0.4637233018604544,0.08926444282995649,-0.32527289972212214,-0.1900860513370687,0.3486939032106543,0.40919346001018064,0.37550968577043065,0.5060662323366388,0.7192215351618261
0.12739891448462778,-0.29805694067645905,0.31386294887168514,-0.40421328917235494,-0.3951331602101622,0.39883070266455267,-0.05383319089300337,0.2462887575442096,0.08701948246523952,0.2981450064242803,0.19292895522312137,0.025204905214339157,-0.049459971650690326,0.33057565818911994,-0.2928254452593101,-0.34845581309340357,0.413313821161332
0.22347152377313917,0.4769522277523723,0.4965037386590896,0.07144975011635091,0.24706247716835616,-0.057415096200641,-0.3778369496505356,0.4762877019999577,-0.23427475209305193,-0.03904421861103091,0.3333895185187198,0.09898835900642841,0.05222514537618406,0.09646644972896173,-0.46700746328159015,0.12490770000787284,0.577819354335483
-0.2059249517263246,-0.061108480717443486,-0.0027996695260078808,-0.07748118743845639,-0.444800970693532,0.3559712635719129,0.4846217080884418,-0.5155933380545744,0.2809681123851554,-0.5886035964900445,0.0903431895849458,-0.1478569696461665,-0.51786885003572,-0.27791975965074245,-0.17206894257702976,-0.06642285078050372,0.6325004066913519
0.13416205862897898,0.14711959233756666,0.010898528891410547,0.3051431297372763,0.4186157246314809,-0.5563186789077359,0.4888365055532323,-0.20106260894518468,0.7661771788880372,-0.5739945713618984,0.1335056447895352,-0.1441178281490126,0.29087710328320504,-0.16478279244287553,-0.13102587723439674,-0.0012074552772253777,0.37769522989609
0.13557712754280898,0.02340321303467896,0.19882328832963517,-0.11570416545102896,0.16142490549505667,-0.03756435486448728,0.04638324537206085,0.047592983860348215,-0.08265479768554457,-0.189039806982629,0.15121342322480102,-0.2737384294209859,-0.0749780819810546,-0.23655596670953433,0.5691958730309775,-0.3057843379573607,0.6042169423389961
-0.32365163005646147,-0.0491945330723812,0.06506927519255315,-0.16090283059641636,0.13125644264048475,0.05718120364523738,-0.05018514277979973,0.33818332705529447,0.16038104108092247,-0.36092208352373767,0.5687026110184005,0.17018387295491796,0.13857004770078318,-0.02007514505058522,-0.023446134253710116,-0.45731537198658,0.1922112266846813
-0.5056408777518296,-0.3267719470767507,-0.10314152811063218,0.10840153498980742,-0.31630910259479683,0.026998583207274107,-0.3802843682450948,0.05715881995466626,-0.06008322061464802,0.3451451556758518,0.2674046744415387,0.24992364011027382,0.19952681362194946,-0.3245330674324334,0.34849119836445264,-0.2883295463214366,0.9563223626024242
-0.7143555009448661,-0.150502643398649,-0.46472916389520647,0.35412740717985103,0.18332653110639324,-0.19457389620955817,0.10568350700375391,0.011646523501797346,0.2118153062530659,0.19033213449974684,0.1981737701101004,-0.24187683484024997,0.32358968395411236,-0.3551737533788922,0.0005930625141308266,-0.06825944911156404,0.3812579518876965
0.7045761524325734,0.16108718960204377,-0.07924023416079731,0.3152202033443059,0.12025302456518505,0.3540891298979941,-0.05993450250300314,0.251377795608456,-0.23004113047079483,0.944235432269779,0.3620863398204647,-0.11121792277105629,0.1804196778874413,-0.25763458131236194,0.1288807621256428,-0.21537562175055855,0.7691028261987624
-0.28035832010016426,0.06703885185003539,-0.34537768946753467,0.16811069207872076,-0.31072345916886185,0.6056560149215234,0.21603294739100543,0.24672662473960733,0.2659717057157137,0.2905174784865874,0.33276301566066313,-0.006236787772074252,-0.2912538866947224,0.006427723472603508,0.04079703003316271,0.07901663483533418,0.7917275485131695
-0.4694038957941623,-0.12092244780619707,0.5358892761616904,0.29844710317755163,-0.06437642763185372,-0.04418295868616706,0.07288788083300252,-0.27751788641102615,-0.14411866274659485,0.3913659851597351,-0.20934861777346128,0.04001799312502133,-0.4732183147287687,-0.28052000917293135,0.3830857176359447,-0.26205370406146944,0.8341429431209837
0.14018825821157213,-0.14763262714133113,-0.24469722977773786,0.043140411531457146,0.2871794889457527,-0.428427532370638,-0.4997103910695758,0.69292087888235,-0.26740182270448937,-0.44552544630061774,0.49036624283038543,0.11076424442648447,-0.11799026313993777,-0.18375323114805178,-0.1915313429899982,-0.12664617612388476,0.2571169901301725
-0.004568476575273331,-0.08397233177513871,-0.21585267457183474,-0.24079855473210168,-0.4126108325162108,-0.019025285652678803,0.2657478088730688,-0.11369551747943801,-0.11264184050184606,-0.3742339603475373,-0.3050092553928448,0.18508497966974677,0.13888269352888916,-0.09124300457543899,0.2610785597001569,-0.019857379392955454,0.5894043569082564
0.0875671421159019,0.5319228127579589,-0.45392956671607443,-0.5729615052497965,0.26127563012780886,0.08009091360281628,-0.11133940274606809,-0.29531737645525513,-0.22975401234832904,0.23467795443665107,0.25249163099433314,0.0026193359939423663,0.3841433846892036,0.26624358731229536,-0.20228333517037977,-0.07259942046920054,0.7027842916593978
0.5723494822335212,0.29892477379647814,0.22387795771774172,-0.19135983949548402,-0.12127644658441986,0.5158422974023825,0.08149095687462471,0.0701591803911486,-0.2514952156914598,-0.3593884571469188,0.2135046357673025,-0.07439538362748309,0.24491222102995203,0.43510929004606447,0.3242499522737895,0.1175403740650302,0.3821923786111449
0.27972546211944016,-0.21315194210927382,0.33883210053551616,0.04850238300069737,-0.36445781340243044,0.21896575866401835,-0.4781363154204542,0.2556863950449078,-0.4817681045642385,0.24290900081364475,-0.10256602738907394,-0.37885178030143407,-0.33801649530970623,-0.2179491147735514,-0.2477436903274579,0.45704573129343273,0.4282720016600407
0.20425569812254238,0.0033700753842357267,0.42475598853723256,-0.5366353858997746,-0.37494778319037725,0.4241545760322286,-0.01690418006133241,-0.10923073855001048,0.3249740833572705,-0.2310934757245543,0.8368339300128785,-0.12664170185345874,-0.08851973581731154,0.1605991344351173,0.07269451850462916,-0.22453607652787835,0.4118756335322652
-0.1461088858036338,0.08669820108866066,-0.15767108777653557,0.2505658935351046,0.54028825724343,0.00649752020994987,0.16925854870664309,0.6455933124609654,-0.3894260327657291,-0.14937254531548405,-0.0558326166805761,-0.04976598195581126,-0.1808453599485035,-0.05524473897366394,0.06776059560935288,-0.4203746467960894,0.3605644918113073
-0.1279407534971546,0.34827178913322127,-0.5908299250207236,0.25197826675985024,-0.38425417452283767,-0.10914849208520144,0.28333685391486185,-0.016507313100970367,0.34729230685412127,0.39072839464023024,-0.14528286142882202,0.3925774439709242,-0.16855502417588286,-0.1387843140892439,-0.003824123114786193,0.1601591720212807,0.4035106965678339
0.044227966854133854,-0.6106432336997621,-0.5870010004609503,0.8391672701873529,-0.20579348886635113,0.15848253120920597,-0.20741610174987496,-0.12433297082168648,-0.14943909765480307,0.3910604348835267,-0.3863576137663515,0.3117748092582704,-0.13727500334274817,0.0021089882120959302,-0.028657616540409325,0.21793168120894407,0.4930072137584971
0.017653129589450613,-0.54522843860318,-0.4135652831864932,0.2519007649646786,0.0529601334418599,0.10782238190575,0.6253429618124458,-0.03165525471672004,0.34813479235181766,0.29264188616427766,-0.13848635776115154,-0.19223114853140086,0.1570042767652503,-0.5026305271497356,0.2373880472301576,-0.18136761762648343,0.327520096579699
-0.36140360584576514,-0.6775356206794501,0.41439044834573935,0.08654128281373452,0.3606877722695133,-0.19593592872196486,0.3090937195168973,-0.010220798787606011,-0.18405305981726405,-0.15729331835100602,-0.016597398442981803,0.3280018356814365,0.050590029790237745,0.11158587502443118,-0.12348839170699688,-0.28157778036526226,0.3994545103773468
-0.28138009962880955,0.44823082073925397,-0.16001506497384296,0.1896358219987847,0.006803910786588624,0.4333540735738758,0.5838428640210145,0.05998954673369988,-0.3095729934666857,-0.2685238939672918,0.2671279636024422,0.5579793510907793,-0.267871652261397,0.5583848889337548,-0.006050124817406521,0.20959174871568512,0.7218340581867742
-0.0906259380176644,0.08488718596272649,-0.43048796384550314,0.721408479781193,0.12802195454270043,-0.3079651620367565,-0.42160800867072196,-0.12951819698526412,0.0027596416685246317,-0.03011223087053594,0.2591524574181937,-0.15918235983913082,0.12773850881525772,0.326008798739037,0.11985546174224815,-0.0572729881191765,0.6670096123014316
-0.3605191509189632,0.4605880903381426,-0.30244069529871365,-0.09079172535792118,-0.5848900409158426,-0.13200278607075677,-0.032257202579211455,-0.10538817335953765,-0.48891948230766974,-0.4280577695865748,0.3347620431533821,-0.05794861310987659,0.1362354495321424,-0.37797002895016224,0.12249777927833894,-0.07999821012633551,0.9247901172690988
-0.429291105265847,0.2827096100910648,0.467124216855533,0.04573812902429314,-0.18606615306589888,-0.24840550967356173,0.28056072916635455,-0.10912156068990031,-0.44844702693461597,0.041785929067455596,0.15618400450995107,0.529100321786136,0.40765902664296216,0.27032808816071674,0.237760772079607,0.3709698855908285,0.5280961857676176
0.22935846264224488,-0.2048174967432199,0.11129424377111408,0.5268877990889363,0.23681871181837905,0.11076173648696785,-0.19025068540514822,-0.4448944410514679,-0.0692753846521744,-0.6148605447504989,0.11334335060858969,0.03740189357921189,-0.17159956688082537,0.15567357550675465,-0.11905089355622,-0.00919760800206812,0.1995232177814759
-0.03010337339890304,0.09556904708945835,0.3190993635654826,-0.29018732542993797,0.1164544235850139,0.02629340410235992,-0.2490067412895916,-0.31906748386833605,-0.0008250935184276609,0.24421845467931846,0.2057435678806563,-0.5897493501481161,0.07440366778272839,-0.24476941467405733,0.0013570460569426457,-0.1471336742816334,0.7371625624238948
-0.5819183270325342,0.18687423359748145,-0.30480795495657975,0.06006156206273505,-0.3541381302778633,-0.4387225561389636,-0.2767634926227066,-0.2208447107280775,-0.308975161352021,-0.43259548768708944,0.08414387969632453,0.002957898046839963,0.5429288533784284,0.1712681451029866,-0.04060496944905034,-0.270695236051943,0.3776853726785606
0.019988491995418245,-0.020329806082168445,0.2957731586755378,0.02248131330649611,0.0029838196675918693,-0.015741310784888496,-0.12844191175723874,0.47596050943545637,-0.13034397995432262,-0.15398987142393017,0.2962687198645969,-0.5648758405800857,-0.46413490508714345,-0.07901557869292558,0.582704169489168,-0.2964709373080303,0.6369307050444969
-0.17309776630904833,0.01909224540719104,0.5339437665955432,0.20289900521033033,0.8859301032547554,-0.14963603854803492,-0.35345822304919927,0.4302828736133009,-0.11386979253064577,0.16986573765738844,-0.3329835276620851,0.005695699078857752,0.34695574313395305,0.19562481743399485,0.13569464384459706,-0.21250014310412033,0.6003261892872016
0.29112897635165735,-0.1928082188065445,0.13073726602936167,-0.5856019150018914,-0.06991668793067884,0.1603360847464551,-0.3526395956610548,0.43461912897817895,-0.09814435612437294,-0.06951756119763641,0.4920523619564662,0.06709515508332692,-0.44346294354853044,0.24293411946533616,0.0619330717177321,-0.04458694071513211,0.3257493920951347
-0.8007376566204478,0.003040181570952233,0.36386456301607456,-0.06694838678794895,0.1764496798406256,0.013709265033518658,0.08220026288814583,0.09113855141215282,0.1570643776518358,-0.49007249982443013,-0.1174755097517371,-0.3060083859344729,-0.6184901068835663,-0.4038221012968969,0.12550083205372153,-0.19703835279937723,0.697813078131403
0.023589084216394038,-0.5546038088257,0.004555366304810654,0.554456374370319,-0.1578526663158974,-0.0767588492368394,0.15539135998067316,-0.12428671878626896,-0.46185058846651944,0.12392686014230136,-0.16964047191239873,0.08238166518366168,0.10740555127830143,-0.36456536919094373,-0.2699087975851695,-0.485554610154621,0.2696670819452549
0.3905217439649881,-0.8126430840408361,-0.1332334985241125,0.011799125003084998,0.21314562203135862,-0.26945468255292576,0.2988140300932306,-0.24702682637665857,-0.28829537173479053,-0.17667348760055324,-0.1847938269949577,-0.10163295529258014,-0.2314252838605177,0.11461982083609512,0.5013446873808577,0.24709828363720104,0.287546148914885
0.27383030318404844,-0.19332946384109073,0.08485118130823957,0.31966966617791104,0.28802982356191914,-0.024568594754138418,0.059431795514986535,-0.3871643277861887,-0.5344828652276992,-0.23746400518205946,-0.07422465497330627,0.48121822280744875,-0.21440106119933103,-0.30749239431860464,0.15230292128485534,-0.2194689703558089,0.4209706625504869
0.33823766998592997,0.12403370006354258,0.21525832347570967,-0.29979417073861636,0.09528988804326227,-0.23619850647218127,-0.4188940962845465,-0.006649717144651901,-0.009956246616262099,-0.16479257037603678,-0.028171255264315187,-0.32725299046423184,0.2295796601143575,-0.28575236999867076,0.7119525141942867,-0.23840392242374672,0.5130569691473618
0.1622957936270318,-0.09376280490496514,-0.5102116015317423,0.417057551103143,-0.13402528007809436,-0.2535104833101679,0.3663154948303879,0.5084465301837502,0.2700214266259341,-0.3123320922748053,-0.05898691635410158,0.1309460230072417,-0.405349182593785,-0.1691747258200659,-0.023665994701013604,0.38505789047214334,0.5057562470312942
0.06679717577188748,-0.018450234842411484,0.138257744185888,-0.30083492092507125,0.3565968482678278,0.06537394945380215,0.37986218119841103,0.4903340261940083,0.41256853655744685,0.13970807713035938,0.13428578218684284,-0.143024163442313,-0.23900656272435772,0.00013832015807124787,-0.36969605784882686,0.04138664518160129,0.4665098939155843
0.37891816173592247,0.6675291810841657,-0.28479129787323476,-0.1390520956802881,-0.10161155299364381,0.04586896957647357,0.03992703339035521,0.6626220824114526,-0.5800919166304792,-0.10984945493520382,0.3087480604805297,-0.0887756658859473,-0.40426774634839274,0.24838489057297775,0.07608088838611338,-0.22224120673392653,0.4432257332598359
0.08228510677196191,0.08796910549992787,0.28025958211936886,0.13711103786430112,0.40506368132133375,0.03864275654544769,-0.25922542867656406,-0.03491281714444733,0.39352449567193254,0.1365787258432174,-0.359276060404052,-0.238968717624094,-0.3406921315646922,0.15326736108165318,-0.025417697360293978,0.037994536988915556,0.6484196321583315
0.10484228191195441,-0.012862814447881787,0.08467980782608617,0.057071040444369614,-0.3385349687189182,0.38977371141131745,0.4072887296877114,0.13548993986883257,0.06285148688597642,0.054028589091649204,-0.3403353607388895,0.4554872685838538,-0.27179843829886136,0.5329966288059306,0.052696071446498016,0.003204198203812597,0.828962727737139
-0.5218407202770498,-0.032203386469773054,-0.3891957033028428,0.2711648818259862,0.08317457285914404,0.5077596953097668,0.4082542983520995,-0.021707585647644412,-0.11071067344976027,-0.38841453132014403,0.32627407675445264,-0.008408590439475085,-0.04791578413442632,0.2404021817300278,0.2542498062111943,0.15435777384561525,0.3953252776407073
-0.07178206316908856,0.6123091674348013,0.41046499369238254,0.4775996696698541,0.26433477924893223,-0.21824817640399713,0.03060100866195221,0.0534887645779733,-0.5879780735785498,0.01468736525071912,-0.43539576380446954,-0.5302798535562765,0.25062680089442924,-0.15599154162604567,-0.12301270516274398,0.26480502833843816,0.5014235643636593
0.2838878293922409,-0.34710645351169367,0.7617215897467787,-0.4868865138449568,0.3432507513954013,-0.15327993733607853,-0.25060564508927596,0.047344204835867376,-0.08209400917505544,0.06405755297695248,0.36214359783980377,0.2477308146205809,-0.33399920387049675,-0.21073317607911585,-0.15317834880255343,0.08670873957274736,0.3483214316199861
-0.10330342721334285,-0.008928699477195795,-0.44823545458610725,-0.1780111681064125,0.18643413321178592,0.1741152118258511,-0.43700542202176523,-0.3031320578896583,-0.024324272539152286,0.7634218783644766,0.42231295771959954,0.0740728339392961,0.20864788115045374,0.16678327439921503,-0.12732088308430267,0.4444290035814126,0.8197796716968633
0.6046675952517664,0.4030044197948824,0.44857033959729997,0.2622819392789172,0.40404136694149817,-0.19987228284858033,-0.0034964836416757003,0.231402405965281,0.04183319917801186,0.2872976433399197,-0.35831480321648335,-0.5173527279911676,-0.37623262398762297,0.3228333648163336,0.2723248577044487,0.3350585040893316,0.4822748428138686
-0.4018768550247651,0.15642507802152666,-0.24818188977317177,0.02852068338867625,0.3396234355868194,0.39433022341132384,0.25736151518016753,-0.47773262640138514,0.11840233947767775,0.2275119588824135,-0.32215196680182184,-0.11723211943152761,0.002371785927022141,0.22121078827949947,-0.12687146835380247,0.13124290678334996,0.676727836367672
0.24214997882648498,-0.500192104572692,-0.09706890105987312,0.015381425823707884,-0.09775163431993822,-0.09133575149801776,0.12055319341016285,0.2233455942617935,-0.22104075758612118,0.5344737868638954,-0.05341639198508241,-0.39305080921972724,-0.2330321212523041,0.47409595665877635,-0.08229925231046031,0.24930025494706465,0.5202526799859999
0.4165735448329654,-0.3193903349199534,0.5457463723560837,0.36908728338798413,-0.8696707416331751,0.13369173241653498,-0.07855512979309731,0.04208709376522307,0.5725953065567967,-0.22245760552256655,0.2366863669748358,0.06255108685541493,-0.2927725912088558,-0.052375012840315704,0.3168125971587906,-0.14274041745300828,0.4292836390568037
-0.011317189703052552,-0.6697532011931411,-0.19815535385492836,0.10661075254234076,-0.03996282830987785,-0.03043127959878411,0.03796855584063379,0.3831988793031525,-0.11148546138114507,0.08719604480483678,0.25305433688313905,-0.19471823421883197,-0.0892742387792238,-0.04883068151334724,0.41127743912167924,-0.11310239374821754,0.5127313552745992
0.8528528065540937,-0.055706029468856805,0.2569225280306781,-0.29425351824016893,-0.0262394704967244,0.06839155120901053,-0.12108608717879064,0.3116007910340695,-0.07447709801275479,-0.3859120925787123,-0.3197232759248013,0.23597404326750862,0.017799856289332616,-0.2975626216544675,0.3138512932339036,-0.09665372388521284,0.5120387095505847
0.07025575867184528,-0.4761313256233857,0.23156563486418646,-0.22111825250117106,-0.10745966351210234,0.3212429343879516,0.1889934666718368,0.030530388244517648,-0.15606409957693712,0.6291499247054824,-0.1396683652707434,0.2313597105225467,0.13444621933599887,-0.1922143669865317,0.016446774357482874,0.0389168989263268,0.7112226234170652
0.4004156416374715,0.3003097977025841,0.4512111522156237,-0.08792914429759552,0.008041654370638113,0.1570392611138126,0.26031073540242583,0.4882382056408949,-0.30838045390204527,0.3146173630617719,-0.32310859520568347,0.22322055176445196,-0.09540978719184079,0.23517119610040838,-0.09049536122140622,0.13899122448481538,0.3866061978751924
-0.07571089157043556,-0.39031594008801435,-0.47487084100722576,0.1803512147994457,0.2129201314337298,-0.24318288676241967,0.0009114268724981361,-0.313955976168536,0.058903410630261846,0.040855930680727015,0.07005504394189216,0.348138312404069,0.08345115421880883,-0.2016023059873564,0.06496002995760508,-0.24300437860393,0.6140696278280504
0.4221740857646234,-0.15977555584506298,0.08310345754727541,0.3091770483937675,-0.24483241629875008,-0.3502085596684834,0.038348060524248516,0.011989730141417076,0.09998986866905679,0.05138634764966077,0.3146229821427736,0.02781725042053526,0.4177264433572888,-0.10715210842210726,-0.05150145756377211,0.005482645836598771,0.1195737468332035
0.11209937141327098,-0.050303464629017386,-0.304566006777532,0.8478945904317363,-0.3367825338558186,-0.3171241339700244,-0.34988336928300084,0.4569810397114293,0.4164040725301286,-0.009987111305139518,-0.04988455995894586,0.4980401550994885,-0.3756513766317344,0.014407353227073094,-0.46415471731885827,0.17764917237270678,0.5868996350488828
-0.12431517850086735,-0.35461643936352444,0.19568943651904175,-0.6646922070599403,0.1331832941828759,0.571634511519966,0.4177778540012844,-0.06475407017763529,0.11555145088673079,0.2496025277859666,-0.15603576236655725,0.2605344426982398,0.15324588767158698,-0.11857578977363625,-0.018911597959225368,-0.11843637845584384,0.4160476448897485
-0.12686200042544515,-0.6838033354081992,-0.490833407322276,0.48064553916942565,0.20644954779096508,0.3062776548506314,0.04373611254362272,0.07387067337350556,-0.02554267404314675,-0.3575435380483325,0.4429857765962516,-0.13338613578801944,-0.014841018688505292,0.10377771224699667,0.03687443296768744,-0.015384785129397366,0.5403853098927075
0.056057324568329986,0.06784508127118871,0.03051430097644564,0.5576750502464289,-0.32754125296530523,0.0874477351852524,0.1909586543776577,-0.1274408916145484,-0.023690744620440185,-0.09252783924081665,-0.1088339580936088,-0.46195849443004267,-0.014899868331160693,0.22825096436233905,0.5535100498446933,-0.2796189557583615,0.6639177531994341
0.3234638112565949,-0.25617487190613847,-0.553407036133094,0.3311772032141249,-0.18901856771262765,0.23490958865988765,-0.09336860736439816,-0.24125425079980875,-0.11472472695505853,-0.3402920537783053,-0.2728854397249373,0.3822763970003483,-0.19498235763286295,-0.15860597441723687,0.5203427800690673,0.05732682200201503,0.5452749039410905
-0.3731077701763902,-0.1149942128032696,0.671816802742819,-0.0009706889449994094,-0.5212558418959301,-0.2949959795443853,0.2718232197688594,-0.11145720404857712,0.0645635963255045,-0.3257340680299764,-0.2361962421885875,0.3564732741256611,-0.14196904825823464,0.10350587524418825,0.19634897688543107,-0.18726373195894705,0.4015210827780351
0.1600206948442952,-0.1748632788981456,-0.4218350740376,-0.47968388199966777,0.6326838578639092,-0.07650213424284946,0.02753183382735528,0.27507168495104,-0.5778155632002457,0.0288863431762707,-0.12538932587226953,0.08343648282861267,0.1705823387910418,-0.012850327837265918,0.2776423493275396,0.02722052355472676,0.6811492966911517
-0.46829619544323364,0.056604413502579,0.35761773749434234,-0.3289340686767252,0.3134416703493612,-0.18913793459439887,-0.2510070673654968,0.5033520659744417,0.13298960842946503,0.3393303854165628,-0.25096260099047885,0.12317595572991188,-0.26800007751612936,0.3188631578874598,-0.42679584870495324,0.3976166173951594,0.6217325786653916
0.31829241655275015,-0.2340012861578252,0.3780705486668685,0.1805570069044018,0.33235829085966095,0.526296538361177,-0.2027744127128821,-0.07022533019001276,0.10189314040665025,0.03139693397734389,0.10455034182441314,-0.676315312480875,-0.28393617151659833,0.34176867743730244,0.2384457080561041,-0.031370881233012265,0.5840111416140688
0.07789974423698307,-0.41944055678896236,0.2966030692522105,-0.2613263491031229,-0.28318827995037443,0.043520897560974436,0.30377572373725675,0.18729873816236858,0.13540032191084722,-0.09635291986334305,-0.22592414345267248,-0.4726236920469242,-0.18214326961075744,-0.25631975267135787,-0.17550947011214457,0.32371658345634646,0.1349191128367574
0.26810599115155154,0.2906605478977616,-0.1434939310086045,-0.628758304503948,-0.07775781459348383,-0.05725983276795776,0.07268855870127627,0.7774308647287609,-0.07029208208399512,0.25401689819281503,0.0075715534510109594,0.06759131632415524,0.20793204730823478,-0.4006199687562462,0.37993871594771644,0.10545228209753729,0.665302929419463
0.32694674931265527,-0.03965621069077302,0.26994725424117144,0.34305107235789845,0.2186744744737098,0.4283485215788413,-0.1705965794314927,-0.0731748103365274,0.3734168142479971,-0.23238254068736164,-0.22599773578297008,-0.6654749593259318,-0.39108596209548807,0.008524832805137772,0.18904436027739335,0.10690737083945574,0.6347514335377308
-0.01809649872857043,-0.2243524823226697,-0.09175704056521275,0.32250557037343686,0.058281961282710903,0.30503938231682437,0.33083242361443027,-0.10751729795936765,0.38182965506105754,0.01492895359297175,0.24432271576999143,0.2582779187182451,-0.1769768364645813,0.170389217898539,0.2333049087375635,0.009098441280533859,0.3884902879075893
-0.09389641010513344,0.019675395058334155,-0.24324882220240354,0.529443287158482,0.25249882689593944,0.30929446732883403,0.11772432351719438,-0.10675823969759812,-0.30629378530271417,-0.35679702855566875,-0.07875633793709708,-0.19840834276212238,-0.033631502861055484,-0.10521859077813028,-0.21599279786664904,-0.08790550447731957,0.4222659612850155
-0.17301254614625258,-0.316310295527405,-0.18225070975184007,0.07610221701194708,-0.5600709991041146,-0.0642007994080992,0.10098847399333721,-0.3317989351027453,-0.37211961114008624,0.16736063578806193,0.35123645438023343,-0.008812499594564583,0.1136296895099641,0.19456209307558314,0.030905647310079276,0.07214960311473706,0.3586517360685451
0.8323469785037315,0.2375356773958513,-0.04655536154907999,0.5353094171776877,0.3160867852042546,0.32306025573254704,-0.03479006492606081,0.2560216750636784,0.20690669426803907,-0.2804268915343838,-0.33577767285487103,0.11154764706739081,0.4137059048591962,0.06862088247804221,-0.003784283425141699,0.21995395285852276,0.4434179309551843
-0.18526257751745004,-0.3081540143196939,-0.2210123183562637,0.4223339373741951,-0.30997204917469795,-0.5866315143003618,-0.23128057271128677,0.16360460232685042,0.023447110631638762,0.057739431680999376,-0.5703243907011544,0.24437523211772247,0.12764751890745152,-0.23430798617370346,-0.4934314374496114,-0.16142056114217404,0.3131717739720825
0.099339474419801,0.1492961924776332,-0.3181103109290324,-0.2970738096885775,0.26906538017044446,-0.46465875342598384,0.032360831011423286,0.02025133825606512,-0.776174675299089,-0.06356522282278387,-0.11121778856940362,-0.3394862770679933,0.18282938470841947,0.1402445363735616,-0.08226978118546024,0.10231999137771433,0.4251681679588089
-0.39082391571865316,-0.15052001196669784,-0.35691543230673073,-0.32136232089064026,0.17433291123459893,-0.2519220254273846,0.37075697439515815,0.00020002889166770288,0.018940560061733558,0.22377444594165707,0.39366634024592695,0.12747017705360109,-0.5350304942151178,0.26265322673798963,0.18854324719766724,0.5255053073369647,0.592740864268952
0.1013829356570345,0.28443065308301424,0.1728014446379254,-0.27519326747037287,0.1493548092591968,-0.0721848521360472,-0.2519845769809581,0.3942821556036132,0.7206309180573527,-0.05696806572898483,-0.12499998685515096,-0.3309475531638211,-0.37739102862436197,-0.07662463781653112,0.15408418787297473,0.08364708448003648,0.786742820065299
0.38357225237599823,-0.024151067273387894,0.8399726731300179,-0.7738587495920297,-0.05555215597128746,-0.24339319477706023,0.2919960847756396,-0.3028304397116414,-0.13282421382462367,-0.03219177372898829,0.21885565990548805,-0.27076242275350504,-0.05316264007284505,-0.3773801420518926,0.029935389231647402,-0.48568201521705867,0.3134144034787907
-0.2245418585242177,-0.15999189355672577,-0.04448543147159387,-0.24129230489796227,0.034138709520363575,0.19220827582908673,-0.27001901140908463,-0.17143566901066837,0.39874261352383733,-0.0162120498831122,-0.36386929383152394,-0.4731286581304638,0.48721906449956065,0.5041827634271682,0.21383238087779166,0.0465394370618302,0.5827341591302273
-0.31467113838953387,0.030633202397273518,0.005481620515224134,0.04730694522522888,0.3559258336335043,0.20619550258873565,-0.09725115089794749,0.10849756252407677,0.2889113887678329,0.8101226332992104,0.017511017682521557,0.3768948742007642,-0.4076043917185372,-0.06556302819843707,0.029827363557803688,-0.3720014732341508,0.6839775409896041
-0.1486070889823678,-0.3116332920991067,-0.20891637156700685,0.7975160379735404,0.009484269227037212,0.07726665802007338,-0.06688876689785284,-0.45284441880314935,0.17655914268667477,0.2690935433289079,-0.23833099272071046,0.16385821315203858,0.395854126748195,-0.25706188921194195,0.04775330467190131,0.38269493037274616,0.8416131998997786
0.5721354437644989,-0.4536944890964263,-0.08554890054387868,0.33651735035634156,-0.05950420840249293,-0.6179391289628829,-0.03510861175743203,-0.08570760583472364,-0.2559314510868437,0.05625314284435312,-0.37574307227260556,0.2955093131012847,0.14446671098426955,0.1109894092872688,4.91854987918483e-05,0.24390882064266217,0.3227299771808198
-0.20153591631246343,-0.23121299447566532,0.18815857610439454,-0.1617635084243052,0.4918328419086121,0.3827324804494886,0.2781941897935587,-0.04079585858180729,-0.1565021456783921,0.058928135327869446,-0.24633089559949137,0.022834878167320993,0.04185740145069655,0.042563477555708495,0.4021074683720539,-0.5831492209415443,0.7456979924662751
-0.19030299263862915,0.3315438596865266,0.1372827602758297,-0.033079379029664346,-0.5334259602877214,0.6277767134665232,-0.2402699214397891,-0.118773194787681,-0.25954059600371415,-0.18485526268550034,-0.2913375326887736,-0.2288647464941137,-0.03977877742670666,-0.4434790149959195,-0.09285226116873402,0.20363751554779264,0.6416381276016699
-0.34978885612903315,0.09146199419704248,0.09866782762743129,0.08915652414432196,-0.12363590250407443,-0.12096077505115521,-0.5848944784811672,0.12381604312115763,-0.08205147148884476,-0.6451949753711212,0.11406335936485457,-0.2676071574093969,-0.16454527558187565,-0.17604118666382168,-0.190170735600115,-0.32190856824577685,0.6141591489339775
-0.6429673727157048,-0.44717698762317815,0.20482770167874076,0.13380697976702705,-0.04058797357212138,-0.15161230860804964,-0.2906548947175943,0.013652864408723486,-0.04727291391797203,0.8837674060743494,-0.2747664242855091,-0.21663263943284897,0.24039436295020222,-0.2423050306641676,0.11729070822567944,0.22550231200092374,0.8087016927919457
-0.09558058429350011,-0.19025548304081918,-0.16546049451694547,-0.10063692661016416,-0.21032110471318727,0.4149008322064708,-0.08898807086495626,-0.3010120953593275,-0.20827794256587556,-0.04438076042285033,0.3516372956953837,0.15492992805782702,-0.39281398349917906,-0.34283947264816456,-0.43633300918292894,0.47733295786245633,0.4925659393592119
-0.2503872587599472,0.033212875427448996,-0.28078715030132917,0.3244722714516366,0.22648528413316193,0.4313592228758484,-0.0576446097642027,-0.45304388332850865,0.17442067310628528,0.18608875000013114,-0.08194167407877889,-0.08139774971673056,-0.049557821733284324,-0.11148432821949539,-0.1538188955408184,0.2294691189962763,0.7764646506757691
0.5392708817104797,-0.17801907199717226,0.3307308919289311,-0.40330844862536996,0.02838227940696128,-0.5021539560867503,0.6304663404100297,-0.15480769561529872,0.5121296973689172,-0.1794121914092932,-0.340584941743997,-0.2322119269732892,-0.2010259045736742,0.18064249432850943,0.12436002227487963,0.10369582308023059,0.2298094211949506
0.2690408084052549,-0.36544463278006534,0.6768276083145527,-0.5485626174869377,-0.4328945909799894,-0.2995646956462314,0.2595494207951402,0.12224293114129942,-0.1428147317815004,-0.13964859607468416,0.10151318683231902,0.04197841043947381,0.1489929808759437,-0.029914280824394623,-0.24671973718632267,-0.21673216469280068,0.0
-0.6023909744575596,0.18987259305628557,-0.18254320418644585,0.4083868073045217,-0.35452487856147197,0.216014112186394,0.12508741471375298,-0.2869502495496741,0.5651189582898799,-0.16285337274189193,-0.11077568729554471,-0.6661347587717897,0.17248729014134623,-0.35133640514705483,-0.0772867424038498,0.22962832284367451,0.7016803670837356
0.06735023134256769,-0.20193532240690903,-0.23181332006982805,0.18036999393151,-0.24181476644697772,-0.14954068777608714,0.2374559207592019,0.24980757602248366,-0.4237795308773023,0.08921232561121117,0.270295933367412,-0.1742363760853191,0.01134409057395297,-0.17695174752230375,-0.3851830737920542,0.1756876521762731,0.4418763736776614
-0.008984114622456518,0.20940675052655278,0.3356196242523609,0.005724194364179813,-0.6500240969608645,-0.2080149144783594,0.8268462145944021,-0.29847769670454877,0.22315083958329468,0.3376529531731367,-0.018275901221648627,0.054321074402819566,-0.3353125004786266,-0.17121028180597456,0.43253903336808175,-0.2975416091790666,0.7942024065716945
-0.6348866339467568,0.19691077932890733,0.40070485940133066,-0.2338394731846988,0.23321977760680884,0.11794958507388886,-0.010019453177611354,0.2801274898962039,0.6659832926004472,0.17290349855909937,-0.2667282560140396,-0.030606548848823988,0.0472793275482325,0.24385776622281063,-0.4906738710725297,0.372236694168243,0.693717074673714
0.0827990711571768,-0.25066412961527246,-0.1325039426963203,-0.37143374291668446,0.03884352886537967,-0.07582617828335658,0.47500967883675027,-0.4100398845338367,0.2084434903196431,0.2954051176038641,-0.33494107565419373,-0.23220504310375253,-0.003716181690318565,-0.08999678972745506,0.1582370857394445,0.5047445878246037,0.5416619949609809
-0.12860467374474563,0.14603345834803416,0.28286040748655206,0.20293883530362267,-0.5959647900843774,-0.08204138049434417,-0.21526495298475895,-0.06510033467182103,0.18965703535455486,-0.05906659568577366,0.20820470582351414,0.3285005469830976,0.4885734714121117,0.3602508474999333,-0.23351055493199158,0.2613320977635512,0.4450021826441797
-0.15544561385501787,0.14727609426947563,0.531948080483935,0.4723591933480976,-0.45531502399083035,-0.30504831599138904,0.13836630692912177,0.3648349501346137,0.3905325321160158,0.08941384525910712,0.2131573061371662,-0.0706870255647383,0.45062456389475536,-0.11248185802469457,-0.14305687092701203,-0.2991358416853451,0.5022166322257512
0.1926104144802369,0.2004969228607198,0.0009841277980919272,-0.5852710798671957,-0.2833170935601522,-0.720529479961077,0.357969204237146,0.3958060108041596,-0.0693706928121901,-0.1868102953872105,0.28439661974780317,0.0929123850779853,0.3818079910527664,-0.3082472053782095,0.04111967880156042,0.08246755660925664,0.2398509007070883
0.21751624883266976,-0.5758655525837579,-0.06674961289950479,-0.46683111463170734,-0.5929586287616384,-0.3173865291380883,0.3043206182732157,0.4968990313991785,-0.0519492094669064,-0.20229277508243626,-0.4007052750579475,0.12993752161137925,-0.5809202089749883,-0.26012654007132263,0.11066019396179827,-0.06859369913413155,0.3023340695356731
0.04827499769078236,-0.0015437525797133422,0.011051129601840737,-0.2550646037033848,-0.4526771067511176,-0.22188870736295674,-0.07434394458325734,-0.5201895439052776,-0.47147577826388737,0.15323208944515843,0.1913386442663234,-0.4108594256149837,-0.25106440974291444,0.10128612512350116,-0.25540483295886807,-0.4205972519566845,0.4170115040162016
-0.1198820602366572,-0.44704950640801844,0.14759163387240148,0.10526605450804305,0.291925362343071,0.3209576551951645,-0.2181102734900644,0.21536824461136655,-0.38397757395721926,0.06451250620210369,0.24308918782205435,0.24566254490140613,-0.00662505090455201,-0.2805949719500272,0.24361786389835738,-0.04866384122818079,0.5650199683495675
-0.12085951339085704,0.008226560471014138,0.5345693777248424,0.02261014804186584,-0.052853726575641885,-0.3617854781884407,0.8549023993699475,-0.3207425444406612,0.06882866626470491,-0.1959314202156649,0.14721622450892125,-0.16508424027451823,-0.6121344256560783,0.11729646391924287,0.1541263050011682,0.2560044408112299,0.5121255431525604
0.3222817922478543,-0.07991657076899902,-0.10513767569665958,-0.18766832435559788,-0.07505868037745037,0.16818029835162818,0.12762068547252176,0.4351238993754541,0.3448319055092735,0.0074518441920934375,-0.4771395774137548,-0.22530945319372855,0.21142678619420896,0.11324081174568296,-0.2833552882234954,-0.07564382487975999,0.3833900525317902
-0.6114889515899717,1.071594957740992,0.11376989252207194,0.052059193993419184,0.09411782527946855,-0.32970784654146773,-0.05692044666359236,0.23471928643734802,0.10971976082156584,0.1543437770239504,-0.14306283862971508,-0.14193693548364855,-0.10824284590622729,0.08348485144387613,0.10957906667047423,0.0054207444393106485,0.7167807485097575
-0.042915129629213275,0.38964438089317316,-0.31462554988166314,-0.22848188512981812,0.2832568787671676,-0.6151790508252131,0.3439608769579326,0.010465686026851384,-0.24149133722283156,0.06969137892502197,-0.2489406332718237,-0.3260152388544866,-0.33973408749162876,0.36832028359652,-0.37167682084708575,-0.14180237271953425,0.4126047939987164
0.004019231433889783,-0.143937687431672,0.1142104088802139,0.03435034417296262,-0.18643119314633189,-0.45589914765225414,0.17849444541282422,0.1843597894211783,0.06206826064119943,0.5245908660928251,-0.04679268410574533,0.09811182766698828,-0.325436843500858,0.2864988075996304,0.1546825519289784,0.08241396154859564,0.489415093344461
-0.08410686003621144,0.22297109030103623,0.2633044590835738,-0.011352570352816282,0.20574776551885854,-0.5458377926816902,0.04401634778087468,0.20049162524918357,0.16946906710609771,0.18259437000213707,0.12840917837756072,-0.07750382094844126,-0.38359326627314216,-0.2370056708618463,-0.5033987882057235,-0.07912446178999027,0.4661267608784819
-0.49537802969087175,0.36213738808471846,-0.14776271474969524,-0.0047878596838770715,0.23927922321892708,-0.08947149369974983,0.27668484485218536,0.11454408731073112,-0.22643466429308529,0.094743187718761,0.37450835396806115,-0.31814490469136425,-0.13924379870453485,-0.4337874029422008,-0.1160676173140277,0.18097386009176356,0.7495138353438442
0.22819245044465247,0.4627954534364504,0.12254516389139504,-0.5721394779113742,0.20065159451218517,-0.08671993589316296,-0.6821272289144834,-0.22127930017022873,0.3383761836292182,-0.15626539537880402,0.6212696598630695,-0.20223849758880244,-0.18206086071807445,-0.27625272834021636,0.10098020610511249,-0.1673173376613343,0.7188101234892963
0.17934750364752614,-0.08595585314427209,-0.10266235386009467,-0.6440038887289482,-0.3226448321317643,0.16320585390463915,0.4573649807980315,0.25217377548244785,0.21337592808018752,-0.14773654156462213,-0.0978510377941883,-0.2291603511228723,-0.19502377422971864,-0.39684155709553254,-0.10042510993776987,-0.5080197071877492,0.36191543424285
-0.5339018123227981,-0.39006983791524746,0.13102695672304332,-0.001190667951522284,-0.19325981890649552,0.2411917544835811,-0.011868871857804553,0.15108948346258938,0.045118732076689025,0.4236327179451884,0.08821586683182603,0.4960738282055388,0.21425378285949703,-0.3195802141532246,0.4875234709717108,0.3049786599172142,0.9564057268676216
-0.6337873356854349,-0.29037727592229956,0.2899474917571841,0.6930967322174653,-0.09471283845884848,0.6635356078590399,-0.23785647144992106,-0.045654248519968355,0.18763878250695465,0.33667215041887566,-0.10531992654672834,0.04806151541382979,-0.39809253441900305,0.4156963079291244,0.03792158512758137,0.06048682028644371,0.8823519390252682
-0.6106203853069256,-0.10254176374383062,0.11836036072991286,-0.2720052938379709,0.2200572015333055,-0.137767587542085,-0.16259730839011327,0.004841502948806975,0.4350609176397504,-0.6036824766218203,0.6691824475604017,0.10288342349786186,-0.05508719668890849,-0.32321891358343235,0.09849748613315834,0.32388977263765895,0.688107093811294
0.27125194362654126,-0.1572947820040437,-0.10178138710174642,-0.022837696341361624,0.3548020760897874,0.3093199072177759,0.0029394029906635658,0.10330262284430441,0.2625288227792907,-0.32407657678607005,-0.44253154734554206,0.23024881477864276,0.03369327822286777,-0.36133956535225503,-0.2308395128548455,-0.5190802125891114,0.5266226173183937
-0.7822177770394999,0.08922693860052894,-0.25790741716179666,0.17204152757629554,-0.2752842135331759,0.1360850176047742,0.0081426863246322,0.7246649573245345,-0.16307715889166646,-0.022477632297564165,0.061958045667140804,0.3482141028927249,0.2648483983975408,0.1586246500577353,0.2742501949255093,-0.006591946509054758,0.7919727132328559
0.46068831672551736,0.17684289405869974,-0.27566625479467965,-0.3932503617109924,0.26569781104174245,0.3247005738683231,-0.5995498048057039,0.0016299514435325069,0.015705242314639517,0.025062793940729744,0.1437493639456826,0.48510716360249506,0.42049929137417275,0.10900277574327355,0.22616592725317097,-0.11922204636567754,1.0000000000000002
-0.4828829077903245,-0.5041405810268995,0.13423594751547402,-0.26610697823222756,-0.4231700944678638,-0.013466695363338888,0.0895970380208024,-0.06480762200627144,-0.1622719372496782,-0.19792004427042142,-0.6091606392293605,-0.1103774727617486,0.28093895326458085,-0.18400474671986128,-0.11080051617319675,0.02036727987255102,0.3392881492283129
-0.11434429761103324,0.038675821197257876,-0.1633672370638576,-0.003051198095255836,-0.20593311804751985,-0.21117446178415744,0.6749686564821062,-0.1093303971990614,0.15108543731300086,-0.2988281578029962,0.04320781955334346,0.07137566627811014,0.5572748266283755,0.5009875638794179,-0.4399795125399931,-0.02926972564629443,0.1291778597048058
0.30726224172920585,-0.46458780387288895,0.08623839387231574,-0.12425253353557109,-0.8906110135425245,0.04077552124153749,0.43846017113592434,-0.17791181432030473,-0.5785842779722141,-0.021357848237751886,-0.01352320584462724,-0.39097937263387983,-0.025437641511789177,-0.25649617264729324,-0.34778710356190234,0.14651892799742602,0.3632705348393722
-0.15080932177262152,-0.026321265816688477,0.061148264015692094,0.27529893276077866,-0.2401146080053074,-0.10738962745323744,0.09429306720696205,-0.1444650319326079,-0.07895038212296224,-0.16805701970209663,-0.34283469356344676,0.5810413833923556,0.11245857664401826,-0.16058916678305435,-0.061209597929613,0.3414307629886878,0.4982419269744376
0.2559964683646898,-0.36598392123590956,-0.08745775008463805,0.013716833217562063,-0.22936189392342832,-0.12802264909502797,0.11900149910845824,-0.34770245305416614,-0.21028262194124203,0.5577844502093914,0.28947609107836136,0.12045078313445937,-0.12465787204348289,0.13929354435241714,-0.33918015949360414,0.07845621117149998,0.5366686654092623
-0.13391071714027933,0.30656598455678935,0.31262081312269385,-0.0016212461257006927,0.3950336416769584,-0.45947871386891587,0.046780149491089676,-0.24900455715123287,0.21614822542733747,-0.4273206206433132,-0.4071892712960666,0.38549743403146497,-0.5773725923256205,0.3482243737148337,0.15437952021194146,-0.13213856312710945,0.4094842211190802
-0.731290173216572,0.3526994589499968,0.09728161342532651,0.12493394914187017,-0.26820141975502926,0.06704384412690456,-0.07884077036996455,0.1567079875473007,-0.3310309886349498,-0.2746212395644928,0.2863389889925294,0.5690926317454017,-0.12069927902928129,0.03612196439955001,0.3123185761804229,0.16853710737798966,0.8295937875682216
0.8370439709243621,-0.3514133229084815,0.078638742955502,0.28431618081640364,0.015930284623227237,0.14257926587223357,0.19366201997397575,0.6087263595223247,0.03458442960563371,-0.4109883625008376,-0.009379476783103802,-0.03242851910199216,-0.08390337526755992,-0.3650020405983053,-0.27559715251079253,-0.17734833203963865,0.4064154989274008
-0.11738736516074,-0.27333433707445576,0.15777055069590437,0.06196941662606725,-0.0531946248366183,-0.41853720281442003,-0.1343614706635045,0.30278364311016664,0.23606009681394857,-0.05644190797476645,-0.057560867673922766,0.2969276730739002,-0.48019043523811183,0.3508078411618103,-0.08026315515684612,-0.16981879107799527,0.3641120377875675
-0.12228220924262753,0.06475275513151102,0.3494608385677892,-0.2088080571845351,0.21010377731053115,-0.05804835610972203,0.006194168053066933,0.0011136873723757157,-0.342905470754113,-0.18585997208209537,0.36210849325949335,-0.2768878368515041,0.1378053097694243,-0.20429498234247181,0.2327072878069082,0.21875997643963122,0.3789325916353724
0.10519928357568761,-0.2235908523240774,0.5724201358538976,0.42370769380659645,0.35593649447917597,0.17274393143007483,-0.016854253295398747,0.20643142697246425,-0.07350732164632226,0.4631698167019427,-0.2540419119815155,-0.0933898868957525,-0.091135222099405,0.3612250376581847,-0.4191179894389474,0.6115712506878082,0.5682834516395113
-0.5858502740935478,0.11195303418082991,-0.2962900167660263,0.0037097675209061265,0.2989578295684602,-0.1435280838818469,-0.10789034305881821,0.23482891751871665,-0.03226226730203427,-0.2975274912288741,0.4378967089544339,-0.07191816326303128,-0.20952485944680438,0.23162241390405525,0.4522324561999632,0.2904726212533955,0.7074712156691029
0.12421614569911162,0.4584976056531211,0.3362163744743422,0.11106598991681671,0.957125595673736,-0.36772413940955895,-0.10261583052420369,-0.36365921719869293,0.3484387109374929,0.06281200416815769,-0.10019661769697541,0.09052388994099694,0.19778551549448264,0.20014612980726065,-0.24805588482425056,-0.17521210781281885,0.4421614694290552
0.18424865640350346,-0.3397388340575602,0.1492443726052471,-0.321752883915281,0.011369046103617386,-0.5878058808597413,-0.2559025360486386,-0.048832601419871335,-0.43207200741338053,-0.11158067610778333,-0.40403507269608263,-0.21993926874538786,-0.07184212807822554,0.31532365454132316,0.11315258325292554,-0.17190853440302503,0.243428483719481
0.32179166646635443,-0.5701135688262051,0.1273710836990931,-0.11893344555752067,0.15085224650722567,-0.6169508948926444,0.04143026632957193,0.19041050689441436,-0.10016493830201795,-0.16723661494539965,0.20234019224887767,-0.1470383753430315,-0.06784630225417765,0.08678648785928955,0.2679143813003274,0.17236981228171716,0.2253808016061433
0.21919137030830732,0.2522273662002986,0.6716110802899308,-0.7454832893571344,-0.3959560095716625,0.18086923500847318,-0.21294068575351605,0.06769691993990828,0.1944726536456237,0.30100069908736815,-0.0812474887437789,-0.19109597049177376,0.09836729979546954,-0.34342455831968344,-0.35252899657599324,-0.1909504342013025,0.5796315368866991
-0.22719847418747308,-0.16114211421484206,0.49844169029149377,0.18817272049808687,0.028590519519926916,0.2485485203893053,-0.1822745622129216,0.09383211453115575,-0.3779789615630493,0.12818835219147928,0.4163476737814443,-0.22565423402315127,-0.32758510749467734,0.378960583286874,-0.10266302142871653,0.24268896148755592,0.6525484968212767
0.5564096008815161,0.2347592878260002,0.08762234551373743,0.028789579183193026,0.27095228664730925,-0.2397461801577359,0.07130668731354187,0.316163058915171,0.33260742979157526,0.37078878723731123,0.2716340244742166,-0.1611117208478029,0.30535008600499547,0.0022922954849389776,0.17474145843055588,0.29602000811672313,0.5158825774692306
-0.004197777997525527,0.18131067526032263,0.2819022169672032,0.11498459428360608,0.34843897751900554,-0.44548281345747903,-0.5017236307099882,-0.23165528554811232,0.2281308867602351,-0.021695745480642348,-0.028760242414002546,-0.2213484655406098,-0.29266056819895203,0.05662294289657943,-0.18500232679549455,-0.13612188822480023,0.6860188609618375
0.30613665173178645,-0.44973367614246185,-0.0998904878439549,-0.4919596376464614,0.3690646427183346,0.2174790813932168,-0.433019703309635,-0.04879213738597904,-0.14980065025015366,-0.3027966029043161,-0.10377523237122288,-0.4737650730733911,0.1676222584198398,0.04236400086797243,0.04995716412688933,-0.3709380961789689,0.3539025957789863
-0.32776112118444495,-0.09155240584759494,0.20558448628456716,-0.034868857559826105,-0.8349221330615124,-0.01254105091856017,-0.1316778634417357,-0.16283583069456392,-0.10127186140802474,-0.09614726416559072,-0.012557661364205663,-0.35895112873558643,0.10935313333602958,0.23049506372774442,-0.07441132714170284,0.2807833699084983,0.4059033692087474
-0.46980184273849157,-0.32504829733537677,-0.01714296028008236,-0.12630262104461104,-0.245895035923674,-0.05067416604029895,-0.2767075691728619,0.14456599184521118,-0.1886292719133073,0.005313666072427781,0.518844398975344,-0.10841193453110941,-0.007036015212878111,-0.26102851914757264,0.18405415974460448,-0.020235331092400055,0.6559111640614015
-0.008097143659066539,-0.020407993365811228,0.24029976080055893,0.03562017704958753,0.11340422988679139,-0.5811087705434199,-0.0837736567882172,0.23123122766391663,-0.12285866339138002,0.12991755228464208,-0.2810180593218461,-0.3988157784680342,0.26812023731128753,0.22102951715434638,-0.033145141124772626,0.22853013546220247,0.2151918499546646
-0.45003039330594813,0.06034812098952508,0.03713765047994583,-0.20040147148872928,-0.32111389241347243,-0.33934185300150754,-0.7361456562614551,-0.14537545267170654,-0.13708790542852195,-0.7248563591960491,-0.034947323558549404,0.1065690760483409,0.1532994845438933,-0.3227250843607278,-0.054708330603212674,0.4041513504477926,0.5234975455289448
-0.508105258739279,0.07164271702981811,0.485678835008716,-0.3942551421423699,-0.3566852703058039,0.0206733767259466,-0.1242281524782081,0.01883955465581527,0.584852845578593,0.1938532788660261,0.25424962711209453,-0.20044412257460267,0.15446395312701,-0.3422264344397768,-0.1116028800714336,-0.11816125919870599,0.5994091352315687
-0.8659543252699348,0.5059750046227383,-0.38735918432607896,0.025266833250330356,-0.12576150506721942,-0.2629036825013085,0.46993043029966675,0.025016223680184357,-0.30573785963376054,-0.21934624203804842,0.1098969918003021,0.14697828550538292,-0.040199609355396515,0.1813415635951673,-0.1063389870465179,-0.2731757672061481,0.4880667582035685
-0.44547949295521216,-0.24219536010162698,0.22649383414105756,-0.44791960366843114,-0.29372263251148756,0.12132964117735678,-0.3761822817092977,0.06393043732263587,-0.3689897867274898,-0.27500212799638835,0.3253394094700619,0.38832034002176774,-0.6494221054654744,0.1758863658963481,-0.15704844233037552,-0.07024011095329696,0.5646290618827262
0.013617782140110068,-0.18682413346561483,-0.3578436831479813,0.5457341759589993,0.19759567334106676,0.005375552787782567,-0.011271519658167618,0.29623055379801394,-0.037020290448086884,-0.5228771486443671,0.3068305718266242,-0.100331723307332,-0.2228504244755482,0.1392901338325534,-0.07660171630473178,0.10113978902030518,0.4695571938446031
0.14105840672138276,0.45246996454220395,-0.16472062909086618,-0.3503008429930896,0.1810248548541657,0.3595369677633634,0.425340509960345,-0.24119322299283852,-0.38303580070994986,-0.22990289106684025,-0.010934875680078726,-0.822834101098388,-0.018939411250022464,-0.123563625621597,-0.049893056858829166,0.22554621976152273,0.3624256668208355
-0.4542843512785495,0.3470970236641388,0.07347423137232018,0.23333213073919723,0.017630979382357137,-0.2846799421779708,-0.1710604839034841,0.01839756109918561,-0.737436615857747,-0.16506897699583944,-0.49035860407767545,0.012498164725095531,0.548652046689279,0.38427137623171004,-0.21687720684932144,0.322159530903046,0.4522114088731365
-0.548534718447547,-0.29518419797303824,0.029644032556868705,0.14282983809539984,-0.11580442891916459,-0.3412178117515156,-0.15126505280007518,-0.13633071075632108,0.31269073533861247,-0.43905854139543354,0.04237084147648812,0.35776890301788056,0.1916350095567403,0.2660923464436845,0.5230673453774236,0.03168232316805991,0.7711052708309912
0.20343528665898697,-0.37040091842314626,0.4036716767923343,-0.10881110738974781,-0.3095318136108191,-0.460459054408748,0.19547251510528935,-0.08009880509211331,-0.5255806290722849,-0.031074056953375617,-0.07774021175132168,-0.052118267276033005,-0.33287834561386503,-0.08209040782376753,0.4284730211213795,-0.24603366565364335,0.3610151335176459
-0.5074583679390575,0.22060198151745858,0.1519451737762686,-0.29632112067665956,0.5221705239140727,0.537838576917386,0.12099744836519971,0.16680489071677412,0.12821335085153993,0.19138606194443875,0.11952738708334665,-0.024210013501344302,-0.1804161463833244,0.13350241957380493,-0.5746214310293943,-0.10103337423530973,0.5640578767157746
-0.03719949378987787,-0.120860667672663,0.1158635864162042,0.5494349787943357,0.36614845674049246,-0.2923584670546589,0.06926685025288604,-0.2588043162799363,-0.07120480687235281,-0.030386204223565194,-0.0467053286265669,-0.130328917098735,0.08759108035095187,0.646488601214353,0.11186583801748073,-0.11652359997103681,0.4342402406006593
0.030837908655150084,-0.20697752346376933,-0.5012961836684008,0.06395966319156987,0.6905360923674116,-0.016989336128923838,-0.0036536522470119667,0.41978767771839326,0.06002132322236638,0.25854311403314845,-0.4012543454236816,-0.425221625916789,-0.32648628497098964,-0.10177691779706177,0.2195633346310456,-0.06892946799457675,0.6239114866954062
0.08647855601075462,0.05154207405161232,-0.34427720407784257,-0.09504921637372094,-0.1309660807007373,0.4142758132235701,-0.5187243471274932,-0.16043370046377653,-0.08498719422240802,-0.03166917888691301,-0.13081335963941182,-0.15630258239859432,-0.44102721294023034,0.057577321071561716,-0.09281374287272315,0.38755799953268144,0.5291930191465805
1.02181708324972,-0.13948659016896384,-0.2346680021129395,-0.07067875517621686,-0.5179811730817028,0.127849673865165,0.35193071967149125,-0.06806914316693297,-0.34093717294848924,-0.09167616313073501,-0.3114539944654823,0.24416086813910895,-0.14161727877095004,-0.08416329327780253,-0.18796467196068545,-0.27571659885097277,0.2843764435580331
-0.03805442970539752,0.01426994584274674,-0.11788552852512876,0.14428345152265598,0.2210643892882168,-0.13848761802625764,0.3679253609244878,0.7059182612003598,0.38835772457449114,0.27610291572387013,0.01706446497000491,0.32412819769872914,-0.31082852118382354,0.048024826145283805,-0.18767913631128252,0.3532838113014074,0.8222824989123645
-0.21421867181818793,0.15320625069158356,-0.05313417482981245,0.012009208905536306,-0.41714133147907295,-0.050288554932853335,-0.20674437728564188,0.02698651596526741,0.5718497443653653,-0.11216330103052674,0.1261959483652717,0.6314750958311782,-0.4754703198176413,0.3090460162721347,-0.04634767595536471,-0.31801941217418916,0.7427608880695975
-0.07906329535654825,-0.12549904246299293,0.13383192992374343,0.44273788559481375,-0.18281576921266823,-0.8123197912844751,-0.2008426829351665,0.051694610320024814,-0.0842114058000725,0.2545201553178724,0.508042536025565,0.5594593586524591,0.23129407344386266,0.4167089273676309,-0.0594144138397934,-0.02813350394379671,0.3676874452368642
0.5188287287685093,0.13273443371044863,0.021438258310155195,-0.13556952204684092,-0.34673012319247354,-0.48039444851503976,-0.17914641538763398,0.5616886423735423,-0.06309546852465481,-0.5065960689336249,0.3181422599236353,0.04976809130922,0.49021618932993993,-0.1410676133260079,0.08829676158741517,0.21238023942368695,0.2989470813464528
-0.290382635338351,-0.22077232509758565,-0.031508919716038,-0.5155794758970697,0.17524067429278234,0.1247563472011598,0.2785951911483786,0.02802170613646876,-0.23983194980983352,0.2449673181895684,0.1634109428409668,0.2650374027628698,-0.5112205170622348,0.14130610165124835,-0.189233259723934,-0.32077252582413296,0.6619426813044728
-0.21860757159793603,0.3414727441615157,-0.14428159433331236,0.0072594231154675115,0.2433945333031738,0.32443597159733994,0.0922116881459381,0.1923718189356946,-0.15094457708914344,0.07112061954849791,-0.632685210272701,-0.3293924417190094,0.3041865040452614,-0.3691140521203361,0.14896997907014542,-0.302483667856701,0.6564838780182529
0.11231996313183595,-0.015311963553983593,-0.3305392764041455,0.5586740319036807,-0.06949868472351564,0.32111498068127586,0.49082855471467624,0.7340647782816501,0.2758639214010462,0.22225313232596555,-0.11802231376404543,-0.18480686013472822,0.07869373559542109,0.19392503162729602,0.11543602540282272,-0.3583833048258923,0.3961587762713338
-0.39459871332923646,-0.10855612228638972,-0.09237533102088394,-0.37655761794095033,0.012432840067223755,-0.01769948986976133,0.42084002832226436,0.3626870099413588,0.10795916456013273,-0.10484074561319767,0.2670010598796304,0.47291426487054977,-0.16282152221178386,0.2643902888094358,-0.14786457717644774,-0.1356266999647596,0.395841011033914
0.350914516649859,0.08335074502697948,0.07080717586387142,-0.14274252825894895,0.33002183168719323,0.12120237043983884,-0.1309511931312679,-0.14294009097430638,-0.34765786621838574,-0.3946357430151838,-0.05630181280215407,0.16533556407725564,-0.28911811796153136,0.7828174471712933,-0.04360813601999547,-0.6174781754939362,0.4038550549224904
-0.15826920589878038,-0.16026263883711095,-0.35603068130255755,-0.06658077207666935,-0.0713226877402755,-0.7803221790811632,-0.17048688502233206,-0.09775382931440751,0.16895327958987477,0.022139643508681806,0.1791483940391181,0.24336125191453803,0.188938276290476,0.18195758025249642,-0.3567190443523469,0.0962457931447808,0.6525771782270953
-0.28108915582258814,0.14934637244689697,0.3590497287255109,-0.2719651653991477,0.20177161875156369,-0.21982983174691678,-0.6408479129421133,-0.1902492673475925,-0.1829947956601609,0.06662327868314821,-0.13939859892104733,0.37257566610613546,-0.030704560696292182,0.26533106118726557,-0.3434866782098508,0.018979231944248165,0.6189947244838815
1.0588578293763626,0.32143029645134064,-0.18186590942012024,-0.02754291750008897,0.12373531212508954,-0.0625260435004702,-0.07094875515072811,-0.05228205175755668,0.27821522899297974,-0.21838907903136273,-0.08505405366744628,-0.3763158046528249,0.17774474336565282,0.13201577408596288,-0.20435821913060281,0.23183387077232728,0.2797031324305921
0.21898684862867682,-0.34508785525306973,-0.311743873439699,-0.6783736820224004,0.5095124586834748,-0.022633743252121863,-0.21154119331266985,0.08518819175129516,0.6236762604071231,0.5635761787935556,-0.47046033407152377,0.1478433168725454,0.22387905633177851,-0.21630282905796921,0.08045636920761912,0.00024378037886471637,0.7276167203309704
0.4093732733045495,0.08280405903341154,-0.151159098680801,-0.05357720448116693,0.4162044191406843,0.3132539739233873,0.007857383094854162,0.03530817658749191,-0.036691168316796974,0.04532621139838522,0.36864860622315376,-0.3150223994490835,-0.236185063524253,0.6113603604296899,-0.16889364752449232,0.26798188811172785,0.5298341877239161
0.15786182200758475,0.6859681791900678,0.2851162914650456,-0.32693189693646507,-0.08245335266873954,-0.09632476767083642,0.5549050161952755,0.467804025315608,0.10292441442689135,0.35871272008976773,-0.5768535286944791,0.1290619677837709,0.13912236212096696,0.10293318124549972,-0.13201210483995363,0.1253367166694854,0.5873825978706533
-0.052404167078595645,-0.8495603005254573,-0.8213509995732062,0.5159419161396541,0.04541813596535049,0.14711761834775627,-0.09665809555767017,0.4328598077602956,0.16411542916626476,-0.579602615919119,-0.04859911521975191,-0.04300607188741251,0.1345901554947534,0.0204226044001804,-0.27975619021504006,-0.21474433532179102,0.3335866226690847
-0.1831278167781917,0.3305408603528374,-0.3800262524742538,0.22047981044930454,-0.09366448612656374,0.4908589625603633,-0.7047288203247235,0.14045939216736752,-0.26203287332642594,0.23725740679130558,0.03443097803139361,-0.6460927427988703,0.013498502434407589,-0.04517063274009364,-0.02771881660348141,0.17756713140982855,0.7935623165875773
0.03300658065028632,0.3113443727629019,-0.6039885927849621,-0.15175752242359564,-0.05837048884199511,-0.22168011570595847,0.24015431354963035,0.09278368601415049,-0.07517293144398643,0.16795654670271243,0.06321498348501153,0.5654904924663106,0.22968692801886026,-0.23258569169241822,-0.38443919939078863,0.16118574006342928,0.5759493629655958
-0.08900627161326813,-0.49322277020237504,-0.09895760290637365,-0.5974707242544115,0.14267265602228518,-0.17474908210747936,-0.5738853434220609,-0.12293757913780612,0.17665523033032587,-0.13143247090519772,0.006301496110954652,0.1303284389470314,-0.07541402851263873,-0.2057247037595799,-0.41716242764273337,-0.16121361643180784,0.4770923710024861
-0.6568619292648165,0.3408855457308316,0.07488320528381345,-0.5466191430845423,0.07859187238979232,0.29082148537046226,-0.23518788163442383,-0.034159383100161145,0.08862898854923071,0.05022243264342352,0.06549691742340125,0.16189294542820715,-0.30385614994072485,-0.10816762755762405,-0.43916713136054997,0.5121018778925095,0.6310076523343892
-0.5334778526718191,-0.026427986478417848,-0.344186680590009,-0.1050720384540142,-0.5837134879838575,0.1816741772632262,-0.07337111595935177,0.09092306112191523,-0.5366697758505647,0.019696664082803572,0.08454139358246748,0.5617250820959113,0.41774266820368944,-0.277971255385552,0.022830925901135557,0.2505963672558055,0.754746293698072
-0.5259416403400003,-0.0038644121708549806,0.3574834442051811,0.12128601326311517,-0.07679038754914722,0.6264299048225667,0.2719909282898659,-0.421566154177634,0.7430942384327404,0.052440989348790046,0.10336884193301432,-0.3456037657700829,0.2791387712228124,0.33992901305151024,-0.17098064063502416,0.02070893094377438,0.7829265653419883
0.3766906545477757,-0.27209249826531606,-0.3198440287876454,0.09972419397873844,-0.23521514647217442,-0.20304432252299803,0.5790399476696797,-0.4171808070692571,0.12500158823290655,0.06536449068527439,-0.03352536144240725,0.1671025394449966,0.1463513714522643,-0.02801426578719829,-0.050696970279804465,0.3034957330702095,0.4035574021257561
0.18298889769239088,0.06873804490939373,-0.6311528748843893,0.5733239072007321,-0.10111866030706987,0.20564198166166958,-0.0034771861753225344,-0.3917735044599996,-0.3554638426972659,-0.22156445729057095,0.20561106307423516,0.21456639524870072,-0.0055671518880984205,0.002416206022773537,-0.045211702333353476,-0.2911763148219182,0.3817164740433537
0.46994651729798687,0.2832623632857633,0.256842095396624,-0.22263204559773023,0.01640332216193574,-0.08261639094236695,0.12956614510861653,0.09338213073921903,0.29425998135842674,0.009679937486196666,0.0012076133229596553,-0.029704008703089833,-0.7740848703259353,0.5643924225488307,0.06352563403180633,0.27761852037255796,0.6413980830300982
-0.12397405565061498,0.563211362989906,0.2604994026149997,0.4748479145573543,0.08651799946061467,-0.20834465280121095,-0.26876960058958493,0.29972437217572884,0.520472758506736,0.12482216280234093,0.01925284532214433,-0.039166266474697044,0.4689334893733964,0.10737573643065185,0.08644039927247815,0.24787192290995766,0.6285612663690416
0.1888598928344803,0.1662342146164773,-0.30732049176689913,-0.5219138293825942,0.10562284678560313,-0.4547303882583663,-0.4130711221827535,0.40193354349004934,-0.12465835149600635,-0.27666202151026675,-0.27147276731026215,-0.09806593048277777,-0.10982951683880277,-0.20545600883013332,0.011772803338675808,-0.010028316109443824,0.3815800075158506
0.06002803630599371,-0.39034822767583255,-0.09885504174154877,0.16346143668469504,-0.25316426388144164,-0.19359705589841958,-0.4969721059444172,-0.02652857819116361,0.5369944896807503,0.0594677285483145,-0.4488360656271247,-0.7141867121349785,0.06115862620186535,0.004966198673493016,0.43103065016213427,-0.6417755654952991,0.4820985289284105
-0.028046933782971156,-0.32716245244868963,-0.48854531077375085,-0.07669456755303339,0.3013998277154689,0.33986345424896736,0.3996499010479696,-0.2905215043033233,0.14905263373003275,-0.4483760741350793,-0.10657594030074702,0.1020351888612391,0.09615884388904128,-0.20081201687651953,-0.46401352552125824,-0.20550564115316242,0.3055866012747409
0.0898229507394957,0.021085210436330826,0.06938656409443028,-0.15703213148118844,-0.6438679567254031,0.047695719342731424,-0.2544977679475566,-0.3073363120718134,-0.24456699796614312,0.11937241965075329,0.12058556858084224,0.16652214299209622,0.0654639978078364,-0.06294183030292955,-0.3840829173581525,0.2662669670659129,0.6099794522053228
0.3029651492571293,0.2100183428833341,0.02953332119096494,0.49988323457879347,-0.6135505570953026,0.38887860301384214,-0.08342764331930899,-0.35307906950229595,0.37083652353283797,0.6167719200656099,-0.16815465752769865,0.15506908528066896,0.05486901925630622,0.16816631063190468,0.25280428167150115,0.04933510988167393,0.6570863616996783
0.3578200837925907,0.7036828082311335,-0.10531342905340804,-0.014308533759740838,-0.11185794197244935,0.02246812743629978,0.027123783722929548,-0.18779957257829977,-0.08829282649808179,-0.4065362355496993,-0.1318087945168377,0.4018347679810804,0.041897870500940126,-0.4739247383907308,-0.20026651999120404,-0.18082722671777354,0.6527435094957629
-0.4145140937382283,-0.5499342191856067,0.6899439667373135,-0.18166751834404943,0.4840332711098705,0.2594595996179959,-0.1128832003987247,0.21748955207234638,0.23701651648986194,-0.1544737496317784,0.12985493390962766,0.024817269886039994,0.04020654732805995,0.14581213038833696,-0.3391081745120973,-0.20284956840165827,0.4805822870893698
-0.4463684588510344,0.5698983718439343,0.4358434379990014,0.2605279364742713,-0.25275707113604734,-0.17573395624124866,-0.3361080473498891,-0.07286357010868877,0.18705981459872917,-0.08615273781532307,-0.06424532369843655,0.03208320237125037,-0.286986968004015,0.2915838001230413,-0.2831114954620534,0.02151803047687023,0.7436850708381106
0.4378292933215742,0.23917200203338607,0.048357649184667284,0.24140041168025306,-0.665112380318659,-0.3041551297997187,0.05529463042179064,0.35097481690565385,0.19152619432669946,-0.35097100064662334,-0.07920312994075795,0.3180870236361627,-0.056598042564258655,0.10815369749067866,0.08929201782981411,0.34586006091851734,0.3911067449971172
-0.23592166151835492,-0.4468121355210115,-0.4718904982336788,-0.27755721827690727,-0.26254373944134435,0.038635439636090396,-0.09949326570818064,-0.07687719091129558,-0.3228570308522366,-0.12096351824045859,-0.3621031315911968,-0.06287945687645127,0.16421486825303588,-0.05043372712852806,-0.10752806394373016,-0.4833016603208393,0.4155485528137023
-0.4102493910475223,-0.5991488203149167,-0.04369814269765124,0.1508321311840568,0.20529016483300683,-0.30949919903499173,0.47653324061324914,-0.22616801424951477,0.39244042026727244,0.06996459300929114,0.149154122329072,-0.15992514963433485,-0.24176279681853047,0.08151012563604587,0.5440989521683118,-0.09849076890971015,0.3674930288698111
-0.013673787227981564,0.06686830717882292,0.1617267633009745,-0.07860103234426175,0.19254091943178164,0.4475780502315897,-0.021311945656900484,-0.547326011984235,0.5597041560597287,0.1511222610997751,-0.40169270060850176,0.23370397365959358,0.4381244581070982,0.17731752337851958,0.31491107087516335,-0.056873498442600035,0.780282599498098
-0.5119135083800831,0.037812018971882855,-0.11727864051860945,0.12353023809918795,0.4307309723741656,-0.16690390520223158,0.6648518338807008,-0.5551482541717436,-0.27798629230793376,-0.004564473186029705,-0.1679622201101068,-0.055873668329046146,-0.2724909373879831,0.35900970985123626,0.24676817860177136,-0.3085664600099812,0.4562300446478634
-0.2847228813613874,-0.49813959361345106,0.19529669314304893,0.18828005193453456,0.39794179687359943,0.13779324446072538,0.28245898908138695,-0.2509993878175174,-0.006306849385272817,0.25773240538006315,0.12859649437775666,0.33600549047140216,-0.27054475544228374,-0.04050835726241825,0.29832285328854635,-0.12496966329925982,0.6910865541214075
0.6145755962124853,-0.2067804070180771,0.27014456422597966,-0.10522456287483006,-0.5700594614179477,0.10409904768273359,0.10778296282679689,0.37874009135712033,-0.29449373952432567,0.005822193098003137,-0.03487652217044562,0.10090559397339871,0.13375205138355983,0.05617622065426381,-0.0782380143910576,0.3111118337965672,0.2625123872657128
-0.39018683116244063,0.4278392025898548,-0.20463077638932756,0.03939080076468471,0.07813914803053434,0.6258769767411753,0.3250379977394576,-0.18111547706695413,0.33295067187054084,-0.2999191074539509,-0.11392067761288227,-0.12565853786924838,0.40218308583082574,0.8876602691353427,0.026707916809314725,-0.2700988256856297,0.6591086313393791
0.04826801283113297,-0.1604902226378831,0.6816689374489731,-0.6118834147192738,0.4239720362996936,-0.3881796455160855,-0.3203135696693021,0.2608546648784508,-0.3605372915204386,0.17869925424964261,-0.38160434434239215,0.13244587117789391,-0.3882999058636998,0.2606089334163961,0.42243507811470626,0.1621161161028446,0.5797716062678894
-0.2921641339586264,0.2124962881442889,-0.08877500066555691,-0.21700254913373043,-0.06479841377657355,-0.5857131676899429,0.1451497329839882,-0.07253603447192508,0.534091610278614,-0.0420412926150977,-0.036232481274149964,-0.3231171163837899,0.3710497924780627,0.08231346349897056,0.14442655931072113,-0.04608536663834717,0.2619169042185683
0.19310097074800964,0.5527014513355284,-0.2971931186294664,-0.025805607505189843,0.40028185736514477,-0.008025753512095002,0.20173925334780157,-0.27908382542357607,0.2603921904010472,-0.3638410065678507,0.11737709159379539,0.16161129979500424,0.033644581110361005,-0.026147683164395363,0.11138363023224451,-0.2882919125045338,0.4944235909039746
0.5985612711828188,0.40013767347785417,0.23724484555935904,-0.286617165285305,-0.32888967409088,-0.15219590880800493,0.20942698355448147,0.16779570491023604,0.33572678352546537,0.3058210045513019,0.24364072424633754,-0.34455201605327157,0.42857717318320265,0.1528181266810974,0.40102728721730474,0.186319633727281,0.4194460507979085
-0.5968747874973969,0.36474176712206047,-0.7368713789920881,0.0055395538260923916,0.11713825493623015,-0.1881845595870828,-0.16761387132041883,-0.045647039411163826,-0.09775438723218138,0.1836621303419379,-0.3698705793731142,0.22993237693629268,0.0700072256710737,-0.07276039984403337,0.08892359838606001,-0.28590533052907996,0.8588661507874209
0.09920931648383405,0.5323266627445464,0.06809500062474483,0.4438319185279733,-0.10235980072314282,0.11630327863919121,0.19874259026816138,0.09815789132643032,0.31214759998666275,0.18613906348803244,-0.03647331478711663,0.07516611664516962,0.27339861920510033,-0.262917761601,-0.22698978392096847,-0.10231768929097926,0.76624888373766
-0.006123195682600321,0.22027395838436653,0.015757750211442767,0.3605116402861608,-0.025920005185318368,0.043997514519252934,0.9867637203140898,0.14641189549631967,-0.27880447730981844,0.10150836382469275,-0.16316797845212339,-0.10969671399719023,-0.3813987143922751,-0.14284179319380322,-0.4078172297178736,-0.10649755911240658,0.3518767947651915
0.23725221345017924,0.7053630637775694,-0.4359505728247949,-0.0718557150089647,-0.2739951710338261,0.3312306133983218,-0.36405386735122797,0.18286775079926715,0.2218690957601851,0.460567174373266,0.11996014692341217,0.021709607413370427,0.09035000603105192,0.105514512794191,-0.5086352247496004,0.0668450059503295,0.7165623147904182
-0.17925682915845878,-0.650109498347164,-0.20258519130147076,0.24683186470330143,-0.1908375605372755,-0.13736383870565433,-0.1342219302431254,-0.645140797934691,0.023827683836909613,-0.05069978742768244,0.029283971672942388,0.26810980635028203,0.04973861982682959,0.41010310394023475,-0.36686805737195805,-0.24623310394689393,0.6557133297842072
0.08038113217944072,0.09057054093480577,0.15964807782365648,0.08639773353007996,0.0066634912546321146,0.5626629300511324,-0.24888597719718392,-0.4779340242232976,-0.7990415308406611,0.3816679147145057,-0.06672934372515987,-0.018924678013288797,0.4648537301124308,-0.2082891263555018,0.23150137859373754,-0.3865554924753668,0.6425384438125561
0.03338484266369388,-0.1766713520696501,0.2893257230708177,0.015225861397453966,0.021115126024325276,-0.15134400469193637,0.00214545067699521,-0.19750300174555419,0.307936080890285,0.09117021408138548,-0.20105039905294594,-0.24247016895211831,0.1473852852895141,0.06836819100961361,0.14844998162655687,-0.4362562508387413,0.6306263511525873
0.03221467672835558,0.6712010953458061,-0.634330134030177,-0.01706276842946669,0.018695375917663598,0.3451492209065371,-0.20143528116001758,-0.08094499309229197,0.10287472310784965,0.09758119326836567,0.10065139685371449,0.3411502742242942,0.18476099103756216,0.32827125031554283,-0.22909239010722016,-0.17001243466957452,0.8731306518982239
0.1306218991494597,0.3775773322360741,0.21992269575704473,0.10885237985668494,0.1755107947741701,-0.012971055267050335,0.4074972860444747,0.5328856132483091,-0.057372517108459364,-0.2779920658171544,0.030952524165586026,-0.13600880116837005,0.4483718979143938,0.13714336593264242,-0.13915724240487637,0.06069434172553666,0.1729132204365505
0.7456926290897731,-0.43359938545643106,-0.3162811589030201,-0.4528416554751813,0.20321878914568986,-0.7840597158389079,-0.29997156406023806,-0.26824683269958616,0.0035528408013668633,-0.06452447900559966,0.07251988983007618,-0.06010156197870556,0.36367127335356186,0.3159381906986666,0.16945619106843568,-0.2484527180363518,0.2232774427408544
-0.4710945399106936,0.2987813426025449,0.11837110629613318,-0.12868604712488885,0.2647613631487092,0.11727279773736365,-0.1152370618125499,-0.18633115383520088,0.2545096489799545,0.584055248667394,0.13040243303019106,0.018536598648012673,0.17183765321619682,-0.14163188035716856,0.3212973278368326,0.2533673286569754,0.8030686485175164
0.18637241317641734,0.40161598248342883,-0.3630677128466715,-0.3229521144473803,-0.17904588089920265,0.2187537596724639,0.3773290236776242,-0.05007500331491482,-0.36750354850049777,0.07029281069407678,0.18150178766193525,0.03540932279537386,0.10531356348474286,0.5150967670949618,0.46197374759043053,-0.10329979601000963,0.4667395344103031
0.3976762501001874,0.09753760560943664,-0.012079345128421098,-0.29108574843414026,-0.5793548717849386,0.058885830616951296,0.18984048820654226,0.18483143891840398,-0.5769039333911552,0.39488112818167154,0.3673568424714091,-0.2170647423124699,0.01783859538240251,0.22948692875357102,-0.018994818669412883,-0.47401885747785644,0.337990917703746
0.35286123267246405,0.6749929419142855,0.01808692972233994,0.09670808561424005,0.5104761570051749,0.21748367974537997,0.17312928849913595,-0.2688716553894902,0.417808596101938,0.026137991503487612,0.13241255432483046,0.43119601324818,-0.056760473782318466,-0.10584665198829196,-0.04287486261988305,0.0029434209361672847,0.8361199955405727
-0.24061835337484616,-0.13690574186610766,0.14367472834683265,-0.07031671262408673,0.3115906966318144,-0.1452575395019834,0.2276760916896341,0.2630192087414173,-0.24464536323263258,-0.32363901465061684,-0.16395653812030703,-0.12083695490704076,0.3461691294805541,0.03828289466702889,-0.719908137358215,0.4394549727005631,0.3224111168891051
-0.4108082794796481,0.09969637297695033,0.031702104514903545,0.01720970692645929,-0.25784694806431185,0.19178372155504975,-0.1735411196067015,0.41894036333434365,-0.18398989464239213,-0.6720860249197782,-0.21539592110183445,0.17461987166158977,-0.3473740732145833,-0.062250531156672784,0.3048393461426101,0.11328368986335363,0.6207191437354803
-0.3687528114401654,0.37969039408763644,-0.08825311185101845,0.07361834422192948,0.32572259711106066,-0.3233230557378216,-0.6664245513328749,0.11680111623625894,0.58705949480557,-0.26231839702472404,-0.37156309969409335,-0.17066261135839378,0.20362001570149135,-0.07330941902855703,0.45308071458020527,-0.19384067289870857,0.6920186903761636
-0.11836820174797244,0.20340385255416016,-0.6467409099332415,-0.16528265428451816,-0.20685479975407417,-0.11973162231901979,-0.022065324893376634,0.3965818440750168,-0.020649186938868164,-0.2537188873582201,0.05115247972133091,-0.17447699678209708,-0.1424799936826074,0.015854897955543124,-0.4413413146292908,-0.0855008767425619,0.4799697775510994
0.1772589399657508,-0.26203453012929073,-0.3856230618821417,-0.2784173739960013,0.6788819738141119,-0.39141744328339595,0.012963834585752176,-0.03246190466637816,-0.23192651383373847,0.32229410342305553,-0.4554764771750145,0.2269159101750355,0.05420973927058875,-0.23669342055222886,0.11329329241374075,0.040131736685521946,0.6982157087775491
0.3337401344646954,0.0815931972782224,0.09072317627150164,0.45011392808459705,0.023432212554856863,-0.4731222483359044,0.33733311945245836,-0.5296751870735664,-0.05511889783545035,0.36153018062819364,0.1373408591298556,0.15051074692825447,0.17942801617849702,-0.39861693839957907,-0.31365933957429626,0.016624319058681253,0.4289881830866138
-0.05987939001029674,0.2191551726247758,-0.09284906812031815,-0.3885240977756248,-0.7143523679686771,0.17332176355154172,0.08629570294568432,-0.3072738777834718,0.06917300905564398,-0.25476545808665074,0.5037553811211798,-0.043324180157110904,0.29513119615373884,-0.005763045758921781,-0.37626671213944807,0.17898983012651454,0.1836333823076078
-0.10714988389949343,0.3513361123697865,0.04392180143574309,-0.15611897087361587,0.1172210261913284,0.426179613805192,0.09219393815617082,-0.03528907406218068,0.1848074794838774,0.435649444940023,0.3426054576957408,0.5206005640878758,0.42218705625358965,0.12635090728434484,0.12094621368555536,-0.06701771453489472,0.971517906121269
0.25373960706994725,0.5527893979909755,-0.4824374103075506,0.15471825437146325,0.28329041030080254,0.37882827114358897,-0.03559600585618811,0.0954401331531573,-0.3056932327960387,-0.39318799680185523,-0.04635008251073802,-0.18973969864224163,0.3125255693522513,0.2726999168429671,0.2499403028746262,-0.2539658029583204,0.279039305777327
-0.2950418076212384,-0.1640507758142266,0.015587173998451942,0.2180206356235087,-0.003581768124913204,0.3069200398857983,-0.02257160116150555,-0.20139399881826453,-0.2246703798127952,0.4726145106075468,0.2735249538479767,-0.20632241892791445,0.2721199075838058,0.35193047180993686,0.4301973915081888,-0.1825838792143847,0.7512535373413889
0.031901197418919856,-0.6168887650900462,0.052494449742970684,0.32114714545174083,0.19952457994066347,0.3139347044543035,-0.063615631673163,0.12798342838272997,0.1972650366314705,-0.7242224923809737,0.2321005498869222,-0.26643551075261684,0.23125705736619007,-0.3406848244489832,-0.44355207961320064,0.46875164932036584,0.2162145365147187
0.072652551109601,0.1136861964273374,-0.12687660870829162,0.23725351918325366,-0.12761507519138154,0.252293526089596,-0.2251878865380486,0.13359548948870886,0.12293259960622258,0.2687724512332519,0.31782724508121607,-0.6141222829325855,-0.4051831196443694,-0.32015734103987914,0.39052611320581454,0.37845750290150915,0.9954855908984448
-0.34374739991222586,-0.10820002110174354,0.7149005429568212,-0.19235139856559547,-0.028769152543547838,0.025794917324424516,0.6699633176957299,-0.07841661136323058,0.0962788715812789,-0.13490664982466505,-0.14267771528930534,-0.3632884531433158,0.060853901170289215,-0.10874550263070148,-0.33477597130059666,-0.4806311435996984,0.3773306025277748
0.14615686287881935,0.6170842595466526,-0.454592963349015,0.2821415591609402,0.177076088445149,-0.2667832574520025,0.0908104565585636,-0.2297400273245757,-0.1261030487183627,-0.3965312736793324,0.09682903067274007,0.07881550749188962,0.08105554380096353,-0.2574936127630253,0.474127081654229,-0.2913502899087903,0.7597428170726015
0.43468937219996495,-0.01681169649194489,-0.2136444435882731,0.15567323852373127,-0.32014440968501046,0.22820527446529704,0.40415192391322086,-0.284001741419202,-0.19840854717166634,-0.13529612326244345,-0.04347129594466692,0.520643185080791,-0.4270215447691119,-0.04245345219175595,0.09442630382300321,-0.13290457854820212,0.4762430936929252
-0.5234990748786272,0.1760168412561039,-0.34548028903445593,0.2684359142891015,0.06462083488318038,-0.03119272531413997,-0.06433974133533199,0.02242829877759772,0.3398028853969796,0.014992759258901867,-0.28359926079206005,-0.25532368847699577,-0.32124010789857016,0.008406709831221326,-0.5755499196589529,-0.22032175138244445,0.3738864166889054
-0.15758032259167706,0.25785848340962064,0.46935432979784153,0.19599153450411178,0.03314220672481963,0.017657493843234562,-0.13857132902218572,-0.14853304851900073,0.21397508237880258,-0.09951293925641136,-0.7803771805660593,-0.09122431242420424,0.27433680892428036,-0.07128418242671025,0.32374334782320247,0.4582531546344557,0.5352203702551922
-0.11270025878371764,0.2694614136823864,-0.23194701764121287,-0.2216863225709145,0.36569335865167063,0.15755546706152435,-0.6503792052167048,-0.49549132164353527,0.10852230470527097,0.14185712078349977,0.07405799524764456,0.39734470006211253,0.11722466204273885,0.02696871585720967,0.3821689813790635,-0.6575268264964376,0.9017656604998388
0.07246712595398629,0.029511206746284657,0.6367649398037258,0.6607194596850965,-0.5961045516463146,-0.08501629376490327,-0.27162294667185427,-0.06123358850054417,0.31251827424000905,-0.22624710038170615,0.06955892321775803,-0.10223308651635371,0.05271402320240842,0.07405880949017535,0.3044608115250832,-0.26718016581806425,0.579966904383824
0.16323201802289836,0.14420232089651625,0.05826897923447169,0.212317574467642,-0.19727031333360798,-0.20010363050543473,-0.24985460631643192,-0.39100430768806416,0.04692149736569473,0.1261806688568723,-0.8661382399946118,0.04178668500492283,-0.2032615527481453,-0.3110243956975909,0.3453685237132441,0.378735835937032,0.880498023405049
-0.3114731566098091,-0.10175857668240804,-0.36654505128281945,-0.38958967905672676,-0.15004309490023618,0.0456426930434225,0.1781844451368389,-0.4470993909327679,-0.12147445013267316,0.1550490369265134,0.1636356357194798,-0.5631539765623376,-0.44748494375027525,-0.426645793850067,0.043154673762096585,-0.13621831585886515,0.7758227959499258
-0.36995764057469427,0.1686566002779249,0.5480170132787132,0.01957189986352731,0.2010381066160386,0.5434567751514382,-0.20541657136741748,-0.22338522321391951,-0.10396575658354862,0.21791975985516232,0.32235217642171055,0.023718935643639638,-0.04348738132529156,-0.11596285254427852,0.5842109408488775,-0.04450202861532812,0.7397679517880075
0.15436910029671333,-0.4210891545714154,0.15486651355450037,0.2671500651819797,0.40925912168117473,-0.10724274889552143,-0.1163006067689905,0.3252986328991498,-0.08001686243671308,0.25009180295558187,0.3710575194653476,0.6593898153321712,-0.008305547089156096,0.011669864505189032,-0.019411370758317226,-0.46899956771699214,0.6329617789511391
0.2835517062224463,0.664549187041481,-0.14101849407045766,-0.1547879919272691,0.16563137219755075,-0.4372059844635311,-0.0937192166003281,-0.4242971301557775,0.0755973560642537,-0.13977998692773086,0.14208686319829467,0.08723783566136487,-0.3553992799341571,-0.5568220176142031,0.2907236214944181,0.09878801611131224,0.8386685404985861
0.058447591029449145,0.1215023491866214,-0.16935200278884746,0.43380901549664064,-0.12984149855011395,-0.45021288736354104,0.16094345441724553,-0.096137657374118,-0.7752040358727821,-0.2477224540030576,-0.29951338620809165,-0.019731882421776276,0.42628440368304665,0.55257734679231,-0.21842195433068645,0.036253696243169084,0.172631832941176
0.16503749350863428,0.3743571440180486,-0.04762349199061136,0.24352621906070693,-0.058850288253001704,0.41849636811431623,0.3122307616520893,-0.4178283247269087,0.15850332830855868,0.3928323882660596,0.17377664658735348,0.06679051232579301,-0.1302404110826581,-0.3760839676078185,0.5060659420105386,-0.25350748146393975,0.8460722687907098
0.21008417874002716,-0.17442837019642318,0.07934540263567569,-0.5582987928566421,-0.17430428495990005,0.16906369863983617,-0.24296754875843762,-0.46722251355909117,-0.2799172656443179,-0.2764021442691952,-0.17239832570750052,0.6286816499255041,0.02908216929102636,0.38584516784730005,-0.266001054737128,-0.18887534182916196,0.6268918305032861
0.12218911703573983,0.011927563856074436,-0.11789390534454477,-0.5244548684556625,-0.2982155254610537,0.3948204641554084,-0.16401031782973913,-0.15416616948072415,0.07976323621930485,0.01883124395190605,-0.17726371051557768,-0.23026440308815446,0.5760651205226779,0.03849790388534424,-0.034386518185751114,-0.21291847037572778,0.6436554744707126
-0.1432565887661696,0.034316565363997575,0.09776409871692388,-0.4252371559438905,-0.22827032050263593,0.7386457325709385,-0.10870641406451208,0.1860868837388458,0.447458308362949,0.14143713638794786,-0.06598291625106989,-0.720809424176375,-0.30391215472145255,0.0304120837811393,0.1092249043997301,-0.15819500891618024,0.7462709090940031
0.5683976516612862,-0.22170273424601264,-0.24848535425530063,-0.1411216127499757,0.02219197832490516,-0.4323073118270213,-0.035892690325581955,0.1745685477466083,0.1451551420937666,-0.22770670756311273,0.41062033853600965,0.3932070350020028,0.31746034874896634,0.014399427135372678,0.5487116059267817,0.14103346932415056,0.5377027379420767
-0.025681976004791218,-0.5835540102357988,-0.3227751862865723,0.4239633667342676,-0.2481175227971713,-0.2721178912491393,-0.33393729614312584,-0.27739024585658256,0.29777561432189437,-0.027938329025631203,-0.4031812498968983,0.36690134828074905,-0.030773663580858146,0.04217997614840685,0.022917517206976545,0.06820586257311119,0.650859118474397
-0.02123054076843517,0.42336579049907447,0.2615950179592493,-0.01720882560600384,0.09465000907100707,0.48886397542498383,-0.4605832888331586,0.46624548196340404,0.2732157541821111,-0.39910038905219025,-0.2221585010188831,0.6775692826535432,-0.035830195187503744,-0.22289081796508167,0.017964098581438104,-0.35663562599026066,0.6069912959621495
0.03245869580271918,-0.20821547532215798,-0.13307646691863714,0.21753403452466447,-0.4163479070803992,-0.29456587025116643,-0.20906758402456183,-0.23627949171149068,0.2724748375261148,-0.2091459948147646,-0.36958963562541475,0.5495472998146815,-0.016234386700039072,0.29176927718030266,-0.11031442541303582,-0.009373295309876767,0.6232852799423247
-0.1356219513743078,0.15563435576093299,0.5858898484309185,0.24204475265643233,-0.01618213215368386,0.10468715631903747,0.1186063927104901,-0.03846721236444062,0.3198171331348073,0.678985100939355,-0.16157240217920232,0.5210530544355912,0.6010459650315706,-0.3106120342738321,-0.041161416060664036,0.2510922356861778,0.6751412047893389
0.3806502669883703,0.49677452856039134,0.16801215230954464,-0.23595818734953364,0.17044988184265136,0.35133721753084723,-0.05423818276144314,0.40955261376370894,-0.09047827203800396,-0.09605328867220364,0.12140013675522487,0.22636712621556296,0.04628441171626052,0.30246046539004856,-0.389847381587729,0.16919745171497905,0.3856845601217269
-0.26250058262936016,0.45543259960529675,-0.4454675065092272,-0.6249675811648321,0.07471183052878849,0.12676913452369676,-0.23952546293003374,0.41828743076809677,-0.23876436514951221,-0.22183426970721842,-0.6518284937096326,-0.13787700174799927,0.31175077328270784,-0.20350267353735574,0.24722601842951064,0.2562254716005251,0.5272032264380566
0.01475599177234176,0.2896607092409748,-0.17025418969414027,0.2542389837500879,0.0026855889200256833,0.09002398592288097,-0.075563586124084,-0.09209609261224833,-0.19050506769712827,-0.31958610061149895,-0.0760828763031412,-0.13634836511329737,-0.3987100714662039,-0.22381658847892374,-0.5260847879337078,0.23971282508975172,0.4180807394114314
0.32624379560248473,-0.41058605672943155,0.23053443270211096,0.29919204072493233,0.5161556438936896,0.24932039665859473,0.37237570061613745,0.4608648804656053,-0.03604858750055759,-0.24472024320885877,-0.09363142511950562,0.28872549946237747,-0.1413891105550047,-0.31251268211954447,-0.29804942019698166,0.06898415467622261,0.2603079252326033
-0.016287656295027896,0.1812602577323153,-0.6177186874771974,-0.2560909726947225,-0.0921464939264363,0.24720302830568364,-0.15608083052779304,-0.3960605095718946,-0.08515284936241618,0.35530946252261386,-0.12984466414894597,0.12217889230068846,-0.14114795120752693,-0.0279690648611014,-0.18194482976994286,0.1309884336318846,0.7696867158969413
-0.7797376703450398,-0.17526529208597288,0.0233363435349338,0.4934334741899644,-0.3980022812939149,-0.44574964115738713,-0.019256267849980503,0.3358729811849654,-0.318330168763213,0.06529313796044489,0.35055234450308026,0.06569372928095264,0.10175683310944883,0.6903786393345178,0.23517558994563903,0.013629026919419612,0.6790843519400317
-0.05880610841841835,0.20145536296910932,0.45274029852097,-0.4028870233476956,-0.19347361797552087,-0.14999966458450326,-0.10775082732829645,0.12775096739245112,0.20582079727406521,-0.09804551485248703,0.33535061339291583,-0.18625896509754952,-0.04247551864494015,-0.22255470732547858,0.06075791121627805,0.035592910355529986,0.6442107870435112
0.7993566786801711,-0.18554147475699662,0.04525403639658632,0.04961305824147605,0.158688495646143,-0.013090140576750509,-0.13170770330144888,0.07195401456442702,0.4530353719584911,-0.04225948090393983,0.563368681373688,0.0137583661894429,0.37507621364597654,-0.375685150423684,0.032284939397296264,0.3866961652566667,0.5657282812065422
0.34766828114467585,0.2742174104069857,0.015695740677731412,-0.4072987892102045,0.24825943408706008,-0.09497134451299483,0.3102235759460993,-0.4519498678498353,0.2874435604962081,0.0580868807882422,0.48939159678592736,-0.2875726708394877,-0.028119801665498323,0.06811781227871727,-0.07424974418927466,0.33423776310162945,0.4841183045110288
-0.21716305497626676,-0.4159117930689018,-0.2681391778488248,-0.23597227300576615,0.6602344655766457,0.03902701696530397,0.2562703505274094,-0.1628922570547125,0.1558473139029495,0.2113954354380947,0.14082010647974919,0.42507264546210677,0.19038809003385015,-0.33900983772043336,-0.2597182378864983,-0.24487832085932806,0.8213735867980109
-0.0307368599726478,0.04756082518932642,0.10089216691031175,0.26055526619511227,-0.335306939915694,0.5039382832194416,-0.06465324074727816,-0.3332830443734274,-0.12300441599579154,-0.08664623865466958,0.05446833293468134,-0.03879524768482582,0.4166932776537371,-0.14284974772191186,-0.23207598895625392,0.272836281709087,0.4565224994306678
-0.06396000388361035,0.03571713714695113,-0.4580969031293277,-0.19880231066149412,-0.5566814195896925,0.04211101226684966,0.2738171442907815,-0.024360173114316874,0.19969555274404513,0.30855503498803327,-0.18103306167736216,-0.5766042744245415,-0.27437277511734603,-0.2863347589810076,0.10153680041091884,-0.21912664836482168,0.5260469478157581
0.07151508830013695,0.2681550476084414,0.18648990617849362,0.00557981639370847,-0.260326438809553,-0.16609329012544988,0.021126264522677796,0.4796329903163384,-0.2776124238710149,0.2000022072020502,-0.36594774593633106,0.3990869988663569,0.12607380855882022,-0.11702789691385429,-0.08630035386208412,0.19343877845740473,0.4891760689586695
-0.07124170944791916,-0.2850390780694194,0.199944081743059,0.3555445402899361,0.37552335636733025,-0.3507845889276623,0.14072903480404647,-0.041584180305056895,-0.7674616188274208,0.04672325792002385,-0.39527570700454745,0.3681697199288526,-0.0879580535029108,0.2768781451314608,-0.255809198488402,0.3596532263308807,0.4871390817918561
-0.1862397814204485,0.12226708643198159,0.3249439995962126,0.1102763362385053,0.020968093843253655,-0.23226463143345166,-0.10255896345407235,-0.04097412089302066,-0.37713192696510084,-0.4305958922914699,-0.6313535084377245,0.18255315414064452,-0.07025739888775673,-0.3083677858130426,0.04331311729601495,-0.03132589804692651,0.5936191919431562
0.45450992589015565,-0.23166926002570565,-0.19036488755451406,-0.011779741683331069,0.048106538758738715,0.36559312119201515,0.3795281175246354,0.28195424109940886,0.154768427412289,-0.1500479962932375,0.07399110860299646,-0.02507756145950765,-0.1636046226878653,0.10040531567220373,0.18275188301291634,-0.10625831845177472,0.2664146126472517
-0.2789077459647568,0.023119695582356437,0.23544343927882302,-0.5836883511513701,0.2849268258592375,0.04215499213694052,0.2177214209574127,-0.3492618432714168,-0.39519131216309705,0.24253041733912895,0.19603208061515986,0.43402061182126184,-0.2372291332469182,-0.06811620002598723,0.042506939928777965,0.26478143830096745,0.5973626179209607
0.16528794200376892,-0.458272664626857,0.6292690342505396,-0.18896099571398967,-0.44086506227685,0.018708810037994184,-0.09934562071822155,0.25084136519039485,0.008869422212377409,-0.5124872380102015,-0.13264733567132608,-0.29512153199474334,-0.08012341810975643,-0.01494429121841262,0.19785787743784533,0.03105583934387872,0.2905433785354954
-0.20239251970779784,-0.1415636902211918,-0.21419349904906318,-0.03720313205687359,0.2197204798614693,-0.43378570716863024,0.4299247346953718,0.39781761096000295,-0.6639460561236379,0.1457385106037543,-0.16100684124149583,0.011505105352476938,0.056036841499352674,0.13117676990031502,0.03430684921802596,-0.21232353945380908,0.3917698286934272
0.34131774856238795,0.10784604337499953,0.3765178500821772,-0.4583887247207028,0.35895079307254063,-0.01061876956630925,-0.3009858931830522,-0.0808034886943631,0.5546160027781499,0.15388525223897953,-0.0641786122846007,0.1805406503810488,-0.058778524254578524,-0.09933097393643597,-0.07819011447103452,0.49717952589146264,0.400182608744446
0.03523864458777644,-0.06531957642550154,0.5660480210930184,0.36506815585627894,-0.12889108972902097,-0.1440385177872962,0.28721308303304866,-0.07106371595555339,-0.08015628276804734,-0.18540032861557942,0.3819058319309574,0.03734196136078456,0.3008421794315117,-0.2200327143600901,0.3923719129258155,0.151061114640201,0.3194535816590544
0.10560452044581738,0.3940891240503654,0.29122987090791397,0.005066801385787079,-0.22747832282272634,0.17949855770840484,0.18437950185869761,0.3068682183019545,-0.06327598892041511,0.49659477098913385,0.5174813177236792,0.058273420421721095,0.019690436504397058,-0.09964259778317941,0.11131320609084294,-0.06539805298950377,0.796952483759909
-0.04249774336561549,-0.3092789171662614,0.09794453949348375,0.5337314433791274,-0.303516753627537,0.14440451928009723,-0.32121514856714534,-0.7510671867214155,-0.15241654856628134,0.24177204940273334,0.09956064538082876,-0.08844749597792827,0.020485964528573986,-0.408357559071389,0.25662262040692785,-0.39820159725153415,0.7284920425958995
-0.26164469806096846,0.26843476447558606,-0.378553470332765,0.2086638926432991,0.010523520591087354,-0.37491330060407135,0.14036322047326744,0.07350004818691408,0.4281758976103707,0.06747508570058458,0.001982770784529242,0.4826249286762313,-0.41903039191580516,-0.21397500405590428,0.0287265569066264,0.44313392135634844,0.6211384227670113
-0.210763989940463,0.09477350520192279,-0.28966162581802557,0.3935692471245442,0.4108136301956533,0.2709266502930019,0.5315918646218956,0.2333041589568547,-0.4850255107702102,0.19158354947312328,0.6873337928532487,-0.1301962451726888,0.09696651596654182,-0.07455676058079069,0.2213218964967546,0.16060195507844016,0.7544643984446953
0.4270544535661401,-0.5650722416212618,-0.5798451015554723,-0.18293997957307084,-0.1425440335264685,0.24145491057752844,0.22330971431835983,0.42835846381494797,0.35835279020927324,0.40077379725586537,-0.11195756092528214,0.06713372460221403,0.20285147096944167,-0.012320812946613857,0.23679924005042918,0.43707570002158846,0.7753458060227398
-0.048184566072240656,-0.030392629411153366,-0.1812718430484754,-0.05793009728608589,-0.023811486551192418,0.07787664982385767,-1.2914456404282812,-0.004383313598368743,-0.027921254009136892,-0.05541463074822661,0.06168566543080123,-0.2109426478836797,-0.45080801939634335,0.12060264419902234,-0.31424016115645015,-0.12516700280913592,0.7270896843406608
0.5227299808141951,0.0944593502045547,0.43770056339552565,0.19846223094696014,-0.059027845394127004,-0.2625955240303508,0.30110066283783177,-0.173763812061149,0.06129695600748719,0.19418748973077138,-0.24096760352206115,0.36523759335851147,-0.18728798117016826,-0.05272232543493954,-0.3354445981952646,-0.11508041259789611,0.3995606777784162
0.3068699102724551,0.5614667636119055,0.08622747177046858,-0.16273139896672606,0.6227976376466088,0.09768566794603051,0.10549697550227362,0.27242842894201297,0.08916978363226095,0.6347257925626792,-0.4438879133781901,-0.18750798061971444,0.23940129054680037,-0.08680355490246233,0.35637081253176384,0.02736153707447249,0.7558440873295951
-0.4273184741404866,0.10316072724727071,-0.22010243739409643,0.20424474284196503,0.2594078100302951,-0.26999986582083496,0.18399955656128592,-0.27047525899890035,0.11079209744020972,-0.14071453412475932,0.24463150128654476,0.1258112765082607,-0.3683798458487799,0.11577829522957139,0.05550069758883358,0.44116173929102553,0.781094160310945
0.4196203874034693,0.009564021655686455,-0.4376482723536159,-0.09200022330847951,-0.19330451330634707,0.15617245155206272,0.24642478132201256,0.37129652253120776,-0.07922064592966588,-0.07817627318055043,0.12836067254836914,-0.22636977399796493,-0.05933145180179561,-0.40643186285621474,-0.15070916195748907,-0.002616265683603569,0.2031025413043567
0.07240213603759327,0.04344296496012284,-0.1603924801684755,0.035868121272111975,-0.39917429737475396,0.014988644106368243,-0.5792033430199844,-0.46250758399806835,-0.2525978641817987,0.033631816855878904,0.170516069879884,-0.1040775734469831,-0.19412785129768523,-0.17947821100574746,0.43043844682024035,0.23624600427170497,0.8003275580671348
0.5881005695474106,-0.15984194528779253,0.02233520565988903,0.05302780396228146,0.012353815037565663,0.126562054995361,-0.10060232366559128,-0.22730115445500076,-0.0789111179063604,-0.09606346206272098,-0.040562258494405146,-0.19115954032500024,0.17586166272655457,-0.3978562201321546,-0.15122786579432101,-0.3559923446477926,0.2927784214449421
-0.4443615178679947,-0.19952435916248956,-0.018086906904427935,0.191188740538223,-0.5041909789668642,-0.1389164301054393,0.5452815922613174,0.3590564626707677,-0.316104043245348,-0.14320100291415694,-0.1495220109571368,0.12161089872588585,0.22060180040791377,-0.10127966211945183,-0.35297976596326075,-0.35834685898648355,0.1407923006255647
-0.5959184248742309,-0.08186429043848822,-0.2668566502705425,-0.7172386947648917,0.3231024739524726,-0.07241978246935965,-0.10463442008145567,-0.19966416012530852,-0.2891680408087523,-0.009075632573049441,0.23761315531996474,0.07249372890880242,0.26875498040192625,-0.3850677307143732,0.22177857295208703,-0.15960497900081907,0.3307730793785901
0.37563257492343005,0.134585314666664,-0.3153077297740382,-0.46597785292313165,0.47144308848871186,-0.06418071109616019,0.28418543071165514,-0.06231518181052165,-0.017302936468355262,-0.3144697644622433,-0.047306769054597075,-0.4496199098224568,-0.4769819129730516,0.26001575279746025,0.31624286089170217,-0.4253212245056732,0.558317558543494
-0.32607506523102536,-0.16032555396502102,0.028165849626469508,0.11360476201256886,0.6063951813095113,0.35616285860998187,0.7193390538393816,-0.38643680593470986,-0.44192298555752346,-0.40331193647823615,0.09278161860710388,0.2934989463411315,-0.20625133031535037,0.35293896409151193,-0.1281718742973278,-0.3099141652140732,0.2539574428200385
-0.07032426688832885,-0.11750622460156843,-0.23515908685406908,-0.24973588815379108,0.6568053623930818,-0.09218149204349113,0.20840497622548337,-0.1112464461317964,-0.3071922203992821,0.08739102626226125,-0.17905237781016786,-0.077613530362131,0.08245855695888682,0.13696864092548844,-0.46798752296325125,0.047335262859437705,0.3410698025552134
-0.46489058845861647,-0.09597588196761764,0.23652891576313936,0.10751862181887584,0.08992142268288822,0.06734426059798893,-0.07205896837297941,0.109486626368898,0.32591348931180797,-0.08804045018844042,-0.4554188913743096,-0.2520283593531307,0.046828321046323174,-0.09548010932432799,0.07599046861511904,0.37434723902309325,0.6114630543055883
-0.190116415876281,-0.03265225206240269,0.24513343078905192,-0.15103207565949645,0.4397193185315622,0.616122128581159,0.05662115820790607,-0.06786870192313138,-0.10754086872462831,-0.07745009451176066,-0.2889940756595817,-0.2528654567300484,-0.0010185142630128041,-0.44460975141199766,0.015454183434476576,0.28970252215879155,0.5046446102397889
-0.12976736099861053,0.23406890540997877,0.2327858263855258,0.19256014662946397,-0.14893359082510255,0.41277942874456974,-0.20466628078133636,-0.5463273930307978,-0.036729526223136744,-0.23831563601325856,-0.2088006466495926,-0.4632404686318996,0.7194128725257006,0.2979030456679145,0.13430241996400538,0.19346606957239001,0.4595323046840447
0.428044430088905,0.35930436232950164,-0.11382026973341383,-0.2546087245104423,-0.15870545374065204,0.311893644220293,0.1946576821982106,-0.2934112791116782,-0.5777651612102823,0.31842377887804996,-0.22915467854658547,-0.017633595873602186,-0.2574717692041767,0.367909101631705,0.16909996318448683,0.16643495394734548,0.5507052073927854
0.41737762017913915,0.24992684403190862,-0.20874513623231164,0.0716995450456519,0.44193916646362663,0.18460652939933975,0.15079574810405058,-0.09985087252141228,-0.17227756716529913,-0.3523443420775906,0.38176261984765203,0.15410920988065685,-0.14551218252231618,-0.4246430014363006,0.46301045388486595,-0.3715728701315093,0.6353200766330831
0.05167754961696044,0.15954143056373804,-0.6573403990603487,-0.0017941891131561527,-0.4796774672400651,-0.34983202066201463,-0.5692401004959654,-0.02088596794976827,0.0021161726248185297,0.42885425355225304,0.05891890551608203,0.5086661098563792,0.41520193251267046,0.18542421340076176,0.21997075247498932,0.03312853914427434,0.8381170071184656
-0.4054216797085362,-0.2019919068969263,-0.43620348006266674,-0.177342654173621,-0.10495358042589324,0.3057314308724658,-0.039464202391405565,-0.04154879185785587,-0.5109381880261863,-0.2798708870853832,-0.10528616876179958,0.03196690080489001,-0.05207955055065727,0.05533605861678048,-0.05736482538495369,0.7282421931003512,0.5326647081926229
-0.20609429188647457,-0.007630057713105459,-0.23653388935378059,-0.29742501925501197,0.21680102804573748,-0.08665207050611068,0.01771020765459908,-0.0577634673921803,-0.22560309838987558,0.29977073882352046,-0.39618351508851146,-0.18231709564195345,-0.09561058808427048,0.2629831804802728,0.15245176441232522,0.23612277627290845,0.6331133490170142
-0.2764122971575753,0.19276381133573411,0.0035881771510387905,0.12969528319609558,0.21138512225896072,0.08680169553199102,0.7393011531174383,-0.11565939636570638,-0.10722393225690136,0.10340118509228557,-0.36629787064927266,0.26390574847859716,-0.18709557403429491,-0.4067421623841636,-0.30466578995342597,0.021548306238645648,0.6607556716925779
0.6179340616518575,-0.09226413412751439,-0.16493762628112693,0.23180578105642202,-0.3898905662403214,-0.22131255835172725,0.3055804479803262,-0.13251016757866718,-0.0015766677860921396,-0.08816463999830337,0.06444524141819913,0.4147710058130849,0.6581996343299864,0.1126024153666042,-0.272884317768766,-0.10719929135308051,0.2746867398910325
-0.022850037836220062,0.38845353545341527,0.5302517387711321,-0.3444920356740703,-0.0018035458440452123,0.26450898032019976,0.20856663310229484,-0.3048125372278073,0.1721249436982814,-0.5316252937906041,0.26715911273545945,0.34716260517049,0.20667943465378558,0.2551170984292068,-0.1045079599093266,-0.4117728937447367,0.271328769235359
0.3953835340807705,-0.1783223784243753,-0.19279482908376186,0.2728010100571885,-0.8530045096120101,-0.34247445463759824,0.3453139818054029,-0.0012162947635768195,0.04749091922128802,-0.16200895486648703,-0.15737440096713629,0.13172670446477425,0.17519291941881165,-0.09559613737919787,0.28418136571707675,0.06563806470942078,0.520006423393532
0.31374876988361444,-0.3960411452679152,-0.08759973159672194,-0.552525168069409,0.30456174454926077,0.26431556959006897,0.19184544303734252,0.4897677300436953,-0.1242625307456437,0.2995629654957017,0.20401319724039768,-0.3010353745205172,0.2158278754198566,-0.15441011841024885,0.39175783599839453,-0.28117688560974574,0.3611367086940765
0.5031687125766315,-0.40921511638777797,-0.45924471100897857,0.00634964068984839,-0.20401517219035029,0.21834073271353982,-0.19226157666251942,-0.5610484305198594,0.34110595437532115,0.0656001363276486,0.1849983616081441,-0.04420690012810199,-0.25475600419510147,0.5604497058620495,-0.2677018423709585,0.04295296489343073,0.5178202799818197
-0.056952835510904465,0.5990643736715744,-0.3571396979357545,-0.12215809834133912,-0.4031563951921677,0.009371375566543994,-0.4538872845578978,0.19624484866465058,-0.5411117993868928,0.31848487282620597,0.22021533670015125,0.44116332522474033,-0.15252157934875976,0.12395535423895554,0.4886344542435209,-0.2359112763133084,0.8145137194853
-0.37403366868440074,-0.27702174366866184,-0.20681426471942696,0.12546080732146914,0.14381428713609662,0.07800025295636537,-0.23885281301524963,0.021110978580151263,-0.22978348322793785,-0.5058601111699635,0.07635475698628758,-0.14447311476917024,0.10563587340930991,0.4810253965650848,0.15561064451793538,0.26537746455478306,0.5886158796975711
0.268731962672236,0.16738984708853893,-0.5451832445405894,0.4058054168764065,-0.15525020870491402,-0.2209459359087343,0.10337340611278087,0.6365335075946696,0.733322741680539,-0.592173001547844,0.2949937761532271,0.0725898752147658,0.07002996958733387,-0.0813664980475618,0.05831205094538083,-0.21985340747971535,0.4482076769372632
-0.03143278756078552,0.3549113557755454,-0.07661337671939392,0.2437009763603044,0.054671274997699804,0.3892525738031164,0.3314411978707097,-0.0656457431577458,-0.048227203831982646,0.29209309060951605,0.45906759986734114,-0.31969175186403154,0.15841136725837213,-0.3871859822225209,-0.03777816109259624,-0.2970139003985639,0.6217505246098426
-0.13147276493547433,-0.41961679965126875,0.3023713550937654,-0.1113174482501822,-0.04782297330969992,0.20100285864430434,0.22557989074440116,-0.3824174511666214,0.3722950321928853,-0.37054565425482155,-0.22632483569603165,0.37273276248716025,0.10208541904179691,-0.07089888517741522,0.22018713523574152,-0.5322471882845694,0.4089921547524085
0.057702335031659654,-0.18128545174211635,0.17880889405044714,-0.07265363486147319,0.21459070765873006,0.2569212823502307,0.25118459344192506,-0.6638352150521672,0.15622145130933954,0.19606219726355678,0.21920127581733062,-0.211692992095181,-0.12886258445634025,-0.06285784648000647,-0.3804948666053888,-0.25386579838208,0.478325254332999
0.3716124831014557,0.13239835947954998,0.029447649395353354,0.3733766290852619,0.061066424650597695,0.5350414472788582,0.04438233056687676,-0.203294034092594,0.0630565728123896,-0.5115393056921244,-0.1944870659099607,-0.15608492660159884,-0.3803376624368292,-0.007626885326693422,0.14108682772104653,-0.4620386488595227,0.6101975510996634
0.3947152841035814,-0.2846600650768701,0.2267024486788084,0.27221098207301264,-0.12274107085726842,0.4590528955834553,-0.31156149916598924,0.5734156247226287,-0.36760827147997616,0.19741359939621028,-0.37218888610757106,0.12842299347247618,-0.5576562440901284,-0.1085690178436598,0.19546892610473054,0.25662910518418386,0.5695818075495178
0.1903211965257678,0.3617862426126455,0.061049800744460286,-0.07478799091981198,0.10729440501848136,0.4745895726418924,0.18202948438982086,0.6340952508000548,0.29093063797149193,-0.23649565258621885,0.02131132601849428,0.18041958363687577,-0.27070964858514823,-0.41397204411780963,0.3242273579290581,-0.12510120828847696,0.8817513286881153
0.08762782091473276,-0.4651223827220988,-0.6216685330890579,0.13300059024289645,-0.3321343040552044,0.23814225450873971,0.38864330074475373,0.16172187683182565,0.5932059955098912,-0.2873348500334293,0.22318858113932727,0.3432982147091541,0.04706213579449636,-0.01172442130532464,-0.12255604472385506,-0.1568668082412378,0.4672636372982179
-0.0523145124911332,-0.15066703290933237,0.5407305579570879,0.23118437155105342,-0.06062588291767851,0.2480360028487606,0.014410114121927216,-0.3765330400042404,0.09150574951069672,0.059522595453522564,-0.0878638239204943,-0.02133923086147668,-0.0629100720309601,0.3909695962581482,-0.4998151310166175,-0.4481450808223678,0.3771615183908615
0.24487823118695046,-0.21726695766505483,0.1642572889450355,0.09490337986149511,0.4805725213052795,0.2218429821622313,-0.20052481410024697,-0.7121541710894178,-0.36829759881498786,-0.3214471173238035,0.11185734071204434,-0.17101686579213235,-0.07318420035945267,0.21716940503126725,0.056925616913614197,0.10106556437874363,0.4960049832016223
0.398653856615841,-0.039924656776190975,-0.04634806497115304,-0.3540926522158787,0.08401707538410497,0.13998135291707847,0.42498778290529604,0.15729864102065866,-0.30918918527720946,0.4507088544882496,-0.05837381673550812,0.5825642674585487,-0.2881340411546204,-0.11762063800610995,-0.07469319863398827,0.30578708081771044,0.6337800127020576
0.047209444668372645,0.24300143539319358,-0.6611852354152856,0.6610823398928232,0.37315024216232906,-0.38763323729855337,0.3756733284359247,-0.35039496435110873,0.21312227448926793,-0.07323359262205464,0.0772854267072246,-0.2699647362880445,-0.2178816636937343,-0.25731801797321807,0.13064465722794882,-0.06971388500408127,0.4960387302996454
0.08909624623221155,0.31078859582579904,-0.22144425127323167,0.2863231801581124,-0.20562317535050284,0.10136479814168653,-0.4249364070012241,-0.07057026334293048,0.15925498417465705,-0.7336818564330004,0.061911943864348895,-0.07154317501922036,-0.18741687611009325,-0.2156626518821608,0.1476556000843986,0.4947900593931046,0.7964821462741609
-0.6768438777226669,-0.08750440832708817,0.3422068374325588,0.13645827730679716,-0.3010905920631263,-0.24039537298901875,-0.25235474344304337,-0.009873535489086926,-0.057797882089106634,0.4447269297155172,0.3885994624088488,-0.3034741446812138,-0.27242755432988586,0.015980043422280543,0.08257407164154296,-0.19736066233836017,0.6021555898084707
0.1608803787754412,0.5236646186732392,0.6254924800898175,0.07243123982833899,-0.047887618068974624,-0.2417791619952982,-0.04691762797538955,0.10143939130038976,-0.04664425976086933,-0.22360278384755616,-0.7157765496302444,-0.1651302885395009,0.039375599852913556,0.05468884564460608,-0.33200868486535107,0.09782856859951596,0.4597989259986424
0.4377869486950442,-0.030660161581179762,0.04817374028226698,0.41859337297371557,0.10161924406572764,0.06584458661010373,-0.2643315995876376,-0.27609773142421296,0.30484534168564803,0.35401975514477213,-0.3786667174476129,0.17769589175967743,-0.11831778939850945,-0.007738966861324137,0.08389086873198448,-0.3409197826266164,0.4207341313407655
0.1989950013394565,-0.0813018888844112,0.14980642052526044,-0.0012191618311944707,-0.08304199772291368,0.49011601963683005,0.2735041901691873,-0.18599399990605964,0.2959855378053607,0.21655234483742536,0.3536360375296721,0.29842607895925766,-0.1135128199228142,0.009150434105879124,0.3427998599769021,0.0483159579119648,0.5648866230657172
-0.21720381817854212,-0.10969506619440221,-0.5504754592927948,-0.3479568493536067,0.05912740924772836,0.4131738934808141,0.6025721129043144,-0.11916704127155692,0.2899777420374189,-0.22574629591183837,0.07266626315021701,-0.018308118785525147,0.3417484044364705,-0.13403667304852435,-0.17721200420810856,0.193854357296821,0.5389408054827021
-0.007683057810392475,-0.44287315537767713,0.3079482395257042,-0.37721127245202907,-0.43067777207820884,0.04656327156269424,0.34253549755771606,-0.03125422568883318,0.1118125853050454,-0.31161749049791254,-0.29988546424941026,-0.03470947086753471,-0.13547300255653955,0.1135174754940359,0.4465292683666716,0.3800972751769359,0.246818442730441
0.09640179591861354,0.016759491848691827,-0.08000488936104252,-0.26044408986961864,0.1025749253178968,-0.0358004109011939,0.42983672894819736,-0.05285458166328055,0.1370014052586877,-0.2466001500219186,-1.1087452240581486,0.5940143341331703,-0.23272154097225983,0.23632495311017043,-0.27223215706135095,-0.4323983253309571,0.2578654150150739
-0.04666827272582749,-0.44611283629909093,0.04827108433578675,0.33907835337287784,-0.2387013371359704,0.26249230760331155,-0.24635082787905865,0.2985306450007195,0.16959350570560605,0.3453956161757157,0.4058630554323709,0.1686940577899931,0.27422225898787245,-0.08834689759966136,-0.13601942714136495,0.10980222592858366,0.5104181069365336
-0.9422832904458366,0.4112047019991281,0.18967675203233306,-0.15750213623510634,-0.17529732633462294,-0.040765676843657506,0.06713472936003395,-0.19821026016937465,0.4587837612382294,-0.05447118101332604,0.12211898110284336,0.05457670024996637,0.4755971889152999,0.2525786840120967,0.25830211653199486,0.10932797733244733,0.816788923478222
-0.6697890187016808,0.2891105166765802,0.4484063886211813,-0.0677355794971764,0.3028444526066103,0.19967097776354126,-0.09140938380324325,-0.2134639222816876,-0.2184242309435397,0.10918872003623825,-0.083473045932215,-0.05716622733475424,-0.16721680628844734,0.06589165251126955,-0.1484246907279657,-0.11416271832768268,0.498822751750223
-0.17386157691060114,0.18794442491293034,0.1347960310303979,-0.27978776024776814,-0.05420897651583498,-0.7241406556286601,0.3636787726170723,-0.522411977672063,-0.2344888250208097,0.15033821754079324,-0.22803272553914733,0.3621718472950949,0.05847462366571915,0.2664969973603961,0.07653455444302126,-0.20509066608923646,0.5073044009582786
-0.42957316386949734,-0.2858356166303925,0.16472728490043081,-0.12714575433694464,0.19846262125585318,-0.28344269981481035,0.36277307294663785,0.2560920243014549,0.06681518869652163,-0.2628257632952977,-0.13151172347852652,0.41135934445964795,-0.1137014975484143,0.011829964228875056,-0.23356292793885614,-0.13594720599200436,0.3808756774654058
0.2151716509279897,0.45221074893402663,-0.2756074121453477,0.3674075268031549,-0.34164090413699943,0.006373825100760788,-0.48790086035729796,-0.055784877906694785,0.18778813575884673,0.5397188470374843,0.20160869070342446,0.2553757663565076,-0.2190536873546873,-0.11225205500253166,0.0026805253861987843,-0.24411626518379356,0.5713487779772981
-0.0021242098277313506,-0.2683802944875576,-0.4306863559043679,-0.010651542728442376,-0.04353921123629656,0.4825805418526604,-0.5729172327220077,0.1531411334187998,0.08995363054335519,0.4459332439484751,-0.029870690663660604,-0.1673508160001723,0.020136766903887326,-0.13931110808373304,0.3439573422169714,0.03361176484242023,0.8337490796627188
-0.26553574141109504,0.007334689741577777,0.3056575247271802,0.19940053842094796,0.4298498056119293,0.11206140988808211,-0.035889678531452626,-0.20773293535444426,-0.03668738355599174,0.9689415859297705,-0.08809072467123275,0.20055160633939945,0.4085800880527829,-0.0017131842666511243,-0.3178432794589956,0.00022927704771763535,0.8576467588278436
-0.45827032821588587,0.6639682877963116,-0.05657526327338844,0.2601206844034789,-0.17406552867925457,0.02291044453134805,-0.5418422632541742,-0.058449671302675865,-0.017326261371639146,-0.0029891504231736032,-0.37114745561809037,0.1350176086289143,0.24758339171389177,0.021746991986386077,-0.251422620825702,-0.17247419503978298,0.8210213601360593
-0.12400935513114023,0.1575745706894947,0.11138873239450503,0.3480600015659504,-0.254466327038171,-0.35595130315173423,0.11189934736414299,-0.11388922019934666,0.42072082373410874,0.13290308657465544,-0.3377642078564307,0.3607275394700764,-0.3350014018726423,-0.5358256072241999,-0.3535440261394367,-0.04279162851376228,0.870772295166595
-0.07739893100009042,-0.44726891166791827,0.45849491915575646,0.32637143571869554,0.1641149816988729,-0.046846495573436564,-0.19728820069211267,0.1594822331263243,0.06713819772592045,0.12255707051273945,-0.09398485750766628,0.5553576740232012,-0.028542289963854828,-0.16611638699417722,0.33161482523705155,0.02527215389665638,0.6418266461127736
0.43556195713869705,0.5099746897433675,0.15781559550450455,-0.12147542893455121,0.21793100854643388,-0.08010362559851669,-0.39135615713581356,0.2735045390012814,-0.14725393263428455,-0.26902107217456717,0.2994657351938407,-0.3264673495427871,0.4586421900124459,0.5453677342307638,0.21333790089629023,-0.23618296137756536,0.3525838679722137
-0.02326121159486589,0.22489601347855354,0.08917334326289694,-0.22077253035536037,0.07530048253189398,0.16886377050705026,0.116675067238566,0.2794302846566385,-0.22488337107893208,-0.49253977267034743,0.14774805015873238,-0.42015246749669133,-0.4179406539989956,0.19985273085234279,-0.19395216022831596,-0.44476384236453526,0.2520650457307765
0.3440997803826436,0.1081927129712077,0.4130565260690941,-0.29885591929600647,0.004880826723046183,-0.02273533143990092,0.17102951739621514,0.13666664874072681,0.21530789617477894,0.44482178728315014,-0.2507437657262154,-0.11050159095667708,0.29571997684463436,-0.6501391169448358,0.1890087897592122,0.2728088858264464,0.5904054228334569
0.2995621696647017,0.4644558248291282,0.2359149812593042,-0.10257799994018052,-0.17514675423300197,0.08816033228354281,-0.3272185640300279,0.2685759508542715,-0.5153831660895214,-0.15620069896330535,0.4904681741236526,-0.533712006274574,0.003492421703188253,-0.14425820460574948,0.06063133345173133,0.16032405589016996,0.5224129859495261
0.2190318923933056,0.43917075723617144,0.08680539965086081,0.04427459094185593,-0.31829887149072544,0.2336708161266885,-0.2270930276892269,-0.1987307736401197,-0.35141029743175073,-0.6348900921882004,-0.3468455911148438,0.21511309837546536,-0.12051760596871852,-0.24033566463682848,0.1421615004570308,0.4672163919175154,0.4460288546948615
-0.33055263172330746,-0.2946265031754913,0.6225160056214796,-0.45743847603662163,0.09819062311897758,0.6837707855680605,0.04352378450995306,0.12211752144537996,0.1307586150083293,0.054335340240524,-0.11251583927969155,-0.4324261174726277,-0.11294446253192314,-0.4554087053489452,0.14641469151667896,-0.049983752557705624,0.5672218869110754
0.40349132312748165,0.1735742191002096,-0.16507765809679717,-0.233547862826418,0.09922022896655508,-0.39320457650677176,0.20310744702983913,0.0652625323109916,-0.12478191361848995,0.24810913016103164,0.2615874126055532,0.2409415685999434,-0.04273233108914065,-0.2676566599619383,-0.1644218156941888,0.046728245289947345,0.472867533638253
0.1956433558935687,-0.03565625631513447,-0.5366919152831372,-0.4494910864266686,-0.01927695422274317,-0.1256981423502288,-0.0045725590372547795,-0.2933120157081716,0.4301184437551046,0.6735552073347679,-0.4736657368282014,-0.2551201502074821,0.1926467540129676,-0.051814259101421234,0.0911217221027435,-0.07589542317826223,0.2067185513378323
0.23189212018249997,-0.09094864533478586,0.16282175430280285,0.4105910870156432,-0.03446762690288829,-0.13980669520811695,-0.41127290583476184,-0.061792224570375476,0.032158485563503564,0.07442836933860675,0.6338318578883536,-0.08740453288645883,-0.12802623807595276,-0.1550034468755519,0.727127345361353,0.34654568756017595,0.8330293292025455
0.4187721567448078,0.2660226422683524,-0.2090919987569266,-0.1821812632367097,-0.053185233644195445,-0.5385281588242526,0.4543272716207719,-0.12669864665051167,-0.4452985739205741,-0.0741570786159409,-0.43094785585804435,0.03629984953827403,0.21958839376022654,0.16454735954932143,-0.36074796823745314,0.19494835162917512,0.0923688304902929
-0.4911780311145081,0.27862643227110556,-0.17069955701931924,0.07053394155991854,0.5498047442789222,0.20407896882814114,0.10166202470005427,0.2956405973947875,0.36619009356135546,-0.03557563926589591,-0.08052244037559636,0.06003062887783911,-0.47179221361400503,0.5812700240183322,0.17536226955356204,-0.1568116730731415,0.6689120117788588
-0.02578754276434885,0.3202881608370057,0.4644391364038635,-0.04327029298853435,-0.6637697198512373,-0.021241961615835248,-0.24762172351475342,0.08478887480554281,0.20178785594358445,-0.10597572569955416,-0.28359598478573134,-0.5503958146589825,0.030418806041494162,0.2558744674587359,-0.04830055472063777,-0.3289727813428255,0.3136689874938741
0.028656354427095354,-0.1685056399749687,-0.4996816464163575,0.15007274584543606,-0.06777856359574458,0.12401818570012646,0.19820349374149066,0.1477639988153993,0.23834469257879812,-0.010660209020081579,-0.2702644305208689,0.02623002771680763,0.037695372799519566,-0.30994871082934466,0.6429886859626665,0.26751169993744583,0.7825697159579843
-0.3024152512114609,-0.6209273896583926,-0.06048357193002349,-0.19337867493573735,0.055081231897958605,0.07152935072806521,0.20557377506678876,-0.597493827403113,0.18647251752023858,-0.31989407236705614,-0.3670361117158999,-0.03703380495714138,0.18853932199671974,0.04929325533766887,0.15046973791706286,0.06770278543184816,0.6118142582581543
-0.08688496803661705,-0.46409347801548206,0.6000249597332614,0.14869339824142802,0.3498546765657068,-0.009980397494936066,0.2065834952900697,-0.08835123305697512,-0.5636198578015266,-0.0989458671875818,-0.28678032032843237,0.15237565764996452,0.11804728235170514,0.4020529394053064,-0.2504948856942907,-0.06894363594239336,0.271527477660257
0.16121131354023513,-0.05161656317898616,-0.6859802961211917,-0.11156542355730087,0.1776481659282863,0.048542699188827365,0.40606801598137493,-0.3535682646378273,0.09744691520961249,0.454768477728825,-0.2501830850908743,0.12927163659121158,0.3327623459710919,-0.03728839501376496,0.09701266283940801,-0.366893485812686,0.6220288808190279
0.3026280675788054,-0.1160488469037603,0.4505361956190229,-0.02105482842384032,-0.021491119379326212,0.12796146911713613,-0.16378634120538083,-0.20011773564952318,-0.623749115184195,0.4578396658736108,0.0753778443173973,0.25708150353722337,0.3418398067930035,0.23923692963313914,0.3648689399567414,0.19518582266609502,0.5716194260641975
-0.5912099116972412,-0.48466349116084606,-0.5356270600611085,-0.0911254321233283,-0.4095908659898061,0.38826493651973903,-0.5414503251509545,-0.1271179335015022,0.24457013863879698,0.06715850218372021,-0.07252325551690342,0.08130194383176688,-0.15492484353027774,0.09293253627414405,0.27392802369284197,0.10936668489619689,0.7993773735819522
0.3771779736716121,-0.23835453189085778,-0.4473253887235876,0.4335671320971862,0.134318566011898,0.25734325493726806,0.23686348991914746,0.05723338432263275,0.15205934427172602,-0.42621307051943325,0.05200336913515696,-0.13352433436631195,0.33807287981248024,0.1337565243900274,0.11884718128940996,0.08722442001879496,0.3683867804968171
0.3383140372595886,0.06408692174576758,-0.1633605266854655,-0.08152567468039817,-0.15674746140975077,0.14979353322713107,-0.08935162642050322,0.20313700539433027,0.3977216408615766,0.4359467521167111,-0.3759520651995703,-0.051388195359584915,-0.4166065785504693,0.3333205076748992,-0.5383122446725146,-0.3390834655317818,0.3125024117267519
0.11886594787845868,-0.2939627381745663,-0.36257311091444355,0.08893048849015361,0.19846565061499505,0.7398075113903787,-0.09758921236323255,-0.09472359472829162,0.303554171882937,0.08479858939976315,-0.6683311568775335,0.31243855671810183,0.18104524487773088,-0.2248070424966583,0.15058199603275202,0.12006516581248272,0.937234111356718
0.24668853232861285,0.30005928113491637,-0.15105165441216725,-0.06268380280555469,0.12238906371601438,0.227811533713988,0.14258673193625387,-0.20456526544458042,0.13686904945551476,-0.20231166307231951,0.004580427523230957,-0.23905411026317264,0.4176669684467408,0.1948853435896929,-0.3151561657757159,-0.4058050668757408,0.3081943560435557
0.2915329708891378,0.22274432122535237,-0.29528278155122056,0.0008294534657030672,-0.06631550915547713,-0.8261827553519807,0.3060703492329757,0.6190502682536814,-0.04467047071872793,-0.23310392188536821,0.14893738433533243,-0.1260892838519439,0.23009643572064176,-0.23432860161336905,-0.1621609407001069,-0.24378880086098523,0.5252641991311116
-0.29843248918397786,0.30695965968193245,-0.4333572253217026,0.19606080203691723,0.3933916754110025,0.26821478195850823,0.16897833412632873,0.017978706410323342,0.0274278912004067,-0.587336239714764,-0.17269991334430707,-0.24013388960385457,0.45379175744236755,0.1375233558205563,-0.0006479377692238941,0.38047266141280345,0.6799891964976915
0.23747643241128147,-0.0810949317165307,0.04528660427787756,0.5394239022640694,-0.1584059542633088,0.06154408986375348,-0.4548480076001235,-0.11350450200799272,0.19353902674675796,-0.5174064234135987,-0.03383690886112006,0.2162247603821881,0.10649928649318918,0.21884240266149857,-0.11805315496837676,0.6790889471175487,0.2344893839558387
0.4004453830492596,0.4457871281309594,0.1080950920416595,0.11092607320639214,-0.2051554364564601,0.007592822249910425,0.5720024270653433,-0.05826521452864286,-0.33295403394412687,0.491751128846625,0.08941395854984469,0.582233065441139,-0.4018288965637326,0.0314201562836382,0.20036598744370882,-0.011788849795229261,0.7572351593326206
0.19553929229103156,-0.10958239674489538,0.0807679564451603,0.07913421093274686,0.4066301868468811,-0.40481768139364005,-0.09188470129861671,-0.4445607423811052,-0.21814455282228973,-0.2925717118917246,0.03494533657196586,-0.2216256629767248,0.1272844808453233,-0.562923299813245,-0.02502354015465691,-0.0711968520997582,0.177711778328352
-0.16830915996032297,0.41088060733476345,0.44835520152181313,0.04174562498798334,-0.1821084835609656,0.10155401559854571,0.5721141484048503,-0.033500445117209676,-0.16660262668348524,-0.3498297733542287,0.46750558007335985,0.028931249784143312,0.39158571362484973,-0.20039230380959613,0.485579877600801,0.1063920193977576,0.4128255465784489
-0.15426308922396062,-0.12304116132188408,-0.5302140970918271,-0.13406966916426755,0.3443823773457767,-0.5980702277886738,-0.36990648308883234,-0.162543502269207,0.0736076260634084,0.06498709230088862,-0.374986864985348,0.35545866279015836,-0.06051625258364379,-0.3163507872958713,0.3952010629556303,-0.120869941766965,0.6911775983720888
-0.2569286433998588,0.078575448116392,-0.20230795036414082,0.6773241118791993,-0.3607858524838027,0.14075359587795744,-0.20485396577698822,-0.09662796827257442,-0.2951838336979209,-0.3086257571751566,0.2741784661884691,-0.42641346157307625,-0.10429450437095511,-0.22802560339014363,-0.3283141915648876,-0.4918081878826033,0.5204783364794436
-0.2687548855491449,0.5294540268655024,0.19204215988142564,-0.24873863039829996,0.2517623128224546,-0.029604034708868743,0.4993492580644904,0.034886259161555355,-0.5830528990846409,-0.16365974534559102,0.4906503158257052,-0.27976714478000797,-0.35695035651994644,-0.10443873499286999,-0.12243267176234063,-0.19254652063921532,0.4693271877294206
0.6809650395258138,0.5936594865765008,0.2524766497455115,-0.2694877386173469,0.09795008667161126,-0.12001585354627503,0.07352936853411488,0.2773872862332976,0.07804871257912073,0.18046263985421063,0.38240113128013065,-0.2085967411136269,-0.08668544284365609,0.25113606987992665,0.037976708538786985,-0.11677084918855143,0.7295252740368611
-0.02682439414435938,-0.04281373948090561,0.09110927318671022,0.5421100880048634,-0.4694125109592311,0.05662130807359733,0.057611063451545604,-0.27622571088633463,-0.05951518807776757,0.023488147987002606,-0.4335131680811113,-0.5198990145789961,-0.09789483027848278,0.1764996163531689,0.5039540216421089,0.10857265666380939,0.5878061248135695
0.17013400408626345,0.030811758635697406,-0.08838258765141574,-0.28396670577110084,-0.37073364515054735,0.2084572094436683,-0.08744593873952362,-0.11082164623361312,-0.4943517367482905,0.34923142903876236,0.09838652537784054,-0.7308003833111776,-0.22287457854337098,-0.05200787135372387,-0.3081128648660154,-0.22237519983525358,0.4082267176620917
-0.717096947938862,-0.24973318004949835,0.11374897664356878,0.29831834535586255,0.19993411493762558,0.20119590153834233,-0.5271774598818155,0.42343495195436537,-0.0731545226550332,-0.4330829172025813,0.37459065213875986,-0.10502219566020723,0.20009575822198644,-0.00891146418604083,-0.21872257385720928,-0.20022807359281328,0.5432127376756917
0.0920469689260007,-0.24914882123470808,-0.3670148631443805,-0.5369306632423986,-0.1081021010608325,0.05073691786189327,0.3875449461426921,0.2168446103302663,0.2068657775890037,0.1258752609280025,0.3103486239053751,0.17993537385574176,0.2458499265339068,0.21318436374671368,0.4002569057533788,0.026429647304804252,0.6288690817951079
-0.6558525332135591,0.14069699821284226,-0.39863951976996514,0.30854193124699414,-0.4425358241662097,0.12253743839114006,0.015960457171408097,-0.3308593088322431,0.14379505397849482,-0.06955527355288349,0.16116373970578746,-0.020652178812749368,0.3913986157431807,0.003929466494352718,-0.3198066978145312,-0.18398503326854518,0.6585047509998345
-0.17371944686474697,-0.7301289505463793,0.06327822701848951,-0.4913918654948822,0.09172490887219342,-0.3423085546511433,0.2926429534306387,0.3801349513773718,0.03526058063726967,-0.034715536586717555,-0.19880473238118515,-0.3350453094697786,0.07705981847565957,0.20147143346216345,-0.10791038657418961,0.047142074477462964,0.0923936847067036
-0.22488435217356728,0.09201623791337465,0.11726252056725767,-0.19834624170959303,-0.16445557284318707,0.22015517098363158,0.22737016701107143,0.16334890349181813,-0.35258888291930773,0.41255406987464305,0.011601714922560014,0.13946738076354387,-0.2914352480271559,0.3890937842192571,0.573214130688455,-0.052758399889898666,0.8747055460125254
0.0670747175977349,-0.3436504260179783,0.38298863149650464,-0.1396213233309479,-0.06908246480766697,-0.32397122998770633,-0.3934735956814219,0.09250879705205911,-0.1276080409380539,0.4319901626637648,0.3994691589733733,-0.059111864782177156,0.39452622909687873,0.5942445558491141,0.4331135201541433,-0.06333530835209919,0.663089400366553
0.40961983982955863,-0.3531591958371968,0.1762943276130277,-0.37531274082102273,-0.06311036286856989,0.44916051295921344,0.01832081810336665,-0.0629867378736435,-0.02491748699708965,-0.18565039039790188,0.5315871521265872,0.2628508259140513,0.2212779909643301,0.42100862497474945,0.2554458172725206,0.13177812997995444,0.356229671733732
-0.5238856308051323,0.16909088040346154,-0.061779708019105956,-0.2170460899577021,-0.4387535358114031,-0.47536784434238,0.2441145944003869,0.359603825545091,0.34004778102874533,-0.333669719865082,-0.16945860237778015,0.14185529283352813,-0.014260510808946358,0.19698035971094363,0.6980019944336119,-0.05515098976219718,0.5157835441908379
0.6319724672969385,0.172338751319835,0.5632736347241246,-0.01910570625259822,-0.20447061305322056,0.2138163735487255,-0.008539298275556544,0.27165321589991137,0.14849954822027764,-0.15799155145020427,-0.11930050754424643,0.26120612781548946,0.42254855203863007,-0.06391996419291218,0.48683602067836207,-0.28787315890300436,0.4564836425516729
-0.4121312442739383,0.17990201291336183,-0.4246183880818244,-0.3877934330049273,0.1508803298875101,-0.05301464208690487,0.11823818455623902,-0.404881099901182,0.21036648301341845,-0.35913960320646976,0.10511125379478248,-0.2523793593530226,0.021925252797907357,0.18051329771619617,-0.6690237649146944,0.19133338962754468,0.4642293532837557
-0.21750402659743673,0.42505254165910905,-0.41547790616109614,-0.09066371704214204,0.3272914552605759,0.010935618576160544,-0.335519332741892,0.1916425070289715,0.2596535888498348,0.30644689245350887,-0.18873291827528757,0.023493079840877597,0.04463787284760273,-0.38209925950425394,-0.3776775588621468,-0.22358690599448613,0.5971467546821766
-0.1354683635130875,-0.0669853149356743,0.10283215806290824,0.14447428129455664,0.17226586892420864,-0.01779172959641917,0.3229732068347821,0.5560258661602431,0.2704182971044688,-0.02138880267866705,-0.33734743024531694,0.30884403225901513,0.036968445743580436,-0.4801604077453302,0.48149384004547324,-0.09047869963876312,0.7639934159843443
0.3151883237298707,-0.31441948836908445,-0.05784679899408443,0.37345023333443705,-0.32371763619914024,-0.43539133297699956,-0.3500440240337712,0.022754531225194496,0.20239150708919773,-0.06681093403511262,0.13577479208473353,0.20750091306046606,-0.28595650017674346,0.09802287471634752,0.33238126265412704,-0.5738282860362438,0.6044531876958453
-0.14158900456628531,-0.27411990252442164,0.017905784890683202,-0.04730740161104985,0.6079561110569126,-0.42382916525649084,0.13426646433973755,0.5819352887167328,-0.3128439240500555,0.31853417127037464,-0.12466170371725893,0.007951539489698178,0.36844313918917204,-0.11006071187685978,0.13677311325645125,0.07464143048831075,0.6013064312771794
-0.44135858754392854,0.7998326727111913,0.4326706282951239,-0.15735160698277734,-0.5025333961541074,-0.13961502101647916,-0.04606654323299614,0.11202237694791856,0.18998756867440034,0.3636103809907212,-0.42211159809412924,0.17450931384271967,-0.11982671413820084,0.01342538434302687,0.14042266042527596,-0.04570750861916206,0.7410852103138224
-0.17187999543101518,-0.04509450925218447,-0.40077860455613923,-0.11598094018308414,-0.3899281645653595,-0.1233359254419063,0.045193077790538716,-0.00014388038184220964,0.12731495117020158,0.1723841490104545,0.08409446675808174,-0.5530128450167117,0.015535336400966437,0.2902601675027383,0.40071351125158106,-0.26008362604826485,0.5776225119349592
-0.02599074387676275,0.2264976122062775,-0.0991544188700201,-0.28660885014872955,0.05097430081342352,-0.3666019873842832,-0.36662186686850956,-0.091853476262648,-0.14944600891063126,0.08621412668807027,0.007301948755927823,-0.1568259596873724,-0.10483859511903232,-0.4043241424645383,-0.6597510460991627,0.10525572642657752,0.4634578713354216
0.41347874606668167,-0.5081359545872681,0.05402514920511198,0.10753985187886983,0.30272173474736297,-0.06502298119639993,0.03421737424926876,-0.2661020935059182,-0.01578788569058079,-0.22660648695864527,-0.027519382579077656,-0.1854354074121109,0.1907225286642824,0.2403944585001062,-0.07323704627769467,0.5211922124700522,0.2181184528880426
0.53519283496453,0.0931186284899106,-0.3090447974398841,0.3494649790032346,0.1450150242704512,-0.38556055272947687,-0.27697466992468295,-0.12175610139590415,0.057712668636408254,0.4777152081643399,0.1253822508211242,-0.1378548220832725,0.1514765704224169,-0.49959483482199796,0.539656599903057,0.2971225436236067,0.656763412623597
-0.17547737424938767,0.2612687973954228,-0.2116100153635961,-0.026354106744736094,-0.0004287574684296025,-0.27601990985322705,0.07309806271156978,-0.5869991200940031,0.22775729623485783,0.13440934658622683,0.3814583642473085,0.2590291704072407,-0.07053381003717824,-0.22229226957177853,-0.27522405502130964,0.06016418374304963,0.7446356152997221
-0.24031148416627812,-0.10732422249172467,-0.038720328153328404,-0.3225735611483608,0.11232433461616298,-0.0024636543030233105,0.544439160604284,-0.03249069149515049,-0.4745139214401691,-0.1996100092030747,-0.17116204641374355,0.3702458435852244,-0.06437793965511257,0.5670546445429341,0.13457008317867392,-0.45562497323894646,0.3318971504245043
0.019039960382950957,-0.04983544893105776,-0.17818810518893888,-0.7341084672745097,0.22251873710225456,-0.00011024319297214813,-0.10818681663895889,-0.4346435919795527,-0.003466676816498454,-0.04181299129008109,0.11891073961864607,0.2644061162945126,0.14375578056231275,-0.2039593965349243,-0.49187877256061896,-0.20351678260477055,0.3591472262935631
0.023614514323084868,-0.36113459830446415,0.5452572097331071,-0.34932026207528544,-0.31440448213948025,-0.21979629035269893,-0.14514296594368226,-0.5572037158675033,0.007924783194701968,0.3850865215916923,0.02410746179984119,-0.3289290222176251,-0.19548958214396916,0.40216354411189503,-0.24888060511455645,-0.120587526035599,0.1490767340109264
0.035942127237884515,-0.4746477977935655,-0.021106771048645584,-0.3742806900183513,-0.07850675407429089,-0.035932755260585036,-0.309917455645575,0.3160121427133083,0.27051700085396835,0.059428621770222234,0.12436421264766051,0.3596152911393269,0.06313295368358729,-0.07113542574167647,0.04673608293171727,0.23833713039429427,0.3960422813726763
-0.02787867378905834,0.3928277398626849,-0.21331646928416462,-0.5222397782450026,-0.7210677594298498,0.4744610264908534,-0.1441944659220447,-0.018636326787336843,0.0546871940611969,0.11571845272869141,-0.0406699825728139,-0.09577453011302897,-0.43856315816855207,0.18222240743307427,-0.23711186756832714,-0.03542289996359141,0.6811379692337395
0.1235244231599305,0.10129285222108597,0.07807496921917148,0.09732303963515532,-0.20868166988384595,0.22141029241017007,0.41286699155159945,-0.4638972622561484,0.08760076231783491,-0.2678327455178071,-0.1053644878489598,0.34416641040275053,0.3653860552773467,-0.09723549454913116,-0.3995948660628049,-0.35871063324131924,0.3073946725165317
-0.49437895224528605,0.26481175226008224,-0.36811807347992376,0.2622784647706706,-0.20604178534734363,-0.5512046584079469,0.4538206864229118,0.3723111130052626,0.29288365376922865,-0.12655667036307672,-0.3419722291347209,-0.11530110826541852,0.2731827626615789,0.004324960862234384,-0.057476267731134345,0.19892229660296992,0.4811832746904321
-0.2533453516368202,0.390549932000862,0.5416260694116469,0.4625369175080657,-0.2723677341153002,-0.23486658408802136,0.09054674459191751,0.12479797278855215,-0.35873787156149767,-0.30139480737163915,-0.6742629908079443,0.12260370805689247,-0.10756020867113131,0.2252836319223791,0.17125278878560912,0.07126463447397827,0.5837732053484049
0.5223447822815079,0.1815301880453808,0.2138111361740473,-0.4365324787132919,-0.0788998886513396,-0.2289997262652934,-0.21883135707502893,0.5881785364828993,0.19331178581717448,0.10269191018642054,0.11495674019374813,0.3549956414199771,-0.2907011529987049,0.2909485991639914,-0.08300557200731185,0.06811141847371312,0.5329380948157296
-0.1474188591964009,-0.21881473035569168,-0.20175168033164428,-0.3177739689511254,-0.26550523202663223,0.81492059426738,-0.5012231496660535,0.0020788518648223175,0.09157611537984535,-0.18827680210884679,-0.5262457997575636,-0.023474650107948275,-0.19499255075039415,0.39954697480000134,0.035919132251936214,-0.3885852152641591,0.6545112523757328
-0.16646588875325746,-0.16136786444694526,-0.2464395251764296,0.23210477610354996,-0.43444841297818515,0.4785309263202572,0.1460503352244676,-0.5101891328569085,0.33867928154606763,-0.05979408328282765,0.1108422314487989,-0.29161481186718363,0.00971282427856729,0.28730369115070153,-0.11822311952342235,0.2784720360105335,0.6951440737727183
0.013864588795778388,-0.08383865800809973,0.14497155840933476,0.459164352159369,-0.27871079750621963,-0.3572475700562249,0.24604086158029453,-0.4600941360613947,0.319909820636628,0.00279106058593781,0.3107268430124429,0.14967861964816237,-0.5277249073522142,0.4985747748595134,-0.12055077298228911,0.3589665007925251,0.3796394358285353
0.024821304410531698,-0.05003722672763472,-0.07518126760821933,-0.12187581203330888,-0.13268904664950537,0.2409391299590924,-0.07366110942439975,0.3418213314872485,-0.192663138275315,-0.7523435305057082,-0.09799457716645066,-0.1929652709107306,-0.04776645143283703,-0.46377423778483434,-0.19060675199375732,0.5743408968121679,0.4885228866879166
0.3111911109943933,-0.026016689629624556,-0.2824986299907001,-0.14817770623941245,-0.4064123027985628,0.4409434337070063,0.46335636951304654,-0.10812666054793191,-0.3873657078881329,0.1971174145557908,-0.12756207676836784,0.4231002353488913,-0.3692106354843292,-0.47703463214551517,-0.3617623863234636,0.25726852923296495,0.403285031340288
-0.3359001195396441,0.04805718306599033,-0.2028447407790648,-0.643426598950642,0.6757537896147922,0.42368491680859577,-0.424238512338537,0.04841617177902263,-0.06577723347317702,0.217156501134252,0.020566661592195445,-0.05540914912378561,-0.38128706811391055,-0.1613340017501064,-0.7485480245059942,-0.11166511589957259,0.6012118060341207
0.3444575400320643,-0.1673688245626418,-0.2238040640427101,0.5460615130327464,0.0257609704051234,-0.25029160833201697,-0.6240831145628001,-0.3928427486769891,-0.07266903685560205,0.38602090068594785,-0.32249291702768096,0.45761463658633683,-0.06587934890683683,-0.23934491033871297,0.5350879419567282,-0.08015312070264613,0.7729922174608778
0.1799700056649614,0.19091873155443956,0.23848613678267605,-0.5005760318127676,0.6164499610727824,-0.004063264011141987,0.053036390544212726,0.40277319410170614,0.13974634141187298,-0.24594855742065413,0.1826379797053529,0.22578461165072353,0.10011332900275649,-0.25139470025026356,-0.10692183265486643,-0.6803800559296486,0.3185448790246022
0.18460280287169015,-0.3996014605206083,0.14767673632631573,0.09705776875370353,-0.25753671319143945,-0.6945375233312655,-0.2595745457188899,-0.6174624140831523,-0.09649005471280664,-0.07570161354352223,0.09547111766828364,-0.036950720266557324,-0.2612700052530062,0.1583323953472029,-0.20839805220277363,0.12549786249840164,0.1482947859919568
-0.20079920926047717,0.07555205648012381,-0.024097585833573826,0.30900730183942926,-0.8317410940169996,-0.043514139351708225,-0.40395446157946024,-0.09652241902286673,-0.34434274379239344,-0.27962693201833055,0.046867684251152786,0.23607384530619682,0.2533132997330051,-0.39724024836181737,0.1476968810741125,-0.015188005246352498,0.4801748505932519
0.08067824554416222,0.000928038281428234,-0.1765075631878276,-0.02039464553142928,0.2737735344541667,-0.3360367984935,-0.41480003641402524,0.1407286085964759,0.5844605417221129,0.03991575731732788,-0.09386827754710042,0.301530094266255,0.3099327335055262,0.05308221050358514,0.03812028749157714,0.014265016673471409,0.6671806396449498
-0.4805652732997707,-0.2617381521004534,-0.4067362286104008,-0.5789626563054004,-0.41856302237505955,-0.4954414268611591,0.21093169699835712,0.12677851882913488,0.11719782240805691,0.012925882668656685,-0.15869722166871675,0.06083703192990869,-0.0024506209360155573,0.24119281097724954,0.0999585041065757,0.24108737200138836,0.708719904258896
0.1082112889763626,-0.3431073462075054,0.15842539867544164,0.182918188012831,0.3718505542191993,-0.1622607054906361,0.004050653195999211,0.2867198163515405,-0.0939395582094828,-0.08435375798626055,0.3162757854043644,-0.385415055218047,-0.17033697415305332,-0.7327538196068084,0.2401153094777554,0.32495984710750847,0.4336476489584601
-0.41131333068417614,0.18415886631704564,0.003334223174397688,0.22981346377045841,0.3020512012912131,-0.593491493563401,-0.18110868728670187,0.164292540089731,0.395725762049448,-0.3349459825908031,-0.32654168508699377,0.12509465640441328,-0.4782476312546297,0.3846645230893533,0.021577271684685262,0.06255617103889057,0.3148526089011295
0.4133703447401269,0.24137822839535344,-0.4970873697097171,-0.086879913301185,0.2943691622912421,-0.12864916181033303,-0.2889220299129579,-0.13103164800599298,-0.28803060176637885,-0.14383620883306825,0.16241753303925976,0.22286512965265984,-0.2653614331694788,-0.5597226754066507,-0.34636936238908467,0.2084616583095901,0.3280871140551056
0.6027601872194984,-0.08758028957494507,0.32890450004014654,0.36498251307369844,-0.3702720283908047,-0.008813571853187319,-0.1541783831566878,0.23488388597578097,0.0025449213221729328,-0.19447654808177395,-0.5630897132565196,0.04786324238135052,0.23762473985358357,-0.13635543173969966,-0.20931516818702145,0.08143019929364777,0.2163549019852754
-0.33949345732618436,-0.22049550346487837,0.2720937205586314,-0.1754831427707832,0.16178294811377048,-0.11010195459619143,-0.3819195732584519,0.2769236124010402,-0.034404399286815296,-0.25797367434863183,-0.40998979874651253,-0.46754659205845894,0.021991065152539346,0.2127700271275197,0.18932480691189058,0.10981362743035408,0.3236243761309482
0.6112011029434185,0.03836340855084258,0.11910615835006595,0.44821199585202665,-0.40335805870116853,-0.7378955872901094,0.12712784325849727,-0.5056267214621504,-0.2895984291036052,0.20739353672986116,0.3143866716586996,-0.15079114509889316,0.09399184609363898,0.028793628570760288,-0.19772271754569448,0.18789028655878987,0.2383321637903733
0.28181478402387616,-0.0014094100603444792,-0.5486046149680549,-0.2085139521985724,0.07798825302247692,0.32524345358120876,-0.37254549400243575,0.2845647977720111,0.17046193289545536,0.06107893080072557,-0.34758230436614235,-0.38443506989964604,0.06625732600005729,0.07258756703887931,0.06920324901243136,-0.01174247866148348,0.6619390901489476
-0.15050103407145024,-0.7059446716669948,0.04738141018628511,0.10605913791852095,0.5262765399145471,-0.13729810905146927,-0.04312668379189309,0.21960379231001387,0.38925786280015423,0.07362999698121864,0.12276569341759969,-0.18632997377314486,-0.006046339027784842,-0.13823925214958951,0.12398866070322911,-0.0033889326381945084,0.378364358531904
0.03635858147569166,-0.22769328955183513,0.7871391732000408,-0.042845328446774356,0.20155238552754645,0.11339103316294807,0.04713555233499586,0.06203770790648805,-0.02857138689859559,0.4747292321859522,0.006410624907632112,0.34079008922410214,0.7021705381716453,-0.18269675743541686,-0.1845034346994936,0.42224129393465903,0.5558204200599475
0.4589579377454831,-0.22563582754537242,0.08171905704215901,0.08291982622347582,-0.1193162514683759,0.049982866781664415,-0.29015203352190444,-0.6853594111542624,0.038147002956695875,-0.132200683260301,-0.3019278015498825,-0.11874175274682348,-0.117866493847052,-0.3506347316156526,0.34488859311987696,-0.17028994555184548,0.6077682213998454
-0.03053912391002997,0.24233059205675334,-0.4217613643825855,0.2348565521703423,0.183657678886128,-0.4246177836593628,0.07314719808292075,-0.21728700448683685,-0.361448988954515,-0.07262882724542785,-0.4315193904926258,-0.10167212374973673,-0.7467741084319648,-0.3290227403208046,0.4666351226527924,0.5501973395416602,0.8234382171215462
0.484568402213487,0.07486343934332801,0.3758413907699722,0.1765731153898119,0.30386550373704735,0.3569414548328981,-0.25183963066284554,-0.37376244899715644,-0.012005992499666107,-0.45299213944867256,0.09567908881335463,-0.07840531918202179,-0.19743462165582232,-0.11101467506443352,0.07608129892662563,-0.36849550029264844,0.615553340376028
0.020093897673569783,-0.1337859966100099,-0.21989269564526834,0.4340623436045886,0.021140762772860172,-0.345648556024305,-0.32741452747444105,-0.04565082921902486,-0.04640438152493048,0.2692527652612191,-0.40414254296577434,-0.1482620427763545,-0.2355566662060728,-0.21580338359625384,-0.30714379412979187,-0.5830641380459294,0.5958043424033871
-0.10326491099663263,-0.5385816796850031,-0.16692007115951676,0.4103164464762571,-0.008287551322740477,0.15887150399112393,-0.17322279089856657,-0.432857207274052,-0.37915747992993837,-0.02940052141313565,-0.09939785448937527,0.3170715746185122,0.287080773956752,-0.5205699159899735,-0.1554920545578572,0.4247659545999716,0.5657795802130927
0.11968930271638542,-0.38497235078462183,-0.24401430995600423,-0.01852687615268639,0.21341136996623045,0.3403189680174048,-0.20370630153667718,-0.23504537865590397,-0.11663316259119344,0.06137834805889253,-0.41268657914971835,-0.33100782636860115,0.15733293950038507,0.30059307614218944,-0.056459798415758544,0.55734933460399,0.8619629691497485
-0.4318840368263566,-0.28430544052913853,0.2720286062464328,0.11856106495440921,0.14697441934950167,-0.37998515784620057,-0.0466193850504807,-0.16387282222620125,0.10410269699790484,0.3054034487224575,0.032320681714865684,0.2927853545846021,-0.023808863773597644,-0.13016265709414254,0.11399134979827796,-0.00135370177945901,0.5071080930038256
0.32032149894883516,-0.015657415855530404,0.10639255602380182,0.26098325941408196,0.5020239974479901,0.16318975086999277,-0.19081576476268064,0.09511697432587968,0.5518473818170266,0.3497251778290009,0.2076800451170423,-0.18947262827561095,-0.3960241219324988,-0.5391814074100523,-0.10847961619317759,0.14213280194872283,0.767589357548503
0.3069653480189262,-0.0936170050726127,-0.037821132260099505,0.04518945481787662,0.35951748461101474,-0.025272100215303905,0.5806632622223721,-0.4631266379475155,0.42234519549169336,0.415585451843536,0.34927319054909856,0.1009557974590928,-0.09914251719136141,-0.3114688616763539,0.04257265015201528,-0.10531016056050527,0.2930590916110487
-0.11258412272682528,0.5446086590499994,0.5195559259610274,0.3338274736302087,-0.40127740860097627,0.06963513383568365,-0.13618583589407263,0.19199309953652272,-0.5286122373754307,0.03431229492861343,-0.0014216952443222297,-0.139592722696595,0.038012126125173296,0.24754257466205964,-0.2890461043063789,-0.33017736870861436,0.5869291087201481
-0.4079132935567641,-0.12441130413028373,0.4328876944919007,0.20257452024268674,-0.2254383412288572,0.6244343200402357,0.08010855751940654,0.08637753612826643,-0.09659994182349702,-0.4621341313580607,-0.28532188319693264,0.2443678191053558,0.09145005723322774,0.049682538549024435,-0.015830231537072637,0.13207711699282265,0.4429265846457224
0.3868994309299845,0.29672674421418826,-0.24820473422471848,0.3864723930836297,0.32310157702119413,-0.5869275111791742,0.015706570889682123,0.38758528591499103,0.46540745540543954,-0.4710612739391534,-0.07381609228022257,0.1893338149528329,0.3774361639239019,0.11533499757473553,-0.015468566053659094,-0.15957415087407892,0.3178130255331902
0.40366017214861966,-0.005318281747872439,0.036425323848730595,0.282421495770669,-0.08196725336677099,-0.1897460235531065,-0.015922640140206647,0.26244896939662726,0.10416542584568836,0.4279359286021289,0.21172040310448825,-0.4521327844929113,-0.001416326171763127,-0.010125141125917003,-0.05528292966101778,-0.2179869572007376,0.3252998674801604
-0.3793078761810157,-0.5817862663601865,0.26005884401110957,0.24797672699322792,0.3373928441784294,-0.10945019424995078,0.6600706205929916,0.35588724630208907,-0.20886417327992246,-0.130914998218275,-0.05991520832012598,-0.27863896271146804,0.08593218314666906,0.15466567341906623,-0.17508493359056354,0.4492384174615798,0.430281609452448
-0.3251548014752281,-0.07344082872248767,0.03412626296258073,-0.04811203460313207,0.05114784575702386,-0.6638921339231469,0.4459156023435512,-0.033677303448861884,0.2162845165855712,0.1116764393068812,-0.6049860241428657,0.17973226341657486,-0.1187633041482849,0.18982286824412364,-0.24064821748361365,-0.08350703899231326,0.4912782943781139
0.45166138245876153,0.029724838588675195,-0.2509007514518047,0.12314434467116753,0.012652576899698648,-0.3347373205414815,-0.03144882756691815,-0.38663888523940954,0.5148373462477142,-0.2206266185153708,0.43700822600007616,-0.015149505270665449,0.17949462557512175,-0.4177967466423338,-0.06998819793523103,0.11612524054189649,0.5409134320069009
0.1782369164532734,0.46750738127630104,0.2354830059959332,-0.45491262407276034,0.4009530700011348,-0.4787823280510408,-0.3356747620805673,-0.36626017054831206,0.1612044742240083,0.20941206464965711,-0.3577611101119423,0.07811572929689764,-0.08287687869732147,-0.018891809814552962,0.14188076989616005,-0.11889225256650329,0.6028334787128502
0.42463194971729307,-0.1410229740211008,0.3107269575943943,-0.1664092935683571,0.18167057205318304,-0.050833045921448106,0.05692836206468428,0.09249241146063153,-0.37844833287160234,0.13015943346014014,0.0531649940227189,0.1365420802723405,-0.06574799915518803,0.08794714452958302,0.44635311506855724,0.3993325411088776,0.4989186674510372
-0.3624235566936775,-0.029802978671369634,-0.005523839875095055,0.23280275329693445,-0.4509681416245625,0.10348936159777988,0.04341006950818059,-0.20013912988402194,0.41767737763727153,0.011360032198696635,0.24914816264614859,-0.014089531157878251,0.11537357598614717,-0.0007461824255232674,-0.3974575775799941,-0.3573564573023942,0.5396681674875053
0.14353294145480644,0.20763624865322267,-0.07408835286786111,0.4568252951170426,-0.14465461949555897,-0.21647860529093782,0.31625115750844685,-0.44851092047493973,-0.47117863841551516,-0.12201635358727092,0.33287431865989325,-0.09819530286799254,-0.1613944050881606,0.27315721973718243,-0.7748215236863942,-0.14557410089124292,0.2435150632568866
0.3940168912750784,-0.13465982106403185,-0.12896704074162788,0.0968721705265051,0.6878316258617685,0.38451113501058254,0.13945232078540087,-0.3458388539339279,-0.3483316578847487,-0.04574245326017712,0.1536524109133265,0.2771532963152412,0.11370492970409429,0.09744426653333887,0.169008484496881,-0.15788166973998727,0.4399170313172948
-0.15416602612553348,0.24631422317112645,-0.20025637647737396,-0.41863066818491024,0.33616908951542224,0.2556661887996359,-0.0807097786504059,-0.058268097755615034,-0.1860237197441763,-0.011730645002746787,0.05521728923377839,0.1942729588801126,-0.10073547654645737,-0.23107673629709793,0.1953104513349334,-0.4730087974090016,0.4610529175311411
-0.05090933319417412,0.1096455993108339,0.30356486483281936,-0.1649340464657661,0.3369365957678262,-0.12619105927297308,-0.20308186033633746,-0.08889972759452375,0.25372818309515915,0.2880396425128562,0.21611663366109868,0.24573341546883634,0.5717082942298891,-0.0003063355702271342,0.03496158373848279,0.4364038006154164,0.5796350586442446
0.7564951447293674,0.5010647625223055,0.13201720029445732,-0.3109930380212816,0.049097794378760384,0.12109810231423002,-0.1836456983881637,-0.7632357612872867,0.1012335445022107,-0.1111442390490951,0.2713189979253251,-0.36104473303484275,-0.1058557283789659,0.17342767388684632,0.15887703682806598,-0.24585332421707182,0.682098128250305
0.17457053671455544,0.02104561111227382,0.24114290923877418,0.09633718494946053,0.36986190382708894,0.051891303354669294,-0.43054552371954247,0.497356639950627,-0.8819685602100373,0.39014105468952187,-0.17422879824876503,0.241201537153884,0.36022890777027017,0.31591989721043456,-0.2096778243642733,-0.2712997655323405,0.496398897543198
-0.03411305610689552,-0.6112413244098265,-0.08467842648856985,-0.8553376728222573,-0.8017026403722773,-0.05828471649422884,0.1925473308922389,0.4209242918954677,-0.12152142418433814,-0.06960150272817245,-0.058986692485763326,0.35102372747712685,0.027421004440151442,0.033493900881956196,-0.057239021659404865,-0.17133753281425543,0.2850982699466211
0.32345146221016646,0.0765938052349695,-0.0477968765505781,-0.009202252742768091,-0.13055802965046492,0.2539662823467529,0.6279594945335387,0.32301290245566966,0.06020185442130373,-0.2941751522806525,-0.02418883698456109,0.42499862635994834,-0.003251720161785099,-0.592070266297204,0.11995986201408038,0.0365156983592068,0.267488209526185
0.3356928300731494,0.22488510419279495,0.10451512571988794,-0.10982809625550072,-0.1638749930199388,-0.12577497036856067,-0.5908905867765412,0.23285628772234107,-0.007280025454158678,0.6784665123984372,0.2633673090909179,-0.38612838394557414,-0.2485723893580236,-0.005309422532259134,0.4611578004437461,-0.0233789242819242,0.8630389681653142
-0.6234305353174738,-0.05468982691693583,0.06795337946866783,-0.4226385630290766,0.22595295063462606,0.2455883888178455,-0.12948922156242082,0.36926393571045407,-0.04789897544100655,0.4712926803530939,0.32273666606225204,-0.30148335854410235,0.017547336287862703,-0.1695634676968497,-0.08565776731430585,0.29770415895641045,0.5648753247788175
0.5835799909447119,-0.6494644339106272,-0.6420289095207095,-0.17417479760678722,0.4817064241109916,0.4467156271624545,0.10151604728510008,0.17697153647827463,-0.004442676922681799,0.14841005674125385,0.2070974914500573,0.08050641099014753,0.045950346493691396,0.04360916220247546,-0.11486916419297022,-0.011471013447252904,0.692640800303743
0.016015555098924474,0.09996798341135504,-0.4081932909775372,0.5859428360173615,0.25767417610166415,0.41746050775204757,0.09632426315492827,0.08548554120268598,-0.013381401011435479,0.22611999497878,0.19874641411141758,-0.11813552563526414,0.6471677590329293,-0.1347760388331503,-0.15947669308473678,-0.011440506919361493,0.5522725746414073
-0.009974522091859138,0.12490914580125145,-0.10443566929876866,0.194725025440031,-0.5150392702970326,-0.15679568260818783,0.2755474964795574,0.2709542285705944,-0.043651387353290605,-0.2740191058197663,0.21443094408770413,0.01986435495955046,-0.1768998812984746,0.11729158963466402,-0.04411858488208786,-0.3923461910879832,0.4531334441019698
-0.38111365202588876,0.39635709259569524,-0.24331883065475177,0.11066387373205466,0.08268872467170535,-0.5691017546889806,0.11002437632871644,-0.4892502385128174,0.06564970010469942,0.0936178437343409,0.032249475448862475,-0.5947136129695574,-0.2363122518912222,-0.052455164510411656,-0.1358095415606323,0.6055004704214643,0.3700494145329079
-0.690362340371873,-0.3880590768105625,-0.1277705021469994,0.07685673271753035,-0.5862336438042055,-0.15969059631115312,0.004206321536671269,0.16234973528468571,0.08016184953669313,0.174528090595635,-0.691331352007206,0.32890832310291185,-0.031299227636393034,-0.2566705690841297,0.3840665137500917,-0.22126936074532924,0.7348443051766732
0.010240459185181489,0.09783264838937883,-0.4673682757916766,0.30923222802566064,-0.2516807831714494,0.2702976433667911,0.4979974322017933,-0.05520234701503385,0.00704445378936594,0.07928422922088285,-0.21905314463217554,0.5163315894031787,-0.039896090911531734,0.4834018186169824,-0.19134619169711087,0.16531913565015213,0.6205337518759593
-0.1815739854362643,-0.33228814745999424,0.38530608452056336,0.3780574686638666,-0.33408373129139873,-0.05017059576294092,0.1404070557631557,-0.1927872092859403,-0.20118657852889033,0.05344283056431065,-0.0404878322253478,-0.44938256093105755,0.2776829280332137,0.12139658224778938,-0.26909342258157465,-0.3232529561576052,0.3210946687668762
0.059104762711495895,0.03085712714449179,0.018914067874331586,-0.48683753018961384,-0.018165839562328284,-0.28815383076347256,0.04932138022090677,0.8616511494786248,0.33819315252146154,-0.16820110189720672,0.2264278234330821,-0.27236631073968687,-0.3086752304991124,-0.33228770458351664,-0.34607168972719315,-0.2634846939867834,0.2675452014833089
-0.31946278006503703,0.19057315894783128,-0.506743335911246,0.34377991671562436,0.4031057521182937,0.32247048785510224,-0.2668604855844933,-0.20340515419382488,0.06186772224289068,-0.16204581710909183,0.1699192706205508,0.034664372344637664,-0.12292791748849685,0.3121350366446788,-0.14310772160658147,-0.27711070079545297,0.8015091004571637
0.06411713407961006,0.2983990493210416,-0.2359586827526293,-0.11098929054299228,0.2009321807479682,0.28027283729222485,0.5250832814377503,0.2585301670103612,0.38396610980278956,-0.22251747922427922,0.2878150645112979,0.40120963332352055,-0.19973292340667534,0.10808499929851334,0.36105195787186306,-0.0449223301060247,0.6486003431256399
0.41277798347728156,0.08868397735530859,-0.32236903170898346,-0.6941905520325793,-0.06580651258186349,-0.02427814847708898,-0.25239369356168917,-0.055820162954202335,-0.3046030124898491,0.21529179882965876,-0.017977203064892144,0.5378113272693029,0.0237053592437087,0.04938203398606883,-0.21434756064709592,-0.0285610235871335,0.5628627974193067
0.26428353354204503,-0.16205545643039082,-0.0938933617326814,0.44539189253093403,-0.5729378837012391,0.11723918650565868,-0.567033301252132,-0.23349813503232159,0.257165127731421,0.017917310545742193,0.2258455110957993,0.26287209013442026,0.3077395492195085,-0.3216512197857842,-0.4508153754569406,0.47217770447721796,0.4515631339638022
-0.2721409579887526,-0.6254882387020384,-0.008458622122687193,0.1857416520681806,-0.11656214011874277,-0.25500652450902106,0.4671077265843453,-0.024932718671792642,-0.284195750345406,0.15594307420595865,-0.2580917478784801,-0.004695643388982637,0.30055076785888113,0.0794113658913127,-0.20696762110574163,-0.014565895892873909,0.3418627053249916
0.4687464587708118,0.3763671543982114,0.14711766118093605,0.3839804501843793,0.3827470912095524,-0.4155461195707967,0.10614660161370625,0.1311611622945948,0.18761729095116206,-0.04006750038475859,0.4320908293482226,0.10088319070335897,-0.6536807624623227,0.4139050805861595,-0.10198072559362348,0.09890740165747139,0.4178258210601126
-0.2025760396030102,-0.3018800780807183,0.08410790035164811,-0.16087723339162474,0.034466011244101924,0.30782545251589577,0.21990532201042418,-0.151121877112956,-0.10889480305093663,-0.8011264767088067,-0.28983957632504453,-0.15355999637416795,0.44077639076800246,0.423866128614136,0.07570748672476857,-0.06670436069111477,0.3824867186409371
-0.07447114706609445,-0.07376008937776693,0.4906577347505737,-0.018682646835985084,-0.09740849716025735,0.8034219593915947,-0.10810449471229004,0.2922726564895038,-0.2644019042140529,-0.020506726269526432,0.0930225373698802,-0.21007116533006692,0.1001229940529259,0.06207556760251265,0.020412195749105577,0.3291294970228676,0.4855538220233167
-0.03991838813071366,0.4298465016882211,0.17836258078075368,0.26002941262518664,0.585982212243393,-0.5962828387835752,0.12762010114163513,0.24471958890714457,-0.19066612961857793,-0.11214188667985114,0.04963972676808226,-0.22911642886751088,0.6649273890610737,-0.2560019610651296,-0.09903083215417974,-0.14684033240254338,0.3914310761980132
-0.44286881487060825,0.21674107843243284,-0.2376515949435353,-0.10153871327766018,-0.47262567491326984,-0.3925032497308773,0.061380240881799206,-0.3871868634866357,-0.26938422807754225,-0.3818399193921337,0.2751903438156966,-0.09058993260660048,-0.2158655414664781,0.12450028001940305,0.05107584381239516,0.034534483223437176,0.4775005308330722
-0.016496296469602788,-0.4961250778599866,-0.6832745967623102,-0.19911394341003835,-0.2355836488567921,0.1028823765696999,0.2949815127625102,0.2777940532064543,0.0364277913272444,0.007735381964971255,0.10506183673486258,-0.33181138639652785,-0.0863328531961467,-0.18094340198596381,-0.2661829261807447,0.1199506491198072,0.2410191759097734
0.18090423186331148,-0.2686931986860023,-0.04736822281228023,-0.00303242091471817,0.3774124999084686,-0.025803615058539675,0.4070501628417945,-0.25178639278990267,-0.26125477833526783,-0.38896537466495174,-0.019093432041821623,-0.078161350761352,-0.21876934376369933,0.04845796571841987,0.40486349004059197,-0.4194522481742585,0.5314140711803803
-0.17426175021745915,0.5836861588727076,0.6368697454529567,0.28132270180139696,-0.39393215724950537,-0.08350024543509438,0.23306692497156456,0.39028101033157564,-0.04599085597947303,-0.03542801918747496,0.01628758418624654,-0.1845220583866889,0.22899044069630803,0.6728064948454618,0.014464942430433392,0.10945219044194734,0.312382236972036
0.39747510367784666,-0.119325218693055,0.6188148163651844,-0.05104846992440415,0.08334200892938848,0.22615892896277756,0.19741767170389857,0.08444219569617634,0.24127929825519973,-0.06205567185493188,-0.18553575077113443,-0.02945255453582874,-0.4498960281927167,0.005870087624787079,-0.28231274732324174,-0.9622289226926666,0.439155558426748
-0.021223463345404085,-0.005400069165951038,0.21305138167105336,-0.09328275748305875,0.2563695222636114,-0.14950872961715522,-0.49355371118957203,-0.04399390916058399,0.12373351317805611,-0.05039922410740538,-0.1560281728977903,0.11440673385913391,0.29591113748958475,-0.09786197390814533,-0.20354038352944448,0.649107181805585,0.5060319172531159
0.059792832740951485,0.3190313788745271,0.6982894409964397,-0.5604938636424577,0.0050450997645861695,0.14455089335718208,0.03139988601679437,-0.47734020868453636,0.3339182566406914,0.3164087575682284,0.09762049737359779,0.24833565462376847,-0.14975294947893159,-0.2659513272283892,-0.1367431370363953,0.19323010625897757,0.7801185943674898
-0.43678156314360544,0.19112006632777628,-0.29590068408995107,0.04213800006735563,-0.5031458513133514,0.23337220772838974,0.29462085067719423,0.19047064740075653,0.021266494919915446,0.1676668271777213,0.33048261854695893,-0.06510599407679618,0.13849497161151403,0.4120132119151737,0.16581760422521852,-0.2866142779640618,0.4652846434442969
0.32871775334063563,0.1977889191683389,-0.03444845071803568,0.47659963174120623,0.5140326569352469,-0.020919335397940886,0.6411792100245977,-0.40330419419954605,0.5256738517053039,-0.23812056624914535,0.07188219895605169,-0.16109202796642946,-0.21489979498705297,-0.3550874576913469,-0.15665390544077296,-0.02939214317546826,0.6543027998141216
0.08137115567892594,0.2073784203535632,0.33426297766932217,-0.09053725053956968,-0.11973054337742352,0.011174984743847594,-0.31628335969937393,0.3100735842058056,-0.4559349366649143,0.00016861467191531254,-0.5733532295715845,-0.2614324043521187,-0.08673261317671627,-0.2816164929297206,0.03037658554944178,0.18300419395891415,0.5336224576193734
0.2113089056703626,0.10103774039746782,0.24250246523275518,0.326765619872348,-0.061927519104155004,-0.04641876000119283,-0.5054497707243776,0.30436923403381405,0.06900640459309719,0.4084650560403902,-0.4361943611630553,0.165751982482013,-0.2510565326469484,0.25157482888199423,0.2279246777067384,0.15263818966420747,0.6252829407231107
-0.6751619625092078,0.08213510814065594,0.4851464322288699,0.05761821287528568,0.24966463107652126,-0.0951561008945403,-0.2831384852275544,0.2843034107621963,-0.43600486770752794,-0.12583931290428862,-0.4684680841409614,-0.03488111588201346,-0.2374430551098202,-0.1832011682319337,-0.19885506422909993,-0.0230878415320529,0.4062691983304159
-0.41206084974365426,-0.29985495912341076,0.08597064979626742,0.29674268021027483,0.33795765252106713,0.12922131518408098,-0.07725863669623949,-0.4062397197220065,0.20924624355968308,-0.37898459963090236,-0.12369105741198683,0.08352496235433444,-0.05728659912507761,0.27570307858605314,-0.4106991120522978,-0.12963173236273937,0.3087891727045244
-0.09098912473602853,-0.1247172363740355,0.33257817336494777,0.438783064016119,0.34613730978444657,0.08100920886741647,-0.2576547790336868,0.43092377979074253,-0.12292314486410039,-0.18409189533580528,0.015879867664284897,0.3610663216083544,-0.17786063368779395,0.11799087687279541,0.1696085841638596,0.3311474641836165,0.6666091093815614
0.27365303811553937,0.2372544034515282,-0.5522723194326653,-0.23360595047865948,-0.19088058282339534,-0.42562159035664415,0.5206039436061111,-0.053747187324620194,0.11976874129546836,0.21189748741086656,-0.348183510033987,-0.21506186738021846,0.3232768653831326,0.047066707219335924,0.30342771070914554,-0.20060889505047844,0.44862884495162
0.4244650905679744,-0.25256474669210066,-0.2303346694822023,-0.20375954668751556,-0.3765992265692545,-0.23313817168358375,-0.20197816252020295,-0.27105848582340003,-0.3004078720494054,0.09037627301059348,0.27361856768754245,0.09564509189923476,-0.3128019129661544,0.2756738489504118,0.024586767819268163,-0.053244495234894385,0.3277960818346455
-0.08128543838230236,0.06531445641345662,0.10324008187504133,-0.2955688747031545,0.01047627158445491,0.2165034837277603,0.39239257960632934,-0.46893635075332146,0.0177765641781501,0.45964171063209736,0.2399135050429666,0.10338390738631575,0.316101788008712,0.26042558627693213,0.6110001088056175,0.2305064925871091,0.5647844873664718
-0.33440749890762783,-0.7744442097903113,-0.05210590399997597,0.022945623507269253,0.304755532332297,-0.07701417483722584,-0.3570804084715998,0.3231355072424295,0.1013671861953513,0.5198492311232432,0.330193969055523,-0.180801682662785,-0.17123292543552865,0.1940993102729841,0.009545326880127436,0.11183359414973784,0.6541295198680837
0.19342897609720125,-0.2715940206264374,0.177274152096339,0.18236305617765325,0.3049798280433109,0.1955040719187795,-0.07529388596882558,0.0691470474001405,-0.09467746376826364,0.3379609548298197,-0.03139122402639316,-0.4395285738876482,0.7898487111336531,-0.1571462007830808,-0.5563600060686129,-0.1827309428468417,0.345694053218971
-0.21731306473538903,-0.9599537935341527,-0.20120196819460265,-0.5383259215147632,-0.006240126023086934,0.03533905124408432,0.42414312650709085,-0.02432683800158225,0.5125151058652537,-0.1918880623385284,-0.11441316077055697,-0.32921635733838994,-0.07569912321239747,-0.4193374308395479,0.23234517793400544,0.21902084657607185,0.3670253884961431
-0.08842272707621192,0.12228287740899213,-0.2204174184431679,0.44399348683645057,-0.10198618570089552,-0.27190099888353914,0.2819600547354742,-0.33995817700023345,-0.279978888444514,0.6298809974607511,0.19040915721093687,0.25605712532966807,-0.06560369320913939,-0.11118406392791513,0.28652739179105213,0.039067555832008174,0.4067959334237145
-0.4115300123787999,0.6023810966118093,-0.01056540844030554,0.24144269174344135,0.025002460416177125,-0.27725248440217093,-0.2442225569856682,-0.1393687596375554,-0.027803270036169836,-0.2394365565542389,-0.03780725514699651,0.09039875724912894,-0.4248700333656098,-0.315355208888667,-0.10852163522884328,-0.34518115566578655,0.7892876287741617
0.23133278617324077,-0.36675583420463864,0.16486669548429267,0.059075457057215175,-0.1447698091217582,-0.5060092950330443,0.29799648423379327,0.09430211388696558,0.46930726238382464,0.17563607792827285,0.9130584166873382,0.3144120083310522,0.3261079116098037,0.30506097084058814,-0.2803403452381382,-0.27323197556120427,0.0310866512749746
-0.6217985172129522,-0.07840202854087647,-0.0003008969263875727,0.33592197890209696,0.844841904149222,-0.42907636474911814,0.11631375455978922,0.3517848178204149,-0.03604434499825562,0.2871265994127439,0.22698959112340034,-0.02390523641719767,0.35287110145089495,0.24927139650096797,-0.04180519734495636,0.05027336119706671,0.855185378247249
0.3502275208701257,-0.29955512004172347,-0.07241351932389664,0.2889965529560474,0.1924011219853478,0.40622068760648344,0.1686535748672346,0.38199110970244515,-0.3633617655951192,-0.09341307528016762,-0.10557276879680444,0.3526939480792276,-0.30466610481321893,0.2816044960326459,0.03406011467114256,-0.14507493665672458,0.5069150681645078
0.5728359645655171,-0.2483639713926942,0.6337653402886437,-0.43310114233139707,0.054564380559198655,-0.42070027639527424,0.19155122634042193,0.1490556861625177,0.7374995573779157,-0.15268428218976882,-0.13725224925110113,0.035557129131633086,0.23041407535900538,0.13002872224339435,0.32700304742592434,-0.12036367633730119,0.3328142419435161
-0.14983748057657725,0.5377178387279757,0.6363581824444435,-0.19465703588059657,-0.1218959131137052,0.12247942643098897,-0.3415861403642979,0.029818457523026753,-0.13352759838019185,-0.033028983639818765,0.14843380799346528,0.5224069885925182,-0.37840460289315725,-0.07748113978836868,0.10435402830541196,-0.3362769359122686,0.6955265331705314
0.5181314443670682,0.01690308844557903,0.02437769267927839,-0.1235099158321275,0.07527734907683958,0.30206654638684816,-0.4313137344631778,-0.1703815226763628,0.1040406397960695,-0.3361006917854916,0.03912474737947874,0.1613297711002064,0.08103617820145581,-0.05771331919714112,0.18201191882369228,-0.09523494080379277,0.3899591363741624
-0.5020921424681456,0.3463779526067751,0.41256227888095687,-0.30595520034491164,-0.0869623867551856,-0.13225490858082573,0.09587612393551384,0.1030475189910372,0.6044629417929661,0.015557527975077923,0.008889853514771784,0.08992448775909237,-0.20007720014402464,-0.12305901909763756,0.25127772857663977,0.04501300784476284,0.8006219958923938
-0.360604381982902,0.2076982938558573,-0.144917056832346,0.12506566381406103,0.15274921246062245,-0.42654673381846175,-0.04198646228252677,-0.03812998399641593,-0.24942491032725267,0.1741583063483687,-0.6253632688872914,-0.10528246409866465,-0.6344769936992198,-0.12931965904477272,-0.31249873198311384,0.030823204853184974,0.5919001324315049
-0.04420417142819462,0.17256360842453144,0.10376617700618801,-0.3859880084861614,0.2930813322309198,0.012285233953816976,-0.09575102969296288,-0.1370084327600008,-0.1481161035178134,-0.14905311613314565,-0.37183134198436507,-0.1935559723265885,0.5304674127807941,0.04407512863791668,0.23020847015022683,0.20112637159038166,0.6297137091146339
0.30977392010375093,-0.43579579959170356,0.15515805167812685,0.13782438807214636,0.2996386445850534,0.2949858324502742,-0.38688734384450246,-0.2357265212299453,0.14571660393061406,0.10472520665567875,0.11529678596922022,-0.010296603269431576,0.18870541391936224,-0.2601460675457632,-0.27351776282132567,0.23203043424769848,0.4229333873172313
-0.18459576463226593,-0.5556404804118975,0.4974893504409692,0.13705517596865835,-0.3547944332987339,-0.42679867289049156,-0.11663680431486241,-0.41312265557371675,0.1432642335426176,-0.22063796632003863,0.07564875045881703,0.02329120265445065,-0.1280810158817428,-0.4291574580034223,-0.05188584691742426,-0.46582922792279535,0.3478581377855897
-0.017672833857164776,-0.20864592273857202,0.3557950021891983,-0.2269576183282682,-0.09553731011833926,0.41511449516309573,-0.10219869680729456,0.33292937052625854,0.26893072736342105,0.05895636873094423,-0.14522738932277557,-0.1918454480863486,0.09915927447749617,0.2622774855044001,0.21615399018801906,-0.4053916652973889,0.2862759091502482
0.20444588455297016,-0.5790425620246427,0.2085762676537686,0.5358674910854365,0.12456299180574909,0.07083549763517138,0.040139398407758285,-0.1788471618530138,-0.15927391326767698,0.06711988212238507,-0.30035066427088924,-0.04465157300397575,0.05303370519952538,0.04963443942466844,-0.41201460225000053,-0.06532930260618527,0.2549581429098546
-0.4517515970407959,-0.45533582477408385,-0.41075620336426943,-0.12474939158461384,-0.024361934334546448,-0.18969810662556896,0.2130051609110808,0.12066958818877865,0.25822126393381495,0.14225800356320306,-0.13800814642345322,-0.10453001468242894,0.3109809153964477,-0.06106295294932074,-0.4640300157775869,-0.18029252424675737,0.5835138203963249
0.11003001733152584,-0.0670704845209584,0.38938289885934774,0.2869396201465306,0.23485865826476587,-0.08088989290100401,-0.3188098256742398,-0.21742679669889575,-0.2945907809402797,-0.5504100658512427,0.3330630308438499,0.08990839903936232,-0.0959129279278787,-0.26387264192889354,0.24943922794382922,-0.21710726553395956,0.5377527931914016
0.008125454837687174,-0.15627506947427217,-0.050800895870831114,-0.5540272479325075,-0.2704278106254982,0.07257425488861602,-0.01984139097193443,-0.3147046079214084,-0.5496362272270623,-0.5642443261272874,-0.14477168985231048,0.4466636572473962,0.09580505744641765,0.30729544629575056,-0.2786137542992183,0.04542052254307416,0.4399645487288537
0.06178787514773057,-0.6376217026134307,0.7673768420968698,0.5850363093838216,0.13384406335430282,0.20454118249151632,0.34963531645374596,-0.21693589652585016,0.20025784574970443,0.27773551805143026,-0.048833866442603624,-0.0799974710458784,0.0787164246793235,0.44997217260247135,-0.24752596488655942,0.19462115618084552,0.342127266323807
0.29916965756727715,0.031806340431181856,-0.8883728765129559,0.14575720836476613,0.38659153860227957,0.3134168185149817,-0.07865500369750582,0.012811649409324333,-0.011991687688147318,-0.1309413958953075,0.4243267856923305,0.0666260193245413,0.08112288876053692,0.2800305217721655,-0.21708038511077377,0.17173067634088895,0.7637448151073396
0.0440461006689637,-0.46444424491526914,0.3131353308009508,0.2728143226889256,0.25327184845178385,0.3938459411977068,-0.5035719669246265,0.6463463131500158,0.2461881715408495,-0.09285849079396691,-0.6044733400945721,0.27540167686500694,-0.08852389672879363,0.16405371504532584,-0.3253702741681037,-0.05294220691558496,0.4709803860403625
0.11698827758828137,0.014066980450486044,0.2265380652498784,0.307425576556868,-0.023287592246082456,0.025316333083737153,0.4336761755144582,-0.32479075452233974,-0.4350507749586045,-0.28303315843051935,0.15356653571618972,-0.032953377223271116,-0.5860883446548228,0.04909063627476623,-0.06264360494137988,-0.1794393795759133,0.2360281120479609
-0.2816365758366221,0.6069773583134777,-0.27036116918254394,-0.2407598511181485,0.1834414460524989,-0.4308660485011848,-0.07883271366739338,-0.035141474825555796,-0.46483200007521547,0.07218321480242396,-0.007552579818217997,-0.545385947801175,-0.08651232813339049,-0.3774262131150354,0.17102907259653766,0.2888552078065266,0.6870842164937596
-0.06427243743551853,0.2967578539308933,0.5141986087434827,-0.21781349239983122,-0.08271502103320949,0.05246407527045338,0.025286587615357493,-0.03527144388622766,-0.39629640565322516,0.019762539293597614,-0.1952500126410009,0.32603435782684576,0.6790779062841797,0.25336920041842914,-0.37126808398212297,0.04810222684185293,0.5542282435978036
0.07937645179521087,-0.222145379748226,-0.1715589602946538,-0.31901532423146506,-0.14446176197021784,-0.13656101078833105,0.43431866427103377,-0.2511939849858531,-0.11511488981941836,0.40507299099336236,-0.38207227861832127,-0.12002395984071369,-0.18332695053606785,-0.13641200179422672,-0.21179148569567796,0.21678207752940082,0.4694589286615727
0.2778883623220766,0.013542652297799773,-0.13187699761787755,-0.4015048337269886,-0.2216797349618525,0.05250147411143191,-0.09508030467371893,0.12352359351741654,-0.054278178618417744,0.2634935481440466,-0.18463269942205984,0.3356494749386456,-0.04087668665115951,0.29772022371934614,-0.34574320492359734,0.21032779692744896,0.6487443623962404
0.6645059621609871,0.6409724595535895,0.17561271026975672,0.49571331021841814,-0.2015279272136982,-0.0285670903017321,0.2814881768612905,0.3095915642672115,0.10138479957383227,-0.17597595289446644,0.15684137341693505,0.6888332499287007,-0.15706145773468255,-0.004984429708965565,-0.19245139720542837,0.388367650962368,0.7356974066357475
0.7243863986459566,0.017090179786750925,0.2125097166850931,-0.01374069335788869,0.3371228289746979,-0.36505538134610216,-0.1171282750881817,0.3438419983023618,0.3769651551787363,0.06944372984506875,0.042217601829662166,-0.0031190862263714703,0.4694658874495836,0.3250360741031004,0.2988674701279047,0.02884349858181734,0.234912101251862
0.15571742598387325,0.1752311624809892,0.6649999119256109,-0.2625978424805655,0.21378494497723605,0.37868062845725303,0.46038225856440307,-0.23324392564241064,0.16814331286002338,-0.7122348509762231,0.3682126753669499,0.11100235501734734,0.32312837979311304,-0.06310606986443396,0.21346672276983825,0.3787374347587341,0.2859110542048166
-0.10485178644287549,-0.3736465022509762,-0.06501594414803682,-0.39414818476972024,-0.05579817119943831,0.0019224420654371244,-0.2975043804064323,-0.29425481758468097,0.1320016228509538,-0.3089169431349219,0.04288961227985877,0.2491505070810728,-0.24834091415045464,-0.5708483462373604,-0.4551837548124502,-0.08609585652985546,0.3691831895488825
-0.3298115342094284,-0.09175254566893279,0.028753537297894233,0.33729156988748155,0.21341170888629635,0.05775084578760514,0.1948186559540061,-0.01392030650128595,0.2528676345168051,0.20829762239126892,0.30498437372730314,-0.3404989902120592,-0.12825554706688963,0.014996583529306606,-0.2174621320323552,0.05479968177375434,0.5617269159939037
-0.05828004068137192,0.1295741081292558,-0.07494353051139949,0.32979776296057084,-0.6084139594776957,0.5929571498644578,-0.08394742950877414,0.13248867171599538,-0.2544372015807413,-0.21751845852728802,0.2967282757510006,-0.22571975671567612,0.2166175787737432,-0.45052251465345927,0.0264983943889755,0.32952297455363055,0.444238434731846
-0.12161637106182405,-0.008018629110070424,-0.3945496640131516,-0.10265849458712706,-0.4968756184711355,0.24516968773655723,0.29618264813203016,-0.14372157011149694,-0.5027251551636707,0.08877531670059824,-0.6817013634091487,-0.149223575468928,0.03805025988206412,-0.04471789924999392,0.058263028573797615,-0.2106586624803822,0.545247849312271
0.49180715871239405,0.6415998603900503,0.1642743529893942,-0.15815110470998345,0.32640061918719376,0.12607908174412263,0.10547208932948719,0.4746973745333897,-0.33894539402001506,0.2729447442836377,0.38645873698663413,0.020268758941595112,0.15422809764047785,-0.05069966999465869,0.3039691649880317,-0.10942173161582455,0.6301695151254392
0.015006029646567935,-0.3268336842567958,0.0228790857185992,0.4659529605971926,-0.009299574956944556,0.007471916230923248,-0.3681545318124574,0.22808564709209916,0.11294814052305521,-0.1255938357026365,-0.3604158893847908,-0.12173137267880164,-0.48626939403055097,-0.03144241650520213,-0.13525597704143033,0.22064925098570637,0.4182468154747573
0.25804787703979215,0.03268800790906323,0.29364481923940355,-0.49377449681374763,0.5607064829518561,-0.23052512019829163,0.24717352196378228,0.1339084585506894,-0.1774278506755031,-0.0477474466280543,0.27507596575283977,0.1979691510734264,0.28610481938179166,-0.11112470152585979,0.027999351243921056,0.06426386923698649,0.3230069539184562
-0.33061550261055767,-0.06275384693897504,0.41457510725341573,0.25602245134990076,0.2635125417907066,-0.18852979282218874,-0.0388197502288557,-0.21865163507446306,-0.2651773736839408,0.27150428515841085,0.18869005053008492,0.0920966041072167,0.3663144440235767,0.04518341958559968,0.027422315349643345,-0.3146557381360917,0.645237469760698
0.0052209305413321375,-0.04695355322868702,0.5274552365698782,-0.363722123129455,-0.02170734948468847,0.7361031108442088,0.17773258449816076,-0.14440761371190597,-0.26957562673896374,-0.07922996793556147,0.24168793796171872,0.09117791656940324,0.2860217786821304,-0.11407423549458279,0.09494641392827508,0.2759423859551555,0.4684353617312828
0.09512360786965215,-0.361091434802291,0.29470330478242823,-0.25733289385232905,0.19658492625420354,0.15964667549178324,-0.10200717342188494,0.30397092558848043,0.2351024260569703,-0.27749290919214187,-0.054967737154277774,-0.5604782669879586,0.5244957890367861,-0.08190793648796696,-0.43475412053992113,0.31279765149976796,0.1128094282795397
-0.1658174869564633,0.3960587726004465,0.2942816779149857,-0.3252707622296891,-0.11268634798391106,-0.21124851930304528,-0.501645006883142,0.3532811257456982,0.053793604249764454,-0.03510630821346172,0.23003455114113358,-0.028200068912981574,-0.3377936209669311,0.5543845152524332,-0.14472164420961775,0.4334413355114519,0.4616293144196325
-0.3524742065008981,-0.20197470648145938,-0.3565185653293276,-0.46301697410349146,-0.08461240240202364,0.46987090096205664,-0.13509106826209388,0.01590548786490814,-0.22697643035363818,-0.4241465486188827,0.13348436098402539,0.28269090125565577,0.1111224729650504,0.07196020385833773,0.06478538710085913,0.7422790762740634,0.5827638604081643
0.2772417822473495,5.037929848222822e-05,0.15695724370263836,-0.3063921308664088,-0.3742958146457718,-0.34098005721755265,-0.35965973261950496,0.5025213790855234,-0.6580292377588195,-0.019974466581354156,-0.2251852893270301,-0.07206227619781012,-0.10672471706877334,-0.21247526180290477,-0.07928350384426264,0.1153002808934809,0.4492848155797452
0.436948393005248,-0.24752855936909285,0.12545440530406446,-0.05143886497822203,0.0055589314022383984,-0.49068434116849163,-0.23660501212006713,0.3436035562937431,-0.15655771082236802,-0.4112072623174269,0.43375742366111036,-0.16983415466766352,-0.09640039721652832,0.11408997068925858,0.09644813917073469,0.05798345509684674,0.2772603546296127
-0.48120458098959695,0.3374414068615174,0.632615779722879,-0.6289235878214792,0.06111835240824298,-0.08933374967393348,-0.02653588706559687,-0.11751302885394105,-0.12456135015253467,-0.13996754678427925,0.513766213789953,-0.05525483325352268,0.2578954588612763,0.2694958438730659,-0.014382647834113804,-0.03313252325340374,0.4760691649608979
0.12908500174382584,0.39721330575213837,0.6956879594692441,-0.3380691305836337,-0.007771449618307058,-0.08094644418624686,0.2766093189870849,-0.10057306917094433,0.0984056506395895,-0.20548519814778632,0.23429052400309092,-0.04123708847498632,0.14129865085470672,0.21382100695353767,0.15958889353079797,0.06546054915159402,0.5385208361013748
0.12353570288315358,-0.5734323256878318,0.28090835239605183,0.12044319753434019,-0.09171094908372036,0.06663408841438834,-0.1869907752456722,0.14122910705484676,-0.17526536844052087,0.2276338216216205,-0.06525622840495332,0.45966914329839204,-0.27011195336279464,-0.24394529082730435,0.19700807735537695,0.37836069337471556,0.4949757947382465
-0.8053341444446708,-0.534508903829964,-0.08926573881652758,0.23162097100258672,0.4527227212030088,-0.28268804572825845,0.050514747206266704,-0.0675407527397181,0.05739809035881792,0.06797847664755063,-0.3043061290037254,0.09899271028478582,-0.5249861518488071,-0.16242178164898344,-0.38172988014530473,-0.10194387402454338,0.5406415953034222
0.23258436402764499,-0.4172851457141108,0.3263361196633967,-0.21000686958557518,0.2544335227758879,0.0027285783716514134,0.057102030770178946,0.1852365791062161,0.09408303518882466,-0.15678673205275084,-0.15406945858297938,-0.8732778877450661,-0.5085432903035287,-0.11053908771766718,0.13237584446485118,-0.14156795829460986,0.5381461831477614
-0.24717977055418944,0.07203812156896111,0.0442594195561703,0.18682005761541542,-0.12182750746634625,-0.2511449008191312,0.48061078404717905,0.3520385000091459,-0.21759825264788496,0.46607802442709545,-0.31873674119661605,-0.29625718974929105,-0.4432387638193523,-0.19068110223133597,-0.036609337090309446,0.034321478391783414,0.65239741590427
0.5239505193746685,0.22013746513639076,0.05605436439326816,0.35496409866931833,0.05489812909971664,-0.11279285711607961,0.2966235580469693,-0.2975579050749805,0.0759249124846541,0.43723762285229983,0.033027787701402744,-0.3947762848670725,-0.041876967725874736,0.5603280795119244,-0.3289407320258072,-0.03909989516450424,0.3873809510058266
-0.1558327079943373,-0.29352643964891434,0.21685025220535828,-0.011166023626699106,-0.07241908390617241,0.04905845789772667,0.3569874958762987,0.1951391225178803,0.4791466296103146,-0.04981634940478563,-0.4504853429516817,0.11832238461898734,-0.14437978226862946,-0.01270269702800464,0.7843215256361421,-0.1921951642125693,0.6681802917352236
0.34319341845025897,-0.18260595100623234,-0.13823009283206092,0.2010968493769637,-0.5512083394709824,-0.02616356545678611,0.4289876376050853,0.633978478623215,-0.21895241702445856,0.0010354692195457815,-0.19762907116684125,-0.10139652903744831,0.032423885080165304,-0.20567339131898726,-0.34572503998563053,-0.1011995059268182,0.3502966018430629
-0.34482637166732477,0.6775813422438741,-0.3892002188507505,0.22298417744604448,0.08909244339969458,-0.14129373040299797,0.2726834943036808,0.2602368757947047,0.18397121940996797,-0.09606280422180324,0.19458315220020683,-0.245945781501814,0.1633880806198511,-0.14309434427096443,-0.08149684994668405,-0.0043136027553412615,0.7763617046966365
0.053884972418292515,-0.30757527864385115,-0.021992466561282537,0.060464710510844455,-0.2785227918787135,-0.0733896577580313,0.038166679837679886,-0.18339315942728868,-0.22441832050336846,0.05761244013874656,0.03145804713345468,-0.23514493471040368,0.609684444098176,-0.7604908801091214,-0.16900649265700662,0.07458645508722977,0.2857196925492331
-0.1682683811994147,-0.25841369302214445,0.2132029720415533,-0.6581673734298804,-0.7208894248015358,-0.1299457676015513,-0.1842015452521723,0.00786891141839352,0.0555317841414765,-0.4816696147374899,0.16932975753330726,0.1288110897087881,-0.15242799276413688,0.1330393905480799,0.013812441422115351,0.2573220872084939,0.2863663877433801
0.007886576974836506,-0.33209932292826433,0.19854123301789592,0.35854970981670287,-0.2590172715577201,0.4737098035139039,-0.2946036508424515,-0.20043515706545134,0.06813899840931363,-0.2057216471842619,0.2930422633964008,0.003399929975633015,-0.13924305064372766,-0.5997381019354713,0.029017223730329667,0.21424828691293646,0.572491473585092
0.26447466865307956,-0.5821281147787762,0.2109066882672285,-0.5499754135286713,-0.3407228128685704,0.040828971220587595,-0.7790688533223569,-0.16317341786717904,-0.21821647424631535,-0.2758639056848292,-0.1281336874065797,0.0589167182680089,0.14859262388216854,0.06508423054729745,0.12198420457512504,-0.5539706773982794,0.2836175247647695
0.11056701362251455,-0.10144822428989186,-0.15270734856307974,0.2357867683775916,0.38139900560726925,0.09791210109261006,0.5766073596337968,0.4049906694546955,0.2333684396339584,-0.5321022515952383,-0.01886959494245677,0.2524408602053009,0.09602638246597128,-0.2775341221566749,0.5213245547516431,0.1292720590769451,0.5287748072557457
0.07674775361122407,0.20022144242791207,0.5454147843952739,-0.16021456010339064,-0.19443817595240076,0.0014720940025363394,0.4357885257418787,-0.15498272126278634,0.2142644370325029,0.6014871871738292,0.4103573071654576,-0.24949154727528305,-0.16321767346065114,0.0398504109925541,-0.21630965477047281,0.04626938859969737,0.6574599988860005
-0.1659640238850486,-0.21179255642010977,-0.2452817826852635,-0.3930859636838123,-0.056995536930892654,0.022024391167664747,0.14294395487919798,-0.4370328687324893,0.5024207712896105,0.2968642654057059,0.0832710717887365,-0.2674015222062358,0.19490156579150542,-0.21435947736288316,-0.18984603430699531,0.34014964765076905,0.6999359781302945
-0.22351437885964787,-0.014439050697431621,0.23433856448531878,-0.3097659389582538,0.4590264244383797,-0.33197750100688794,0.1243659956927857,-0.5298753470908508,0.04040960090656161,0.20243236667846087,0.06956805269618083,-0.49089466150174943,0.08661012789699274,-0.24938370044137612,-0.04537641109469226,0.004700356324211757,0.4883308745121055
-0.010580516835233728,-0.08139750482902738,0.06730592026677443,0.262977878759848,-0.10583977381402308,0.6351304551426927,0.13860432412778573,0.10576349064979157,0.5979499379886964,0.010554721549064894,0.2153624340355913,0.13807710916379407,-0.5580891847498936,-0.37668169896086734,-0.007474672374366054,0.18044598652450206,0.8186814916492623
0.06876031108058414,0.6615942545684423,-0.027852664344195283,0.13214117694128136,0.09441988257475309,-0.20605203178196402,0.6807476926646965,-0.10778700821780374,0.05501936592453614,0.24131983186793016,0.25989212554602925,0.03459994154801503,-0.5229828833764834,0.26837564690977134,-0.11163645031400582,0.14688339887860016,0.4713117436740996
-0.13727977625029578,-0.17959945640540365,-0.3043732722379634,-0.40516687235438026,-0.24869540527934983,0.5235160984036648,0.17526447619699503,-0.008690694751276207,0.022943966515501873,-0.22862404395606362,0.13472891757493677,0.23610550587269027,0.12833900555022915,0.13481202551536275,-0.13205643271643863,0.1692268465668794,0.3050151794088606
-0.3913983696392132,0.03740277203922515,-0.4027485342015198,-0.4060637860317089,0.0871995886927418,0.26889259795820386,-0.2037543409750046,-0.18929507053527794,0.09741173577504436,-0.04259305744944486,0.11424719849956078,0.17190274299340916,0.08422273627261412,-0.2530700470119216,0.1271044954179522,-0.2660629250367288,0.5436553210515739
-0.1452537878056949,-0.06509059540440773,0.005351667186155262,0.441771863696508,0.001292786648406652,-0.01658867903276018,0.12547897952661413,0.397410135435787,-0.39538251039645395,-0.10709645463403894,0.28742852888082726,0.004153158135537301,-0.5545200390233349,-0.3746531024243919,-0.10890153795427648,0.4235618703025468,0.4392398923954533
0.08678939846870812,-0.2952736249704576,-0.0706370536131821,-0.15404823753493674,0.49344962010815074,-0.3386061657662143,-0.38558003631863896,-0.019852306558175825,-0.01253448666824683,0.04238920270527102,-0.19819439308434209,-0.46930189241486386,0.04367068113686107,0.21739180288493865,-0.3330190252136699,0.12281197220005557,0.3094352850008468
-0.1150884191229137,-0.032039662180696704,0.11042347284576436,0.08379047407787965,-0.22559817950618433,0.01782773655225034,-0.7333974021171428,-0.3781986657175146,-0.27672281004101695,0.14005254676758216,0.21926049818041948,-0.2514786392305375,0.24049321432334825,-0.21999840258032363,0.3090161721179946,-0.33016585799712095,0.6512867249072364
-0.14477188594242973,-0.46054738115560095,-0.3034611508752545,-0.5704693395576975,0.021979612154131828,0.46085033275588894,0.12799868439318446,0.2109316041187534,-0.07734552494638028,-0.5147381875381528,-0.2097710424436275,0.1854206750074232,-0.2762738296189693,0.0910733517614819,0.08645036525611383,-0.08973168345340762,0.4083326254303163
-0.24430053611719993,0.021399162524439075,-0.36228403848788127,0.3789833362078986,-0.42408319294241753,-0.41354926772115375,0.4411276994798995,-0.38258868917388134,0.3934250329193226,0.1089675299257542,-0.339825230161351,-0.5024787543277633,-0.06514371959094006,-0.29823873805592865,-0.07978611319094386,0.029667781247532263,0.3818888866651864
0.5385267229916993,0.1451957081916152,-0.45876700942724624,0.4915775169279748,-0.16259719925927482,-0.002238182600001304,0.5839039978486487,0.10456468206790165,0.026385898721639267,0.40412913826667873,0.7414222544470667,0.047830493286016476,-0.5566984209279416,0.13135525042797191,-0.49903255466708313,-0.3235880665083296,0.3243912327673837
-0.23140141728750235,-0.14215214150895106,-0.023899001469335907,0.019460174748553938,0.1942172868778536,-0.05566565524627276,-0.3630553105753875,0.6075970919218985,0.35551915656902133,0.023177411375548296,-0.32101718124206424,-0.10785192059670494,-0.04327965582388443,0.27739577564278906,-0.08950704506708496,-0.06959281314574567,0.5846948742273742
-0.29238627796628747,0.26165745855068345,0.26410133693214866,0.4288639292080182,0.026819722739053503,0.12719206114880832,-0.2887151502098797,0.3929971263082053,0.3295414260346884,-0.08449161859475685,-0.39359799791880984,0.1738352080057673,-0.41671050869324805,-0.2729833196208623,0.04717844422127648,-0.10668543010981926,0.9086918406700408
-0.3334474921425173,0.4392251613135136,0.3264298296174006,-0.1645120024579464,0.4627050427342183,0.42438089951639124,0.09599002797454426,-0.03945603460100344,0.28847039007351316,0.5420663483068615,-0.16781052479837577,-0.23371769244566054,0.08668024722167489,-0.27584992559758953,-0.008084488514379817,-0.4317006481674176,0.8203764468078462
-0.0914866390946678,0.30465096025697397,-0.15754605143530528,0.07162191451271283,0.02119581183627267,-0.3560219436342203,-0.21571519080476798,0.08233732370325847,0.21091185428383924,-0.3985169307285684,-0.29406944491746345,0.1862517207475619,0.09373983303381583,-0.3392023705866439,0.41185939740519395,-0.45276779245708165,0.6744641691984679
-0.2113486317402119,-0.35897194035616325,0.4289131283209748,0.520301134478749,0.19546539833209414,-0.022901116436916058,0.04351473496022405,0.06790457625113538,-0.025919544105927977,0.19100742335156995,0.23984315812030266,0.5805028576501441,-0.18777505517441256,0.29408746168402267,-0.12655108331157694,0.34368254916180585,0.7441155848978193
0.592904944182107,-0.5059494146099226,0.07071378176767223,-0.04228718278292176,0.23264067709355302,-0.2473399329662282,-0.5321342597562477,-0.26852020392548676,-0.3860045640473703,-0.16165118287950475,-0.18240516443279609,-0.19840762668997636,-0.1436075799176072,0.3106028123508361,-0.2519350296061248,-0.048662453151783025,0.2100685064262626
-0.0800358451332815,-0.12973259508652313,-0.025730309021693126,0.2064968492562822,0.22593326884322978,0.6614873661573751,-0.40316844988359934,0.33148890884537047,-0.47815208359061273,-0.002823133287326085,0.10719446694616697,-0.3234954855097586,0.01895448608597311,0.07997524071331036,0.08808067441568179,-0.04076637363839922,0.6624423334589652
-0.05244231060010569,-0.19434768265795135,0.28815521202365646,-0.19521667358086991,0.07622349123219763,0.2948659105642326,0.32647177662092247,-0.3824401622045254,-0.495707874493264,0.1517448767875087,0.22260015652075582,0.43086275746876335,-0.08000304756927684,-0.25975760746593146,0.04834111208126812,0.38573890066388955,0.5570701747114438
0.2826743353581965,0.19522215053306136,0.25147720222744935,0.4308532690229707,-0.07080870272531373,0.19296391463564044,-0.4841790744194088,-0.12165837121119555,0.35920746651590163,-0.2585025018849294,-0.11457303483173337,0.299123576835321,-0.33791831462577027,0.638429350190243,0.4924553976113991,0.366034252410737,0.556473274200962
0.3790550729972078,-0.8123152986668578,-0.04810026219864841,-0.1924421497430962,0.2759652070577768,-0.25207104969435007,-0.02848428182801245,0.44125283406309174,-0.18218210616871028,-0.16041232554388296,0.06073226580527369,0.1030897897406916,0.2228030699446758,0.2518115384456986,0.14237854814203443,-0.6010172668878717,0.2623872910702262
-0.2927739839478339,-0.11262450458044862,-0.2196359624604968,0.21790072033248975,-0.05027223269009054,0.006811385452744734,0.08097011846023638,-0.0496500798796366,-0.6098533404927202,-0.01938676670751094,-0.04235907465353966,-0.11087501069391639,0.16123674919495856,-0.26256600695823806,0.6674510695133594,-0.6995383722521201,0.6435386900464779
-0.18774346727033,0.12276524730926303,0.36077718061578734,0.12433790776975095,0.37010324405628003,-0.34288088699781055,-0.046578229989900924,0.5160861500867118,0.18792163844243648,-0.35369205763859946,0.08319438106622457,0.09665006421553379,-0.038562133286860534,-0.42597601720388584,0.005782890288883458,0.06270946798098563,0.6964321352242863
-0.23648341988733856,-0.32435156990881814,-0.008961960084106435,0.4898912773488644,0.10247578008275449,0.4524477891852182,-0.20418594717152244,-0.014611244120615707,-0.39274609203927285,0.14710840400655334,0.20023373443222492,0.5762385126903327,-0.0042960044986294355,-0.18870577236250302,-0.48159845327159057,-0.18917625601340873,0.4988605294926422
-0.4573314966315857,0.3709152752639833,0.3207439786548131,0.021114636458054725,0.11807613164582786,-0.3045992283503832,-0.3838557947702024,-0.1153143249416893,0.03127677082783062,0.13148144852803623,0.14652644930861436,0.18661777170603674,0.5840896077142462,-0.12379849804338067,-0.2794542389231278,-0.014223841456386499,0.3899210172162807
-0.3911394658271485,-0.22727542244075957,0.07790978542849977,0.27721016246470054,0.08537935811529407,-0.6070697245200014,-0.021267492504227825,-0.3563015372733993,0.15569576959486092,0.1549736115942022,-0.37707085654710076,-0.32409715847985565,0.09097903634138882,-0.12762756581913137,0.08544192848505328,0.09563182817959809,0.4899248664654573
0.7041568431180537,0.36063526242486693,0.09632282004046658,0.11061691331014667,-0.01950038560002032,-0.09516285629716725,0.11217682305387794,-0.3644683052538588,-0.5434742184596224,0.3530068822307777,-0.07464934088281155,-0.22598776466723483,0.16777538887473997,-0.3478945636699052,-0.3036981953096881,-0.33683161679717366,0.5289632048008571
0.45784994317807154,0.7727893869884928,-0.2299520348238224,-0.1938871270832882,0.14960605532049792,-0.06277784252716989,0.009369722170576907,-0.012380149513517125,-0.26152837382633265,0.21570665165164282,-0.1722739798625973,0.023483660970954286,0.16267923925505356,0.3125672689095643,0.03139444705686101,0.388280428588632,0.5272791516933647
0.22465414806531192,0.009863738248557324,-0.06366393585960287,-0.015740281157770153,-0.10295512815907701,0.3031622493069217,-0.0053240923288654235,0.1120587047590706,0.39310874627595427,-0.5831836840365701,-0.3093939074210039,-0.318430029290821,0.11888262112353343,0.496837586841707,-0.31851898058153494,-0.1399923819398026,0.1237459748248825
-0.08593360558010074,0.08104504131268742,0.28524453134900807,0.21390252514749342,-0.2965361171433669,0.14580116675960086,-0.01186225723931189,-0.13156931841661335,0.0038454864814282397,0.11839162921793878,-0.28736114055062517,0.32159566365508885,-0.0017285836509645103,-0.17378821901014685,0.2609016145757669,0.16151481310776017,0.6475838973732803
0.07448118011290335,0.4685857723249644,-0.6260920180003661,0.21592170674255617,0.33620138630239704,-0.17923556141357666,-0.07834322972277315,0.014810866981820492,-0.1714223008813096,0.20006465437277465,0.16894695580442665,-0.3574913779641663,0.061958685917127276,-0.13610318862457496,-0.009974572388735115,0.3477295735236638,0.6216396898525908
-0.12004679145989552,-0.10269268472411539,-0.03247451627953565,0.3509828900586337,-0.16190949351108266,-0.3832152198313483,-0.4257091089172488,-0.17532065014741371,0.5089810758559088,-0.4092272655668655,0.05485755427240213,0.06623960890067794,-0.0011503641556744881,0.5406597515639363,0.09389538910554884,-0.4346711811437939,0.354025635702268
-0.159648081561702,-0.028387365783512614,-0.5195595636794005,-0.03872123031179997,0.05330032831310416,0.11895871713488848,-0.7338689900913677,0.07357287347842872,0.10768369088877017,-0.056660627544344866,0.35100753320130473,0.00612006622690197,-0.22020125419470052,-0.04814590087172216,0.005664794580260479,-0.10978339724321415,0.8284851275997329
-0.7325530603312056,0.5349907371633387,0.0321353116675733,0.2923173131335437,-0.18146096090428343,-0.051034098251543925,0.1634218169416233,-0.16663940514596787,-0.2328746027234157,-0.1632561842977216,0.2257928632908256,0.41542473418597614,-0.007257409446231433,-0.09533900458589062,0.09022456211902818,0.19593277764676215,0.8125082698287814
-0.4506119242530016,0.26370404156408384,0.5332290838119544,0.23454198545298421,0.7068095432542028,0.002194119091345814,0.19589117364275987,0.10401014957089366,0.40338447733633476,0.2188799085308386,0.055059504962776784,-0.1506043015535816,-0.4308516357471851,-0.2715221086359008,0.18387231188819297,-0.317312487509974,0.8720928280663851
0.30748723718901155,-0.3451559182105687,-0.048240003621885824,-0.44979666737846025,0.030257616165734053,-0.38313349188354395,-0.1423217988400371,-0.04917229824542929,0.22079030728071108,-0.7604562411805288,0.07279417529478527,0.14716301292278774,0.4476995734917404,-0.030876807760170155,-0.40707950424992356,0.3406653876054664,0.0224921788090571
-0.1818856500222209,-0.016371676380478845,-0.22167753626247164,0.01129412150526321,0.28435597593365985,0.1791019247899961,-0.2979958267844499,-0.29165698822386815,-0.22720760190150707,-0.07682546130520285,0.2383763005271563,0.052212696527163,0.4003408230357438,-0.2692963244222332,0.19397497047240486,-0.18826961099278253,0.6495548153647518
-0.016117218586042786,0.18477792029289064,-0.30717355705320193,-0.3710185392000115,0.06509452735721905,0.4015579289472503,-0.31100699492974243,0.3427061044630511,-0.04510507553122117,0.1258996726458108,-0.16714285094189024,0.22351763117548487,-0.06627340174183705,0.3306777575010974,-0.6947537524818577,-0.19073176462235766,0.7062896517690176
0.04612026007012636,-0.12585754234273278,-0.07199848390565336,-0.5031210676009662,-0.312059742834598,0.2523218837452944,-0.008121405312785386,0.6452189836443523,-0.3630721044684067,0.2187855126638265,0.018442655036879363,-0.2906160905199926,0.32551052651718904,0.32928859606585814,-0.23403208238650708,-0.021971087300522663,0.3954218275713543
0.16901633231081453,0.3747646247917436,-0.2821819710050949,-0.21495640562020576,0.5254202669631012,-0.0819482423452258,0.2866025906592435,0.07411205724279374,-0.2266077914647095,0.024801451682401776,0.14526552428539174,0.32982744713217227,-0.6255456463427816,0.0004153063903006293,0.05507520109778474,0.45215868734349185,0.6961487419249932
-0.10681367180792134,-0.23099044635760224,0.29735595250613156,0.37772733325915864,-0.01161328299120104,-0.03892746857502993,0.09581409769278978,0.026505208543542047,-0.14820638180689039,0.4473165908129657,-0.036497632516637846,-0.1959449486468406,0.25398788139944517,-0.5142396017008917,0.013755573292124179,-0.3969531484108386,0.6667292402673766
0.39511760038085986,0.12824446890956215,-0.31467072140613916,0.6938600143284828,0.14535091458071736,0.2621758658718677,-0.13398568635394853,-0.046254939386087324,0.11637943253934305,-0.05862240103195093,-0.18616711057214838,0.09588307076644806,-0.6064472476414442,-0.23077398360209442,0.10136464239645526,-0.4295233654470091,0.8969084648236274
0.20086734028718986,0.1341397660331186,0.605744351331257,0.7739393679792439,-0.04570750371669818,0.03455675254673918,-0.10017156489121275,0.17386213555841362,-0.11142209383527846,0.07996208407611105,0.5937696854273457,-0.05136902924698674,-0.10027626124204736,0.3549033728860682,-0.2769815911887543,0.16990852659617856,0.3228158298910776
-0.2052897854700945,-0.093360352967648,0.08745710938124876,-0.291434265665006,0.47856176239121795,-0.20108632164399182,-0.48809332908870806,-0.24739492425446505,0.010443727978899253,-0.35349163653066584,0.4140950237607194,0.07484359139299111,-0.09435124284154184,-0.279482198209193,-0.019329256732374844,0.41244262966179046,0.5922819015223156
0.32614555244168136,0.21073555199871297,0.25315266784890395,0.3951557399406882,0.29027184568669373,0.4303631003327789,0.538705691938145,0.3062060917908184,0.03690889542309159,-0.2614647206578724,-0.45147262398854865,0.1700444659624696,-0.029834541408260917,-0.2843952133589004,0.23000902634602427,0.1574132243838648,0.5253818656236043
0.2820485112596096,-0.07131570035547088,-0.1308576512993553,0.31090294236694827,-0.4630791668329145,0.4939807710220011,-0.07584853901501468,0.12209719735227748,-0.08729129654710296,0.03401012222193689,-0.5356089318807853,-0.5375118336982696,0.2742773278230345,0.13923440773475504,-0.17566139078524967,-0.015877784950210277,0.3592781522547317
-0.18693343541352261,0.38592537502301744,0.019246081129481812,0.4661287868319638,-0.3751738673334749,0.28611397414032747,-0.11163567859737837,0.7398550274202165,0.710457594625735,0.30195308258383946,0.04855889573101557,-0.14406627863748014,-0.2179236371005646,0.17409774437341918,0.036554308112754286,-0.308395881560812,0.6743465437657461
0.2551077911153773,-0.16021554878698913,0.018481365895522156,0.37189807876239134,-0.08150588889830596,-0.07575302144339247,-0.029824502552464813,0.12551295572849558,-0.03310151875609413,-0.2018169046466327,-0.009845344859107596,-0.023555429859389257,-0.8219184829348719,-0.11328358675009259,-0.19623877120801914,0.03325537269999483,0.5950326382514137
0.05817395486264658,0.17772660102999877,-0.0656308232450177,0.40434410793247477,-0.15070003315418073,0.4308007396981136,0.24397224865867717,-0.26918144569241165,-0.031079521160885304,0.13874951307772498,0.005144077581007711,0.00012317740452850306,0.25545380878502233,-0.9013845242967705,-0.2826346710250258,0.0887285640316999,0.7353966531106089
0.2654300355673369,0.3081321470913366,-0.07899883273876432,0.45045932916458453,0.26839085632718396,0.4279833539519572,-0.21406932676675927,-0.35065946519198543,-0.00015133413154269637,0.13586421798044634,-0.6008973237660946,-0.037692508828319635,-0.35902532820966154,0.03974333123185614,0.11818189870841367,0.06776308541088141,0.753525656047061
0.2311838679673025,0.7254801659585774,0.17074959163203113,0.41083182922738615,-0.0720667183615365,-0.0976487965711672,-0.39861112346755173,0.029686314188027862,0.655506981461782,-0.019287745543633328,-0.3079418988865138,-0.061583349594819814,0.37687021331122783,-0.4878292992461554,-0.3968139026412305,0.24087797489937354,0.5545510329924762
0.11845323188427914,-0.33230576181391913,-0.36972705351209334,-0.17731652072232384,-0.5857572145482584,0.33926297215404244,0.36413136644258653,0.07743421972985759,0.14862285476075848,0.25303083496192924,0.4038258765682323,-0.3971932128522724,0.3542772267679971,-0.15978731456641437,0.16590749128382953,0.2653305258467509,0.4090565962758017
-0.040857334358496214,0.21121043536560058,-0.6021292348757223,-0.4364365897961089,-0.0871568793509776,0.43883964035295964,-0.3805675172130227,-0.16007629078983782,0.23147155293696955,0.1718760071883103,0.12586929987003348,0.08901381513823711,0.03923172982515177,0.004989946181856886,0.30255200485556244,-0.13750325645327363,0.8460452087566404
0.10747461387764408,0.4116844431629468,0.0577148637279189,-0.07311044351953355,-0.4239232112478475,0.36631863388310215,-0.2559645427940447,0.24977501539421537,-0.3135408252383141,-0.09723768381561637,0.17902174452693576,-0.04999383833080534,0.07066942654782327,-0.27799203753916313,-0.12716695781566145,0.11042059569242718,0.4491099082856873
0.6159859492832503,0.11899662545505152,0.06142872537686617,0.4631065878860321,0.24713085063106704,0.37047261539234744,0.0269880228885497,-0.03894505217048366,0.025489614675248407,0.4481330852792229,-0.4069026394052473,0.37626442441659247,-0.3800920238401895,-0.14734097538033034,0.11667295226492047,-0.18660058426996598,0.7630869597737937
0.5804018321173982,0.09736506595900518,0.37858964375874393,0.2031378381508998,-0.17140257025852462,0.25878829790231295,0.2614011858441106,-0.25972661600977187,-0.2837767038787734,-0.37774472888103283,-0.12014563723572702,0.05578700047598753,-0.2316202436534031,0.67973288141254,0.22397293383658823,-0.1345051644810877,0.2366445821811955
-0.13363997278471973,0.30576609563929374,0.08001877820420722,0.5608137604246157,-0.08399368456734523,-0.28104214541963857,-0.09848233830097895,0.05537399293482498,-0.38967590384039824,0.055637063391344554,-0.1971793018224951,-0.0212829046809136,-0.17265709318671932,-0.28384147644721713,0.18429530020248774,-0.023514746222562083,0.963943238164328
-0.4172159471305932,0.40152939030070883,-0.3227327692219518,0.004610810361700024,0.3456755454283268,0.6636731108239095,0.32831093472346246,-0.3428942343734709,0.1707890862183813,-0.1534262591055674,-0.27468679209570634,-0.20504066581906674,0.3418287976502482,0.5245825683667227,0.21563160331343167,-0.014283324095388128,0.8494207140999264
0.24403820625808328,-0.34973950261797193,-0.5824086274457648,-0.3117401413468244,0.019851347312274725,-0.45689394340304484,0.0428843220765499,0.36279447525411473,0.35913215611094684,-0.09769888868713017,0.08788489952703449,0.0987184499405934,0.33798159806617667,-0.09682253058527696,0.15436918135217803,0.04437917790499904,0.4899835744807543
-0.5740443015651744,-0.010739457555456439,-0.006803639991407484,0.6210291762387972,-0.2400819935715051,0.03538927844526418,-0.17637329752525926,-0.4642672564264319,-0.16463725295222548,0.003310216755787909,-0.23282153273269182,-0.3581292417544166,-0.03628696028579265,0.3482564486499864,0.33610083658588763,0.5267832481517014,0.7666515720520102
0.07019594203404571,0.16072259623476137,-0.32667508343317997,0.021486896735063543,-0.16012904854514973,0.16664175284877358,0.1669631785880979,0.3565432831765179,-0.3360902506248524,0.22918694936931527,0.1662730598711868,0.2927077536045658,0.35153215952127803,0.25727924557721304,0.009910354515045516,-0.6302057224190445,0.5433642815780878
0.14723909069601265,-0.5714521390940738,-0.026531834586659447,-0.10701720315099922,0.10893559797313429,-0.12386071263163867,0.2358782177191286,0.2091729163080805,-0.03404331795151347,0.20547673345784534,-0.18985138005255445,-0.4000929580783129,0.29994608164925074,0.38462327829169873,0.670503472863606,0.48392892559423095,0.3402326575830616
0.34642970285840186,0.3804271714571666,-0.6073746253838921,-0.34674698467526316,-0.08265595874012935,0.033201626310973564,-0.24690114412850633,0.0036909780780223223,0.44964757859641336,-0.17463336323354384,0.3073543363168868,0.39755195925281206,-0.5308111245721856,-0.13758679295836473,-0.18450302357056136,-0.08322653879291955,0.8505541246283268
-0.1539087578273607,0.2788977534510821,-0.22604763046072165,-0.6382783754300689,0.013870871951876584,0.24719655987594658,-0.13310523014032188,-0.4613279389213022,0.21112798695488585,-0.01464667951049159,-0.3596253312585047,0.21702071094970368,0.06600856798396848,-0.10170699601863503,0.245804996291621,-0.0014426391980810471,0.8985021876893984
-0.44974693591339304,0.1542434340165883,-0.1457719234275974,-0.0031331018382457776,-0.4989047720530811,-0.373917317162095,-0.08825086883063608,-0.021000654867712687,-0.2202933091900554,-0.644448242366011,-0.11282452465810694,-0.34520667830193275,-0.05833553068381736,-0.12351396563011907,-0.49822073251511023,-0.36167306608700345,0.2852376805488093
-0.02241152010775762,0.022105432353639765,-0.18705885752366638,-0.30211296400490495,-0.16369092181393474,0.006967007563943084,0.1835249026210103,-0.514548215625683,0.05997669256389217,-0.11178816499748567,-0.039558697480742755,0.06253216692037891,-0.2696803137263234,-0.07339120368614638,0.7634917252543149,0.28726996704522645,0.5556373514907428
-0.07002510362845397,0.014339378342118264,0.0027440530942307306,0.2603190779431851,0.610395465619827,0.20358334221519347,-0.1192560137006533,0.4733681124768862,-0.18902606837975144,0.5661940292830807,-0.33822634173675825,-0.44590524401038945,0.214772507824478,-0.29188801874203163,-0.02069409340520567,-0.6805169308547164,0.5714191028219351
-0.19635650186362716,-0.3115586711780091,0.1154521374122391,-0.09069996972193128,0.42715714040153874,0.5903680083537332,-0.23826371159329657,0.20139909215925894,-0.4032206186846545,0.16174553648560153,0.04816668081775427,-0.19995931294698768,0.23295210590872228,-0.015390376679367379,-0.17966771348467725,0.13061740551636083,0.4651843389625807
0.5331815381979371,0.5948909924516834,0.18614618225499308,0.14417389680536707,0.12800614627644064,0.5233290636354814,-0.2625624136429428,-0.12160772701806094,-0.3321336468353511,-0.29244268942400675,-0.08916639177388386,-0.2918434389702401,-0.30088719479208237,-0.013173618672259135,0.3548909016434155,-0.09814796774271145,0.8337624928545702
-0.2400779388530933,0.2535406891228827,-0.05102607449950655,0.04551008660023659,-0.5218353687020767,0.093182961016407,-0.29119578840081006,0.12334285325793154,0.14872293615762447,0.20736319921132051,-0.21440415234077315,-0.13508327926587,0.37393129731225827,-0.07482627660057162,-0.16505559979717532,-0.1921184601681715,0.4757892624272307
0.742250403430372,0.2672876213694746,-0.0002884901620797131,-0.263319373181064,-0.0558573893754134,0.01662237544411216,0.042450306149501855,-0.6370916161708033,0.06693367078842494,0.09138806872038452,0.07059033887342459,-0.1885716761527342,0.17645751644956909,0.3251846436444342,0.26358800147662576,0.09084949653925144,0.4205859305521748
0.30430919493770586,0.2201100853779025,-0.23616624920870624,-0.36541958509033007,0.567664937307793,-0.16004709551864243,0.21343373667870813,0.006216566832514592,0.007139114374754951,0.22627180950545633,-0.3589934040470022,-0.24381832578345872,-0.24043294413899025,-0.1570721021859655,0.29409865952492986,-0.002902209840995207,0.5596940192616979
0.1766838432500523,0.20079070861398884,0.3328460435482117,0.6268574073091413,-0.20492481967285103,0.5423186231784752,0.25540222693541237,-0.23453940486449754,0.039754780063533696,0.07938065476145106,0.4429005627866067,0.04580445965884476,0.244571053304534,0.08419327276451066,0.045946812436470696,-0.05115962624957937,0.7071385149547259
0.09611118504182457,-0.08142798833586995,0.28216998212006694,0.5264902149109055,0.18561173710761425,-0.5225239329981379,0.46282664048812777,-0.154841642261972,-0.14271030793914102,-0.3871526230625144,0.35101506492861456,-0.0028252487818800076,-0.06856911879913846,0.21628381968634558,-0.1489316101032102,-0.0417502038964746,0.1200949432213028
-0.2300587810696798,0.08693207964855076,0.06082715913849365,0.33625486883691225,0.1853599173001909,0.10792504080397003,-0.2294314485230171,-0.3891385074243404,-0.36922474194993055,0.02792830165781357,0.2509357394572438,0.16824458380938812,0.11482305388271241,-0.30479526450300376,0.08885270715682492,-0.3812854246827695,0.8096743240136802
0.2283214125179139,-0.12227257084038479,-0.48828742521211477,-0.18970758678858085,-0.6313333059664648,0.2288155264233297,-0.09111290114430325,0.43414183600602424,0.08074254784271015,0.3168808329724926,0.4944310818888512,0.10206058431653542,0.1787811744198281,0.3582395452068017,0.03940889921839996,-0.13202050133614393,0.4734745982850886
0.5175127031497322,-0.5150325259828579,-0.5960639192883624,0.20470610818062163,0.025009845107305806,0.042958569095744914,-0.22185738632218632,-0.006738307123073772,-0.13128675129204476,0.09478596546546525,-0.35023127456826164,-0.30818554405904763,-0.17605597954880214,0.07394514092413818,0.10557876628256457,0.09686090037704805,0.4441324557960756
-0.11372776615544589,0.2599748285389097,-0.47839062438316793,-0.03236250142192132,0.009811879633509935,-0.2678916742193278,0.0970954481102162,0.011892458944969153,-0.0816105120768918,-0.27646059297077563,-0.08532515100485377,-0.5416804650464978,-0.10519765060503605,-0.5017325446068774,-0.0543754560049613,-0.011869841774229173,0.4565873094379359
-0.4015645536375622,0.01113715396557366,-0.2554647636895001,-0.2919988546979686,-0.427817151795792,-0.024308901685352602,-0.04036116266750846,-0.13030258224102476,-0.046726279123714104,-0.2586458949658422,0.5035906272730833,-0.22067172454199047,-0.7167542332647497,0.09355771402587182,-0.26988587479272075,0.11014483298315025,0.6838501252043656
-0.27454347221591735,-0.25386095725553737,0.6258600039377025,-0.16601090702068388,-0.21691088124523492,0.23545970945054884,0.007225607144892211,-0.07844248566088846,0.21740890977840724,0.09042277192194814,-0.022313907571759883,0.25937514462408184,0.5181042972281331,-0.158244019163045,0.014336421905293717,0.02851054403183534,0.4264453400636098
0.38097548827543865,-0.20948828795800958,0.12770882060030075,0.22634334119483346,-0.15787427710770718,-0.3735639480738491,0.24261655103494262,-0.2999263569664888,-0.05595818119395407,-0.16840136365778935,-0.19669974061242088,-0.22534227207225813,0.41796895262979816,0.28854394859211685,0.263368209243542,-0.17798162348386262,0.1890047817340829
0.49438152630888543,-0.40435340166136946,-0.44185459363876034,-0.1237833891636293,0.5999771072465745,-0.3259184868575943,-0.22132979755343102,-0.07629968623793998,-0.26601295347821313,-0.3893994690948569,0.5970095426574819,0.2458295130529274,0.5311812859672013,0.24263075216418184,-0.07929051799676012,-0.38623096947077284,0.3574056079777313
0.4122501209270731,0.2030375465470397,-0.009871112746477034,-0.08943393322849713,-0.23002493560356072,0.06574604738104195,0.16396465915223069,-0.3143275255079936,0.6676181528657954,0.08505356748467396,-0.09923987983769156,-0.050348058706439214,0.02732855738433254,-0.11992875043408036,0.061833018971821585,-0.19177498873027285,0.8072105211853482
0.06695469008117567,-0.210399550555285,-0.2248917290112664,0.09675387981712191,0.5679391245990881,0.3126865599244155,-0.24796062959220377,0.338380858582289,-0.005124083264595541,0.05165957608915961,-0.14551460935866511,-0.008127911102502234,-0.06057287278311291,0.4768717879095822,0.0819419342425044,0.7978701617588742,0.9018340283318876
-0.22752862660642392,0.4371378704963916,0.2697188443291102,-0.5780243875443388,-0.3070442068014869,-0.5215135272960579,-0.1785073913017633,-0.004403276880257823,-0.09076936150540812,0.02258481973308979,0.2779873043345966,-0.07177892847764208,-0.30659590478261556,0.19264812883943538,0.13648475257528603,0.2735714654627559,0.3866131607390629
0.036826231505099075,0.2380746144279925,-0.01570158874354949,0.12743650869602952,0.2572407213389753,-0.17283306383775354,0.33981429149918096,0.10457540865429743,0.21501078939708881,0.3027232072384014,0.00313792598006285,-0.05337069822982205,0.132145074393356,-0.25734668596022714,-0.1661189143559889,-0.03912943922286041,0.5704120229107779
0.5027502434910556,0.45004155013712904,-0.3226749107405599,0.1970797733502766,0.0638110299711604,0.5014829273517024,-0.07407859917751648,-0.04347365493327898,0.06577117275227114,-0.2407581604256187,0.35304576515212693,0.05442610017276926,0.5130475973218493,-0.09585820672932494,0.4326690721742542,-0.1370450745931441,0.5635656659416276
-0.3589567171531486,-0.4875335924342918,0.14725490771883062,-0.16429643599843347,0.12572422993385407,0.2772840753613667,-0.16264817718404845,0.18201761687276902,0.5119254995947453,0.17508895768328459,-0.002037888385258202,0.3098561572757742,-0.09994223127870494,0.06669675356641186,-0.13721247165919848,0.4714346022417297,0.7844641126388187
0.18573075324581098,0.3329490511313043,-0.2133396213423087,-0.15410230060252095,0.193306517357401,0.25756552411971734,-0.34448476307396825,0.0784652708958336,-0.4235121713764047,0.013032070588449018,-0.12927817006361247,0.23206531290297464,-0.035394395354843344,-0.3043951511197922,-0.29696782756514495,0.3830550061158439,0.7446717803047507
0.23470286535813284,-0.393027080671671,-0.1074461009041742,-0.12355696541168465,0.42168831546510477,0.21841875604772987,-0.32121289718328094,-0.34836391184226334,0.3180196262732957,0.40469385699778604,-0.050224265785194344,-0.10099003065948267,-0.2517619597682835,0.020458281761022712,-0.2598793281372188,-0.2367789583646636,0.4631369299139157
0.30850440863361916,0.07728457786402565,0.2764248714260673,0.1246861186083682,-0.2886155716558745,0.19045415977402314,-0.3404098316180474,0.6532768053765499,0.08689417220930931,0.09743528790767142,-0.10126215497984731,0.15942438200100958,0.2072784318089156,0.3809898345934498,-0.4312808850678864,-0.39248836597271697,0.3489295094408015
-0.2470653686930691,0.2712879942178062,-0.06675207444658429,0.5294315916586215,0.27231193201008913,-0.07999029387685419,0.763361826473356,-0.03435174731138896,-0.46887560996758354,-0.16562339654662506,0.04729781857960064,-0.6033813132082653,0.23858027336188936,-0.1548871586945044,0.31223824178753123,0.045569180381821645,0.4978518895870543
-0.4639343666077843,-0.317773286926857,-0.15135524200226927,-0.2494950644442021,0.17216677611986309,0.21367193697762588,-0.07279728475589528,-0.3971164227581533,-0.9020823800113271,-0.3192610062866865,-0.0918948947611749,-0.25404065805219644,-0.16103069004414788,0.05301294227131853,0.23848157369639134,0.5175904757871456,0.5677969136280953
-0.25251910938848526,0.06539922872050119,-0.19462586196955597,-0.48423346541192624,-0.3205995122456004,-0.6937361813302704,-0.14308505601631943,-0.13070546849677767,-0.10734841913745258,0.2791013821695332,0.10412526412491152,0.14023449623355078,-0.550074336471392,0.2239787879022369,0.34577433365365706,-0.114233739726778,0.5702329105194598
-0.6616836908597685,-0.1700780639413735,0.511975042683397,-0.03474960056759652,0.27895305363092443,-0.28615902466742144,-0.032361037992540434,-0.07574161698194609,0.01143735024890763,-0.18841879363047576,0.7728952736834193,0.1592758006690541,0.01153539761823319,-0.3937150511607853,0.05161489748256021,-0.4742560772331359,0.4696127348382178
-0.3016759057392346,0.12254991605622156,-0.1609032832682005,-0.4893534035699103,-0.03772985993785993,0.1884663361422595,-0.5530718137770342,-0.036504527287407496,-0.10328744959044467,0.19400513753479864,-0.45629173917647836,0.2693378854465738,-0.3398392041802833,0.04173165158801295,0.08402178861712739,-0.0607711458263043,0.8137057818108809
-0.18033811628959756,-0.5629966978246833,0.31726370200302784,0.17658069736296766,-0.353323534258964,0.05927644715895353,0.24451673742989738,0.31190188936868096,0.07935061178578602,-0.4715991391679042,0.13585719626373838,-0.09476573386661691,0.2699431078842973,-0.21788683531221187,0.23162901362484856,0.2719099604824178,0.1872260457220201
0.07319076339722086,0.07238629886889003,0.11466778170852213,0.20296330783588656,0.1608142355747767,0.12664038475960815,0.43907267798304794,0.04867309180239204,-0.1172137500178776,-0.7415303295805624,0.0015717094104746865,0.29868728400413946,0.45801119085371433,0.3125885844526841,-0.006752165152986933,0.11984406533682904,0.3326731456604455
-0.20599674186328826,-0.2056813280390989,0.2645674269571121,0.44939817932344517,0.2626804473281187,0.05082489135861523,0.09576572741254966,-0.12348185231878511,0.28715271403580955,-0.3694038613692462,0.49505394661363955,-0.34199203809595013,-0.04817112381205357,0.27365608383231466,-0.07456272686289234,-0.1094872026027496,0.3409578229091191
-0.07457659009914197,0.33277886798592576,0.2603830320081959,0.5799516113282444,-0.07180027782979892,-0.3656856038321872,-0.26260252540438817,0.15442533740837122,0.022391419518143746,0.5207217051664044,0.2453483576137787,-0.01567616366257607,0.3975189002061029,-0.5287907048942664,-0.27574224029962946,-0.3839824484230747,0.8908997222230925
-0.1330473892223007,-0.11551992527537863,-0.6847014398211192,0.13028989212567632,0.12072449762077969,-0.21143666299571368,-0.5359601517970125,0.415455899453733,-0.25413519912610144,0.33543230292501125,0.5356560117358486,-0.05752205454390165,0.03051225991826695,-0.18672091805252808,0.05032926788377823,-0.11367033587571487,0.7652492635800902
0.034114440276802147,-0.39386208837158904,0.023836273643747685,-0.06988072064092271,-0.37345913333549197,0.4497492809166178,-0.23980982468101242,0.04810556190282339,0.5992611949864359,-0.29416128037533684,-0.0023662780612581646,-0.34110230930518237,-0.2594819235514072,0.44722402212610723,-0.21197209428815467,0.17458453286345563,0.4470587234748041
-0.4516372814605614,-0.1563771066740749,-0.24163188212619138,0.08528651842003943,-0.10203616294346801,-0.34714760002326794,-0.06462478466070856,-0.29136718282827423,-0.7181760808430206,-0.12714535536946658,0.3567689542469602,-0.1764577890717401,-0.03181328007258788,0.43248375486084634,0.1026708186714208,0.4570067615167249,0.626630481136596
0.4638294424726611,0.044677677756608025,0.14079208333386073,-0.09374779789350351,-0.13996405164583442,-0.12185779506726252,-0.02069717383732201,0.19860222305443692,0.16718819758439002,-0.24040954313208962,-0.3439826655909487,-0.7925797448673921,0.29011268333843354,0.47249949016091153,-0.3288698398717349,-0.062210382666571806,0.1685672143088853
0.16855859123562125,0.1553665572665589,-0.03766512616878856,-0.6305398328607562,0.11757078063441995,-0.17152398300712401,0.08134121756907935,-0.5495146697335577,0.40650045661617007,0.20276449245003003,-0.13296508364666154,-0.02355313585593848,0.27053892786656375,0.11565591240789319,-0.20007056174551807,0.3510782485882039,0.612817290986239
0.453766098356671,0.21659489471835636,-0.07690261142192548,-0.46658752889361527,-0.45848108234292967,-0.3049660555121114,0.45720929535840743,0.23383680059471051,0.16930740467724292,-0.23925443667122814,0.216855359994652,0.08398287945271488,0.18461473336146605,-0.17558330000767647,-0.07398922055581825,-0.15486927235655393,0.2491629282504015
0.3876087676997035,0.20099984250539,-0.13871455959316456,0.09490779579489905,0.2340742955233316,-0.4926822635444539,0.10232600651689239,-0.014659194501127792,-0.22192009074302715,-0.6817253795458877,0.06313638096112428,-0.43591856380765115,-0.12270040238094715,0.20469871347570345,0.11273829217917453,-0.053726498093901454,0.2807267283967992
-0.47190357720590903,-0.16174542643785772,-0.26858042037304863,-0.29127710859375755,-0.13405825715442474,0.5273738277762524,-0.14956042967468358,0.25629464841414357,-0.2412795864115842,0.3980093887040239,-0.07038051163474468,-0.08406292408926452,-0.018384991812849805,-0.12094735164127862,0.18680345283873223,-0.014071882577733896,0.7066168712398526
-0.21833876334246088,-0.00787511886355094,-0.14737158973805378,-0.5245612281301909,-0.6231607409138815,0.22485501331141045,-0.1606442735496107,-0.04436389897215803,0.24431410183221425,0.14099431979483046,-0.3252052622121342,-0.06634957388009964,0.19345955216745958,0.7281609531370937,0.3903228172244467,-0.10583572670049993,0.7637236777355833
-0.16240615981197093,-0.03479974218665788,-0.551396052329772,0.10196625028422313,-0.10421339099810091,-0.5409447670709712,-0.2855284114465133,0.16421127743305514,-0.05223565088175222,0.3129289669793296,0.09885443030324792,-0.666078004664195,0.23148569625465987,0.5246376767399884,0.12208925460167819,0.12994063984116455,0.3940593817162339
-0.00995607818671692,-0.7176598759723565,-0.43172479887658255,-0.31026000005080634,0.17821441085258716,0.27449060849706897,0.0765835180260184,0.5274686259610444,0.0749353205364254,-0.4019075228918665,0.295515966902163,-0.08231167642908249,0.16935486159878732,0.03916398728271753,0.03077519408848306,0.019947873359113022,0.3642165075270087
0.4600073231895016,0.20459754986860496,0.5637457141263564,0.2512959295991336,0.25927698567119556,-0.3223667282659687,-0.362284784557981,-0.211112089223343,0.015016848579793296,0.23266659040812887,-0.004911896549498029,0.07998276221555674,-0.38458105322070035,0.4544566667097174,0.013482068168257588,0.0858901530313185,0.4718788426513736
-0.06790898548514834,0.44654500443542017,-0.4890236327387735,-0.18532644123844438,-0.595723680641147,-0.07418912346313189,0.2021928808513389,0.37291375846016556,0.25225193847599003,0.0242642963995352,0.141460521086212,0.249988271011958,-0.06263978310044577,0.1757126819904058,0.22696841759955377,-0.21232211881824478,0.6914507771750229
0.5162323321933369,0.07790757837479784,-0.13404761377783223,-0.13881500902117422,-0.2523327481251145,-0.23007988162165416,0.3456650696044496,0.009717659857639338,-0.09580308037009633,0.1830487348741372,-0.17483338468515505,-0.1800402869503984,0.03928168212779143,-0.08062834485182463,-0.3688413603247801,-0.3077761910646164,0.402167062278298
0.35288879740114604,-0.04072620866776394,-0.241516057379732,0.3717317980733098,0.1091578853867966,-0.17254839846279313,0.2724963342596247,-0.35314155445282625,-0.15387813546950663,-0.22529793450157987,-0.3359861197788623,0.39629903575976133,-0.22159512098875608,-0.7237068136911613,-0.17728328842944108,-0.0989217718654826,0.6605324095550614
-0.2600330996443514,0.21733210800101244,0.6018309897943216,-0.13622911241181423,0.1453086553342614,-0.32025133957685414,0.057050825408787545,-0.2128913758642902,0.2335516502662253,0.36920747744208327,0.37947501654983096,0.2892513042618948,-0.17032358932945355,-0.06587924187429622,-0.4302970395811664,-0.2339748720296235,0.6743581242218666
0.03749265132848551,0.05821712011489377,-0.20644705648685116,0.08994439393191789,0.5155165115443322,0.3629686412843277,-0.2697971045333613,-0.3943726160254026,0.24346711141514094,-0.6217123594126654,-0.27637368250935607,-0.23411790562542834,0.17823635152332074,0.13152628990040083,0.1654928030109769,0.21177897581289878,0.6318035767615079
-0.04773799263535458,0.043965775568907184,0.5894390600983351,0.27114984609853643,0.16628928912713958,0.07340493467272458,-0.2565417733721001,-0.06470974300207832,-0.1335857539211957,-0.5871307935982338,-0.15520908205334133,0.12629933059455933,-0.06351994427773261,-0.15414117535830985,-0.12897376859298948,-0.3449384212840507,0.4624701273805591
-0.04787071992317339,-0.05724692733173309,-0.23892082911119192,-0.12957913099438184,0.10657218778828986,0.4202012290719882,-0.2562069538334833,0.41015461318812413,-0.3085623659731236,-0.25522638901299455,0.09223521044858374,0.1443393939920897,0.05127906080120559,0.046995826767278925,0.04351299459326985,0.006276866104557993,0.6377698023403636
0.10929801060721667,0.15755452168852918,-0.20191252782246008,-0.5762191315797153,-0.008876881797972414,-0.3473023932319587,-0.10054801649097632,0.1639952697811708,-0.31854118491122274,0.008777360316229554,-0.48801094374223297,0.08900816376820342,0.28586976368273787,-0.09618520135292735,-0.538361132030553,0.09306793438379778,0.2912220676730555
0.48839730477836285,-0.6734672717670263,0.1625441555641447,0.3252687579397029,0.09720594225084211,0.18326351699327537,0.3720220480284523,-0.21066843210609087,-0.23217079761859294,-0.0006371419393018662,0.39224175221932966,-0.3085474590407009,0.28739061475029926,0.01731664339532235,-0.22445974083489117,-0.1718736920051687,0.1636122357749204
-0.018469102508618655,-0.4384791741457069,0.1957426981012122,-0.1236882780485935,-0.1002391418023025,-0.2168216293460541,-0.2369783241543178,0.1742135283851763,-0.5651210743149757,0.4050548686201729,0.09109394686944472,-0.1276035299047707,0.09893992201483548,-0.11908063716108624,-0.01737106899842711,0.04472094636206275,0.5296016077989352
-0.29705337824173317,0.36649253927722997,0.04754213307768429,-0.3403822066292087,0.25820043035824464,0.3070591625254515,0.0632117052798879,-0.24524033985816066,0.0012266605331364977,-0.3712113297336401,-0.2856964990010058,0.6426200717394828,0.1669904150870205,-0.05098090374535302,0.10963943361115847,-0.18008405911590827,0.6295389851536036
0.2711559954896652,-0.11104006672188647,0.4444176783522614,0.32782649186383606,-0.077101194690574,-0.09412020499453799,0.47482682222544037,-0.19810570066288002,0.09858754772389293,0.6682478089399309,0.4234838252155023,0.3923703274923097,0.3646900325068716,0.11256007480110153,-0.3093998633751712,0.26860181694928564,0.439853856704305
-0.2525791881879819,-0.2110634589709219,-0.26658562378401085,-0.24960250965517564,-0.26718279809387047,0.3075024772587337,-0.5599919263948107,-0.10839633601815413,0.4717819158557225,0.43242016829110486,0.3712850690007784,0.31314814441909367,0.03691133913357897,0.2730041585363132,-0.05499890314257627,-0.3627408971730014,0.556410363119232
-0.14666355970839565,-0.03649767063827078,-0.45452185510910137,-0.22134976303736625,0.557323239758709,0.24768010637934745,0.2740096272383932,0.009924307662302345,-0.4164303508149962,-0.14662725391130205,0.06338364553200737,-0.4040428515123822,-0.3058105712549588,0.21615776696002598,-0.7378909478689247,-0.07165981808965974,0.2182585771187633
-0.03358010767465468,0.34439085558707877,-0.34085385812154545,-0.174908852931087,0.0854072210263011,-0.48630598327663577,0.26464173799415447,-0.19522982789081833,-0.14340232748807685,0.0946687042647314,0.18178631308066495,-0.6994486210956022,-0.3039717525638459,0.029542936373793793,-0.18630618239960217,0.22810089965966715,0.561159115742669
0.8332673251623429,0.0827472578079429,-0.31868404286465657,0.30552829650881974,0.4189003269845214,0.041932167249732366,-0.33910119637172476,0.05535922829795764,-0.04829515556325603,-0.26602974659049017,-0.22497879091627312,0.07560897596199537,0.1348663819208964,0.17378284573000724,-0.15415955757446942,0.3443635292321694,0.3333892430667771
-0.19612969451794637,-0.43275797120330706,0.4882637602001648,0.13867410048546358,0.22210041873806835,0.2042629798821226,-0.036444614163331446,0.18410043174150853,-0.24673341632188306,-0.02697282115682964,-0.04498880588599036,0.27115629737861624,-0.09541832592878818,0.09230419611925295,-0.01509739094849294,0.3859674940374166,0.6825982030463749
-0.3772855538605841,-0.2988249132480192,-0.39245888018964115,0.1456482469248025,-0.28791208857494854,0.4851309382144319,-0.01397641719816349,0.3401547601045712,-0.03012103169717606,-0.14891966834409132,-0.2326811000658685,-0.29533918234608125,-0.1485146341842935,0.4572926839364305,0.36516643063119514,0.04158180025476345,0.6782732757078179
0.136539465260124,0.006886209484752853,-0.08706401152731888,0.2669790676309669,-0.12401801217133426,-0.17945720939047194,-0.009570033553532954,0.04125966187484359,-0.17067952637174832,0.3973322606806302,0.5183670160035956,-0.6909622478666086,-0.024120512962332474,0.09675412782995735,-0.32456594347401635,0.3533812622663214,0.436790258756311
0.25700487442698716,-0.25653990129834847,-0.11407534339434286,0.2996833406312016,-0.4554685871097003,-0.2392435434056594,-0.07141178002077944,-0.2719306153953518,0.05841285929709521,0.5675067394384377,-0.5617530281845452,-0.22307797888692854,0.15726542619189254,0.26543162354243865,0.2051547373239263,-0.004242400376845312,0.534151768580481
0.2493917517763657,-0.25848273052632065,-0.268378267120973,-0.19145340297304064,-0.25023796074542926,0.2476946212164287,0.07241442254830996,-0.4636180990035946,-0.5315565094300752,0.3466373832190648,0.4240060899895133,0.048546212495800864,-0.24731463045922022,0.0023777848010161917,-0.19282064382322506,-0.07105596751519899,0.2305776973392769
-0.15731841869795424,0.25962577591772434,0.39470231335409445,-0.1304776010981321,-0.4308606407413488,-0.5330621382088362,-0.4634397527615416,-0.19536723669021405,0.2476839724071732,-0.03229592686231619,0.10429209772248937,-0.23113061379082736,-0.00427506856164761,-0.043734405802083876,0.3705062289665574,-0.09613391913194264,0.5710844590389447
0.1615997324858057,0.44931422185750386,0.27351820177061925,-0.20613928979017718,-0.049417985223165095,-0.18892698926058493,0.05926157440905827,-0.725638882366336,-0.47530371386063647,-0.06579984607763989,-0.3907336672416535,0.10501119488253283,0.11258010739391389,-0.05557877861969185,0.07279160406709007,-0.26385268336915335,0.4058389969066294
-0.2795066137275944,-0.4125273876734018,0.31966434477023653,-0.11212681885899761,-0.2707173728357613,-0.3469693374554495,-0.4399866513904787,-0.2392519262481065,-0.20227168170486448,0.025614437081988628,-0.107479172615221,0.28371813392007594,-0.18011679235853678,0.0870701589801065,-0.09173611615057575,0.10491809780062525,0.527949550442118
-0.4143069170585442,-0.560218139993616,-0.3096392861782522,-0.46475213096027257,0.26175136587243625,0.16909576928894,0.18680607926847115,-0.35758627994272685,-0.04240049208047375,0.23828888988275732,0.259001023050659,0.04762641075146652,-0.6265516756125815,0.15935447401683478,-0.02747154930369733,-0.35678308686651483,0.6638890723819298
0.10371212357008056,0.26918747048545305,-0.24175728949426764,-0.4872181175103587,-0.5141772611574008,-0.21675165835368254,-0.1529734857092861,-0.33184042385921664,-0.3356184908298434,-0.04136041227224507,-0.48433822678680294,-0.28500033369850286,0.03349847738570144,-0.19987572967580372,0.40171167018028975,0.18266205263038945,0.5806343817086561
-0.40262083703916784,0.4131923441006676,-0.15017948961723268,0.33201411468886366,0.20061713207230958,-0.07989521342648631,0.2975650450262034,0.20033875941933904,-0.3811438974396018,0.2743642888895599,0.4407656882514479,-0.05750780725744309,0.08352996988498185,0.19034208298373534,0.13974642572080154,-0.11552186218070745,0.6875466983218
0.4480607787550559,-0.09165278548120231,0.6659949844315433,0.20676768248312793,0.36801037277176163,-0.38957021976640804,0.1270920174298265,-0.3809908685973658,0.009020650001681396,0.014213719593200391,0.12365677229156102,0.24922911274859397,-0.27568121196541695,-0.3661578742173498,-0.13318278918044468,0.3629783898534684,0.4843746981767978
0.0937848942022716,-0.1616561224205486,0.10185387709024796,-0.28599491203131056,0.3729455275975445,-0.552841418137913,-0.41556796621302977,-0.3335704485668314,0.266882292738029,-0.49004173377574856,0.38038567707918625,0.018407061131273862,0.19564406553280755,-0.2421754095036145,0.1604404717924678,-0.049227645320002233,0.34532101365469
-0.38175255040563816,0.216203506159533,-0.10920742128435654,0.23435427669258313,0.38675956711349724,0.5238819308475563,0.4339973021563484,-0.016552031982220772,0.01793021849564916,-0.005928333334092928,-0.5133707264286862,-0.24531396059990768,0.39462774424855585,0.5042045588802699,0.3034436444755927,0.2507241146084839,0.6706148368844774
-0.07968150025307766,-0.23307054058544024,0.03714272786012851,0.054373425813903364,0.3153397833597348,-0.1849001536784739,0.0837219865463366,-0.007801660215822737,0.21921066317419674,0.26583423053319377,-0.34376923261784786,0.44996904296978324,-0.0447983078547714,0.07310939148379003,0.3617782434418432,0.2756485268633651,0.8407908259953153
-0.24348353408872547,-0.2924846223443329,0.43077912894122505,-0.3085914776343449,0.4402495537034794,-0.06161712116267559,0.12066700413653667,-0.10638783634640697,0.07250421715281687,0.09689162071168589,0.1389954030636673,0.16445159166332235,-0.6781739315771473,0.369465787817555,0.19809074701139162,0.3473983807644146,0.7841278705809553
-0.15452777324183792,0.10348306818181924,0.0626589209947524,-0.08857401028842715,-0.17030130346729844,-0.6940051847289831,0.4200774114524336,0.4005688492319422,0.1846374485335759,-0.002794182255209554,0.13197682617723872,-0.27076708804373995,0.1745470801163902,-0.1785663922344914,-0.10214144544857773,0.2566593118759036,0.585743412861658
0.27690500327023326,0.26508629607746287,-0.46391420124428795,0.5281233150864137,-0.26290955168292374,-0.17981512223765478,-0.23364871522696834,-0.14001951563406995,-0.11988114419333301,0.28669386816143905,0.0746073213942301,-0.02407139319537593,-0.12324233806184265,0.09264324265749724,-0.19880357126921722,-0.187797471875118,0.5270931638041945
-0.0509213288348022,-0.14725206914213232,-0.23705026350124817,0.15941750630645268,-0.3348066148177008,-0.9241177020519324,-0.08422244062829165,0.2036910540676447,0.091422343911608,-0.21483124143333954,-0.022525026188520536,-0.3297466470785241,0.11793454667568848,-0.10350839999468603,-0.11541518195581257,0.20788642054230244,0.2117426703413938
0.25047925634522195,0.06809860283218017,0.13584374090837048,0.21445740621693055,0.05636707326554896,-0.2522990900725297,-0.6636205649367678,0.14634725610629734,0.46249707344301433,0.0433994320677642,0.14602627929264467,0.05384254850437696,-0.042331733233909485,0.213051546509318,0.20577983411527445,-0.4646266706602675,0.4503903033254787
0.0074823252473877645,0.16598482243714274,0.27125852733675665,0.1726712222444834,0.22948506956645243,0.2176886499476255,-0.2467699847963416,-0.3115384859869824,-0.18883414218181022,-0.44234139709548626,0.905250353058967,0.026616202278911247,-0.1954622060014126,-0.25007450561839695,-0.0845047017250341,0.04199979051934212,0.5193335156471629
-0.24309770989426643,-0.34473018115791665,0.3973558778570071,0.09859352421186818,-0.6109350010691729,0.1330458373167599,-0.1636578776568164,-0.2670425497030424,-0.026621876980262,-0.2603658530051317,-0.5265286206298906,-0.00717373166191939,0.28446984033160705,-0.6259493529041213,0.021380695341922995,-0.18221579528485757,0.3530854888626102
-0.22378362970146692,0.09474147566168167,-0.15751298511425052,-0.38091299126886174,-0.3861942956865282,-0.40545122569073433,-0.09565671691454954,0.06575916662643583,0.7408675624472445,0.181738740733989,-0.09533901874154033,0.554455500937502,-0.06365166600739985,-0.20527562935072227,-0.4155175548937824,-0.22062993552681334,0.6733124097793672
0.04288544005555038,-0.3421394760925735,0.272465576002427,0.10528813245369184,-0.4938800828083863,0.023213669725876795,-0.519607578964855,-0.47247922284816596,0.573194472737226,0.034324385626424814,0.10749939812408704,-0.09703895965885012,-0.35135793829833006,0.3757831174156451,-0.3979793358818128,-0.19519743798784042,0.255401150719322
-0.026129802741772325,0.15709417421197674,-0.4301827011681497,0.2693919934412353,-0.10268835156500804,0.6324706311273102,-0.10129262544316787,0.2222801989520699,0.0457372801774934,-0.4906770326625086,-0.137058213314324,0.26436404219988563,0.09178458106908594,0.20337943112299173,0.46809113714664907,0.11525004056288402,0.7605670927463435
0.32435086673823654,-0.018696635944379314,0.12431468075092109,0.6213735733640273,0.545088708363045,0.13454544699493054,0.023485660052919622,0.21086316988226544,0.17251562595785733,-0.18769179617664178,-0.16525605605261823,-0.04980345507742644,0.4836529421143574,0.08671444494621011,-0.10553062688350556,0.32308768213677697,0.2252866878151751
-0.059007564558388056,0.08396831210635086,-0.3782281663098035,-0.15968428512960325,-0.15437088322197795,-0.5528352269656187,-0.37351072565224464,0.1025654023851254,0.0489463644612662,-0.1987383329924698,-0.07985661718945275,0.34229074824326755,0.24056261354175823,-0.2736347385445458,-0.18797771877713254,0.2012985929938651,0.565904816892808
0.440896861862414,0.2774038259660195,0.22401925546439064,-0.1320769494171442,-0.5164021935277764,0.0033526160766356172,-0.40206002538863767,0.09888642724040902,-0.5370075215835906,-0.06357805378661929,-0.021666683217979543,0.21633193238970375,-0.023216375659147026,-0.4613778958470408,0.11011277539910502,-0.008951768136284066,0.6301718920292986
0.29323234823691124,-0.13556341380311765,0.3243925846359012,-0.0059245388408478705,-0.4632794410036334,-0.11277365563617303,0.2316382919490858,-0.22930478509336327,-0.3962174823684374,0.5204847499127778,-0.08887080471013326,-0.629143898817854,-0.24845428075520004,0.16737494767744288,-0.22524042564411806,-0.47272649995442706,0.45899102000114
0.22222275488673068,0.021289733901627805,-0.33564826448769824,-0.3808038851816643,0.4042649102350403,-0.3252889777956049,-0.0705190187241528,-0.596917355760514,0.09511103362583093,-0.3324832334990714,0.09268753853528844,0.12280959502347816,0.150951145138855,-0.020454332372873363,0.48083763646256916,0.5201728681986976,0.4834400885582542
-0.04623171254004965,-0.1299653793705938,-0.93023340838017,-0.05161989239520004,0.12470634376194112,-0.5209393589821238,-0.3137013251016762,0.154642120085769,-0.010825141569371255,0.05628004847025947,-0.17398802784699235,-0.05457479155002602,-0.3338299901818875,-0.03658512932995889,0.2594127640124765,0.4045636564023044,0.2987068187419981
-0.02002625751689499,0.5002856735965644,-0.060302679762746475,0.15657503653032379,-0.23277990469230897,0.2771821964731591,0.5250098383579589,0.513900256399697,-0.24273405668904424,-0.07024900924494859,-0.10768891571201578,0.45390639284565526,-0.13320803868782882,-0.22549447997122776,-0.026132930477043015,0.18995786759994035,0.8318033365179826
0.3957024924093476,0.13864405490442494,-0.34441404553558574,-0.028255745034833413,0.19078916992567374,0.09151502863133221,-0.38709921459086494,0.2867045606110796,-0.6575351744699569,-0.0910061710532184,-0.0506407309792723,0.15277703832275893,0.3915891222482507,0.2515807145309663,0.10338726556762368,-0.2566388379143062,0.4749603695662342
-0.25641614312696054,-0.3321213649477828,0.00581872247447171,-0.2365867765442885,0.2166003196024754,-0.05527427984279698,0.10833036209612668,0.03245328906303907,0.0024147556673158876,0.3126159202022831,0.26732689369353757,0.31391313466740034,-0.09550120794036743,0.5909262264491237,0.19147125792734043,-0.41975676044432975,0.6268945905821639
0.13183663555802216,-0.1976349386450479,-0.4786975920462877,-0.46027639288341254,-0.13452535943563326,-0.4872529293073605,-0.18228518101461638,0.394809651774415,-0.028024623132604898,0.058213931211575476,0.22730071732481116,-0.04103145579179643,0.4413629789445216,0.5155672604562048,0.31219431078285387,-0.048850786280508846,0.5528058896850817
0.36429015229280626,-0.41150802084298255,0.23630562433298266,-0.11302408972910044,-0.25883327327502936,0.21868374950388336,-0.47471802952098574,-0.04027903536962518,-0.44810775160414856,-0.23664703250928332,0.11358317888928582,0.021152933475377625,0.011163147599066003,-0.28686486381270404,-0.16936359862855666,-0.01785258066519757,0.5609591114667607
-0.02910515641299096,-0.2377336042367424,0.5670710541568876,-0.020328858862054933,0.15438344270453047,-0.012494902932883134,0.37496128381221966,-0.16770461165493356,0.3468616117992952,-0.11887846684625114,0.27152644220491695,0.25337578212227585,0.5400701530116558,-0.056788052416238466,-0.37428281974815525,-0.03276736313642206,0.145061694299072
-0.22071704756752442,-0.1382255244568843,0.2969363439484798,0.027258054625894312,-0.38253993953076704,-0.037640694167443645,0.14616838238829413,0.08489326342035014,-0.0998337162170887,0.393335773958686,0.021215038331875657,0.2018861189903288,0.3422116898683055,0.32449034807340604,-0.0823516392844511,0.44679882784055536,0.1974167290400653
-0.14315853562435008,0.07485467010599417,-0.37274811746038605,-0.2895809973344988,0.5053990011315775,0.0920402442161743,-0.5186233066925725,0.3351784262053194,0.04508111096732714,-0.13589017272794468,0.01480868879740671,0.15715815809243228,0.18659657887545555,0.06569417405663952,-0.6218046819630556,-0.1081389132908169,0.5391005935329682
0.344524653859747,-0.27678359889844306,-0.373270742240006,-0.01688744639403328,-0.11063938383721555,0.22199758514875012,-0.185919335666073,-0.09520417676976989,0.509832307919978,0.3056582234005396,-0.3411529941424132,0.2200457368089417,-0.3035816449900064,-0.06219673220964239,-0.4219137260839393,-0.43289432137061,0.4138552220963239
-0.07097293179103803,0.39407260617736756,-0.29264139592583194,-0.24066834682990979,0.4002151957598631,-0.08317433645177652,-0.07850894077057252,-0.30576124981477426,0.2185729181824958,-0.146124339519057,-0.2719410440639979,-0.0955705166969888,-0.39398421762488095,0.4502297150360848,-0.09393640839840467,-0.4904073960256523,0.6948615690370138
0.01069191898673634,0.4496852153853624,-0.40802339464658743,0.24486831544852905,0.34296364557474,-0.019794293847737898,-0.05718026768575567,-0.08388582514237247,0.17112152718397056,-0.43909139462152635,-0.23697797376458438,0.026983022254362984,0.15773535637651181,-0.18286962108470417,-0.2201898279051131,0.45555160770890013,0.5450966264525249
0.39616926770926225,0.0644433600104885,-0.20282359575542339,0.18468873842977862,-0.31497854709203527,0.31488385171457545,-0.07861765978923048,-0.4728939509458634,0.4620394220229682,0.04336143679632576,0.1640658651251219,-0.11068111839065257,0.07070682708549952,-0.09810027767855473,-0.599326289499279,0.41847562824106843,0.6572097686665178
0.1566108722979081,0.3286770257913931,-0.1391560670708761,0.35729526295433567,-0.36647186476678567,0.308672533970374,0.17290804695342948,0.9011067174718694,-0.14757003382597628,0.09909265891600216,-0.23468440317569286,0.05759328075662057,-0.25997497170418915,0.018322647757219424,-0.38940461320593966,-0.2586573030859274,0.5423544347134385
0.34907862741077017,-0.2904624340025578,0.04776577587467978,-0.4656324650795442,0.09739354229193364,0.26333257555358536,0.0017827495730676005,-0.18642769812038723,0.8433518752728453,0.165277581939566,0.15173341852924171,0.03537896326347961,-0.05336018100198786,0.08921172441341058,-0.22875247369585938,0.18039414856519947,0.4301528303653165
-0.2479293512233956,-0.3152213262542831,0.2043386004344668,-0.09180236459393964,0.217751984656971,-0.22722350009557113,0.2862818005187276,-0.23403324588549046,-0.2608096906197038,-0.1432172020202399,0.2603065400972757,-0.43973882075739146,0.16045206163899706,-0.1335614738380082,0.19000346567746063,-0.2528888509627788,0.2629019619582042
-0.7076618113112874,0.334656813110425,-0.35761151549024073,-0.3990955156198095,0.23771075410908077,-0.17418674775517284,-0.4952668305028921,-0.2413154444925145,0.20276002087286268,-0.11185139159142854,0.217096005609693,-0.26197097724886975,-0.07489596889181827,-0.1774043939238135,-0.04024692016857889,-0.021851942506939448,0.6907617570479196
0.11099900719461005,-0.15258267587839852,-0.13771129348606123,-0.5620315440081368,-0.3419953836505471,-0.5591492088401074,-0.13439162017073286,0.12266943606593755,-0.11261408402662404,-0.25550311916970425,-0.4220987967020371,-0.0723137403628806,0.45169061095081475,-0.5511064695495996,0.01291477437657007,0.14737922504991274,0.3828815335151711
0.09793734372192879,-0.8282236950163946,0.7402743062950167,-0.08233701403487403,-0.25728330304693103,-0.1718181010423513,-0.3327467056936769,0.2661813216763576,0.02940744888195143,0.09172766731052473,0.24821208613482793,-0.12503023310664532,-0.26119318717721374,-0.31279507274050244,-0.18533933804579794,-0.13811446824483667,0.3406205175189487
0.19572888426036153,-0.04736051604320604,0.11303656949946778,-0.12444234866245735,0.6951990341803258,0.10650047668792917,0.15451276478789983,-0.45883521335391814,0.3659022416624884,-0.14297219950507944,-0.37868868407495365,-0.09324326622856571,0.16518800435086622,0.40987779072683195,0.1380698885674826,-0.2768575668013399,0.3740338940065101
-0.18617393299681492,-0.005450305443706366,0.29377748096887557,-0.25410315687639395,0.10186617762743777,0.14464154529531648,0.1837597713796421,0.33334872575081037,-0.016124394932767433,0.3433037234461125,0.28252393400001985,0.3338591636495727,0.20107162276758384,-0.5149146640146378,-0.20090940332712814,0.07683419943841659,0.4850867183148369
-0.14743901655999467,-0.033304767650471356,0.3919272150406573,-0.4861420783363408,0.18676521164358056,0.40894135095419737,-0.004469703842932382,0.17424658190549452,-0.1412491877240582,0.014103874363646574,0.24840826768014934,-0.5735449839877899,-0.17816650576045356,-0.6063199028395767,0.2509114337573378,0.18148010639217177,0.5816136498748142
0.10276243090545086,-0.04051240376996429,-0.28459201769258147,0.6881846726649146,0.5018321678429332,0.076594255156469,-0.14870690526491875,0.04768552104869045,0.2132140756102615,-0.02819299537421016,0.2972696604985581,0.0979365334459007,0.2692727365477001,0.010053248935044834,-0.040465437294325834,0.03995356982348165,0.6521580262131336
-0.01875620363123328,0.3932708732035152,-0.1734375407065689,-0.22164646863523849,0.1778909429990957,0.1070117870788515,0.18210377015189788,0.26096457930849387,0.17650427602115978,0.12429165144955534,0.12883733115909446,-0.13379775090206375,-0.28470066483943973,-0.12809740964765276,-0.07054670601624369,0.4446187213534952,0.817855479488121
-0.35615589275688486,0.3046606841413763,0.3099816399278794,0.4382361153474357,-0.15341398984699872,0.09681838626187722,-0.1371873504493153,-0.18169161762382663,-0.3025911917247864,-0.3618516825878324,-0.339997436777958,0.043943519055351696,0.0714532961427386,-0.41969555740416226,0.15320938557985386,0.15176082135449015,0.5869308119964112
0.10592040672920726,0.9529493010430297,0.3336372264007039,-0.11812302942079494,-0.0898289741713953,0.4806552817787041,0.07040356539140454,0.12929450953294414,-0.3248512672794014,-0.03015892200397796,0.13476040646135368,-0.05847928913110881,0.1206209692698551,0.16859743566377638,-0.07825917519050818,0.3696508703040844,0.7366573792136893
-0.1562777348002187,-0.1290133242612782,0.22587769945928532,-0.6139134773279186,0.06717103944603858,-0.04648070557003303,-0.3576785428992743,-0.06646263574315814,0.3629361782379367,-0.4332485784710457,-0.17773436617209828,0.12479652270528932,0.415286549522522,-0.40933277732347917,-0.24121180015494859,0.1723581039158999,0.2982290919534892
-0.09165785834945635,0.07414451291200702,-0.04619325349002032,0.313666996373304,-0.020502801699274598,-0.476603484802078,-0.5465579173100614,-0.15643337421854664,0.26077934055397234,-0.0072330514675795765,0.24565223126119273,0.0028350950809736403,-0.05344847014480886,-0.17353804552981458,0.296594252157215,-0.15907385744349037,0.4835871204811077
0.1393253755073117,0.019696779670599712,-0.04172066093911661,-0.14393981898228053,0.1779016072540246,-0.43945439731260066,0.2568252389338098,-0.0044620367103966885,-0.09501402008555315,-0.03573906718335684,0.04616778490121576,-0.5272126872414167,0.2950490832706313,-0.32830172858199913,-0.15334139811196634,-0.8262789006828999,0.3741181499004712
-0.5212227141703106,0.2173378645647605,-0.12124105387149944,0.0911005958879938,-0.2755129732446823,0.21816180430192866,-0.06284495660233606,-0.1274045583169745,0.31965378935936584,-0.1894583823406948,0.04336500668185361,-0.6396072297861148,0.4208189490110038,-0.3407574370844063,-0.24623183490948874,0.1610344963849877,0.4952903852968146
-0.3660291774021482,0.1230222536163596,-0.5257866068633856,-0.4077808001237188,0.15385193277559506,0.0255624831117236,-0.13403898339433257,-0.2589916273404887,0.009240645729218816,0.6366392868516342,0.1895286023758076,0.0670523771739183,-0.18924421101256134,0.023161116525519165,-0.0059177656869316975,0.2714365449933732,0.8654417143173707
-0.011174445307801185,-0.044963813732009,-0.3324058222535755,-0.0081033468985644,0.2681769274182797,-0.30422084324775833,-0.04391690385392499,-0.17650851007222823,0.04841913331781121,0.23562704809563617,0.05039094471053435,-0.0967231071328426,-0.28887910536577927,0.47988249754526413,-0.0961078505342281,0.15450592884029613,0.5995222523725682
-0.5568011006373238,-0.25050784445035634,0.2390737683733297,0.718648792325657,-0.2185652305104809,-0.0438883382497286,-0.2588713044755026,0.25934764738066135,0.12961118828146598,0.02303785058910246,0.704791740691825,0.05003783375942708,0.13519917569323692,0.40383079776676933,-0.14901679063855944,0.13160385541218508,0.4565040395577212
-0.053900806295982887,-0.21284674073759335,-0.3124462157266955,-0.2607688974632488,0.18296462963365379,-0.30459522108203513,-0.09100239584151727,0.11121799665795001,0.2825033920782718,-0.11711001617474515,0.2380783520808053,0.07678789655452133,-0.16056553277531715,0.5641470088370786,0.4157226596250817,-0.012592473812885058,0.5873815653585485
-0.012553679562271387,0.05377448332717227,0.4312130604379285,-0.7845563484371688,-0.501558140056531,-0.013334205478671923,0.5327447798291224,-0.20695133535255622,-0.26428287535301787,-0.07417759283361769,-0.2562924881846258,-0.08957306676998009,0.11405147037438079,0.5552880630794222,0.17105389664254755,0.19711441795235224,0.2091869187536957
