PC_1,PC_2,PC_3,PC_4,PC_5,PC_6,PC_7,PC_8,PC_9,PC_10,PC_11,PC_12,PC_13,PC_14,PC_15,PC_16,target
-0.8459744302561298,-0.5878643769717193,-1.8860562732311899,1.1716029284369704,0.17646718579508816,0.5180898049288544,-0.9515520313563114,-0.2725833578200516,1.3595886866189018,-0.5641137405257006,-1.1056097395090922,0.6015621599022187,1.1022124410237757,-0.04938410749217464,-2.111446382381176,-0.5206008760768208,-0.052379781324122
-1.1578778393495863,-2.701779182449272,-0.778696324609034,0.339895525843291,-1.0975523808282213,-0.24452320069423353,-1.6577780688397574,2.178702991358355,1.4801566214414674,0.6091739024866237,-1.1884757772563928,-1.3226710454369537,-0.2705252392769348,-1.0465993634818,0.747583940738292,1.6720272599527084,1.0525207249634252
1.2542563607794759,0.5850054527357907,-1.2281783303850153,-1.093383846313638,-2.8678625989870974,-0.5319989915071686,1.4546420248255791,0.4979447005165748,-0.7135809278502055,0.40210309445840153,-0.5576524629342139,0.4194311486923354,0.7647777006991998,-0.7664852108672101,0.8156501212007852,0.7301201998704656,-0.3316721761157837
0.1596813026476145,-0.7636878911750695,0.28256630774490243,0.9176891422941674,1.3537486294490673,0.10919685964725906,1.0643821344882742,-1.8970018443586818,0.9943827410185917,0.2422884306331531,0.6796275419532334,0.4206326310075695,1.170397919823934,-0.7001736210816757,1.8066584598876103,-2.0342734563760625,0.0316726232210224
-0.4506495881161071,-0.4790218333609522,2.7536706604952603,0.5537465922668411,0.005870433282817708,-0.1410712074452365,1.5706988626421703,-0.8408419698033895,1.0084841118561387,0.9523539701928065,0.6679879420741148,-0.1954033679500718,-0.10564957146827221,-0.022343020195332373,-0.07911237322807037,0.809899676634496,-0.5561404297803845
1.4583873448931153,-0.51170744066652,0.5355019889500046,-0.06245398924311072,0.16417601360080739,1.1088894218132608,0.12477324243982903,0.5719872296953532,-1.4385453675709978,-0.9204011985301733,1.760335203549187,1.3878739305144545,1.470391044955056,0.47656019988051773,0.5450268387075374,-0.7358557791111435,1.3054445011043547
0.8304567162319616,-2.4677863265097297,0.12730385731218638,-0.7473277043213055,-0.5521963003520642,-1.317422392802385,-1.1187433571336918,-0.1957717866787554,-1.72986943231364,0.9775766432554192,-1.3944599181747446,0.3546695561665252,-0.11628501536595971,0.20847501053034995,-0.49251964515271707,0.5595950114883995,0.8094892137184574
-0.17680178968707222,-0.06531312081708514,-0.6997236748046093,-1.8338310379495253,2.2494200565601394,-1.0212710008987893,0.8262461826536173,-0.4303973512613317,0.5914715290427154,-0.12726261509835304,0.8013790971003061,1.3192030628036602,0.3300882897717133,-0.042364256011963114,0.5082566927346509,2.1580658900533907,-0.3955427030757423
-1.2335103135125696,1.0981126225545086,1.4291206245465788,-0.6486280175020309,-1.2131114254813449,1.0500964006747386,-1.3435063300764791,0.5048280214769802,-0.6399424786746812,-0.5188550497140704,0.22930114266298485,0.0989134782042889,0.22623042161603338,0.9356693611778039,-0.5633043600864309,-1.2212825158138878,0.6346275292272184
0.02196741256936822,-0.1790936912864997,0.6296051787339383,-0.5517632202845721,1.479224811992064,0.4572732636983129,-0.40154610585500866,-0.455301006911592,-0.6030729424924912,2.3367178276740876,0.3574306117422414,-0.8980727056220855,1.553728398000082,1.5291331083199962,-0.8845136641208682,-1.624626364781114,-0.2196885326591967
-1.3852903485674777,0.831174533933974,-1.1474674612591256,-1.0600212046400945,-1.5105128083354689,0.569055629489819,0.25182677149402793,0.20401996821151672,-0.1492239588735497,-0.3320344796684633,0.8390137182587988,-0.4487906819083191,-0.5137893990038657,-1.0661286743397562,1.0624536604909092,-0.8406604020826526,-0.8462008177155877
0.5471245914589947,1.00888831677438,-0.4765174766440747,0.5720238166646772,0.38864992376475,-1.727082242137993,-0.3581298229209617,-1.8255595174288883,0.7434755019740534,-0.7568795237298104,0.9372909020885362,0.5468449683735649,-0.9074140515841349,0.3888856381593662,1.7352831000535358,-0.29186809852690626,-1.5814471859007804
0.4463038375657956,2.08520363247858,-0.06337932706601379,-0.7700838465363069,0.04667846054396806,-0.5197764848546766,0.7226419906769912,-0.626262807077869,-0.026659988125036414,1.7987777280297597,1.5285538702723551,-1.3685815497807177,-0.5421926472691232,0.5885096875466501,-2.300467020040123,0.1041580465367028,-1.215351000588593
-1.929010599617393,-1.413420162737248,-1.6787633583209631,-0.5729340346862055,0.05018513485603376,0.901260600003362,-0.6586182171623239,-1.512759094485001,-1.221860055436208,0.0941439727519887,-0.5248461800578307,1.108473271904842,0.5208340143591943,0.11831093159760217,-0.8859316363467844,0.06933726017829733,-0.6485722756674429
0.9360419640062648,0.6408381036229113,0.6459865981943459,0.1496351293478575,-0.9410785555124479,-0.2388417021764845,1.6831425337167072,-1.0638285415007123,-1.5571487025009292,-1.9066910984032723,0.6949911517798278,0.6791540945774657,0.6324311814399404,-0.546251071648926,0.09902857722968596,-1.1518115654693015,0.9226902859153986
0.0858645059795403,1.0791948160070266,-1.1822138234766433,-2.0281211414175138,-0.3422087629498987,-0.5294837197038905,-0.04781594847834729,1.677836686135669,-0.9289660695663019,0.7411537715667791,-1.76936363459822,-0.2904199146448386,-1.8445021197842744,1.2085190631028873,-1.6504266195351491,1.080199582168993,0.1766189718779356
1.3783235715026703,1.1957583613375922,-0.9129949516702912,0.7690551912435163,1.6582549568796523,-0.3257260727101113,-0.21504026572091295,0.23956671190798381,-0.6436808708039828,-0.12577837330305416,-0.8675029052758447,0.677840336857641,1.3082337497739727,-0.1743486207746213,1.1837198062329146,-1.3240336368433197,1.6859085307049728
2.1426251792960485,-1.2990286086179939,0.20442313028408018,-0.11844321141609568,-0.8626044222543925,0.2125358706735235,0.6953823398109445,-0.49389545274426483,0.5655391864044693,-0.4504373846675441,-1.1709093525386096,0.009782294979452525,0.38699200043444476,0.16560409044570884,-2.36341497933112,-1.0463944657514788,-0.5724961230270421
-0.46950463714410196,-0.12883997941983769,2.9573709910807664,2.080053645917539,-0.20355984240445527,-0.45395106259524076,0.2386046038392257,0.7397748472544422,-0.9464178916060286,1.067512733855293,0.35170400537592855,-0.8367094374448999,-0.2351092768541882,0.10084049568858691,0.18978735967404226,-0.23303912719428074,-1.7017156158472442
1.0187724107933909,1.4405139813759524,0.41680869199555987,-1.2893363670929752,0.3196389783656519,-0.08709951486436934,0.4128503170610823,1.0908425895114369,-0.7721535776591306,1.604369294639811,0.9362558262132608,0.02006334951895119,1.1658416363454864,-0.017487923429238692,2.236406809372807,0.28849546778033863,0.3613588394715645
0.7283505623891163,0.661608069190984,0.45991242905329616,0.5783077449330772,-0.8456733509686768,1.1106310389533642,1.6269340074982903,0.10940030624885703,-0.6384007975976924,0.8723100543047814,-1.0922887916629915,-1.3367110657663468,0.18871241699080624,0.7708715663648514,0.404482330150967,-0.03604194017052284,-0.2734355115740826
-1.2216864773094283,-0.833036269232769,-2.4834178228182484,3.1137833441830307,0.4800185789808159,1.4013921949914545,1.0160799963368254,1.3533724521026798,-0.7534510680396352,-0.13397938033644827,-0.3254622841432914,-1.1396720034646723,0.9506922201030755,-0.028202154221511472,0.11093497942175538,0.4928624616542293,1.4053920357175105
-0.8322365800437621,-2.46844101895075,-1.457403192959908,0.02742235275604472,0.3356237901893798,1.1536471617264368,0.1983580132201556,1.0824702381500788,1.2951466170832986,0.48871216154809227,1.6576199841912371,-1.4544864664605157,0.5562061053374762,0.542805507982245,-0.6071449251240648,0.09208179032512953,-0.0950313371510004
0.6579763317840966,-1.7724327642977564,0.0018878633565086519,-1.4366786972533785,1.5888630453954942,-0.33113083287450773,0.16147192174017028,0.08379956028909107,1.9935579568259953,-0.20154022028158872,-0.1458217254127611,2.041230517884576,-0.34960547629294725,0.02466715119577607,-1.7490288426467608,0.7106055675020806,1.1614686524993945
2.2545012615680977,0.48165107382982786,-0.5996985534300359,0.18845852061595264,1.6424178321661826,1.4156470131189531,1.1055665407168855,-0.19499298270303378,-0.6625952284679814,1.0811835442269746,1.6130946813291387,-0.01454723824649036,0.959483408440177,-0.14944184571170732,-0.15170171515666453,-1.5684510052779048,1.0937459708688453
-0.8333002127657698,0.8823579301765524,0.8743225844551542,0.8315387045472629,-1.3881346320354722,-0.1368576706225824,0.49235039123977414,-1.1776588721307713,-1.9537738179095432,-0.801168530734982,1.204872412422107,-1.383550545197389,-2.299909573950471,0.5001584473719994,-0.6772130338513902,1.75326096595773,-2.286257218146192
-0.42247037807328014,0.22908588818755113,-1.5695508665443763,-0.32121138011494793,0.5876947307493199,1.1358348954223576,1.4086507558551045,-0.6822505386605087,-1.730096257415932,0.29377544225309554,-1.4317477962927352,0.8708605667667775,0.43061656240419294,-0.3106296524952463,-0.3223831081783363,1.8937419696856994,-0.5457995871754151
0.5413531828760085,0.393860626176487,1.242421614930322,-2.3776918050330016,-1.9180087300482385,0.7632315308811114,0.27135916060351856,0.5378459917674339,-0.6681856378204594,0.8980615190072784,-0.4581817985062372,0.7935038542808728,0.9078648512734724,0.3129775868768632,-1.0414315086657562,-0.3224747255695852,0.2111788492937135
1.46005713658333,-2.2173867030550154,-0.39060254368469544,1.4036739831096277,-0.8420869107990172,0.6597567008483022,-1.3641416708693574,0.054859279514918945,0.1740110771878039,1.1235981763885685,0.3651997661454843,-0.2476383050781974,-0.6284001649623782,-2.6085365329014825,-1.2567954038151952,-0.5253883787033223,1.7685794033302256
0.9934783097489391,-0.5824231523563532,0.49003113794389674,1.5479631195314199,0.6268290828430828,-0.7025937305887405,0.40732273775470257,0.17024974065624324,-1.613846925315811,-0.46962583529983576,2.004919462526671,0.7111314401855057,-1.4909916719544767,-0.6207774863257619,-0.6070463938230996,-0.1320386522422121,-0.2397897222272755
-2.654946296751693,2.5667529291196503,0.8650667534136176,-0.26587496465008703,0.02210555699411692,0.24608395689234358,0.4832825498095273,0.10700494121057917,0.540539733427787,1.1737225373522608,0.2762349666607872,-0.2507658727619547,-1.5417823840090719,-2.28218457597343,-0.7390385943875863,-0.39690754197877615,0.0373212634491419
-1.3168429489530715,0.7916041315994555,0.6386640318223866,-1.8350793955363318,1.0318960710744884,-1.551278779740121,0.5380355219732482,2.578770634061034,0.6116145545021957,-0.39070567103594,-0.24531221272552584,-0.48179847847243346,0.2588206714623275,-1.6961742611995045,0.1481604418154272,0.7158976736816896,-0.7376879996386164
0.32490190531770063,-0.8005749146833593,-1.5085463912948645,-0.0009915369769025928,-1.6360933313711925,0.016362418248169336,3.078605941625634,1.0560868342728322,0.31510064881420663,0.2509827203932518,-0.7679329970077579,0.7335119576156431,-0.16460637259019037,0.6062557207010365,0.7700052415920293,-0.08417700059047485,-0.0089649777897436
-1.2896524579625201,-1.053093801860917,-0.3912255047449384,-0.09892396257150426,-2.0822667913761124,0.29437142863786114,-0.1649333416805477,-0.7432837944343534,1.0315582693703205,1.0630225483799178,-0.8578224225730035,-0.2809159445657349,0.26396338811606257,-1.5294014074414795,0.17588196767084985,1.4967666550736827,0.986047159629273
-1.3398703469395314,0.592485517698501,0.41701355753698444,-0.4669419058325864,1.0559675767357812,-0.10858998986751717,-0.47504005960769746,-0.5690643899450964,-0.9186629335661978,-0.1102199407429549,-1.328634421952664,-1.0657800374645645,-0.3852868418893805,-1.7888087006660665,1.8790280595842035,0.32881462399071676,0.5331321288634203
-0.3446466310847617,1.0644482868316347,1.1186653673303777,0.6718166213726978,0.603512739713766,-0.3517007974950224,0.0820414451196617,-0.2878621072768254,0.4322882237195479,-2.0763774337399634,-1.7136383956747445,-0.5687032253455081,0.1236834231300947,0.6945904113970228,-0.4279186285575947,-1.6745910569806663,-1.221009443510509
0.584508378978516,0.7431201609827608,0.7309990629779173,1.1490895359269504,-1.3538747572059662,-0.0031934521384324884,-0.44285904854634794,-0.839778775784159,-1.7216279729510553,-0.038393443701926884,0.7649384476544959,1.5288046473505115,1.9321842972735213,0.28725088599004883,-0.9323333791805297,0.4398379114633352,-0.6249391245599157
-0.9564348174722624,-0.7731163381712726,1.9887640649272458,-0.9120244532173986,0.10530563700153901,0.40459797654621393,-1.35337348756013,1.1348838179459855,1.6530431317843435,0.21196367611231479,0.8300091970212582,1.7958768696720164,-1.4750796712697394,0.1727765357769945,1.2343395304903184,0.5058286035528085,1.161758692497075
1.0026629178470605,-0.15240577594839302,0.16203157116471892,-0.8523462087098856,-0.67404426401446,-0.027590574429576322,0.07127406167254868,-0.5358404853119603,1.7803192332474769,-2.190261604940319,0.9801595511426368,0.04022926732664381,0.10937723736672364,-0.3422517306071969,0.5494561976878197,-0.8046366219748692,-1.74647472179829
-0.2493675803861251,0.3756186545989349,0.37059539773362643,0.6723683671868429,1.2186946380823929,-0.9165349945791526,-0.7096709157390987,0.3937043750358349,-1.00638862922325,-0.19709778016543752,1.7222352609914167,0.15578434968164462,0.27580355795947475,-1.0119508297659559,0.6239625520981616,0.9003809714472638,-0.4453817897031704
0.372516593848158,1.5743835292787192,-1.3825587200195755,0.691305355065876,0.060822018313338166,0.08395204281414721,-0.7734829110041544,-1.491167041577626,-1.046235690003376,-1.331327239607072,-0.015090154982085258,0.5219474884501659,0.22706932323888243,-1.7164595069946742,-0.5093725193322488,0.6189078827871516,0.2395361114622554
-0.44704437869255936,0.49064035434704906,0.5388183594020111,-0.2195227651825687,1.8149665922729967,0.22488794987418714,-0.6752747794233764,-1.5259472119704804,-1.2523596860519106,0.8969573967883171,-1.5811578429906126,0.053812082768179906,-1.9487874375439767,0.7270256406949973,0.362009454824413,1.2132650324241712,1.155510632628653
1.5238753533716671,-2.311545327604082,-1.0917936874736842,0.40433112145309985,0.35977240156177676,-0.9340786853158254,1.2257367893375224,-0.14205064557429653,-1.4482883193612657,-0.13233790317002103,-1.5867101848466434,-0.5090347523374865,-0.9128744424209205,1.715399476547071,-0.4265382471869988,-1.1752216551752732,1.4262194699535244
-1.567792461297667,2.0493782677552708,-0.2218217577265044,0.6290178131725063,1.5794984769064857,-0.009118405282382783,-0.9587000799559551,1.2005334885583774,1.230546406636937,0.46725235205848753,0.2956465153356172,0.7862780870533893,-0.7248271750818072,1.0174206509871027,0.4164855260625973,0.8325087817672241,0.5149337867202552
1.904349888112959,-0.9642272289522573,1.8964102678740729,1.4625231019166387,-0.47485536810917567,1.1060931230499726,-1.597895646355941,-0.7781452417049337,-1.2734698101705066,0.4052003987132883,0.8142431915851511,-0.877327683457084,-1.2277754570494948,-0.14465847177418292,0.9217666063304648,-2.1384309045025294,1.1269902905747504
1.2718710619655964,0.15622455248708086,0.5409814644174787,-0.05227558535177892,-0.6469091335179992,-0.662495434715772,0.12889199839860696,-0.49337915985654146,-1.6972195548951374,1.0213095419757277,0.39242098106869033,0.5639382731559816,0.5366360014538029,-0.6869415432786797,0.6670534919621587,-0.8353803191052883,0.4412741592468175
0.35029820501117026,0.6660056202790913,-0.4872662507652966,-0.174920675260437,0.5710938834129133,0.8730055543980878,-0.0402207751069816,0.10999783121222496,-0.47648227666710785,-2.503057854682805,0.5424358794088112,-0.4517719292462921,0.11694194845634961,-1.0579068811606733,-0.5468859431360361,0.7660835953582521,0.024905508192151
1.5038146989457144,-1.6107528102271054,0.4119304763773596,-1.2510375526856925,0.17267164943823823,0.42032512294338853,0.6729134323904166,0.8802509982894527,1.6170547001889501,-2.347796727323894,0.15293129484257897,0.17400582801844675,-0.1320268714127575,-0.40227686402436974,0.7490587673980119,1.7865244125123294,0.36417832808094
1.4328263645331427,-0.8275334726359245,-0.21682534039883744,-0.9535965552917822,-1.0327070740638034,0.5716908017737905,1.5949236179465924,1.7121536645808764,0.5483395618865317,-1.6304496475712134,0.9827923990094058,-0.4195525198791772,-0.7855167207633236,1.7383505937940187,1.069826741105596,0.20256753389441426,0.1345510255726312
0.6917857406693797,-0.0030515682869537404,-0.9187225193533258,1.2407408225089087,0.7884967151352672,1.3216824316165254,-0.3502588994164406,-0.5371604505193613,1.0451650900010474,1.3317663100102226,-2.0753660460473022,0.46685175416852065,-0.8811403830184286,-0.4319372570798785,-1.2482034003795648,-0.49165947533742155,0.2514328849052164
0.41599624295299464,0.22290525291944635,0.04990048191027896,0.7872939571006553,0.04166416866866688,-2.4389169422907075,-1.485933420141646,0.0815697209961923,0.8159874789508966,1.5983971576475573,0.9106182387632856,0.9630814152701029,-0.03624263035981034,1.3579391405923984,1.245736681867024,-1.3148742393935235,1.416116541773416
-2.0620273862947482,-1.306688511822196,-0.6648247095414885,0.9082680007616318,-2.762200396706884,-0.4131923103783775,-1.4453866080022166,1.666274620660813,0.9030112041567125,-1.010280116312505,-0.8777476241325173,0.04290799070677582,0.12966801076736045,1.0714659700607227,0.48672750218030514,-0.5994172808080496,0.2649817084771923
-0.42972519908272977,-0.8984396752178867,-0.33742168311284115,0.06251637377179056,-0.6106220942195376,-0.6920187823611932,-0.46057574986386823,1.094753321430203,-1.282255271396804,1.2521066267529268,0.9871046368345863,0.8193218891132389,-0.8328883956699646,-0.16066873665084036,0.19200431721127842,0.5892646191027824,0.6523281606387843
0.6292841978831305,0.6050772930446153,0.44601444796235595,0.5819819052018743,0.7619295879906521,-0.06102106290663904,-0.04842124923544329,0.4266375694038134,-0.9113547054724505,1.0767272162313124,-0.22580425078861158,-1.0348401823313436,0.5448978690069569,0.7619996749291825,1.3786582085656476,0.484540245100615,0.8745593177143244
0.08830539750662163,1.2902741541343525,1.246187434952182,-0.6960314368156942,-2.925522771272158,-0.13471676997541762,0.5151745063873249,1.5719842543647509,-1.8241805116379348,-0.851021986557332,-0.6582975270059438,-1.5571663014763755,-0.45940661073725786,-1.2901985048561335,0.6598822414274753,0.02945119344640251,0.6488726863239428
-0.8305684636664772,-0.08742352723441714,-0.9150624913093724,-0.5387007410008372,-1.6595235766967977,1.8324738125592017,0.43301374713461854,-0.5829532250899836,-0.3614384282158322,0.047659418548597385,-0.35553438891018113,1.8904119197570834,0.15933416508909296,-1.0848937069986015,2.4913159294116274,0.6522428259559274,0.7056773660319131
2.1655115646996173,1.4441164661233834,-0.7137823656274752,-1.2615701427064137,1.0331547622394768,-1.419197133468288,0.20074642179236468,-1.7600593551346924,-0.31729765125814235,0.07011635176012634,0.3925260262507806,-2.525346024271577,0.7078090484961089,-1.0443595405657748,0.9006205316947963,-0.09374814437911004,-1.6693186669486022
-0.18403166528921905,-1.249095123113428,1.0660027648787223,-0.2839980512892987,-0.9745631092231266,0.9110961036720762,0.2347511281089705,-0.948480976736367,-0.2566160929110648,-2.289967915123688,-1.898953814122532,-0.4959656468389124,-1.1289684633755057,0.1850414356098765,-0.4916003817177226,-0.004770662901510639,-0.8450423588361022
-0.3417879016967493,-1.017305706153316,0.06559362718776322,-2.707706661840428,0.7335466424737017,-0.17958085672150284,0.23463100295033662,-0.15923002791065372,0.7179149889847705,2.198412780938103,-1.3571263485158496,2.3928223869340552,1.24966456344784,0.18953622408876655,-0.37921128992611514,-0.6764142883136367,1.055571676385571
0.5162581216064843,0.06881629318268133,-0.012961151393666081,0.721390547931538,-0.03617371910498982,0.10667407224371851,-1.381933509029279,-0.2295682705505832,-0.5769802467767735,0.9089177942094303,0.7051057115055676,-0.14562981832337157,0.3907314603499435,1.8320979856038386,-0.40129673640063707,-0.5448900910192108,0.5925745905997798
0.7569986037612588,-0.691265003094814,-0.07730797607407588,-1.2115459837451188,1.266233559215485,-0.3223133982846009,-0.3787183065174833,2.9393025987133505,0.5521623358203381,-0.32395562968335506,0.23671043359016702,-0.15285009469123448,0.11679650589137551,-0.08579823476241309,-1.4016002619171346,-1.2234139129180364,-0.3428587060472619
0.3369291051435243,0.9684123158395173,0.7238901677914901,0.784503235166885,-0.6609641742267897,-0.12347208420619098,-0.8441321234744411,0.46254863606308,-0.014444790325599822,-1.7111954470171717,1.985790038801594,-1.3320434347523136,0.49831022582386586,2.161408866991417,-0.4355109502909092,1.9759758708248096,-1.1897923196186693
0.8128445739164052,-0.13278948031504612,0.8418575212009028,1.3354909881058241,0.824089651739219,-0.15503512096495567,-0.4025221175664632,0.5519163943874443,-0.9041393663315102,1.7624097500549487,-0.0762011762458385,0.9212488539980662,1.2836065339278755,1.2523036104560272,0.5920120360898617,-0.7494915576991098,1.677767207152625
-0.16402153905241465,1.6154984999963373,0.07354523659655882,2.3361599837159703,0.39784087707096144,-0.5874702289480496,-0.8848568709281429,0.606412554810699,1.9459489640479934,1.8911366541242103,-0.4974606806424241,0.3027453032395864,-0.8498580398835802,0.5788166666665728,-0.05576650123748505,-0.7342567602697156,1.3239858517923284
1.340375750610391,-0.7093970219270208,0.41568230283346874,-0.468018450520557,-0.2060884637665608,1.960752352163844,-0.1117808430115624,0.35113336870833606,0.40828767939175625,1.3282513464328,-0.24170620962906825,0.4362274199339578,-0.7407635882163378,-1.2469161756820595,-0.2930245874240358,1.3187577428242783,0.872060312410173
0.09505127279058685,-1.1726794436254455,1.8905434708318298,0.6689277011680479,0.6072253420468865,-0.17541373310403707,0.5427550026668212,0.45453975888029996,-1.270924023005452,-1.0124702422211524,-1.4020744407434085,-0.5893421642871157,0.29140303609873686,2.1239917356978544,0.7388616496250353,1.1341520828904124,1.0077399412619246
-0.32674164679441176,1.057591523099327,-1.4150602428239916,-0.9345189452212203,-1.3239321758831843,1.4203956935749829,-0.34581647566215457,0.03226020028003693,-1.0751225904008972,-0.007028373171606706,0.7960245094684405,0.1613486884834576,-1.324874262622073,0.6254199153370308,-1.0084857762029071,-1.0694083566408892,-0.6209975064878651
-0.907159799467991,-1.6623590600066878,-1.281721652341171,1.2744463088559872,0.6895363987720963,-0.033921230519297706,-1.3192449857588218,-1.4891684291999532,-0.6200912133950971,-0.07106018996120175,1.5063783080873934,0.3939058171401766,-0.7580282188522166,0.08312184997866671,-1.1148761160723633,0.7889822362726383,0.2548755427362298
0.749939518807469,0.4004075019805354,-0.22503232844476667,-0.28375862514169636,-1.3397769199368617,1.094747550625918,1.910087690802562,1.087734427349028,1.9161516620747665,-1.8062109760744278,-0.41454291806423793,0.019338609604739782,-0.36295309932582387,-2.08039949595145,-0.12425173093572632,-0.2049241318107575,0.5460126196333055
-0.7238275633366711,-0.606914456586967,0.4134648414445805,0.5413109458507706,1.596840266128305,-2.172368498391375,1.3502774519276963,1.5380189496144097,0.4668348546477769,-3.0191012505764854,0.1403746589900712,-0.16240182831487807,1.1065248867000457,-0.004038009228715592,-0.92365622837773,-0.13290462876606796,-0.8106407576211115
-0.46321181016690527,-0.19531555157000785,-0.6961687952687025,-0.3594563794058734,0.49336857301176035,-0.09756309621100345,0.11186937596016006,-0.5171295678201079,0.23224781789022697,-0.4737631542957069,0.4653361790686091,-1.0718566359284365,0.6945990051067479,-0.5618613877469667,1.7510611321549305,-1.2304363558368754,0.3954236170208915
1.0864631965291458,-0.020109210859507714,-0.2423678311952873,-0.5953224238970495,0.4985818262838318,0.22791703174895953,-0.5691235431927283,-0.5371500389470464,0.19647720693067033,-1.6965618825023836,2.070155730462931,0.4893629907509608,-0.04603428430812925,0.22641911911445442,0.08926226348644817,-0.7987242558527498,-1.7982089952382756
1.7232832506699043,1.4199183989893456,0.30632011135460513,0.4703588837116078,-0.7834293756639265,0.26844546595401575,-1.4318684172098146,0.46272229553632344,-0.31065477861085145,0.9350980987377481,1.2338068323858886,0.6420793592099199,1.3038273816383645,0.19096203626505406,0.749475801660814,-1.5752222843754922,2.270130456018081
2.4298602008903565,0.7044181012602532,1.8365230763174667,0.5526305534375937,0.8919136980019349,-0.6899580117558304,0.27536127910830116,0.8970080951094468,-0.6414357786070338,-0.11763153301163654,0.8649898316312937,-0.6742119101224381,1.521891061050885,-0.0734987893699516,-0.1853831254603222,0.0012096123117883435,-0.7916718383749566
-2.5024376454927117,-0.1329541114647301,0.7449149292746214,0.8308545646393029,0.23581547676349707,1.494282568386167,-0.233603939857412,0.3913954043349837,-2.291378310252879,2.260147763421651,1.804865268144856,-0.5491906653163543,0.7495590732515482,-0.02674998500968709,0.4864391256082783,-0.6713902691142655,1.27332175870453
1.0376530838199187,0.166571927193335,1.4335131366694933,0.3450991678750311,-0.8781802749773729,2.254593698626365,0.7030463554141753,0.7465618271398196,-1.2418883236357265,-0.42845223374132296,0.8908390281417902,0.3566966813852995,-0.8215629840989754,-0.45036424245872986,0.8948307346221394,0.2652727851347441,1.3937820504589111
1.4442067809206152,0.7376283760701013,-1.6529488445419598,1.4665404205214252,-0.030697768020019497,-0.21010184945376895,0.5960050628230065,0.7311685299144242,-0.24308056467036304,1.5067714370737886,-0.7593859102631731,0.24266657976625494,-0.007504227285907719,-1.2495838055338666,1.5830747979050075,-1.2374105879445638,1.6196133662351448
-0.405733985254702,0.2719548458146104,1.0844751202568872,-0.03927340740663098,0.9891350870984502,-1.3061468082753531,-2.136912004670063,-2.384246765547975,0.11171943290340204,-0.9593966974687858,1.9612972601484606,0.4599250456743132,-0.3688151480907523,-0.9657467562458366,-0.16422227362555158,-0.07129409048204134,-1.4526327228521203
0.14837597118178983,0.2796575316624776,0.337633868955286,-1.0276572835424798,-1.4405223584850118,-0.24699163134915028,0.888355170848993,-0.68134683112734,1.0795195310502612,-0.3485719970328976,-0.9414500391557539,0.6285408952416858,1.0636777366454924,0.3483172351963582,0.0934200940016758,-0.7818287072390384,0.3165573070689959
-0.16251227890408085,-2.382428020677565,0.8226816882657638,-1.918347359185056,0.2930094484191037,0.4504728953036199,-0.4498554307605418,0.5508827141857785,0.5796034814355449,1.3668685381120398,1.0001122251154768,-0.6276017977775595,-0.12192199308368797,1.207769377003669,-0.9384220153551625,0.20462491925235035,0.9202235014831498
-2.033827248151342,-1.1145601801138096,-0.7240637619053061,-0.21488715835749006,-0.5381596442867517,1.6737560949663435,0.47616443552043447,-1.1779621453664297,1.1053148165636244,-0.632921868844183,0.5436372366060065,-0.6380706524212767,-0.35369434857443394,1.7199346159454494,0.6312209828714703,-0.10416984113438778,-0.7866966915348997
-0.7930122690797833,1.0858112481949207,-1.0069580147074086,0.8895878062354582,-1.1633277839839653,1.0610122418141943,-1.2667621900614474,-1.4536167492669534,-0.6455955262280221,1.2893817927017541,-0.21574259143588553,-1.073520825227947,-0.4522024498417907,-1.6458572655262862,-0.04486011498699198,1.8020889374915001,-0.5413560080442912
-0.63570687949171,-0.11679270575438533,-1.8061554793660015,-1.153781932492727,-1.3874579927523913,1.5468879952267582,-0.2383735679074336,0.9699075040781033,0.7646841291677647,-1.772503960792817,2.2973358645849804,-0.6066088480359603,-0.9616205538169889,0.18400669551687546,0.5774289793913729,-0.46920998661331453,-0.628654816000327
0.42461844217026473,-0.41392153332161685,0.9546660318637551,0.41360601142657083,1.9105968619111544,-0.03184123978351193,0.5063475031735966,-2.4100072559097456,-0.7860881073475885,-0.023649984870244993,0.3035186117958557,0.08437539830675465,-0.33799198899422206,-0.6108897911490673,0.3799259673987102,-1.26254796905355,-0.9018495547494966
0.5417356619033814,-0.8446378239895798,2.220657125768931,0.2744226467823456,-1.515796988003974,-0.3397581699705988,0.7288906221710413,1.385085017674553,-1.1194829624515847,0.33482448152396843,-0.6201275098470045,1.5551836094876108,0.08707118941668973,-0.31588599049666116,0.684736731316379,0.9977554868571541,-0.6731920586342728
-0.21585872152645177,2.7147504219343634,2.5581983416161274,1.7207010327320056,-0.27486830346146746,0.3942861295388862,-0.3396974802918064,0.3511248018369438,-0.05446103706400527,1.8005301128237245,-1.4189861595322708,1.1093645379953798,-0.15728371201961358,0.09055186009703248,0.17565461197352383,0.6784412668554578,-0.1966877982958735
-0.03668639880870315,2.0921267722755363,1.5363645782756843,-0.5808379380542636,0.4848843720229279,0.21622824368833235,1.9293386077078036,1.1962562333693805,-1.2911170148546935,-0.1790904276550369,-0.29244557027282875,-0.3219815794707742,1.8138579131240504,-0.6223111911430083,0.793697817928389,-0.29438957102885643,-1.0777870727941643
1.0056190474126083,2.104966830073844,-1.433866058336779,-0.0327929376879002,1.5927650513789504,-1.0005183797316841,1.0466359084945576,-0.5651241225496619,0.5099821778703131,0.14191491329370903,0.36915659541848617,1.1254425853586567,-0.2654482306414655,0.3340182354756374,-0.7576897110147573,-1.0331092524695429,-0.6947883180325606
0.793015448143765,-1.5344942740072778,0.833797100905046,0.6001259095911099,-0.058852742786841224,1.2055631072831876,2.2576271689682885,-0.8959273357875819,1.1183404831022277,-0.015445447253453386,0.7276593528246387,1.933596661077042,-1.9914088260736975,1.030521290827225,0.442800193661105,0.4016573838303979,1.021649737874097
0.12689510942928608,0.07478669222139223,2.1998000094554087,2.1155160573433127,0.5853248876700099,-1.0317281103373397,-1.1924438216773465,0.5444771257491907,0.7978394729227807,0.05821373659820417,0.532975124507047,-0.9098448980720526,-0.4478108999271338,0.9367799432197833,-0.35671757866931664,-0.8351424957125779,0.7297491940864206
1.3642506129215355,-1.3958402984949545,0.8522284655317122,0.20344000799058976,-2.1328427735588837,-0.3444992669079492,0.056804670564223954,-1.1779558612059406,1.8464705552514966,0.034628989960269654,1.2798134604317541,-0.36105614934844443,1.306593526948544,-0.5864013794185392,0.24314582306709623,-0.49590713542709675,2.102244043104878
1.2466894517599765,-0.9838078299434492,-1.4732522251763696,0.8765407652052535,-0.7253997515258138,-1.0658461284633347,1.1095771819390416,-0.5846557036103499,0.8575738789273999,1.170370357178039,0.9384965375126996,1.2851270320793504,0.404748243124375,2.017823962265493,0.5652221149623402,0.9826394588713945,-0.0098643868594215
-1.0587772730634355,0.8413019620651296,0.06239625308619181,1.5021447103450818,1.08330286855338,0.1941214869493488,-0.15783752083698033,0.10377816914587584,2.5617314433366984,-0.7969871485102445,-0.2100824382959894,-0.055806028088818974,-0.8098635915317117,-0.2992413698021958,-0.35009821047738243,0.09323994099902687,-1.7592779282141109
0.17897032494087178,-0.43139583043301094,-1.450780695398075,-0.39443699223475015,0.27687131286057154,0.3576472130003106,-0.675500435806139,0.9811955023671722,-0.1334897595146033,0.5779441836736261,0.6432928778048791,-2.217077340542366,0.5677017371183922,-0.7325766489556987,0.08636951156955933,-0.10203631071234054,1.1032629425314635
2.0472624825899395,-0.5409345589047291,0.9014446697508658,0.2889932940215646,-1.2631231066701427,-1.424705694406645,-0.784389508903065,-0.6666174540120378,1.9172851407749114,-0.08031488081650161,0.5194352915253632,-0.671277481541283,0.8360931318953724,1.2181430234212967,-1.0937701835066918,-0.6125164002991796,-0.8106932401790398
-0.005705071915280236,0.14622135643321885,-0.6859669526750254,0.4753491522586996,0.1321290104861295,0.14276208143197924,-0.4474650924476303,-1.403828661657323,-0.6604752237976332,-0.9247939819160516,0.7958637950544417,-1.7978694575254908,-0.7125697756621441,-1.1913472512591858,2.313320236905937,-1.369028818381936,0.5696007558659858
0.30645357811325746,-0.3074558411273318,-1.4495011185975983,1.0640761932183136,3.1738011526032595,-0.5289315755368367,-1.2326664068259159,-1.162102651974886,-1.3415822705172258,0.5168280628460662,-0.5043812724097393,-0.1398961660975201,0.38237328966014383,1.2841012854649627,-0.4392072506705684,-1.144672113836306,0.3747081695006819
-0.7357001343098809,0.30036097329681233,-0.8227281036399009,-1.7188760193546304,-0.522286128700344,0.7781773465340234,-1.5572324243689,-1.1122785715346335,-0.2782547793711205,-0.46532134958122096,1.4812461931883432,0.10580659128544116,-1.9883968244981032,-0.47755523707309777,1.024408754392647,0.30874066891278223,-1.08721479419809
2.7633942615787728,-0.1353029883320955,-1.2853430496515652,0.2686921416984897,0.8779498375213834,0.017686049952615742,0.36634570169006664,-0.5438595700704778,0.38862390147856574,-1.6722387627078346,-0.7699170726845522,-0.4177256112767905,-0.247208450501085,-2.3509853145050963,1.2435261832135585,-0.43025638649579256,0.8937553829518453
-0.23638002105214645,2.3608033498448577,0.29457446188052105,1.2151443715485535,-0.18551572519830997,-0.4402605792099198,0.8276941072574322,-0.6344170367422937,0.3712172259346607,1.4743616056696902,0.02100187623369681,0.291992266571705,0.9871009245597513,-0.7719744544732996,-0.9876699555845638,-1.053329310950154,-1.3858125559311585
-1.292089807333519,2.4077584476034057,0.3234609883712257,-1.0964237134559556,0.8639434539441001,-1.3372486377084734,1.1423145225858338,-0.5717087113335076,1.2184493013851765,0.5738888498915697,-1.0358756229722634,-0.5781009119888949,-0.4430663513169861,0.10169916906167616,2.1781740616098455,0.9574761218540311,-1.290619448430065
-1.2039964034047064,0.6358279059218173,-0.1671127830296465,0.6784836737263208,1.0129972970479737,-0.3363843855028505,0.4866731067248893,-0.5876876857285551,2.1138287500555495,1.3403241585081378,-0.15181358545433482,1.4341762585920734,0.4746199112513663,-0.9840423965936823,0.4778487745277567,-0.943011038812568,-0.5802303609363245
-1.1014202725231577,-0.6570853428631304,-0.9450210225185347,-0.6114564065702444,0.1399634930800375,-0.7125376800059429,-1.5996774489228296,-0.37245601307925585,0.38977441670186147,-0.3690174118022211,-0.16744663890743766,-1.525080926588151,1.6906937432924494,0.15413397077203117,1.6576501458328678,-1.2704577575391514,-0.0899373440722373
-0.4821170478970438,0.5941150993859728,2.386309190911887,0.584221503193022,-0.33065476005241484,-1.0429446525154842,0.9364832568377713,-0.831073183037911,-0.7314108094634661,-1.6976546475598842,-0.40506721007880286,1.227535963838846,-0.33503862652360283,-1.1612630215723514,0.43695943623327693,0.9801655257841494,-0.1288084119199581
-0.16770537287644402,-0.19036249073923972,-0.5073631798018489,-1.0090538003237812,1.1619216202423055,0.24056525789048364,0.8426886836622884,0.08955908596346145,-2.131986496855262,-1.2397465942787622,0.6192309685570749,0.2510439713571276,-0.880129835679052,-0.8055682825788579,-0.9953792666370123,0.011552363106604579,-0.3377668725329031
-1.1416835389941735,-2.348643881511243,1.1632885223262015,-0.167220966837714,-0.8244586728396708,0.3345674700669533,0.047867600519400644,-2.676987138051304,-0.43735302112537666,0.23144748575095642,1.2229099095248845,-0.26542134778701443,-1.6845378768731485,-0.4510909970187412,0.634097275470774,-0.9224886822092662,-0.4617381967714886
-0.35103614860961074,-0.3656056909353153,-0.7556820918236923,0.7165703634352136,1.4294735198324846,0.10943809827905698,-0.7640647178900518,0.8329119350233439,-0.8515111563684243,-0.3874293327959002,-1.7305863987519445,-0.557452010523326,-1.0634390364846156,-0.32484323396823533,0.3035081580427793,0.21287938542109486,0.6307709878292775
-0.42307666400511384,0.2609293503977586,-0.19003699010667763,0.18962923575051585,-1.0741398641537099,1.14123875611458,1.465875615386329,-0.1994366573694697,-0.45990198992942677,-0.04981123661389163,-1.2278469919327786,1.7882742610701212,-1.5889366640454303,0.9742985671272641,-0.13417776080885996,-0.9337685481214305,1.5920324639011036
1.715696560965527,0.14181558366248873,1.6030402446622607,0.2839268550616846,0.527794743391205,1.4644376135215929,1.6885397361372856,-0.47444907903488504,1.3767404929291522,-0.8364254012341409,0.6773944992987666,-0.052981353232464404,-0.6230069545708325,0.7378382881145916,1.3191840069958591,0.7778235577438716,-0.71677349748648
0.07075944856603932,-1.8150838988713316,-0.7904261161546187,2.374673259026135,0.8478990672575335,-0.7455108380063398,0.7538808716602979,-1.707425367879369,-0.22599469634221064,1.2420587094381006,-0.961440406497825,-1.7745775947564113,1.1025190893875114,-0.19493760814000125,-0.6867527127078531,0.9808664904030631,-0.1518768151900436
-1.007352177376677,0.6509159558788906,-2.9692608925345825,-1.0381377375555185,1.0451001727745795,-0.45017701223816625,-1.1674688817442653,-0.10664918113341483,0.00011672609331956158,0.28760099544945245,1.2890020434736218,0.8208607700323876,-0.7395117544962019,-1.2733039355467415,0.5326722497959766,0.9227260021326806,-0.9670350002156656
0.46797285404058864,-0.17781058427631444,1.1884446197154614,-0.7705855561726285,0.36354870799183764,0.7912233167879281,-1.4940277618701479,1.8087709070665587,-0.3334589566439707,2.2098371052273893,1.2770492897390593,-0.26130372560209403,-0.38403782566937866,1.0325258214361552,0.07725613780721206,2.0226627587689214,1.5431393285761217
-2.178143233319791,-1.364764807622214,-0.8972818970184409,1.3667735057316905,1.2222632544187844,-0.6385782614071023,0.18747663217081398,-0.3145162491416578,-1.6783762973072927,0.2506393437447154,-1.5393096255382792,-1.5970320104398608,-1.345199874980688,-0.11897085890193589,1.1924332409936615,0.633110490973412,-0.2538299155444437
1.337301237632654,-0.6888174572179602,0.6207721543421995,-0.24552903597963077,1.1588892309641,1.2137442205272289,1.262262534141669,1.4274016630863062,0.25929273587535884,0.8141383367420898,-1.418275375286653,-0.41342280047819746,-0.44586096261780056,0.5325086181089315,-0.22630062101072795,0.8034607096372633,0.781491712296613
-0.6623143275475724,1.7412607143040764,0.3746471634834779,-0.3362799585262848,-0.23359866359540551,-0.2417483084401207,0.5269586957577742,-0.3814240083667714,-1.6089596949353258,1.325496191286046,-0.15547822414282422,-1.3143310666623431,-1.8888215011171885,0.3333183496199333,0.17286792985667493,0.7956934614602739,-0.0516253853680834
-1.5042312138717624,1.8972594528075577,-1.2580682369781193,1.5631130825015378,-2.6253707106638613,0.4708828116177214,-0.32780268572082605,0.9795749388590528,-0.07573599613015992,-2.1956118976619043,0.20675264479950403,0.40347213721490294,-0.3111557861180532,-0.4626351121419817,1.1887714045599982,-0.7389901887257472,-0.5359697701815567
0.08169495289239194,2.3513843170291455,0.8528371583555916,-0.20028726642883163,0.24556803549650594,-0.13587132123152815,-0.05658899092141807,-0.7665999834409134,-0.6385801468335505,-0.09836020332793051,0.9399982524180052,-0.5520607425887105,0.018546536473733582,-0.08248205852190141,1.1821315308071088,-1.1775687797061105,-0.0916710025705461
-2.8695017636464994,-0.030299275412861953,-1.0321084250491643,-0.9492112008837811,-0.2197030634884728,0.12076041394234015,-0.7090796923720386,-1.6955223684771834,0.16067971496153166,-0.7711317830190166,-0.9382955514469988,0.8608398088573448,1.0632737331385516,-0.2246572409219156,1.0365760907814563,-0.38379045070716944,-0.0953588403631045
-0.2767101589902778,1.6797469172060229,-1.1075647814091327,-0.642553465873777,-0.22478108698428204,1.0268831589686147,0.5629725908922555,0.3672560137115199,-1.1774715697838236,1.8187899029578984,0.11545334232954585,0.9694760401524283,0.8822814671547466,0.20268379880087553,-0.5737196978945833,-0.8631750865298937,0.9651515183367134
-1.3928623673389218,-1.052091806041861,-1.3728088468085975,0.11215090390565859,-0.19700184658443873,0.5900156142770397,0.8576863301884532,-1.574304339401994,-1.7847222514787182,0.9806381094906862,-0.553665540198199,0.8407570476147819,-0.8818352232700293,0.37184646691366546,0.2962687373933883,0.9019766049326359,-0.7631962945395433
0.21201009778137717,1.2458313549487552,1.5342729427206154,-0.5079522329206616,0.7639919634091948,-0.9124870080962204,-0.18172294761539556,1.0434819474068981,0.8046635845408892,0.5394392252075288,0.2582837816358661,0.8958966554619033,0.68231094262747,-0.21973016271967555,0.16061038067215638,-0.373017148808842,0.4478820451104089
-1.5350734653397158,0.8661908017369963,0.13816450714550405,0.7310029928253479,-0.7841196741154507,-1.187174894425367,-0.03601836501875058,0.40609508740997474,-0.25377933552309345,-0.3214176073331989,1.2981248722570593,-0.1692342021136996,0.9740871344063072,0.5790143741238013,-0.24399522929319567,0.5828207803756488,-2.1849510685162365
-0.455029904674389,0.9179254520130886,2.033275432882076,2.537407767278083,-0.8644812267177024,-0.9379067949459697,-1.4005643135314634,0.09973491537398417,-1.2151965380949652,-1.0514261716715052,-0.2768829201117529,2.2502868039303094,-1.141953324527252,-0.8891971497338852,-0.9958600075287587,0.569170083920252,0.3032214737380565
0.4927849629191947,0.7580171508732715,-1.4707594135688784,-2.446684386616373,0.42820859013623264,1.7848163765793583,1.1702230831811404,0.5555394075089276,-0.5356672795280089,0.4011962084145463,-0.22793264940709393,0.984373696657282,0.6215547689495935,0.37635522964405244,0.012440417642299641,0.012094641088442529,-0.6064418713134878
0.320145763654819,2.4602681818830368,2.1011361855651214,0.5750666167064441,1.2953112616909377,0.800281421635777,0.3115771107383504,-0.37606779945509977,1.1409690076097059,-0.9814984922262951,1.1533221316251738,-0.32595876343627067,-0.465838072749261,0.2732027073619582,0.15059638219601676,-0.34397696330931116,0.0555663157561612
-0.301127272942793,0.3022873613192663,0.5065231884937487,1.7179223333091649,-0.885836728195709,0.10730540092895778,1.1231640320749072,-0.029384352147987357,0.37203625827025405,-0.37426415229304283,-0.8174166616608184,-1.7465591768091482,-0.10236592164109576,0.8232256470394801,1.5893911948969823,-1.1625514613032482,0.7132872793581725
-1.1041404170802995,1.0393601784010023,2.001865538238682,0.14769530563117528,-0.4952925091759833,0.6138874054159768,-0.15489146399586115,-0.2633632394154902,1.7701473841429096,0.10019455472607437,-1.4160319786893991,1.1277329514020664,0.496621798844629,-0.17296711024803035,1.9894324370146361,0.01962384525138099,0.0815998695582171
1.1592755857900157,0.5153115077045459,-2.2880150309367338,0.6040529810196525,-1.5883260008682576,-1.285024526520033,0.9453257819340758,-0.18777798139453605,0.8069910658911675,-0.8497786063144905,-0.9011101730880265,1.2211620311332874,-0.24723081719812748,0.30072932186816087,0.7669635418948272,-0.6025732383340352,-0.6837853138471813
-0.4149299691901396,-0.16255854272021472,0.8817259200069086,-2.2271343541148236,1.9165467570928851,-0.329005608526498,-0.14474532767075537,-1.9278698022269976,0.0424693663752487,1.437622494795096,0.12406701860568346,0.041038895832990765,0.5417120737535605,0.48847391220730435,0.49761605745248394,-0.3831411112048208,0.8050327924100082
1.7117871514273484,-0.5306792342299795,-1.3859124767764721,-0.3109457964840373,0.9637528003947288,-0.5222196514197113,-1.0982787708052002,-0.5374606356616853,-2.078176160084605,0.2692309138728116,-0.6144263127907504,0.8388948746649217,-1.675872227143413,0.018677120813986745,-1.01230225481227,1.288728690127282,0.4886817190572485
-1.2068139037389516,0.9071154212595386,-0.9728799334030075,0.8209511215484243,1.400840786775221,1.8277863011414648,-0.23579738763903754,0.3600614749058861,-0.09313785911479423,-0.42955871711815574,-0.26531190476135985,-2.2762131993261,-1.3936021721146188,0.014968722030598949,0.622618798712818,-0.7237768187348035,0.2878423341820877
-0.07509989586372376,1.4729944827263142,-1.1728797629499543,-0.7630284435290331,-0.772963540826015,0.1351098055431778,0.9867947655225876,-0.4614523739117152,-0.8368276783768839,-0.9897159270246424,-0.7624474159309036,-1.0080948942043482,0.25235666937572315,-1.3602406998058603,-0.22725576316497054,1.2514017153160095,-2.103248087141356
-0.6207171712468772,-1.299727335429929,0.1374052362638538,-1.9160986327149518,-0.6713056604638691,-0.04157273742510786,-0.45868426693722736,-1.6137619538989203,-2.222710889802892,0.06748316470777126,0.707699235399166,0.44331845898035555,1.5881745109024599,0.056969819784324006,1.2438903303545756,0.055993771208493144,0.7206623414374831
-1.1839219506762333,0.4234132595143853,-0.46152683523077154,1.2699544806565433,1.0590950723904882,1.5308841201717567,-0.1474019728025799,0.452814233452511,-0.17118482749203576,-1.4636859741632087,-1.5274039062221436,-1.8853765458528648,-0.629144546465305,-1.0227774093687714,0.7922110533116534,-0.014506340980737425,0.5579977104067322
-0.12408199490801516,0.9574719587173335,0.6640229085981025,0.5613182521086705,0.46310610453946316,0.7850252124887787,1.1196546667880987,1.3079080116485662,0.08983552629560214,-0.7800626939350589,0.3697810643498513,1.0750162562549912,-0.670843910701228,0.5309456372195843,0.7875346575904284,-0.6215852569739804,-0.7531648770556028
0.16488828775604522,0.16508077344966696,1.2654450540371789,1.3243130424670482,1.11798202137725,0.9041625479997831,0.9139596284543215,-0.8976034738780357,1.2446951390322392,-0.04198034821289907,-0.3037644217683748,-0.5136296389481979,0.13790376215114916,-0.621209298455283,-0.6866646953076334,-0.045373145554281555,-0.5733338314982136
0.6594130285816533,1.3243353409260052,0.5191262336504943,0.04386916606741071,-1.8600717706860639,-0.256212960579341,0.6141023804324663,0.31066597151433245,1.076902721807916,1.277285779998302,1.1522557723848648,-0.49780397023490636,-0.3475550111466547,0.692437678330817,0.2073990986638177,0.4897780387632522,-0.9120335964197572
-3.0834571842876097,-0.5845852311486303,0.9135596914404569,1.3537058259009562,1.1991244770028937,0.933658013724392,-0.05220284863388104,-0.7187886730537684,-0.3103973885823817,-1.1353579542261154,-1.1178605454729882,0.4591244059956905,0.9116489391890724,1.2678933282140648,-0.33230868443623435,0.7803511668855301,-0.46071488297632
0.6888710860406011,1.4928526667003157,0.9829175286354407,1.0221627412130228,-0.8413301747320878,-1.9318240907022879,-0.8938481477441583,-0.43647562985818855,-0.7991734384432638,0.36256099114982254,-1.3460568458985782,1.0635756155998544,0.8147981375497276,-0.6392453501057793,-2.009794422178654,-0.212637375103541,-1.154181518811247
-0.19229724256420097,-0.956576125624829,0.7187148708087663,-1.0620337682618277,0.5503600126687552,-1.559474179608788,0.2507356323269331,-1.917415908271235,0.7121979863454442,1.6271213617433438,0.11967281248371175,-1.4850432268412845,0.09820110825370065,0.16286932962929357,-0.9967824589453981,-0.048344905840412226,-0.5578816788574694
1.485795834302946,0.06209360772461336,0.9234767814015076,-1.3883966718487393,0.4205225501607676,-0.9366769698285197,1.0144167053019784,0.6641222080006578,-0.18610421005238065,0.444170709999236,0.9318416606706468,0.6136584308795834,-1.8421504926623329,-0.34427468723901133,1.2783500134818255,1.0445437888708045,0.3343217969276889
-0.21230042713146102,-1.1074028226405217,-0.5644107458926401,-0.34721565549612393,0.43097877383793864,-0.014583696603956735,-1.2914873616989437,0.57455423647317,-1.7258086667998693,-2.14452148586404,-0.8829743117692623,-0.5478745769406508,-0.4663582417816447,-1.0189818696081352,0.5557945018913925,-0.3782597232037607,1.3672419747487012
-1.305126648338868,-0.340973745326422,-3.604166720756311,-1.7690084000836037,-0.48559992944566355,-0.7352729005966959,0.7828612610280034,0.3634252127365617,0.4184497842376501,0.0509352450175352,1.0340925866452038,-1.0433707721451424,0.7328346940679655,-1.4434343467028223,-0.199002602226889,-1.64461978115134,-1.1528896920758676
0.9024757104161066,0.36407753478251303,-0.2224443599943504,-0.8287509066325461,0.2737939966174492,0.6061195331483799,-0.7674680507650702,0.7924016777818533,-0.1635368831777707,-0.7680636416970592,-1.6235825363710272,-1.9549906011268585,0.11910530479630504,2.381735957519079,0.003465439013405561,0.18401684492134301,0.2810433255387495
1.0166241351235545,-0.10488714651679218,-0.00287354930996583,0.021306088701694984,1.1113011597718159,0.8730221338512634,-0.6072705442524469,1.6129522879025524,-2.0806573670990542,1.3403434161691143,0.1454954861550386,1.423824804117189,-0.917033774690418,-0.693566023540469,0.7008389394497812,-0.9620819574631179,0.8200911488667102
0.24111092540275428,1.6026448225774736,1.258408825718511,2.104476628084442,0.5614081983778101,0.13598064918216132,0.1347428373248203,1.7244458668555043,0.2903020589051584,0.8946421584659447,-0.8637690456830035,0.5066054739139841,1.7467183524667127,0.63014409306295,-0.08857133491169575,0.9886651853595484,1.659387083611589
-2.050217128368026,1.625770379815373,0.5369303150835334,0.5425645570152757,-0.11806501437774067,-2.309680808248569,-0.12379242202544406,-0.4781537920319464,0.31538403396557735,1.1382634453712384,-1.037735774847171,0.7880850457284814,0.26471214830796413,0.6209682670127763,-0.46313868119852036,0.3429574925954915,-1.1032909959941353
0.5730044642864233,0.47306178450538255,-0.9351918655887782,-0.8978818388419605,1.7893247085058417,1.1022874082405434,1.031317293260296,-0.3548107653709814,-0.015671511446811833,0.5901097790952219,-0.5991147561951892,-0.06599677270145253,0.288327133669961,0.5240314037927498,0.8777744229492126,-2.1083319327562067,1.1487079375623863
0.794179534654163,-0.6790580006353931,-0.6016508500484622,0.7331302164639008,-1.7950889816994566,2.3123733397176522,-0.27818638515340494,-0.8191690337167068,0.7471074417935355,0.25606692946724324,-0.9888234349093817,-0.5411513628358186,1.1892132152120511,-1.1611263807809573,-0.162738237463962,0.8200770264863477,0.5946643781623409
1.3016529249905635,-0.15608664981980164,-0.26418823645467926,0.7943098905742877,-0.3106494759896425,-0.19742420272908304,-1.8119023449186504,-1.3150249523412918,1.1415136641978092,-1.423774547269773,0.24325824246540853,-0.8798940995179272,-0.1672903252511866,-1.2469257780055212,-0.40757500131581187,-0.4360411567403429,0.4483586802879944
2.246332899152645,1.7361502660037977,-0.720431642769169,0.675065876471384,0.1627487061134605,-0.39448633387348164,-0.8895660579733492,0.8285980544007436,-1.9629457310056821,2.209283368720335,-0.5137164392948439,-0.7922958791585071,1.1615596777351733,0.284907880001711,0.5574279250206422,0.9614621746445905,1.4841570987661463
0.4048363262708579,0.6941179629348748,0.3064633665333437,-0.23955886352767133,-0.6547626862013393,1.549125236181149,-0.09672029928224915,0.44276024573871975,1.3607314748040975,0.6132658666737193,0.9236120609977774,0.7751420524749103,-0.44402887113442324,-1.946263872446992,-0.4078850960080524,1.9149292948147072,-0.1990372654912249
0.7561820786507738,0.10123249035538083,1.0772346688993633,0.8013872917350449,0.9293947465723665,1.5190894293030701,0.18419767817183036,1.6944035860025273,0.4569960023981067,0.571970105688085,-0.6156607687613712,-0.17365058887630783,0.21222387894218325,-0.4863413469494788,-0.5181819446842553,0.6755385865754046,1.3125181524556289
-1.7773297667330805,0.15846245775485254,-1.4298617982405395,-1.6092106920536333,-0.021391472016711845,-2.009354702873788,1.8175376625065933,0.8902235958250853,-0.4675275924789116,-1.5756233539110502,-1.6094773369892417,-0.535119600279957,-0.6146436354001767,-0.030851684516467155,0.6671823591863905,0.3962265560235394,-1.598025787806778
-0.8604111775942095,1.033869369216977,-2.775147471133765,-1.3004856160547449,-1.488616926403485,-1.0854847653060213,0.5834602323373943,-0.8344924103045461,-0.03811990164293993,-0.4462430547405836,0.8201727292339772,0.12158864279283714,0.1255889402689165,-0.026391822566027904,-0.8545710782887705,-0.3607865355391289,-2.821594834991105
2.1128894245360934,-0.043434819080856064,0.953442110555986,1.3906544597032071,-0.8230577181327332,0.8531900737472954,0.784637350593116,1.6135872740914796,-0.09276159553208627,-1.6993484799577603,-0.8355102349256468,-1.8681549089274259,1.414589273726082,-0.706781497944994,-0.1369182479236467,1.1759761907874473,0.9143459011037448
-0.18168115163448753,0.9246819294321625,1.0208830613174584,0.43813394134115036,-0.7085645710032714,-0.5343690199874014,0.8657452533930974,-1.1612197506945954,-0.2794793082828879,0.6833614157472326,1.356623961894964,-0.2762029693819999,0.10405348912794585,-0.7244226492760399,-1.166848498722148,0.42766366802203154,-0.4689225611447388
-0.035589388885025226,-0.33409104369621945,-1.0937023714213214,0.26439807328032516,-2.318795867615369,-0.7968013286674424,2.734508432936543,1.7078044976412212,-0.6752701571967947,0.14977315400897767,-0.17100019500842295,0.3782039131541515,0.17524708686493728,-0.8002737337122156,1.398239902682267,-1.6524246333764525,1.4069588806377626
2.1886880285000614,-0.8325818327626373,-1.4542285494544511,-0.0025309992074925435,0.9000580044853818,0.42783540358327515,-0.2233661252091821,0.8775659178183821,-1.9808132755134065,-1.2985820592533006,-0.9218336608949907,0.48994066073450576,-0.7137034658800028,0.5935046947950642,-1.4756184535768058,1.3562675897890315,0.8719471253881285
-0.11994517726760952,0.4883670576942616,-0.09963924513461496,-1.739823073900464,0.07150409191460007,-0.42107008154189696,1.5898736203498387,1.4527389393210632,-0.3515064822391977,0.5963647622911645,-1.4373613758683617,-0.70253755941464,0.4767012456599281,-0.011499702347790923,1.048448700183883,1.8908195454471903,0.0623637408765902
0.3309279764926993,-0.0616036115524801,-0.6771202181491484,1.362449129098782,-1.948292064407528,-0.27114921439779166,-0.6768416972680896,0.5789816775694734,0.3650820858955462,-0.592843878064674,0.7441700419001948,0.8102262402639758,0.057177681867455254,1.9785949411419346,-1.263196638990402,0.857333052995159,-0.4522798879290115
0.3192898951279015,0.2013464512930747,-1.0601408840685944,2.2242196074234015,-1.2221196628245277,-0.9730511827006499,0.28917945829893354,0.34094941796485523,-1.704882399692943,-1.4238274082856468,1.2333873642723914,-0.003273123343224483,1.130424767810712,0.6738783369804326,-1.120698195052392,-1.209600336642383,-0.1476543021036494
-0.48004648632481994,-1.0472307254760542,-0.35523824399536647,-1.750050724516415,-1.335252885731191,-2.4267662762968647,0.48019484383783634,-1.0998797057146252,-0.5169758336564438,-0.8494507604372897,1.6170507643298537,0.3304625107616444,1.5533737420832026,0.034837331411322545,-0.19776137556390785,0.17304328287611798,-1.5445621680165151
-0.3660661182577968,1.850735508758717,-0.21847002890560943,-1.916347023327911,-2.0225675770346263,-1.1920831928193376,0.5527196573449052,-1.7473409470122063,-0.8177955535342625,-0.7015063285589856,-1.2334581053460698,1.0613639181480683,-0.4082637142227576,-1.7197446928875129,0.9401445336604886,-0.34331526911923266,-1.2118844607618888
0.0250210493229413,0.04408887060484708,-0.5423547290922838,-0.5934446567160465,-1.8457745523939022,-0.5719002944443033,0.11258258178303834,0.32039610951986747,1.1721704413104717,1.5803297743864493,0.5392435238532733,-1.8418062190296898,-1.1104951744705507,-0.984321469567984,-0.5979328040092748,-0.6779375732543823,-0.60131001820302
0.2552515026000394,1.4680458906745966,-0.3874808135883522,0.3135871779766404,1.292797808585972,1.0452563464899252,-0.7392167929955761,-1.0238098696551472,0.32577647999756354,0.8882799423592368,1.138924052694481,0.7955842427163033,0.624259039465107,-0.28722406214037416,0.8529390496651515,-0.5427139670217909,0.186728064561061
0.2890646336450935,-0.07898867679397216,-1.663710998423923,0.3253828724445791,-0.18054525248537964,-1.5059459534944972,3.086679420699263,0.7129713380809884,0.5918136721014732,-0.7266805842897778,-0.0005013712624056481,-0.21754246962862317,-1.4325280378610572,-1.1851983829765986,1.1005718548070285,0.4433108382935282,-0.0948965142013635
-0.8905242010193214,0.3069478261033823,0.23416717953109095,-1.0178882011299764,-0.22704778017863636,0.7005398149225126,0.20138331135434376,-0.571107054312236,-1.9870980424806253,-1.1225214404201413,-1.2970388116893004,-0.4370250726968539,0.12834554488978556,0.3657741503592705,-1.1267038327773065,0.21764591182130896,-0.7803199436613721
2.088816804715204,-3.602580444696727,-0.10253991464436855,1.1792470226058858,-0.04885980023658247,-0.8621837866244947,-0.2252004332087244,-0.02840938455484464,-1.2379843783987443,-0.13154214009260673,-0.41794121465150913,-0.4066543478259899,-0.24964442199619727,-0.1265260804519181,0.3379244293748675,-0.10029422060612175,0.9947445166935018
0.31810921142641563,-1.735569761168987,0.8168073253960286,-0.958118230531131,0.48979516512150584,-2.0751508765821827,1.1660741546926985,-0.5753221261925794,-0.46607361466875785,0.7079083659325089,-0.74982295550058,-1.0196268767214987,-1.785926385969461,-0.6368478291025609,-1.1929822870514502,-0.2735935995343119,-0.6247725635994413
0.052059712244839164,0.5357847227609845,-0.2761225006659008,0.05795568098541877,-0.6762638964262463,-1.4632746582524794,0.40121467397616817,0.4335349790696163,-1.7763699041069174,0.8579271671896257,-0.13012315964781426,0.32758928488031686,-1.4490954449347877,0.09009535417242413,1.1529243412187136,0.24708722161726726,-0.2158132428904408
0.2513656980388414,-0.7886319516960951,-0.7596273353280779,0.4936538575694467,0.6038448390750601,-1.5911748865296593,-0.14233759493580417,0.41876839223273093,-1.4174195083041787,-0.227977857334647,0.7188345533126161,0.26741578119409715,-0.6696161725911645,-2.077908522475416,-1.453978600859979,-0.5032289118598758,-0.3398067790028583
1.6960799366042196,-1.3006650344079076,0.5885535247587579,0.3100623176872872,0.7619542554709624,-0.20546882255485183,0.9688910432618247,-0.28301979495502083,-0.3150337010019197,0.35775448350522016,1.5016686699589723,-0.6611584367777052,0.5711172741553538,-1.5405778685720637,-0.10671683316897755,0.25174710521143756,1.169024542554623
-0.6513306367914131,-2.0007536832233765,-0.8927024184882574,-1.1546659008031184,0.2130162673988083,0.13604944733342,-2.6639123812720515,1.3172758985262136,0.7663916299847611,-1.037201931646358,1.5525260435717352,-0.9908324610565808,-0.020654973311177677,-1.2751906541634648,0.6776625641109539,-0.21833886772197517,1.0055494714998925
-0.27825694301879966,0.12272266403391635,-0.30566815760229005,-2.477616742469478,-1.2551306429520763,0.6901313607650276,1.1167527784261915,-0.3990585148735122,-1.0053582301956356,-1.2924207356781794,-0.10431752458357263,-0.3192030933967166,0.46312378582561714,-1.6714090476211523,-0.007628842067050255,-1.0550034784773497,-0.8946567628475437
1.7755879093302447,1.482575251220714,-0.48950167443178977,0.12938660916566785,-0.336740479046114,0.7559465220964637,-0.23338512772083245,0.43162671563533256,-0.8395601038380188,0.8860387780093868,0.6182909200596275,1.7359744894114395,1.5339889869712593,0.7401181692952435,1.6000640268674604,0.2938263455202587,2.270574310469332
1.9396943023575381,1.6482915909274753,-0.3362361176362501,2.64625055627711,0.28723710804225894,2.2137639524060186,-0.21109973135744356,0.9682765037666583,-0.5095151892857178,0.39274803334796515,-0.859135593096733,0.3984085901088641,-1.8333315278899773,0.46098915318300543,0.39989012137605295,-0.28893227765625124,1.8762914209363009
2.039502577304436,-0.016237718960266965,-0.5563578221406398,-0.4387992966924029,0.9771150909688028,-0.47495702196186435,-0.939800254396295,0.6400898350665895,1.3245224965246123,-2.4920175576115833,1.8356828110545809,0.6304222880707439,0.560076781996503,-0.7641619048906493,0.40818505908633146,0.4367464909721009,0.8420780325421454
-1.0011098807319525,0.4426447901508317,0.20769240723156487,-0.609276113755799,1.3571557638833147,0.9705572000707293,-0.20314550552610255,-0.26102494889001276,-0.02246544192713873,-1.0698590668611188,-1.2423781250179058,1.2049161877547636,1.0559778212189959,-0.8812698947355667,-1.381433824880267,-1.8523999424480657,-0.0177100736637429
2.7266589720123253,-0.08963380617416525,1.1723933887358804,0.6444031594461476,-0.6978031686733139,0.4067803832555471,-0.1289767655806995,-1.8980018405300019,-0.9924017780955415,-0.2802768312002084,0.6858236725763321,1.2603653145407103,0.28101345093205493,1.6407346931627937,0.8734098718199084,-0.2603447987403879,1.395087375370788
-1.545247076946105,-0.9804469912470188,0.4844882332569432,-1.3744127402011748,0.5778835842741402,1.2458509898076289,-2.342737474124812,0.08785996351523583,0.5093799825256238,0.4379622682527068,0.5899701042926796,1.0543139258097272,0.6797524186677818,1.6133882081830437,0.017899612889257652,-0.773908287951743,2.5026823022214546
1.8400486584728575,1.7567252455440714,-0.9904348407448738,-0.8431317248353413,-1.180479423328674,-0.2082133923264203,0.46211476860203027,-0.942886734264275,0.39328707423990616,0.09195073174881968,-1.681663021659523,-0.24379029553246345,1.3672269520681677,0.13097377044139966,-0.8827598096072656,0.23765446555115896,-1.015130699127636
0.35897625766281194,-0.19228454895721822,0.5030032776672239,-0.527252870118055,-0.6506343321744932,-0.9676776053836508,2.2590639033048276,0.1669049829746512,0.3767566182434436,-1.1578782408322723,0.34981528545540214,0.08955071663216452,-0.2546566667471122,2.018085372379321,-1.7590515951262549,0.599770826843865,-2.133816109930756
-0.8157629260753817,1.9845245241880949,-0.596620632308875,-0.42998371576894623,-2.903333441734578,0.1509427569281443,1.9025048784617724,-1.072276969146223,0.5182503781473438,0.9999767815908054,0.30476256049136635,-1.1708325070995422,0.3790554464765835,-1.1725522026090518,-0.8104599039100854,0.8282444081183893,-0.8874418317228571
0.3741447169034698,0.3085718517513475,-0.03321695649467829,0.9628818962291565,-0.6685937369963516,-0.5518719896477406,0.40800970796346847,-0.14542826714973767,0.8568618855157524,0.2672888978843541,-0.9935639756724607,2.0547956744314444,0.9265958601057132,0.15200634005858996,-0.33184368818571114,0.8816557962039222,-0.168816734400377
-0.8769851058050162,1.3544520908068491,0.14745972435861668,-0.21114130812570422,-0.8434078069065181,-0.39087786555764853,0.4806558482496391,1.2536884210069923,-0.04567066356165966,1.9639144338706478,1.0591236180817734,0.22972073036093835,-1.004076652723205,-0.20430960647776264,-0.9170040090024436,0.24888625399050257,0.0357778705058066
0.2649998792859281,-1.4293734626874874,-1.0602954142723773,0.32907137790822544,1.2030359354741305,-1.7622118095553212,0.13059706452669634,0.37567123224894355,1.1510490035603407,-0.869768164408773,-1.933980498109579,1.3740440113245043,-1.6963733089593513,-0.41255258708758896,0.371673069703384,-1.1645826712587153,-0.6413873584374941
2.3726936611454135,-1.1088409855974664,-0.12141518822297198,1.2011119613424073,-0.8360966739748678,0.1523744017964425,-0.18718640590338984,-1.111373381270753,1.2704513777387174,0.02656024474774156,0.957899581151527,1.8545849954596576,-0.18884895797304205,0.4448352414615919,1.2638423782561115,-0.05529638754019654,1.595392401331949
-2.917702278028748,1.4617302130593752,0.2658171407329664,0.3838244271465866,0.3408562558944139,0.45264704174620835,0.4227625068589596,-1.8099661308656216,-0.8086249454982597,-1.6891003939746814,0.3393401583200056,0.5063839057805679,0.46288426359328616,-1.3660109979251862,-0.7192753479445498,-0.4090232881758718,-0.6577260858431092
0.39180496830085854,0.8534358197528017,-0.3644942372713248,0.2279367038825343,-0.07597829896319863,-1.4985131728299423,-0.7786627078127473,-0.17595685049934504,-0.5583734700929831,-0.817020412391119,-0.44481534576626014,1.197137407664205,-2.0408421043017455,-0.182876994618318,0.20458222794568492,-0.5331045000106149,-0.8829614368148843
0.350622413200515,-0.5064763023419128,-1.285698315256669,-0.09120214570293164,0.7649645885112716,-0.13891124504324487,0.10607741112453488,-0.8178715619507634,0.7646327747602667,0.044503822966970925,1.3558511154645456,-1.097787609207617,0.7675840385210067,-0.2471383867242572,0.8219824235901946,0.4210784536790344,-0.8040527008021886
-0.562764767209374,0.9677266207661076,-1.3594250725876906,1.7783370831445855,1.4830780966792334,0.5155263522870648,0.3263328217835138,-0.23092710524451474,-1.6481390687819528,1.0717913193486974,-0.7076992859468413,-0.010376354841249345,-1.370669200546568,0.49364930391952805,-0.939094662080964,2.0808405849157197,0.2041037540293843
2.0399585313990527,-0.6739636171194144,1.1402671660250752,0.05979036487813024,1.0947276026872255,-0.5202337438154282,-0.4226555273237879,-0.6834924490406301,0.5771921425072678,-0.8598316811279901,1.0476272599358172,-0.26139114844345435,-0.9358512174333834,0.4375703901279327,1.763250257180423,0.2341085233029163,0.945177983831876
-0.7777828973219085,-2.0230753705990683,-1.0067467737088962,0.5562042345744281,3.051061686786889,-1.326502257706397,-0.41632989426653233,1.6368215427111446,0.09131025213192889,-0.0906234569337296,-0.4337164745817482,0.054201143968579495,-0.20634369303636388,0.6438511529528622,-1.1751651849766551,-0.3181779128892361,-0.4674046323536763
-0.4636865792561536,0.7484284738344888,-0.9588154715135098,-1.0473288254794504,-0.11403419424128249,-2.1025909833011567,-0.7992184100486291,-1.4051357677808007,0.6291559205599242,0.9268447277515308,-1.3245197935320718,-1.164116312208858,-0.7837387514421625,0.40211416179615966,0.1623973108281408,-0.41864607636371914,-1.5255141245771529
-1.055501129251079,1.5524890134316316,-0.44494483188104206,-0.7439372921696016,0.6409571332630604,-2.293238059004391,-0.1272516124954349,-0.8806074657223856,0.06700136875757219,-0.4307144201508528,0.5722343638290751,-0.5964464556842679,-0.44025387496293955,0.21954373001039415,1.3495153449434716,0.5519023194167163,-1.6216049858328765
-0.522411796749382,-0.9227765633982933,-2.987697517653069,-1.3075834068275334,-1.6447398600789636,1.0294116344931208,-0.9592827539449177,0.43177103206610357,-1.5077818645635932,-0.011719260429702442,0.11874187700945457,-0.5375393988857132,0.7123789991065205,-0.9270080688248322,-0.8809487306733633,0.1516116271536003,0.2645241048621251
0.6635059738916219,0.7147247978013473,-1.3862741722386478,1.4080563624904414,0.35904921132919215,0.9707704434962509,-0.1441830236210868,-0.6651627963411662,0.05643038873468462,0.7283305474843134,1.2832416242832836,-0.7913249837084885,-2.0300491052168694,-0.06122183343909693,0.16710322131304248,0.4632196382872341,0.6527542075568412
-1.973943085454225,-0.8559799471368278,0.08088142448847771,0.10816141932399577,0.7698763507023316,-0.6749515467433382,-0.17592709688847782,0.6785356396074578,-1.9754451555159154,-0.3835830125584233,1.082583790738003,-0.5630094869011615,0.5963598359788224,0.7509000157278094,0.43015054528156965,0.6641285098328477,-0.0748930222853936
-0.0679827187671279,-0.7099301191282831,-0.8346694716990503,0.9140708582959587,1.073080798945645,-1.4325444477432778,-1.630283469331443,0.9326920249715577,0.24392469080236473,-0.23020810052493787,-0.520278155914319,-0.7666958046494095,-0.9123891014413318,-0.8206033090363807,-0.5893318315047579,-0.4056505046833482,0.8309597021246079
-0.8392038664512893,1.047096481950477,-0.3210909371257507,-2.0445999416091007,1.2254585096709194,0.8161564355635762,-1.437916750976537,-0.9125138653225949,0.8228912751304504,-0.25170100305727594,-0.3881734555020777,-1.95505419648686,0.20259376236387147,0.08156025188757332,-0.31773585469050575,-0.8266556478166198,-0.9373193354848705
1.2831235608848426,0.7281367397342771,-0.8098552708104542,0.6594763303292813,-2.6466568735449587,0.038781292878996294,-0.03443206869140273,-0.1299669865052571,0.5532322682978352,-0.14277790777154972,-0.23150696673081578,-1.302581283947671,-0.26618890003154155,0.6181051481066938,-0.4265223517383789,0.6863423729645904,-0.660452806395423
1.7563343136528922,1.163182596853396,-0.1026249418035205,-0.24153738243613052,-0.6672650005977,0.028833817568412447,-1.0166220319073465,-0.46428311918629966,0.16337730550003277,0.10884393134130375,1.8649628462228152,-0.49937282566268654,0.38259343005627316,-0.5403022792468257,1.0396410243822896,0.1257243679803609,0.6706579798634907
0.07970607721260388,-0.023778406182504902,-0.652763869305211,0.3545555669997691,0.3393398633015321,-2.030956084311464,-0.2627375751528232,-0.9240498260460293,-1.0385122252472094,0.3277988230825531,-0.6843738609452082,-1.4756702563765447,0.07283608609728642,0.9248592703901142,-0.2854882312518085,1.053022203209683,-1.675853788163009
1.6665162538154996,-0.29312781539398824,-0.4707750211873936,0.24415837531667098,-0.9908448979975085,-1.0426855716134324,-2.421135397941461,-0.9838150325984004,2.2948697930845046,-0.9232948857980555,-0.26832190303048464,0.2774479678829166,1.2525148632973275,-0.4554871849257175,-0.45360616241111307,0.9211926168131593,-0.0343488219444531
1.8387254027639275,-0.14575551335341463,-1.985895120431805,-0.3675365410127566,-1.1326530045505776,0.3397887452442081,-0.7398986368984612,1.594301464152673,-1.2269555878100626,-1.2206592806740315,0.904725540148852,-0.4475852734369872,0.9669779490093211,-0.4961892270494429,-0.28130393519294183,-0.11745571183423606,0.3698255195586872
2.964884637693157,-1.767129503294093,1.2905723594163718,0.11979794559193357,-0.5925011955631379,-0.9977213325516723,1.6473496964111805,-0.7438233800538795,0.8123738985488184,0.06502297909788027,0.6097410872693152,0.5109169770057819,-0.48585542757539735,0.15211394171780498,-0.6551643179917044,-1.050083345919488,-0.2229921528543949
1.7094901338384472,0.5833812324125374,-1.3101045122539634,-0.8796071005734277,-1.0715557040941015,0.5444380104875206,-1.2519373400616518,-1.1620534487350547,1.3501406584689744,0.21311401368532332,0.8817648464777118,1.241433219763768,-2.261073188104113,-1.0840680586312064,0.5185339799630522,0.2082488953242857,0.1846467701968694
-0.11080390067309072,0.8216170026002557,1.887723272092533,1.1608242633453676,0.9922862107830966,-0.059095847766439,0.09003919798667652,-1.1949788994116668,0.6510467926298177,-1.449222869330651,0.7405788024494575,-0.1157437909742757,-1.054544519599357,-0.37284993043068987,0.19248802952471486,0.41887907806255975,-0.3215422031905989
-0.3388327180497762,-1.7987253573375583,0.20716107663938543,-1.0295991121907602,0.36627425454019524,1.3262926543580085,1.890309282811999,-0.6816317120493108,0.8595393309980613,0.14305371203785658,-0.12994390782947285,-2.7025204703142487,0.3538659626136158,-1.0185252732109822,-0.24273885446585405,0.6871401985100916,-0.8919401431979146
1.4945679198367703,-1.1618126999673974,-0.11732106692486717,1.3050158556202611,0.029821974414141965,-1.0827432042584568,-0.015439731923122275,-2.240074589595484,0.8869188158108664,1.5235213736824078,-1.0737905074852168,-0.40788786769160823,0.3732832794753501,1.9177869260816522,-1.2974452454430931,1.2720066205849068,-0.4138959695411838
1.778483007843863,0.9494776188333574,-0.043897135077513506,0.39386887475925775,-0.05379548265220131,-1.4381967903263293,-0.6134578356065804,0.4243573028774832,1.303731547773124,-1.393152658048121,-0.29021218122440345,0.9117228958022506,0.17403520702123731,1.757074161647265,1.3542290311630067,-0.4551680138168193,1.28398332887844
-0.6806151620101347,1.2545100835199205,-1.5045278373928876,-0.18606060866261076,-1.0918844462539485,-1.716260796191637,0.7524543362377919,-1.105517187469426,0.6871785944208437,1.0568697453996347,-0.13024065838912466,-0.34252016312452394,-0.18201217062690106,-0.8029093042783605,1.272912288527413,-1.3881023843260243,-0.8994502134153637
1.733831711573465,-1.0503843276887597,-0.7774389424271722,-0.6734713371599137,1.6885324723416544,1.9286197834659882,0.4083683239520011,0.2387964097401711,-1.0145028014332018,-0.060559594848826406,0.5668047217511621,0.30394094384443854,-1.2712438585788728,-0.46995987746711926,-1.4662573296795707,0.2747100106450273,0.1816056220713541
-0.18085791964089867,0.4226702971768857,0.14838271975468856,1.5295615328206238,1.4708240050141848,-1.2701703611051254,0.6006192714299278,0.3739143955542476,0.7597631571827496,0.2607465948500317,-0.4732126991337556,-0.872800475664353,-1.305820572716458,1.6404949875635548,0.020465029959265874,-0.504091969628073,-0.5095794499033339
0.04203678143377028,0.4563587095242757,1.7876410087005832,-0.6804186145787737,2.394647883291519,-0.03711507825481909,-0.1529123301293588,-0.6657481083014307,-1.8472564441226087,0.32222886803923395,-1.344078981360933,-1.011118991079084,-0.2657163482151163,-0.9350522494222061,0.8192271423988686,-0.5393531020149159,0.5002828292655443
-0.04380375021961904,-0.14108868232369767,0.95476158741379,-0.291936749926593,-0.5945537618100043,1.6422611267781966,-1.445746986820421,-0.01578336259938622,0.7251732840592636,0.469444433145778,-1.0640716743440868,-0.5433860117728019,-1.1565843788187227,-0.9947055748292939,0.5031915247971831,1.7448748631676694,-0.0040245419764785
-3.3901302286457065,0.6545476430889824,0.6147389101104859,-0.8693630480934839,-1.9810731968063229,0.2933135137153974,1.2208682585471926,-0.9506313389613241,0.5217360973536798,0.7061397579046456,-0.8423966751420638,0.8922009475714693,-0.039375859927706425,-0.5920977893733587,-0.6535272787891687,-0.7930774397795918,-1.3074958381932515
0.1436264378881366,-0.043382094783815474,0.8410353552656221,0.12421983794945136,0.8125219994993323,-0.43296040473311287,0.7267157816385496,-0.18464156833353806,-2.725128360937565,-0.7857979617243827,0.28828429690779417,1.8206460949368688,-1.0392774173229813,-0.4494677592613923,0.1726201952372139,1.0716178880564977,1.5564650742980084
0.7442311870673014,-0.3411052697295005,0.1939814682560986,0.27154227433705486,-1.4425407835151616,-0.06995946630982745,-1.0320713796618517,1.2694773060542144,-0.02606300559148224,-1.3810364231370151,-0.0914721637374203,2.276338472208067,-1.8600175516262523,-0.06394453202498236,0.11100624890545363,-1.3446830147167916,1.1330699797735495
0.04379622730480284,0.6217443180596913,0.10732549337436754,1.5086156339952923,-0.6370809916852429,-2.816717908644876,-0.9392201501611389,0.45166747441948474,0.0378829030183107,0.7191969426201501,1.9413271936626353,1.295698144794998,-0.8527687099852957,1.5963262915931782,-0.25347907919348944,0.12353177191454183,-0.8639249766763741
-1.6671158893314244,-0.5122266214747009,0.10978368849577068,-0.23893248554816812,-1.2710400122264593,-1.57784108349825,-1.0881802662635485,-1.9792714383377277,0.011860768435564377,-1.6809034633319286,1.4124784030435824,0.010557059307963789,1.26221547028563,0.8135804791195773,0.3408182474444656,1.0135658016019473,-1.2299177245417634
1.0867454190848038,0.30664307553825304,-0.538796659716019,-1.7880867198484398,0.44653511003671736,0.45194586741187254,0.77002228944211,-0.06973153340058888,-0.21017537309366544,1.0935490484031272,0.742143138799471,1.0643112851223417,-1.7487943611389012,-0.951223767153878,-0.35808026656851766,-1.3593318872242504,0.7027714492234788
0.7672222382159822,-1.120154698555359,0.42036775463026793,0.05294323114756319,0.8823891500550645,1.150654059468371,0.4740493248165175,-1.003685895029476,-0.9340458633307714,0.46241125269307887,-1.5937962596626178,-0.8797220997052213,2.008958331773522,-0.15254328606044992,-0.30297841224731725,-1.3540451455754374,0.6737072676901179
-0.43257675789558026,0.6021393435368786,1.9398698091212818,1.0560310300782485,0.08455643017416913,1.0334311031255368,1.5329550276642676,-0.7096297071716403,-2.6674266893506062,-1.0193755373169975,-0.09255667713821525,-0.13451240756826466,-0.2235089801525598,0.8001174017800261,0.14411526491335636,-1.4261294725970928,-0.7123357197835375
1.4425491544304594,-0.0470871473603114,0.008034929129296799,-1.557712882120439,-0.03503678582058238,-0.2561295194175536,0.9603930001846713,-0.5506789908387592,-0.4303022069487084,-0.8402066104146296,1.0006385286852488,1.7854896328469216,-1.3678091090945073,0.527854447600927,0.3217452403296349,0.2367566136645081,-0.7140275899721321
-1.2843277479288953,-0.6769829869291971,-0.44144931330934917,-0.6012736775638482,0.8587215495178919,0.2787325566787921,-0.21314054407945981,-1.0603816200776752,1.7164920512036639,0.12949599077162144,-0.47527155711169417,0.032258093043413434,-2.6264802783067887,0.8921278726151959,-0.4826955416998823,-1.9380859226204976,-0.6713585993195669
0.6015899698707192,0.3973015096807335,1.047655476030031,-0.46261443903977495,-0.338941251664312,-2.6005657132447375,-0.9631537529769478,0.85924699403404,0.2105416262881627,-0.06357106942601592,0.7261256811922194,0.6618137790373045,-0.2529719602497187,0.45914031665113353,-1.7902825919419332,-0.00731905887729738,0.652906915310104
0.9539813885388194,-0.8689829521436575,-1.604657595075085,-0.16442078008916836,0.38768895050099134,-0.633361454184628,-2.1420290906732884,-0.01915109746663868,0.7658644834688455,1.1182312531664353,-0.42576493800025295,0.793312204003507,-1.0043637803861003,0.3463086465386263,-0.9042649795379234,0.900224544378221,0.4741046246336122
-3.5637101226209706,-1.1587840756976213,0.7515516351695765,-0.3356236843048568,0.13275956030929034,-0.13509066642593828,-0.29092015475505945,0.2636991800262239,-0.06802658991648482,-1.131896798759067,-0.5969102521338906,-1.300336074012714,0.017660148823470917,0.23411230936541,-0.932289784645716,0.8913015085965356,-1.3323778417841672
-0.5289326084706918,0.5227154049705234,0.22407130084316398,-2.8928125294879825,1.5660624780408714,-0.006667317168372828,-1.4609424269664861,1.607730994084614,-2.131506053355353,0.3390424257542418,-1.4206523951892087,0.6454062747999739,1.1739706220642219,0.36358649450969,-0.13419418805026878,-0.20732781465035843,1.0524382337206653
-1.4030035629343172,-0.5203888990971374,0.6372024227713138,-0.347697539638722,1.2435244210693932,1.10449167394812,0.19017532208189974,0.06618729364626014,0.03377196633500991,-0.07181187589036124,0.7880958291389152,-1.144435072164283,-2.34364075027747,0.5055106150627141,-0.38229052972184113,0.7326569058878644,-0.0006107827790714
-0.46345272190018816,-2.456261998322866,-1.0412118791220761,-0.5850903930520552,-0.7081803277334587,-0.3573957804577252,1.5797973188220928,-0.7103415477237331,-2.5711886474540044,0.19854637092578784,-1.3394790020553469,0.7968978142052962,0.2196773189056331,0.682100325923544,-0.4057065427696738,0.6159359273107126,0.3057929016481328
0.2708921589969976,3.159799619936132,3.20989224138967,0.032388118484172584,0.7576518508270644,0.38283670911566453,-0.4440601773360771,-1.3097009679945721,0.30162737379271565,-1.9443706689675886,-0.14704946353198195,0.1347727365254057,0.03711314162166007,-0.019036515850414857,-1.0420154921020806,-0.10222791300816436,-1.0454872066341443
0.8125407703224926,-0.7211823953054372,1.4973404176701752,1.1657793161495538,-0.2963618436187748,2.1115063339343134,-1.8943628826413652,-0.6095632899370796,-0.45640589309286506,0.9378340639743644,0.0030439745866703617,-2.253419654732154,0.03834023381219364,-0.33594707679979835,-0.05383450031571236,0.5647214243701194,1.4035508641695678
-0.02465380256561531,-1.2042230330470123,1.8408980816600191,-0.9967536588932158,-0.5490584215540943,-0.6594851672762497,0.37489061546022395,0.08765011562309724,-0.3579664943757157,0.7321585958375597,0.7839182795637857,1.959237092883016,0.8383180168892288,-0.16762089624294463,-1.2000979272212082,0.8682552316959051,0.244919190438755
0.5397755552869096,1.1530188234612218,-0.5161163111836786,-2.144034534628315,0.4428169534508131,-0.3531957094837387,-2.3476127467808485,0.4699643321512916,0.5321617175764997,-0.2899994474222757,0.006586252141051629,0.34752974052199853,-0.10543511368433953,-1.1301665876036153,-1.0571753717922716,0.303401485655607,-0.2814228317240361
2.438715018246017,-1.51465635103771,-0.8359923893467953,-0.978713648231088,0.006766566033711912,1.1879357423086183,-0.8413039874195998,0.3712434221499641,0.0630199003887543,0.10388586736244475,0.050333692235562714,0.8592907126156091,-0.7387816394049902,-1.057676432908381,-0.5458753243141128,2.2416898282021003,0.5380647817390548
1.956302004026197,0.29760365451236953,0.8640254513219674,-0.23220595436087813,-1.9573957591368778,0.6774706379024039,-0.216470841206295,-1.239281965845325,0.7525553694747817,1.3881072871550055,0.9671036211567673,1.6989424060910372,1.6475554426118484,0.6660908966270862,-0.14027676348985854,0.6735489762950801,1.1968836009414554
1.6040193977479489,0.3088135335018649,-1.105157392706369,0.7604746760088817,0.1398025142806787,2.0654140308689826,1.2238685443223012,2.702525514353934,-0.0837013480066813,-1.6236112491351136,-0.17059145616420676,-1.0396406132118183,-0.2005473425404157,1.2440172060667363,-1.1272065620348282,-0.06363871422604697,1.3469231769755985
-1.3234861553405914,0.9688548277649515,1.0442217694497424,-0.4871370928090357,-0.77322788519559,-1.018965510488594,1.9317168517730645,1.277289106379585,0.5976195644002914,0.24248881319595708,-0.274303360632158,0.6078817241342696,0.5290748337513541,0.4495890351071369,-0.1982570149067196,0.8410964808247643,-0.6729433853000467
-0.7743347200984795,0.14513874501284443,2.5294707148751714,1.0943937994788084,-0.35911944795516904,0.5856493441618381,0.3681486468968748,0.06514776288368822,2.1989918882643282,0.7276652249648525,0.5130844420075552,0.38576677269939164,0.0076446348309112955,-0.10916039893476662,-0.4483575688006969,-0.8626041869621157,-0.7892305393446857
-1.5622724553566267,-1.1790042301254189,-0.8081120329259148,-0.2890871913423355,-0.25818113253424224,-0.2880859842630863,0.3308783509087006,0.44391224090831644,-0.5664231361368751,-0.8263923643998807,-0.7692900855315348,0.17940735314505044,-3.0185111173692727,-0.40674371886501365,0.7956422069082504,0.3077386680838551,0.5933863143380091
0.19744255522394766,-1.6135893678884046,-0.08004490763882298,2.253990011420834,0.411614768819411,-0.6779330250784393,-1.0494412525088073,0.6687027296073631,-1.431277570316105,-1.2132782048596236,0.02585343646575316,-0.1132610847936464,0.8148800981671797,1.6466625077632935,0.08462000515491452,0.7642447933404359,0.5250395448749571
-0.308704904860779,-1.073921473752538,0.5616853859589218,-1.7033076292699112,0.0033863286713487354,-1.3423098155845732,-1.8386368292033215,-1.734489687386703,-0.2649564366504055,-0.41357531926860136,-0.7602099225295771,-0.28447732182423086,0.2837281038504873,-0.925389606835171,0.20918318307535105,0.21703775646533235,-0.7899571249570654
-0.011934540857779409,1.7001004689729942,0.38864424649987755,0.1472859581286789,-0.6298010287469252,-0.501436949102727,-1.6965981546130662,0.9165803139899501,-0.9951615670671471,-1.0747942925245713,-1.914635272544365,-2.573157751797036,0.5695704289666033,0.09139391760164658,0.6865700616084486,-2.0296130328973656,-0.2547686595337613
0.08335580851167836,0.9270290288423243,1.3231733993776587,-1.3599657306122237,1.1647255024975962,1.0103859787266152,1.331235612355406,0.4548685001275805,1.3161118831150576,-0.9738031840664553,-0.30122843507920327,0.615844570920644,0.6144774942195317,-0.8456552970051301,-2.029699148005074,-0.43021368797677917,-1.1945670803855115
-0.2074538864790929,0.13899212880786893,-0.5538158789091246,0.09264668080204083,-2.275922214109572,0.3232164509595515,-0.6702919033255144,0.32848671377287775,0.869988668551277,1.0823705815821525,0.4537846640504981,0.3916419596681889,0.014659630140075772,-0.16876550415227026,-1.0142872268928596,1.07971342793234,0.4261048165551364
-1.1646496986705228,0.033492771622623194,0.37881932008637514,1.7650079551074707,-2.0493382883105773,1.3533080735688239,-0.025405152162825035,2.3313848367815897,-0.7116330830210671,0.8613160183881446,-1.0261288505967776,0.2969784846399672,0.01265722072383408,1.1128665739550245,0.930934010050774,0.17950511955925846,0.6769150577806738
-1.283821065630667,-2.3205142753275396,0.31120545490654156,0.18023696979254886,-0.7616484733850177,0.13539805798348897,0.051777905208145965,-0.2908583341293354,1.2792005270637683,-0.32072904588522255,-0.2552352821125673,1.4220145042011427,1.3602250429131668,-1.1495320181442163,-0.8863967721829685,-0.4621149685866698,0.6537925090810746
1.2652297478553902,1.5460244669431102,-2.473827796404182,-0.30609217338847744,2.0795993446520895,0.8194599691665627,-0.5010974020817437,-0.1548553470117379,-0.38582350742846827,-1.1956796551482491,0.5742348447957534,0.2598328378355679,-0.7587278928581779,0.20047207688414198,-0.8631597449219364,-0.06541093465830804,-0.2628415512918511
1.4562823417637716,-1.601669886865937,-1.1556640549248003,2.03205138301502,-0.8916423754607182,-0.44243100771693494,-0.8392657753283946,0.40409065205862343,-0.007422406662018557,-0.536163982810141,-0.5545627546831801,0.19043807453798423,-1.4960243181755388,-0.11161526952191156,-0.5462170316640617,0.25907298838812015,1.1379905849585503
-1.4473701263440464,-0.42384183268731984,0.3566453513903299,0.9662559165455961,-2.3405136723858684,-1.1210657827938908,-0.014882544231315855,-0.8978507459910445,-0.188844518107988,-1.536509365694582,-0.4525055591661654,1.2355693097967975,-0.22143439315086536,0.4465247367913486,0.7109077530308588,1.262915228727623,-0.7392341343933315
1.042771590664108,1.4913741790734454,0.9633400338422955,-1.46187563170225,-0.8363108803772805,0.14858980509703246,-0.28877934310645753,-0.8806260653024466,0.7465338710515889,0.7220639687015459,-0.8186489375751097,-0.33299273399425544,0.6758500270154197,-0.08540570124938551,-1.4621530529201208,-1.9230998830273693,-0.6090991758433439
1.3277776317824936,1.8727859811392837,0.24621902485509,-0.3704396588188553,1.0337874673333278,-1.3640603517641805,1.4723860867116283,1.580004427870495,-0.021458392729869474,-0.7214050825242383,-0.07008666860257151,-0.5376514005440963,-0.47274173121977797,0.07936896381973199,2.2838971262768464,-0.2600227550819537,-0.8649601032945747
-0.12586136695614125,-0.34382465583664734,-0.8099322210819331,-0.3573730178236411,0.6966427839735575,1.3376916229251232,-0.00675850936676239,2.3449915683468583,0.35121365307880004,-0.17000499153257034,-1.7337157263442422,0.42503933589229687,1.004812152024274,1.9755213598815275,0.3984864117548002,-0.2045772799484934,1.3328459700814022
1.5599296817747716,-0.41459454688272057,0.28228909311469186,-0.04523706199810584,1.4540618933297056,-0.9528009615592709,2.670001316524864,0.6254136834685269,1.3552341558123282,1.113152724541864,-0.8109913174926209,-0.34709965773707574,-1.086933925983167,0.2761356070029373,0.3950796484400203,-1.6664991359776071,-0.392499638963021
0.7380970619675177,1.6187278057394054,-0.5950650138504638,0.16601113561091332,1.5928791538968903,0.2118888689631091,1.0196878715448263,1.0418761465233217,0.24665660010528828,0.9275472597688974,0.3429490171109744,1.1443754578956702,-0.3673750277127516,-0.2154302335782035,1.1375967519718573,-0.7876879395386956,0.8579415049525149
-2.020795394616199,0.952270935650079,-0.8413141217308934,-0.05736348699995353,-1.9186047429041393,0.3502851370762245,0.32574706194632563,-1.594647227183953,-0.5901684196523972,0.17933011188127018,0.2967566549758266,0.4411363409373469,0.12294089574903666,0.4568988151857293,-0.34180717531205346,0.7212743079250414,-1.4239061332371812
1.2319218891741288,-1.4759104338919495,0.707739476989014,-0.02081710341271548,0.31499458620909115,1.9020736480725673,1.4383686994342237,0.6204729910742091,0.6917585701832675,-1.4463843792241742,-0.8079299549028137,-0.7040122338847784,-1.0832148747736274,2.9950713258277504,-0.8219655185724033,-0.9590916478698752,0.6876821817886126
-0.08090956524291901,-0.18201654649795584,-2.8454865688505446,-1.2184598601971295,1.1922002055887255,-1.3715869704315289,-1.2400065722294786,-1.525098522076813,-0.6404114944691566,1.328806139691465,-1.1792248678209465,0.2968502111904974,-1.233135270683634,0.1797231885575025,1.5921304128893718,-0.09463586794274643,0.26526987306602
1.1370894411772274,-0.8897378203453133,0.12250047172538815,-0.7954823265138333,-0.38260245140922877,-1.98691196917716,0.15807707025292514,1.1790919433157345,-0.6764201064619172,-1.3729052742671835,-0.2463446492942855,-1.2467802221053268,0.7756826466019877,0.9397077381050274,0.11079880175625724,0.23366417567508518,-1.4270766500106904
-0.7583806179531402,-2.157814402930621,0.9718365766556709,-0.520032761683209,1.0475060959389675,-0.06943905586978008,0.5509222706376133,0.8413795790827846,1.0534861710655796,-1.0665890202238881,0.10341074286763698,0.37298097226877125,0.23572353061287352,-0.01847599246208919,0.24382551194691007,-0.7234263181502721,-0.1891466138425373
-1.9784737049934795,-1.293903285690365,-0.736951458166692,-0.4835736810003087,-1.4539538093892936,-0.4192279627379204,0.3811935645299474,0.7743117897450082,-1.5702489287767545,-0.6656642614092502,0.8478643454021028,-1.3714689815356735,0.7941885626188561,1.5216442751382229,0.6947799737055461,0.07337506830121773,-0.588347816433703
2.1724465140714697,-1.3150555429233963,2.258406746344207,-0.4066183958491246,0.14200190648763053,-0.5217183713840606,-0.6609970796098005,0.10291744932300866,-0.08402164391602363,1.1639355570820453,-0.9960264719975135,0.6122248250264988,0.6360109062575008,0.05504716452587274,-0.2763729626844663,-1.0670425207559155,1.7512465755721145
-0.528373504560962,-1.3234718977021116,0.34566871892303735,1.6635513495114287,-0.3017354052510724,0.47539219650816616,0.6504795284934335,0.7857632067392261,-1.2363823764561124,-0.46399286738650825,0.1603354473834584,0.5275287085009478,1.1517297869964012,0.00349834199557631,-0.7736446145828706,-0.08378187516307595,1.2581265781079627
-0.10098277884036912,-0.39969863058176053,0.4085116314243044,0.920217044946554,-0.0721915088191625,0.04897962457840801,3.575699675588376,-0.684881370852336,-0.9212909989800171,0.43311008892906644,-0.08137578244026031,0.32274170439133804,-0.5435970812387557,-1.7585550436878157,-1.1727400091661118,-0.46185986240060545,-0.9481052615071598
-0.6331210135813158,-2.152201118395019,1.484125487370063,0.0970715670104902,-1.3202002048368202,1.57265778559675,-1.3607635615505749,0.7855062073083761,-1.5162781518799378,0.41477659481775087,0.46716349769319954,0.11854781482204667,-0.5300840881292186,0.1806847059560575,-1.3954506252728751,0.7286128124016378,0.9935815150356272
0.5052471732340327,2.3190531077743777,0.5320123054833698,0.22993261807595752,-0.36710876905351353,-0.7173791402422416,-0.18991710017041716,1.454459091264149,1.9164849494840386,0.5732085742623083,-0.24870409266981827,0.5360345824131979,-1.0892136032081308,0.9059218148568579,-1.5775520980543818,-0.655507645563382,0.6696046553444682
-0.4280740085724014,-0.13280662711084693,-0.7695442409541006,0.5876599546083602,-0.010427628028062217,1.95581331164115,-0.1876935507187077,-0.345960829313693,1.1938288593430657,3.153302550832377,0.2872268806423018,-0.8069655648327386,1.6488526249737008,0.8068456719061454,0.1821960485761723,-1.2231511322003055,0.5994579111802243
-0.17238938381782132,0.6531628681609618,-1.0302553564860344,0.042014019779258796,0.15394610236979708,-0.6517590269613049,0.013845313417720311,0.9906076713552538,-0.33663259428211095,-0.3708510694848189,-0.7921541733175733,-0.9303730489857169,0.3544287292158294,0.5946928805921345,-0.08729939551109613,-1.4381301750394138,0.5360346285743947
-0.09348288932958357,-2.2943832593136864,2.070975843595945,-0.19080447927063213,-0.28926277121148675,1.351882488231689,-0.733609486642138,0.7139477809141046,0.2506224335603449,0.27611938463983565,0.2688768551102733,0.8729696187331081,-0.5538070011178702,1.1331013054728503,-1.1057849228597025,-0.5136368898706742,1.8271947327101064
-0.5515330383790578,-1.320592410096546,-0.2938836477851038,0.4673562020284471,0.5756252621719751,-0.19910037403102085,1.2923348846857259,-1.742896185754217,-0.8548710500622363,-1.265658266327474,0.5791620256020281,-0.337459596648,0.4902469789105201,1.2031730377051768,-0.4759732983595127,0.803807430301288,-1.9009569286989836
-2.4045574373421275,0.8197681109706784,0.48463143894290817,-2.3265556942564034,0.35426361793874944,-2.7301819638167726,-1.4670515991340796,0.4173979430099727,0.8944949611721658,0.24942664576980791,0.14982163104719048,-1.0353056777093452,0.009005579087290822,1.3552069007872118,-0.1397050380926855,-0.6306206954118212,-1.632803851350688
1.5689685918858618,-1.1660173740131228,-0.5208163042936398,-0.052002038752670676,0.7531788299308892,0.5186843316921357,-0.4825642887995272,1.8218504956536,-0.924057344760176,0.952039209847028,0.347631538964034,-0.16171969161409788,0.8145580985278257,0.5453714883431787,1.3917811993864928,1.0906723848035944,1.4541652099228963
-0.514116978957657,-1.5888043153286744,0.946172359133332,-1.3730777320236214,-1.0717213824368703,0.7304346730524938,1.331181028264443,-0.5315284017409447,0.5198568035016465,0.8359775106014224,0.5664635483317461,-0.5034342746173093,-0.7991204534125006,1.6360211332515515,1.3590378004111854,-0.3591601106973089,-0.3365442028970938
-1.1580655576757273,-0.12482654313042875,-0.1829559971657954,-0.8106015342903371,-2.3701680273446732,0.40286025701603445,0.6842049127790875,-1.0514274634085958,-0.6968898060512952,1.5805998439365436,1.7664860775884026,-1.1063531608237331,-0.7875655468267969,0.27441888402000103,-0.31639797997038116,-1.4380025324200518,-1.0220375192755586
-1.4639132633953973,-2.4956451878754575,0.12534186575070083,0.2890425883423893,1.4312583045536396,0.6532972427389141,0.4387225900066434,1.6834659570428325,0.1796849127847006,-0.46259957801591506,0.11596044964903504,1.5095403288616476,0.05711203883050661,-0.03472236443908381,0.34231940674897027,0.3362667491559683,1.6301397412318333
0.8387395053280992,0.20604843310396256,-0.5298688985482986,-0.2381116141323428,1.2039125535562933,-0.603588821699645,0.8599247000051863,-1.7221709357227517,-0.0975576765317773,-0.4209610953136127,0.034110127035904665,-0.12852824406906058,0.20887429279916003,0.17688720640012134,-2.1952711937634137,2.2849553593904868,-1.1049886965552769
1.4980879114957157,-0.31119599574774276,-0.022886251463759968,0.5082999526286582,-0.6369335723466423,0.5658717323401955,-0.4768643277648673,-2.3655597087127114,0.8694517121573091,-1.34055095530346,-0.9642347586545387,0.9241463185748267,-0.3282703925590916,-0.415779003997351,1.6271603883417587,0.11716971968338273,0.4832859106298691
1.289868826557727,-1.3922423708452807,0.4226954827561071,0.4918578429220356,1.0919727483741681,-0.9919803594571159,-2.496191279917671,0.45218771835406013,-0.33363225172649363,-1.6701900102201177,-1.6082329466707934,-0.6939076026951113,1.1253886400133848,0.5952943473564384,0.848441531681277,-0.8244737469282196,0.8629044567024796
0.7192369157933941,-0.7143569400033203,2.0465348964260306,-0.8559273407074763,-0.8493841877927037,-0.15946704627143973,-0.2866179715258206,-1.1610985883090827,-0.45461862019925653,-0.916998878944111,0.3092901255681378,-0.2748794886423214,-0.6957954107546801,-0.9033059464122513,-1.2218223450551415,0.10044259358448783,-0.2661027218227889
-0.5300288900742764,0.2559329659017474,0.8130719445058152,-1.7744543460291866,2.0848303531376358,-1.4244610101183675,-0.2611798658335777,-0.2403142453226792,-0.5052195749915943,1.8774663457586733,-1.097260281880115,0.6775752986393139,0.8920832466779846,-0.27199050081437093,0.17986214250019827,-0.02147380527807234,0.8958991000958622
-1.3834909916906248,0.04948923023787352,0.027371879250361872,1.2103100504587405,-0.017790932151604957,-1.6073704667557445,1.2447260554190032,1.7195947091860486,0.09470649065713825,1.4051992702714553,0.8188007123671615,0.3928140423830094,1.1882034549529965,-0.8769376719462897,-1.0879121508115197,0.3658446090336861,-0.5375428596486915
0.3742184971998182,-0.6513576454336978,-0.11154597315155898,-0.8649723470549572,-2.632252286833126,0.6721460778561705,0.29947005611183436,0.7031324688686654,1.3819576775986264,-0.8511340429778566,1.5402137916379897,-0.3152640402772235,0.32207684135111886,0.32770700959562266,-1.1802306212118345,1.1943756833070192,-1.843879815941696
0.2277583898111426,-1.2998260223459275,-0.26968008084559486,-0.39559708233519203,0.22280731558766212,1.5201138959307838,0.07837784334948679,1.293045297112203,-0.6920463551859652,0.6171805766256182,1.410576085576348,1.3888836411021326,0.4571750520343024,1.7450531217449232,0.3835787907250043,0.0030326651361661542,2.351035740962985
-0.8682696586809144,-1.9288991280427175,1.8477419359896954,0.03235380490493147,0.7116665994510283,1.280106957072352,0.15299828064066248,-1.4913047688733077,0.9665577971618992,-0.2762700582183819,-0.17140320590021318,-1.1025378425457653,0.20846035367571542,1.2580286821453777,0.35804829702182767,-0.4678977202801154,-1.3359122388572189
0.9001343186699668,0.7329413191566467,0.09886017470373647,0.5862629177140879,0.12460722027470503,1.0219205796499358,0.26460652180984207,0.6871015772853256,0.0031921384459772215,1.4929513944999406,0.8747963540689756,-1.3442011521719421,-0.20001578268729883,1.7453237910915775,1.229090383817182,-0.4811420590634339,1.178287198125713
-0.21132356398567884,2.2466542060735994,0.21608835919518132,0.6923614794237282,1.3226475383178027,0.938875755587704,-0.09010360196049275,-0.7021391654712474,1.0798102282856479,-2.383592607282936,0.6609489916730806,-0.40824392926735287,1.0024054608796167,-0.7480815184799552,-1.3040632136484414,1.9139077831300744,-1.670408721492778
-0.1302959032675182,-0.03130541408919759,0.8557731681661993,0.9996214510828623,-0.33080776206795554,1.1472309579722912,-0.6044895447083007,0.49289421486787705,-0.9477543918325834,-0.1123005370935732,0.5137491770715158,-1.811663839657578,-0.06444667760980839,-1.4666399010794462,2.248574024480682,1.0946494440344103,2.4786463370540193
1.0830210974693577,0.362448576492745,-2.6315586661591364,-0.2440736502789673,0.11076073561736087,-0.031743524450816754,2.387106461940882,0.06586299298274034,-0.4569067546577475,-0.9180443614017466,-0.10128674679496304,-0.8755721782119404,0.26639366196557857,-0.6682395649522925,-1.3011121443689317,-1.1356790566944028,-0.8125821347818344
-0.6321341980497291,-2.0814942283155484,1.823073078673978,0.6074874252779955,0.347237031530098,-0.9561415003793181,0.32647092005210815,-0.07940771153010347,1.5737623409367594,-0.3102010123264846,0.20234225611871584,-0.0094432769876809,1.2831857406061524,-0.25778073866586193,0.9086420111412871,-1.5729842804739005,1.2234864761100106
-1.5746445914983396,0.2557665053439294,0.7775533584110194,0.025060853936666315,-1.188145272785215,0.5846597513940393,1.4840151856072876,0.1387897547433326,1.3566331902551867,0.5065908512021673,-0.36402113174400863,1.8350788054398524,-0.5874441677616312,-0.8159265413524734,0.4499986306868587,-0.8681449342390855,-0.2859446194864846
1.8857634056837331,-0.32898344664394186,1.3155508381802492,0.7661073735256678,0.3117100669780677,0.008847023310832446,-0.0746712649897381,0.6322188880073065,-0.817010164485846,-0.6164495383583103,-1.108992871546766,-0.2876302762493239,-0.9282418397574955,-1.2269760530523628,-1.8477531607772983,-0.4974093521580568,-0.8309199347000382
0.399922177875491,-0.7273779150917056,-1.3903745844862971,1.383993225255145,0.3076556848579166,-0.08760117056831107,-0.1495052764154478,0.1444945647949864,-0.07928318421266595,-0.3006955407172447,-2.778594037160884,-0.20596127149346763,1.512982537271004,0.896904198134053,0.4979362488053209,0.8479321658410401,0.0280667457290558
0.3111665651273786,-1.234196709712445,0.30314906969387856,-0.7524227075844644,0.8963842727293218,0.6325378083009784,-2.317158694596956,1.6089445599028025,1.33927616131629,0.9641507301869469,-0.011495992828766921,0.5963906102688811,0.41503336980447314,0.7561906775556708,0.4777126377529781,-2.3518781937309687,1.9796554543315696
-0.5181607201819638,0.7123498520880123,-1.3358733662290854,2.9936039243616217,-1.5999837594129322,-0.3126069826653614,-0.6532842043403037,0.5526557316341132,0.3353833138239321,-1.4620832468627418,-0.13946006501477692,-0.42176456014867936,0.21202194560175336,0.5513666444218679,0.5554053044033217,-1.427666284376431,0.2663096943596315
-0.5360623809202795,-0.2609865012517272,-0.17247907820599656,0.9696429772650511,-0.7111704548572588,-0.7666762018180131,-0.5392828670201123,0.5961892326821412,0.25780078267697915,1.0560698654569856,-3.282005615514617,0.2480484954963171,1.088208481250451,-0.6513947057833731,1.115174406477174,0.6940528828487612,1.866420660385247
1.3516698828284681,0.22407274356905177,0.5784520732425421,-1.492376136906306,-0.6243300662093068,0.3987381996013201,0.7530912835934699,1.0588155553245757,0.5264127825446501,0.7807484862178968,0.26770409921316807,-1.775641108899246,0.05076927342115312,-2.4231748227136336,0.5809631507677945,-0.414128054990646,1.3091007400134096
1.0613223948394934,-0.5925196919343848,-1.7982102715622534,0.785008573816369,0.7580366118491846,1.8877975869583181,-0.41690587633101134,0.6851815437536894,0.5361867650078528,0.7574456021418325,0.8117309607938183,-0.3119893774595932,0.3061489907231081,0.2881488207855113,2.5098307148577264,0.08997392932444792,1.1171347575563462
-0.7983914802056522,1.3626204228539698,-0.19580441623059266,0.4723729317709093,1.567108622570195,-0.47989686429688233,-0.7737141460272023,-0.2601945838637081,-0.6615167124339485,0.6431480345612022,1.713427129132174,2.1295820553286187,-0.4565089905678229,0.4023642470809831,0.08340370455857413,-1.5176342832091645,0.5484690934078347
-0.9705932610054482,-2.513535497451076,0.3296450827791562,-0.26344824776294806,0.06814844041583862,-1.2620203459876314,-0.5130237192143319,1.1646511560809092,1.131293377213325,0.032774328064897974,0.09173931927650378,0.20228590141791256,0.8346805208776976,-2.1373359727798764,1.3185582360335666,0.09125181034184499,1.6437089008849426
-0.2870658443257898,-0.2626223831185184,0.9069124554483174,1.1738976418117637,-0.501370130463697,-1.7689238271515608,1.0878800172110086,-2.042384862589976,1.3458556276652527,1.3345442621575616,-0.5755719127464722,-0.6379685946348752,-0.3748322044558652,1.8331595502828808,-1.3269721953817304,0.45132306396151145,-1.9024551137073031
-0.7383702467015667,-0.9253853652359607,0.35013854258073684,0.7134346733020195,-0.26252485527662617,1.5208235640751553,1.203205669717238,2.019311903642025,-0.12991277744336177,0.7796259113157952,0.3770275278991111,0.16913978281122194,0.9807787302012606,-0.6948168578679019,1.7016577189005304,-1.3654427719938236,1.6831284021608306
-0.6700724378031307,0.15561879066048628,-1.1596503477337128,-1.7061431785084074,-0.8300809357097984,0.44593303748296215,-0.7478953498413833,-0.13771686954704826,2.289819748206147,0.8062134844939057,-0.6542888168958706,1.616705464385012,-0.9644415828149405,0.9652686754507813,-1.202526508917288,-0.5171603801126499,0.516151005662872
-0.19190785037547142,-0.11870342974321614,-0.30746365487288085,-1.6665912720884257,-1.1472554465907965,1.4609846413156327,-0.5448641725521013,0.23570247711372483,0.05853030617454691,-0.02724594313198349,-0.4078356785247451,-1.0987056406275617,1.2491232975669486,1.290107489982218,-0.9801870056085642,-0.5304587541242725,0.6054052919750119
0.7740116303421641,-0.03791659856407608,-0.6939286618619445,-0.9255412471382238,-0.6785777432525235,2.7530570031863486,-0.2926954156734786,0.5430671766019799,-1.4525994565535378,-1.2160942291894503,-0.7191168026277879,-1.9884883320790399,-0.712944271747201,-0.5999900889687136,0.6361924526832454,-0.6280095713561176,1.1517583044649278
-1.9485900299031291,0.4286227281043427,0.8524236114070112,-1.0755399875278204,-0.00946290209770845,-1.6044148197779091,-0.7380461403350591,-0.14684987088236703,0.44054839630402,-0.927793872649534,1.318093902883555,0.9319051581909381,0.8034349823119455,1.3472726919336704,1.652410186624674,0.05532035305542628,0.0412835592504898
0.059455908863467244,2.272880033506086,1.2497644531812024,0.7307405091006888,-0.5065452974380578,-1.125544480755413,-1.1269734158887266,1.0592768414482776,0.6715112821598364,0.006603652460919364,-1.7427322491646458,1.2191874242256326,0.11223811853539604,0.39026389502050235,-0.14119489447480743,-0.0015156784915531982,0.6437594890484474
-0.060295636861511355,-1.3792721473430443,-0.74297133625066,0.5940484476962504,0.32219918719999835,1.7146800845539554,-1.8664014043826107,-0.9965399152434016,-0.09289702957135298,-1.5353364742119526,-0.5929292110548277,2.6026863855257716,0.6059567508684157,-0.12733225506400542,-0.24204390610469886,-1.4526628044265562,0.4101950445871898
-0.16063216550112236,0.9249301716515067,0.4954062496843067,0.5411263348534238,-1.2845388722859579,-1.1383055513280562,-0.7676282831977128,0.743348555615105,0.9328085592219867,-0.47502898708764646,-1.5298458795071717,1.764785560775386,-0.4972027430716814,0.7784239612712789,-0.8716029834715946,-0.4548314246757911,0.4969487309669446
0.14507928952336116,-0.1990780294034593,-1.686559859828673,1.4212419157559582,0.08167406585931625,0.2611446616930263,0.2647717121149772,1.6295247518456144,-1.7307162090799446,1.0117494504693623,0.07401594341057037,1.8575287111062408,2.1769746954902405,1.2883238446543661,-0.5342942526446568,0.6007328127426295,0.7730440460589149
-1.3041568622264719,-1.909792594650021,-0.5359792422646172,-0.328570775941937,0.25609748217549766,1.2956244794761147,-0.3061975861944233,-1.2236477221129674,-0.5235602956033739,-0.40060159057477107,0.6154197743362115,0.8001204851830427,-1.0725765616465612,0.6105701475039168,-0.8706735720941998,1.1501386164994811,-0.7681033493591116
1.26507363224586,-2.0097002430010047,0.8547932646880152,-1.8468189002560607,-0.05209846463976154,0.5630463484301597,-0.9753990126795784,-2.1864469931035915,-0.38273887083182906,0.04699396281747849,-1.8077573536488667,-0.39594574540052463,1.6843185636195825,0.3973919489450647,0.2928279637639358,0.5570749563207655,-0.0146187498022644
-0.020806290755277998,-0.7668169449748969,0.8185302290203909,0.9382246830722617,-0.061653833910318964,0.4752521198559282,0.08032919506530066,-0.5658984840467927,0.8994881444539131,-0.17415063480362877,-0.4062192593436551,-0.10807629819787345,-0.5472287979728252,-2.156362454628627,-1.1959613530034883,1.262778388662615,-0.595617112633899
-1.3513255345600717,1.3752338072314725,-0.3176734233463267,0.4779459909451327,2.1278350266012924,0.6024490735474243,1.126326506447746,-1.3914500126859444,-0.6132707234426653,-0.7910990241739081,0.11360786483168776,1.678041370358121,0.24862432101050447,-1.0790545193202363,-0.6549125013685114,0.20333928195524012,-1.4356433000399191
0.24671517346037838,-0.7282220329342389,1.5653347182861255,-1.1251590264987814,-0.65387168031311,1.0076020077090844,-0.45430076309541206,1.170115371637928,0.46094246010655743,1.6363374108369229,-0.6240460055698708,0.2796810646383086,-0.2360313357157705,-0.4762724676228459,-0.5322738965807253,0.4891166054765741,1.276430549275198
2.5931621963468956,0.9619095239297928,0.5299095295927571,1.8241185899220225,-1.0425272757535837,-1.6054464644184165,0.10637129010523913,-1.1004027484070413,-0.1450302587599286,0.31106592403318617,1.2910103180351913,-0.16796637875646162,-1.5363585931414845,2.0557311026012055,0.7386050366722022,-0.1698165474346019,0.794038454282013
0.3073995461316949,-0.792605912218952,-1.776399557974898,-0.4601753788325848,-0.7534947910588039,-0.26661024228530106,-0.611364658734171,0.13981525987244245,-0.4817460850374548,-1.0936839416503044,1.1144508385160026,-0.5375537148117261,0.2744742475272474,-0.6901903073716201,0.5510771471180475,0.1735080570685704,0.6083619300103706
-2.8114476615397996,0.6292716460695794,0.11056038330980955,-0.12509809891279036,0.6028671560311503,-0.012597721355976076,-0.8560294300878426,0.991697098881239,-0.3932136105366399,-1.3099817577680353,1.8012185204262054,0.07978078412439904,1.4468044197012875,0.16422380383819804,0.34626794307653386,1.4078564254913322,0.190499318511445
-1.148069367112627,-1.386001409938256,-0.4014477121971417,-1.3520984403366987,0.4726891304411459,-0.3116370392705889,0.9529709464764619,1.8697589707948998,0.4225889749830608,-0.4243425998650558,1.1308274142669268,-1.1122378325041722,-0.5055274526218221,-0.11228228116966821,0.33332773965853696,1.5186837129359096,-0.2440148145769269
0.6545625138052925,0.9017766508190929,0.4282973152278451,-1.6849751415806171,2.3100083810917287,-0.011604656241019948,0.4619269309078933,1.160299855865297,-0.1333618418944134,0.5586236359540206,0.8845612070324432,1.5432976655734636,0.9323692272669803,-0.29268846858771125,-0.8824992601139588,-0.5100538496869225,1.55162577430782
0.027531629492288257,0.2833351191149798,-0.1925827601615268,1.0642133195662469,-0.9820133592981523,1.7123533220981826,0.2701124783446041,0.29020389823250203,1.0790121371628754,0.2651890915896191,0.21243145033755378,-0.31229302682148385,1.1617512803336094,0.5113368157212037,-0.7380274828517479,1.5747590783999164,-0.3909425286492667
0.580545007945692,0.17114125851486062,1.2463373539995266,-0.9628114987320263,-1.9883911310506106,0.3751397095044747,0.8909279037954976,0.7978125720202461,-1.3007030348666797,0.027874377267577473,-0.7400315728812852,-1.586146240405492,0.3097679671636421,-1.4719900271826176,0.41879426192620883,-0.8209324647273942,-0.0207750976352158
-0.2308780947530012,-0.7902414831697983,-0.48117010095043733,0.5066066119354317,-1.0198908939404912,-0.5666896315221321,-0.10218584120206384,-1.5895363155045952,-1.2599047994452324,0.8660499292322043,-0.5582085929560339,1.5256369084631352,0.6389169195990574,0.29388138019588345,-0.1875378086930642,0.6355901330222481,-0.2170858749629468
0.04376728212265088,0.7919912588090889,-0.45003967002578543,0.9895599791539554,1.3999016723134106,-1.4920428948358329,0.8895059201729297,-1.7410870526395665,0.70500266900081,2.2408904616306113,-0.914044416446295,1.0883752440752643,-0.9724260732988407,0.38805612102622833,-0.37042307169639926,1.4873420593428395,-0.2279313591640065
0.5905858334168569,-0.39449454306723347,-1.1181747590249072,0.7613541118868281,0.10332358152899239,-0.8995630499891125,-0.06820911346646784,-1.7006381413778908,1.0107040642464915,0.29493946104449514,-1.8433081276207346,0.6953256738103953,0.9747987182260378,-0.8412571551139433,0.059190138292758473,-0.03399183576633029,0.3389982568824352
-1.5274108429144253,0.7471468757875912,0.7969367669005973,-0.8297627337043944,0.22189872087969412,1.1106626546369551,1.090006974050603,-0.43556359077999074,-0.40280637821626936,-1.1240616983112293,0.06236089349996407,0.11393833828232222,-0.5558451991435802,-0.015657294483581354,0.8960646305690748,-0.18420189312785568,-1.4031296038540029
0.9364280262195221,-0.7238652185971916,-1.5138706168952556,-1.5757406451247706,0.6343882108418007,0.024973593131603064,0.7036577275378888,0.3493095596238381,0.9898780330916058,1.885099954244194,0.7323866733066502,1.2836041036692447,-0.4414595831009759,-0.3953479719784267,0.7252438987841325,0.891485680766605,0.3589292942309077
-0.45834916619089083,1.6448344072725285,-2.182691045678606,-0.1267743043440057,-1.2210966927188853,-0.054034084874366776,-0.2888623214991063,-1.524394585491351,0.3636352896891219,-1.6721753059910942,-0.6258456855330196,-0.8523366308460871,0.01707187518167715,-0.14022842502753344,0.8292973713396831,0.2534004089460886,-1.2746613672860725
0.7368921470941815,0.17335392114518963,0.6836020936254736,-0.6496974802173516,0.6872750427772544,-1.6413030583162185,1.3687895737475633,-2.1920732303043953,-0.6644058035000954,1.4827887522025902,0.20449945880021544,-0.04293200160783972,-0.24248802582152026,0.362775901110569,0.15604646941855915,-0.5185151650421271,-0.7357036930290095
-1.165560759028845,-0.8501694027317207,-1.6129426431489788,-1.0282256825493534,1.0106773846542083,0.08428997300871319,-1.4344879710166394,1.519060094270335,-0.680364140709581,-0.614829177892021,-0.5505844828883181,0.7149301805650214,0.026135574603196772,-0.24132985740819277,0.230951860867601,1.8060357252204167,-0.6909117205429723
-0.4359317261021669,0.5374848314753493,-1.3634030981632084,1.6109836090007208,-0.1586581752785469,-0.665479282870529,1.0817700673202664,-0.013803650458074449,0.675212122570497,-0.5385739594573211,1.436517354136222,0.011271280762105944,1.4247136895279702,0.45367317477221963,0.8952307144634228,-0.1424022080452618,-1.120735433763136
-0.38843546028528325,-1.0750904873821818,-0.7192075279493573,0.5306571830066922,-0.9812943838349889,0.8163453249608486,0.4884814404651698,0.09602901025541229,-1.6619336874718804,0.622027053221949,2.0958973872205955,0.1655110774073452,-0.026141804321482075,0.07314692752737678,0.997109265225993,0.14536990416244158,1.4216010537365424
-0.04822558416607918,1.6846854028253744,-0.14668504629122955,1.74555930102859,-0.7247644063919245,0.580573839559463,-0.5486036153353225,1.755412371448879,1.4510871401051302,1.5425611506297439,0.14600419850562718,-0.7182222376824831,1.2458151379057585,-0.8052605719547896,0.4839225615790059,-1.5340491734878694,1.05709869204352
0.9095524485764258,-0.9175209060799879,1.5591990538443632,0.4282631510015155,-0.05274472205593325,-1.339983188108087,0.10861141575893124,1.046210420858347,-0.5599344246746473,-0.5617057096603754,-0.37995734675082615,2.096145885659445,-0.33866463196330504,-0.936790619709397,1.1581043288114015,1.516488964954474,0.4855182683915623
0.5126177297457019,-0.22493141500415156,1.5575056248919912,0.8883409190744621,1.5352205018600134,0.862393796994236,1.9783068723998938,-0.7661685120330272,-0.18567952948839117,0.9244302748413329,2.700031126788354,-0.3970499293348516,0.2504482314649029,0.11744822832516118,0.7119005355895183,-0.12707794259048572,1.195382712488813
-1.1846567258163292,1.887605268142661,1.8147945720215328,-1.7901871283459405,-0.34653275623720825,0.8517362459087319,0.27229775969367764,0.24164611114637488,-2.2217651053002094,-0.17007329244485397,-0.2671384076571562,0.4436891642800471,0.543615190950642,0.890190639739002,1.1453916481321842,1.4402908738349682,1.3065611134494124
0.37523543778671226,0.20555189568842028,0.44015689653809975,0.44753212243111423,-0.15750230149814443,0.7467288831116605,-4.209476954245879,-0.10364529075319137,0.6232789338287614,0.24532362832395432,-0.25473203710673037,-0.8156534920259071,-1.5853854100488043,-1.2375594413523527,-1.1850157830865389,-0.6897328122744217,1.0496321480469717
-2.0000498313627504,-0.16486075836607963,-1.2690013110964606,0.7971768981767945,-0.2861670565821449,-0.95734132320674,0.9876077562930631,0.7168690855819163,-0.469336963788876,0.5462204393313674,-0.6138231772150115,1.3994123964539866,-0.38511802642163695,-0.7134833204611927,-0.8978929623407756,-0.25087437864097806,-0.6942230533663295
-1.1159010572635313,-2.206168707718179,-0.27010852274486985,-0.3269516942634227,1.8118911471445203,0.3925307496394191,0.15971118166399617,0.16892187661413569,-2.426554685797867,1.1476453546771814,-1.1031794788977518,-0.5644174783318385,1.1197148266285553,0.7168128369565211,0.6702833281973023,-0.530608631531169,1.202728558475151
1.362567041665272,-0.5106062147464107,0.9448532606994553,0.5324726566000956,0.904604467446813,-1.0720166608375683,0.7004050153429706,0.9423958351546106,1.0348757796679708,-0.27289162298574166,0.2441259401144118,0.5524183558622859,-1.0519414432402534,-0.44051712996760095,0.7158666893412308,1.114357424329745,1.337166944762701
-1.2010922238455355,0.07207954009235772,1.4958306313042178,-0.9138951112761498,-0.7647438294745256,0.7002741766121741,0.6160270110867195,-1.0286675794447495,-0.8065457696929338,-0.5253074423363576,0.6941176070581426,-0.42427616794534667,0.6377288581407234,-1.3941253848736972,0.07288365510335103,0.6364389882479746,-1.7402206178145494
-0.12652126492862822,0.030342396695136595,0.40298823526238853,0.42617663122766675,-1.4421243724321584,0.2823755679427771,-1.6324989467558688,0.5632114672385093,1.5928262884449946,1.1232280269640202,0.0092056977404336,-0.8537304647731745,0.21144613829420242,-0.594688754167707,1.9017430475987445,0.7185316884460109,1.439570884706898
-2.0554543688314517,0.6555264890059974,-0.1338014022552646,-0.13523223860802125,0.07871851007905634,0.5365031784429863,-0.2717957085781152,0.16062503938263642,0.5805390325873528,0.09920098450427133,0.03552141865378895,-0.7703504500927124,1.2584846844603366,-0.960543547437744,-0.7482342129749109,-0.7316581818675831,-1.262761379422617
1.5536420909467337,1.0301587927366846,0.21050098203214193,0.37426713557864677,-1.4818638799071469,-0.6857146081314314,1.86412045300347,-1.7519160047986535,-0.43173298181338454,-0.10682226409333173,0.2701941182554981,0.6982669462574185,0.5660427777983645,0.11905244332303333,-1.168891483061157,-0.4923567595248827,-2.0719776076748535
2.206983023580329,-0.4742908443374466,-0.055754098308486974,-2.5008212549337125,0.8665541414599601,-0.2300646764330347,-0.6385683438181965,-0.08718823967479503,1.1333316055383602,0.9254744411417014,1.0766365485597067,-0.15906389024885398,1.4978742619865566,-0.11591010861305513,0.7313610917716288,-0.08831643440131264,-1.0604672908502828
-1.0830715444383359,-1.0940843410267493,0.6106984070991002,-2.2288741347564467,1.194997488015696,-0.24995102013213552,0.8755849476803217,-0.43716576028779824,0.48573875012397555,-0.7122177194394886,-0.6558926057854629,-1.6204407084765717,-1.517454841623562,-0.7460374158230288,1.2084920063212579,-1.2613593518260984,0.1510425772663543
0.7992164260022446,0.14570592265689375,-0.1620429640728524,-0.24704696624929176,2.2036460375245404,0.7202001544278833,2.8623641914733424,-0.49695568114670957,2.2968336333399653,0.38741479972506193,0.23901024012878766,0.9110431651448081,-1.3871667066330784,0.2639795675775718,-0.3679115269008563,-0.91937155344893,-1.469455028359408
0.26610908943367606,-0.1803251568669006,0.39378097895235936,-1.3924548929361895,2.055762247180514,-0.41203753631698536,0.7404940816820816,-0.4066828970531862,0.190445565348632,1.1595750167179815,-0.2710339747071136,-0.31969637089715575,-0.4501957355618657,-0.07085616935379933,-1.5649465203715973,0.7543803421059077,-1.0056446830527808
1.5673471527316736,0.4011368667174207,-0.674544925827804,0.7490786200185475,0.7052820379086718,0.1851191847255417,-0.1265400239576498,0.09619772545076567,-0.6954884981459982,-0.9523249092805853,-1.6839331510656772,-0.41622159554819316,0.6642053619994686,0.017824771858734535,0.11757552238186618,0.7445937700180318,0.4340039252983006
0.5982462880633089,-0.08560537454313372,-1.0430706620889714,-0.23177320609406965,1.70818371456653,2.083882530599616,0.4783332106691595,-0.38079541575155224,0.1723245282649582,0.1682787636463829,-0.9078012365022158,-0.49313617451789493,1.2428775810418722,-1.030783589315646,0.2207113120038748,0.8591346463652765,-0.1347270742738538
0.3093901709757811,-0.5510921626568764,-0.7273012655371232,1.144274673969892,-0.3055047450645357,1.371898355120671,0.023024640101917914,0.5332432055112036,1.5962433841801225,-0.1583212950810214,-0.9737243824433668,-2.1812235679455454,1.171872218503453,2.1743215802593987,-0.449945526345122,0.7231817801872932,-0.3749174913512497
-1.3668949627812874,-1.3453547107996584,0.047751530193832575,-0.6972466369743465,-1.0092681380009592,1.0548273646808153,1.0787303176247094,-0.39362436589821254,0.559769162376676,2.318191699677884,-0.9064388039081411,-0.40571431787764567,-1.2184131578240076,0.36963081775075773,0.6651449401195579,0.2602648846138036,0.1105123100742031
-1.5871746076688447,-1.0293613363898524,0.8336885933326031,-0.2313797323652012,1.3300209793160893,0.55872535045028,0.42825777834867856,-0.31877815444234864,1.3795463481922519,-0.3215706173520431,1.1908977094878208,0.41837198402405484,0.9033707101945608,-1.040023631320536,1.4592232828943488,-1.6022289729252603,0.5610253238385504
-0.02577572482856921,-0.3841480274639227,2.099898339792341,-0.17528431155685756,-1.931589470639413,-1.0231561931733388,-2.2513911891466685,0.712660337338385,-0.19183817236753672,1.3976472452486584,0.33889237108102044,1.088854540517544,0.603859969862255,1.87869414514125,0.054812820247730355,-0.3122635297114906,1.6407723843187574
1.583628950782369,0.4794528536522593,1.133982975702241,-0.7165060569171212,-0.2758652922252812,0.8846472805262164,0.21543677281499526,-1.5097983306171414,1.5828898312421071,0.7381423582922426,-0.5059829334887672,0.17008210659509795,-0.17180785582129252,0.1602471548550545,0.23360328753466877,2.329066923697098,0.0144596926388767
0.8815915230140536,-0.30318121623790384,0.36095571671735205,-1.0380838955828882,0.5528738242226867,-0.34750130863342377,0.2037556593240518,-0.27120596268049624,-0.44994364687447613,1.4961836560572646,-1.3276398394855413,-0.6465064453189594,-0.5454311301052395,0.5288220375624624,0.1291610108619228,0.05467644401191601,0.5492760944442597
0.8446006266218509,-0.6601242068991687,-0.00895573049571645,0.11233456306492035,0.7035309810359454,0.0821683829155349,2.6259262185620695,0.038748479128131605,-0.3875201740683273,0.7396391391453288,-0.8578285888717051,1.4384840926045601,0.5924467814233264,-1.3401125785089485,-0.3733032477001771,0.5831647882439207,0.6964514810852154
-2.232112190259957,0.611053903172564,0.7456929197814001,0.1442385091274894,-1.3599313353786233,-0.8936954305257283,0.9005720018935301,0.22670074442969032,0.427099242379877,-0.07535161918793876,0.7044439123250023,1.0630672058730797,1.0705145084262107,1.5708411466888907,-1.722910678287907,-0.17561264336576612,-1.3590865058938275
-0.10013647720240731,-1.5456158700554823,-2.093447792865328,-0.5899052678960138,-0.24654642225809215,0.7721045208232523,0.6798064031460073,0.4544207367628181,1.719159265476745,-1.5069667878118351,0.8031847810760253,0.8407387806117198,-0.24217931602346207,0.9267879077309059,-0.831641281574418,-0.9633571127720265,-1.3769652722832608
-1.2786638857712918,1.134997278313126,0.9204684609630771,0.46055640667459014,-2.789220705367823,-1.3263711836059138,1.108210926432817,-0.21514294995902777,0.1305141325190475,-0.5459674796251907,-0.5011594927636279,0.4487554016440605,1.0324247727229643,0.5018599249673034,0.6727999337802254,-0.12152052783144955,-0.0529365237132483
-0.8933178059437042,0.9547267561480107,-0.11563527992523784,-2.3626612543620986,0.920359081310279,0.9228479857626859,0.20584513222089995,-0.9607025339596109,-1.5816402026645784,0.30135143330599395,1.2124638905250906,-1.03450809680953,0.8837655720027509,0.297827992870621,0.8155404675352692,-1.194503864606256,-0.8988029134830414
-1.619452502699736,1.4584465440452972,1.3598267903647094,-0.762803892952889,-0.7431446732137605,0.7808632479747422,-0.5157811765206746,2.162620338092974,1.086679214914955,-0.11249623822155558,-0.26333752190192666,-0.45045191970523973,-2.1561801997752146,0.36409017074080646,-0.8141085623639883,0.34914580826862573,-0.0645761570988959
0.34666828589857657,-1.9365728408508596,1.1047238489345759,0.05594480664107328,-1.889214667229224,0.30395117509863456,-1.5964626738149141,-1.0212647474776948,0.10247164762472492,1.9771940710872473,0.9135206081966077,0.9273650758150538,-0.4820521930802825,0.5409855071348354,1.6418876309468597,-1.1793237862870314,1.5151019396104424
1.2973250206906148,0.7922817039080748,0.7827065237930398,0.20351289326482747,0.744793075897239,0.0710267698689679,-0.48149645241263517,-1.2691085037233174,1.6360621112205533,-0.6183719792282196,-0.11992663322670083,-0.7773130931567908,-0.8754853815974758,1.4194411447125226,0.3928980826417931,0.7962914763339634,0.3123592358829309
-0.9228604138546005,-0.27409533136379105,2.614889581121426,0.6119960026619575,-0.3630890950766624,-0.7965767982017112,-0.29516771894924615,-0.26293102039952204,-0.7166129011908953,-3.715287011851,0.7377931686629811,0.7201000715063322,0.33749895218308673,0.05759582115090526,0.10123424201134817,-0.7758026439790666,-0.4352129479508819
-0.010700390954607675,-0.8886155451003029,0.5787701568261993,0.7275611369071444,0.16210061597365544,1.46899426059246,1.259450440751332,0.7548497974182509,-0.5375275700187666,0.36963213624141567,1.78445944243191,-1.04359443804952,1.0437566819958524,-0.7252978932128537,0.07127666953151347,-0.47101019665391547,0.4887772682389945
0.29453463849162137,1.3542413685916763,-1.3522896211328244,-0.686300934299352,0.10523496082303409,0.38369269359577685,0.680323980501403,1.0476779068200346,1.260951105656562,-1.22427112917165,-0.9405175991887363,1.1922525103521295,0.7579710296747744,0.397636779217095,0.1505579396617411,-1.8250522872672796,-0.6440072561435557
-0.33872339104017407,0.542283400306095,-0.8606087647010988,-0.3853314956920179,0.7245051204938993,0.8080045491336302,1.0682092332642328,2.2162210107430713,0.8319507733523719,0.43893297534474335,0.4519188022441744,-0.7259276232167948,-0.4183014826276198,-0.9097750113974948,-1.2481058777162033,-0.4287666191383995,-0.2748586191945356
-1.4286126084912056,-0.1439104667207609,0.24171447688343675,1.0498651515825241,0.38833866160132385,1.7687043801624867,0.582458743526422,-0.1610898300311768,1.2895140592745944,-1.1671453085678185,-1.177929034912846,-0.36175569639857275,-0.5307507946102681,-0.9953892591986948,0.28733213753797104,-1.8554836545817748,0.4272660355119253
-1.2916856680605426,1.301928688698173,-0.3340030575180357,1.0222755727781634,-0.26394466703485214,1.578697574178748,-0.8631311526264323,-2.113321631479227,-1.164351658561181,0.9902217196780071,-1.2234019902857558,0.8067780344287169,-0.8548526200203759,-1.0002136965301578,1.6741074796507192,0.9408617670181562,0.2110165607169968
-0.6785683395574469,-1.2027006756661989,0.03643782224682494,-0.04052813337739188,0.4131698872997474,1.6860966331428284,0.2241326405552561,-0.9564621040379938,-1.2251010509911164,-1.7963884154914873,0.13944042109582183,1.2977945772819541,0.6358840422755029,-1.0932669633817935,1.289578520103967,-1.1331381243953045,1.873093605049824
-0.20488903225156377,1.8216391994035053,2.2157892801312076,-0.8969841114848026,-0.8782518651093477,0.6856107014861381,0.8833367468812452,0.7866212333509468,-0.1626229143304801,-2.1700421096439357,0.5639208935511704,1.4759788473085078,0.002653106666940361,0.16639094268212393,-0.24210917708545157,-0.08184384503720978,-0.3337537338734218
-0.020892267464213948,0.7935261552039277,-1.7465408055884728,1.06439092175459,-0.02227588935527743,0.7660131625209452,0.4914226311038443,0.9763496470285766,0.37563465700740795,0.14194878206184255,-0.4061327189740907,-0.16761446424175552,-1.4259588101347205,0.3563977387390908,-1.7412291026179358,-0.8797863890704724,-0.813482385586267
-1.062119117558338,0.4581253176499881,-0.6629374219737397,0.2787158054736169,1.7216891589240293,0.5691162133420666,-0.06588079448782423,0.343161866656933,2.8867594244926593,0.7590833022153586,-0.17877884340190076,-1.0700183216991446,-0.6474563733513733,0.13213642174977747,-0.024821171347223305,0.09581433712601443,-0.1807268429872079
-1.3267713928483824,-0.20379912423319366,-0.1814376655564115,-1.387193192844146,0.008978357332813026,0.40592825386859305,1.1607426505073002,-0.3949881522644341,-0.8884390354193722,1.7961600768923882,0.19621760886327616,2.2048070112114484,-0.4581684460617051,-0.5564300251400537,0.5048406810869582,0.8494444286534715,0.5528255966607462
-0.29711416409940056,-0.6820659437245342,2.8645470370885953,1.0959591323834261,1.2564758105937686,-1.4760790823259142,1.3732200845491522,1.3577307760965867,0.559385673602134,-0.3546027266464306,-0.25157022650144023,-0.7857973155944559,0.3067487908625847,-1.1706900996380674,0.8271741843367716,0.07323275188824237,-0.1805471640847561
-0.2944900958540972,-0.7914800996262806,1.115761929857335,1.3236429129158573,-0.5650809919225399,0.3969908208285305,-1.2176319511009979,-0.3937522364468039,1.7945931904518706,-1.8580276508704552,-0.5109095556246396,0.002365786974369328,0.40245501479404355,-0.8142726113646317,0.5413866458686741,0.900326113304483,1.4190968466143996
2.281924099638377,0.6555505002297378,-0.982530270134988,1.359833724985464,-0.8617919381529213,-0.6212483479434535,-0.7308236678745609,0.7993778742179087,-0.6275452500066605,0.7986332644413677,1.2779819412056321,-1.0057628214098229,-0.7331107601493365,-0.6381885590452153,0.07295089134172951,-1.376639385357114,0.3844484048708799
-0.6360736760874247,-1.6577863955611267,-1.923522494749242,1.3063927181546182,-0.2557317162223041,-0.8550333575574386,0.10058912915202124,-1.1101862708923163,-0.3981256297336829,-0.3848218836044763,-2.1883491076929773,-0.26287181639279383,0.1654358503085948,-0.1339322535570078,-1.5430494095477114,0.15449994289377672,-0.3734979255816441
-1.6727492691527084,0.39399179706200166,0.14134976163547783,1.1390933141916129,0.37976875061179777,0.12428807212695549,-0.7974593217028706,1.5104316607354002,-0.4321634395701436,0.7012618516407353,-1.5722064145651802,0.551400036337991,-0.04080190057470527,0.1279615754213712,0.15868224611531273,-1.1530788201705253,-0.5814897186484813
-0.8164170220806041,0.408019105794495,-0.46287165010184844,-0.04953197614597154,-0.2250346873218838,1.5409814962591621,0.8829452676257245,1.5412873580191164,-0.07010582421481563,-0.12685370843961874,0.8620313501514396,1.0696220841405246,-0.1434068734073632,0.44628184390288544,1.209226263184545,-0.5166091331751475,0.1860180973149021
0.8872138511169173,0.13163216316458048,1.3941419516186133,-2.0560663550902363,0.23174967246090528,1.3408881016765721,1.8550330446854764,0.700617848879135,0.2768063703457292,-1.1607446570032591,0.31497767460749576,0.1462149109866957,1.0653213764867377,0.2091390454509521,-0.7872230617546291,0.9397181737441436,0.047875373951367
0.16210407541502467,1.3880403106056873,-1.3926425079363427,-1.1656785085830068,-1.320105842106494,-0.10178922562992515,1.1332535314520509,-0.36862981183707383,0.5324307489636019,-1.037445325067169,-1.364385207197714,0.02930659643040821,0.010175507523552925,0.33994298050913224,1.3824254308652446,0.6694246549200994,-1.5074650433190104
-0.28590003045254797,-0.4054887620577491,-0.2211121600065393,-1.472963172766632,0.14468655742665323,-0.483732779290282,1.3053248456402424,-0.5142233439457652,0.053693176053436965,-0.18751295379550126,-3.612973941242392,2.299987426660435,-0.6932005520344157,0.08289201856099761,-1.1484028693126005,-1.0523750393068472,-1.4486479013485192
0.09224506948611566,1.9517597839988987,0.2576378825302534,1.0123226862520316,-0.42287261461435527,0.9400222538680028,-0.9629776439750931,0.36870769383871543,-1.1324741110579202,0.012966753119998233,1.570258622954215,0.6203896738959542,0.3794757450898333,0.7331529163034083,-0.021767803197136008,0.8148967815511042,-0.1039873778096041
3.1455131894804245,-1.4612966125524127,-0.7800026719545444,0.2266021750104924,-0.5370857303333493,-0.21262192366930663,0.16004196928483533,1.4719066933356075,0.2728625922266347,-1.1436120127830876,0.19030039196735168,-0.05486598383508809,0.6981224893079504,2.0537004312254665,0.28804250930985953,0.0985565526050084,1.5272157562124506
2.1987957809730614,-1.1044378058064308,-1.6669382012705085,0.4938365859083373,0.941969604877979,0.7706455052458806,0.05864330963903097,0.09203916320525873,0.35051275133783244,0.9310047479427532,-0.22834182827402708,-0.3256923642686367,-0.6453614418088722,-0.4692410140971697,-0.17862171594479676,0.25273687481884666,-0.1657242623259366
0.5493658798123664,-1.0067490578198497,-0.9620835126561278,-0.840122586070057,-0.5767667077105341,-2.6516462066153177,1.2004045105880174,0.7386239033406015,0.8799154888695647,1.524123827362946,-0.58658618573079,0.7160313257382582,-0.28391478908511486,0.7873500724568202,-0.17150920870352618,-0.7773647557633945,-0.1205656113616295
1.4228556908570584,0.6698110127639499,-0.6972138603722382,-0.6274524689060723,0.8294167457733368,-1.223043309667152,0.9207048689379123,-0.7835418550711939,-0.18132946042110676,-0.8194354173429681,-0.12432371159129138,1.7661811904729479,-0.4004247188606407,-0.18949372645444082,-0.5920502037590969,-0.28476686801227363,-0.7937071733417005
-0.7421946118917613,-0.9946456933165588,1.3317021900668375,1.3931882896915508,-1.4447866844026136,0.33354004338918397,-1.7396662913957834,1.47946536862624,-0.8023242927305717,0.9925227215799767,0.49779105101585874,0.718897920928203,-0.3221897709894312,-0.5256149100896402,0.2674038421911202,-0.6643719650192047,0.2204244009677579
0.21950542172085483,1.104833280938427,1.361468097219853,-0.38116239971012056,-0.07846035318588106,1.8984192301530207,-1.9594309416068185,0.37002655065690593,-1.044874520699281,0.8623493978488472,-0.21637638642230397,-0.6682086340728356,0.515832147486252,0.11227489944146313,1.1059200981528674,-0.03630188698302296,1.6175163280291216
0.6532261795930812,0.04073810096474166,-0.9599769483024018,0.8703248003850957,1.4826772673698057,0.4136491786428263,-0.0055886065173036915,1.6447833522798143,-1.6070090910035797,2.6338767199390847,0.3276421149366276,0.48070914053159164,0.6167572297091289,0.9883870298949246,-1.2838389367559104,0.29154887481409153,1.7447541948404366
1.5122013271041381,-1.8692229304198502,0.36226915812085975,1.6825070904619122,-0.7027003130060346,0.2685365977190763,-1.579230638956796,-0.02836125169825052,0.2041260031886636,0.40606198611877325,-1.0378838179193215,0.36679396630445243,0.6603906074482123,0.46185909165336825,-1.7969833983831298,-0.8944593883914597,1.5497504219444749
0.3256987292929924,-0.13361251715899916,-0.09878047445668936,1.3488429209413817,-0.7639809928896292,-1.1988317570520997,0.2182932166968587,1.3422866116050816,-0.7740250459692545,-0.28644761978834626,-1.1165350246599226,1.8780669031947774,0.5990503466898337,-1.9517665137166962,-0.7245752422065943,-0.1225832455485675,1.8146381878825033
0.011494835809406634,1.6039134730597884,-1.1867259830707955,1.1190002824799108,0.9165348234666152,-0.377070793073327,-0.8120558996745108,-0.07578374951628152,-0.3136460531683827,0.2743951219334473,-0.22248578083653173,1.89391625658913,0.48931347133520214,0.36230957845456624,1.4405008042300347,-0.008505694929731848,0.595668102960952
-1.531731428758304,-1.9342764222736626,-0.37182413552340715,0.12944227788126936,0.4592097070335912,-0.12949492738479337,-1.3373071494278714,-1.2622469657242494,0.2060219298068072,-0.7667845911022785,1.0709687677746036,-1.7543081598053256,-0.3953048999948918,2.0761265019848754,-0.1803745316107864,-0.985174469019855,-0.944340607796676
0.18428805192622727,-0.9174701133023665,-0.368055601110369,-0.46047683135591655,0.10741118183901015,0.597997977135479,0.5198404493913331,-1.7363258632146752,0.5103574633183519,-1.2058066117193873,0.3768818717432464,-1.1891207072497871,-1.6196969897016882,-1.0390646966894492,-0.5319435147742602,-1.2401083210015595,-1.4795306749162938
-1.1495235715633636,-0.4014832981557883,-1.5790882832991018,-0.5715696590896095,-0.05958105125078947,0.0796631999427972,0.2512099009058588,0.5715072763541174,-2.0119099090632933,0.37056602742429945,-0.3281758098077816,-0.0972002006270108,2.4655973757701197,-0.6287238318912908,0.5587070702889806,0.671756244474913,0.3218872594873835
-0.94182912224826,-1.445251493484817,-0.6065019031151367,0.644033252910767,-0.8442828185969636,0.6269698322848234,-0.8965776549107429,-1.738726636364001,0.3396855068419116,0.10510184451577187,1.791698099178199,-1.9633451669966353,0.1644262657382756,-0.7411263331594854,0.22590531164352212,0.4036963547025579,-0.0401233177170972
-0.756556043139681,-1.3444981514293082,-0.2759201202192491,0.8259946569404608,-1.1856586373238842,0.7606298917135728,-0.35347804200822225,-1.3756464583356267,2.2304476701643177,-0.20764789434495004,-1.4275674690053803,0.7633553483264905,0.8073468127598222,-0.6585638455052898,0.412726288239945,1.0068178023604242,-0.4468136014021512
1.2094346084209673,0.8955509956834996,-2.5523424342575884,-0.8690956640560423,0.6046317167758228,2.375138644515583,0.2272913545371463,-0.1323591231837856,-0.818843929518246,-0.5304275377771404,-0.31967069779518065,-0.9818299850098061,0.9579093111737448,-1.1667571421859928,0.6757304452443376,-0.21775789114557925,0.1984516892161019
-1.3261985760654393,-0.8058351575757683,0.3823443702681139,-0.9476070240504177,-0.05517687340242739,-1.21283536988172,0.28658434594980303,0.14009551054786168,-0.6239191524862553,0.8400569856798702,1.3115607235605606,0.8603720687510429,0.3196966046636253,-0.8904969520106533,-0.4400698181462939,0.04082259521935765,-0.3039170367108637
-0.3751979297862123,-0.10670112998508643,1.1410321496893532,-2.1307949281415803,-0.4216663239643588,-0.3353831527979439,-0.3272232922505785,2.1517409121121194,-1.4837515396929584,1.062582475273976,-1.6805580698491196,-0.9750659919106262,0.853523559735127,0.38767786941387894,-0.21934344417739043,-0.19848110970695906,-1.720967978265384
-0.9523813914989753,0.5423128874724804,0.06489380093110288,1.628670068748422,0.05689750869433486,-0.42990178429871534,-1.3532233763361066,0.6550610743219603,0.546804808480128,-0.05005246154395219,1.5397549356272675,-0.6129488968407697,0.23132728005345476,0.036546727611708914,2.9683319688622114,0.6159393000232595,1.6136841771095227
-1.3224995068216583,-1.1698520215095634,0.44641251015854055,-0.9699087400424237,-0.6214216975114566,-1.9358338851171242,1.5855916172629145,-1.07760615115724,0.33600170311234406,1.082905101947489,-0.9824902803415032,-0.08279054688770869,0.0879801057939876,0.3205015352463138,-1.3295885842920137,1.2174942281207888,-2.329797582620576
1.6309226661655651,-1.2024359911131408,0.8338158483340831,0.00257029298144147,1.7867525319119262,0.5842994170632274,0.230895883607315,0.17261279682847447,-0.7315042540883595,-1.0800545451583767,-0.7933137592996611,0.4102000341729622,-2.32112040467904,0.48382126639775813,0.7768667477455202,-0.5976597892547765,0.7398780961299316
0.19776205036035963,-0.6343028497451481,-1.5001085680684296,0.9123394695161199,-2.2542466127886214,0.16182146896787403,-0.6297274964939048,-0.14708642924193416,-0.5990785779457183,-1.125687962104438,-1.091269414854669,-1.8669902790565298,-0.3845117257289269,0.2363652623565603,-0.7949556224334434,-1.195517563107064,-1.1515342162248592
-0.02313626028885128,0.6944020228534753,1.8434355300495013,-0.2571069730138738,-0.021750517264602674,0.3201379124354192,0.4960164288434396,0.11683895568784906,-0.5208279386300626,-0.5206606229578954,-1.0795971188062898,0.34293831960410176,1.5060407626555572,0.0435327453214246,1.9507149305595153,0.042342475217998624,1.3450232119589174
1.0500834282764382,1.8803052528228552,-0.3537550603403174,-1.2226641313690694,0.4703083299965783,-0.09372366477722009,0.8946462043195437,1.0250495170935159,1.6901068119374165,-0.4302452881150672,-1.5775768684596454,-0.2259890290340306,0.750251639927727,0.6387748996265799,-0.23198624479962712,-0.13000142453568492,0.4358738324734461
0.05277599398978073,1.410322147623968,-1.9869609246160396,0.4998879259173916,1.4181770262021143,-0.3874436478187936,1.1365227043247708,-1.4405712429811484,0.819693259218921,1.1984159118069022,-0.5438130090790271,0.2765208587992649,-0.8487938987574519,1.0038404939862795,-0.9858095255814336,0.16061429622820975,-1.3759072935596044
-0.507518214628797,0.026767276103738784,1.930964897965358,-1.5990033439472966,0.37526285804052056,0.10313760758732883,1.1949103315967573,1.5599612948029158,-0.4107738711537486,1.3469823471230291,-0.5726519879956917,0.15934737692810336,1.076636310445577,0.6907267761596173,-0.48128753108044336,-1.2335229163623334,0.4902593138395607
-1.1986224522125986,0.3193303865279066,-1.5836038892787403,0.34726220268682045,-0.16700718275227844,0.3086906955362073,-0.2577270514111271,-0.44013752740893036,0.49218697449116633,2.660310533106033,0.5340243131994853,0.09425158281331568,0.23043173689467136,1.9200816743169022,1.216031544878704,0.6538906580924054,0.2218654063890663
2.2983536239367766,1.8291689137583753,1.423955860625667,-0.5973988239816221,-1.1230460717213313,1.426434304280448,-1.7599986093562352,0.8412125239412084,0.4141025236406129,0.010529694880862457,-0.7955851850108385,0.2288060641235388,-0.3347728924124693,0.3635282514913752,0.8998500899914241,-0.04782550804616953,1.4345118391763056
-1.4029760632326742,1.012524183892206,1.999489032757258,0.44021009377793757,0.7810853306647841,0.6488374796643281,0.9091876894964386,-0.3108201514816654,0.6496291420275544,-1.4373736176485579,0.005093084652547875,-0.4052515306327102,0.6001655195048557,1.0728771056570325,-0.2686612343491879,-0.154500641660397,-0.86020152194056
-1.0090372586592466,-0.06543251755945616,0.49506243739030653,-0.3588626251704693,-0.7093005427481542,0.6568610876317816,-0.4827588229427898,0.8188312465380123,-1.9540200978328246,0.01304292926711937,-1.4000547324391517,0.25854305484071183,-1.9662397578456525,-0.5160732515328165,-1.7465353935017505,-0.9933229606931689,-1.1577453889105738
-0.3884955527194663,1.0839249827272643,1.0687363250323703,-0.5432141596155682,0.9084395316892786,2.4340775555456298,-0.2709535671660227,0.6003035916143771,-0.3270675979512022,0.16688118859092366,-2.293957797803138,1.2380000755115816,1.383857378451524,0.3875564236826116,0.23726063351566942,0.32228966075080223,2.168499316321199
-0.8904550796710595,-1.1393501315746222,0.40174380372183394,-0.4730690936190884,0.29722183207186254,0.7064049481310845,0.5668973626024352,0.39861592296982507,0.5733700879141632,-0.7709489445890823,-0.022477026081589004,-1.0453845643217707,0.21402717250206368,1.0032649376184666,-1.362701484076266,-0.4722100839257203,-1.1806826712904543
-0.901765176154705,-0.7973125900807159,1.2690919590161993,-0.29955784104867444,-0.41482453273497844,-2.7920745743785425,0.4504463057652109,-1.6107725027624074,-1.1451773699776229,-1.1571731216566232,1.1784285513304957,-0.14647365828322675,0.9355416524152828,-0.41988638525105154,-1.0089792663234292,-0.9514480448638604,-0.0249426685610625
0.9772312499687839,-1.1985136766375106,1.6594922000890426,0.2693188309017743,1.5121466767451954,0.6902341604115493,0.8690588058643468,-0.9070066695269869,1.0391386067413402,-1.348283336501886,-0.7450548878717415,-0.748578632367372,0.8473950392857138,1.3419818605265854,-0.30017061747240914,1.2992150997288536,0.7988560974730923
-0.9473046031276869,0.5849659898336946,0.4472216494576144,1.867853134347418,-0.24806618468640082,0.040221385580870406,-1.2440780007164183,-0.11865552853266922,1.515120274738256,-1.3008725436612893,-0.7600594696988945,0.6600914880041839,-0.3197231929769646,0.9721370288520385,0.08118390187134125,2.5812909278179137,-1.5731083690759755
-1.5182031133574934,-1.3606641412685738,-0.15267996217869703,0.46461367502997897,-1.0886308621345984,-0.028572282461126895,1.9284898014908654,0.24952417675540897,-0.5182097756759958,1.9190100661795528,0.5023579945151313,1.9501957350313301,-0.8382412175693434,-0.38527080596072366,1.1694208520194118,-0.43989264552034124,1.2101350113370766
-0.7647329936545616,0.11802020952860402,-0.34652256659545466,-0.03226298230775492,1.3541574481998748,-1.4392890577677397,-0.20042890420431872,0.0870391544419674,1.635661101399547,0.2710621203252705,0.12401944954614372,-1.0071828783845302,1.5819594645547341,-1.3503777208049443,0.2313169048107006,0.6789900467548738,-1.875408076624074
0.3706419316767402,-1.2997641779474156,-1.2662237886883572,0.6604738523569361,-0.5845983664768194,0.20292209808273065,2.042184312613612,-0.5111314781643218,0.9104778019443054,-0.8852468201258968,1.765819798480727,-0.10388526507901819,1.5657345456228013,0.7824761224148972,1.5737182056269619,0.24090118406610225,-0.6235972156861912
0.5980867227869879,-0.01382700022061535,1.4161377048681256,-1.0062060015512255,1.0359826966485823,-2.066522253079089,-1.66517890684461,0.5495768412567379,0.4351795937581757,0.796906513256952,-1.309818315748203,1.0405591436570498,1.1177084147309175,-0.43680714248230135,0.8660604885396908,-1.0438792218778519,0.8584262497748919
0.8149657484836631,0.48837275327340496,1.2775576575675598,2.2565161746357787,-0.9293043284795645,0.6981307982872462,-0.15107049363624342,-0.5733388306766232,1.1417612124830272,-0.2848935188436042,0.9286110992521118,-1.4135748298777129,0.03814341430900748,-1.5016281992299743,-1.1197680183218883,-1.1627890652680972,-0.0504239276591774
0.8579392428793725,-2.0932658982882106,-0.7528003765418868,-0.19599076094570728,0.571915783526914,-0.04695860154303638,1.858652701873242,-1.1829335609540255,0.7352193914690709,0.4310624018528335,1.9056826926341714,-0.790924763090921,-0.777665859311004,-1.5660197720195463,-0.21451574557731057,-0.9299194555480815,-0.3227668194910838
-2.331514450299935,-2.1911298455817176,-0.7459934903743736,-0.32469984182640366,-0.14574962041985384,-0.22100534637127076,-0.032752330590823664,-0.037949762972659645,-1.1896813075598853,-0.3715626238519981,1.293485330683998,-0.7808968267667397,-1.0198300693188913,0.21024184919349706,0.09381522576974684,-0.6411647775847042,1.0625999025820825
0.052147329855168505,0.7589581693614124,0.20822421476943231,1.8726946549544088,-1.3578566166830948,0.007065429158174069,0.8372713775176742,0.1802546264627072,0.4422639251577255,0.25735434788741274,-2.0188675173180775,-1.8580658370261498,0.04513199784297368,0.48791205761393786,1.4089482853147162,-0.0275184139459803,0.3080478764672955
-0.2810958863355273,0.05102082094474801,-0.08084648776297958,-0.701216496739694,-1.5381409216541557,1.0318571204149622,0.07110718536091608,-0.45839713747834804,-0.25943179626714147,1.6118123748038269,0.4482451943659025,-2.5765564409026003,-0.7025365460591448,-1.3705400177266456,-0.7323318587767369,-0.05870725725036262,-0.6480826553435036
2.389719424306202,1.0024993120805166,-0.025991014751822486,1.165634742000509,1.161273708921149,0.870699249362951,-1.6964540231596055,-1.43589541813547,0.3354074061220438,-1.3186407788701184,1.4843856667791087,-0.40532806403066,-0.033102480712641956,0.06016913032323642,-0.5258683827479823,0.12748150574331368,0.0706203248582233
-0.14522994009874562,0.5144086355777069,0.7798108445491683,-2.3653514305535084,-0.5099537866235935,0.0813253023816378,0.7543543283361704,0.32494151126006393,-0.6801078796221017,-0.48893133801308125,1.1655455839049567,0.5146523751160634,0.2149502270899038,1.4683386137052963,0.6269005271953682,-0.8062931505794355,0.526678439510443
2.2065359952258143,-0.009044619650965879,1.445868986530846,0.9660999556026844,-1.2939299619085314,0.46512703984878173,0.2864424684352519,1.184360844225015,0.8968504277254151,-0.32218663662686703,0.5521253460061433,-0.16947248377854135,0.7531913896362719,0.6121610240636464,-1.6735081611331253,-0.49189925265030776,0.6844669555031634
0.8439696337313252,1.995301451950904,-0.6941692344636928,-2.1478893579949103,0.48243381585895023,-1.2663604113690818,0.6395065024094075,-1.0417528634891817,-1.1729770597203202,-0.6507769913786385,-0.38531064459778935,-0.9814264614895244,-0.4722952294088806,0.302763316309614,-0.1792929671669333,0.7008775767053229,-2.3296652518843772
0.8259757757580962,-0.41046500456773466,-0.5500960722819948,-0.4231171150673176,-0.6765220257958054,0.7730731465188682,0.8557996360143179,-0.5843118189206902,-0.730339946943975,1.4825533778426296,0.05152633409564893,0.2061955841556166,-1.3533476168224485,0.831214914799277,2.3476198544578537,-0.5362105429174477,1.835579905436412
-0.2892511511377478,1.034842456678503,-1.3329735569826675,2.8898295010633317e-05,-0.19603377607184974,-1.1130377606675426,-1.4551031370606256,0.16155343075538833,-0.5161809391985862,0.9876619965841104,1.4327894240962322,-0.9621579010457896,-0.6388726947701293,2.683287617885844,0.7873604134125565,-0.8282109524814514,0.708876899308518
-1.4454593388337997,0.8992368628432784,-0.8776520536507382,-1.3201365692455502,-0.24055904698243546,1.3089078225134578,-0.05045559865109714,-0.011608653067338734,1.2483326665566143,-0.5157438051282609,1.5071715917550597,0.43707587318201896,-0.6394048263867719,1.91168356405863,0.712834663380746,0.2868433555506214,-0.9249293381824608
1.9543710824327731,-0.6337824906325101,0.15973915121748414,-0.59393112858184,-1.5471863861590907,-1.7577706383086409,0.386937720891188,-0.5505481957018356,-0.4141265174327674,-1.864855867564372,-0.7471053044820289,0.5281133457941669,0.17214780392096757,1.0521891519769448,1.8840028872009509,-0.883257412813343,-0.0754203029053628
-2.3380678777326724,-0.42124538322664773,-1.678574134036959,0.37790674044840017,-0.6981192248923416,0.6239773367878446,-0.2526792933083695,-0.6493311810816507,-0.40345113825637824,-1.0018945361871374,-0.1391625876379276,0.7002525910074433,1.4872164323694819,1.4020509739084455,0.8642961146005911,-1.3806950865767347,-0.3911494134417231
1.5589378974413963,-1.0083457448251782,0.8680034136693846,-1.3562345823851762,0.3540684442810292,-0.170705758826744,0.455953113910979,0.9840065274255537,1.3532049581879388,-0.9748209397568536,0.017321818625500196,-0.6962421167014107,-0.7012879405578806,-0.34638367983314494,-2.4761092947371472,0.8008532059823275,-0.3499091028794327
0.8396831023206076,-1.4857499087150126,1.2579861480779087,-0.23262829562990742,0.9070454495037696,0.3374661533726277,-1.435370649646285,0.5790435482325351,-1.4522072583173826,0.2873582512047562,-0.2647191227368891,0.455770944318888,0.8867745451580175,-1.0296747879949317,-1.6926004747512284,-0.9303966893312278,0.3577799785238847
0.3590776653144405,0.2833606239485222,-0.03286401595755153,0.23463071554104803,0.8607215594196442,-0.18111004100958067,0.6441799710149169,-0.7137250775364935,-1.6613302613944079,-0.976837123710948,-0.70572215107376,1.5862434094453548,1.7482953366116367,-0.3622396421377544,1.432759016275273,-0.9828594718846813,1.2461178427152635
-1.1394947367120656,1.3896075088439097,0.5872889511003265,0.9277856729342163,-0.9997869069732034,-1.5793474190130727,-1.3980890503307475,0.4055776448271525,0.3287670946192143,-0.5531648953070644,0.05599230473118928,0.518413302056864,-0.7389208640087096,-0.00123610941762265,0.988009777551183,-2.1653544080969462,0.3966814527731362
0.4584155517201123,0.5374438019969389,-0.011127992852464092,-0.5298775929835028,2.178182493776565,-1.4699326397704753,0.11008209633794952,-1.6110825610124175,-1.89155481217434,1.049606335403213,0.5103911371219646,0.027952592088678924,1.008269091946309,0.6695905997937873,0.30652935149115135,0.15307791471214785,0.3799272495168566
1.591643422382176,-2.4714709008728746,-1.5263256283594757,0.7163795787367391,-2.042454629016006,-0.24773114161152845,-0.2133675078645319,0.4237286734720906,-1.5491160836312305,0.3732849859675288,-1.2921345938167035,0.659230053338302,0.01739702584192185,0.06991482157478363,0.6244746475078556,-0.08823980462974566,1.1241482070091406
0.8437671119993806,0.29263293820973435,1.2129830151821084,-0.6936757947460868,-1.377334632695101,-0.270103727616709,0.14326322984934212,0.5136470863513417,-0.6009580130740386,-0.20692419895977665,0.010494028709475878,-2.1253094144744584,-0.4335603947563079,0.6481712171579234,0.9111284211783852,-1.1235610577139175,0.2538274992434868
0.2567426987301517,-0.9050578997779167,-0.054229364735078354,-0.4448744231657748,-0.11569133562288879,-0.8845627757074286,-1.3300009085853564,0.0621936338132225,-0.04322460515779039,0.7514997184774342,0.3533242902369742,-0.3262357663114012,0.3518867773527377,-2.015549419264931,-2.2340712057772087,0.4554804092879779,-0.3540166865787201
-1.5076723671556445,1.4821662500507407,-0.10387924147951252,-0.16700837447717423,1.2447277557809036,-0.4945378229554531,0.31286030827869377,0.11049542950762789,1.116983690730844,-0.2544380673094364,-0.4558494251581617,-0.8216513936753,-0.2270854175759829,0.8591447277839465,-0.06208627126430947,2.0321431174409437,-1.660271743075125
-1.8880256684594268,-0.18350964113824378,1.4660720324981031,0.8067797173186226,0.3836122990345464,-1.2274094961092765,-1.1043688698992216,1.1330120692695536,-0.6032576111163451,1.174539175800954,0.28953806371607915,-0.7026421987356817,1.8255721976915307,-0.2986273373906358,1.9575287057138766,0.702764739878373,0.6751955873984112
0.5495983579704029,-0.9610891802737777,0.4981796045156211,-0.10463882241773223,-0.19616424654195813,-0.8434497705375225,0.16496858591398664,2.31092255600665,0.8595693073673925,0.37539413508408725,1.050616842157176,0.7879185553171703,0.09845710953832071,-0.8087249477960826,-0.5100559422835708,0.44337112590227806,1.1430515471034124
0.8299355955171652,-0.07879080641495421,-0.32773237698671714,-1.5396041088378374,0.16444071608598554,-0.38305370228231717,1.9079277307920053,-1.3740985451013277,1.0352280684815465,0.7404136775486021,-0.3340728793875993,0.9115835923129698,-1.3611255699908562,1.3256007748446295,0.09359667112551687,-1.4144215818879697,-1.0544824250799194
0.07343157212848013,-0.46915984414555284,-0.42397000935714135,-2.5654138428769007,0.36563987241568985,0.01576415845080702,-0.6422681910959994,0.9154171613080923,1.22682948825402,0.5393690580085472,0.546123569184318,0.7063265286585456,0.4357806633322722,-0.48360975269476014,-1.76901885114244,-0.04090885336048881,-0.909395469142982
-0.00331234860052742,1.1681056739293967,-2.37854560317231,-0.5693515391673953,-1.1585258070180011,-0.6630683529523406,-0.2529462592712222,1.6208778898932623,0.24580757893181882,1.1110937193101948,-0.22844963768424048,-1.4725774763985429,-1.6377772019483743,0.03209593180477958,-0.8305023057929787,-0.14531261819853758,-2.0278689884064116
0.06493606793606256,1.3466546189015214,-0.2701083822348749,-1.4660078824406972,-0.22901911700557512,-0.05481882971807206,-1.5977572886040718,-0.03783024742375129,-0.7507619046455317,-0.556790061135227,0.4526158236324359,1.2033196598637472,0.09616963685944553,0.3335935765421425,0.7831766011163884,1.3499663795684735,-0.7129559709090615
0.4827777846563885,-1.1843851754579446,0.12563510471418302,-1.1192815306449073,-2.8108490867286897,1.9423929101742847,-0.3940156308789647,0.21490032698924216,-0.29179817533086483,0.07906182229075485,-0.4640931461697498,-0.1312838387287524,-1.5162823818615772,-0.725521813768641,-0.4260786169593269,-0.13338562995673156,0.8049724818874856
-0.6222251502587142,-0.177964962698898,-0.36913966068275994,0.1253892672662026,-0.6503292045257894,0.5572375260462605,1.5384662260706186,0.8535972764379548,1.3353133861674102,-0.4070469977511607,-0.1595958592693361,1.100456731750082,0.9784526679464173,0.3822824530542158,-1.804448512080171,-0.7537290702389203,-1.1849404080103936
1.7653441884526888,-0.7027494801697448,1.6368811221446127,0.5885989354874839,-0.6187755070550621,-2.0494449978103377,1.3124081354286228,-0.4532097617525106,-1.2425157288294244,-1.2891851312591462,-0.9172665889565751,0.05010093584906099,0.8711256146953501,0.6509329899645397,-0.5414215980181178,0.5455820785599171,-0.2596417267477666
0.6692297462868303,-0.9560728838703997,-1.302726624927604,2.444224419924461,-0.7436684637992351,-0.986222600968416,0.808758076327501,-1.8250693811809402,0.3410021613449894,0.1507240705810965,-2.1331845892016243,0.5286651720282469,-0.24732623738236167,0.505494643348672,0.27292806716158907,-0.4600906684335361,0.2865754955627002
-1.5932716287278001,-0.9011188840711158,-0.8641509828233662,-1.0886025241791055,-0.6891735480698136,-0.6352047712082536,-1.3250707946610467,-0.8184360900646878,-1.6559512476581197,-0.6035985101506554,0.4240317523130952,1.290134020157134,-1.6913873083264201,0.2317447322809882,0.5034170946758352,0.6167643616813606,0.0159152787859032
0.7563705249574008,0.7717254810616155,0.13149173026092656,-1.1132246239070143,-0.833821489228043,2.8706080288836233,-1.4638419427335418,-0.4621016864510716,0.5003782707354087,-0.3653112725050853,-2.177192531839458,-0.16953222375619117,-1.1682343352477462,0.534449685286703,-0.23685562870941912,-1.1907329396567778,0.6632044620813686
0.560652015963322,0.9539711873751374,0.9174824905367158,0.5798476036292994,-1.1482721817218198,1.6142962604591926,0.931416916000214,1.9017071785695947,0.9928468887491559,-0.7352845369447194,-0.3542178051513682,-0.9625332705186945,-0.6238068816437892,0.49333747076704,-0.4904264843200973,0.6800196228590293,0.8795448640657794
-0.18827065353236266,0.5230579506556732,0.010135095478189986,1.393433682336045,-0.8974303697811399,-1.4441398209429024,1.047793357296266,1.9036467912524155,0.8705494751499314,-0.4862643754716753,0.06492868650267501,0.4447515450454797,-2.5980169227570755,0.06603896222990809,0.9035042386355158,1.873797086647646,-0.80028926642496
0.09324306666770259,0.19727690806577028,0.22474860411544953,-0.18424032161120496,-0.26760159539177963,0.8768336301842874,-0.15100976637487684,-2.268565555797828,0.8656918601771717,-1.5740424535342321,-0.24880824920237188,-0.07397818708906603,1.067696515317695,-1.4944373843544843,-0.438544442429139,1.6959461508361553,-0.2205635983935492
-0.9292347943274892,0.2427584417941723,0.639628521744358,-0.8275241697008655,-1.549405679373518,1.5206039623640069,1.6571982067760878,-0.33794043614072233,0.1440766128946359,1.555663004854887,-0.12781053806354753,1.8741786139705723,0.22008343932529043,-1.9461885756067352,-0.3071252499362044,1.1324148170774995,-0.6743935628459592
1.3624745616305314,-0.7826885314775119,-0.12402400478392372,-1.9637659779252432,2.0025848808602915,1.7522222453061684,-1.560603026961979,0.0661853125959133,-0.40457838875975083,0.8836873257925537,0.21902792948457442,0.14682287800920438,-1.102660891130648,-1.8977455750455012,-2.0273014961370315,0.24520891748117987,0.3794234384986361
-1.3361902767670046,0.8652061422112457,1.083214328034153,1.3948458774239874,0.08825292911576182,-0.8837981035443001,-2.0264614255120965,1.122362945342308,0.6174567946502991,2.0192686931897406,-1.3229377554835808,1.06243972305383,0.9478198951256597,0.04564517792211042,1.5760344098637535,-0.6724293130976902,1.2940299556790855
-0.6726473107462669,-1.1936231667139028,-1.1401432847068929,-1.6053977965101964,1.8295425840343642,0.07030299685380324,-0.45161598229904,-0.7541273826841186,-0.6089860984527764,-1.1993961848129095,1.2089830626441864,0.8965235319743654,0.6155236810269936,-0.6141672257815501,-0.9505508968246025,-2.2382954584948553,-1.1255736184242753
-0.6490041814824828,1.3591316367381625,-0.6159065253746648,0.41244435469110863,-0.8507141935711764,-2.4214632602758557,-0.676247478715451,1.0746120189877928,1.7188368979963753,0.6299049516883142,-0.17067437080323522,-0.45020312098837156,-1.1142954771005922,-0.5557910821223528,-0.4496584090541036,0.4874467060232263,-2.0320322963663005
0.7421105887302122,0.38820966318828,0.2541300434411328,1.4250353569114103,-2.7076832309008685,0.026056497207142443,-1.1112037437254436,-0.886306006784567,1.3627059169010403,0.2922614420340986,0.38291990015471356,0.47075053167199854,1.6726646769078544,-0.20069372322551843,0.4582245836181336,0.24240582742720163,-0.2650108561129978
-0.2903395136523973,-0.2119926704751182,0.6124953245845379,-0.2945558749992799,0.9088954459507054,-1.1346004085146,-1.9305546874253843,0.9759691402328404,-0.7991129787345869,-0.9652721141795808,-0.3893501803837415,0.9393140550450197,0.5684055315165325,1.1373987701448967,-0.22018177611067408,-0.0059046876746086325,0.7306597910613524
2.0106160610326214,0.5706178368041354,0.6892857226535963,-2.1200116615289004,-1.5367830107804221,-1.745015269953382,0.3173749422509941,-0.09599701576005654,-0.43715557043709546,-0.2456287656262844,-0.5066304782293811,0.30736062761357236,-0.3493118534606428,0.6812191093887477,-0.05088787679979067,0.1264830582513874,0.9518263479420088
-0.4140222134420793,1.1076561149576498,-0.145772850198767,0.44933475111527854,1.5264928533360074,-0.5604494827890545,-0.12083017427947333,-0.777365140012688,-0.37140407487082605,-0.4572696489096676,1.0975216056609858,-0.9156099621430275,1.3222435258356888,-2.0036871688882507,1.6946102001401893,1.3108934621690542,-0.5127345720355984
1.372096053129383,-0.823257585883399,0.31128209233074017,0.8201290486219613,1.0802540730816053,-2.083973085855899,-0.7574617153702669,-0.02357260562401214,-0.14323225239161202,-1.496963801241281,-1.664983258613862,0.6313682689524776,-1.8654750523142376,-0.1728596708299841,0.5862752409618964,0.27858287691068534,-1.1452322878270935
-1.325192779299315,-1.0685945092974718,1.5219438112602255,-0.6075328877271653,0.604271634842805,-0.2537069943395023,-1.1147355350793686,-0.3272441982728797,1.1336036234022095,0.7775381827466118,0.585342488566443,0.8307897851178202,0.48906744972251376,-2.2648858362405573,-0.5440792386609661,1.1515075201871539,-1.074768114613457
-2.131803584149035,0.8081000930485304,-0.6316345890873849,1.3658848930194465,-1.110607504039151,-0.09705042812339686,-0.4239098895860163,-1.1542431433160643,-0.38886605739931485,-0.533773987629729,-1.5969455996613953,0.3450185796094501,1.0495744010335344,0.0826044551328928,-1.11286822705327,0.4728362918603101,-1.6696613768270392
1.2941409177074934,0.4858155452319982,-1.0689804370482374,-0.1757133252981402,0.7845466281432283,-0.3877531996500862,-1.1725854980262944,-1.4436980780978599,-0.2370189100841424,-0.7165039444965515,-1.5293069244887092,-1.58666677175011,-0.2952338963817744,0.5426252960572558,0.6741703506415685,0.4760275235047976,-1.09852896811242
-2.211104041321234,0.259092635466766,0.028840475935570705,1.4777917656670656,-1.534108953039898,-2.518935008672056,0.7079798917285345,0.8975377108422424,0.795161831148539,1.3083203893900794,1.0237979060786806,-0.9623716848114361,-0.10607123021585939,-0.12422000558742075,-0.40939179842965306,1.044693109162209,-1.5526483442596215
-0.661929797563431,-0.07863798264778306,1.6141264579830104,-1.126255363642444,0.19997063778690194,1.3022745207186965,-1.3379700078758756,-0.4978903103952756,-1.0781364095748869,-0.3049854628892679,-1.2987382982775282,-1.2079770930079647,0.08095917055503302,0.29385793199725535,0.012016027517998015,-0.09423349513394598,0.7027523289162201
0.4307777651546696,2.1822881305149036,0.02466895421642156,-0.25174344858089903,2.203781191783932,-0.6301108248559074,-0.48451506278536766,0.5565842647012273,-0.8734411950066407,-0.9454239348705323,0.2890593849810965,-0.3676413603787215,0.24506415403363135,-0.18239186846328825,0.5304288869624705,0.003769164563463957,-0.8070781313235927
-0.38692219550869555,0.7560588925808432,-2.6387280384659566,0.4758538858001286,0.8793728058547622,0.3003632894219346,0.07761441268037839,0.34361601253862134,-1.196358460196665,1.1233978368046893,0.8384778611887441,1.0771782576197715,1.7932034797800276,1.4296498859435294,-0.9219988414280373,1.4049581720238973,0.1377471199299542
-1.6244484911498447,0.9282145962732515,-0.44473402172803866,0.1725652812399191,-0.3897601357251518,0.11058761796386708,-0.6927503602096002,1.2155987134237172,1.769791651549083,0.414760143601738,-1.514186063611548,-0.6359324012801367,1.1454005909468838,-0.9596984620521706,0.5603058585708133,-1.0515652270340836,0.4143316109324327
0.18208544608868557,-0.8959544524812486,1.5759685698950863,0.6211767305139818,0.4585498818828723,-1.5563394198188436,0.554336080745833,-0.5439199910756591,0.8739028741020772,1.242485273462873,-1.9570635284501083,-0.0029363352440821546,-0.15299501382337033,-2.0879807619020356,2.0311017606368624,0.7074171718173081,1.562618438336214
-1.8820601232223788,-0.2350562037158201,-1.13702548095098,0.753959768741797,1.1137626331196495,1.2521661132188135,-0.5099660797808624,0.20903230426452818,1.743827262176769,-0.7028967695710995,-0.10386423683261556,-0.4596454077919166,-0.1811581329752999,-0.9004419814256733,0.32276103465478284,-1.0630816484291266,0.4557817419078017
-0.08499462766605945,0.8602888394071484,0.9940257847678969,1.1678756762768674,0.14832363909445262,-1.0098554364110737,-1.012696906688684,0.27837223744209083,-0.6687460332703282,1.019792078713267,-1.109295746488554,-0.3175713703929286,0.02942680160769132,-1.538606697389302,-1.6623097318300823,-2.1950603400989013,0.350632603519212
0.20647289579045305,2.045620468743391,0.6444533491383586,0.8832954115982646,0.3675766105674773,0.39478347622758586,-0.22303644768455194,0.08815084948692342,1.7244509554998322,1.4980519316839584,-0.14348960651822543,0.946467739655509,1.8867318590348965,-0.4272113572312715,-0.27364081945724744,1.7623223287535044,0.1907724486391838
-0.33952520496789657,1.1881151938886332,0.6294582668597399,-0.35703810775761774,0.9060298365808359,1.0136973068595962,-0.26066399232607695,-0.014268034478803317,0.5330709653484011,0.8270828174808971,-1.68249534685368,-1.1609156662661821,-0.15992337425296865,1.0172242610890683,-0.706569658597506,1.258028535054467,1.7677348947767555
1.3468561501322085,0.9204711811890172,-0.9048233079168689,0.4145478407306033,0.6568381022808021,-1.2988742857489186,-0.2942684126244518,1.1026258616819322,-0.33598699625919864,0.7546200497919047,0.22603272521859027,0.8543376810824046,0.24663997547798447,-0.1415862915476342,0.6631765514122805,0.16546196225762186,-0.121610809315376
-1.2194352815017813,0.15664760938306327,0.09576165733766713,0.7938843053258174,1.8104484161623655,0.7571712225881678,-0.8928310137012213,1.6933168921839805,-1.5318247931130424,-0.5704284768895865,0.38165913539036583,-0.07101532749950618,0.1979987220521923,-2.198816824682514,0.4405239948665234,0.6191316993229294,1.2652636321720665
-1.2442208647133295,0.1978655149418738,0.12970174325758488,-0.5174643575428796,1.1494767413015496,-0.24608516750430764,1.7320123252438702,2.7845099647842004,-0.371135716365572,0.27403779056790634,0.9768154611421892,0.48808219647609746,0.4561353277007067,-0.7506143609588837,0.4055059922273256,-0.3783457266159253,-1.2612670136741175
0.28919710752073513,-1.3291320910088125,-1.2948167995467819,2.165549418765601,-1.4628182205401077,0.37054761967738215,0.048944254626900996,-1.632399385791248,-0.1531388410586069,0.8210503529251093,0.4060697276255579,-0.677593800247956,-0.8002660550969608,0.33053150966649353,-0.8348596583191782,-0.4055127194010782,0.3033783997321243
1.2245598875932109,0.7481714318741233,-1.257770343289597,1.1965781073275357,-0.34283808869249904,1.8583996439070891,0.6721699026870096,-1.1859427385150247,1.0199710349288444,-0.8784358132511318,-0.9156775234037381,1.1169590791089812,0.3791153780779347,0.6088769134626986,-0.4951743867927444,-0.03583952347851079,-0.4633309468982422
-1.4970864660114807,-1.0202979944228672,1.4625985766876206,0.8147961695229937,1.1517640832006284,-2.082480405580967,-0.4169529152761146,-0.3814488467643275,-0.5154086767634999,-2.289837561217782,-0.11099588645244517,0.7456050696236474,0.6422679300657482,1.03602716564904,-0.8784727215610886,-1.0056042102472311,-1.129470209236389
-1.3385732572129587,0.3806256200958775,0.3488592649410111,0.7175345316493206,-0.3164212996610431,-0.3729660409031915,-0.14202759673218526,0.2952623266685922,-1.946497629416624,0.15821971371679264,0.8871496736491244,-1.5733004810300464,-0.2948625507428383,-0.41758046482434436,0.1591469020538586,-0.04083756336627557,-1.089608187828212
1.1751400122442588,1.9460871353362663,-0.5022183141210789,0.47926642078152926,1.6552276480624646,-0.6890131524940761,2.4133190019084356,-1.445850534591289,-0.7217847204814104,-0.40123790071078624,0.21226120916102997,-0.4580315467863245,-0.251420307610589,0.27186132360476595,-0.6492246862592631,1.1478029844438717,-0.5306562992204128
1.1493377207210485,0.09653331450562534,-0.29097891286096156,-0.43498996483058644,0.1237531150403079,-2.4514677548822092,1.3333670685690031,0.40061436759488667,-1.0070546093362434,0.07999538510584284,-1.8168391453148005,0.8961800122884666,-0.5498381400046671,0.03202492234707481,-1.0074711496179003,-0.3109871030308658,-0.205893044224932
-1.5928265557450638,-0.08599767467704096,0.9744782167028155,-0.0982905672777573,-0.011279430497439447,-1.0761451707112546,-0.4120019811286069,1.9837182408206926,0.8417781040137047,-1.4039287936990528,1.0682588631192784,-0.14007486911473763,1.229201351272494,-0.7437569836287307,0.05896139842661115,0.9256585139314416,0.0583781842544179
-0.6059132908619588,-2.1477582142209446,-1.3440820391441224,-0.9240133281358929,0.8738947545882723,-1.4859462978643139,-1.3481080631310771,1.2296284901873797,-0.014661417264393331,0.812386718358991,-1.3442161028826212,-0.04588907335647984,0.11321694936089771,-0.22222454184367263,0.14807676941980988,-0.6785527786567256,0.3880576732660372
-1.487924899887947,0.19743502984627254,-1.08284112653914,-0.45811659525256937,0.4739052175394278,-0.2551484010709462,0.1823084902270227,-0.9211764989120557,0.021652414876886395,1.0963082663444086,0.25484269991464853,0.1821225466439361,-0.1780976606068154,0.4491022348651188,1.7856365812665513,1.026759701018032,-0.1652135805529917
1.1707581691467457,0.5981448231298659,0.16946927942856002,0.9008448012483967,-1.2948896291303158,0.4260578637485054,0.17469890495501894,1.6188778029215265,0.03648064218537538,-0.9952990083163322,0.7576298013771984,0.10036559789053795,-0.0011389805430650926,-0.05574127339062855,-1.680878927108698,-1.0666709572372401,0.0517480508440179
-0.6576250121040804,-0.40704450640904116,0.6076632608534678,1.4265132398050726,-0.5890505889929442,-0.773070071783061,1.6161687559077256,0.06944168429544904,1.5988160358076375,0.886413104958327,1.133470110462282,-0.48447850378318197,-1.627958837774759,-0.6941423924962897,-2.2729103901884096,0.23668935413925288,-1.5250531511255936
-1.5875410934078182,0.051628256727949524,0.38775384018338926,-0.47534003974986017,2.3005821228841965,1.0176159930191286,0.6905044019601688,-0.034051825219493875,1.5340368998181557,1.1626445163216268,0.43748883457794346,0.4650078671227999,-0.08008882976324962,0.8123858151958369,0.8367128131926016,-0.05908606815371652,-0.479354642878011
0.605195527135858,-1.2481436161492874,0.13619364635649295,-1.504331417731835,0.7988413657217377,0.9438101339408657,-0.42326265001161284,-0.24785840779675486,0.5389385754221767,0.6437466104864875,0.3333016276618416,0.4723120197324112,0.3974399490024223,-0.5991175375943693,0.588584253069941,-1.3666842630521305,-0.3668213271349029
0.03473210855676128,-0.6725791000218517,-1.1021175587486813,-0.15919042138083117,1.0411114346579433,-0.4520841545421565,-0.9569549872948377,1.1908957848643038,-0.4261030284964955,0.26146801746563575,0.8831806039315959,0.49171650388745985,1.1315313396595004,1.620722025201909,-0.0045742806317380655,1.6587149879588072,0.2645428556753075
-2.5916366089301577,-1.8926068555365727,-0.8158306320694857,-0.6901402026777839,-0.3573751352556204,0.5755494641124649,-0.36660938407397875,1.771909674409567,1.7246988257795393,-0.008326987773271906,0.17551342071656117,-1.8314922136399308,-0.6018961897284661,-0.16184080392268574,0.25589243502731257,-0.7806020475461926,0.8100846345874744
-0.7320589408030744,-0.15815405874558405,-0.6676981875489996,0.6856881053061766,1.1513977750255215,0.2386578941035214,-1.3054203344900137,-2.6585156265466368,-0.8069640528829038,2.6789115857142343,0.4876837259680886,0.3609753297986841,-0.2703902264019486,1.4422703831853965,-1.319065188031026,-0.8986558419435896,-0.1786295338643359
0.5409931751913265,1.8629391770556325,-0.6479744112502148,-2.998525106614254,-2.8045232183648454,-0.15722590902692288,0.07041793686723452,-1.3787675346225061,-0.5561954556583483,-0.28456167359541124,0.3408915201212058,1.2749714947900106,-0.06761347338034608,0.16914835117813823,-0.3604592792960745,-0.5911125665759628,-1.3036526344554558
-1.1842490977137492,-0.15128394161295128,0.3263984683692704,-0.36921329523189456,-0.40834419110966774,0.7125162912522498,1.764595176710757,-0.8143013813262288,-0.20912568248436594,-1.1195424788829194,0.3201501797108695,2.023831661488795,1.7104716381918006,-1.096312228635204,0.3129320486415805,-0.3636281395942542,-1.3974134765369155
-0.9696012688002588,-0.6082074598811071,-0.27347202007301824,0.26833606372211233,-0.8492934870103094,0.024348267790904536,-2.126006997321845,0.418200805914671,-1.848690675088498,1.2035864798628964,0.744167890453975,-1.565842640883582,-0.543569802691229,-0.33172831441125217,1.836450072544623,-0.4160718134713803,1.7734638117349957
2.3239898055794113,-0.07099969647167687,-0.5440541815525632,-0.9776900837747375,0.7283099129984916,1.0873438498025854,-0.619544512825636,-0.1579641802683652,-1.6479784050742254,0.6459895169091004,1.3927153850549432,-0.8388690078929306,0.07788973549876121,-0.4115520042930518,0.2939726992625126,1.4071129534995492,0.1859579421042724
-1.906614647677885,1.875700423856181,1.9274703211804518,-1.9781634120806508,1.7044393237557274,1.466335663201377,0.06420993605945531,-0.08408574855361647,-0.4323796586921521,0.3242620691365302,0.8210673193190368,0.35557721324390695,-0.28843719240402377,0.15267220660101363,-0.4878213684061258,-0.19075603860788715,0.8662167423667236
-0.23958856232136602,0.0532641384484556,1.9896086867990097,1.283678534215663,1.0888557711324969,1.3937614724639802,0.5088982784794136,0.22869023869149724,-0.5901219065797897,0.37350953213286947,1.0767670286506479,-0.4733142773684325,1.5443296272774298,1.1225273573509968,-0.9060718760253238,0.3702326132716988,0.1188574076816565
0.0675573893629243,-0.04420179270529106,0.6891120309803428,0.5751409395820994,-1.7495743069455396,-0.502522378621237,0.8526433292612055,-0.8303845662340742,0.008654185818865363,-1.074005440636588,0.8026607774510022,0.19261526509330779,-0.7301569114987417,-0.36816789593997556,-0.23128738430957796,-1.317972125187795,-0.4089867984526022
1.4142657134370025,-1.4054906027776384,0.878047196031405,0.48575813195407785,0.07223797658027084,-1.7963213425841398,0.6663792602653089,1.408779009834419,0.4111199457399413,0.35559747050351787,-0.4350679902181207,-2.004452632287351,-0.4030665269025245,-1.2059764180161492,0.25356008846661077,2.453492692299836,-0.8513491975546503
2.514057498858078,1.6810988793502344,0.2721252257491813,0.088807509925434,-1.6963822884758732,-0.6441175640442403,-0.10328662494390622,-0.2788612998599269,-0.8796669743399834,0.4598398867415669,-2.0384859419290473,1.355605201887181,1.2082918445032829,0.021298631860101242,0.8807365863239889,-1.2410617611170647,1.0909198984719046
-0.12437084639254864,-0.07578335292603308,1.836623730724562,0.42114575356303113,-0.8474318226180734,0.6558642396074225,1.818161210725184,0.28706297457892155,0.16156207588686963,0.3833904890719303,-0.8020958822063519,1.8843821378394214,-1.1097030758791075,1.2359581445387224,-0.9036592017402552,0.07358052060272048,0.4822988329907961
0.485422862664872,1.6432223226907754,-1.0456654370041063,1.4920486536892088,-0.7088054963218895,-0.20253590421414924,0.9730911449581947,-0.01859417431156802,0.09805893983331132,0.357248656362592,0.16691179319063648,-1.604987944457858,0.186865798569417,0.38460761201312166,-1.5385725460005415,-1.095368468876455,-1.111997831194787
0.12844068370125175,-0.33159170253966985,-0.20587571902597276,-1.5925932489849328,-0.2630809617063078,-0.6704320777946444,-0.6196063415350164,-1.267295141278719,-2.2334435923536438,-2.1932979536633774,1.0988146183699603,-0.2694977298432791,-0.38926273798249517,-2.048069498063683,-0.35950141949890907,0.10431816785417122,-1.397110035562596
0.9813764493020927,-0.6209298554755986,1.934409668010874,0.6998012133462348,1.4262406165669324,1.1606503951649143,-0.6469439690564581,0.6151274143042263,1.1017787352677832,-0.18419028121643638,0.1673010023049763,-0.06465896832995079,-1.1847617257150935,0.2039950413260872,-0.6494172865089396,-0.8558570458869218,1.445861743840776
-0.30963465342852425,-1.2575762743354266,0.9110390226554331,-0.7370031777500171,0.618782656978623,0.7897180632214308,1.355017150669733,0.2909825486518458,-0.2344681141325114,-1.6696612365154309,0.6861874347290254,1.6620190295235935,-0.5233145169740505,0.3713954731637579,1.3511009108932728,-0.846938924646702,0.6317331431009606
-1.1759588829774008,-0.8307098258224063,0.230834147728339,-2.4155533740031334,-0.7846778224196974,0.08573044447987399,-1.2183783728451323,-0.29293275487255566,0.3147489727935103,1.6104012341734673,0.24718915650908574,1.4261958480214039,-0.3238385874624094,0.15242208687680997,-0.5281337658717554,0.30746941455053833,0.1752426886960141
-0.9295433769777213,1.2250464973339936,0.6836058302306237,1.5727739523743551,-1.7350093264440751,0.6004132293095853,-1.8268371479767664,1.2329461327499913,0.5491474650452299,-0.2099635586029911,0.6422215163210425,0.8394216738050257,1.1075502452196255,-0.16089934293405325,-1.186952791289907,2.1667371192106177,-0.4173475648195808
0.8764418066858098,2.2173370249097974,0.03701705301690984,0.029035005972901495,-0.04178958699826129,-1.1520119059131344,1.7088763415729553,-0.4918271095224733,-0.21687807104422066,0.9715117518616182,-0.32828879632563757,0.008547813256681176,0.4542109510245198,0.7199356952724938,-1.0097788640714436,0.07448818264415147,-1.0014230489636182
-1.8170884417611504,-1.2994700941181894,0.22918306171174146,1.3657431385040737,1.1113992801123844,-1.366939647905843,0.25456534045438034,0.45193874920327715,-0.3853972279635347,-0.7588394999380754,0.9568295155600878,0.5023605684578164,-2.7604745264755937,-0.7496712243706447,0.365454441259778,0.01369643062513871,-0.5969743685836817
0.684505565095579,0.810676270019405,-0.593771591935781,-0.7995491828641729,0.40413577481635155,0.7082443599159579,1.1008508735865234,-1.3051618748718008,1.9482016546616274,-1.4833182411032888,-1.06443585767185,-0.7566658420393951,0.22960375862042703,1.8510237860166014,-0.6428794638674805,-0.2705320862197324,-0.7851295436437109
0.18974468031350544,0.4219634060356872,-1.5156406110457208,0.7181035958243551,-0.006817914633479956,2.8090707153161834,-0.003505628851866462,-1.285988559380734,-0.20865855738897676,-0.023657716508074692,0.42668885895797737,-0.5911010135593555,-0.03466138093244351,0.44216198083720704,0.3039098840260071,0.9546611290230572,-0.2363717215061836
-0.10117330082288838,-1.5882758123315046,-0.16663984816873098,1.0341027654706845,1.9666294122520818,-2.0221352683125033,0.31926296918133185,-1.0278754267934769,-0.5749568009772047,-0.14202030035584845,1.0022509303494371,-0.8927369203378539,1.9945750385452667,0.48903261651408464,-1.1362490686641096,-0.4645176794748138,-0.7375073051955164
1.635453766270724,-0.735562176423458,0.5828475794848271,-0.05521868376195807,-1.7867833969006612,-1.3556570567360937,0.4229480466754183,-0.026403060803886543,2.1699684277220714,-0.09251976076474672,0.5278864515265642,-0.553987898896474,-0.6823959997257991,-0.40965006804778387,0.16418543078013664,-0.06178958937964505,-0.2792496756697178
0.40040052854697206,1.6773417546109863,2.0557800891223033,-1.6387058318172694,-0.6818056211055502,0.38791959243044166,0.78176350513787,-0.4726644003298558,-0.7569082575843809,-0.4903594927096079,0.4321706203051164,-0.682150058384763,-0.012520340006467677,-0.9427739799556993,-0.4308392434027598,0.8252057673255543,-1.5383419470648867
-0.7631771511096969,0.5834348181371357,0.05552778342436498,-0.6108775308173624,1.372128811838805,-0.47106676792593305,1.53057477782852,-0.5347600431413041,1.6663813578152367,-0.11340120905401181,-0.30021893630136465,-0.3372354523020333,-0.23745503839882906,-0.1937240478478199,0.9006781758552969,-2.116822639910195,0.0078009545876416
0.45913183356408194,-1.603052561791342,-1.5087060573874174,2.0268653134198154,-1.3046350147711072,-0.3355884237194293,1.0648645749368628,-1.1197079413878623,-1.0508922320241676,-0.7818885919262619,0.1740086431353741,-0.713334191980941,-1.1676614282289135,2.124825026782244,0.023969482255526472,0.41552280848058554,-1.1583852326095785
-1.4869970027173656,0.5184134928726492,-2.07433890819783,-0.05301818382130248,0.278314117774295,0.7502120992630142,0.5836106586480369,0.15253865017932444,-0.7069988739895913,-0.9283791879579741,-0.5510608998722859,0.2505693253400988,-1.1485825155738212,-1.4217114513133786,-1.1260537994260496,-2.878142801998348,-0.4834089355797564
0.03595469448965097,-0.22522276214902504,-0.809479578575207,0.21242616538547007,0.9209626877072238,-0.5006167344620339,-1.7228913829750787,0.13951858772949224,0.20481584434598396,-0.03959695325326578,-0.548642868520339,0.3719458312656458,0.8121833743276334,0.5112318950610514,-0.6196777579342193,2.1863724585355375,-0.1273406672605022
-0.26907281259314286,-1.3430591866737671,-2.950679903827413,-0.7613369063113417,-0.3029697279654256,0.57177531948792,-0.01647865471671646,2.2059125336852374,-0.051450061168667655,0.3974496304906632,0.16125280199521225,0.9485615191554055,0.25209236021925296,-0.779922102099336,-0.1867998739654754,0.5034695632962277,1.3319727613141183
1.57880618493877,-0.32440264317283357,1.1226022031835694,0.06360594042283202,-1.7323798162528072,0.8361879148151959,1.0003872665293527,0.08884991586818936,-0.5725653841886629,-0.22587325776617362,1.1589406468442662,-0.38674508079607306,-0.6975310327617998,1.3866390142161285,0.22779478263241645,-1.0412336219689091,-0.3442904456045376
-1.443220700316131,-0.6149342192761823,0.6678127958187668,0.9230225673781501,1.8644537493699733,-0.29718572522196735,2.203932147450801,1.939199820631365,0.46604232453250366,-1.543077198177182,-0.2440537394611848,-0.05306743154763629,0.42656180656567955,-1.5772622470744764,-0.20846954601044018,0.06881282210639521,0.662094602873389
-0.13713538602247152,-0.6344725735145068,-1.1723982918228195,0.46915845152288055,-0.4822205896738315,0.18624721509803524,-0.8239473300104594,-2.147512353789208,-0.6152856393548931,0.8978836088228015,-1.5742515270746371,-0.7265462846290951,0.6925582019896652,-0.8918468857102506,0.3736222566241195,0.7901427914534788,0.019559016014903
-0.7488473203212352,-0.08622485126143818,-0.35471061166368284,1.463032072128502,-0.22234597753802357,-0.09113097426962599,-1.6681011337693736,-0.29136873821739756,-1.5017237307137254,0.819109817752338,-1.6482891438476268,0.5175644459091902,-0.9916082172843581,0.5525475204205751,1.3001510678935202,0.6258798724876043,0.5075848305899894
2.2637900960513844,-0.3522205612488238,-1.595106152742438,1.0453440459933305,0.9951968502133994,-0.29646438427283095,-0.6974940065325755,-1.995821388800193,-0.10065784209719138,0.6543372668330736,-1.1770697819448426,0.15938632828588495,-0.07240201245957112,-1.1396019040463332,-0.36576899589620454,0.1836546953806653,-0.6585050307667967
1.1963458539649712,0.9454509101481959,-0.19600820751011672,0.6865356867845034,1.507805206184704,0.23294105424808673,0.041222542456605935,0.8470915081202056,1.606380426605762,-0.8556232769870744,-0.8572038837199042,0.24384273920519794,-1.0030979449792248,0.14800652876821468,-1.2172671830237012,0.2917424057381278,-1.1775157025416256
0.051587323038505446,0.5000074490725174,-0.4669580394227401,1.7981113970590397,1.5256786116561685,0.13478639682349755,-0.8064700150425456,-1.3832805169304958,-0.055906665516491774,-0.318891014020361,0.05071578327560459,1.4403998365913928,-0.6186555483186689,0.33713971749030897,0.7515001985377886,0.3558772635622085,0.7276168055467687
-0.7452266830512692,-0.961366993671413,1.5619520649207883,-1.4743691320201326,-0.9477985324553575,-1.5443193076973976,1.4909589513255415,0.4346981941926815,-0.9330297102882726,0.25175295022485794,-1.0031313704384457,-0.848149387108544,1.0337535635242936,0.9912586557325034,0.34946742118312624,-0.9794732402894268,-0.4329705327211169
-1.2640653299359577,0.7724041516293179,0.4629823684215107,-0.9880812340633054,-1.6034685704455274,-0.7379104522813467,-0.6817180115701933,0.1431929448833023,1.1197055588126126,1.1131286506883593,0.5794998213017236,-0.18856525504941052,-1.5514509001052694,-0.16268271412905386,0.5784003067952375,0.30410945638593473,-1.076317650811045
0.16179981085131648,-0.4755474117199477,-0.6624405680733612,-0.9182494678689449,-0.15847272876603338,0.5127240520091528,1.3477515477043278,1.8083762208971477,0.4425193227084113,1.2258689657107693,0.5922971599626502,-0.1969851510639799,0.48370363622904505,2.0078408302119146,1.5155045517733299,0.10577099493144758,0.1854742985465161
1.1919802337798169,2.5369452476096277,0.2349391582652261,-0.15254378519401413,1.3758811908322772,-0.20102829714785533,-1.4164044382809795,0.3963686320890798,-1.4903983808283907,0.6302636799492338,1.0929508560615444,-0.4878212962216391,-1.1731209004910763,0.16781974393153773,0.12701977475807652,-0.12219360164418011,0.6611720124183615
-0.808345721062144,1.084312740025293,-0.4613863229263101,0.5235673309898805,1.326435262609997,0.7242534227272317,-0.1096862965487681,-0.0160649966499339,-1.1234984737391533,0.7282307935784988,0.7036234370540986,-1.524494125458855,1.6777556524936694,0.8038606984564028,-2.714885195590402,-0.22685904845579205,-0.981023890966996
1.0264254666282249,2.8904818290543846,-0.005950780453855261,-2.70053936379775,0.35426133584627373,-0.06008695713083484,1.0336418871572068,0.7872033376023553,-0.3299491680587397,-1.6641155384529438,-0.6571329406520868,-0.5695209858758354,1.1144525980017057,-1.008654800479511,0.9220893022576975,0.5506224252946742,-0.8674499502445328
0.1251803252027836,-0.09072803976729905,1.0896915873312434,1.2464847275639899,-0.43295048447604706,-0.9916495188471217,1.114507572184082,1.2548400180703418,-0.09772358513691029,2.402895895813636,0.779152509071261,0.649260314248391,0.32679496749239334,0.019004890195487047,0.8532814700564478,-0.5741890960123016,-0.6557005471521797
1.3129259858987496,-1.8705707314780844,0.2512651569085497,1.4223449658441736,-0.061190361663175284,-0.7859391311382075,-0.7296512979894113,0.13033807768906064,0.879153580410848,-0.21360075079834087,-0.2607262164130284,0.51041871518553,-0.06330921416439832,-1.9311911127237293,-0.4553355269794691,-1.4625017236543187,1.3807912415758776
-0.9412584736857795,1.2800360140665665,-0.3029217845144813,-0.2544370607725537,-0.44316715171289695,-1.7294120878064623,0.3690422873802677,1.6331991117576243,-0.8032323876422608,-1.19352539332716,3.26537414090022,0.7743220319649193,-0.7550978413269869,1.2048616168965698,-0.8246270815315571,-0.2378439491748979,-2.656080888335258
1.8737317485177463,-0.019262699087513706,0.46167285972195515,0.8903059874942124,3.127837240528427,-1.601593513349679,0.24488817255881076,-0.25174734431289364,-1.31087920970568,0.42600749368687396,1.2534681625196047,-0.11004280860181598,-0.10704410268425561,1.4207062855392492,-0.3840549573579496,-0.043694324335094806,1.7316491224891977
-1.317387057147245,1.084279849339136,0.6053340553219826,0.38896411155241634,0.8234384009744201,1.1492805968033597,0.6990844999631188,-1.8027337972517374,-0.04322270491321356,0.42012648855061274,-0.22204932542235004,1.366686372134796,-1.3783472179444725,0.24905997516723433,0.31331275765984845,-0.7594550782041859,-0.1226385270542699
-2.018374833253151,0.44617414889868623,-2.3519299848758703,-1.2671279910199245,0.22069550736881166,-1.6582110965651997,-0.010621427944132955,0.8547357358064971,-1.0506124286604006,-2.2483493580287965,-0.6268035408039403,0.19262697913296165,0.4482249235326098,1.216447389044825,0.6168588487324952,-0.8323227496656436,-1.049599575672513
0.39094696687827224,-1.8381735328413715,-2.247103915829996,0.6511617063018257,-0.7048997027677973,0.5500079332797546,-1.2004480410069691,-0.2795356674717713,0.49268925000010677,0.29886562082191936,0.5100444113551074,1.6803938857966914,-0.6632594300859043,-0.6857230192110303,0.6071408728224954,-1.2623606162892071,0.8815811838934677
-1.7618756483700917,-0.20856900674868842,-0.2299282707431067,-0.5531092382524583,0.11186199289884825,1.030409126085518,-1.490269756098536,0.030468595481306374,1.2885202049443272,-0.6718135665052422,-0.26118294679178533,0.15608674484475063,0.3326546076317355,0.27807838942181917,0.8999691221534827,0.4603772550568234,-0.7453443207469974
1.7491369804465149,-1.3498992283485811,-1.5548448257641165,-0.25467110569632856,-0.3376311847012355,-0.4161470445682825,-0.042194668782230174,1.115075894627343,-1.0050554678215065,-1.5024306015797768,-0.2976159927054174,0.60812225367696,-0.007824611690664628,-0.24988750852565708,1.4918084493449206,0.2629722429297376,1.441138553288255
1.3433999215360624,-0.702543799025316,0.4630768877496503,0.514202641320855,0.3736846389192612,-1.2777706995150384,0.06509556977822102,-0.4225647707128064,-0.5337543426826126,1.3442275239378476,-2.022142944213841,0.025403222927373532,-0.9805865853342832,-2.2659238113827267,-0.6381158150438517,0.12098308866075565,0.3298455076270423
0.15420398305221922,-1.0050775007668507,-0.8176374118329206,-0.8985988044531585,0.939265002577626,0.04439067392402878,-0.23338484563209103,-0.4845077677010554,0.5304758014629054,0.25639907602978423,-1.006226008742757,-0.9465614391509496,1.4918293306116877,1.2465337060744646,-0.40833928632150956,-0.17458909772884018,0.5311754694372601
-1.161904611262059,1.530984176025167,-0.47869004450335023,0.25263186557253803,1.2216966261040818,1.0444374702380619,-1.2136642423083637,0.9579743274163857,0.28392412571556747,0.2429226714578623,0.32296526895997674,-0.08813901209646019,0.7363233014436223,-0.3150752709533215,-0.7077879248166674,1.3290515036275878,-0.5697802703341065
0.5123164085300299,2.1855107139369525,-1.7380233983633087,0.7116159220478129,-0.8809419448810342,-1.5258603396131698,-0.3812492548645696,1.0148902123537917,1.1936347200800974,-0.5455724386726489,0.19516395037436893,0.13054044532123094,0.8173921513256203,-1.4506550624891466,-0.5504414112300159,-1.6961917142022664,-0.9695017049859536
0.1467894949892643,0.7039994581056137,-1.3455245848658386,-0.620193829699162,-0.17064040730639854,1.4381183158761983,-0.4450397279487383,-0.3501020751629965,-1.2671947016170027,-0.9387201006495338,-0.5122162907504363,-0.7065006149991968,-0.42108833843934196,1.0794870091991935,0.8032388865790394,-0.7963512425918038,-1.2973825569676989
-0.9049240971218026,2.3331230418105937,-0.31110876310498414,1.3184338166527843,0.8001439192451221,0.06781677693511429,0.5411292826873136,-0.03587480818485664,0.19592554294070388,0.7551321670553848,-0.8028392252254323,-0.07199817274225222,-0.12457926790240896,-0.18004342266836987,-1.671506384709301,0.021719073881062277,-1.4641270237499937
1.7025803575679037,1.500736172244126,1.0878285487837094,-1.1374967980411712,0.12034270672098109,-0.6660298898728035,0.4264755714615851,0.4644425628768271,-1.0580501577587134,-0.3390713570646357,-0.029395476764675556,-0.07821226653100348,0.5960170375107456,0.14087544874741906,-1.9901684300408744,-0.26089224069753136,0.2851944581926035
-0.643924948103359,0.2327714680658523,-1.0306936753580709,1.2753631044460363,0.9913953858943896,-0.3290556586775384,-0.8441605446927303,-0.6876338551822468,2.228179352919511,-0.4206775559301472,0.9467955585121658,0.024778443943974042,0.44175795671112894,-0.785298685069567,0.8719929207324411,-0.8641010728388452,0.0415500672700678
0.08444981036478584,0.09002509062073226,-0.6846833703255485,-1.66486025790585,-1.0521020560080365,0.059395220728575324,0.12415602392404052,-1.4255667258207565,2.696309791825277,0.49303127914143313,-0.3908577831110915,1.1790648123254275,-0.5734961336800324,0.7989142416658864,-1.3023535036490277,-0.04903582357014686,-0.4791016470100282
-0.6109015389201924,2.5679132476933715,-1.9696100202714415,1.9553404730442456,1.0522943017741564,0.38486297087728305,1.6276408525293244,1.2166280861509877,-0.5498913698691428,0.10904179034345247,-0.25675154545845297,-0.15111257561516492,-1.0621428569053484,1.1330919968926956,-0.9663236134584607,0.4838331105446353,-1.0000144528862271
-1.0108151762199438,-0.2752865178366284,3.1440754103351383,-0.511389930750744,1.248256339366722,1.0871264339208955,-0.2986220676034254,0.11092630556952306,0.7660185592550053,-0.19877409505480886,1.1706337080403102,0.10381651735573333,-0.8456034539385389,0.623036276287923,-0.7445396704469719,0.5062232382216497,1.2447942227495357
-0.2244267831850102,1.7405964553332474,-0.676896213944942,0.8647979254936737,1.2913759778368692,1.3239866462655072,-1.8026118677013454,-1.361260533997453,-1.4279033987032874,-0.9326080671694648,-1.842744524209266,1.3676541091114145,-0.699347266440976,0.18902199772821088,-1.010328152811779,0.1917732402604425,-0.3139647335208577
-0.6229011817730885,0.1091073498109663,-0.46700826383704436,1.0929503675246692,-0.012816634376566499,-0.056258456363209024,1.9267659173473834,-0.35969341280370426,1.7358993188913152,0.354886360251894,0.269535252778164,-0.0027516891735568463,-1.3789404459340038,-1.586286548796825,-0.0032132640492273028,-1.007684755853858,-1.5649157542747028
1.1810229738502265,-2.353909045758929,0.6766189771110638,-0.3623042900762382,0.20659791816275885,-1.2444246135269899,-0.1335888953257642,-0.8767575445036473,0.10697989136085478,1.2054790923262906,0.0870904359949178,-1.9049250786518943,0.8541091242386246,-1.2998686750289046,0.877669608944999,0.984103526281604,0.836631950226224
0.09352233414976256,-1.1207560882794885,-1.996962992078256,0.07902072683250484,-0.4249558258131573,0.12513868457995078,0.2537106877052575,-0.9804593469811771,0.2996808426102565,1.0318886710182524,0.11863763305451205,0.6874166010848468,0.7062983560433492,1.957307471456849,-1.8672956857565444,0.5082502166250206,0.1292699311941541
-0.06042392802910541,0.6423425546623941,0.051943097042569726,-1.4541630506822576,-0.6713968463226327,-0.4387123402912845,1.491524456385825,0.6294197478923237,-0.6998008153805646,1.4822828505896677,-1.0880389609247103,-0.1978239025308405,0.020110505545055904,-1.0488627347623973,-0.5788337638924399,0.748263053388985,-0.3220653942579919
-0.7734123328257889,-0.2512503552124279,0.018436429748711014,-1.2376761158873184,-1.0424287638382597,0.21632125589529727,-0.5299731932491399,-0.19063128439153537,-0.6032824008388322,0.8377353625091186,-0.49200435127205805,1.139206929394257,-1.016582696364884,0.609825342821885,-0.9882868598350356,0.8054423082435993,0.6324999416107375
-2.527696465674929,-1.7796221441176119,0.27595175430301094,1.9437294435236707,-0.8510306276800644,-0.17027129059245272,0.814765424198992,-0.47607174623082443,-0.3394090585053703,-0.8501796292757735,0.5747886286045354,2.67805504607259,-0.45018361377491867,-0.09734913190713335,-0.02421354704447954,1.1635155403554827,1.0954620470661764
-2.567485499067341,-0.2923230686064007,-0.42252048058017677,-0.2476864392114643,1.0155389298304849,-1.322069850651299,-0.8674409952923707,0.030992145054009306,-1.352546521190594,-0.9966617169370606,0.20942355715022903,-0.3422560169456259,0.28267661178207815,2.0901746555208565,0.5628304203682097,0.12782532640812938,-1.5708577050412542
-0.8081916215655448,-0.924446253502215,-2.307642779659184,-0.31918983253075817,0.8204010969570891,1.0099732471613583,1.5962813835485017,0.09357347329185475,1.8832292432438547,-2.1435183859271603,0.9997842784713096,0.3514566730283206,1.022045953402827,0.7472264090060345,0.5004746857331468,0.9276784591359586,-1.2993251458120592
0.520811864575007,1.05780516013628,-0.4517045927556662,-1.4243218237278819,-0.1932424286883117,0.1697285541529589,-1.2229171282949016,0.5991534595712528,1.248821093843724,-0.47808246303801477,0.09130048462530779,1.057656125502853,0.5359690196544995,-2.314827057506897,-1.0686316480868068,0.3697354881428747,-0.8559612194327794
1.0321147520306337,0.4957428772362202,0.3067788048643294,0.939126092150658,0.9781853732704499,0.24749910642731254,0.7755148470890411,1.0881229852707992,-0.8268476666353207,-0.40107705308057906,0.8459611335374081,-0.908484997585199,-0.6787886460749893,-0.5461852279198448,-0.10644817951279563,0.6908182122022377,0.169194941192156
0.24838278625907945,0.23346580292484292,0.6605583083637896,1.4130388562678904,-1.8120058329537971,2.1820322375892545,0.10378720695765012,-1.0112582065844824,0.5478719657866113,-0.3743537905246061,1.0863380981686848,-0.6361309072755597,1.512358063289752,-0.5193815911030422,0.5019604502977717,1.4135497682375784,-0.4563462934772435
0.6240994899414007,0.2501189957953884,0.9336394594515223,-0.632874163557555,-1.7430903635643737,0.7858485399327223,1.396728342186919,-1.047920395166332,0.30739073514416815,1.5811378248861103,-1.952178266686439,-0.49481468900015946,0.6957064115952052,-0.09785836779701383,-0.49199417554628017,-1.0605457193149554,0.081455823216538
-1.7635630869110908,-2.4137939900375,-0.35027177480809923,-0.13766933651693714,0.6874967094097418,0.551001514503168,0.11916221874176267,-1.2513177438453438,-1.1856207237197083,0.7337794293635916,1.7801144983147268,-0.14819965682079334,0.30965024357010734,0.5142222871771558,1.2519534174243805,-0.29363495239397946,0.5336023069595949
-0.02478781373788956,1.420421067506456,0.4149021416959047,1.4050777314205003,0.3316502546700954,0.07862548954096349,-1.0581804273974746,-0.6180467993361423,-0.43908788192922227,-0.5486314061887703,-1.595665200755685,-0.004466422706109659,-1.0327312174741368,-1.2587399357198992,0.45727959199254237,1.142257678246377,-0.5947328776468951
-0.940762849034702,-0.8057023862213117,-1.3381301078588266,-1.6799489051251444,1.5803476585207996,-0.8813943047218282,0.4168096399332943,-0.6590851645336295,-0.019592028129725957,0.13740189624391685,1.416115708849576,0.43325751707645227,0.685776422811697,0.3546423998475828,0.1595803849656378,0.6839676759288763,-1.101816295082398
0.8073235379287172,0.26036867535156016,-1.2229508200211407,1.2195798645281364,1.0709590566611722,-0.7026289063345776,0.04812435817746702,0.4401484381938014,0.28967410422242623,1.328802237180739,1.0921449643644172,-0.10383298529811062,0.6109992131525878,0.9238415362577086,-0.6151490693331465,-1.3519694679494663,0.6138282733286591
-0.1303572595369176,0.03768258728107576,-2.116266261831479,-0.5385064280170117,-0.026865200874059112,2.3732938940672788,0.836380352536068,-0.3540254968503187,0.9951403915923288,0.32424787004473926,0.9945435600372893,0.22943882279916816,0.9488818042586878,0.6494444626550092,0.03980533034842442,0.5623903394488927,-0.3275151482633411
-0.25287451439234004,1.0737523241221933,-1.134244801033298,-0.6276502945907049,0.9835724138843748,0.5524830984199727,-0.41791959867808376,-0.7427597766446254,-0.707863855607939,-1.6643359229330628,0.09268837841145536,-1.556392369732512,1.0728401293514682,0.44177740923687103,-1.9458616782135383,1.167009889307977,-2.2209661751403313
0.7345627789407754,-1.5680706296369264,-1.0458317386494835,0.049755398931194496,-0.6723974203029918,-0.4616795979837749,-1.8141040120441279,-0.6629475822046119,-0.5254224436413061,-0.5778533348109316,0.41617716730132853,-0.15080268284063889,-2.424499709410268,0.39788532174642643,0.21219115624873036,1.5423733116221765,-0.3637524303595478
1.438657840247985,0.268048152084297,0.6357261252167445,-1.6566114411580424,-0.27962779694715384,1.4659267851880655,-0.40751590965681567,-1.1470533479075478,1.6786998232686388,-0.26306848715926295,0.19116451481258545,0.8641746095673621,0.04475142733718164,0.8380937190250433,0.8522447651380349,2.764395134271143,0.2812014633738157
-0.6770182567925922,-0.045417136928628594,-0.7575513488401104,-0.40461168335663794,-1.4803146646101533,-0.9390838123455878,-1.292674996001371,-2.8231634228644986,-0.529725010377104,1.0754627659129075,-0.16378462426681248,-0.2268664257959318,0.18699373289563131,-0.9172094953897469,0.06710009423425484,0.5387461252309678,-0.4294779633031065
-1.4346368902863365,0.6304518433709134,-0.23764365965278691,-0.16052269129129432,0.013529049997515212,-1.7027338908572667,-1.0349118561160584,-1.5305502618144935,0.4930879130836204,-1.1023717106747823,1.3112527131837957,-0.72312230815826,-0.7809500408266677,-0.043519822844336455,0.8046357081634851,0.4651012577013273,-1.345383867781212
1.6209861453411178,-1.6445019172147006,-2.678379718930504,-0.902885541238983,-0.026631366130895458,-0.20642752992386895,-0.14607650260763236,-0.004669890015098062,0.7928262521490904,-0.3062383547257907,1.8437996960656173,-0.6511908452788341,-0.3862246765354883,1.0114886681536368,-0.14471026669323336,0.1219773358412147,-0.2868706642579216
-0.59670224332923,-1.6462079069035547,-2.485466466253107,-0.15203407951586181,-0.14336247141568864,-0.34623352992024986,0.8860724847906059,0.22562212536053391,0.400202709956283,-0.9746023678521034,0.6721845629664738,-0.2982459099332247,-0.18706327432007083,0.892525516529984,0.4630910449090224,-0.09430667070037986,0.0456393405760364
-0.4566549221951918,2.024253350696383,-0.836665935400152,0.3189667224476179,-0.08525592577078711,0.17209166793705424,-0.7009236255013328,-0.4419706199064115,-0.28469911910277174,1.0344465452328486,-0.17211918269275303,1.6163101781873244,-0.004364756174371144,-0.6061121325615584,1.690860866442363,1.535940069040321,-0.1862065275926427
2.698612432818314,1.678347510068131,0.2890475173650163,0.31720021849569613,1.9117951730645788,-1.1027912485710458,0.2080215303277325,0.36827506885203704,-0.13539183993896722,0.40786568223524833,-1.055327389254908,0.8736806190055093,-0.9136628322164779,-1.7774019428719754,-0.7279147337569767,-0.14554072038424484,0.0569308503090303
-0.6569755058626366,1.2751250596550627,-1.1965314409767516,-0.6529539420146592,1.0387587759948835,0.05876247027715975,0.2664385676919098,-0.6194469627160213,-0.7437038612221869,-1.0583106021957094,-0.8213834600528652,-2.466988773051039,-0.7247081226481877,-1.8567639157808007,0.45292079653474543,-0.9009725239901252,0.0436445844207238
0.9158599710296852,0.026204767501508325,0.1454343947969578,0.7141588096596868,-0.39853293000989204,-0.8192203214853319,1.6882970956147307,-0.7081292048754529,-2.079643380680738,1.087217728513541,-0.6917613951673096,-0.3877026632223749,-0.375032580525687,-1.5681786545094567,0.22466936940012505,-0.2301257989200936,0.6519498108845532
-1.9064399156907916,-0.4983536437072288,0.23495281325578474,0.9566338567260132,-0.011317260130827183,-0.387609764961165,1.34015302191313,1.3617700867275797,-0.763594124212896,0.7914119885277952,-0.117741137724919,-1.5427751506707579,-1.7211221460826138,0.66733957292043,-1.0405538019852505,0.3450522266365112,-0.7590712941591241
0.5258685072025943,1.0597145914175699,-0.690307698585019,-0.3603456557733164,0.01066071437214559,-0.04647795686239973,0.9660158571719836,0.29491509943893834,-1.094193842002235,-1.2736193409338628,-1.7082725931382559,0.657845307960453,0.502439729617326,0.44116111378124345,2.262143481617202,-1.4294897301269367,0.7359822158307642
-1.028760795148653,1.09747921704137,0.7975901335448791,0.296933857727109,-1.6986819924343504,-0.0705301935145416,1.3525267770034342,-2.00006495157376,-1.6639917566032063,-0.2757693559517425,0.0343916013325938,0.2127401337727346,0.3776982821354364,-0.6855449226383178,-0.912278893598827,-0.04052554474131336,-0.9565186465548348
1.1748869532039852,-2.163074491840764,1.7117387595070759,0.7509438834218325,0.2465530474263773,-0.3239483307391453,0.8135027557485224,-0.03700156978667701,-0.840543034838575,-1.0804078338282852,0.8154593168359672,-0.550802246052396,0.6408043470215942,-0.21665967442916212,-0.3451818024422921,-0.09370022928992901,1.311970039532565
-0.14267154208624666,1.34149293026649,-0.02175426498376675,-0.01733606378173203,-0.7923564095743264,-0.14960276819189264,0.1850012247605721,-0.017616553243379546,0.25721587643019483,0.6629636866845158,0.7721793938730327,-0.8782857976078976,3.137145177395821,-0.7601184028393798,-0.9352409973727922,0.8155595083158724,-1.300344008299822
0.9005814924302848,0.712030736621297,-1.4128088268479393,-1.5836239966346106,-2.523236308403715,-0.3823499806154708,-0.8017093986015144,-0.5986378911193972,1.112644480269458,-1.3084283878453598,0.2730513647013852,0.3884616184261311,-0.6927120338684084,-0.007536692242095148,0.3303230377869878,0.8687456429824972,-1.2969008238628794
-0.14296842144009717,1.6035937240606941,-0.37076555856697524,1.3857148051386112,-0.3976793462481109,1.7438392253179698,-0.7400553042207463,0.5408833347909171,1.0666742793562018,-0.5651307493437616,0.6837425164017212,0.2169219924557665,1.0560505995078118,-1.617513475797755,0.7751417422391947,0.833631870111805,0.2265084290671281
-0.7158650796848652,1.7913302048913677,-1.5081150550757996,-1.5711383696436414,-1.2030019977105462,0.21990724518099353,-2.702600200787733,-0.7400820961853979,1.5704106311772268,0.20402345781299494,-0.40581868155376233,-0.3920774395503113,0.2691697635269517,0.41903232207723023,-0.5370362295219989,-1.9116725394795786,-1.3115365321732255
-0.5622230677907367,0.22084786919491128,0.9849998850743593,0.005081092557313891,1.5879985765782765,-0.061363898446017535,1.6261448013527515,-0.992597524009629,0.0321497019918194,-2.0616932948720827,-0.05088020113996898,1.3081018821464123,1.3628079179949346,0.22339426917419083,1.5743082443296548,-0.2765285194129858,-0.0062512179853606
-0.3025028238456582,-0.554779423673336,-1.8448464352745704,0.09200114808219165,-0.85736226800417,0.10699179779550774,1.4553524571376142,1.7790733591350827,-1.4641563924588037,0.4795516705559316,1.3597353421824359,-0.7125318584292933,-0.8403514818090257,-0.45164858332277474,-0.09079345025732138,0.5619753870848352,0.6789044057094219
0.7237440860444799,0.5281567071941522,0.24831507323504745,-1.5275798153844107,-0.16483116894929575,0.1785147020604913,0.3024355723225109,2.5192985496844136,-0.33465356503103816,-0.16928063913093414,0.0382488521613708,-0.7733746171357585,0.8753526793304648,-0.26666020131006896,-0.6768346846300146,1.1043587086840834,0.905058290880532
0.735044238458558,-0.38243285523756826,-1.277081771820813,-0.8125920057839834,1.510166746296846,-1.0321399428977451,0.5006594919239786,1.5474621697810154,0.21400834423065326,0.6840078923916549,0.22628576778245796,-1.7914480290366896,0.7295311669327669,-0.8382524708204678,-0.26410617885138854,0.011634895324679621,-0.2215859244312866
-0.03196493559867748,0.6504536246093714,0.14399827405128285,0.8492431930460617,0.005712385306650053,2.218853837060357,0.40769559456421345,1.304447243794974,-0.8052659527303646,-1.5233615411474684,0.162331637115244,1.259964386164025,-0.43061136001225847,-1.7311385379730018,1.1763546472958502,0.5376880284578932,1.5372923136561374
-0.3461577900571395,-2.2639988200368006,0.4321849362410142,0.5781210395656861,-0.06910622327739471,-0.8107515748928962,2.345295054581911,0.9442083656832184,-0.4864855154267393,0.2735678584690255,0.5577924259855153,0.4002117705363038,-1.9026380150882496,-0.5802189720178291,0.27092885703860653,0.27211085547215597,-0.3122004936473106
0.6595098967773082,0.38577852884509367,0.5059781935645962,-1.7347659385319758,-0.831554046472563,1.7036620824915556,0.5269296509568788,-0.25060210323459714,0.7406730650923987,-0.5810929567578191,0.3335542458975205,0.7558513212869036,-0.26028693601488057,0.7628014299391472,0.1488854174840323,1.3165799717477764,-1.1976094887617217
1.508681581105407,-0.42480408902500816,0.7417757565648203,-1.6667526477711376,0.10454415126985302,1.012888244240378,-0.8905907429137687,0.6429499436235961,0.7453450700005905,0.04974501185836157,0.312831607727527,0.35506580631246143,0.8116197947342761,-0.2175127306040079,0.47593503278967597,-0.3148988691402714,0.0729767614077439
0.47564154842973044,0.499243057336034,0.6204518997812843,1.4576842651643276,0.17684882521283762,-0.03415166543225016,0.5769677543835957,-1.6344196990560107,-0.1528427028425635,0.16596303876149796,1.022481964121095,0.5327174889626144,-0.5941293217711997,-2.15326703889937,1.090027898516339,1.8371794316582803,-0.4829599181582885
-0.16272657861791417,0.600888542177141,0.003091689721998784,-0.737137110403559,1.6388102545697214,-1.1190482434007734,-1.2664980237644126,-0.20943618366927713,-0.2637115010797829,0.2897448370792462,-0.7538885976003343,-1.6936925896809427,-0.7235669271331108,0.07503554900679503,-1.050872817390261,0.9821424046700127,-1.1740756216142445
0.4009664941597277,0.3474788230033375,-0.49976907314697416,0.7806683709913406,-0.7208790533009461,0.3092395042480639,-2.1569320771532148,0.42530084285215347,1.0968051291575696,1.2448917226352525,0.6792086127644965,-1.5325908285298397,1.084389334368044,0.13588048684082474,0.7498671005805183,-0.9506123615524359,0.6460361842025395
0.7190158944580234,1.111062404893648,0.3316484334905691,-2.3683354632985933,0.18414921908576895,1.415282194469187,0.2690024822992463,-1.4301562128454595,0.9274896990408584,-1.001530937570944,-0.823694120978807,0.9312793811840996,-0.6225383771576359,-0.2976563318575058,0.08874009498262557,-0.8519468052209349,-0.6475187730344922
0.9326844056721422,0.42326792958000253,1.4529459774464488,0.7224226583404524,-1.3107057659918957,-1.3917238014026632,1.644574052003862,1.7655521746650935,-0.45843311969586237,-0.4653300745389535,-1.4133927796447145,-1.3704326412630983,0.8908737724439552,-1.2296387460479872,-0.2787701260889927,0.3293203169922135,-0.7883125667640951
-1.9235107440938797,-0.009723718836306008,2.2334707765535606,0.8361710550275607,-0.7385100542993432,0.11929040280557837,1.869262430341471,1.0170737572522106,-1.0439026961353903,0.3137509625306106,2.4663900708360957,0.48303705888198767,-2.2358600305848007,-1.5030215646398575,-0.9195148240429901,-0.7847872793008611,-1.0944460108555267
0.8908806108290154,0.46818341873872843,0.262371086427939,0.07798711597027021,0.8082207241746804,-0.10342711404541649,-1.5135802753755065,-0.7081963565137018,-1.7796181272749376,-1.1164186888816985,-1.0239541989468721,-0.05789233513767187,-0.7656100931905045,0.4722064206405679,-0.6158965828304511,-0.3658181972684953,0.2914827161030763
0.8795933929219912,-0.4937102576404593,-0.3042202132702089,1.9922297649577612,0.31545088908186536,0.4456542921917997,-0.9969293299767512,-0.376405283340917,-1.0352811711355656,-1.0310193065775166,-1.4665901875015133,1.2486838541231629,-0.004270608388680998,-1.1832567594475254,0.4131321167904591,-0.6872273559773618,2.016532357059991
1.0233014465097887,-1.5737442068362637,-1.2714903049356203,-0.01900670729600288,1.5056679489721527,1.6181083091965887,0.3053115065351363,1.3813195018237645,-1.754008537281502,0.5409200422050789,-0.27947061533668205,-0.5731481744569115,0.8894350768485056,-0.4329153369023203,-0.3260395720913701,-1.4712576124998828,1.5463167246555858
0.3044204288756689,-1.0438628937601475,0.5697138709112503,0.18248651555855486,0.04352296871657967,-1.1602137342041425,-1.0097630995233937,-0.3212371067543809,0.33699818068519094,-1.148960891273664,-0.9463093572993428,0.5827577838086774,1.5097417216539355,-0.3073429348372665,0.8132468149879982,-1.836958798827887,0.7694393209413606
0.40637785831062306,1.3989604514152867,-0.8646606398792013,1.7884617599495023,1.0314203511246536,-0.2602270732722161,0.27097212646534663,0.24391513814427654,-0.23115476114890493,0.5498795905735995,0.8059874315215317,2.0162904637513823,-1.4516789277834028,0.6263905625187622,0.35224276773811725,1.164067325524873,1.1402827611239053
-2.0027262376962094,1.4625749476279861,-0.46459492681054126,-0.3099143417012075,0.7928738216408913,-0.866450377806686,-1.5185011919591986,-0.7155152779998767,1.3775303602556965,0.956731259017182,-0.8161319335477468,-1.0518772249069013,-1.2651681962389774,-0.1053820799523308,-1.0143323054740825,-0.0965211946544999,-1.703131888977366
0.24715445205624936,0.6189082605332058,0.3559973859454574,0.8481104204997941,1.0089057145559754,2.367749736922884,-0.9475253888768729,-1.767877218889679,0.05378975058551467,0.6835328244157018,0.5222242445263522,-1.142062472653471,-0.23287925552381827,0.1696587847612398,0.04439037116987692,-0.46514091906384675,0.7054317357662018
0.04992610492699899,0.43159407180091125,-1.3199629879837111,-0.5063367251082198,0.2457452867150384,0.8526748549132311,1.319705475755827,0.09851700490895274,1.2689399078653185,1.8302881564491853,0.9274363273212202,1.3290819089724653,0.382920615955242,-0.4651020334206202,0.8177832507448812,1.3142599782191242,0.1444011600480416
-1.1740896473410847,-0.42791039913128937,-0.24205070658675043,1.885143127854474,-0.1417484839636041,0.54775889370591,-1.3918073183322373,0.6534301814195539,0.9736097716017321,-1.0748479532429964,-1.4577733903418837,0.7815843032192578,-1.838662982524035,1.374711717892853,1.6934392685265711,0.4020315706524152,0.141223096306893
-1.251643786810939,2.40004281164368,-0.026546041181867288,-1.5937574518979543,1.083377020844674,-0.9932352838736044,-0.5241425913204188,-1.639556749477378,-0.3550325227844244,-0.2982422325911249,0.707535730080708,0.039925889311162935,-0.27505136896756077,1.0194020561274484,-0.10085632403806458,-1.869612054456028,-1.4245721800507627
0.9561769321655837,0.5313065189255181,0.7587256272629572,0.3266674731693054,-0.021176615217436794,-0.0656345163325617,0.5373440814237038,-1.2609207334074075,0.831200063393033,1.3474192154683624,0.24643885602413584,-0.7902774032444144,1.431650874010185,0.16402225537760487,1.6347586771342608,-2.6801598746373076,0.6047834993350767
0.5465517642922927,-0.533936737747799,-0.8315514795933105,0.7144641312861828,1.3881278613942076,-1.1868843461532586,-0.5097415703132311,-1.148027479625411,-0.7662678892928475,-1.6438505533110928,0.5274302264789642,0.7594374906231148,0.8167361568506455,-0.9568323897781469,0.604930631094973,0.5984176037810428,0.8864028602036875
0.5648995191904822,1.4366411164012816,0.3378197388430378,1.420725701350038,0.6902030536136766,1.5421089262815233,-0.4360185780277695,-0.3731848995211203,0.6050496256166972,1.4453219557857064,1.1359927824076774,1.962852872966071,-0.07147278140062771,-0.48601458471793424,-1.2003751865396672,-0.10762612122240449,-0.1655231231556787
1.3971050905257034,-1.2940290888215975,-1.075048334665876,0.888726176015324,0.3354570348642797,-0.8883056538497045,-1.3887980975832395,0.6316979856330148,0.08261909391044449,0.39587225368486767,0.9513200496985248,0.2699187743332221,1.325338429660456,0.8554491299346174,-1.3581159757685142,0.3839242268143203,-0.7455472777077973
1.3169280464207465,0.8315861158255331,-0.1667591867274329,0.7360800208735656,0.4645226757493482,-2.205133555848286,0.09916969601887463,1.0566974549852082,-0.08254285555113759,0.430585589140113,-1.4411485909653046,-1.1760479708146552,0.7399927459213379,-0.08151524297879247,0.38976341342099985,0.7869263368564412,-0.2130990695171548
-2.4914689034794946,-0.9698735230187823,-0.2992761339137386,0.4670930860111678,-0.49328417019636517,-0.16113433625037007,0.690566353953644,0.04124034719244027,0.1743638657483229,2.257336427912336,0.36239423563911116,-1.036864864743433,1.1359328947370249,-1.1048176321137966,-1.6600926075331173,-0.9290910543385211,-0.0052481372432168
-1.481551760069371,-2.8964098028520495,0.6856201828068713,-0.48100192117418933,-0.09711092815402968,-0.06702723180608107,0.0870918234593812,-0.40736849665808245,-0.32419276790790225,1.2378342412951358,-0.496903747268528,-0.31880786851438775,-0.3411650955653336,1.018370825483758,0.20804361340973815,1.4992128476831605,-0.01421450270129
-0.6539999491655071,-0.02323756441351401,0.2608572069644314,-0.41160603679501584,-0.26932503132136754,0.9746238637031612,0.08126142678352477,-0.49530639944341026,0.2813993330073958,-2.437804324680172,-1.482724252503044,-1.0618800685567102,-1.0749769580866015,0.9240685267375962,-0.915039620608935,0.7568675762430408,-2.1627369704089023
0.2057318692041433,0.07075057853014372,-0.7948700402487444,1.0555885417512623,-0.9547456305349689,0.3835592875526177,0.14934054530911878,0.25515898975096285,0.051068981786550546,0.5775251556794582,-0.9852440233254424,1.1037010751523415,0.8005546626701242,0.20259812817829323,0.9536843416205865,0.4081385609047361,0.6263213042204557
-0.2054142319901238,-1.6433573230550287,2.4135700225870282,0.4039922540755994,0.8961414641365527,-0.43104920814154374,-0.2064244016271016,0.05401976563364477,-0.24413801895993853,0.813967051000882,0.5339559330965002,-1.2756034049805987,0.3976785132383678,-0.43920433694831523,0.1436017141990784,1.1987294649501399,0.4881871532749501
0.29604683220652656,0.5293052980339419,0.4390000164890642,1.0900445926744307,-0.3465175642406781,-1.4010783290382398,-1.4868539637922078,1.021584857062648,1.0681522918568143,-1.8727091623377807,-0.5087065494610679,-0.10521638808094531,-1.2321057978577448,1.276603335209326,-0.2432052971435732,-1.5710469881153808,-0.9366642368343772
0.7371559645304034,0.0990565412243232,1.6476551953082779,-0.31427711821340826,0.11557542637407586,0.7772518371882524,-2.620528767299061,0.255121167619478,0.3458426528800282,-0.25084605603412785,0.85935891732099,-0.13841800811925015,-0.6164281389952627,-0.7445285342743237,0.24433610645401704,-0.22717253584883848,1.589489588408782
2.2999412366413754,-1.6086203760738627,0.18545915839016086,1.6423269485781793,-0.6035245754730693,-0.3002390123008876,0.7891734819451004,-0.04533765410613436,1.3304051764947487,0.3131389077954426,0.7759749276936521,1.4214867852003703,0.3829943149033371,0.1429281308432661,0.2742317216702447,0.07903273956426088,1.5044243698544086
1.2652779901865017,-0.9804032221788769,-1.3908600391326342,1.170827588005578,2.5536223093650317,0.008501758152048426,0.5798951873807916,1.0885932975493984,-1.4122245048300577,-0.6291699082213439,0.03899824399965012,-0.03967462916763055,-0.2806111523155004,-1.4185905414685926,1.1781848633915633,-1.0646030313558383,1.8216690710097927
-0.9420582751245788,0.655908471406233,-0.31707803475420826,-1.7165560550171655,0.10268954149759649,-1.487673450262458,-0.8708325478334804,-0.5091082937864688,1.5900479305918076,-2.0486732078459924,0.2017341683930225,0.45339894068989706,0.8134526409973302,0.6097098982725306,-1.593409306159849,1.5750728190555718,-2.701840241591946
0.5267257783390634,-0.07702001834040428,0.5571996225970778,-0.11305411299197624,1.0413768250969455,0.6670404690695793,-0.8939727835233165,0.21233914378471117,1.3687832309490373,0.7118378730865322,0.9593667659781306,-0.2743612281839866,1.5586441845381545,0.3809799355935669,0.11877518007622055,-0.7718594198322001,0.6368150178217683
0.24641447072505107,-0.7743788419798531,0.6203707903398397,-1.095253421341787,-0.031074776531766064,1.6105399851443056,-1.1911051125130263,-0.7498275494807533,-0.8765623064911802,0.3611176193756106,-0.19553649427666772,0.9617288107563047,-1.3839320739757897,0.1193164015604363,-2.697541322538022,-0.639772864206101,0.9388870101724957
0.16961128675454343,0.35651089690992616,-0.14775621218126805,-1.506367054298293,-1.1774460027281661,1.066162498845679,-0.14801137694419894,-2.0924676080122353,-1.6654289700807594,0.49307046397522625,0.7811191620284722,-1.028042609004265,-0.4136902450070635,1.1526975763302998,-1.0878518203877592,0.13054884290603505,-0.7162594388981368
-0.5732379292173962,-1.8281117822203121,0.8681626057279526,-0.859546304723337,1.3676448844709181,-0.3552310851969365,0.7986641685600444,-0.4072417664988138,0.24517906208328377,0.7172489798334538,0.25731503686206975,1.3937060917444466,-1.3941762391604517,-1.2089745803506198,1.0518821089947883,1.0465607095584977,0.884893995739423
0.1810149102246834,1.222792945305599,-0.660731976510132,1.3144525462475576,0.23252979928674128,-0.14997192617163999,0.42108447707922325,0.2302053108623884,-1.0521344767366707,1.1603649886440248,0.5123278905225838,-0.5458591094234161,1.8382731346916539,-0.5987262976602888,-0.4367711422076533,-1.3929915637373176,0.7282564156755872
-1.5097658914598384,0.020422487653680838,1.7304179700406064,1.7289538587713396,0.6244677283294173,0.9150803778141291,-0.2487531863885261,0.33332767059117235,0.149988508963469,-0.127445316029593,-1.0777028344255424,0.6420671928873974,-0.6178526316388926,-1.7588896756924108,0.7676793887881175,-1.5449954642983725,1.9537943984417492
-1.0339104010817246,0.15185740638639048,-0.9214396700720378,3.19172100692614,0.042806548133374506,0.14547002121894473,0.029976307188351876,-0.1886820411936145,-0.2508665415292847,-0.16228526427228387,1.9115882895039629,-0.24208159000496668,-1.6340713466723014,0.36446514955457254,-0.3277841787414826,0.9756428772390834,-1.1028338923717416
0.6807913188406215,-0.2323139154267462,-0.6256307794376113,-0.60143979833436,1.5957088629103149,-0.6385219609876519,-1.7792603576048274,0.34053742425649036,1.747241392902589,-0.4497306803243638,1.0301851655049457,0.14717658891118995,0.2672293389298652,-0.8994146861834154,0.3248344950879104,1.3280151663677378,0.3318781520689408
-1.3743568264586148,-0.5806506350004043,-0.2388224730505527,1.1108435796389766,1.1952433270435394,1.1195182934188053,1.9265263063555529,-1.1742772827257806,-0.45819303960484314,-0.8858714094461382,-1.420336598862494,1.1195372401707684,1.0408375689403913,-0.2076848933580748,1.0851511651488903,0.4674364393417963,-0.024316179545267
-0.8378912038645899,0.8752718265424136,0.7099183568171594,0.8692039868998818,-1.3521653837508876,1.8087257987097056,0.2334971324073498,-0.8362528394441061,-0.7377145674800922,0.03911746951087305,-1.6638768429570807,-1.755986805602172,0.42290981053701227,0.5199563962506447,-1.0934581364460632,0.19830527437018153,-0.9086983830412642
0.6506144269657209,-0.5721759742562179,0.7791715029871685,1.8928908469877508,-1.0775487890828321,1.2473435988133117,-0.6226138882976845,0.44317330848779274,-3.0808320736940775,-1.8385761166263042,0.02485447548704993,0.07589327259957915,-0.9753366318353546,0.11587067517912879,0.352100528745143,-1.0978819210387385,0.7688130505391654
-0.8847642622414242,0.7842051454938805,0.3868615049212987,1.1066648267638337,-0.11123694753852317,-0.22383346686356528,0.018502934281820253,-0.5297378658962323,0.1485231886649344,-0.5095348379245144,-0.47571333696455725,0.42455642210871675,-1.7251902311548004,-2.331758418055597,0.5433727740641815,0.337018197239562,0.3465238367461685
-0.35163019400339635,-0.03761089071632977,0.5024095281586793,1.2942070090655264,-0.3114929490542512,1.5643733838455312,1.0830879737264794,0.8335513330943101,0.043887411489853805,0.565257806992762,0.43421927021247864,0.3930820341831775,2.717564512930228,-1.6467142382846607,-0.8926451021622364,0.45648034234259005,1.093860751948345
-1.0284106032378058,-0.8389054525653532,0.5898613819809664,1.3733271044744948,0.8807609858872425,1.3998500869146637,-0.1716635869771473,0.5877340698596948,0.3606555970244062,0.9990176790567055,-2.5904505050290347,-0.10810478024977288,-0.540115651820493,-0.4514352587701262,0.846415516679082,0.4302265774438869,1.1903845878033572
-0.9047111712479656,-1.9829192809297729,0.010296739092319436,1.9886487829448969,-0.3033580695879621,-0.06752521008147813,-1.4615717867591314,1.2216879535512999,-1.072686072475783,-1.4101076781087947,-1.015105544710966,0.09091574514929626,1.9930032448765909,-0.5552937474620127,-1.358222402165122,1.4683780923680776,0.1309885513883439
-0.1614243901821121,1.393711016767593,1.1086204587837216,-1.0980306422810209,-1.8701567499233307,1.1881393120645114,1.1209010238212258,0.6010052647207814,-0.8327683001363672,-0.3242250673563574,1.3735094013443478,-1.2871914402960647,1.1090443393062956,0.5955529546629811,0.6712072080026312,1.0185537810311054,-0.6436641516138659
0.3704883739546949,-0.8870683684586763,1.4515948587976197,-1.6227711409880088,-0.5787431801645966,1.7502495022513633,-1.490751111681501,1.1864873166677605,0.20056257551015913,0.20202995544427454,0.10105782557620352,0.02303141299687763,0.25351671404048104,0.40263012891124395,0.6113313042089568,-0.8783705242988863,1.6829843270401024
-0.25113284289673066,-1.078648137708083,-0.1495078264955754,0.4667193182599901,-1.5875477499689004,1.578830486562747,-0.7409094521278564,-1.281964991204015,0.02020215036132295,0.10924266767386823,0.9191093376208517,-0.13923376414139946,0.6749068723875865,-0.7023776529132277,-0.2811728119273134,0.5354255587999286,-0.4304092182099905
-2.3245509177687054,-0.07659772793443942,0.2643737236868269,1.2176466782492912,0.7608090912283619,1.1790576641643373,0.22506777997053184,0.5766418077921094,-0.9201439513189913,1.3696880934656646,-1.3938845325971232,1.4936323718298354,-0.2201217434993879,-0.7375746303208582,0.5326913172550798,-0.9008497670130086,1.241291618637545
-2.2126133783815445,-0.19473305466304516,-0.9993427961439821,0.875581607088601,-0.5899928236679711,0.6326645613823478,1.3889657192649072,-0.6356317338443513,1.697304786634443,-0.17260711604866816,-0.8515750467768869,-0.12799068720775567,-1.8295344935821056,1.0378708799971497,0.2628746608942638,-1.1608004494999056,-1.5616334964385474
0.30017165835923554,-0.6688851409110698,0.3140048846881784,2.2716703436046455,-0.17002624925160476,-0.9869452176778554,-0.017634123715036233,-0.9279426189810506,0.11431599371007072,1.0363114009867724,-0.5392875337148927,0.026556586508696668,0.53912730184419,-0.7873478859214635,0.8524775965246709,-0.4074921501630141,2.3107061095378696
1.353280685111626,-1.5155267708248357,0.9790437031248552,-0.3304780394772585,1.1578894321864017,2.0478581126156468,1.5421567016280306,0.7418391048919389,0.8203491286944534,-0.427746070728289,-1.3147389262004252,-0.944430800667958,-0.1041941501847652,2.1192399689924644,-0.05110994608514305,-0.18619969599914685,1.7009564529658985
-0.608015693908576,0.8518947292129126,1.7182827681683839,-1.9993869160550624,0.009661878203151647,-1.574894120269004,-0.6238690954301258,-0.08242377175046953,-0.8549787157024606,-1.2314879260011857,0.4746553445805415,0.3465430906352142,1.0141779527451567,0.6604635756673191,0.1712483956842256,0.07999505623804513,-0.2127864917735381
1.862162449057505,0.5116405343065942,0.4997382617724533,2.359266988998855,-0.46057701656464856,-0.004316466548884365,0.244187394402147,0.5147956551773296,1.2598681649499361,0.7740702239052057,-1.445126110062389,-1.4692194987689835,-0.45431420463643146,0.9664405552237657,1.056508540548338,1.2409859443133093,1.2602706022934786
-0.21830577183320132,-0.41351265559701494,1.148195789594919,-0.38899390449131893,-0.7432841025707654,0.6187553571790653,0.40958174839591344,-1.098395333879007,-0.759299612505764,0.9068108210108187,1.276126801367835,0.6049292956474774,-0.03487555845499175,1.4396213721842324,-0.46320095657625293,-1.7454377775786332,0.0714271865930354
-0.3994825181311273,1.67623219023445,0.09350544880007601,-0.9756979005133771,0.5525782178875511,-0.6810249252354552,0.7514299728829866,-0.5631531182915794,-0.917686847090138,0.2128155900915554,-0.7673690710672346,-1.6362686995309275,0.14757025297245482,2.075709329544626,2.1762708307706355,1.4185987926404067,-1.0101018748885406
-0.980443131260194,-1.4943127731816734,1.7103230439976884,-1.3251059474246523,-0.6706475811230231,0.4025057974191974,-1.352772625979218,1.0742299042071877,0.23063182002940388,-1.164183911003401,0.529336755027551,1.637636257606345,-1.0528882784029343,-1.5598736756053657,-0.1573825474965214,-0.6018662601496403,1.7069910447293373
0.6731383614138635,-1.4112252979771267,-0.15124887766221057,-1.9306334881027885,-0.2373072556904496,0.8583987262788499,-0.5529968031955717,1.2489497434651977,0.9341717275854291,0.2774371631640189,-1.5166746490692415,0.5710321247443839,0.8475399874555598,0.3046228819773131,0.3665402310164281,-0.5080306522301309,1.9622798206590264
1.7315909730485395,-0.23885090214594912,0.36532924677430334,0.31958042264121306,-1.707156436923785,-1.1047899845656963,-0.08620008302120467,-1.299565952209268,1.2659963582468505,-1.0832409823653781,-0.180155496325336,-0.997554569649275,0.09294482900011519,-1.4197317522779789,-2.2952809042836577,-1.0542939221154841,-1.30291037377354
0.1537272452941832,-0.35294310524806893,0.1991158761052602,-1.1311450984125169,-0.6831376957829282,-0.08456756130524551,0.6471570964163589,1.1451302718820324,1.5443519725316135,0.11964389816543927,-0.8659620858089334,-0.02674124636784791,0.26997520558331767,-0.16826941494204725,2.6845210825075716,0.18618331602049953,0.1367724121323955
0.1438168120005861,0.0998731329194288,0.2956347908572077,0.689864087484012,2.1983520504916987,0.8530278044011955,-0.38679633303507727,-0.8495204595511433,-2.4385621480037964,1.3163727593947048,-0.27648460601463243,-1.3027314088806852,1.1943954861378319,-0.426738231577285,-0.9427518225459476,-2.4570741269847574,0.2207988299302368
0.6747922554921851,0.8893690110528111,-0.5332391412525775,-0.26804129365490476,1.6587373443499716,2.054293274748242,-0.5342543335656131,-1.224602676290434,-0.27593265082810886,1.0932153543134129,0.5547968142138241,-0.742972570493216,0.20144764492939943,0.39212652831675654,-0.3773926110995927,0.9488783772956069,-0.3448244944632992
-1.9243281832127668,-1.9223186228650322,-0.3847666447705578,1.0701419202534,0.28243476729489886,1.8994929531257343,-0.3609605973059619,-0.9600222319326897,1.1869905199295032,0.12022629153173926,-0.7378031177254208,-1.1396748158204757,-0.3440039452800198,-0.6512700910113222,1.2982250538885376,-0.686863739273124,1.6175877435798327
0.9607949214965452,-0.3956466044465316,0.18854657840918207,0.5444291965098609,-1.814076213309386,0.5637299807409408,-0.9694538803923062,0.16975529169663528,-1.0085306323676297,0.004847584318864216,-0.40773985831844745,-0.5212609860958568,1.022341030672787,0.5193700038525073,-1.0450625376497797,-0.22813939905565192,-0.2883609429185743
-2.549875035215421,-1.1081974764866862,-0.312539013065131,-0.8841444166551701,-0.5856956751367718,0.09188568451175307,0.283945322835964,1.6261762373513815,1.1021581132239553,0.48878904593513006,-0.2600915711745693,-1.3016284239445344,-0.17221318647707506,1.0553689470685153,0.4120468923341636,0.09181440917005328,-0.5822787807188915
-0.9161458083510483,-1.3136329638836561,0.4444962203738619,-1.6495612985580856,1.5573202673948334,-0.5052802624655874,0.49753931290836284,0.10908484903045056,-0.8899434588011779,0.6630478234705098,-1.2552250260734514,-0.7467384057188262,0.15521519520303237,-0.9000018595887737,1.1573211119752493,-0.08088419901621004,0.1583712355985589
-0.9829289123874113,-0.021221841150412868,-0.36084266853638686,2.348791262062108,-0.4798327617579396,1.6750146056711699,1.3003795501548163,0.9707852014328056,0.5485605767224206,-0.10812466956431756,1.3664270244241274,0.05098816886911767,0.2921543463081957,1.0101913961582372,-0.12191169150207738,-0.3744514057404853,0.9434065930247838
-0.675472903008127,0.3375733761386582,-0.28449965951508466,1.554453618324435,0.8212192518935774,-2.084513659306207,1.7254170328619247,-0.17187527876487171,1.2858898325373245,-0.7535295069551384,1.0704513692238902,-0.07366997815188245,-0.8700117995368789,-0.013517695931809912,-0.37024495062402357,-0.015251685813098392,-2.1821760745030816
0.559634284337133,-0.07181173017015322,-0.06586138946593867,1.2487204017922433,0.6655829988213287,0.3767690635052924,-0.42179997588449575,0.28482241571441475,1.4261312261374288,1.3521436889706684,1.0599520145855106,0.22148852249181233,0.9995544422468036,-0.3680841951847915,-0.19243683925105892,-1.4655567657061224,1.4893356569429672
-0.5473245490582086,0.6806399301164243,1.6032815776983818,-0.8893281130546055,-2.2729954407038404,0.9513604265272412,-0.6860407809163388,-0.07995939467643731,-1.1538896143365946,-0.09289529656834544,1.809778674035434,0.19805596439476653,-0.701102847182784,1.396747132064005,-0.3018782570866771,-0.8432042607735494,-0.3006848562909069
-1.594806625223775,1.8274894531377113,2.080049169430444,-0.3460360874120925,0.1891138120538279,0.07155787332547033,-0.5869206533349136,-0.4312707606195159,-0.005484165400841353,0.7451850063241559,-1.4961817843593705,-1.042319952790341,-0.39504628978025874,-0.19628022288210428,0.4258043424341807,0.2830519417301002,-0.4569105547019924
0.6043049954430124,-0.9005003543087494,1.5669258913887016,-0.42350121959718623,-0.11893627572639112,-0.7490842511529654,0.3234936654203253,-0.5577255647897701,0.26155500178115604,-0.561282233382382,-0.28807412711330693,-1.5818938023101476,1.086814506718282,-1.9568667671163384,-0.04080174762729141,0.35474232839801834,-0.3905974622093069
1.6682498642885355,-0.09484814688494961,0.5150899887043763,-0.730977576040106,-1.5687742741515351,0.10455415467048598,-0.044152167858259116,0.13184181346702123,1.0916985724360004,-0.6548108038177599,1.0357878568736447,-0.5419925338100661,-2.2372460760978035,-1.7956154844272978,0.31800848758645905,0.8192032675561165,0.8194127519144448
0.8100120695662412,0.9597781403240621,-2.309272777521135,-0.0016490792836120623,-0.49881099951172053,0.7186397873431816,-0.07038280718297366,0.6945969512236566,-0.17964265494153955,-0.2817503295215456,0.27397479789226176,0.7826394410749407,1.5825711646823633,1.0912891726564138,-0.41037085631388065,0.2084167574565684,-0.5510816606195922
-1.4096511884518204,0.8158085782195935,-0.2706499521423151,0.3420041718500866,-0.4345890696126701,-1.5342710515571458,1.0270300414299653,0.071344285659648,0.7617320624524466,-0.13283399502422652,-0.712214647763035,-1.2547795455734136,0.5237191719893317,1.6061143765305708,0.20021585344252119,-0.5281530800625092,-1.8152809967804773
-1.7707565216826442,0.7709507323931679,1.2746435886666494,-1.4978691801995463,1.9296922936412229,-1.2561045007445077,-1.0634084915732183,-0.6564965537770994,1.7910177207426956,-0.09666961367518734,2.24574633050348,0.05362607003207241,0.09900040404152179,1.5316205844984392,-0.8293150507628605,-0.8384950077723463,-0.918668327723716
-1.3953505573674139,-0.5643080207840201,-0.0849678490858332,-0.41715059111124225,-0.8811126816329073,0.27654302247090595,0.3602398082628773,2.1944336065009047,-0.4833614086313444,-1.0982476308527818,-0.7362219939227882,-0.07568952234028123,0.5123425734208631,-0.12193923223583286,0.13073888815414944,-0.5921606866649397,1.4762176878734783
-0.21024855934459405,0.39678005470330335,0.9677709882419462,0.019882685721878558,2.11781714742654,0.9199233292330756,-0.718246973986401,-0.891973803696713,-0.5955763537224983,0.12592607312207962,-0.8433674493177981,0.097159746918628,-1.3356270572329785,1.40162663517293,0.8466679000480547,2.3629772898143266,1.9800194636166684
0.9859030785035575,-1.8264843424892219,-1.3432391790533373,-0.8187044160114598,-1.5157846259905976,-1.5470276515926746,-0.806090797401088,-0.0242582910194881,0.1826728791446469,0.08087818947162632,0.688345842304829,-0.4601581530312008,-1.1775609010752248,-0.33052669425603265,0.8611910311290715,0.7510625539343264,-0.7631592223226284
-0.22727657865173506,-0.787098075190185,0.26669232654737396,0.3143817799697572,0.8481389336782854,-0.5815893487916145,0.9476944760279302,0.7192506421718267,-1.4617670334138655,0.051052612074170105,0.3497893504735844,0.14388459183616173,0.8061951279040785,-0.35851565955238895,-0.5707889665328387,-0.17539168374995973,0.2154368573839161
-1.863770404660243,-1.3877309876314,1.4311667571798188,0.3599953083730092,0.07977644517118972,1.6447742658952955,-0.25062422508217547,0.09880021627063414,0.9994584389949064,-0.765372326717662,1.0406842496948387,-0.22155150936811144,1.582461592521663,1.380354327195953,0.840871825546799,-0.559488193895687,0.1789849554998734
1.2368782485942107,1.5031072521816211,-0.6638962350556015,-0.4177417913786976,0.7955166797279067,0.866094516186039,-0.8149032090606879,0.940623107273,-1.006719561046979,-0.7094268969015868,-0.23226282101201498,1.5150268631578983,-0.537259251505956,0.4029706814175209,-0.02596915950815073,1.1792389099977538,1.355109504895495
-0.5952403066537375,-1.2230965693216376,0.5349473053981917,-0.07233698528968788,0.40839209101834417,1.0553150595322411,-1.0727908092654652,-1.062318109602608,0.4221284309913918,1.2976841751070474,-0.05723296086279959,0.9941058466885391,0.661899282460632,-0.9596620646701576,-1.4421001984328992,0.38574651204887334,1.1432440996128523
-0.7834913106417508,1.1602696102468268,0.05549379997385188,-0.9228520229978321,1.3760304715818454,0.8894530703049831,-1.1543606929701105,2.0037390831430515,-0.31865957213939516,0.6917027786373882,-0.4837869992543369,-0.40051977636655234,-0.8315676323437002,-0.890852817733253,-0.8562747290702292,-0.41249020591423696,-0.3557254676516281
-1.0780912665686144,0.10900242488706842,-0.584628947056714,0.8685229572429846,-0.9201152731440475,0.8332615847135638,-1.3297347572016684,-1.2055064340684956,-1.7207636790278946,-0.6011715220548246,0.1726119723268728,0.6139396004364985,-0.8448344105942842,1.0869011572060743,-1.8881623360362902,-1.1143774444655117,-0.963797425376652
0.6273356645125397,-0.7130728702624106,0.8673325705478242,1.478173650287532,1.0958453283132135,-0.5427105629424293,3.0924797710125973,-1.0872173815479635,0.45759149796937504,0.26209972034930884,0.4250242612922261,-1.9671141361601614,1.263594664167992,0.04469999126526253,0.557614914676308,-0.27984746022855744,-0.1708934015446803
1.7093852521550867,0.6613409670169198,-0.02926582216214984,-0.8145481371016612,0.6509809658531087,0.5751072461303912,0.43461851496471027,-1.6687754061676308,2.714874852334501,1.7542079642720556,-0.5223551248523504,-1.1980847169844335,-0.24650417969824592,-0.26301502127407245,1.0500752176403736,1.5198269646072355,0.2015132908188169
1.1245998092948861,-0.5899302999889734,0.08568725835969389,-1.3690058223228234,-1.5090420579453285,-2.225514353990653,-0.8027986502475671,0.5471201886911121,0.10545227690761119,1.0815736990439877,0.00857406627243281,0.17051262028309985,-1.6250660859379662,-0.4962652720251405,1.5753184741832325,-0.7222886770877788,0.2144832133738301
2.0183442620448644,0.4226068922550432,-1.7343834451140892,0.36962443659250516,1.1535373632305375,-0.9255541163488425,-0.35872737784680614,0.5297034764701775,0.8759425248915631,-0.681482073172809,2.8514177275569557,0.4378975597769338,0.6419546973860814,-0.9991749170640122,0.12615138661923533,-1.5620059371946142,-0.3212464875481181
1.287329306196942,-0.7374997925285638,-0.16354761541137242,-1.2722902646721959,-0.4151009200558107,0.81384898586369,-1.9182558108510577,-0.1800971885157269,0.040574061410488034,1.2245464913663133,-1.6956078131012158,0.8012325537972635,-0.6789817614345647,-0.3618437901272665,0.5923218014230097,-0.07735559988439805,1.5108002555222395
0.5931085434445387,2.137107694105298,-0.7636972271970757,0.454980393608395,-0.6220870089216054,-0.0059001878590547,0.794862552863986,-1.1656381519673134,0.18942881708119236,-1.8595889396060141,0.5070267409501233,-0.12953283615757338,1.165855959203561,0.38924976592437716,1.2830804009410859,1.3762025731890986,-1.82475148026264
-0.5162308953803267,-0.26698730152763545,-0.06266357133181977,0.4749745184188395,0.6985548570257428,0.09052625353998738,1.6164490663363174,-1.2755064822934603,1.6005345056352298,-1.5088067799727918,0.2238107900903205,0.9169910982916811,0.48753087337945666,1.632035776150324,-1.1275061654048248,-0.203758361797149,-1.0503508113866111
0.4498444179142446,0.8797339661859713,-0.33110412348439205,1.444775173210532,1.320956395010401,0.07130398319081259,0.573653907798198,0.713233495982819,0.7636430425400506,-1.8007615330954678,1.19711414758372,-1.1148716342620977,-1.02593217928352,0.19047087837341553,-0.28272233900595695,-0.40146628644227916,-1.0062408937223135
0.030391520061284257,-0.48798284288595467,-0.19985224921226358,2.4611776138325903,-0.19257992999752255,-0.976930716186593,-0.9706848522470853,0.638358497215786,-1.6250081680832833,0.8886572386717045,1.6101865677074274,-0.034344641044690004,1.831112840799197,-0.5196649111765658,-1.316311101365249,-1.0730263566143643,1.9218021875903264
0.5885377821754657,0.4243079720321952,2.4759909427902254,0.05860078049410308,0.4118327588183003,-0.3940744772376426,-2.1136911661525177,-0.5956224182422022,-0.7914318942504789,1.0116506941970687,2.118640014737681,-0.3298962199582736,0.14971641763549606,-0.3854321263979864,0.2119215327312076,-0.6395764669194631,1.2528043233571164
0.05684180783029351,1.5749708290345985,-0.103211336863728,-0.18954246731959445,-0.9634568956427834,1.5986498588145142,-0.7180258954738568,0.7113091299958962,-0.0612313912349415,-2.2594836199275705,-0.8089223805936041,-0.8382613949283361,-1.758171915857471,0.18529247178006017,-0.6321364333901717,0.5065324382549566,-0.4413302946027743
1.549425787523637,0.4073545694079091,0.8024542499041736,0.44105861061917645,-0.3231245397264239,-1.3286453157090674,0.2475083288720238,-0.8608112958379136,2.18887928622224,1.4435936175569055,0.9840599351491122,-1.0708734335919965,-1.1034554001009638,0.8085360220388425,0.12529522300021834,0.8246723003655494,0.5147595092049789
-1.4088818424137757,-0.14386652827797444,-0.44726190840300284,-0.25869463643055474,-0.48066545702676855,-0.391643817849845,0.08257283099268843,-0.8828373027511365,-0.8199153063078706,-1.412224679680595,-1.2625804702888217,-2.713374977353851,-0.6927075826531314,1.0792113720374696,-1.2278949319363384,0.653130216375758,-1.924096269762697
-0.44470951106480605,-1.0459497638882949,-0.6734485485078918,-2.005959967741304,0.021015489883194197,-0.5906421245164336,0.09175125456859333,2.1748598026811465,0.1142784032618036,0.18275572254159989,-0.6906481226000287,-0.2602964463992946,0.32322875052343863,0.7715727835031819,-0.9479304546010439,1.1981079547090032,0.4412142566954637
-1.359213550691152,-0.8650220177277702,-0.03149646219898491,-1.689451847291975,-1.91672501598439,-0.9998341974178419,0.972933002037179,-0.36843666415382215,-0.4154298833878429,-1.4154197478767692,1.0243025776660775,0.358852684555635,0.7265757631830071,-0.178528435229142,-0.2239577037824448,-0.05861277161591214,-1.4949823526665589
-1.33036959492127,-0.8976344888930892,0.6829737282964868,0.11696877381680376,0.6737450182124252,-1.7677646542060208,0.4894754655335928,-1.3524143295068114,1.429405527043518,-1.1958581952664373,-0.08011240749237268,-1.5902413530358266,-0.6391969625832428,-0.29380904118181206,0.04517923730802754,-0.5269450367992569,-1.3269279331835473
1.8610876105673189,0.59742583200617,0.5303988108535217,-0.9920547527461497,-0.48414015433517726,1.9665604611319742,-0.48461934520614586,-0.6214452048390167,-0.9362819731012035,1.2750265608446458,0.07010064167444816,-0.2386686628205702,0.3729034639268722,-0.09957196085171593,0.48862596135085784,-0.18954131363816157,0.9406292173199132
1.0527668001045198,-0.06386286797830242,-0.13140427131090032,-1.5777535524165927,-2.263341441837432,0.7836830307851543,-0.5840886459917751,0.4641953977962339,-0.2887467678838239,-0.1944187271547578,-1.493385162436551,-0.7083948274547154,-0.957747223413028,2.544455934153397,0.8142070003415344,-0.4303086760383401,1.2446816815243538
0.8080922162543481,0.13230202336375754,2.0120663472274978,-0.0310357303036138,-0.45101636997346967,-1.7062777656303196,-0.9484300625261647,-0.11288632754456428,-0.9426631564031318,0.5009145396193854,0.16450459850817767,-2.702135605622047,-0.8606099902634897,1.5023962497635075,0.2940767701031205,0.7532086803869191,-0.7235134782152444
0.2303443782507717,2.121468210529809,1.2226873090304968,-1.9829211228905963,0.8790046283646379,0.8450880075403296,-0.14339110682252645,-1.4052189598282538,-0.09792862827067937,-1.6534676813618259,1.1327227928357957,-0.07620225985080196,0.09888216608537274,0.40890187580999215,-0.10329102564171175,0.009378350490875799,-0.8824052109696469
-1.8192181909210596,-0.6960543168461092,-1.5152900584411464,1.5477723293167953,0.7096607349978274,-1.0987197764257854,-1.0400272026460133,0.7904284007776066,0.06452160076232911,0.77977013033581,-0.4588214390243037,0.03136891592316326,-1.9794307934982704,0.2058305759231611,0.1099992544401501,-0.20278125758739893,-0.309181101528074
0.46690830868318955,-1.370754880724057,1.5970364850657615,-0.7281823938545896,-2.3022253609674803,-0.1141242315989463,0.24799307272420293,-0.08714196254763859,-1.0268360095976365,-0.9181816601884839,0.4633399897258783,0.9074858745141301,-0.45588755921616125,0.6077004767676722,0.8025517099224866,-0.9093779044199424,0.8598807294297244
-1.6515849951231685,-0.19835982806864355,0.30047460077732857,-0.7446650384928835,-1.1280096896257998,-0.7613460191530848,1.0474233368266415,-0.10393822958345865,-0.7428951327439296,0.48433249801085115,-0.212372609375827,-0.48850788855241084,0.1449939094540181,-0.5954527800559833,-1.4642486710925804,-0.6914107323089486,-0.6803459399628238
-1.3532478540584718,0.29281335464022656,0.982224119218944,0.5300269881910333,0.3515706573941989,-0.8104524214822247,0.9888042466078495,0.10362272536751149,1.2647275057246596,0.5491087933278092,-1.0019749453180196,1.6842954995697703,1.4868582578294196,-2.1745379470050223,-0.4453098467501857,-0.21281996044679133,0.6952627715908328
0.708869693358937,-0.8116099224545698,-2.1589379863486844,0.36809900820554237,0.337790175673716,-0.9363483512604528,-0.011301306753555422,1.7775859720124956,-0.6822086062643649,0.41202681335307545,1.5018778695383344,1.0676628797008476,-0.7040000979320169,-0.8098806027844049,-1.2759277650766108,-0.748520461066914,0.7688747080969264
-0.2351803438115564,-0.41855894294022516,0.6884980153001159,0.04300896222789716,1.8930408506103606,1.0793846994278835,-0.5858616080984126,0.41018294724756416,2.0360283758724034,-1.3847620653605597,-1.6068888873505704,-0.9143119228364248,0.51456580000435,0.6257018060432703,-0.2792319620513085,0.1905239431587371,0.5423025039693117
-0.11427509174728367,-0.0502964233064453,-1.7193721237986892,1.5097672351860678,0.8170803054196953,0.1431834176748668,-0.5984454832226228,-0.9931862644078149,1.5257730906112577,-0.9073671989893474,-0.5118376401561291,0.47886295458060074,0.26186118672837916,-0.6633978471205653,-0.6455951858292015,-1.0815249764856087,-0.359275709135014
0.26512782654757344,0.06006200934734791,0.7060186614196238,-0.5312310721338367,0.4172587133664823,1.4918881353180504,-0.8771657146860109,-1.9102820854179028,0.2671407225240865,-0.11950131851819709,0.5207155304088341,0.4722318241823968,-0.12408013744460972,0.36060808748456347,0.22279762594606858,-0.004111968283349328,0.5740683424142662
-0.11548639237752432,-0.9611646174401206,-0.0028158696426667214,-1.8157047149125651,-0.4305797059462128,-1.020771543370505,-0.6079800936459656,-1.3234529216391553,-0.3602966258408174,0.9096229759117703,-0.8993760272626526,0.2830704177398991,0.7319622635979337,-0.2208112660361884,-2.2351261333735417,0.6909146025303833,-1.271047838227687
-1.8810956821784015,2.486632069326462,-0.270483796642478,0.38897217455355243,0.7175186573714164,0.44184115237344757,1.5461353035596583,0.11067738148001798,0.5869751286032242,0.26158295400586234,1.5295336264534511,-1.1929179451745322,0.20890924158494595,0.2557843956554898,-0.9281634807275477,-0.2799667603021456,-1.9504779486864656
0.1441825274085266,1.498107749023146,-0.8331789273565563,-0.15614129608523475,-0.2829297048327176,-0.5854502421968638,-0.769250735660985,-1.0782999167835678,-0.6081483868443996,1.982278479468187,0.9294922653404022,-0.6348573167428524,0.3263611544031856,-0.21391830774346562,-0.2021532792991877,-0.04103197224177276,-0.0018491027562215
0.9077629810267388,-1.6848358546056978,-0.6643478182423842,-0.9874563930446799,0.6993531873409587,0.9019311055204898,0.14025985424270465,-0.03327969006568628,1.5155828116961176,-0.22764040402480443,-0.8942781782476145,1.9741977315231802,0.7873403530204941,0.5938891382189786,0.043288274949343925,-0.5290815443579124,0.5302451906462237
-1.2558640212466305,0.6599722058355183,-1.0861133956135762,1.1290531502087866,-0.18082687202861478,-0.4330179509065132,1.5610946214210721,1.8213432555739644,-1.081910317567027,1.2273074367868955,1.832732627173895,1.1888177935817559,0.08302067759824501,1.1881667984208737,-0.7906666963483037,1.1404173339439834,-0.4796910020256046
0.9967627475419717,0.7889926608932902,0.48640159426971163,-0.8446919271976515,-0.9370751348877846,1.2818286791793723,-2.194586901054766,2.0530305500816346,-0.5136149885860286,0.141363516442338,0.9863945769415082,0.7698115525178731,-0.8871413699826748,1.0067496925532442,-0.38126720655965657,-1.2191201905230764,0.14088814027276
0.6628999109986738,-0.29433796615299,1.1890921265325745,-1.3568140418237622,1.735442371285639,0.8926310153059661,1.2035943362152288,-1.0984961030834632,0.4138921973471257,0.5165938854349276,0.34052163051386247,-1.1324283249977924,-1.8043012050485423,-1.2358318896754001,-2.0284251859549993,0.5569980237656235,-1.65952568283713
0.33714822559371993,-1.3465557406509683,0.9955299298760492,-0.6322792614133343,-0.08284933985668935,-1.436297471348733,1.0191255162440709,0.36512404650347874,-0.1289018096664765,0.41170453545831104,0.417677970873872,-2.297581978927822,-0.8861240425117952,-1.4271197518774437,-0.3582641530919333,0.8035473583595228,0.1661718152960039
-2.9318472312186206,-0.36392305876192393,1.461865191631548,0.4738471766543391,1.3368456163980422,0.07862313105369496,-1.066182551763615,-0.7435183742133653,0.6021021242959228,-0.1889180073472296,-0.9425897150298974,0.13277685991777516,-0.1374973474047411,0.566453986641978,-0.6310667289308409,1.2207711936673948,-1.0465381103380629
0.5074887464143312,1.4128799765218796,-1.4764411985276384,0.7183586794687261,1.130482812297393,0.5483550874064906,0.06022798647258215,-1.0365942549804126,0.038290684899206714,0.4328554979444493,-0.006232484091268481,1.0381327228598642,-0.544106906889965,0.25564494175007707,0.4780532741344268,1.2110967518428883,0.8127471713910849
1.455224200703679,1.2651308406580446,1.468336742116735,0.16642048694082512,-0.5947196407662583,1.5508763551364326,0.2339012565683999,-1.1837546536405408,-0.23480194473642382,-0.6413964805454456,-1.141883423080311,-0.8179062253614405,-1.0634059187326124,1.0757607690325692,0.9421363827481839,-0.6473327866842189,0.7897200596423006
-0.41057339036337376,0.31340140958628016,0.7281668314486591,1.0287538521895452,-0.4392913176968834,-0.3803276974110192,0.20458668931837398,0.33522925222321914,-0.8579097324909055,0.7291253650471855,1.7370890629790023,-2.3160666931983696,-0.7701477463073931,-0.4937897676354083,-0.8067716200882631,1.303575052570254,-0.4960024465377203
-0.7826007676890434,1.2880807005084047,0.49710829799965195,0.5749348798608401,-1.5117174609720467,-0.8630164887984334,0.015420218949877891,1.0146712915026666,-0.9713209096763402,1.524158141243859,-2.0275926472484955,-1.1113349860105295,0.03278008918719343,1.20842652105442,0.5726459672218952,0.3152398654193148,0.0223772142636036
-0.7640052582667308,0.8173260119775316,0.487398078808543,-0.9932008292410106,-1.0659390245767921,0.90109381705674,0.4712964415622119,0.5642350749481606,1.273775741422572,2.227705269860255,1.3333085506726543,-0.227724370637032,-0.9546201067717038,-0.7594891131472168,0.06951570398097336,0.41300553807923246,-1.593935272696476
0.6039781803953093,-0.7653139009069423,-1.4205066982562393,0.584686183586923,-1.5823779951386026,-1.6343651296719424,-1.6382250422068283,0.9039942531506301,0.24676740130742114,-0.5898342286747317,-0.02398690516741004,-1.0852224241118062,0.3369037502786799,0.06234972138008146,1.012336776517825,-0.6304471396773741,0.2190170936873505
-0.6270914632418169,-1.6812320136993515,-1.4009495820334688,-0.23761831909219486,-0.6271986588416414,-0.7047511080684051,0.6064830728538299,0.19736012330759056,1.9411341244256572,1.761166271917278,-1.1884375420765536,-0.23719219925555307,0.7580461884736235,-0.04461727847037904,-0.3871988189727149,-0.7686099596681807,-0.6607955423718599
0.9794240770818419,1.3674992690132184,-1.4110792530357448,0.17329059216726644,-0.7844963012140028,-1.1418455739366806,-1.3899790657926687,0.053958460872656225,0.9003930703381345,0.976322291679173,-0.4006094685468629,0.7585491141961987,-0.645552212339702,-0.18485947264517774,-0.25775179591635494,0.0544525235533991,-0.0106451139704874
1.5517143897131114,1.4282438003780762,0.2633022889794212,-2.142935381041978,0.8854431506294835,0.5638295193869716,0.5803039275838036,1.247538189300621,0.5781185566036598,0.9839479585164107,0.5348568506689096,0.20730974868266294,-1.9570729771337492,-1.1386821480683955,0.1902283802117002,-1.531887222499165,0.713134574737258
-0.019555093105890795,-1.034970130673533,0.13345378235823624,-1.2782074576527327,-2.152218693060423,-0.6475763020507053,-0.3569822132911196,-0.44393541824108707,0.9857192930946191,1.1075298853103197,-1.7526924733280012,-1.2623220797540844,1.2128229674955369,-0.2811611823706491,0.8804079011162269,0.17853164696438506,0.2698635286198428
1.2484841833981433,-1.3145948237823484,0.9775886866036214,1.07361051760045,0.5998769411975344,-0.25357190774797206,1.1510649207770374,-0.5846762174759846,-0.5449222685001475,1.0328345332247957,1.8060553979777871,-0.422984012402122,-0.4903225673083409,0.7057212532659497,0.745249132131165,-0.19191533462413393,0.8390943316496355
-1.8484803917278567,0.18129231945997182,-1.9934830749696315,1.0104599182474256,1.2736225876606309,-1.4954441327064474,0.4673946385179294,0.9628866327119451,0.671874145016695,0.41489515752711326,0.26411492350825333,0.985665935890236,0.13078464090964625,-1.421479324502128,0.36326740919475026,1.3239816696272397,-0.2426497036441465
-0.36390502681354614,0.019443865128131416,-0.6828065668713983,-0.9243771625917131,1.2089785550252072,-1.9054848322074807,-1.7575029025338653,0.837285988977966,1.7627192561112588,-1.3252942925668458,0.94455485463253,-0.30633438947517927,0.9622946367297049,-0.16307072396157177,0.2958710769916187,-0.11644045828208142,-0.9830100569903732
1.151609710592874,-0.7626571401919673,0.605019160751134,0.5659138575427546,1.5314759551228392,1.4118880809875582,1.9477201853527564,-0.28236155724278045,-0.19575688913842476,-0.0075471122490722705,-1.8272251631649548,-0.8071360584318521,0.21217630522915767,2.4717556628440627,0.16554919220061445,0.13141595330697173,0.7489444089084479
0.18991772098615955,0.5760608541182484,-0.10579879870281661,-0.2340432236048694,1.1150081259962898,-0.8313268147269571,0.06366924872747497,0.6883914668537321,-0.7069974887666636,0.5439346332648409,-1.224913199138632,1.5008632095031507,0.08434129598806449,0.7362825427833145,1.3619935322834815,0.6823745264795581,1.6550085370338157
0.7840692888349394,0.42079889943215676,-1.7547528316606371,-0.7297496790106082,1.5687985720639148,-0.33724397721916327,0.39555676408528245,0.5675181138333167,0.0412777560116404,0.20675610881304898,-0.10092651983241338,0.690119421620274,-2.475066292131909,-0.31003742524705,1.701256276997476,0.7116349008594355,1.3533192589942444
0.6128145851159869,-0.3742939717187729,-0.050094759565536946,-0.0663823867597138,-0.5849644246210821,-2.4229021898358707,1.0176268538476019,-0.4014435673930185,-1.4444574115915794,-1.0879300345646323,0.7911335897184523,-0.46747710469339404,0.7638460342793194,-0.14156657963741937,-0.425506660073694,0.5475024390935422,0.2970654263810774
-0.9704936358002181,-0.379656476282031,2.043985568106591,1.5285878614284356,-1.032504046792169,-0.4514241730738205,-0.5870229864266491,0.5806763549797687,-0.03951668539705186,1.10736402151912,0.17190899600307588,-0.2219688433431296,-0.6128427370150186,-0.29583648023247194,-0.8337227983650575,-0.7487233780938636,-0.015204753767398
0.33623339517204026,0.6499471917595698,1.0309113718043654,0.41750708151341054,-1.047695365946717,-3.111426934871124,-0.5077779918098674,-0.5361700649678843,-0.3250556617722812,-0.9546104345178004,-0.010037138830276448,-0.9664149141430138,0.511906702253096,-0.3308226698053269,-0.5709778499912137,0.5662557354389705,-1.6942181763200863
-0.937433864643179,-0.08988263503486069,-0.10326926550689307,0.896249276298482,0.18088704222051255,-0.6718663058342349,-2.5412698957709865,0.835747766372541,-0.6038596798140882,-0.9959819589178305,0.16031319035600464,-0.10892420081026417,-0.6631234154336373,0.5313362206768207,0.44524548538355807,-1.5369037461254282,-0.423592040173029
-0.2540167162452033,-0.5489820904680416,-0.6721443375549628,1.0659125832649405,0.8291542002333525,0.8875145393652055,-0.5895597379450993,0.26611210567579924,2.266113935620472,-0.6018310738236963,2.703121277602212,-0.10719400116389471,-0.289365782807588,-1.3144141428754579,0.30520592936917146,0.34613711072090314,-0.0565192710426943
0.8307671444303144,1.70286402798911,-1.5004129076467054,0.7292298469604158,-1.7134942850403099,0.4338724157176417,-0.2842701617558937,-0.14756167673910273,0.8841607236936153,-0.1875073977314427,-1.466174423152025,0.09308120101079231,2.6071750903643824,-0.8202442376279504,-0.6969511694980668,-0.6808898983257635,-0.94166983915839
0.9700264728329183,-0.33361478403330275,0.07891981280812975,-1.2391223145312225,-1.5705882747206599,-1.1763645854236202,-1.0859877377829037,1.7834052714526702,-1.3296727884351374,-1.008312861418618,-0.1898550083276684,2.192342942852927,0.17422739552569327,-0.683099062213693,-1.3665694525653351,-0.3570331720661408,0.7633070345986742
-0.10511585959909937,1.5582830252155337,-0.955627722424261,0.647929307430193,-1.5475914080372772,0.2528021239263496,-1.5990343739069834,2.346854566168662,0.5180500997390742,-0.8819643389116838,-0.4624871673703279,-0.4496665597161994,-2.0081912070630605,-0.34594682238540553,-1.0797160201288563,-0.08750788944384924,-1.46176832739844
0.05295704452991098,-0.31702733155854274,1.7819953296673416,0.6028644049318489,-0.1527585844095707,1.9740649258285365,-0.17960397132614553,-1.0898370167082458,0.9674336690503007,-1.2073167109370124,-0.8137911061188824,0.9336495876282147,0.22630879909456478,1.3732698093578621,1.0615495274262665,-0.489325759229757,1.2278751482344756
-1.4304743296635254,0.22771301223370596,0.41250119420474973,1.699875873479933,2.1743739933725177,0.2599891183702474,0.20340793216549255,-0.4199143002930672,-0.35951631327163375,-0.9477461385510864,-0.4231988986885438,-0.08839726935575401,0.8790763149122184,1.226556918253383,-0.7490245743264508,1.1730066577177398,-1.6221060737384252
0.36039130227976673,-0.43631483221618256,1.0458970645584973,-0.5465411142657355,-0.690164779316085,-1.820275092592419,-1.6652527714555,-0.3932196481634092,0.34888221996378244,-0.25243192603566966,-0.042390602638242125,1.1509526886581505,1.1583806882657384,-0.05795234228077706,-0.7997589921389228,0.6966176695186077,0.1914392434297326
-1.4438212907119976,-0.7274711738898598,-0.8620392279019846,0.41156765770789777,-1.9758902753088958,0.23205717830500963,-1.3174049725874477,-1.5106376046439784,0.6379969131149662,1.0634998821811927,0.3079232225180055,0.5998831161283822,1.175058798531437,-0.9884222866011413,0.3486483840224746,-0.3442078661446761,0.5336149622544711
-0.8947620979320702,0.8379403979857538,-1.2012331699362992,0.21496034258258356,-1.712121224542393,-0.23411171715385534,1.217056755007206,0.14614533655369577,-0.8063987726817614,1.8321477697741577,-0.08811956126254453,-2.26450715542196,-1.1299677940664243,-0.8306207335397322,-0.8050498141112643,-1.240790279250093,-0.3777994410131626
-0.7190099266179985,-0.7753616912938663,0.5914626959865844,-1.706366345714445,1.124858888676778,-1.212564397093853,-0.36509178538505027,1.108717794375036,2.116657037657387,-0.1430052134385223,-0.27566723217663164,-0.10504558687533282,0.7538893667764459,0.5723001815116784,1.5073862147488084,1.3193408523753734,-0.2476258242683772
0.48423322508860456,0.1335810784581377,3.0015137288272995,-0.9817876329728004,0.2758910975068015,-1.752263164681022,-1.322390494091111,-0.369982590111254,-0.2008709539216528,0.46190181861686325,-0.9909600601681172,-0.0976831133663219,-0.45637862860778716,-0.5110230181602868,1.4368649355227354,1.1004388533415195,-1.2311969492335884
0.053970173002735516,-1.4336151094044638,0.5538265002878175,0.6400936687748243,-0.8798764341216835,0.9028712835555971,1.7364347622728653,-1.729031751266196,-0.9214821604306159,-0.02245367144220146,0.145939217019899,2.0557454727151305,0.3254972829853268,-0.47818304929150207,0.4621492123003726,0.5370334266815947,1.6071566522887142
-1.3656399942266024,-0.6601334185326337,1.140153280074544,-0.23268291391927426,0.4629590822026671,0.29870253463209323,-1.2672256625942941,-2.2494736012568977,0.6745065378912323,1.2492119446917307,0.3306203636810149,-0.0029369388028785116,0.2786680537781155,1.538788550874266,-0.5723581709511695,-1.2957795527174762,-0.2927741982275766
0.841248944857114,0.8007470139256948,-0.2942105421057436,-1.0957831466374754,0.6454434290883402,-0.36652138135028905,0.1366599023314876,0.4970547615842086,-0.29578075787035685,0.7006063484678313,0.9087640633891836,0.7308257949369306,-1.730701821865789,1.500708173354795,0.24205163732769683,-1.7622308528554513,0.5161657010877378
-0.16692237127596135,0.25442407674927986,1.2367220431201755,-1.9772817849377011,-0.6818577698945618,-1.6350451683630391,-1.1510848283840298,-0.8485708622887425,-0.6457285104212315,-0.1726662299871776,0.94468445985484,-0.6835736459228176,-0.3090304539608044,2.3820899647335527,0.43081985028869574,-0.39366898591749067,0.1216969247756235
-1.192748603163809,1.5309942125951712,-1.0410929810550817,-0.006692043150017006,-0.7239026811838726,0.8841348889409218,-1.3919867077544674,-1.2520895376646664,1.1905849369349233,0.5528104558726911,0.6171228280035616,-0.017732651018331276,0.5201117102186548,-0.8540285169458552,-0.6931857412035797,-0.26438890927275327,0.1651069371024403
-0.1776522853294402,0.7595600141818629,-1.8871577784884936,-0.012535190308742642,0.7160847694623582,-0.23652943432411122,1.0708263893923893,1.1320125999808988,0.15558927828308855,-1.1173424078300862,1.275108970158989,0.8479944440639627,1.022933881835846,0.8463802419186203,-1.6980596964128971,0.3264415088438507,-2.0492461725492386
0.7677395487353599,0.6265382592950351,-0.9181658930981222,0.2973216733905319,-1.2813292257929902,-0.203232055251417,0.5438317976484167,0.009776274221765488,-0.8474215168139432,0.9275296026434583,0.3399240144369084,0.3881310130738984,-0.22444530662164996,1.7548759936474319,0.28569105282337254,2.420487996285261,-1.7704934580597984
0.6281774620929114,-0.696556569063244,0.941163123830732,-1.1785007942176338,1.5438073418248786,0.5080047978993457,-2.0767131905735705,-0.8127030517391148,-0.27108604929965713,-0.3691218413292134,0.3638720349408757,0.5328193664422451,-0.33900191224321713,0.06941627609939226,-1.9961558188375208,0.5920011989281805,0.0487261298141988
-1.073222055513713,1.1070272564334758,1.0366340000406642,-0.678901429283142,-0.36605910288643667,0.855475951241844,-0.8759995522367688,1.6161062475816488,-0.9764026679756965,-0.026142103632502627,-1.3223431361903033,1.1167405379877202,-0.6489834696864631,-0.9533871932029251,-1.4912870992116656,-1.3911553777283674,-0.6181149378676216
0.2961005621816375,-1.7474556428960801,0.6037332483003554,-0.9202112502797293,1.0198836281801007,-0.26244160671415734,-0.23115690863091642,0.8602578469256782,0.6278823865334384,-0.32245188880148895,-1.4402176794572314,-0.3964701323803929,-1.8380740025644393,-0.17193000178186543,-0.7767827126163958,-1.9355573852258998,0.8780407305603137
-0.08760444337957134,-1.6137794814068471,1.6354570397589707,0.5678500928269856,1.123184229465916,-0.12738728967957685,-0.11705871420287563,-0.08499587694348487,0.8550956668411902,-1.0184575979549475,-1.0214798441829847,0.2999200581120919,0.8864101637410068,-0.2190830651712085,-0.6346845529845361,1.7490118564089439,0.080650670801768
-1.3576238339984381,0.18001452259988535,0.7851286691452006,0.5718690160663016,-1.01894859535246,1.2049563137534047,-0.07914823573841802,2.220981099761162,0.43823866194458316,-0.6127003538497668,0.08378221258867362,-0.15448459011600682,0.0751142857301495,-0.514386527825488,-1.8453542653860264,1.588351644408506,0.6775721106727908
-0.43825897514371137,-0.516012578221998,1.1042854181345059,1.2095508125342034,-1.2490934188414404,1.185965130193538,0.546255800430761,-2.269219169722143,-2.3297555101900755,-0.3107436235352508,-0.21246764340029073,0.8732528038743265,-0.8559799809196259,-0.6990674212146955,-0.9091949446084808,-0.5419886040642793,0.0660504820194971
-1.1118365363043297,0.6924884465264723,-0.6115831787586903,-1.7597894445950972,0.2968226403274202,0.9279716363156233,-0.43872441438149157,2.5119755397726977,-0.734771404902264,-1.3930510462747034,-0.02100477325707114,0.3496598754352449,-0.5635943830993513,0.06696464311991614,-0.5680866961646005,0.7223820883340962,-0.5313419547697783
0.7845841792631256,0.871303528200935,-0.86843206397506,-0.4504281709492756,0.9053627888038707,-0.8236065210717287,1.1089728062751687,-0.11158266827348208,0.8333995244481236,0.10417357734736753,1.0551379965107897,-1.7378475699715135,0.6853180131850359,-0.3107335844179762,0.28284491042516635,-0.8536858603800791,-1.4218319296087123
2.655378075512914,-1.5481419699709946,0.6461321536681661,-1.0586687826745789,0.571366267946978,-0.29387585365789043,-1.7845339333153405,0.9436160003688275,0.6834159420419772,-0.3860217924459165,0.3520911791645136,-1.0528414796472814,0.09013307397552331,-0.8145063603777395,0.23272832432248838,0.5019689245744521,0.8562121953199101
-0.05162883760911762,0.23512221467167868,-0.2350989169840257,-1.8311727753362306,-1.2846489298344432,-1.8335988084227266,-0.8394746217148052,-1.2174907688453518,0.005344113472428773,-0.20515896053052401,-0.8687945635052644,-0.22834213400726447,2.5720475676582426,-0.3457899215960923,-0.3886438674762904,0.5601877445835858,-0.7830274398353954
-0.3027792597662176,2.9684580460417878,-2.514223590209428,0.20999046720702746,-0.5055254039893977,-0.521545881867102,-1.3069287168434918,-0.4049319099024566,-0.7725179038766173,-0.32513329773075195,0.9814791334312623,-0.14799947083146317,-0.26022620562806964,-1.3899416611435906,0.06304583628684972,-0.025699401109036506,-1.0080368010994565
-0.8451171787634849,-0.3262574585984413,-0.6158183618329395,-0.9480985518080816,2.29506884704776,0.10924192121127133,0.5797837945569727,1.3686598448647493,0.7354892837742775,-0.5888747959363222,-1.6870006721674808,-0.652154331299712,-0.3239234732078445,1.2205544008397682,-0.2688892702940047,-0.7881824618689885,-0.8301347245896576
0.6058012245609505,-0.10483124022788043,-1.1440429278636792,-0.575232068120459,0.3409802500521089,0.6260893232377669,0.2115600209999461,-0.10745078397668546,-1.4444795099042496,0.4434808436606024,1.69853364662341,1.3706028235443175,1.2834392513525388,-0.6261390198181424,-0.04517056916878398,0.866390796662972,-0.2388587111019502
0.663344737103912,-0.10089912243623617,-1.6831129106945417,-1.0139410248177376,0.619441744038671,1.618513290989274,0.0011912252715226346,-0.6565821435224839,-0.5016053879091471,-0.16330060151326536,0.9266890403241019,-1.6419089414289616,1.0700895646198418,-1.8905788637772103,1.3542396492143478,0.6859680807630196,0.275077423728119
-0.631963288868018,0.3634907590888184,1.7315396739625268,1.6453187049558755,1.9719429931268915,0.1609711343415677,-0.46913607499863474,0.5764045782794974,0.02832877380911472,-0.4921126490051294,0.9255734494283063,0.29758086047116605,0.39449997380595725,0.7476648743368901,-0.32641161056363427,0.0992778418922807,0.6506752338251512
0.21122192131020165,-1.5530044737784898,0.5518188780967165,-0.6366071933169717,0.401318207864115,0.5663824260855589,0.41151785786149625,0.08824922515306782,-1.2108403469762081,-0.43893049610524826,0.2969295429785599,-0.05169337539850797,-0.4952839994845991,-1.0106198654428393,0.7582286934091822,1.7251916883769154,1.532894395991513
1.0204157022033886,-0.655268110343432,-0.6710499432112799,2.161354854606603,-0.2823260717954494,0.2428191540992117,0.044259589625475375,-0.879478631297413,1.4236657522540312,0.1408541647001535,-1.1021988156892937,0.22618174924843534,1.6036199149784,-0.6104864398118436,0.3919962116353512,0.27425833709466746,0.3033874684469901
-0.4358951405410218,-3.1679885774010477,-0.9899019414906531,0.8459232026175447,-0.6270491082095591,1.7952222281589296,0.573900797368282,-0.9977403870013203,0.03828384075320338,0.3033405752517755,0.6065240459606684,-0.22447059720725543,-0.18699463586328027,0.6027532174223422,-0.27653887255328313,0.888160193324934,1.100573207115264
0.6997693459347064,-0.027494418153740395,-1.4936957664293244,-1.7451600747016476,0.2019310508266375,-0.11271891588986016,-1.57647622161656,0.10031276421803455,0.5909594261748087,-1.4937560587883945,-0.5103333396580111,0.43205391564546375,1.7863834876718756,-0.09544687248397175,-0.6744592654873419,1.5491949238614289,-1.2337404990514804
0.28842115806333235,-0.07422567525146993,0.4573999806832474,1.0573415499696077,-0.07769403108275998,-1.4354738254343928,-1.9662500686793538,1.0570477474052344,0.28880215125282965,-0.3630631238412065,0.456418228277254,-0.34807746710447013,0.29907266427626245,-0.35690034717428554,1.3460786692117,-0.07126180359582605,-0.246842985563088
-0.38173070509201035,-0.16817788107311438,-0.0782243095976827,-0.9701248576271871,0.4232865062633223,-1.3590378627360928,0.7130132712834955,-0.303949279942059,-0.5686132352734988,-0.13075971463488048,0.768122887434824,-1.9520440662100327,1.2243710161359103,-0.8530756189277174,-0.952126793209384,-1.7910858282512383,-0.8296861228597652
1.8930957937582775,-0.3490782720868634,0.4506582305775214,0.628376774425673,-0.7052590224478431,0.9673071153303405,0.0290536410687725,0.7265842929583176,-0.04539986380095614,-1.3498308354431594,0.11717998427600605,-1.9364890187264994,1.7213823033191815,-0.3514668130923983,-1.1820518861011258,0.8138855972225535,-0.1845315602740754
1.5064914069921809,-0.7509900225713189,1.177489533375337,-1.598099254134616,0.11726507356604682,0.3477543556473521,-0.5815059840809225,1.573806019300339,-0.5733644096473852,1.8641048141324028,0.49682839705972043,0.010507167269418461,-0.6508825251167211,-0.3149369776732636,0.5613043121243451,1.2063804304546455,1.7862566981389156
0.05301847831965105,-0.08216891356407849,1.0882167697836993,-0.2899899734080052,0.7645792454795165,-1.0388898009496697,-0.15776204762560195,0.9576244639759081,0.04169417778109236,0.6608616692570894,-0.2108634788544295,-0.40928671159839525,-1.8266078996920427,0.20229962669879317,-0.5985003473696644,-0.1792919227276683,0.3704277865663378
1.6664337496273536,1.4676668474461907,0.11952117813572334,2.722991282447199,-0.22753956469580033,-0.12200419531689441,-0.7237615571320161,0.21904061080604895,-0.22005072487959315,-0.8314451730834935,2.287989239108583,0.07829881932934017,-1.1583525462300084,1.2284279205655733,-0.37123755698373373,0.4542411010271706,-0.3910408141287524
0.3378653430765953,0.27319838262218415,0.8585945745820096,-1.4756085228437688,0.48103498602768047,-1.0637354879810266,-0.6885579724424045,0.31760934190015466,0.027864909562266477,-0.9455340861260885,0.2797711548015356,-0.11439840662167415,-1.6806437670188341,1.1805604405539987,1.5884031202668578,0.027416712882795295,0.305787404267539
0.2359612664666934,-0.5674035551993497,-2.278188509581029,-2.0164523278670714,-2.0096145206823004,-0.2108893962044786,1.9311212773155133,-0.562806977097061,0.5576020744935787,0.3469592916792217,-0.8485022018323103,-0.6340072566689735,-0.7884953346772994,1.545178529450125,0.24751794083900586,0.477145709946664,-1.707825706066862
