PC_1,PC_2,PC_3,PC_4,PC_5,PC_6,PC_7,PC_8,PC_9,PC_10,PC_11,PC_12,PC_13,PC_14,PC_15,PC_16,target
-1.036975202471376,-0.38155335210227015,1.231992122736053,1.858979440490489,0.34375563391343145,-0.037781667630321696,-1.3590156335444799,0.1348398638793518,-0.0825030213922079,-1.3410549804519956,-0.8731321212002041,0.55337523470646,-1.2428785039027013,-1.3206151838029674,-1.4505063448737592,0.5861591637384987,-0.0444187267951863
-1.0995454992061977,-3.120486133142693,1.0543824687566234,0.33056508081321595,-1.1483402683416921,-0.951254717484564,-1.5444945320705268,2.1925691167014825,1.3006608429192272,-0.6472332457358181,-1.4671771040804582,-1.3391227669755612,0.6381534598692764,-0.04801441538147214,0.5580998743957355,-1.7006527724348421,1.0499357621472722
1.1608929708773348,0.8965610707115074,1.9727467327010588,-0.830563525232316,-2.761986655034236,0.251491841297397,1.3177684653048969,0.009806746952824852,0.4630527151717708,0.9154530222752434,-0.7350821092687995,0.4936798357500877,-0.055447864726160326,-0.8768658375074755,0.26207880191500915,-0.28337852390173823,-0.3236684926031946
0.07252689471173648,-0.8975753595853734,-0.701455218461823,0.70837005261943,0.8421763812442956,0.3293099227663966,0.9382458703883011,-1.798987773605199,0.5351037651442687,-1.3050454675486447,1.157026156973846,0.5605125949094929,0.4146291077417631,-1.4802902789301775,2.4350877999766416,0.9935695556443731,0.0393889669303849
-0.18439683659352452,-0.9626581170862394,-2.620409639800728,-0.7539925833104505,-0.5896124931515095,0.39882389741565716,1.1829636904156882,-0.758700695393348,0.901877898458132,-1.1549339562501904,1.2268970418017542,-0.2354135231583205,0.12707461196532716,0.053998325483986614,-0.2397799959876595,-0.34843705808107917,-0.5490303458879392
1.485863729457248,-0.30491105607516245,-0.3956176891918444,-0.0985212404726917,0.1575818034498307,0.9529602491610074,-0.06316230290633228,0.37272625243873897,-1.6499212779885146,1.329585908001489,1.1762265407911559,1.240918973954428,-0.7963161428159984,-0.5784910930719638,0.7703916855535079,0.8887020138278127,1.298481914355807
1.3098375296979545,-2.3274836595252175,0.5902190995302926,-0.5354321443090782,-0.4449713294085928,-1.7330097462589638,-0.16205465637439476,-0.8405750341786938,0.42434990327064254,1.7314944097171001,-1.2569063905197095,0.42302098791931536,-0.4584028351776387,0.6206598656620386,-0.6149190583202492,-0.1421500965788117,0.8104780989843214
-0.034158134264787185,0.03923106757064812,0.6771530947605674,-1.2337116111001443,2.470955828064624,-0.8604124234647899,1.479767408488653,-0.285128594371809,0.21164799980321158,-0.5798673343183097,1.031531776696795,1.2637456796309543,-0.3968008802253703,-0.13123466139534642,0.13235637249241597,-2.256901711499996,-0.3877051343322892
-1.2733198097793055,0.6202571194165852,-0.6476601870168152,-1.2707368686695792,-0.712925773056887,0.6264050266038039,-1.6554719341754625,0.6809231846949741,-1.0281820012123246,0.7022194489249132,0.17023208369915865,0.21037144798541077,-0.6270068223383398,0.30418740318326576,-0.30397783209185397,2.1163827589035265,0.6377802505581216
0.24669754185037185,-0.3536488852604751,-0.5908018256246947,-0.4633319062106342,1.3004712230183377,0.14761224925101593,-0.7774743704846345,-0.48208739235103704,1.5631665598417455,1.2514910016902474,0.9212869500710481,-0.4627876933882942,-1.8759422566328898,-0.023327334304795846,0.06374406077988487,1.100922134629709,-0.2115550943416232
-1.3668780744706854,0.7898601045235478,1.4954514958047587,-0.8430518341021851,-0.7837893418935333,0.7152168863270322,-0.13995038404289703,0.22412540560832256,-0.3165471488286974,0.40832223728372935,0.4848135933605015,-0.9315121882147471,1.4700543501074157,-0.36504803374209693,0.5661913843293114,1.085451195557531,-0.8416180380316166
0.1669912168772483,1.2105253441673143,-0.06543660546443207,0.6392418885182435,0.16596064730774798,-2.0558650326346335,0.3330530785762792,-1.4115599754786297,-0.5313185116599763,-1.4952507386960134,1.0582699190243356,0.37870308147267245,0.7200383379121661,0.7020660375230235,1.420795278714327,-0.1902535566012117,-1.5919193095625568
0.34930952096299284,2.0020263593776946,0.189118126977188,-0.5359554035965867,0.16205710345908503,-0.05845230814878123,0.4411710644734879,-0.08970253970200552,1.325040119054954,0.28734021879496063,2.123845352345828,-1.4815910844866356,-0.6613583577145637,0.523951293823985,-1.9788796455090387,-0.3464892027251855,-1.216573272162548
-1.597143969611953,-1.1802918281581816,1.7638543094007013,0.18905978347023647,0.6710607023570935,0.715258349532551,-0.7757776274033678,-1.8637394330093322,-0.42175597682135124,0.8648833338124728,-0.1743919020200759,1.1404261432902403,-0.6852928778286084,-0.260280467030067,-0.6249855162772422,-0.08280612782944848,-0.6420913650294449
0.616937718046896,0.7407828236697298,-0.4688897416053348,-0.4532842862320343,-1.230678746805654,0.45499185051787,1.6832189498015724,-1.2190828972163985,-2.3226990497314284,0.3606866549423951,0.47994574629074394,0.34719269447838447,0.24832393778664594,-1.2472788187551003,0.3395697040558588,0.9403365037162875,0.9220943017424216
-0.1759211415606642,1.1736184536374301,1.5848701996456809,-1.3778314931262856,0.09335274123195585,-0.5417249251373791,0.40511203280218744,1.2452062598119924,0.732329681258643,1.089984373221949,-1.573584183370438,0.07739293463903381,-0.16521909718986083,2.1356305443711956,-2.210792572720848,-1.0873477148557615,0.1836766058645517
1.201519956646988,1.400597498864906,-0.15244348831081564,1.0021138724733034,1.357085116712619,-0.4963735577926824,0.5933284347655468,-0.05942923227842892,0.23402966084892374,0.7152082132792578,-1.0535883531576067,0.8432792968705795,-0.3889699409245369,-0.928362475254227,1.551291049594512,1.4534673381225405,1.67118680086193
2.0556248967366066,-1.196739538542165,0.22796381333352184,-0.19953518809240714,-1.023876897342011,0.28557204047311474,-0.003256159875611308,-0.2665275402518381,-0.016778926511555034,-0.9327925968274967,-1.0375274773227425,-0.17612529399776702,-1.1166910011939404,-0.6053494550659598,-1.9640171699233908,1.1826263814527884,-0.5654858768393392
-0.44603291557584845,-0.5121160940692542,-3.254325727462828,0.43769234294069637,-0.9858227891090313,0.032334948579558286,0.1804131129498349,0.3406534805262269,0.37730008450631813,1.204336759027766,0.3806137153498652,-0.7836576087684263,0.20333795732873328,0.38683250071021497,-0.04342453427886583,0.2583562120946509,-1.7161472258350552
1.0480467393713058,1.5292666181508725,-0.3119442539331673,-1.360743203756741,0.1891349650826287,-0.002753899338577452,0.7375473303586055,0.7287407730966968,1.2036847119389762,1.496392138677139,0.9568588060118243,0.4017419368664339,0.027752499321464782,-0.2638344011491331,2.3622240649649466,-0.40393956532843545,0.3671628063105035
0.47018042843150437,0.9275512789917185,-0.42610274703824663,0.322417058306559,-1.018710920225187,1.8456917018419696,1.0457297367309324,-0.13671318294023638,0.9055196595837868,0.6012599493023104,-0.8173262804043347,-1.0590016615570377,-0.6908787763379977,0.7014535835333716,0.6484802607471573,0.49151612219627844,-0.2653391028960936
-1.3653859367766428,-0.40318578696623897,0.755604946150327,4.08657446948109,0.3410551390371819,1.5838342805819121,0.8952752072179028,1.2081785886880192,-0.24525909056300288,0.8635778358458851,-0.5981861680867949,-0.9360875571863158,-0.438663386561805,-0.8077045101640191,0.41567867003471726,0.19026099394426746,1.3965237851178416
-0.6636893907881845,-2.2143417592360577,1.418566377076157,1.060069741267924,0.7814380612542967,1.030698124252473,-0.4142065949805751,1.862461904876333,0.39701955094975083,-0.36953515235389833,1.8492563707446648,-0.9804928301803486,-0.4976797616376622,-0.1427344399384431,-0.11176083619125217,0.19811733905318468,-0.0869859205784081
0.9977840787705279,-1.9278722539723967,0.6332545646000982,-0.9019233290107335,1.559937641661864,-0.6287380654140687,0.38754274588429144,0.6185269167303638,0.3522265590041961,-2.222299439281561,0.163717626506363,1.9100652669710665,-0.22052421510786502,-0.10169879635597066,-1.5168964025206988,-0.2732992820125442,1.1570778048059245
2.2984690925940483,0.6384634454085224,0.0849588593619371,0.8188158840760695,1.578914460736234,1.2927901591702498,0.7344135753919635,-0.09292913054794912,0.6156788636024958,0.9497642779494812,1.503216629482292,-0.04523566455299005,-0.2516504603778341,-0.8855139513860799,0.29664886718603867,1.4212270140262087,1.0904921348140857
-0.9980511036771775,0.9112461582660254,-0.9469091477772944,0.09641960355144173,-1.2248272267653368,0.10340576883479265,0.6059338325920124,-1.312643218974918,-1.5054229746478198,0.829355525568766,0.8068572680074365,-1.987279580388277,0.7544115461306793,2.155288015495128,-1.7815810239234449,-0.8589674184276203,-2.328991941046517
-0.384794953596153,0.511666822411228,1.2855139636666044,0.3889157343889598,0.7771990060908628,1.462231699852707,1.256869975201955,-1.206740250794529,0.26850386228270956,1.3541263546229232,-1.5466974735239714,0.9231361298921799,-0.8091393959421562,0.03151907519863218,-0.5456313312701794,-1.4982387204613261,-0.5386288917953128
0.6309971727557824,0.173667595975146,0.29193111595259613,-2.5324879362227035,-1.5253831274811158,1.0323329717165566,-0.44759983812567783,0.3302930954457472,0.30780261073481296,0.9321307001070587,-0.21138758528970783,0.732411020750322,-1.0171494145934898,-0.2315562465089334,-0.7727869856024346,0.26658690074539426,0.2180365299667909
1.6684565702291785,-2.011737818705891,0.025595029295316384,1.7485133132674715,-1.0021783229901142,0.07443086927510909,-1.5322182576428356,-0.14542286929171663,0.703621917853743,0.5096193085647754,-0.20860395438899498,-0.45065025713890344,2.230268614535434,-1.29911881521564,-1.6414249429080923,0.30385229592532587,1.7519956194669728
1.0287464061249398,-0.3531112699225675,-1.2209688059806905,1.3667850674997275,0.3609446825119644,-0.5954707581147299,1.0055614601258223,-0.1537986313245109,-1.4005351842199814,1.19661188251133,1.4153134104988014,0.29850960841859453,1.5124870077028802,0.377366165626758,-1.153334459180079,-0.41904159587236206,-0.2316647441850526
-2.835125344749695,1.9934187759822133,-0.7517742713332306,-1.1149101779114556,0.12711892764051452,0.463908965418843,0.0008297706519852513,0.1777214776247896,1.3891410493677696,-0.028976891729310433,-0.028081382151610865,-0.4268681557469813,2.4064448626803743,-0.8492593823747597,-1.2631176964886124,0.18149240928302493,0.0450174883650372
-1.115348666924727,0.33770448358847915,-0.4722980695951093,-2.3257867856207133,0.8876248777116063,-1.2771679459559482,1.1846526712754715,2.519421159018465,0.41203441904480664,-0.20819670710066412,-0.7145770080101571,-0.4152103648549646,0.74783690578025,-1.4289405809946059,-0.10679164280120562,-1.1908912986596316,-0.7319670171022615
0.15474281267115098,-0.7336593689894871,1.8573465978473667,0.4574615955534305,-1.827782622754869,1.3048506548489054,2.7391455101095286,0.935669476914031,0.5823175644505746,-0.6044481675061488,-0.4640013624582343,0.9015308469884659,-0.10481768399026295,0.8107903807448116,0.7362482723408963,-0.36171625477774705,-0.0011174596289256
-1.2993775890197108,-1.124935287034572,0.963884382469641,-0.11157898120632997,-2.0634017336168062,0.29863522093794054,-1.0079679256916756,-0.7142239222706465,1.6406363456692852,-0.42650828802300916,-0.5477132933676138,-0.4607748938970629,0.4257784532449944,-0.9218603179113782,-0.5316859577981653,-1.1339983471952746,0.9845030571588698
-1.2095425712202827,0.46871158223878323,-0.5020627388305475,-0.603630934230088,1.064159125797002,-0.056622777557670256,-0.038433356953563744,-0.8810655253276967,0.3174336460173242,0.8535308093858865,-1.6722757919024787,-0.9645430943031471,1.4563602470319676,-0.31296431433578487,1.5896855672129437,-0.5794458472012972,0.5373764308117231
-0.5340889219457288,0.9463524067769521,-1.4280319599521172,-0.09837962007435973,0.40233411816125986,-0.14808481980143434,0.20417651115620958,-0.06751803605568865,-1.2907424290683107,-1.4671613277521367,-1.754376470192388,-0.7263179791393767,-0.5961522679594397,0.12096092822043528,-0.14098457015447433,1.8900771392898732,-1.222346126469945
0.26818524911386005,0.8307020099213385,-0.9808741802847514,0.3227968159786613,-1.4115685868037635,-0.011926815220151807,-0.5538686278788303,-1.144223960404554,-1.2212708235404068,1.6976819176435884,0.7803792970360038,1.5664320286728666,-1.6128326553294006,-0.8425990028918947,-0.6013295094177586,-0.8109001315699835,-0.618282205981583
-0.7358665127355625,-1.1070289338344177,-1.0763415162981576,-1.5469971218275376,0.5009010051979605,-0.1729279155468682,-1.4772350136514873,1.4147922774551611,0.20769316687862743,-1.2405183012885266,0.5931859536875714,1.8705404522671438,1.3464705414607117,1.1123499679249431,0.661722909993627,-0.29301564748442466,1.1573628740336188
0.8581660439409516,0.25374469446785464,0.4469574042698276,-0.8833084810653545,-0.33320164681984293,0.12360300814145868,-0.3937939698786984,-0.07554624918490353,-1.6444605374662637,-2.261934162131866,0.8067027880759752,-0.21893779365689303,0.5188448555290809,-0.6684582518827138,0.8407318960079286,0.05404466036187002,-1.7625134241223264
-0.18482557328380894,0.25819763142555757,-1.1128341315190633,0.4291831456950449,0.9223394171690295,-1.1122369053098997,-0.01370448529098686,0.2912891022472215,-0.639962274224028,1.2487464570797862,1.1762366866791707,0.04695586478057058,0.5909149046203274,-0.5161634486942863,0.35383031625675815,-0.8150357051135172,-0.4377217776794657
0.15931731611868385,1.6450246348501123,0.7309824591709648,1.000498852517678,0.38811404636350844,-0.17437430913539556,-0.40156853744856247,-1.6089566205135564,-1.426883610609402,0.35506249273123114,-0.5462143440098118,0.10230298851809244,0.8213492082093435,-1.2811340817008292,-0.5979509580400132,-0.3678664289304783,0.2462176791444164
-0.41593690838526676,0.3182815361767338,-1.1520941675399328,-0.30152394481859174,1.806158310303623,-0.04002681627327617,-0.14028385740624952,-1.9218541665378468,0.7201477672944935,0.7154492345276638,-1.2833408334902783,0.12648239129589142,0.5394469004344727,2.088672748939525,-0.6673042529032437,-0.5944903740333112,1.1512217048053803
1.7158451070210234,-1.9391712867727728,0.9033279427301222,1.0092206612875152,0.11060521375890553,-0.6933644079550686,1.6990056466560104,-0.6676495009762767,-0.21873781787241736,0.7047651423393102,-1.3139948009359543,-0.3479675464521984,-0.6719435433265416,1.6413239679204357,-0.395202956817301,1.7726970329917204,1.4169419600306643
-1.8317695191092016,1.7240394872764977,-0.6624224637724926,0.6913439883718319,1.81030584341764,-0.4185862829414972,-0.845318886527254,1.625025215013325,0.5758824504838211,-0.6880989931009552,0.3894569826197286,1.1231399428680418,-0.003251222032002155,1.0115379093814205,0.09228000284486687,-0.2788716655375624,0.519360668657151
2.142012313642357,-0.7859134158392765,-2.033845677022823,0.7859264791852494,-0.6849128413847815,0.25068791492235226,-1.9086844712146733,-0.928108738674474,-0.6813687134093255,1.18400445338762,0.3662877723002455,-0.7664130895175997,1.4727089326766272,0.8364057921799345,0.8668200052177915,1.4243212728065395,1.1231842072572795
1.2458507088492392,0.25834899868690553,-0.5815474220164808,-0.3181939920713976,-0.7804526107877373,-0.493664124582394,0.3146800707776282,-0.7958854564034228,0.2522248378512466,1.680357321405777,0.5393264038448593,0.6759196340273635,0.43754218136768824,-0.46524875002212573,0.8288977498410651,0.17707667340139902,0.4463984147845705
0.3773688851002804,0.8041749160190435,0.3244892600499847,0.17969107797900524,0.9412636360348008,0.8357697321634375,-0.05655789015267247,0.19121811068239067,-2.378208223813707,-0.25880243391482366,-0.2203351296692869,-0.5972619986157451,0.3862433196716051,-0.6944431847772184,-0.3842430859631357,-0.9256645179756504,0.0326453509223097
1.854803466121876,-1.481590529758061,0.532632252493142,-1.1996406824188426,0.23723503245750094,0.5205859788704764,0.6546091803208856,1.1604979477638242,-1.5291208548126898,-1.8655962627705045,-0.4153884351364223,0.15448299072376673,0.10951256630973513,-0.10378498038528869,0.40440390110356145,-1.3059535839613117,0.3699596976049282
1.4288364355228906,-0.4098472853301648,1.0365912505971637,-0.6587554335411171,-0.9247253304610931,1.3318379657317805,1.4448684086514438,1.9696306783205555,-1.5410221325202549,-0.876277897227709,0.8522080448273281,-0.2829103297278063,-0.429313045322263,1.7578248921261086,0.8278668532125989,0.022669872874431823,0.1418300271754535
0.580077551410674,0.3340075437336537,0.06785398084126527,1.7001024055672798,0.4480453458557945,1.0217633274919544,-0.7604007764163893,-0.6495685598248474,2.1268976640759725,-0.8673254252861137,-1.8038018705689263,0.6171913832264115,0.5567506868801508,0.17360391067650874,-1.3203358637853613,0.4795943079780165,0.2580373612566067
0.18456647752256433,-0.004828344611600276,-0.5166329359559114,0.6124043901294592,-0.3762218006777086,-2.9784832035693296,-0.4554686084872419,0.27669195634846677,1.1847852872302673,-0.21999370100314677,1.4898411364178525,1.4078578836244848,-0.12818254878540067,0.7991756160868887,1.5177908293103564,1.6472215899050064,1.4070380731488654
-2.2903195712866196,-1.5498510380745176,0.9358383162765908,1.0132714088992394,-2.5053405272390195,-0.6957654378344391,-1.3170609627549827,1.698264985274832,-1.0607303889173407,-0.7248957503011115,-0.9601255853473308,0.3994110828196344,-0.6365763724214116,0.47406006048736415,1.0057485613406083,0.13339895987987552,0.2714960937210288
-0.27980301163245613,-0.8552223980512279,0.3263277476671921,0.25343900551887416,-0.5267093405986795,-0.5234973016011545,-0.07136417920319613,0.7496952074715054,0.43377857928743846,1.8507279740306828,0.7610318089459464,0.8099332737439346,0.8444262909163902,0.9246067910289266,-0.3410560459472929,-0.6019963956617592,0.6552779563121554
0.5362790400919522,0.726638073767508,-1.0701222368372154,0.4577088576900993,0.3179129175243291,0.0527952267984622,0.044645485620542845,0.21879549777050353,0.7620117009626575,1.3035828126627516,-0.1423588503412073,-0.45686384447118944,-0.6482919646160756,0.8830938294305637,1.7013671353780642,-1.2812174392951723,0.8746544704352082
-0.023347850355504317,1.1536091371604735,-0.2992828107168321,-1.5223985391325694,-2.8830587206576785,0.43716738866766225,0.4573374078089577,1.2674810872932747,-1.239725271248735,1.4669170212559162,-1.424701932593167,-1.176888507722168,1.3973423790395734,-0.1124471799864344,0.9345450057682753,-1.2943232510613576,0.651862386224939
-0.7330885167631584,0.018428842629103104,1.2742280725390305,-0.3204463770173448,-1.1057405626172097,2.0289009897907424,-0.3556570121436321,-0.9620473379642251,-0.16486682315692605,0.4102081277060488,-0.4133344809168179,1.8624063088344813,0.9344448571187766,-0.4357080775410324,1.7980821579005253,-0.97361397556402,0.7079933748701259
2.0444221180108757,1.741657321391338,0.8260532796753948,-0.8408207754149237,0.9615570039133462,-1.4781463960426737,0.8122886336407911,-1.5457123180817365,0.44220003696565074,0.1278395970805216,0.3214495423976747,-2.4058672807015906,0.2291412037218297,-0.994766988567302,1.3059926098316508,-0.1554526027821826,-1.6826333858815754
-0.18031484738340423,-1.4222654990237957,-0.3179129188066154,-0.7225015367283533,-0.988318533092009,0.9795046837312498,0.0652741104114142,-1.0814341964292238,-2.253293399406394,-1.4565961708177575,-2.0512170885192176,-0.41797710010273953,0.1277205643132727,0.9748800749565656,-0.22027719798328085,-1.1002322380145584,-0.8404461529897544
0.15067066890435685,-1.3413106567860762,1.0063958254389758,-2.1396820532526974,0.9533309889724386,-0.27196192684837267,0.25591169393758795,-0.24793134725090785,2.39429005484161,-0.005503213112814711,-0.6619575282231608,2.2718366549871085,-1.1809184799842836,-0.9523320196392862,-0.08735307946290609,0.6819290427987049,1.052937821304992
0.6469790670644194,0.1395791638064142,-0.2288347049281191,0.7624446193523295,0.04398580117212185,-0.6258759565246502,-1.2855456339950193,-0.21747906183940766,0.044256548180472886,0.9635680350707431,0.995280981689315,0.13652225686528688,-1.1438372362764024,1.034445409045438,0.18622276121647588,0.7758340654623495,0.5961945551144332
1.0026250078360928,-0.8355191110557023,0.6150624620955697,-0.6404308413172354,1.432915518593225,-0.6810956300638651,-0.05345158815471474,3.234001228865697,-0.17395918652359627,0.05412663289736883,-0.16426041842733374,-0.010796884296388781,-0.05153770474870103,-0.6314398147163583,-1.05953853181547,1.201762660108861,-0.3348792022957519
0.2957177963017945,1.143244837372634,-0.6681380825211201,0.5424275522862092,-0.66206779637984,-0.3136327935599173,-0.7512204139153781,0.9570679606435527,-2.0512126010647873,-0.2515960277374099,1.6928915606787722,-1.4069870890353966,-1.8626601936767282,1.3161263545484925,-0.1758317955180001,-1.2050019594405554,-1.190508031916222
0.7688644739885692,-0.2540960632200991,-1.4575593467189112,0.8911982399649796,0.2890394281942943,-0.21894227344723646,-0.10003253764351241,0.24919669012008158,1.0999651598695022,1.5299181858492297,0.2909388850641553,1.0236515452197006,-1.2253729034074543,0.13142618658957042,0.7753671336538341,1.2343615904538168,1.663225547631808
-0.6373307964783134,1.3596577373759196,-1.3238312583427485,1.8548509775986073,-0.3956925997845337,-0.911195193000142,-0.7650376089677836,0.9362697314484059,2.5095190026759666,-1.0498353690993345,-0.05286056352637771,0.607129339833092,0.2292674259752681,0.5362875320610984,-0.31060897158266976,1.3723626207014041,1.3166770956253189
1.8542963254951332,-0.7424133122398504,0.14126861706221416,-0.45358829914141663,-0.10071534131517938,1.4096607903184388,-0.8378655665894633,0.11065462480172174,1.3563895658127498,0.33595984348041685,-0.3933752324344507,0.14540821781280575,1.1166367541010616,-0.30989734592760276,-1.1838492005604537,-0.5433349953550738,0.8721906555600046
0.39259721895596744,-1.5058775222296372,-1.9789786388559487,-0.04594709718063992,0.03168635265417344,0.13259042809082378,1.023106095583228,-0.21308293942971301,-0.9940804080728955,0.33565142507038925,-1.2855753923670497,-0.4232957060563792,-1.7678349700727352,1.7577579481816366,0.551533661692665,-0.15991945708351513,1.0058613171846018
-0.2116743620575536,1.2699662866675794,1.9876899607319172,-0.49556515922299665,-0.4713745676139738,0.7762904487976232,-0.7822111215981274,-0.09404244041177934,-0.7061219637283793,0.9799204106384524,0.5264621279033,-0.008618482890866835,0.661106482096921,1.0289561354991592,-0.9769024664446079,1.539628004858367,-0.6143122548350616
-0.676767545107751,-1.3848933377368218,0.5308619654716128,1.866585072248317,0.9573880457974819,-0.5940347834483979,-0.8875897225352382,-1.3891349841331482,-0.7542792026894231,0.47363061320213806,1.37375003256508,0.12139134816181552,0.38900530298463903,0.4069779585624957,-1.1947921854296808,-0.47569134716845907,0.2614573587471172
0.5822030403342096,0.5387223730440587,0.7799753169532597,-0.416057531609534,-1.3642362709701472,1.7672374420444574,1.2845844332875171,1.4612235762237933,-1.095479563418502,-2.1334404654124706,-0.7218087240979048,-0.18933461849908395,1.6458211847538977,-1.6285633065358045,-0.17071701195270927,-0.3139008300568249,0.550125257409638
-0.8579242598834722,-0.6526589534885225,-0.7089391937226845,0.30605301316203987,1.0155238828550257,-1.560374322553557,2.479478605544736,1.7365120218910541,-2.2846622573395954,-1.24424138742496,-0.25641511573435255,-0.3955782732383554,-0.9778782208823329,-1.5013924882542562,-0.5232871915144802,0.45787776857639456,-0.8056585433220201
-0.49826882018563823,-0.21515615290749127,0.46747553674157816,0.11965408640667172,0.6259721566871721,0.10938666096700249,0.09477615468672149,-0.37535195486802,-0.25478142527838005,0.04827479363415189,0.31011130683538357,-0.9688135127187352,0.4187407358274853,-0.735931932529036,1.8997116937162142,0.6921493667659739,0.4009477577847093
1.1498904312557505,0.3058736413560399,0.4928194927076715,-0.22945159703185447,0.8798066607539137,-0.07162905656861858,-0.8212289633796525,-0.30674196158323874,-1.823474990617403,-0.6206608622882728,1.640427815890522,0.329493956445169,0.31787931259838453,-0.09007356191632891,0.42332843380025414,0.00912870240652175,-1.8162014570779248
1.6011564056366705,1.444357098285796,-0.5798327101849691,0.16749320620830171,-0.7560551255899127,-0.5989739977363433,-1.296949920081649,0.4250517747592336,0.16170835190364355,1.0455643403562431,1.2215321472802023,0.9665961504919732,-0.16712103186550684,-0.6541518790247512,1.3868024086989317,1.596885779332892,2.240996344935929
2.4400667708614647,0.7499512125842748,-1.84856992017626,-0.013153652873444445,0.30253201404903446,-0.3598792021797406,0.6035626123282636,0.9537104841830636,-0.2573472875585716,0.7866503669444566,0.7634218411932279,-0.867655919483599,-1.0867004725982616,-1.1637477590191105,0.09376321933956673,-0.20653382320835884,-0.7864871899185701
-2.087750918294793,-0.521571121058065,-1.1511780159196032,0.38272130404170174,0.35964642885222836,1.3608080572417718,-0.6165802159187098,0.026831798370286195,0.6611004336317589,3.0970884198745816,1.6156893343130867,-0.22989529363550615,0.08721324294915903,-0.1573500833000031,0.594896503338791,0.5760799097633629,1.2669508937680762
1.2539838166384893,-0.0056446985288270985,-1.1016694137924172,-0.3278239413251003,-0.8532120122067071,2.1735298945381802,0.045130683762058595,0.5820368056498593,-1.0983595113816145,0.9707692253293441,0.3646124921406779,0.6077102204211285,1.2398127290375323,0.729576854456341,0.5857893457895995,-0.5921111591688306,1.3851401302440305
0.9866923170446332,1.1146307093125318,0.5811587229192567,1.965176338216512,-0.45923032346217185,0.2134767604283241,0.7584212192587662,0.2575110892780279,1.718460910525366,0.9346199283874075,-0.7835852131388958,0.41310004406507783,1.2185574389457607,-0.7649460453678,1.2851587002972635,0.6700222734050388,1.6063405401445403
-0.17492270739498772,0.16634267608208855,-0.9856088852423739,-0.5438869933861852,1.1969123689299033,-2.168971840735266,-1.4685583110599727,-2.1348811517889157,-1.3616886688593273,-0.41586808792424396,1.686714142545196,0.24338344761706526,1.0797864350872277,-0.6746203370900893,-0.20694082456416946,-0.2829097174181599,-1.4593989047694382
0.04684488565195457,0.21983303488588046,0.40375378206599455,-1.2978754009504228,-1.47785729557747,0.3841420990532624,0.5070949840130049,-0.5391407694963606,0.14677159575586876,-1.0269929315594923,-0.46389915927240266,0.5863227040366876,-1.0270570731966946,-0.7364534348482509,0.08775832572655028,1.4716396632605906,0.3227065823979557
0.26505037134625575,-2.6385492112479603,0.4019795365645651,-1.772291500553235,0.5068448942909076,0.22572104052205386,-0.8486600343562656,1.0150064396379372,1.080929730605041,0.05249354718577546,1.1101535284611677,-0.4190561427562807,-0.6517454618347663,1.1009899885049699,-0.4981782305252196,-0.24181095314646808,0.919663554288742
-1.8726268204405867,-1.3424330124647683,1.0188773927153978,0.05182598216359891,0.08998663679572529,1.5577369399168626,-0.35060158813367165,-0.7610674707012922,-0.37308666931103057,-1.4526110697811219,0.9261054425569119,-0.3085819440765557,-0.7050809570001328,1.4095122981356871,0.9114729249028938,0.6580391961338284,-0.7814601617877028
-0.7723688044425817,1.2051694170417866,0.6736277679395942,0.9262012482658537,-0.8194706210763335,0.5291465707548997,-1.9025515777476705,-1.786467583106822,1.0832863804120685,0.8952147561378102,-0.2502338867637081,-1.1790423267247594,1.1092979386509179,-0.22571106338240057,-0.38997097992498786,-1.7896342588306906,-0.5341598618936534
-0.6149839101174955,0.18037204298633908,2.3541707348239407,-0.3920615924127259,-0.24875438429241242,1.3486564177938547,-0.7363042292875234,1.5433778185053648,-1.8768909668210223,-0.6411443067262437,1.6024210021617848,-0.822589294853473,1.1813593745423283,0.44701547503133965,0.5270554253059222,0.18006653102740297,-0.6220248732403681
0.5861292987621488,-0.5448165990294145,-1.4045153580065075,0.2872716107852938,1.6040053906089504,0.2296927094664866,0.5205488329512482,-2.659841806532415,-0.2841107317406344,-0.077230382782487,0.4576442589037451,-0.0777020751904401,0.8086740624709703,-0.21102195019423775,0.2884632098894969,0.44175628743445755,-0.8979450490414606
0.5018621026985483,-0.8109081866495411,-1.6876108256298157,-0.8490848380208114,-1.9798524762411513,0.11718371207116086,0.5520075949911207,0.7481494673707785,-0.24628375194635171,1.3331468551825312,-0.5198593767632378,1.6186488039309228,0.1468851623039604,0.18753823266385386,0.10852079707493648,-1.8012953821925164,-0.6669057669097302
-0.5930506647973044,2.2721423489911947,-3.1446121932041575,0.055670443808273254,-1.09162889251173,0.2537294595831038,-0.6250363066223321,-0.021707579553576935,1.9466593840740753,0.6537229854022691,-1.110349141776315,1.2589504386971335,-0.1485057474443541,0.3307834227010085,-0.42887625816380404,-0.7808586136351439,-0.1885524990121752
-0.15204869191905265,1.6877753178164434,-1.5128021046500528,-1.3380329967833748,0.16669386541929695,0.9050142100448744,1.741772657858937,0.7070254451079736,-0.17675287849276683,1.3291363059841999,-0.34548426213099626,-0.24400290808733535,-0.738983509190238,-1.2537342946877519,0.8912944890928164,-0.2404877684704689,-1.0764747283091984
0.7355929388691955,2.2282232827026585,0.5923830738693742,0.511778977719019,1.4412670956502647,-0.7461811504619513,1.3060255661063238,-0.32049759589300336,0.4356471910643699,-0.7779266513252379,0.5620831785204018,0.8899465895038808,0.06895623962669412,-0.1814506326019792,-0.6417051662889113,1.2188149703904492,-0.6886823112481159
0.8927204189259974,-1.44941608342692,-0.592927865239905,0.2820991310411184,-0.4348813682881693,1.6972813587046398,1.4230872366873901,-0.7023875116912013,0.1850223808799005,-1.669254307658769,1.1386887462456023,1.819351451018969,0.8513642024729458,1.7533223123587258,-0.2683838268964692,0.005776105758974566,1.0195539801399602
-0.10770129877199118,-0.38614497808358583,-3.005923742002849,1.1457315676845203,-0.06101612612307527,-1.0976138160755735,-0.962991846273319,0.8671434175800143,-0.06474602349642133,-0.6885509416835605,0.60249991718547,-0.9199076960675434,-0.07866605257069317,0.5864973773430385,-0.5152705735492032,1.7171819452605932,0.7317684284876683
1.2459779901425811,-1.2270727042234124,-0.07441571895959607,-0.26540211037506417,-2.2281768934911454,-0.3096718765054896,-0.3415777933949011,-0.6684271985777869,0.05075419980242554,-1.538961404748287,1.69535409575369,-0.37279812680317564,-0.09009136898090789,-1.6953609866967174,0.9448199091730747,0.1855068514877049,2.077543505737536
0.9165982985472616,-0.6863006474689337,1.092353352601294,1.4809999872085122,-1.0666504457854784,-0.6189042997701875,1.0770886620899105,-0.48746165345695913,1.3025996076336543,-0.6692355506811685,1.6065393883999346,1.2713962767290445,-1.3581621599734812,1.2238675962980083,0.3145558834640606,-0.29170298725023464,-0.0020142364368617
-1.2628089659515995,0.7102217635256556,-0.844813360641045,1.2471055766696337,1.1605994969335403,-0.022616971282036876,-0.6426002181955365,0.7768269395139489,0.03147640174006465,-2.6515523190096117,-0.2855765936973836,-0.03955704922095013,0.6117292328165203,0.006175430600941152,-0.43009749230767275,-0.14991840228331274,-1.7757903686123335
0.2945837652870515,-0.2765958825740394,1.2429389719469055,0.573885598804747,0.5647800435331023,0.2152376225082674,-0.6306970520975496,1.0807769719795692,0.4462765835783207,0.956790862607472,0.4574693919219552,-1.9904095071874564,0.10502731281580896,-0.6164552176470445,0.572002668622408,-0.37551274989925115,1.0998521807399873
1.801364010158185,-0.2626759595281178,-0.5722857034757715,-0.08051529048217985,-1.6823479550305345,-1.7835695999445365,-1.2993524046718035,0.07213737119583118,0.2065537483346633,-1.798135220893444,0.8019031874644599,-0.9502236496552933,-1.5082925041975206,-0.10450510046986373,-0.3260204314290474,0.3439303172928921,-0.805711596173162
-0.159032721146804,0.20654779682392455,0.15455504786917726,0.8053252059700161,0.18663763543546918,-0.012531396163381628,-0.23037464970963029,-1.2790287701494354,-0.9210005967280457,0.3862615109865753,0.13792250568175946,-1.7216104218820918,1.8888984120537538,-0.16901741151680963,2.2966361811871545,0.5008845934929126,0.5734670681811952
0.5043217024377347,-0.20193240777611732,0.15201613736943417,2.040439659339903,2.8426146256128666,-1.4772699027041687,-0.18956357763238366,-1.3027382834962284,0.15575572518541905,1.0781775125509394,-0.5601027494202677,-0.2532996921566331,-1.1498931329587299,0.5718124704215078,-0.1981825165839033,1.5914920892485753,0.3804042446141449
-0.5592063005266356,0.4291625427895032,1.4880189930649514,-1.3065073987008826,0.6936210599734215,0.29653938700523685,-1.8758186968401944,-0.9760852576839698,-0.7221367579528196,0.004653980691579443,0.9813317060967022,-0.12364287804294581,1.9905873120196456,1.0188895617149387,0.31317627109130447,-0.7036268734285049,-1.0860614213278332
2.6754551650113574,0.5191633437857731,0.8485432270238097,1.2356658684652302,0.895083166267988,-0.10127126985102029,0.5884210135455673,-0.3501439433324481,-1.1383537344065164,-1.1104483032068297,-1.2743922583562088,-0.5202539236348256,1.974528819803718,-1.6914428751937949,1.3964182205467444,-0.9661087502910907,0.8935779304275128
-0.7754447606889036,2.3078569528552624,-0.8567965193542166,0.662605790814397,-0.526806832450909,0.16804065115311095,0.5057815222501841,-0.614580509368492,1.6031291289139855,0.13056628255383634,0.4525935821218726,0.23802411899374198,-0.23943906165305065,-1.4343909916710909,-0.5098130405393866,0.0339794007317395,-1.3908571182415164
-1.6394997460062515,2.127276537325018,-0.3867136265054574,-1.3999061815566172,0.9069234831949369,-0.6173055609538082,1.401219017657328,-0.4643023214795355,1.4372829668126454,-1.3494003453165102,-0.7719663040036502,-0.25195155633622573,0.24119765307424765,0.7950381013857625,1.8272739116238408,-1.2421688241647963,-1.2934322202482076
-1.2774745301988615,0.39303172286417704,-0.401157651923115,0.5082252570923437,0.7347493483429444,0.014225167295383681,0.06789694799715304,-0.3009804574760202,1.9162664189385756,-1.473700548418747,0.4605829090568635,1.4781941295081062,0.5797448202815283,-1.3652710434330149,0.4210594683713518,0.6350973339035982,-0.5732690289614684
-1.0282113260983332,-0.8046467089628568,0.9570840278177892,0.02127034001839119,0.4484463791113143,-1.136968011874755,-1.0309238394458335,-0.19514937792294035,-0.08620198229798998,0.10963485443495202,-0.21807293341477668,-1.3119199908767163,-0.6620668466627591,-0.7582621651034901,2.33763054495721,0.9567499490973921,-0.0819005724121154
-0.5806027597133775,0.5105494491757131,-2.2702177407830755,-0.892071298889011,-0.7647032675490794,-0.4964189840408008,1.3381174524602006,-1.181386200982296,-1.5315848645948709,-0.2136842551670844,-0.6647436644169569,0.7035188212635403,0.9491011508199526,-0.7459010700230158,-0.6583334023231443,-0.5994578958418199,-0.1207155852460305
0.061220199906604246,-0.10628425292333309,0.5221646026437022,-0.7128223962355662,1.5674275872282102,0.43736192219345915,1.1400690885422615,-0.29522343806213613,-1.5245586244977156,1.3410535785816788,-0.26522189356515713,-0.2557974445705539,0.934306715805295,-0.24962390937770546,-1.40943129327936,0.6629323088860809,-0.3297761060354125
-0.8365173313035678,-2.7769572845409876,-0.34079590190626097,-0.3782697551456474,-0.46932773674100076,0.41690573690933536,-0.1926462102877902,-2.8010283317584457,-0.3463313449484423,-0.4191811617687075,1.1921534933146136,-0.6548364932318556,1.822326137757342,0.7461462742868497,0.4614383845578584,0.4611205769993839,-0.4541457830059108
-0.3364894766826363,-0.1344992438662334,-0.11964789331895208,1.0173049628944988,1.4813443252126464,-0.08622819193362549,-0.04755476675730389,0.3043580848274139,-0.2569971214541985,0.48657410892087644,-2.073584919644834,-0.24095703246277939,0.8561849365316891,0.6763139560999585,0.23705209495439952,-0.44866993809468614,0.6339674318277242
-0.37239539178497166,0.3301836727832508,0.3209137990443887,0.10631412477403614,-1.331038603826048,1.6519087858977453,0.9276029120606384,-0.5194902181860155,-0.05402162430966403,-0.06763141000727281,-1.1073720728319292,1.8945714368142306,0.40005892108708196,1.4787741296459835,-0.7614190523565961,1.7485377672160292,1.5793506535649546
1.6959812534445964,0.21612309477934905,-1.3486391421449646,-0.19944248416503849,0.17308346269617966,1.827725546058314,0.6894736352219981,-0.06994131285138418,-0.4153886080237052,-1.8792598686963191,1.080672794372812,-0.0956176995097236,0.05388826311293592,0.9573413173696075,1.050412532052483,-1.0951593146867484,-0.7108603060658532
0.11609046401667847,-1.8408654275750709,-0.2959650151519082,2.578367897137171,0.23940126849684473,-0.2582929426036066,1.0415892849545778,-1.742382190065869,1.3342212818544865,0.2474232013137457,-0.49194254126155074,-1.836527346325338,-1.0879494052399772,-1.0358494934836913,-0.547515216987448,-0.5880980625800176,-0.1437615868850797
-1.119920613104909,0.9564493480051979,2.5792327041840513,0.4022372333725215,1.975538583836501,-1.0137265394752524,-0.7705438643645801,-0.03399261953240192,0.042284449281204346,0.25464490678180274,0.7718196491807947,0.5519126048069707,1.3979487720550836,-0.12192465819217856,0.04239221124348095,-1.6914928039815458,-0.9640098305060528
0.7065109415298073,-0.20147451902699265,-0.8159979231212782,-0.9116541362855094,0.42660490688813063,0.2927992928556907,-1.4898039512252168,1.6256151485032988,1.3059807602788964,1.6012034690628276,1.379463936378402,-0.10616286619828826,-0.42220778139079423,1.3648964320552055,-0.27593168077883823,-1.736480770409401,1.5314880295659974
-1.9064281759753698,-1.4309015021591158,-0.21919111086427182,1.867626340397779,0.9344463426518885,-0.5015314288184931,1.0325440711416278,-1.0787177860886248,0.1568251889473044,1.0604995340092742,-1.773426478948337,-1.593335502334695,0.8479519961129884,1.3971269091610823,0.6046001087758652,-0.4511879122114716,-0.2457146562080843
1.5298196583568717,-0.7141949255336267,-0.5133152731697899,-0.059432299552727934,0.7597419491372447,1.6261499201142988,0.8625327510629447,1.5681664981533345,1.2122388659003789,-0.16692801782699027,-0.9813969078534566,-0.13479134782632235,-0.46565106936694245,0.9390055685262302,-0.3075212332556861,-1.1366868680019648,0.7828505736979661
-0.8086291334557467,1.5531561168560009,-0.385667667761516,-0.6947936720476238,-0.10869896378981866,0.14346266086094017,0.6559521739056262,-0.7044054712626202,0.9906277151954741,1.6004320257572706,-0.17284018241513133,-1.1190351227459627,0.8540066753135528,1.9155113391087988,-0.1880177018899229,-0.41827453854869523,-0.0436660666968714
-1.9501675238472962,1.9148699626855443,0.8018425993542989,1.524219091693439,-2.3089011780257893,0.18420145695641008,-0.6886939912178645,0.9104439342731467,-2.2308785356487166,-0.3243739088669372,-0.5883521308867123,-0.09169992961515136,1.0171295364902493,-0.39549591933944295,0.8610046993217532,0.48556003330068054,-0.5287432519775795
-0.013152267363197905,2.3018611520116674,-1.1262747551961254,-0.8765552512168313,0.08830927233237834,-0.25825923834226056,0.3975445347060321,-0.6654624014399342,-0.12675532259056052,0.3399191800024711,0.7083233351637428,-0.44187630525064947,0.8019144316502144,-0.12018714658089916,1.4879230283942844,1.3934904459379693,-0.0836312449762172
-2.8818596822366223,-0.28230426236888256,1.3922627477178176,-0.5101044101252588,0.5005346230369424,0.17620117547592146,-0.6713714084266332,-1.8306191498379893,-0.5009175766676023,-0.6037806133186381,-0.7399157993527284,0.8842439826019902,-0.30390871863218033,-0.9001855528088039,1.51002261087157,-0.20783995892602458,-0.0873128813401553
-0.47089091986953957,1.5831911476670786,1.1266453635497995,-0.20415792758378062,0.10836784744376335,0.9875775111337453,0.20476204360897898,0.12683057919725269,1.5287727690067854,1.8073749530399483,0.0916460198910247,0.8876852776906446,-0.47902726578736465,-0.6258447491621829,-0.5474607896084198,2.1902239907129455,0.9639248903285088
-1.2408245165494747,-0.8402172894394879,1.1815594968931722,0.6385627006268942,0.14674679956014383,0.9243509750029875,0.6530328231711626,-1.8102160061285089,0.4264482052717338,1.2605138486071659,-0.15520156772403818,0.9775155573312253,0.24170428931919982,1.3606703780210365,-0.13910849379491327,-1.4026955162549248,-0.757721460488443
0.22158913269440453,0.87544452059997,-1.6223211984357726,-1.1491495223632708,0.32791393140234915,-0.8089884757578443,-0.08140909402386937,1.1159873182628155,0.6630936138200567,-0.23251062707609205,0.4062995895741948,0.8658114682486009,-0.17379360685105397,-0.6844703123366596,0.333189751567888,-0.3023784869815917,0.4529464910262624
-1.804963857458893,0.7389518028358768,-0.408023524965513,0.4567649830281131,-0.6939301500068253,-0.9483817311683471,0.11853756709709237,0.4306790330525779,-0.697233500519171,0.6030051952284791,1.2555035807617683,-0.3448686112467011,-1.008018460818057,-0.06772946813710622,-0.1275260114415662,-0.7994948277501601,-2.221430976469402
-0.5633462963454655,0.7906952931909904,-2.932916669419123,1.004935580814416,-1.4791924486737136,-1.438316290412762,-0.5039438734893762,-0.5637113449453878,-1.3867426537907208,0.5492377752211094,-0.5826625021682968,2.0802938448982258,1.2534070073666919,0.03836784779356163,-1.8853217751542717,-0.6261654467952228,0.3094685011390494
0.6077773676039371,0.9091106293629482,2.1002538875239245,-1.301516166762153,1.1589729203707178,2.0247058886594265,0.6139586825780085,0.28334313725115107,0.3549924787649382,0.6396606950802882,-0.21499293001144254,1.021572764567767,-0.6202811941084169,-0.12993774606500333,0.16155487970761398,-0.3125691090207193,-0.5996545066512261
0.3655708277202899,2.15172866642709,-2.4390173402676614,-0.26362756028997014,1.0685348929456302,0.7755984424468961,0.25205707991172277,0.2094774514943207,-0.7836824617423467,-1.6866141962909438,1.1473193036667433,-0.5677427956649131,0.46672873850521157,0.1725052253625647,0.05455368939016973,0.522567686207929,0.063194437509985
-0.7385490661703646,0.1873392171942156,-0.8847890295821363,1.0633910783765954,-1.3893302678466795,0.793165850729706,1.0113487412788036,-0.01951944109411672,-0.06338604414646276,-0.6240988294065237,-0.590211994352044,-1.6328544046498112,-0.022973438220332945,0.6023587913645866,2.052561422034622,0.6943370497371782,0.7155101896297194
-0.9385244464161804,0.7225406991404271,-1.8452595464971406,-1.0504800704389559,-0.7697452013980659,0.4756218304480417,-0.5975894028443679,-0.07160225517051168,1.0202575996492471,-1.6939803822770478,-1.0411609505448136,1.4335467763820158,0.004265424352637112,-0.35398425432296127,2.195639878383774,-0.6877276315269296,0.089122615661687
0.6396364689519884,1.1660628861890052,2.0209230209252462,1.3359734136254564,-1.7208630873659752,-0.9050382864955382,1.182668367361643,-0.2535133883806605,-0.04646684712040265,-1.2699920691228188,-0.9002356380355057,1.2025885195363122,0.11982899905819579,0.3664348015567535,1.0481549478719363,-0.039760139515180995,-0.6775863308638477
-0.08123228096464265,-0.5154468873932704,-0.12971599613463417,-2.174268052648301,1.8889210502872062,-0.3424964054502951,-0.09235919024801517,-1.7510870807690664,1.4100304315663714,0.2242134209491954,0.7909464864390384,-0.040639792997177626,-0.49571133409820267,0.09966956631162424,0.6746791050009011,0.7000211394050699,0.8060811579013474
1.7994278804228199,-0.16114481517777804,1.0250116113682568,0.5599118698443984,0.9784068859774852,-1.1443753242729575,-0.11875937741602041,-1.193268639609586,0.05173615967431932,1.5723994461281348,-0.9607383091302818,0.5880636753290407,0.664869601140477,1.1333538152383256,-2.0938427317369785,-0.10473919035234519,0.4933648364938586
-1.0685085605474467,0.8650919381456471,-0.10269406879918432,1.1317512137793437,1.6528284592862024,1.4451582502481068,-0.39025495570393903,0.25990411682202363,-0.09611134283826213,0.08841603805738242,-0.8296098294463099,-1.9726938718056533,1.112163942093292,1.0258521499649749,0.48423589329318023,1.2410791565567165,0.2941992007859991
-0.19624280069400962,1.6096169570243675,1.3511719529990747,-0.530892199242911,-0.3883572791108235,0.5178219771354435,0.9600333550012442,-0.662556918525046,-0.5717685701637225,0.4076735026152344,-1.1108776251007149,-1.4833169206813657,0.12441961718271564,-0.8872545673287112,-0.40347743314138723,-0.9113435638774907,-2.1351693612738907
-0.37867857370508434,-1.274052975965702,1.0246107891391,-1.8723309111720376,-0.055201437520001014,0.011593870457906092,-0.3673102932407132,-1.945000781922758,-0.7267751291782784,2.1100228395643015,0.6625877970532793,0.04774347135012927,-0.6243896699934898,-0.6607725247020383,1.1511895405851806,0.142832211354839,0.7227943889548415
-1.179207998142447,0.35652940537498057,-0.4555537276906611,1.4132845900566937,1.1920604185584587,1.2083492976350374,-0.30698360613217707,0.15987139436222017,-0.8812825361418358,-0.27922867363005344,-2.231207383721027,-1.6539089832978833,1.0663482720940296,-0.016325405608610368,0.6702927143885474,0.09688069735882181,0.5619860304334168
-0.18939439248607112,0.9424694555484626,-0.9124996609189812,0.03606280786494549,0.4891551336751762,1.146340217680281,0.7535359252452115,1.1353670238028932,-0.7683520676926948,-0.3680378955224731,0.09559727054603145,1.0426246563672996,0.5810011029900668,0.5239192301251581,0.3488563456899579,1.1784828436486563,-0.7475916964746082
0.24717333418725373,-0.15480649489758455,-1.9299531828531993,0.823570463849341,0.7225732034469488,1.3379452094915685,0.18224931728895818,-0.724642883335806,0.4502779966745092,-1.495854914694037,-0.01718414241992195,-0.7876729767520065,0.03646496935382375,-0.6641891277145018,-0.6510356235300948,-0.2564629032573957,-0.5663288303423833
0.46948222086797764,1.3025966301086649,-0.2520846523755035,-0.35149027554794166,-1.904120086731068,0.2988654411511499,0.046349819440279355,0.6077344669234593,1.1186358803473162,-0.39318641344914723,1.6186226199153193,-0.4862577399413439,-0.0493203269910312,0.766318574769626,0.07212121940728575,-0.32021868231649087,-0.9082603687481086
-2.852786108656403,-0.9303896215187619,-1.5999005916849147,0.6465589559284622,1.0142625877244387,0.7961155264851241,-0.10634580117806,-0.7928404533849308,-1.1261015177059046,-0.07153635979070433,-0.8383758186612924,0.7774207585242952,-1.7943795585522049,0.41072321796155453,-0.25167177079156683,-0.644564900766425,-0.4531181036047056
0.27352649003041163,1.3397826106943018,-1.3783990964184756,0.1814343144067948,-1.5321157640473635,-2.235563664804898,-0.32024861304637536,-0.7670901952702791,0.5101328128173181,0.6429108597267759,-1.0950355173975281,0.8959976146188666,-0.7144469087855302,-1.0318200894975518,-2.0063720017576556,-0.043509875394861716,-1.1542189824748303
0.02615626683711546,-1.2621264493634676,-0.07762965930231927,-1.3018879683472901,0.42023861397763546,-1.1029894346345235,0.32217348358356895,-1.5657794962929463,1.8496787251655988,-0.3972817128713936,0.6845402115967804,-1.779042262333975,-0.5446016269494087,-0.0946984009402456,-0.9022177567611255,0.8820936620019622,-0.5507819919748203
1.555586156251736,0.15803187680480274,-0.36590126049590577,-1.9063295238965643,0.09699087957889733,-0.5959870522595997,1.5108142343165085,0.3213458400697881,0.558984594895214,0.14673438706882028,0.9020293823608162,0.4133375482492046,1.7676854241954372,0.7604410010040661,0.1082288520823169,-0.000327708647211543,0.340337260247821
0.08700531755546584,-1.0219349138557743,0.5088805136946991,0.05830786976216442,0.7822767100647057,-0.4262657055162168,-0.4419135530041452,-0.026037643725259706,-2.109609589159286,1.0621836566074279,-1.8240053315168807,-0.7951468580678706,1.0564155696405624,-0.21064751882076463,0.2998232323254754,0.650229516337499,1.359112560207249
-1.6543545906016892,-0.16183276314877507,4.193133208353559,0.1745415216884338,0.44286824953802706,-0.707217271148177,0.7335225169198601,0.7269107875641316,0.1452085380866008,0.20184728746838304,0.5679153645099969,-1.370712460130658,0.9101004005004273,-1.9958848184299498,0.3898846572386154,1.0838989205609468,-1.1529031464284445
0.8004239810625499,0.4693498716669631,0.344787481432229,-0.4433266766827109,0.30853945021005463,0.3262807589198798,-0.6256974296162037,0.7524583411067077,-0.3751134457864305,-0.09079460962039279,-1.4191297976718207,-1.3405362141836945,-1.9473370894264248,1.73059586907562,0.5492854092845745,0.25909486727790854,0.2874477605104537
1.13392022715291,-0.11500163303010119,-0.3332825827127531,0.18336178305133147,1.0032905550400115,0.5055334450893083,-0.27518042393668707,0.9956599808840106,0.3566842283722188,2.410782440649008,-0.3161594571273983,1.4963949500168925,1.4566603200145727,0.5803551152822289,0.2952588067378178,0.11407845124979513,0.8209376341200703
0.04736825224326668,1.282927413781293,-2.3597569076011795,0.9773540105897666,-0.3185359835623732,0.29211769252229736,0.02100146171487834,1.643851274840965,1.2420917190046352,0.18803737241589907,-0.5711446761665991,0.7056723391309103,-1.8556600306570645,-0.5906148650568389,0.21510978871045017,-0.5580345645852158,1.645249761351071
-2.4341043097598174,1.2992659117903194,-0.8924310589121252,0.0757992554383059,-0.5837561317275861,-2.1782067036366057,0.5984743579102837,-0.4664461234326271,1.4362343512803215,-0.01897028808712562,-0.32282731237160756,0.8020778653315529,-0.8120734469871244,0.24901132199327308,-0.7299095599005554,0.1612647207837123,-1.1024135926740597
0.5369720580366171,0.7620961230969214,0.6771570871225755,-0.06441650443818767,1.8327853738456577,1.2197474764302918,0.6407243493532072,-0.3579826919934919,0.9085116218022826,0.15492990645877933,-0.5250068304367722,0.26321026768098016,-0.11934054734520709,0.15817166017547465,1.4453478772037844,1.5138587624098567,1.144534935347366
0.5966513611316139,-0.4925482982548212,0.7420850955945008,0.83399632021974,-1.675562432188584,2.242034307248616,-1.4423343737761432,-0.8840602573912557,0.41195229856726945,-0.38499709736919124,-0.6731890485968455,-0.4278130891503197,-0.38163569791452295,-1.631305330988906,-0.12390193373815798,-0.7750000327673854,0.598261620280612
1.100923413393285,0.10791046482089635,0.2493241962393734,0.9582339764935558,0.010955807383054558,-1.0886555878942024,-2.028651277304558,-0.8821824878237051,-1.1901288685628986,-1.3977539751884136,-0.19958111138400686,-1.0477484149243437,0.8394447069610637,-1.0703993409588244,-0.09539410023122867,-0.1843508340967945,0.453418790951534
2.004992880801452,2.1557809864389217,-0.1488274357581317,1.0772107509496294,-0.04383441851550021,-0.5014878333643754,-0.3616298726885083,0.3598180618967391,1.5539470644198967,2.6292035926942154,-0.4570739382066285,-0.4024449913565268,-1.0280487045820252,0.11864971755495544,0.8777238522915592,-1.117960219896189,1.4737193887522448
0.7108602520684327,0.6025276692456524,0.10925053396047554,-0.47501590632187823,-0.46417741035135957,1.2998290067182667,-1.1511922963005459,0.7078656368848806,0.676939331407886,-0.6893264279221456,1.0158432894853975,0.5930693456488572,1.4744347616009574,-0.8379607261444861,-0.753440758134006,-2.0417502993192125,-0.1909017756234753
0.929103517161424,-0.21948704593579882,-1.4962705066151059,0.33496501357980085,0.5321801328497628,1.3556046599268758,-0.37051961308184156,1.5370033144598956,0.8439376901343124,0.15330714061051204,-0.6862234265500733,-0.14323969858763,-0.2071561896609089,-0.28960447568540193,-0.6187133332758549,-0.17406294141293624,1.305423897862384
-2.2079457370406175,0.2263348844537266,1.8191360054589978,-1.0727778517417925,0.03367331774097972,-1.1608189725989035,2.9620040789415483,0.48615732793648286,-0.8124280373518226,-0.39331192438634616,-1.992083872873298,-0.6418254799605456,0.13834766907993173,0.7591243677153314,0.8314118925275694,-0.8907317300515029,-1.609013930566206
-1.173510755224329,1.5623731812136818,3.444022265237501,-0.1986444891534763,-0.6398563219970985,-0.9754676127637645,0.5268612947597117,-0.8124093197149217,-0.4829935189052618,-0.23081737106136357,0.7600418065236807,-0.2460759585050468,-0.12422514977966823,-0.2793862646076242,-0.4390340532385076,0.25343043830368517,-2.9178759753241543
2.1301753933770904,0.14286375565968706,-1.2496861361544287,0.868165959985418,-1.522991560640796,1.2595676069647896,0.013219694880081895,1.718167204074766,-1.3109305869068542,-0.2859617438592828,-1.1864833521115803,-1.6988789598261966,-1.1490853517601198,-1.1915757592311793,0.24027961419298613,-1.7057172416197535,0.9138715522486
-0.36707021866091094,0.7659958332148737,-0.8542860482123087,-0.29535913777618583,-0.8978799990047547,0.01987680974705901,0.7044907630906999,-1.061449820743829,0.29582858024686787,0.32747720437903116,1.5949792607404651,-0.7461175970907162,0.4138904789959739,-0.6720298685488936,-1.433139939072012,0.1434635617422475,-0.4613613113582069
-0.3267927790140799,-0.15075646131082193,1.165676963484606,0.29946304328388335,-2.545013778908574,0.5030621850956433,2.7880669047168105,1.1935127647012052,0.027850224299041524,0.8153603557588245,-0.4180679328954872,0.305879936737575,1.3381038046576572,-0.9498060940759937,1.3508757821030721,1.2191704660758946,1.3980599860817673
2.505982640629804,-0.33646477575014266,1.1933282366491842,0.894935845658788,1.026122057292724,0.26436169456857717,0.5932981047210901,0.27902672018072755,-1.6995075640899395,1.1130209850501842,-1.5043195828900586,0.48049185512681725,-0.8289536887173087,0.6695011579654602,-1.922272871801517,-0.42515055189188816,0.872079060782585
-0.19237427485503175,0.5460668744548893,0.6363207583929733,-1.5152348439049446,0.10861787170529195,0.42505386736814527,1.7221026291811221,1.058487524880867,1.1451729723933213,0.7831089613401867,-1.2803535541326745,-0.31274707950689473,-0.6688991693499937,0.405375469048116,0.9550576389023252,-1.9928955176379248,0.069965276220542
-0.05302728285240172,0.30212079116371243,0.6644943740864344,1.4968828041077613,-2.1220417725211895,-0.38198539441360924,-0.78028479874875,0.6326518152116939,-0.8398254289108653,-0.3114849710791275,0.7270588162599041,0.8301040834387244,-1.483568580874553,1.124337534691943,-1.397471790430867,0.20905190958206551,-0.4446478179870881
-0.03935432717922608,0.3782936884698902,0.37364721106232246,2.1376459169003734,-1.375131344878915,-0.7425736779691231,0.5534662914988763,0.11545737699704248,-2.240045908607489,1.2135833535364644,0.779697048415447,-0.1735076189838119,-0.9820567164801267,-0.6122874952212493,-0.469534560888971,1.6173896677674624,-0.1395425647448276
-0.36620079987416204,-0.9234231733720479,1.4606338126132667,-1.6962643660107577,-0.8625915939531109,-1.9479614189132683,1.1726358600976436,-0.985254270580728,-1.087842894224763,0.23774571319030338,1.5470745858350652,-0.15829581373996446,-0.9241837565429444,-1.2460264084584307,0.12734852144261719,0.20143631806231208,-1.5539189442316308
-0.6955695648926505,2.2348615912612644,1.1540599635715223,-2.17974956144831,-1.8112321855154583,-0.7605399330852188,0.9743256127474254,-2.1370195333535995,-0.21372135001666828,-0.066514816360245,-1.2393526975502993,0.785532639057068,1.70664004446288,-1.0555148568806965,0.5234871748674839,-0.11870957318360723,-1.2130370476417316
-0.09491860840729983,-0.04545394304651418,1.0806399300468472,-0.4435008806218137,-1.7028982528439787,-0.13188431807550055,-0.38184508603909906,0.7410570002085454,1.6357791940557884,-0.3606885749967665,0.5973095543262859,-1.825789932522682,1.2964502385487848,-0.08327872864328911,-0.5123172593458006,-0.14760786844820986,-0.5944875923101058
0.06473111119284028,1.3728882280852621,-0.24684873494299953,0.5545955555059672,1.411782864584797,0.6421682327344675,-1.081451398527996,-0.7391733460986121,0.7588085501738536,0.06073594792535928,1.2435510351303272,0.7957547421639356,0.20717974576783235,-0.6679120167205849,0.9874814598064345,0.5747189375169182,0.193728889124696
0.11249840296561357,0.20257272305024007,1.2808278790078471,0.7378178675037511,-0.7000350418280785,-0.3979047945257201,3.409796651722352,0.6075270540107834,0.10208770202513419,-0.962985173508967,-0.13855091107196685,-0.550393276845005,1.7790120175740356,-0.32649867624638174,0.05879251794990337,-0.10828989658919834,-0.0868513214077222
-0.8148754506600391,0.1764234456942935,0.23722754338762342,-0.8686390722446846,-0.03114378902219659,0.7868126732406866,0.05510640395802605,-0.794375962723509,-1.4600615008183246,1.0963079482240101,-1.4025992730519303,-0.16718568501873435,-1.111679842927835,0.5527214980134308,-0.8412144941803916,-0.31545294970734156,-0.7750176499257247
2.397669200185507,-3.1681061005177305,-0.038262990903923974,1.3832137073700201,-0.24845821554330302,-0.8751860591652927,0.5471196580939929,-0.36100750337335497,-0.43054506321713204,0.979132935088723,-0.8119601786803032,-0.4193225026919803,0.23783889980886608,0.24961382559448592,0.16714016235417462,0.018041170177329997,0.9930668956535196
0.5062018295831117,-1.8552844597292257,-0.2665550398537342,-1.0008286470342163,0.012087864014652672,-1.2802860257353517,1.6656159537620592,-0.6942553855036518,0.7984049080003355,0.11080968074500777,-0.5728147248288699,-1.1724014235815383,1.0573152045443237,0.6727421970542835,-1.5425478103543042,0.3498325006991397,-0.618114441858938
-0.02172104318135222,0.6963021955394794,-0.029323132531894013,-0.07781303115910851,-0.8652283899250178,-1.2507302151057447,1.3603979470020435,-0.04067533846421999,0.323002125397948,1.4373656700630222,-0.018625989584736168,0.7354596203756733,1.2004743963378133,1.3453206670951976,0.7776777115197138,-0.6252852802562616,-0.2076789082473793
0.4636668912269411,-0.7716661421746431,0.2203288387171204,0.8520969675843878,0.4490782523999141,-1.833575201670923,0.9502018515438783,-0.016407615422847983,-0.7017437193952458,1.1278412386691563,0.09246785343937577,-0.06384796498775681,1.7088684447695621,-1.1197880888778482,-1.544926732966807,0.7492868775882517,-0.331820473065162
2.06702767834328,-1.1582222874049344,-0.49770778357319867,0.4515854241210499,0.5973487612457051,0.1874335457167246,1.2479215246528643,-0.23051210780125747,0.12163963231797717,0.5125277214437856,1.2287811038830543,-1.122995288947551,0.588642858620315,-1.6697743329402295,-0.23636743614629666,-0.03640332990326592,1.1645039204564889
-0.4558123467044124,-1.8545479467015666,1.479426244627298,-0.3448932082140374,0.8423863454496694,-0.904659126027526,-2.3990649557945414,1.7164472223506158,-1.151649925177737,0.11507299227490687,0.6294293329220153,-0.9661116845628157,1.4901812246073192,-0.7244569100187345,0.9320003558180711,-0.4644852305651244,1.0037048537858262
-0.25337847620951237,-0.01660479172193552,1.7279500020354912,-2.0257737711437254,-0.6719329132770381,1.253155182279486,0.664430495694442,-0.5467843949789134,-1.453672961715655,0.4701778667903449,-0.42013884326208356,-0.3265801490366074,1.017250864110504,-1.431212139968859,0.4432569846864024,-0.17239066372981476,-0.8906608822319432
1.5662499810625996,1.503642897129404,0.021492675009991576,0.2435796885170851,-0.32970438693810855,0.6334041160400864,-0.25317986200195597,0.1551401738345329,0.3502190262843205,1.3457751116243595,0.7007959623812307,1.677012448924428,-0.9724160838915871,-0.18584803446690498,1.3702201525070032,0.361396736243458,2.2414281785789445
1.6451491208148048,1.8642260744467667,-1.1401579508070188,2.530351115585753,0.04013845876869552,1.8328287492130535,-0.4737013389047841,0.4302405655489951,0.4389108636993679,0.352600157264618,-1.126030048165036,0.5032457501074329,1.0746707199046381,1.5912203257520736,-0.1451401971721254,0.5968002771137987,1.8571913180123376
2.221503677407444,0.5112265992593862,0.3411076484237363,-0.09963360308833248,1.2468195479177455,-1.3593969193822997,-0.2416383152111129,1.379975925476672,-1.953280436101287,-1.5873963622894738,1.1615406417255851,0.47865317254296574,0.49442446437633814,-1.7050503011837006,0.4141652304280331,0.10750279635014162,0.8426251972950803
-0.9266629156371028,0.3588715488227157,-0.15452040842307221,-0.49622579374859216,1.77282012666119,0.6580534399187126,-0.5418687624310652,-0.1318619378958223,-0.8426144750819746,-0.5038998413335577,-1.5241987156034238,1.2781867769469764,-0.21637260787522383,-1.6956493157958434,-0.6785721389339628,1.6845883649271327,-0.009837462192417
2.5843256982075262,0.14788496904711515,-0.8727398316414683,0.15400368588612492,-0.9131937380574926,0.0921750505346319,-0.3613303677154553,-1.873008852960773,-1.0766733511280115,0.3373842725084709,1.001566298523273,1.2741453283236457,-0.9151230458140222,0.9473818048083864,0.8525923324663841,0.6168053426688511,1.3864200732189578
-1.263673952841645,-1.1596973150345726,0.0733569328915828,-1.0583564139902342,1.2149275799264494,0.23733187603061698,-2.5201765471133033,0.5540196367454312,0.05558813687706765,0.17944084518335818,0.8168187171516442,1.2431470377725695,-1.0581909191256014,0.5033402665157494,0.326334292897407,1.5081220176420382,2.467039469992398
1.494492156729174,1.9349619526143285,1.36772063851538,-0.4214955912003849,-1.0431106236184273,0.1538054585695169,0.2780429695091901,-0.8910050044119704,0.7454651043825291,-0.4525922837098342,-1.2144029418565185,-0.2877643620656831,-1.6424712479478472,-1.0120347294723615,-0.626428679090869,0.18335484519067743,-1.0128148001139905
0.30902628804170645,0.014492438408254189,0.14083466409383286,-0.8557585486834793,-1.1378835829991023,0.14180087320432483,2.247826853202959,0.6073185576726264,-1.3451774819701297,-1.208321305965774,0.7464254794047763,0.22298169771569357,-1.7585492832514187,1.2277232646230953,-1.3246357442451633,-0.6147980370141342,-2.1673959164555407
-1.1110499450088969,1.8906615941981677,1.2666765867411998,-0.6617644731067469,-2.796124271033826,1.1409606241468708,0.8465451743320329,-0.8975737050282245,1.3637255207500312,-0.3774782781117891,0.8206307108423505,-1.2191149934601306,0.3570436741696412,-1.249244794526191,-0.8259791970838559,-0.7839669114875453,-0.8833554081118642
0.24049522155820174,0.336011474355569,-0.23194946011283246,0.6822744668049043,-1.2308143139420056,-0.31644487818027767,0.37316051753774965,-0.267674522372512,0.6632360642458015,-0.670526634802367,-0.4232525056666669,2.028863783687699,-0.9131608654908675,-0.5278110750732877,-0.48276230503534817,-0.3371341225722432,-0.1606902609555478
-0.9902328942151053,1.0352868176643997,-0.033399140127564335,-0.43927800411951495,-0.8670505043946647,-0.036604014680888225,0.26761009028240307,1.1721251082474042,1.5674083123650797,0.9607056875408573,1.2287159029750003,0.32353603198586595,0.8680649796415735,0.5307764202683155,-1.259740094366219,0.2836692945159565,0.0434796379812064
0.2668782838202971,-1.4901412903115439,0.758260692893379,0.9338708829983385,0.9745645645374366,-2.0580487980514377,1.3464110638660733,0.33206986850228576,0.11697888159167905,-1.9644010358189832,-2.070561132903373,1.3429291617022339,1.4055925751984992,0.8109344078695699,0.1434779804255979,0.8150034666376517,-0.6348518232208386
2.3173144565155686,-0.8099176085502278,-0.30552825823565066,1.0786278766561057,-1.2451472853539411,-0.3903165728299256,-0.37990007274907456,-0.8506229862797757,0.00220172279264451,-1.5664488112774724,1.2481612915425813,1.8291390675365093,0.3318244405282191,0.45483795043676395,1.3619425579394284,-0.13643180995143922,1.5826389654462292
-3.0827569869728304,1.0447036111397168,-0.6097071254987723,-0.05501498799743497,0.7247004626134221,0.6354051281386943,0.2784859200267357,-1.906947975707067,-1.7327987266894425,0.03318035035562019,0.180680948451847,0.28866123276573824,0.5118326085515711,-1.6451531650824063,-0.589459093362412,-0.2286222312330883,-0.6513161867960431
0.3906863967618505,1.0494728688798132,-0.05814946999635442,0.25992266513011736,-0.1936343917444414,-1.882876198213558,-0.04341550485209281,-0.3639066289471406,-0.8345550542540022,-0.01849030437260986,-0.8311051397060942,1.0161974419230126,1.610871016106381,1.1911028786949032,-0.09534982566516612,0.011752483505678936,-0.8788193462470659
0.36553854508261446,-0.2521720151848699,0.985354560283172,0.6306493227105092,0.9015369248260406,-0.24043097121175047,0.14472211121343642,-0.4115947253097712,0.22475592244383458,-0.44749897970885394,1.4200886420418053,-0.9867228365492738,-0.1114995544060489,-0.3245808433591967,1.1475053767679693,-0.4299071147976629,-0.7989993466068918
-0.601957835497247,1.044745513199726,-0.2651990728247201,2.1484788454751573,1.0831146691629567,0.37306454426772623,0.6199039048463733,-0.8207906750981155,0.835641431116391,1.4082090520085626,-0.5535782202346275,0.011094159497313964,0.027139183552519753,1.526442981070915,-1.9285767407318195,-1.012191261131602,0.2110036872971125
1.993331112554551,-0.48967150259133296,-1.2772070014360903,-0.2860456120338494,0.7501713622092397,-0.7067271019567454,0.21960301884840092,-0.5116402420407895,-0.6148394895902927,-0.9572076002877766,0.971359489167279,-0.14629740375365796,0.7912570081545662,0.9253178493594557,1.3897866472734401,0.2497526771077767,0.9442504344778098
-0.6426519869529884,-2.118861868533937,0.21599132632335713,1.3972324992116885,2.6585521645912094,-1.7203401375931697,0.644418048642672,1.766474409695329,0.055969371134803984,0.0336751349205163,-0.48482793278229097,0.3863162371124938,-0.5548335360484553,0.46736858438485007,-0.8167793594789803,0.14846958293768275,-0.4598367230608178
-0.6465166567766883,0.637258582742536,1.3456152182820296,-0.5267350556069071,0.0036750911604418518,-2.353984789949656,-0.16467097373436373,-1.3899597557264014,1.4573424769484673,-0.633483712083652,-0.9201614475647263,-1.0509569751233747,-0.09908550817559929,1.1023751975144702,0.5000310678180583,0.3060464814167295,-1.5343122593747631
-1.3182094806259064,1.394058619075293,0.24702374658655457,-0.909490127951813,0.7180482758697744,-2.2031415996032924,1.0227244076230393,-0.774283211900799,-0.13654372664517617,-0.220645229306094,0.6833774595378089,-0.5097150485946115,0.3344375518578457,0.666642728292484,1.3306743173749342,-1.0419265628285312,-1.6333430861117912
-0.27888074068723234,-0.7280228412956951,3.7460641889831066,0.1216803736210381,-0.6361888920655765,0.413000142163454,-1.0975543643317263,0.1284025396977406,-0.9722838525464538,1.8660692774330832,-0.40905218388212194,-0.3837372709629322,0.1909131641505454,-0.6582105100895798,-0.3558341438681652,-0.680539940755296,0.2710415726392364
0.6452592180545215,0.8330164642366678,0.29391791994742733,1.9623609121440508,0.5431202470215176,0.6888200595489984,-0.25846823987558004,-0.4620115471279132,0.5025868942644691,0.07497404539249235,1.1115098866297772,-0.8592368699726202,1.3308983420677258,1.434401975121792,-0.41294256151904213,-0.00797395973876253,0.6556990734787628
-1.70244110048343,-0.9219129222419085,-0.3369151883605322,0.16180076092839651,0.785943821626592,-0.6089201576450444,0.38733084791113986,0.3673860298033829,-0.9712064680268954,1.976261316880737,0.7257233712544354,-0.47195528663731934,-0.7106727598922401,0.5642521670949512,0.314376934577128,-0.02708534635516396,-0.0668840539616489
-0.10855523478235511,-0.5829902493923227,0.18221201030921338,1.2736321393503625,0.9767208252892167,-1.7957874108621241,-0.6867486236891879,0.7372005658626678,-0.12847074074009845,-0.09229659733137699,-0.9813473964286507,-0.7566409253640869,1.081563827804739,-0.29264780027682125,-0.5994592153993316,0.45169327442328094,0.8316589011167139
-0.7624262875732539,0.889423391108558,0.6800935510680547,-1.6814821696568845,2.009455962898797,0.23248218650561459,-1.8859719684103906,-0.43260531695200294,0.3249425706149857,-0.9463148004262826,-0.5425386426140131,-1.7331668845829815,-0.2457698794330983,-0.17015348607782196,0.1476189008533594,0.49702817342573147,-0.9338817741592842
0.8935721869788167,1.0619160745471496,1.0389548734665823,0.7611476707668802,-2.51849663897014,0.2852686603279243,-0.3717014274334256,0.03583045819088615,0.018747071488284243,-0.4293018489494602,0.03126274451407597,-1.104188155211077,-0.5887742914065375,0.700708783057457,-0.5283245842010342,-0.041692260447345635,-0.6540643682416589
1.6374469613569511,1.2891550129970362,0.04346075982411887,-0.13627479010263466,-0.409326225702492,-0.30664477312614885,-1.0507831309877669,-0.14619853378840894,-0.20267728096270124,0.2813017860806079,1.756187635344979,-0.40684152872506874,0.46455133208994204,-0.3798976095215067,1.1984012377745303,-0.475135052794279,0.6733937598056696
-0.2749080368498555,0.0763775325220265,0.18329460076377505,0.6120738658685869,0.1444803887629011,-1.8874564260466917,0.7160382062294224,-1.092957177897116,0.2418015613734792,0.8375674089434146,-0.32683160021705915,-1.4237015149955554,-1.1676563911101443,0.8821683664986246,-0.3731477316159365,-0.8182996626538113,-1.6893907386499971
1.518476596178363,0.02437334124108033,0.7648368313632942,0.33663775291860787,-1.0628077577331336,-2.186158512943847,-2.2258703429344235,-0.3696084277178606,-0.34780595247197976,-2.0408759797215046,-0.166346793412834,-0.009477899297621932,-0.9704208355586268,-1.1914744057929256,-0.205006360516515,-0.4622092920685716,-0.0264315576650833
2.0788566277726175,0.3443145287298283,2.1786892441922214,0.6962623549969151,-0.6142783594084487,-0.18934297988438756,-0.619126864229285,1.3259226888239315,-1.8427076359662231,1.4161435116850865,0.17894383547409498,-0.3814599536653632,-0.3274672008881167,-0.7448392381650979,0.18343248493757505,-0.05690360058921446,0.3755613219729843
2.987599010199227,-1.4342848697197415,-0.7028112669519111,-0.34322528007154485,-1.1885776908625565,-0.6708969486031384,1.7029428019369368,-0.6894250758901354,0.04100382260208472,-1.3474358281026195,0.9597452814991051,0.279539491135642,0.4168048907625342,-0.008988674440461537,-0.5174078109159139,1.0651452276814988,-0.2148596657621562
1.5863878121843227,1.0102560247676478,1.787602497401979,-0.21816747643440024,-0.4254292553903384,-0.07216828621023265,-1.6987673477033636,-0.9358033099503594,0.423386940362681,-1.3507215532539343,0.80356247505684,1.3178444255271151,2.5569269208853957,0.582377249224195,-0.3385433107040017,-0.821350656630439,0.1916594047015334
-0.025888773947375623,0.5955643529213679,-2.436698684362795,0.1181171120220878,0.7671505455112098,0.043221273930600976,0.17971274638362345,-0.9037599715105179,-1.1612302590323416,-1.459620053650258,0.50426730841434,-0.1839486638494527,1.0820748873003978,0.19873122378494887,-0.12142071012847959,-0.30750036400351205,-0.3135184059851483
0.07699018296765467,-1.9750615932125277,0.4247686047917845,-0.9227648200900596,0.5493972736630679,1.947516783515168,0.7730403835250464,-0.546381225303374,0.697322223309702,-0.7194655721176885,-0.022922485127768705,-2.711959697451903,0.20266820097256955,-0.6817969824200207,-0.24342886524645113,-0.4742419816345645,-0.8879100400251739
1.1187024567961292,-1.1671259265047564,-0.2609550618162906,1.4630846070262404,-0.6209855491597953,-1.0388980456924084,-0.05336907228032956,-1.9420813182327297,1.9088371713094479,-1.2591638731878878,0.07000331242261432,-0.30600502327836426,-2.169584337278635,1.2296144688355946,-1.0825099310855482,-0.5751981260692277,-0.4061188419141751
1.4591558446052009,1.1579510115734302,-0.3006959332528909,0.1867525229498967,-0.284297722229583,-1.6511241673242696,0.224011579117506,0.5421102747955989,-0.8774632601503203,-1.701386181437591,0.030418082463429707,1.2200559391510961,-0.761973388423551,0.8141933637255753,1.5934874837293922,0.605997826295304,1.277417201338381
-1.0578682858838726,1.4047573278412455,1.3446738348944092,0.23734934107531494,-1.2819119213138996,-0.9809809501966689,1.0353529345568502,-1.0800685184727017,1.6470078888625923,-0.3383467402282877,0.052361232891813256,-0.44438172391500164,1.1251783516135072,-0.5246087206995228,0.9940245299802611,1.2990104252478119,-0.8955151038293047
2.072706310950833,-0.7247494689473373,0.8091803689696806,0.23952294405688943,2.0523803480884415,1.669871335536875,0.19248119830314786,0.2693222964979421,-0.4389049098253299,0.6248803436384472,0.1553247631241611,0.1997272394522111,0.983296508355385,0.4367532697428702,-1.7126228893922053,-0.29723531509515544,0.1886354069743786
-0.4166392158722691,0.18181340696796192,-1.1599401391320274,1.4173407487495817,0.7669726017270604,-0.8919058251580952,1.2239663164561363,0.4052109310124716,0.664201090525123,-1.0465029374037134,-0.24910986346136224,-0.6805287814484788,-0.26331859711554745,2.0826498199462753,0.3537115040713718,0.4236810488066997,-0.5022116490591112
0.20389762187871271,0.12390567504072711,-1.889872930277611,-1.0637388976030888,2.0913595818098987,0.01698048111557246,0.3694645600522283,-1.0794178925768056,0.23440789753136007,1.3966836749812872,-1.50250970364141,-0.865286835049516,0.6325731906220541,-0.09956698957052722,0.4351234417140684,0.4631190184961841,0.5048537574243064
0.34479741374846934,-0.2406558945472525,-0.7093783591225263,-0.7182571331337351,-0.45725581232228363,0.9758449865836842,-2.34939386466274,0.12304215071974343,0.7083746980824454,-0.37156585870061937,-1.0646692059030494,-0.4590095180953692,1.0575897925521358,0.5098834633311616,-0.014539994981309382,-1.877663926542576,0.0038083070744334
-3.454354946407606,0.3004881682881323,0.36292080121718556,-1.3350377737447467,-1.7707556296051095,1.0754319605123532,0.37544335384082006,-1.0275220309734336,0.9426464027954635,-0.43363858145266426,-0.36062086590061626,0.761169233213883,0.34965449313510366,-0.8755311759869424,-0.6743240747010545,0.3496640594280315,-1.3106859692133337
0.18256696477442372,0.04629791859720341,-1.375308607966515,-0.4687486286202702,0.5220089854488877,-0.293726383798327,1.5492529308747194,-0.8576911768585767,-1.383199483300841,1.7736895597105633,0.0002944952339961771,1.6873414595670004,0.8718612739544669,0.5600053960407247,-0.6892037554728344,-0.8187592190664024,1.5445351011259971
0.9032432058518597,-0.25416446433915907,0.26396785769304554,-0.1073034837276815,-1.2794746803110186,-0.5479306587005228,-0.5798847167608301,1.158300254961778,-1.6430001548984365,-0.30353308737231155,-0.5653394207042932,2.4648053706542683,1.8071174023849743,0.8697729645293635,-0.24583180115106573,1.0614039824900763,1.1291616685072632
-0.5343512717383381,0.7416385336908762,-0.7507907523954852,1.2898144104085592,-1.177831477229614,-3.0249971531585813,-0.31545863759391396,0.7484773500501044,-0.005654857948325146,0.22188158570887453,2.0354207055600915,1.1799565578618758,-0.13601070586754277,1.351105758734313,-0.5856412373748139,-0.14465849251387808,-0.8595511190452931
-1.890349725548136,-0.7008056087072947,0.5925656166344703,-0.3577323177359252,-0.8773845788696646,-1.8726315347930516,-0.5364327606125697,-1.7039348098612712,-1.9740223161823414,-0.6110157543725075,1.3692624425821087,-0.0419434229491879,-1.4456441203235608,-0.020475559054205006,0.8768652965841175,-1.4113570565998204,-1.231436206526785
1.283259620842408,0.2895071959177534,1.1207716658371811,-1.3287560932435871,0.6361493736334001,0.31648524277846124,0.6622342715639545,-0.03518039395884374,0.7889016313879846,0.39578655867646195,0.6637316538820157,0.9673297507038224,2.1913726913909204,0.3281236213775171,-0.6240482803299332,1.2809282644506887,0.7051228320935343
0.996241577385265,-1.000688081645341,-0.42171719352118836,0.21237311502539508,0.7091996268252457,1.1324767466076846,0.18714472104858648,-1.2602368359972103,0.49536498400290774,0.8291718911027045,-1.5154173591455424,-0.6343131102063169,-1.363455772668389,-1.2180663437137398,0.5496149584698856,1.2709874558435872,0.676407063469171
-0.3864093028329159,0.3593061696382333,-2.1530529221753536,0.05021146120796279,-0.236118443796789,1.569500173666031,1.257768886408006,-1.170668162029972,-1.695202854485237,1.4496985227360741,-0.26502420999687276,-0.17216547761671241,-0.13899535674428717,0.7854493006167802,0.16528889189641338,1.271034212184467,-0.7063828487361019
1.436024783640615,0.22256111493349726,0.7907976892480936,-1.2349011547141906,0.33877110655043874,-0.21315608702443478,0.9893560877840855,-0.501854460567523,-1.18353707169879,-0.329367349622348,0.9932436533002504,1.6324292428638771,0.6887114076594129,1.1660044773672522,-0.11655461688863197,-0.8864365332472566,-0.7080898010562577
-1.0505635137634017,-0.8202744040495251,0.6521139184365419,-0.21315426229491977,1.2529835797841549,0.09796286983101472,-0.4375698474179649,-0.5199940517721033,0.5470183128459465,-2.088255582169637,-0.20740394655991162,0.22275076812063713,1.279498722340446,1.8639754135389393,-0.3758610734655914,1.415685093975108,-0.6650574151637901
0.36500693901854364,0.33054424083720896,-0.6873205972096026,-0.8364364543881322,-0.6722117875760519,-2.8249616176028103,0.05363306760804676,0.9588925301281159,-0.15024957987781518,-0.11410296396866197,0.8676629170026946,0.4425451901682776,-0.22733268264670078,-0.11501761094449375,-1.7334269331183334,1.1713227369934698,0.6558500137452435
1.0677054361531346,-0.47030166396255696,1.4731910862917332,0.9456362986535947,0.31099849785074446,-1.702972763013199,-1.7995101103878741,0.04148632916143841,0.9751920784229839,-0.34572183036598547,-0.23707597763938734,0.7831169281727742,0.20808489343700695,1.000385139446194,-1.0070898700990307,-1.4133041985652781,0.478926356238662
-3.2419295101629086,-1.5805694983100698,-0.4677187251265005,-0.7174397175822192,0.2293405248975321,-0.12872241609295357,-0.35385069542956055,0.3960996015604717,-0.806398139547774,-0.09926290237164268,-0.7468437463223644,-1.4262243759780173,-0.6757928151618882,0.07957321692777566,-0.8696423560993389,-0.4748706187063329,-1.3361385569272055
-0.2322124816334369,0.346886819820957,0.5925309844359974,-2.678029457355387,2.185404455010803,-0.8191388850702052,-0.4428848051613571,0.7339011164563556,0.020588837880202993,2.7369160708513984,-1.7957111516689308,0.7625576698959632,-1.1543424091735188,-0.28485838154912363,-0.10251815009871908,0.255240184565593,1.0498545914910464
-0.8966076840655097,-0.7766275539334206,-0.6443844419120007,-0.47987304851987467,1.4094126138216394,1.086049333665084,-0.09214609979595774,0.07105917029591768,-0.17560739495123226,-0.11545360299942971,0.5160523276050761,-1.326218581626563,1.202865080317465,1.8965522416555551,-1.0909893604539211,0.3081791800781485,0.0072117226626586
-0.3057966070188111,-2.1819075606430003,1.3401300083398247,-0.16064736978894115,-0.6679753360955945,0.36191034629438623,1.8954380285231922,-1.3471113137000426,-0.5421553817661046,1.8886128755806597,-1.1703690671846931,1.0301539903296273,-1.109525506096458,0.5312375647085423,-0.6045339262652925,-0.6404888640233108,0.3120212612137971
0.13763137284956709,2.799667486149748,-3.3879451102217844,-1.7391755491221965,0.4275316777594186,-0.010076184652196202,-0.6362502940868099,-0.9509757950900555,-1.7202731258786834,-1.6380903736985102,-0.2299114408008706,-0.13314968228400695,-0.11801350730833446,-0.41209936995037344,-0.861901584027972,-0.5474849034210724,-1.0436461143736642
1.026394641058702,-0.9339053902610833,-1.9500204926833458,0.5002607724571092,-0.2502044001657229,1.32196960023337,-2.485493053425449,-0.6082048236178126,0.5161689645482814,0.7117853415693233,-0.2357428655781231,-2.117361584756877,0.05859638286851466,0.20424716497434436,-0.14149654835245085,-0.2300031547228626,1.394718592623617
0.15176352755360992,-1.2005515755904212,-1.0469371053550636,-1.7357243072207664,-0.661358989029738,-0.5021047701560076,0.5879833026225862,-0.004156509227233035,0.08749170130461505,0.6375046536051814,1.1277062100839523,1.9851895359363003,-0.476627573183061,-0.719745061221072,-1.1422080792509925,-0.9522402954900614,0.2515661095401836
0.8260223938132778,1.0763305168464217,1.3479695174789197,-1.4757362642578948,0.9275324610425151,-1.816155714866976,-2.247419861894573,0.7231153207343953,-0.32925130989909357,-0.12765172963639698,-0.44378047131770826,0.27465192526238014,0.6809941752702212,-0.4155255495848427,-0.6348739018761506,-1.1912740544092817,-0.2733358765285525
2.9152587582149136,-1.0048536919809792,1.4417991647192112,-0.19185482678365162,0.38287050156114416,0.6677133157356064,-0.9157725606829983,0.49064479458980403,0.1444542983236341,0.19950788974307032,-0.3111085140244981,0.6475129548056501,0.8300361674884827,-0.16679199104613301,-1.2251403027729921,-2.0610006725576957,0.5422589002929092
1.7239949039343656,0.44947810125239024,-0.1944117475558238,-0.6671878821291598,-2.014264396194448,0.7113599958959558,-0.9426739009772306,-1.1523621889452336,0.8965245150702587,-0.26460600106102955,1.712966049343873,1.7955557630445296,-1.2935163226341653,-0.7067868454496188,-0.06799124892713888,-0.06515273192120342,1.1918794774575303
1.6730485099160968,0.6590867454318715,0.755601853123219,1.2471481908889537,0.06259759550498652,2.304393578578033,1.0380813109517593,2.8248319985122228,-1.5719717821194044,-0.2841077839041553,-0.5633126681340291,-0.8930767465689046,-0.8961967790755518,0.9356186254329169,-0.992523765772126,0.4889954737571804,1.3391815215733618
-1.4927253088803023,0.7131195292134604,-0.7010731362141386,-1.3155204172965982,-1.139857069978126,-0.03846396892854752,1.969752199538469,1.1219066130447812,0.4215878928305509,-0.3049183456043039,0.23786422220619788,0.5457690506144594,-0.9118165541864823,-0.07244074928512938,-0.42580724694390926,-0.39897293612704626,-0.6666550699269692
-0.9169405839261663,-0.34848676539018486,-2.346455685556877,-0.2653733128388978,-0.8667161651690896,0.7365790457239537,-0.8808340247186632,0.7330038664732287,1.0884501673200058,-1.825003170886236,1.0024330486681778,0.13205289238129214,0.02573124549580086,-0.6636598163664463,-0.501593089314366,0.7289903576231338,-0.7840203700376842
-1.2627178213586099,-1.2964238858802892,0.9733163866507744,-0.12026960111502945,-0.023660839732582446,0.000627221236627817,0.7162265060072178,0.14870791663468916,-0.4867711212208097,-0.0508886503997572,-1.175439674461892,-0.053355436712568954,2.4675435447931005,1.8744888457168143,-0.37657003857817983,0.14916483114747414,0.596997459125382
0.17967184736488367,-1.4608804181020079,-0.9430187353735775,2.0649202218599636,-0.013200505758592756,-0.9411412294314373,-0.12686227905398612,0.20913049247887122,-1.7432779453920764,0.853077545237592,-0.1836606567996074,0.15048704183967387,-1.5875089034014196,0.9602371872065563,0.496321875342063,-0.5922779413144583,0.5293655368877552
0.079967396154846,-1.1827654504654297,0.5305601117878922,-1.743099871151971,0.3463791228559735,-2.088007439146996,-1.356443700782527,-1.8400693749709056,-0.34648425881280875,0.12362780558336495,-0.5841487791008797,-0.45474769204820575,0.18875936994668097,-0.346214218726946,0.4396012459427388,-0.6536489431974426,-0.7847545385833953
-0.24712557065924673,1.6918285143121572,-0.6352547041013795,-0.15150329127595802,-0.7041267644415672,-0.8689512983322082,-1.2963497579951904,0.7177258739613979,-0.6692436680542428,0.6384551744041397,-2.3660677231910805,-2.34415337329933,-0.3504024083509086,-0.1595679092049636,1.3848070177442597,1.1947353056364718,-0.2466541622651387
0.29174683071899665,0.4486780978137112,-0.7161418635018441,-1.8459272852040391,1.200156125180378,1.2302288735031468,0.6994725237574182,0.7818850781461979,-0.11232937738676975,-1.6946979611469828,-0.3437546716326852,0.20235497846415934,-0.42984797391847757,-1.7546810630150385,-1.7807984507471226,0.6318420030838836,-1.1953761608486515
-0.26285341659916556,0.22414967284720563,1.0563821413449563,0.126595917678279,-1.9636899784608932,0.27801877902169597,-1.2128741374752992,0.5610454591727961,0.9405170619187796,-0.05893366371629897,0.7415451636625677,0.5319565205521034,-0.06867542872705122,0.0033116296150790593,-1.016531606258108,-0.7716633943422728,0.4313643037254583
-1.0506073521650046,0.20784815188397454,-0.6323771447131651,1.0831498793007612,-2.118170348940557,1.408410310510948,-0.605152083065316,1.767705468553198,0.3578464130387303,1.2690741355008377,-1.1219821757274402,0.8998700228089191,-0.33373990003156456,1.0988644442115714,1.13125468712424,-0.43366052707655045,0.6795768818476483
-1.2708632217281717,-2.4810192844543186,0.23575340453641902,0.10635523727812997,-0.7746637551305192,0.4483026613112517,-0.5384755887830336,-0.11755177598235382,-0.024538506499317606,-1.0431516459185304,0.014391500942109487,1.1206270026836942,-0.2748487717961285,-2.2680621812564676,-0.4851038948916967,0.1846337134572366,0.6567253519831947
1.345451766432908,2.0735108553712984,1.8260861335323246,1.362645601210338,2.6573527263315406,0.007695281722230302,-0.25184975586388564,0.12800919647327946,-1.070526188863813,-0.3146309465500267,0.1071937230340393,0.1419508145023642,0.2262282350332204,0.6068997438833196,-0.5968750756427668,-0.47928502794621636,-0.2547341901538152
1.275369291687618,-0.9876579637221103,0.7142948019181318,2.4883253571361004,-1.2225638823804368,-0.7428069300459823,-0.45568293967380785,0.12975018845037162,-0.4299816822000689,-0.15771813855749253,-0.6329422083660907,0.22709880301455437,0.9081394211433569,0.8487399811823328,-0.9927560612915909,-0.21753764381085708,1.1339992571573934
-1.653080775649891,-0.5288127408042812,-0.02131853029662719,0.3897324395243332,-2.6114745815981024,-0.6272480213847713,0.2045304615845615,-1.1200888867858267,-1.542338095651851,-0.5250443200480317,-0.48442710645448284,1.1563073739942868,-0.3605035022462565,0.5434995700002659,0.21096635685638493,-1.2297651736563109,-0.7335277035893255
0.873782670722514,1.2119914682392048,-0.21033139082808464,-1.8534621511065892,-0.7575487230176778,-0.020332841954926597,-0.8015830950871796,-0.5437303011171842,1.1258742253909901,-0.6382427951955247,-0.4437583525206748,-0.7142763567035258,-0.6989515411777771,-0.9275257623103218,-0.9870987614847404,2.298428128901661,-0.6023301584349409
1.1033016271953608,2.2341184406490604,-0.7383667939340574,-0.6209509508695205,0.2965116944200614,-0.6885682476752291,2.292249446921776,1.4406440067171005,-0.2048497177807913,-0.40629968731265,-0.26259863245033954,-0.3146692549300315,0.7502226676237224,0.5286323443407204,2.2542035671529663,-0.6010082593762632,-0.8605986511803235
-0.02147570001347392,-0.25353518926224766,0.6424060489218903,0.18496933541387328,0.6617822991906243,1.219656533916717,-0.0590005735079218,2.052958611047468,0.15040941514516337,0.06836983971213584,-1.628510829725863,1.0344437492554213,-1.8527432293435062,0.884188487986137,0.9971825630328244,0.20244038964585223,1.3253706047587248
1.499381710955728,-0.39365009605162116,-0.45949096212158286,-0.080920372666439,0.5613601042556507,-0.05617141162058804,2.855182011770353,0.691352000897468,1.8044983694629335,-1.3155315253644007,-0.25984650895930395,-0.2603722009515066,0.4965995730958691,0.49226416333248796,0.40848652035259464,1.5706277255586814,-0.3846526017214645
0.6323696009639226,1.579587107905684,-0.2094519711229737,0.33640899569672134,1.5044746222595158,0.5169221820921727,0.9337419449741957,0.8928046918969305,0.9691760165242506,0.12557579166261176,0.16565283249115575,1.1447939220821572,0.8105117608262892,-0.07210289524964383,0.65255226765901,0.8488828245199385,0.858269371217012
-2.030077476039294,0.8288358277305454,1.1468190842685586,-0.15690896101444426,-1.4670173947839606,0.7118861606145942,-0.24416863426169905,-1.6110509046861736,-0.0738347503582595,0.44833902086360083,0.5834317581761396,0.3080834018065843,-0.46589492512025743,0.30736895302359035,-0.6422200185649102,0.18227708045941085,-1.429916012928779
1.2428869963110671,-1.2769482862443957,-0.3181312827421044,-0.1304241913015329,-0.02188986542458714,2.163249295968334,0.9002471461516208,0.8131947407596782,-1.3462814629867883,-1.5636480737341494,-0.6027654236302198,-0.46576848747979316,-1.3413990690716489,2.5023173782125996,-0.5126077971615122,1.3184801455102986,0.6902156753905586
-0.11540235981429403,0.16419132904904604,2.6472928001790166,0.021082755904640132,1.5859287258275232,-2.009925871224982,-0.3740288977488719,-1.7761920776771407,1.4802350454677178,0.6033789492740709,-1.0553931962575092,0.20450610254853327,0.8450101276496741,1.3231266793532137,0.9469370417152465,0.51514895404672,0.2717823157364616
0.9869670038189098,-0.6371930293469099,0.3621671931434238,-0.5664504302850526,-0.49698796384316224,-1.5139755198074694,0.9433867266473203,0.9441022652502424,-1.1917782404708026,0.4073055425738242,-0.4209550120262404,-1.260442484113637,-1.332148851127201,0.26301846655888234,0.412114608372367,-0.19744194537549337,-1.4331687932671624
-0.4366561214085931,-2.282854517550669,-0.563428164338385,-0.6617926802968265,0.8096255393311316,0.23590511543055934,0.39688974271933536,1.1391323819588905,-0.4911699899952108,-1.0552900698164864,-0.08865732653183564,0.45949957683502596,0.072191684949773,-0.2009604105540931,0.5590905877393969,0.08130984474724734,-0.1810125091690363
-1.7749167473347558,-1.1567541212064942,1.0993287646703611,-0.37049655608894794,-1.0457630801538758,0.10353065218162373,0.5987898926037091,0.47367326168578566,-1.2327244308389989,1.481230823878463,0.6077467228919783,-1.424019353707508,-1.0727501862535178,0.6177790320364932,0.7455849728345014,0.9682746143800622,-0.5814390042952277
2.377129581489035,-1.4151894173872495,-1.67625769398778,-1.0603134419302098,-0.38206619879606424,-0.7683974353103258,-0.6415009111158161,0.09383336681802053,1.1621920294667694,0.3771146338478188,-0.7816029333078763,0.43475524261612075,-0.6845474802228309,-0.5807556411445663,-0.1224924169399362,0.8647365149551838,1.7350582216977743
-0.5245657088473157,-1.2692933326474118,-0.7268677125549232,1.2540121284366097,-0.6562920042943777,0.8999155473690462,0.509842221463281,0.45920508927940945,-1.210891352101349,1.2174043110089026,-0.002761818605030774,0.6592785246746564,-0.7828803622256764,-0.6500058183743499,-0.23651413084671213,-0.23954949932587435,1.2520320582907534
0.18834761504581704,-0.5572408531166866,-0.7545151900559154,0.4525140583691675,-0.5942030818246447,1.2976493691774638,3.103592127131274,-1.0986649849880221,0.3726462934045472,0.26425821134181476,-0.014193580389537958,-0.10280899735358884,1.4093811139025976,-1.1765084703479771,-1.6521374127919028,0.5948671970277194,-0.9448151334784272
-0.19274061762518074,-2.20921986415655,-0.6630148157993536,-0.5055323127047605,-0.9787266826371882,1.1220190839166935,-1.56989580252461,0.5898076397035048,-0.8067777640782927,1.7026476365657517,0.03181820431082018,0.34358730343150395,0.09201639161525146,0.8174323957380145,-1.3678602704676495,-0.7019270739193635,0.9919217947119242
0.06313387925974479,2.3323055562412325,-0.5999701322789501,-0.06234820092673766,-0.7817355077728351,-0.6461700344648417,-0.135689443782323,2.127535620529886,1.1834945726152095,-1.7145807358421203,0.2310630458252373,0.2875504271980359,-0.12281779118234547,0.6549586787231595,-1.638940190940949,0.9220097576310197,0.6723528401752901
-0.3302753372718065,0.042119847865618135,0.34195362188697404,0.9748635145348765,0.21622783999735581,1.8457529358084859,-1.324243837880548,0.1206003590511385,3.0329383571509765,0.039429159389488,0.9919184783036971,-0.3581332732524472,-1.4091257897525102,-0.6099439016394498,1.0288365569884168,0.6092829106095635,0.6030028359002659
-0.2990364014548697,0.7844443505371302,0.6498288467977545,0.37446220167241656,0.19783366463340948,-0.4127740412630356,0.46683938868824476,0.7490379901436637,-0.28690206175781013,0.3507225465095708,-0.7892282909008194,-0.9043555346946501,-0.41345444547049515,-0.06850224560277371,0.3666779335223715,1.393261854539968,0.5402494371483088
0.2519431138594115,-2.5460580767359153,-1.1636881567136002,-0.6873710704931982,-0.2873528196125372,0.979527461949966,-1.2041092926707402,1.0198770168422922,-0.22678448734386947,-0.09547750027192033,0.23858915619497184,0.9967006646714633,-0.25709156555487683,1.0915502642744563,-0.9223217825078315,0.6211425109112794,1.809254136214269
-0.6706735941886167,-1.1810832818179475,0.01828356507326557,0.5411725721447138,0.5283096665831332,0.38211634045971143,1.3053960531382558,-1.7978862777834481,-1.35669500233609,-0.13027931511592325,0.850478151284146,-0.3641465502771208,-1.3657622640875589,0.5237640334380541,-0.17199864781622906,-1.0581356442381464,-1.9231558291298751
-2.6813106911226554,0.27497340435550766,0.3199659116521515,-2.3722325990616833,0.6224583749879696,-3.1393957828812997,-0.48444865702442835,0.8815212168441159,0.4710905572970825,-0.6004536587189722,0.41955633610892606,-1.1769114188264895,-1.0461496082788984,1.0563313375233618,0.13882988258006515,0.37791105858870483,-1.6449048328377305
1.9411080729716368,-0.862250911906947,0.16813073384921629,0.4751390357686826,0.6356751963792876,0.2653465274490916,-0.20457227211031534,1.484624978797321,0.45578167028930966,1.674879477336863,0.15793552890058501,0.1466350891049319,-0.658271149854271,0.3443237146842527,1.318383309632678,-1.275600630611995,1.4443320614822504
-0.24293061676302458,-1.7987906037734964,0.2358162066247975,-1.4488848605395115,-0.7617572125243975,1.2875992046951241,0.5679904324428144,-0.2480651747018754,0.6814223200174893,-0.48871833654866054,1.1229369353881802,-0.14216280183188754,-0.0763639410909824,1.98154100259481,1.2768954313176688,0.16481858523937867,-0.3285507958565259
-1.1155249820003628,-0.06341172760572643,0.9869491115815269,-0.8288701801959989,-1.8263368707779242,0.9752876637834346,-0.06510095022466643,-0.9863408477076748,0.7012081940015681,0.9912999116106309,1.9446684707300588,-1.2556273735953154,0.817315478927897,0.4956703020448477,-0.4355068663761899,1.5585449232466366,-1.0198277854924391
-1.1844465948659013,-2.723438907184664,-0.1338629676833884,0.4167448064290533,1.2860297739987236,0.6419223384662515,0.613804375157813,1.6337592864821489,-0.5526579297099904,-0.15239287963298356,-0.10316077401121124,1.7072081034594053,0.2476996653750344,0.19280952557369316,0.4718976962701061,-0.9861897711228194,1.6166395193337162
0.5632092135669775,0.5075931559105552,0.37798126943354005,0.4533643480904372,1.2634485495340324,-0.3837192932348663,0.9558927503193517,-1.5797615242821212,-0.2345937750090258,-0.5033028900773909,0.5593201031424074,-0.49981185613117657,-1.4129894079514986,-0.06356602674760561,-2.3695372552171072,-2.1482562499366624,-1.10414079835676
1.4058851563130927,-0.12150389258860825,0.025087307358879245,0.35007330932805447,-0.6235710926596144,0.14659553798895109,-0.37625437015021657,-2.2393909377643255,-1.0255276993357092,-1.9180855369129401,-0.7608055575671961,1.2119123383403196,0.5019446646943942,0.03795398438512538,1.7329077187393673,-0.5764360087277951,0.4880206432329956
1.6238798140181792,-1.1400647069859036,-0.6428959686989618,0.50202034563582,0.8111302999972974,-2.039769358635103,-1.588102790316155,0.22964524986088464,-1.3334400968732576,0.01370633941976728,-1.9747672186460696,-0.4598640611481862,-1.0417407331045112,-0.21705603771597312,1.3805310858750284,0.5477869035786888,0.863163141948696
0.9909814804854908,-0.8370609883027734,-1.2249900039886177,-1.56234022821661,-0.7833263547180647,-0.22448050408882358,-0.32021803913350405,-1.1384399847810092,-1.1138367937672689,-0.24323389775117213,0.1546992780097892,-0.45069458174456734,0.8064471153841316,-0.20383163815859195,-1.1509707465051955,-0.1830061486526467,-0.2579985399204185
-0.24308611458479024,-0.15255456312567744,-0.6897198178654109,-1.8257567894443492,1.921034430745983,-1.4275176347200251,0.6869126069801332,-0.44560571742850114,1.9400728302610268,1.2562034297791569,-0.7648509496904313,0.714975690776404,-0.8072742132105588,-0.7543890420576421,0.05802078413402148,-0.08261500464703639,0.8956909533714204
-1.4249665339125657,-0.23915588267755994,-0.6825459016292448,0.8355651118644413,-0.5708370706460087,-0.8646654053932978,1.2328709500902872,1.533350895827983,1.242560661998949,0.8708646438346251,0.9015825666531667,0.26780927642377883,-0.423577562012585,-1.490971424991016,-1.0559429840081342,-0.3247513762399011,-0.5303251577521936
0.44852140376659855,-0.14955105935789775,1.416142533782631,-0.8563936877816406,-2.2981945903295045,1.1989850184633029,-0.4902211386522558,1.2627190263324723,-1.1370868809317718,-1.218366935673144,1.530245126768259,-0.6294551719819057,-0.7548114450141746,-0.14452730707618022,-1.0230349539258485,-0.9558766276806728,-1.8636867208228955
0.4937962947248521,-1.1897980845983889,0.4451777801678854,0.044723826903125784,0.413123552620986,1.4061873853430908,-0.24627791041050334,1.281776603658668,-0.2795867350722541,1.2146003596118027,1.34811101843163,1.662280416310753,-0.7868413197213739,1.2046169009108465,0.5607063810719992,-0.07692405184895319,2.3196848391371923
-0.6054898188258688,-2.176336334697112,-1.371539628758209,-0.5749210698119224,0.570531755226107,1.4016451284159663,-0.759283049558038,-1.1811665656584875,0.2834509447505953,-1.460773545158427,0.3843205779208222,-0.8476905174866487,-1.0512689782926832,0.5953444115149115,0.7029727350260658,0.03737980083830553,-1.3397553916246758
0.8152719675868169,0.7961417408884951,-0.5514396132443508,0.5876392978290078,-0.030830109075611477,1.1025071096171544,-0.20436523123184736,0.7880834181231477,0.9903117345376116,0.6530408100740175,1.0949283453459395,-0.8267139809803845,-0.4829346226729036,1.590205962442985,1.4831471255968833,0.19378179363247455,1.1736066944112145
-0.21025168735033523,2.108506926184232,-0.771383121746787,0.6464577537248776,1.700214121920607,0.7807622914517709,-0.49253515020717475,-0.2825621300194353,-1.84594628184928,-1.940367718551054,0.32715727056917365,-0.7914006754475423,-0.6635456215366803,-1.2338389141788735,-1.3474887561698503,-1.4585679943061036,-1.683760401755478
-0.0032729004484811676,-0.22954670945440914,-1.107567538595435,0.5254741993781704,-0.573574527278315,0.9535504045416644,-0.8708157993627971,0.17070966504925766,-0.558030673853461,1.3607187738573505,-0.06233985910265775,-1.7170584311933288,1.4842339963904947,-0.4097503067725472,2.008244556631364,-1.3590342936744946,2.4436955146547934
1.0881158185983766,0.9463839043689075,2.4892721821383637,1.088422380030279,0.30138897842188206,0.6849551805941839,2.2630327878244545,0.26833676649739174,-0.6098854814815509,-0.06257870636578333,-0.16594389799561696,-1.1080413811841634,-0.024192337422612686,-0.8910038830159864,-0.6297352453688039,0.49969243236969146,-0.8076210537622465
-0.5643345160435417,-2.519942995949589,-1.6528558003351643,-0.1954105713425702,-0.2742374617727137,-0.7404395509971365,0.41747471289290333,0.28297402254528986,0.317137770336866,-1.432290463625274,0.4238715201061704,0.024755626840092602,-0.35650067243040356,-1.2152769396259322,1.5298933338561305,1.230574856436261,1.2180133275321654
-1.5138340996819974,0.035639141902226446,-0.30671722855262024,-0.4865382399138409,-1.3110038168738354,1.038232195591867,0.6739682831069804,0.23584953271486447,0.9458730535143763,-1.120240430056246,0.16272478181030442,1.8472033552116514,1.2764966299375524,-0.480064721647214,0.014344540007673654,0.879676734573582,-0.277863473280197
1.7550240435141424,-0.38883656936880245,-1.5106239103085604,0.23380841975796252,-0.06233829711097445,-0.006294512011124226,-0.16441781394767688,0.22028977352704152,-0.4154224787973614,0.07909621013814828,-1.6289523954486798,-0.6178430020523784,0.8149507730663694,-0.5913380718963246,-2.148719011762882,0.6777600528501575,-0.8261623017379753
0.37405359985955594,-0.5287698605274157,0.7430234711525108,1.7603088839780956,-0.001200430452174028,-0.09480784067659154,0.506211049475166,-0.23522354728733122,0.25899626318946495,0.005756145784628889,-2.653936292581852,0.12321498074404477,-2.3247903225438993,-0.18626299660650789,0.7257274252613796,-0.08524499361965843,0.0357956929240833
0.34804827436459623,-1.280569411991237,-0.116028299026357,-0.28502950998833704,1.167256889243034,-0.6188285274908922,-2.400135042281273,1.9682295792297102,0.7724252983545494,-0.28776605287079676,0.08334380821465567,1.0134400050317198,-0.1970423022989413,-0.09385434704168817,0.8778112703863972,2.010188527388939,1.958046651536676
-1.2823796107456376,0.8727752229693463,0.28704831557624044,3.0288996882643797,-1.656838445754265,-0.5142038132274187,-0.5293281452198721,0.7313377702873083,-1.3680096400601531,-0.4001805534264711,-0.40129358620885336,-0.37131972159144344,-0.04068007228727916,-0.19023419062555635,1.0393533055918949,1.2894115529790633,0.272815118244232
-0.7365627454219678,-0.36404228135236,-0.19734481859211142,0.7105518581034492,-1.3864250971831706,-0.5305341124214591,-0.13352359313769824,0.005795006921254457,2.157204289019801,0.11349082963713707,-3.071201477827308,0.4605799303163536,-0.6151044352248833,-0.8508604809575769,0.8249104987284193,-0.36979694458168183,1.8475553471450117
1.380441870260791,0.10955366371947568,0.08710244161772743,-1.8544534452494965,-0.6656980272475903,0.5218420714547355,0.41655528172510853,1.1899403659530927,1.1019505194787511,0.10227641781159298,0.06515789647922439,-1.5298355406849466,1.7360238647737065,-1.5041743725930539,0.7613488978436647,-0.36601300153613187,1.3020701580056515
1.2903438461609311,-0.01636389167662294,0.8928075247582065,1.7621418593842035,0.8564780184476857,1.4660747988386522,-0.809028021547158,0.9193930072880381,0.6778887047160154,0.1396651030275356,0.8192529745064088,0.14110651214079206,0.22578408240303335,0.5268179094760255,2.5896953156258244,-1.2945567385750651,1.1134935831054278
-1.0055029292706572,1.1742056121348556,-0.5904776958005834,0.513620142402953,1.7084942141162593,-1.0890711185769442,-0.4197738722730389,-0.01381171310063051,-0.20701347704790757,0.8992260792536145,1.6846350353661181,2.203933120718537,0.5677861872172151,0.11956738290747859,-0.028605294702621662,1.2527715412265747,0.5525563925719718
-0.549991161836518,-2.7431296131262157,0.05311118086570635,-0.30636354693215995,-0.20814932612641718,-1.406734900052511,0.24114696473426608,1.4722417390564266,0.333546345084135,-0.44022518484296397,-0.08298793562780546,0.35548788297512113,1.272911549797104,-1.854645138759755,1.3584976864166576,-0.7807925317357297,1.6299140642001395
-0.6974568450899881,-0.7047077300364719,-1.1226528353683563,0.4354701972527016,-1.3587013987746286,-1.0996746566048783,0.747903498002804,-1.5334640171458263,2.050777207939498,-1.921290610035335,0.44558868925826234,-0.6899192660912998,-1.6114804107427634,1.3217094693823477,-1.2273697780401447,-0.18485991210255714,-1.9247187290824992
-0.5363479537772172,-1.0163756894695553,-0.4993436331496243,0.45426023463955767,-0.43149885811040073,1.7818122581110063,0.5473450005761114,1.7040036344312248,0.45605130437979047,1.0727150095556321,0.22025135716091906,0.5819148568076188,0.5917164943179983,-0.7720884271709876,1.865444982795201,0.812132135586851,1.6684682303894416
-0.6989988972830422,0.053310885658195445,2.029162047384224,-0.9237171315437775,-0.2607923283151911,0.015901131605447053,-1.3453245021821243,0.28610567903721285,1.367440401048142,-1.7846120925499012,-0.08496243305076227,1.7830957705855361,-0.020752595359276784,0.8396430077853116,-1.1266324983667897,0.7629154270634035,0.5205658017259417
-0.06285707530616136,-0.18492612967707198,1.0820732079855748,-1.4391920103626281,-0.6607716333691145,1.3099876626318459,-1.3360258641792107,0.3936599317057067,-0.21077748498148086,0.2100966414528132,-0.3619739274125724,-0.77589840719034,-2.043962475488508,-0.007526044554449763,-0.2835842627558172,0.8711757171231592,0.608884925102071
0.6978131894162014,0.2270530297544758,1.347662810398247,-0.5706337201467979,-0.04288297455425348,2.2662918785279538,-0.8058112294838718,0.13942368931409752,-1.4258133858646,1.1353203253723503,-1.4251709321591348,-1.741155402015399,1.0562077784789698,0.28221992357836406,0.8517220619808342,0.33290440155807577,1.147533379086363
-1.8682309878839538,-0.03878682516552427,-0.5426890141000633,-1.4574271227560902,0.12887035852861592,-1.7715024502449603,0.1044823968258153,0.17022743535098248,-0.8681580562558533,-0.5883787559567509,1.546466158483678,1.1726075518443362,-0.7151053804036671,0.4434684971138394,1.8722167884601182,0.14596883110314093,0.0489653986565964
-0.27819478157228916,2.0700979535948743,-1.638604657756583,-0.19896937148567595,-1.0487103320793185,-1.214131680098004,-0.8470531389956085,0.9087450298377473,0.5740844560107076,-0.5086068218095149,-1.6077572367969177,1.2723751073319034,-0.406132671171003,0.058606992876312144,-0.16432645320619532,0.058086682838078295,0.6468079792462768
-0.029585293160985033,-0.9750031937909177,0.6736387842717153,0.9186549818855686,0.8970490414545049,0.6964416573979196,-2.2056449190725966,-0.8900951455141226,-2.0585144585509414,-0.6815913321667726,-0.8563252143560723,2.7196773491994657,-0.1690918782290995,-0.9566618521855662,-0.11338072864295777,1.4412681622496748,0.4155932537057719
-0.5327725286064007,0.8480495344199592,-0.4222980872738792,0.18823287309167308,-1.7136576953706202,-1.2577237907239298,-0.48068499646635904,0.7890352775785499,-0.028782666567720386,-1.062254887109163,-1.1612963275320032,1.897140881956509,-0.33331747198051087,0.4996102729674715,-0.9127857912511856,0.9619449439808349,0.501552071404852
0.25546968382312824,0.0265084761617498,0.7534565106690163,1.8300044320823499,0.038291219079359874,0.41825642779642375,0.7112007139107152,1.1239570010120488,0.17940159457103805,2.2585171767016945,0.14395883969137244,1.9814889912191616,-2.4243287089097523,-0.751353071151519,-0.5109933266911528,0.20293212087787207,0.7745128023566391
-0.9269511169312235,-1.785833762778096,0.8018812649124497,0.029689605162270562,0.8109856035144883,1.2226393829781272,-0.6093112874123437,-1.341111776805265,-0.7453911167695204,-0.013969441730402717,0.7606817731535589,0.7689568881219487,0.1394795873774166,1.098011807390702,-1.0915420876008657,-1.1142078767838703,-0.7626773569025332
1.6120055349814804,-2.0889494124341628,0.461337717693923,-1.7612688923047208,0.21881314993449855,0.18644368554971216,-0.9878212399267139,-2.2365483346686563,0.16607793107294447,-0.002384694587787636,-1.3384257687989831,-0.23613382902384594,-1.9969776154939205,-0.5077163820126213,0.6212841541428892,-0.11594435297784009,-0.0067548810328983
0.25840134163399286,-1.020591848987456,-1.0526612897993992,0.6453388050300756,-0.2058269273672172,0.6274307868626902,-0.5092291722026014,-0.7128968475416617,0.23778258078362913,-1.0132413820837203,-0.5329997959753372,-0.5691790308974745,1.2065062643005882,-1.0176352778610058,-1.7690126776481732,-1.2955942252761337,-0.5887563638187935
-1.4224715346965104,1.2754662095187184,-0.7165234508557353,0.3188968057792048,2.3544724121729748,0.7817819430101718,0.9815816592957654,-1.5502167928230246,-0.7358340372433279,-0.11588266424018193,-0.04274499780046595,1.457094948906904,0.43985709703424297,-1.1477938917567234,-0.9725633354491109,-0.2963123297977241,-1.441959210793753
0.5357823004961588,-1.0670718552454332,-0.6493514005816717,-1.578800007107465,-0.6848211649879453,0.7909410009815915,-1.1559270172395817,1.2241767305151878,1.551322408508381,0.3588586125982532,-0.5094229466952916,0.22056127604341375,0.28197058148447707,0.08033827661586918,-0.724695964376386,-0.42044179602402004,1.2700028643077177
2.1224458535786574,1.2180984634351217,-1.1608732213452717,1.184250735168278,-1.6470151816756877,-1.4195352326290258,0.48526087616351204,-0.8664132129196209,-0.10980675968031042,-0.3388002509588061,1.633264506640115,-0.11691186636070418,0.13060974018217467,2.1469516518668,0.46987957340179815,0.47963512375943557,0.7952326073537754
0.19711791923757896,-0.44403888649341783,1.9609095660127327,0.5160479462288047,-0.2717433886308098,-0.5886605069821627,-0.3439247542128665,0.13032797818877437,-1.3608780007433265,0.6145567599125439,0.5877799808688193,-0.6908996392251543,0.45436123807290607,-0.3900904796618701,0.7467097049827204,-0.38064336646549546,0.6118089477805023
-2.8242650727871013,0.31128512905069183,-0.2811110205480707,-0.271756397322258,1.0970499305180534,-0.1802178356756764,-0.6454458835149768,1.1247066492573516,-1.630548279080174,0.874942783761754,1.2710785752524127,0.13260302773318103,-0.7674452586398398,-0.7772655580087136,0.23895998346190145,-0.9090378831884027,0.1974785936297241
-0.7235325332958744,-1.4193221417407351,1.0923121928900439,-0.8803234136470043,0.6854452841506351,0.3526370839414487,0.9999413860046307,2.0147829489037443,-0.21284418770143487,0.07107956046669033,0.8979645415181323,-1.1353353997679714,0.48572403808841047,0.5193997937215172,0.13711394001686092,-1.57611213704444,-0.235892430552603
0.8339586932570151,0.817834151686068,-0.28779459490405807,-1.2794825932171279,2.330823271091977,-0.21015021093283312,0.7521766882063371,1.159856329067217,0.2797816545528343,0.6013150741690013,0.8526889978439433,1.5029372014537592,-0.3830871559707222,-1.0599389680842526,-0.5728545541723409,0.12238015103676629,1.539797193183651
0.14170741731099726,0.3846671101544116,0.016688329932821475,0.9919142673754732,-0.8338259877111935,1.9017563544859932,-0.8372231868846902,0.5451188107318976,0.4311912627015305,-0.6183114933973161,0.777986550833632,-0.22539596976277285,-1.5302545086478045,-0.3844064126042666,-0.5227320521144787,-1.429926881524648,-0.3830907070922932
0.3365979397680627,-0.0476182142702457,-0.2828864575662951,-1.4452393068557463,-1.9647733817901452,0.9434881197597497,0.4683195014838957,0.3905199935321544,-0.22757570531081148,1.301176480829544,-0.9735541788667398,-1.5801982047132546,0.8260527397296072,-1.0062496204709508,0.6666864392696159,0.4478187965208136,-0.0128939557886106
-0.33390586841718145,-0.5988337178428682,0.34863855341990824,0.4984819254809482,-1.0658199493716192,-0.3938742117117155,0.10456599452685765,-1.9985105319379763,0.35788648019221625,1.0965764628977739,-0.08843726963412657,1.5410242481252088,-0.7456596159819887,0.12032796794336861,-0.36229427741631703,-0.5354095694232639,-0.2089518085567977
-0.4010764746152511,0.8670603446276216,-0.5598105256140966,1.0844512302418814,0.5288241677854825,-1.1905782434287229,1.397182326536107,-1.8184598127749119,2.588806947904524,-0.5451410250763669,0.09993340075539103,1.3043011487968266,-0.11484870270584521,1.0683971410248152,-0.9399670663925712,-1.708311229520843,-0.2198006159743813
0.24327334340557688,-0.1863081189388234,0.7020555731309177,1.1562660100319024,-0.15923588839766128,-0.820438751323731,-0.038855967113254876,-1.615016406737799,1.1017483489361284,-1.1097018028453407,-1.1891063028733735,0.5730183082433459,-0.4637785711251848,-1.2358375838329623,0.08111075622732149,-0.2623755074461495,0.3449778137623692
-1.3106204763138205,0.5924640785525264,-0.42032549234014704,-1.174020122759626,0.44732448488621324,1.4839801374614197,0.6233017617964727,-0.4533987354417747,-0.977315067529733,-0.20893366983570294,0.013055076743883533,-0.01975614311195476,0.5398222340624376,0.5210214836776873,0.6415911439478766,-0.1816333201848132,-1.4086077404369075
1.2373954494415869,-0.6832788708054351,1.945532175179821,-0.5055616231262178,0.9279445209057348,0.2213334485550923,0.7339096720913044,0.44234954462097437,2.067435811146194,-0.12406040637895306,1.0092066849767556,1.1316972147030402,0.5790141911304758,0.03304915305717167,0.12942876757588279,-0.8696395468698283,0.3647526512267313
-1.0317722644255467,2.0225587633344637,2.110870684997988,0.6587340899251004,-0.5822393023362212,-0.10558074083515723,-0.3443790033718068,-1.3197660587575597,-1.1493596172083322,-1.115148524460138,-0.809103993894247,-1.1590480909847287,0.07438319989795283,-0.10648398601719078,0.933608131834067,-0.531327799610218,-1.277124392717189
0.632801023061524,0.19696412296464044,-0.6282042686367145,-0.9420590770801465,0.29710065208433667,-1.2333092803078418,1.810302358860732,-2.3276163339135585,1.059807969041895,0.238337588143775,0.9905505554941076,0.2589413988121638,-0.024203654798999597,0.42566358177473307,0.3930078144220894,-0.03290759531237434,-0.7299641041116807
-0.9710253739817517,-0.8075057311739391,1.7095132559878496,-0.08486574348751501,1.5215049215713543,-0.7504933062725607,-0.642198866797449,1.4241235680633402,-0.6682649012246655,0.9696514327122211,-1.039567486047886,0.7392762544347659,-0.00459361229160876,0.4451312974566838,-0.1504938476866938,-1.7415804432134459,-0.6847726891988688
-0.7607448305841157,0.5951866779534284,0.4386982306994416,1.8158731229160148,-0.27139012213796326,-0.3072128377057587,0.9613247717351052,0.3653291358257292,-0.3517217411668235,-0.3983924579811182,1.49618524822211,-0.19047759639185358,-0.8555974170663206,-0.7675596789740413,0.9225258046830682,0.7235478278414984,-1.1201645208387685
-0.32015933935185187,-0.8887486011273367,0.4940725080583907,0.8006534281789862,-0.6701218093103066,1.1614615762333944,0.13989874108762898,-0.1212230678055282,-0.453604718807612,1.9378726412476945,1.7411370552871313,0.12684077617225636,0.5612607481268193,0.22843380221881462,0.8458177303888451,-0.40378488658517614,1.412414653925426
-0.5304753577214573,1.4910592378704626,-0.8819289184404455,1.3127018172055824,-0.903931914316459,0.47793733211774575,-1.2191909629619389,2.10022782303578,2.0577683765931893,-0.10203403685086425,-0.10874789847237802,-0.4401506473903693,-0.11129790016058892,-1.474691324600071,1.0780454013367298,0.9712680938988608,1.0544403294842046
0.8548390963293498,-0.7361755534901001,-1.6859468943512375,-0.5423960029386509,-0.721147677784107,-1.3008959252748677,1.084602995011991,0.3955124048338283,-0.6933120101332751,0.3109038777442025,-0.41165779810151765,2.159526905447602,0.8699800649505068,-0.18260936605581604,0.5335159384556722,-2.0601695815314227,0.4902316903292587
0.7665236034135771,-0.3569857597085934,-1.9594790083329314,0.24597121470966632,0.9313763151846365,1.3483365270475625,1.3626319631451873,-0.5779362508933507,0.3587007908481214,0.3240742782361264,2.653533773889821,-0.4625615809344599,0.27039050604444104,-0.1546118617298284,0.4354960855369217,0.8844129545026415,1.190404837815371
-1.127613978710693,1.407126954295854,-1.1034097653155213,-2.6031021057209887,-0.13116183573005594,0.8989672650715463,0.3137847684485939,-0.33740967585804393,-0.8833582581133141,2.1166214690638645,-0.27058541243099943,0.9478092503187396,-1.0860136148841801,0.90331235175986,0.6627568123483585,-1.2333404659776226,1.2995777749473305
0.5285274778014226,0.12055748902691357,-0.6473176548998871,0.09432722984616979,0.2659243376383035,-1.0648957413002527,-4.242281030988955,0.06405240675111334,0.21596756680249138,-0.2594981438960721,-0.9364776383750018,-1.002687901860777,1.8168399819248087,0.059772960747740654,-1.5064332757591037,1.0858548455490555,1.0470933853496902
-2.1731630355921534,-0.1164942199010293,0.7563822454191244,1.1123795738913755,-0.3949427439403197,-0.49430779331910635,1.2370848745802727,0.600622995155494,0.5007839817523553,0.7193566673904589,-0.551112422705511,1.4802858998101802,0.6885076503468194,-0.2069527938369295,-0.8923395817376907,-0.15814428314992562,-0.6881122129956985
-0.3938715505246983,-2.175113753090924,0.05215502790427611,0.09553262366077768,1.7567436825015743,0.2559589108381971,0.9307755533666459,-0.4698870905323541,0.6671565685098836,2.4661334278576246,-1.1574910890462002,-0.1788539005857111,-1.1296834658374821,0.05775685068923057,0.9736659566808712,0.8409818104503856,1.1976219964430874
1.4638855985370307,-0.48245822795105553,-1.230070646541655,0.1033470650002667,0.23976940204825767,-0.716382385340651,1.2560908402450532,0.8507512892700854,0.2323815771295076,-1.0565367638613354,0.29367682056580857,0.4833528260137662,0.9594422504810213,0.32965631427889563,0.16749450769361324,-0.6722565555698472,1.3296100477856645
-1.1106307992884152,-0.23036983796506255,-0.6592540766061977,-1.5236783802422944,-0.4545822057527844,1.1607921906941123,-0.006494372368204629,-1.2389865107448998,-0.7843009992457484,0.6022845296094148,0.741778585588059,-0.4762031768475805,0.3828432967227879,-1.196997639881618,0.11034511195750907,-1.3581296226826194,-1.7560302050982557
0.005721554217917992,-0.060820007607280534,-0.5041556212326632,-0.015955516621430414,-1.4178287395446172,-0.2062369560525759,-2.1112892496310502,0.8980503121010487,1.3278339767111798,-0.4019867031595426,0.03475985509408154,-0.5769292712147914,0.42258559741576507,-0.04116374271895543,1.9133392898970558,-1.2449986975468674,1.430028839081493
-2.2646631733445513,0.4026775863449597,0.09313301294185866,0.02522665605835342,0.4127772847539399,0.5250861045264215,-0.8828057486717507,0.5528697820990837,0.49417198958664665,-0.17929324379109235,0.025174154866705017,-0.49090563480576915,-0.3245746861166048,-1.5739370968276616,0.0918880486713432,0.1140151970200857,-1.2649680333934292
1.162706915138943,1.416260381279641,0.2639710404897759,-0.031375442789580064,-1.735523762280478,0.07606454120959838,1.4125674159277626,-1.8800547148175852,-0.401907598673151,-0.3323439092874732,1.0915618263346294,0.3917045920467346,-0.6432784557302691,-0.6795875252139898,-1.1038789046347328,0.06753448762213456,-2.1022574382343104
2.820070811365644,-0.36567497967778745,1.2249009552369141,-1.6467423360390478,1.1349600210199304,-0.8121624376992136,-0.8667686459067188,0.058691559704288326,0.8983363309451724,-0.42269032390660294,1.3111529666078279,-0.10967535343930732,-0.7919300832541748,-1.1376266823290726,1.3200405525774956,-0.7952950436204163,-1.0588683775428924
-0.8247772982298085,-1.198380146953125,0.26827782421045193,-2.0005834955948214,1.4772215889465659,0.25708402223320653,0.7589827789761399,-0.056533471337064004,-0.21160006860389222,-1.1069572443542781,-0.9145043714062214,-1.3229559841066396,1.764567904814797,0.5547901021096392,1.0486910220164063,0.3954179740255652,0.1582376996707342
0.9307914075908378,0.24896384456785792,0.15118375176673698,0.15447212837743132,1.8838388920699585,1.628556274338188,2.185706765461506,0.007997205314505942,1.1567789189236486,-2.8759872034339473,1.0697583120556693,0.7664921367325955,0.7895693246464013,0.44136428047242987,-0.38134219914532175,0.14533242522771722,-1.476675648143203
0.4160284149339625,-0.4349252389200171,-0.23454297610407124,-1.146641210786479,1.9701106969804356,-0.1527519536383803,0.9814491542557349,-0.38266530965823714,1.2883652698137957,0.162226157737741,0.02872698007010296,-0.3903400238792574,-0.4044352652160734,0.05526058447551394,-1.6868255039845705,-0.8539520183471613,-1.0031847506031324
1.4900144562796485,0.6324569112817793,-0.09905692906421194,1.1837681339645592,0.5136196498423546,0.23273433944266858,0.3946888469698238,-0.3772897367954569,-0.6069103501982865,0.25823266828338093,-2.0105640222889396,-0.35424967027843124,-0.8748955027574331,-0.025234111644657522,0.20931446614238944,-0.15000624872719148,0.4391933538620028
0.8797624474199953,0.20731815177135307,0.7213931412413631,0.5835525740783759,1.9462294783840572,1.9910772608893104,0.16060178732986272,-0.49988383514315965,0.840255708481792,0.08430109752600368,-1.0868367493844788,-0.3705870667385207,-0.5077840132566418,-1.2273552131606427,0.5349756078420479,-0.7086993962689796,-0.1266277238217031
0.08612233971554313,-0.30723479947993854,0.31659464783394486,1.5483535088287976,-0.4101020934296722,0.922014677243802,-0.7511597565487877,1.0637917691010652,0.47080224736563586,-1.4707813982875844,-0.633728068942893,-1.786237450845684,-2.747803748836417,0.9053368913712347,0.22950579634983095,-0.6043616450611141,-0.3670188101307275
-1.0384634191883069,-1.5448582153769312,0.6538579137341977,-0.6775256562539436,-0.8736023535923821,1.4129452402745521,0.23987574661336292,-0.4845662718088028,2.3844625789498015,-0.010310576946015946,-0.19754823415958636,-0.05657299338097465,0.6231695423113602,1.4833744028349822,0.3135993940907454,0.031146197168191735,0.1179068233889207
-1.4130048204363421,-1.295780037578465,-0.6780832833825777,-0.3252702495901138,1.2915887695143107,0.6860507560927068,-0.050246946426089754,0.059635055047349506,-0.12877367274677934,-0.9876110529288754,1.103179108641282,0.4126783412776015,0.8502583579374988,-1.6594730180223636,1.6643213705780333,1.0342213434703846,0.5649819646191978
0.025078765158283757,-0.6109546627712477,-1.2977762307735674,-0.9805035792768542,-1.9694908932579005,-1.4021926351572922,-2.0560528543883407,0.6267477738799141,0.6153243650846459,0.9207941852852349,0.6925525775784984,1.1771437080092662,-1.1998354770401494,0.9138335353362302,0.17047356966307578,0.9599699757078928,1.6270414473377088
1.5417690247487037,0.36495160223532447,-0.34296789406834444,-1.0371263986175323,-0.3731518425439039,0.9457184461434434,-0.6029046542543374,-1.2477808331007365,1.3299642906789062,-1.5642742856439935,0.3827579268970175,-0.06435945623011573,-0.3903375628139962,0.443193445305849,-0.294953917139965,-1.622939005784779,0.0222345138528079
0.8969066234559911,-0.3910364109039563,0.019154732497412605,-1.0113744920813605,0.347050582439971,-0.10621869388817726,0.2913071613618404,-0.5475452107445459,1.6971025545680398,0.7328277694269226,-0.8006033482082372,-0.5933935663614422,-0.19353949112115543,0.7320697967112617,-0.34291414051079244,1.0755110687247338,0.5533550534124623
0.8745360930677517,-0.4753586671323953,-0.07042795987881871,0.21246430403948297,0.254015252186095,1.0152840301015702,2.3296331617620347,-0.17303773278115375,0.858262815350361,0.36202637771660595,-0.3182224167411544,1.3098208496692065,0.08033108589684292,-1.4023712482859352,-0.5791318191338599,-1.297664366882048,0.6988794602117918
-2.39325066321386,0.30259301426573604,-0.4687812108663233,-0.45048721121530005,-1.374591984049322,-0.242146944781262,0.4447876241736253,0.5993385486413985,-0.346144955986481,-0.3060961296804906,1.1973624238949143,0.9637757548241482,-1.9112152294772573,-0.07461241376459686,-1.3485683227132619,0.7817050663066055,-1.363478839442846
-0.1623990339824997,-1.0891282079430662,2.453577338925459,0.3805015955339988,0.4780193371206417,0.9655572624446239,0.12072795653477451,0.8640499367516294,-1.0325645005770119,-1.9063653956310749,0.761931036480833,0.7017420930916956,-0.1266835096003465,0.1603229402658195,-0.6679373634106796,0.6571703677142906,-1.3817916631529823
-1.4161197809711934,0.925184222085318,-0.5804702483235433,-0.7365309890366433,-3.2381365937132203,-0.29304656541294366,1.2470906729339275,-0.35353777216299137,-0.6729520702236497,-0.45665907252573745,-0.06798736889464561,0.7090810387496462,-0.8790013867028666,-0.5907760541306581,0.7548081578751826,0.34470747510849387,-0.0449741935301861
-0.5969207406402699,0.7583991840777949,0.7499714478392525,-2.0976431686481822,1.516208211103112,0.9563344186136846,0.05022797749614972,-0.9820481528227915,-0.1321433089474698,1.4968313534142585,1.0574849401960082,-1.3323316730812096,-0.3009294528993153,-0.32689519858967736,0.7753127998670277,1.475210610136083,-0.8948595686891299
-1.4954018933706095,0.847798078056743,-0.7380028012222636,-1.5817788345156527,-0.5075666136020157,0.6357156850617994,-0.9056611374465628,2.5271035360637986,0.21144424550364455,-0.7886455887466607,-0.48640662827560044,-0.5778712382949907,0.993162970697954,1.5201327108723528,-1.367168470786992,0.1819182683659462,-0.0565882099866131
0.5062639083346224,-1.7838892437493485,-0.33714387703912946,-0.23948189753660828,-1.6589457738750897,-0.17479981825533142,-1.782288069338049,-1.0069616691340124,1.1490852655172,0.6238242742305443,1.240031606684717,1.049612939401821,0.6598027160867684,0.948403768942596,1.3623895634690804,0.9276280095011714,1.5040315803044035
1.066219997844496,0.6867244354707381,-0.9523951924116335,0.02383404694128805,0.6478798776346854,-0.009946557246698583,-0.5524315658829988,-0.671235064621342,0.002593951285867822,-1.9774998907726224,0.2720580317135334,-0.7679962570443964,-0.4438236743948117,1.5097450227993132,0.286292154210257,-0.23248947563183311,0.318539533606784
-0.9176651865187746,-0.31742828084674285,-2.340628155021185,-0.6959326219668975,-0.8604592937465416,-0.692248612381934,0.21859870570009846,-0.15387330636412408,-4.085551789683322,-0.6733430600350259,-0.011086995548903055,0.40528288250021777,0.010960393678748803,-0.5742811829349531,0.2544973947945935,0.29790484186148086,-0.4275132464941684
0.11211027803219217,-0.890881983906847,-0.5734174339823118,0.6510824924163096,0.02655028437937345,1.8707550700393083,0.446288068614987,0.7623206681167619,-0.272205928822042,0.9734401237567436,1.5428133400500583,-0.9277284918818225,0.2098907538348156,-1.0427440108975876,0.5768116266270852,-0.34452828686070536,0.4934594684340319
-0.04121041363314246,1.7385788382050615,1.2646710685512614,-0.11471524712241289,0.5769267668815807,0.5881233509384335,0.43255314028438435,1.1798062355135808,-0.4992515718014828,-1.3254008503633832,-1.216094920091409,1.302498526016913,-0.3747534919553104,-0.5189307959859055,0.8283735070094311,1.3224368401602538,-0.6374915259904794
-0.3857082271993376,0.5185351210713925,0.888420125882661,0.1187732359241831,0.870586525139516,1.116160033308208,0.8895804168696526,2.8796709176500723,0.564940988645194,-0.30369538658197287,0.3997129713379872,-0.8014567721161925,0.7763501585075178,-0.6378507440944222,-1.268031144266553,0.40040436430616233,-0.2667638194597935
-1.3793516036483315,-0.25957762254196837,-0.6898400328579201,0.8145838358727437,0.4778666784341741,1.7987259680882108,-0.1923522983110716,0.067750567946657,-0.3421163954866807,-1.447998106644626,-1.4887996133100039,-0.2495340847893035,1.2261916821699665,-0.6303099220693708,0.626936271633558,1.18888860639531,0.4325152727917339
-1.357694202856275,1.416271620442684,-0.27260918053140754,0.7803546936601146,-0.013090647845873634,1.2927168508812787,-1.1683754335185774,-2.53989294574686,0.9622829879282978,0.8806598474693025,-1.1218187956547485,0.9268210963144722,1.3425008261882618,0.2514782401580239,0.7750864549768669,-1.1739106806961201,0.2178752181556673
-0.41871251294720513,-1.1455989857182276,0.027875638148037955,0.047884617618005415,0.4018284337721389,1.6235610551381598,0.053927126399709556,-1.1554642588853814,-2.252620917558113,0.4379925284035086,-0.5404102102367668,1.2280813708879408,0.63291267348946,-1.1404665518299428,1.2609078977183301,0.8721266915903668,1.854069658541952
-0.21631343867398675,1.6944219599629948,-1.4378893300114595,-2.1895816145863107,-0.8731290948028285,0.9875531954479437,0.6252336568191486,0.7787934352546813,-2.406502083820258,-0.7490007980100024,0.20529872997921889,1.3595793726351293,-0.04196900703493115,-0.1285941974167243,-0.2785394278181489,-0.09130368627619306,-0.3257543929689215
-0.031348342604179895,1.0793384070331125,1.0459699870295855,1.714294636520818,0.10076118367224998,0.8567794305811064,0.19464426736335566,1.1392977493241105,0.369004997519344,-0.35859068164500113,-0.2679965347179008,-0.05874175061450869,0.5148972945536328,0.8209180415970074,-1.4951813534717122,0.45468678036536375,-0.808531130696638
-1.166972989106295,0.22019769983205814,0.04823712821823242,0.7528563664510952,1.7213956261215402,0.3895598492468272,-0.5438062625479243,1.189327330920227,1.7428724018027006,-2.135416814535427,0.19639259458179825,-0.7836494331243007,0.09990953763130622,0.2961503529732851,0.08996057982181281,0.2872198830667095,-0.1725951198308102
-1.143905207201229,-0.23548925552520925,0.6111495747945719,-1.3784463782855696,0.225489870481815,0.6811657729959579,0.9761733226372975,-0.7455821708913621,1.2767879288356945,1.3239495304649942,0.5407461315795224,2.113951949730531,0.8258668780977287,0.29119743807840476,-0.119079178420421,-0.8977706380754642,0.5568677786268789
-0.4920422001001098,-1.2894096534506134,-3.1737067863645327,-0.4099252509772345,-0.061324964743502755,-0.8167993045068499,1.7242097666688045,1.1858304311457861,0.11610953666039012,-0.5751912329868578,-0.44887323487366715,-0.8924535139977111,0.4119751543101519,-1.12535811418828,0.7792480020926059,-1.2764236538468794,-0.172415503771534
-0.29617825886242133,-1.003148789018115,-1.2792224650659467,0.5548328719484557,-0.6966452105436409,0.14714183798406927,-1.3580712182131012,-0.14601965118908122,-1.2586429460596391,-1.898286353465124,-0.8568840440044605,-0.1637784652686223,0.15525689104414703,-0.8730579256763032,0.27299674848209976,-0.15486483370350157,1.4099597634679444
2.1342306546380767,1.0262348696700718,0.20673666382793646,1.5188827774518268,-1.159378089561089,-0.9697559010480544,-0.601743888450443,0.6370917292627055,0.2623138854775675,1.1098279422565254,0.7433437045336558,-1.0832815478303033,1.30223875929768,-0.14077548371499896,-0.12872019809565408,1.6760667169091599,0.3900643191291636
-0.6889089911330987,-1.4400851660764244,1.3755372890201152,2.270398306239865,-0.5883087916773568,-0.898949454497474,0.620581998215206,-1.5696672705969572,-0.11605294333129,-0.2067113761726635,-2.0787990113091874,-0.4859804464929515,-0.5918576778905801,-0.3462408752878222,-1.4558227798400585,0.28937315426323,-0.3655953018065946
-1.8680908205681341,0.3185750739463064,-0.8113937045884582,0.8280509003236142,0.26729841466078147,-0.02382346561956119,-0.4549794126665411,1.0154269778168656,0.6778444771233196,0.8241721424021058,-1.60066333482671,0.8514914104116695,0.16330582478436806,-0.040095883967434756,0.3957770480786491,0.6414849008303247,-0.5745364552568362
-0.6962769990384194,0.39645230244694046,0.3249684994447384,0.05760745028243206,0.15328823539672218,1.7214681727530647,0.2292043561883839,1.298107155633056,-0.37644906174612774,0.44088388365490194,0.5798841701348963,1.0741363622140496,0.3894147122132676,0.276584105471668,0.7485010617747906,1.105232434714112,0.1930229570890759
1.1361153435853444,-0.10516733170589393,-0.16653751164027894,-2.294048724092666,0.13645689756929066,1.8668743289416208,1.1204196752190554,0.8110525612653543,-0.9548501524547033,-0.5012857941624759,0.2152915772609516,0.21358443135272834,-1.2317036257692684,-0.5980883826240373,-0.6325137911772577,-0.44692614557236937,0.055532783374733
-0.09519464631571842,1.719660230857981,1.7727355492934476,-0.830797687746799,-1.039139467058054,0.34716418298410157,1.102347545870126,-0.36074329168990577,-0.23279123005589283,-0.9607029997387777,-1.3182819222498914,-0.3455981207049525,-0.45686449276701846,0.3926071872098964,0.8426761857282319,0.16666416956532704,-1.5157445257174014
-0.36172269593120393,-0.19340590030651914,1.156605457346977,-1.2509529866814562,0.28945893598206046,0.009381712033146522,1.4636425496145438,-0.8091124280973474,0.6563458392418099,-1.0402835760939066,-3.472393985058994,2.527961545137637,0.027816713829490528,0.35453309032565417,-1.126886849360304,0.17041016057509448,-1.455307694253609
0.026906434452459133,1.930754038681561,-0.8571730167721437,0.7176821210886395,-0.1265598515669518,0.5578352108123814,-0.9580543402440705,0.42230236482442146,-0.8105158097022478,1.4085982943204296,1.4501935898875011,0.646600358530949,-0.6328809938343585,0.40631552455965697,-0.025244877616665506,-1.1270621663856193,-0.0959277091573778
3.3045325658556615,-0.8249876158914075,0.9215004464820812,0.8592046286965337,-0.7651308778910333,-0.2643513512128109,0.3715036294011147,1.5735546975007704,-1.2440452755258264,-0.43109070052106224,0.12260237440187376,0.17148366711559637,-1.8407959146620398,0.9162878277639036,0.7956999910543582,-0.0380113067609262,1.5158952952398248
2.2245955891618148,-0.7601250695878178,1.1915501928068473,1.3823928475647382,0.9238075577054239,0.6563614767390064,-0.04350512083360198,0.26160964458739766,1.0062206573261174,0.04825176131281886,-0.11712123198401489,-0.1474665857714115,0.5600805818299427,0.18658195092418997,-0.3548761838188724,-0.8793629664705128,-0.157599511302982
0.5296442560571153,-1.0654110677582662,1.2774779280238229,-0.27737130116906,-1.0035231153341253,-2.033753333156392,1.8062442938787715,0.5608264872296002,1.872186117539952,-0.5070929687146428,0.04988638864348018,0.9200365237383985,-0.25429743823501993,0.7147476339184162,-0.040736791762237136,0.7166936943907589,-0.112482759313736
1.4121875783915354,0.9983185611807341,0.5618882079548702,-0.35849188420166245,0.8014084434906391,-1.148439583996481,1.3984407245575465,-0.8738178354623454,-0.6828366015468257,-0.5567429586888958,0.005349613975093381,1.5957607587771412,0.3759583160113982,-0.3031804779693052,-0.6748324275618618,0.3315624651097289,-0.7885438944171131
-0.520360334076789,-0.983016162229545,-1.3888677613201836,0.6999914365312947,-1.6784365646837063,-0.1569373172126641,-1.934490586829735,1.1667498196062287,0.022694674781344383,1.5358519665129795,0.24645475789468027,0.7525162211725764,1.061741184132543,-0.14667725125430559,0.20098912688706022,0.11107456465404028,0.2272258492241315
0.39512365947191685,0.7831354689989243,-1.234464576829669,-0.8338180932485095,0.16207945572157476,1.0601108244361146,-2.2786112797378864,0.1364188335762821,0.33947453726259613,1.5624171122658745,-0.3056143717308395,-0.40417917440909207,-0.14660968465527485,0.2876004256688951,1.0739543543684524,0.21446885255027806,1.6042886825045577
0.7652908649546216,0.2108106445674367,-0.06117940736951709,1.3923652017874821,1.254658137689769,0.29186908162118547,0.4054561525472932,1.1923708294064366,1.6276728420003777,2.5259973193654575,0.6391672904811013,0.7095551610351831,-1.190281115559239,0.34212178214569466,-1.0726950390100578,-0.07763508368118237,1.728713273651341
1.595297641878609,-1.5943732918505236,-0.6389717650064773,1.451220488269055,-1.0901081160925172,-0.4312629100307896,-1.5954995930237168,-0.22275247058723874,0.40493013726792154,0.09335989566029455,-0.9165732164877403,0.3391177180278631,-0.9308489752986608,-0.4396015393141593,-1.6234688483863726,1.6405576064176182,1.5379610744891985
0.007323555008668714,-0.04774598526961202,-0.3389846146355537,1.0118007413422216,-1.4958216778529256,-0.9368206299309068,0.9870873660226348,0.6149789300495212,-0.44538142574008005,0.8843407681439708,-1.308491296276059,1.7876631352669294,0.8449502268550134,-2.024157547483937,-0.6730406962828593,-0.40825683095162163,1.7969907770362166
-0.30349569873013993,1.8199307559548403,-0.06929522696129166,1.3313316415980494,0.8674912216835242,-0.5642779083301123,-0.28458804152772227,-0.19502708173564848,0.3282708583769879,0.4820074893537949,-0.3118479688760575,1.8855240722452997,-0.14040452674216256,0.15249482416347354,1.4271682477574528,-0.3807896501786731,0.599254412968228
-1.270588167700567,-1.8269974730346126,0.45582174922250573,0.6521142486989019,0.7621646344819681,-0.8169149094177478,-1.053828383046541,-0.7837241151677702,-0.8999176053541078,-0.4579606353683425,1.0413454377023583,-1.5439636805331394,-0.8556983720791689,1.619381087137635,0.4116230758319063,1.3309039479876352,-0.9409987300773268
0.07883805449706591,-0.6971772403796525,0.7152112119002747,-0.14517603963811967,0.39992800605055523,0.8852775609196165,0.23119813460408314,-1.6301402682865727,-1.1202980805540859,-1.4413851917241909,0.19795423225169048,-1.797237761223859,1.8849708313910707,-0.24738656626501343,-0.661098774268392,0.9550263961442442,-1.4870276182317292
-0.8591035887175272,-0.32492279099902527,1.4723234336756115,0.11000358566716412,0.32771612715870674,0.23654550645153424,0.644083203143948,0.038283556027687314,-0.07339153391271158,2.450501215636951,-0.7314782758010735,0.05043165962198598,-1.322921904277944,-1.4811796081783812,0.9126698931817463,-0.41622238186579497,0.3279968173623795
-0.9596143848735035,-1.389185588568582,0.7355426052746246,0.7435301710977941,-0.39169301789728533,0.5043265160003472,-1.3963292817564257,-1.5419929015967249,-0.2173526899124601,0.019104805556301438,1.6702876761582943,-2.2275569308858896,0.7280920671930673,-0.7517258069732622,0.2941917742539978,-0.11278332120975529,-0.0321915073269807
-0.7657899542633269,-1.4410989595617771,0.45890096089650695,0.6763627718287812,-1.2785056539710007,0.6918647352298508,-1.0075391158460978,-1.2746876470440576,0.6705053883100405,-2.0744344108429336,-0.8641696266774597,0.8059164082815418,-0.540044092842442,-0.8544329635400758,0.1697870961391835,-0.46623572607993446,-0.4391593213861383
1.2419563945090868,1.4347619726654,2.2799874828077034,0.5029901136196042,1.4897028719658667,2.0751499292965883,-0.06300203381922607,-0.19021699741497725,-0.15607590495943607,0.7711510556268337,-0.8538041767623807,-0.907671279921797,0.10258440336058186,-1.383368327484893,0.9947837237201312,-0.02620747471188459,0.2053848902939917
-1.032219141833338,-0.9113435845238311,-0.004071170369431833,-1.0334082173858172,-0.011761843545833109,-0.7843486978535099,0.5561988099454607,0.02686322243181733,0.38439590281569114,1.1831039288790872,1.2870185967567243,0.6112708923658091,0.5042149404906642,-0.8414829287265974,-0.5227864842657852,0.31501787566942296,-0.2958622600193682
-0.041851787865781954,-0.40843247591019827,-0.19570864561643797,-2.4351254466060523,-0.15805748306946923,-0.29125011442061194,0.15399466445532542,1.4897550035136298,0.9640714730031327,2.0421460469174635,-1.7702154440629223,-0.8855469256500832,-1.2284907318216098,-0.24423681219008497,-0.19839485153643382,0.21672046386108493,-1.7360816085950863
-0.9011094541105938,0.29479529878921434,-0.9193266757124162,1.243865705482662,-0.14626878089447692,-0.7126685302723644,-1.056255648278722,0.8793687978012795,-0.1905184750692993,0.16352493134185625,1.2491312535161252,-0.36157150642508373,0.5699581108963073,0.2430539767516019,2.733588409244961,-0.6677350513958442,1.6005389913552288
-1.4785488565238967,-1.3483920787154138,0.08045192343919506,-1.157995920521311,-0.8108366710685845,-1.1645780592256723,1.521860738160168,-1.008561235240421,1.4430135813685383,-0.457238841174615,-0.17649570713565335,-0.14182484257132819,-1.169473785869857,0.2903111678193063,-1.4938936885068526,-1.5058435402442956,-2.37545185875738
1.915958787356484,-1.0084053222066243,-1.0883302785833417,-0.03400820919921837,1.7076523904659064,0.44171815803624415,0.47563735220779507,-0.01690468909568269,-1.0817341478299902,-0.503054112995996,-1.4342587009826422,0.2360615030896096,1.5407066552771849,1.731636347756599,-0.0613852315846315,0.3818538557822609,0.741770463438332
-0.10095896269285623,-0.1045123836765901,1.5683620949471786,1.541486273379768,-1.9002799542120623,-0.3537479446784668,-0.6241632042069141,-0.3121398554995638,-1.36045037903892,0.11580500119162739,-1.4252936313458098,-1.9064283007612117,-0.0581199743916436,0.4998785722785261,-0.2847609226263145,1.0262629649880852,-1.151522522754142
0.1889987845745141,0.4827949370137846,-1.59698731375568,-1.161910154754515,-0.4563302434043202,0.53302167993237,0.5849490590429444,-0.20405139155896412,-0.32619995148932257,0.36023335429258924,-0.8533327877221122,0.6671521225357704,-0.7277554341516287,-0.5699592320012219,1.982237938684586,0.2843604874429635,1.3373176098375177
0.8399435935638512,1.8616648884203137,0.4588873593360863,-1.109944106415024,0.7205794061030854,0.24722462158608155,0.8263444063911733,1.3276030469962967,0.6682289618157422,-1.6267187336055653,-1.5221956911527854,-0.30060602440420064,-1.2383620282958738,-0.5179980200698228,-0.17747203488278662,0.8735567800994564,0.4410465618073788
-0.27743073672700835,1.648259278982339,1.142529380585394,1.4313700639643765,1.1696419711458488,0.061791612964569025,0.9170664950379737,-1.2952386375845828,1.6968334489480732,-1.0059082724676154,0.28108420012092783,0.21481496074340473,-0.4673099740738532,0.9076587820754506,-1.0513665876372038,-0.170272433497364,-1.3807077453103052
-0.23213665325835925,-0.4714084260487904,-1.1848858861818259,-2.072643963892525,0.11106099276945777,0.610463036839867,0.8011549264621647,1.4521482802172603,1.2611209857239354,0.8984911652229185,-0.3228481112488197,0.149907209820611,-1.1850618762801128,-0.28367586993650734,-0.16700440421811066,1.0804711112529088,0.4949272724517078
-1.1858295888547898,0.22663372446722116,0.9858545250544836,0.9655429511308886,0.1106884453542189,0.31057326892940423,-0.3439926024897944,-0.3642936204150575,2.3351741990007353,0.3316980513332439,1.2533110165282193,0.5634519384450869,-1.0497251751951673,1.581386216891053,1.4522605657316672,-0.509854138258093,0.2286579866330474
2.047319560751556,1.748671524178915,-1.032861766308192,-1.1672753263520592,-0.9373181504619575,0.6167874471550849,-2.343148571733832,0.8104502573757274,-0.006276443158156874,-0.13704760939033392,-0.9401353775045902,0.41861113601929045,0.14132349131367136,0.5646581850762749,0.7035619683355101,0.28340258818074043,1.4250702299437858
-1.2352731174145963,0.5116352236971365,-2.0176170172117844,-0.6231209566880797,0.41651105119971243,1.0457752346514109,0.44219087670473045,0.03834542676055399,-1.000344233536263,-1.0798663508072823,0.14722777912311488,-0.4966452057142423,-1.1095186840495028,0.16806858871525904,-0.13258540598803406,1.0705002573650637,-0.8557832270497271
-0.8865892405996394,-0.1045644974113988,-0.17489900714831266,-0.5258242657227982,-0.4179505665663071,0.35540560065971977,-0.13562599324131147,0.13776681574251973,-0.5471522491150554,1.5986162838775564,-1.7724299415384503,0.21258623655197342,1.4805146694610822,0.9602085297068456,-2.161984938652624,0.7853420047087724,-1.1578493036527295
-0.26048365568205967,0.7626582200095409,-1.031809209425036,-0.9820252976838652,0.8824267676051208,2.124132740604177,-1.0303683999906044,0.34625499156969936,0.3245446111451539,0.25865739699108653,-2.271215575940227,1.5227712582968072,-1.561966517773772,-0.34542811581177735,0.31157634348499474,-0.04582286200552333,2.1420762723094704
-0.7109240068294344,-1.3056087510494103,0.05770833916447751,-0.4403687921831785,0.3322175694938698,0.7605668414196036,0.2649688099302022,0.7767509817261968,-0.6010417698105331,-0.9117069169415671,0.11621969326283023,-0.7683524708692923,-1.0510689363956216,0.4973613528586847,-0.4901001933179429,-0.40295993643690386,-1.181221849559753
-0.9013375223698208,-0.8670985651196763,-0.7112263573928566,-1.0050784997091289,-0.7344895546470354,-2.4987528101591727,1.5148754497056394,-1.685838009642832,-1.781992257679208,0.6160860815633378,1.1218740637760685,-0.6595048344828993,-0.05323303190282241,-1.5246028771401874,-0.6087254678098545,1.1494064484057012,-0.0170501484385566
1.1580088096862104,-1.4700554561132366,-1.7788492774263942,-0.02439380503191204,0.9371388097731107,1.0605218519884034,0.47901945596130846,-0.4654571685069314,-0.49999141857057655,-2.082076371683747,-0.4793783220557241,-0.7397222306020742,-2.136459535585589,0.4581888018162486,-0.1460449629159884,-0.8839070459339258,0.7999865348505781
-1.025707323922657,0.4722991192036193,-0.9825254596478101,1.282902743024768,-0.29560288993455947,-0.40590988170636644,-1.2048325553236006,0.15523243152445854,-0.7947502984210139,-1.8691971329912365,-0.6779392961348997,0.743535497165761,-0.9339871966005183,1.0603997869220538,-0.23128130617616588,-2.235601621913776,-1.583324415911907
-1.1945560363697258,-1.4070424096409324,0.24735320434415542,0.314308595765708,-1.3893104992065177,0.7787516470008493,1.4746815954925334,-0.04176754072568653,1.443552230213956,0.9197256097990436,0.8223547257898929,2.015209084410804,1.4876201396924016,0.4682521314886674,0.36301378314321114,0.3142431196094016,1.2048981486917767
-0.9125546932516787,-0.14588141405755925,-0.14623537906194184,0.19985176015149364,1.042988112467456,-1.2162540700880338,-0.007780860461254648,0.45056282913845663,1.0512744731843693,-1.0731401687940354,0.22470009807886032,-1.0173170329065324,-0.6554267234061334,-1.9535914648619488,0.6719372505198807,-2.1826250608503472,-1.896518734637892
0.29162689306238315,-0.8845034781997746,1.0090205584229581,1.1295877025777135,-0.5526469986864824,0.984511238522789,1.4289919658263557,-0.16048928036692536,-0.6925765673704513,-0.8976960751918593,2.0144465273019327,-0.01654495253886303,-1.052831821762312,-0.4622614134316221,1.851570632589421,-0.49192408876962124,-0.6169306185397906
1.0006825071868872,-0.31500956045412176,-1.1634614226857585,-1.4538365524590373,0.5831483012016353,-2.822552268958692,-0.3319675771553329,0.45092043201090126,1.152201659241897,-0.0253452454182551,-1.1101655760147986,1.2191219138204181,-0.34378045372408905,-1.2549018052351806,1.3332983535187635,0.837073864693922,0.8587473709510097
0.6658290976595885,0.19655746886735184,-1.9829860858776276,1.3014570284693654,-1.2689243327847577,0.699311061080465,-1.0994582588946038,-0.16240936718904672,-0.18563244243021412,-1.1578016574485088,0.6445597631135849,-1.6644993271313042,0.9095275285503209,-1.4288781794958323,-0.5823273382015779,0.18876283593837637,-0.0424673909235268
1.0731584098979643,-1.9541316371877213,0.8058731027075043,0.4078926857674215,0.6027863432216695,0.646122156240266,1.5306459702472013,-0.992994292055426,0.3180164726518479,-0.7327971024835412,1.729147438859788,-1.1663069533077284,1.8239195085135986,-1.0003783026990263,-0.4019979545713647,0.7181584532022187,-0.3147453640698331
-2.0384277313129484,-2.2230094531118523,0.9387649381287526,0.10210937157670331,0.18003256234027304,-0.08031577112676719,0.16576927896315202,-0.012624492844482206,-0.9651369410073214,1.1164229090575695,0.9054036598904786,-0.9300694746875627,1.0457550651165333,0.6170977122804943,0.14936841054386257,0.8804849120503275,1.0598530470121612
-0.3021585442347235,0.9912339061734974,-0.7561503113678991,1.1385234715521009,-2.03475726036526,0.5886480308077204,0.6448712087541182,-0.005259114833349288,0.8848561445480225,-0.5250280033452149,-1.697031651954446,-1.7411995902070523,-0.24095914270596494,0.5656406807358267,1.481402045364253,0.24986755105067052,0.3142597943982824
-0.34766631116713753,-0.03924450124374133,0.7501207970212964,-0.809752476579487,-1.1451171233552215,1.267265302570444,-0.7961247053297408,-0.46849077641440223,1.18636162034137,0.7746379244523321,0.5458349436103638,-2.5887260164903565,1.2469638474149949,-0.39302842618544026,-0.5950299157607478,-0.36570244277249064,-0.64159799124498
2.275666968365407,1.3072390294965688,-0.5676780245002958,1.5416339750070134,1.057060438925616,-0.3291676061583465,-2.106617273173655,-1.1113920440609313,-1.5014562944153291,-0.994194955801874,1.182924869901953,-0.5718990545875092,-0.060058430611679176,0.05962175263106666,-0.05279463676069052,-1.0819949907560147,0.0781886839175402
-0.05338992933980112,0.4584350951397839,0.35192830675014486,-2.5593870524777507,-0.17999445645652168,0.4681643519093077,0.7079748713765055,0.3105401045409708,-0.8051528955016732,0.5771767778725446,1.1078190888490649,0.01756954820343596,-0.5932274624871013,0.7291581370965207,0.36326395773321185,2.024396754094581,0.5309879522584621
2.09892564285651,0.15650972452940268,-1.2856962252670407,0.26286427941785523,-1.7202414410101066,0.5714197831850273,-0.4778187877694383,1.5652203185853117,-0.4901513910220791,-0.7646635477274694,0.5892157221451246,-0.2704047955808135,-1.0827067011779774,-0.37649309412311555,-0.9927499650136946,0.5088424068429331,0.6870389117878878
0.26995454004749614,2.328086333443557,1.0582508936463528,-1.5846624780223568,0.705181050326094,-1.2077116439827196,1.3452601034145195,-1.075751211288368,-0.5399704183260933,0.48301266817922206,-0.3955609971956071,-1.177804689768956,-0.31742959612142546,0.8942554713767715,-0.22105202509114066,-0.9995956233871874,-2.375310425675502
0.7461775592213665,-0.1509288114166049,0.6308309483080388,-0.10026949619050916,-0.4661072969081398,1.0305631495917518,0.6221504864126038,-0.5745349941051242,1.1412737541175622,0.8403586522671721,0.20082165598134427,0.7043176945299666,1.0055665657269808,1.934219312846495,2.0418930569587648,0.14943403490055038,1.817442757254316
-0.40529080783806926,0.9761421000241582,1.0095352982242527,0.41641804737076793,0.1652214522624337,-1.553269087574707,-0.8240745022384532,0.2700950352566865,0.33648649626968946,1.0019871601874062,1.540876038768756,-0.742532250021237,-0.6715930157597977,2.17634751596326,0.8998276984262447,1.7269573851654827,0.7111538469942341
-1.5002198156758593,0.8358591332627161,1.2360503888417138,-1.0168500125362165,0.60017578002386,1.1208001712058695,-0.6298345925065651,0.54850106723812,-0.4661439303892866,-1.2445252935866904,1.6916015409502234,0.23623652238468593,-0.3360708239610416,1.4194142473434397,0.43218493042850076,0.602926414455428,-0.9213255620312962
1.743642829202049,-0.3046015174553645,0.3044914088253768,-0.7484605218493278,-1.716123232978604,-1.4181333920632262,1.0142373009101402,-0.6366544926072645,-1.5295931520310306,-0.5942275663704886,-0.6774680764975946,0.38575180084873395,-0.5603176388875653,0.5770767200675087,1.7639953156775197,0.9791216729599307,-0.0674103028559973
-2.414739593920003,-0.4014165791199564,1.3302219849220667,0.9547252732902352,-0.22556932329574242,0.6219250819539631,-0.46514631708165843,-0.4373199626499439,-1.2107744439276438,0.11916993720546974,0.01209197691627814,0.9879304487063163,-1.4602443163431635,-0.2091579198960666,1.4236486930683592,1.4304079574378716,-0.3832982251875577
1.8447950085440767,-1.0839420237015387,-0.08238534898011796,-1.4051841215937664,0.3913110358960942,0.08150265078335767,0.45005498788873927,1.4047233355857691,-0.21391253727571724,-1.5525181373155474,-0.40838424167675197,-1.447128381336004,-0.10830982613614946,-0.28593009770735095,-2.7242566550626544,0.04586739052786142,-0.3419459040004705
1.413975959040678,-1.621557157413717,-0.7766317685955838,-0.41172726006484484,0.9465496719912705,-0.5718523006663373,-1.0235048815275172,0.0907306069164286,-0.2746422501963914,1.7302564245119698,-0.7868230422144431,0.16290515141330184,-0.3148555326541343,-1.5067155278627822,-1.4571706909634423,1.550243611858271,0.3636124817587595
0.540300515983348,0.495395823688362,-0.5730255534490951,-0.04314419416230734,0.44974651591835063,-0.12315875084432898,1.4137984987568832,-1.0976314000921985,-0.9585142480107938,0.8860891761197385,-0.7523253940094574,1.7298642528882258,-0.4800520161400567,-1.3960382432622025,1.7550877705075862,0.7690247559929456,1.2402400925979986
-1.4784241467845922,1.1371453652284451,-0.7484693759701463,0.3381094587722893,-1.0428463076834906,-1.7953406633313016,-0.8581619497869319,0.5377676033019723,-0.7155866802546493,-0.36457729191838995,-0.1281966828959251,0.4463647142856977,1.2548776505595378,-0.039102761388696027,1.0454882532470138,1.6397562465695494,0.4021949778219094
0.4746031525591242,0.5631582603698668,-0.6170289460903647,-0.3533757215598648,1.7167485270847764,-1.5535275571661071,1.0974117323908428,-1.7584067094309652,0.3913667886743061,1.7466836444923552,0.8579863901589311,0.28950482039782716,-0.9752410938789746,0.1336056482334048,0.5178696137041959,-0.08259030479448325,0.3855805229160939
1.5209582435343563,-1.8698282648722753,1.6071568860578451,1.2494145818971305,-2.0284761648218765,-0.16733725567052182,0.02059840584656807,-0.09544443850693095,-0.20105760921083343,1.5004234073924458,-1.247840245672839,0.9346205422814093,0.12869393872826468,0.5287878350685603,0.40508643352753737,-0.22298788980468615,1.120389781901448
0.6741155746399268,0.33232291296026967,-0.5991797835068792,-1.2038220168473903,-1.3571532038769556,0.09742193762383852,0.12665879086214593,0.48854759861497793,-0.3719748276609075,0.5410504521693398,0.029633381339321613,-1.9215312263890036,0.11091911350372224,1.0186001137847547,1.018657960753415,1.1569828416923886,0.2604162304047092
0.4339392279578855,-1.0775420079037128,0.4510164534370857,-0.45593151126278575,0.07479064873172803,-1.3300385572455045,-1.062593547471813,0.09076220192561088,0.8033041858106618,0.7292763189324392,-0.0020911967771652202,-0.8341114099767566,0.4546572151102298,-1.7460432534329502,-2.1846694056355296,0.12146777222960514,-0.3460633679019729
-1.7402194937025546,1.2693661159322225,-0.298323608593344,-0.14699058590944625,1.2395345153647837,-0.5249569028649193,0.5887329543466472,0.3079499526415886,0.3829957890330864,-0.8860130563491982,-0.14870985576081083,-0.756672167094699,-0.9913130160221991,1.0874793700298495,-0.22971263088428845,-1.8666808365642664,-1.6732813432150595
-2.013278578957163,-0.6775884551401842,-1.9290386897346985,-0.06749242544771099,0.014156399082749155,-1.3812318758858764,-0.4109346064323236,0.816898197651279,0.6345490888132403,1.7313619859179323,0.30612913730564245,-0.21807898030599124,-0.6408101585394087,-0.7342632637296332,1.9363771590701662,-1.1914590590054157,0.6778777803486599
0.814710245552317,-0.8763396113458328,-0.34792889241171865,-0.29884202438245616,-0.5043061498014597,-0.5606076316391815,0.5437958612594639,2.52985740319725,0.43320966909942354,-0.24533801694975282,1.0737857580707133,0.8632057845860484,0.5555252755224289,-0.8114235913883209,-0.4340893613803905,-0.7738831491991873,1.138974575502656
0.5638361414391473,0.0931098586517721,0.9684201968052834,-1.1528622134912825,0.0742433292414754,0.35346603227475104,1.465853162534285,-1.1933353961984219,1.083849337908298,-1.6393824475096208,0.5405462189026604,0.7057956616254963,0.19365914744121077,1.3717725284606483,-0.2094859628031075,1.379011949220603,-1.0527861271535677
0.3417429520422669,-0.5059062346999262,1.576996094600549,-1.8964928627571926,1.1325816547832304,-0.343575047057755,-0.9182922885876631,1.1994975471776836,0.6952169755712493,-0.4756420895084726,0.5376428991781832,0.4062375450478122,-0.2383823689778229,-1.0866795342459212,-1.5694920624774071,0.04546751156184138,-0.9055880198690168
-0.33700724006156296,1.5377270904149054,2.491426166807272,0.49624045138696204,-0.8682985373259156,-0.6942515325579555,0.05433226696920527,1.540621044236393,1.2873005416022467,0.3733517026618524,-0.4275838802538053,-1.4355630332424338,0.9610928838452091,1.3070348454815066,-0.9693315955651179,0.18964882071038994,-2.0559240896269277
0.020115992558943408,1.3831362324033292,0.39347826964353644,-1.1708307855810214,0.37960451189719835,-0.6225805287391915,-1.3275444917997543,-0.16793904297102308,-0.9710056318152323,0.8473530080852938,0.2029636711756532,1.1552237819819233,-0.17938865114472752,0.6279741970437467,0.5400765958176366,-1.7200189177490883,-0.7070086225771998
0.5125656490665083,-1.089626328854982,1.42313619226599,-1.2665229295042797,-2.286567865429961,1.773323886621442,-1.287518722292371,0.03357544384846369,-0.2372535082651258,0.5134901893062098,-0.7207508793199697,0.005769933965976697,1.4001314116321821,0.6018523717763985,-0.9732778769261519,0.2359046950224293,0.8060216508188915
-0.7784541864934249,-0.24818318781755022,0.6715560736115862,0.14890303812953035,-0.7708490137512156,1.313039094805789,0.6198328025731894,1.3608596784731473,-0.33155785229738804,-1.2511069839890459,0.19443061498704067,1.3302646159661398,-1.3130118223332463,-0.8956702980202346,-1.0830004417360508,0.393652845131861,-1.1855618351582502
1.6060559726465016,-0.6489613394952183,-1.308080098318302,-0.3830451612163538,-1.2700047452635246,-1.1491291806752506,2.199444832145566,-0.8321853735158091,-1.3000642604705441,0.2904607522549921,-0.8711570377576171,-0.19917962427560607,-1.5952503092299812,-0.3665438160466596,-0.6044750239424806,-0.013084630932053793,-0.2515314121180553
0.2514769334037154,-0.5774715849664654,0.3338233709201269,2.75119283307201,-1.4365869223900178,-0.7099241027027372,1.1114356811801585,-2.1683788456216875,0.7850793293484211,-1.0998241790046577,-1.6645565361005639,0.6437366065830422,-0.23241508689916915,0.7644765758349085,0.24329729144329457,0.6354770729178361,0.2929412715687855
-1.454036500910864,-0.5890277656778323,1.216713012872029,-0.692519743506856,0.24041307115401225,-0.9286486827888742,-0.7235415966810106,-1.1079325670733982,-1.2373212819313912,1.1420635794595582,-0.0703438233427704,1.1660272481874427,1.2054208161600757,1.3274149642835755,-0.27856965166876807,-0.6715760727274136,0.02368532029996
0.7336699182665687,1.015957171911076,0.4377562311934475,-0.9062251556407583,-0.05323524154352028,1.9502782136889307,-2.31734902510552,-0.3750207631300156,-0.011265074016658657,-0.7934626653710792,-2.228689121103952,0.20075587226122507,0.3660991469665796,1.0369411842087646,0.07447905527553171,0.8250867930765386,0.6660277425218709
0.5744895515498573,0.783403142819087,-0.7590883964098174,-0.008412344526881596,-1.2822226353682158,1.9041524524811024,0.15926893312169232,1.9978258625546466,-0.5144208632767681,-0.8791877939833779,-0.6045500331910288,-0.7314962796565783,-0.13700422479744828,0.9033227800002908,-0.5000125378377736,-0.0966203614827573,0.8795696059428596
-0.28216954185999255,0.5114408962096068,-0.25290263455894557,1.0340272205793581,-1.4198096192543763,-0.7273841263092298,1.551090180833129,1.905612393258568,0.05305019402840632,-1.0553244056783326,0.0872986168581728,0.581096854061205,1.6601922243200742,1.974322990404813,-0.31780968145517124,-2.740342681962445,-0.7951956718694959
0.07851668331631341,0.09368994295601131,0.2587978297855828,-0.49001033919753995,0.05260329110725759,1.0292003025914465,-0.7953950238355524,-2.262883970356482,-1.0383189393098182,-1.5001968044617877,-0.18114975155338922,-0.4064333776433156,-0.3450723793096451,-1.777449990592777,-0.7032963640325279,-0.9273330185164012,-0.2124303952595123
-0.7571958987182397,0.07061289308689193,0.3934447488150331,-1.2584929343534617,-1.5248092921104361,2.1052662140550105,0.428507677542274,-0.8963597857024606,1.474110077025913,0.15572554134719802,0.43773206299621875,1.9301791859035982,0.9869992312625978,-1.3707499471184483,-0.9783582664056675,-1.3197218012639067,-0.6681170654080023
1.9172338319803803,-0.7795575751266678,0.9926244014855689,-1.474696503640282,2.8849357073260093,0.5721396112422424,-1.6590107091261863,-0.05367267383074966,0.48954448939392586,0.630503196012968,-0.4816695093138559,-0.15078923674774933,1.666747976055071,-0.7295176800263604,-2.2974724490402765,-0.2657709779944316,0.385080858828662
-1.4094732353673358,0.5032684866623282,-1.836014728219134,0.6591267138984652,-0.4528276693277062,-1.2399259709967938,-1.7482910163926186,1.0667267910079217,2.0572435551526946,0.48906635839689844,-0.9486772310457164,1.3514990530873239,-0.29567924323442674,-0.33571288283932305,1.5930905888899034,0.31050526816451124,1.2872787991347212
0.04692645344211451,-1.0834268082843517,1.6875189502862002,-0.5714032495017015,2.7013578812169827,-0.6185319131016671,-0.3073199280273781,-0.6604307982302154,-1.325295273149979,0.3089824745262668,0.6087291929369606,0.6616773291761103,0.17348190290002946,-1.6842420902563415,-0.6168613080743721,2.2567014581513027,-1.125089016573693
-1.1586790005597671,1.3683740186380233,0.5764735876034802,0.6425170486780767,-1.2376025776713764,-2.561758689048341,-0.07812649319184947,1.3006384065908285,1.3613448296155521,-1.2297789899541653,-0.04538264185837418,-0.5192096471323532,0.785037359180479,0.2834914137933894,-0.7825388879891734,-0.6201522318446486,-2.060292987863885
0.45759075154453854,0.49890057067601645,-0.349388468866841,0.8220552132572136,-2.703518337348585,-0.1891274294653722,-1.8929329042292298,-0.5492302852756189,0.31034549374459885,-0.8453669258723808,0.7581631277875693,0.4763714069611216,-0.8501166842927363,-1.1760726838876585,0.782971633486763,-0.8238600818072607,-0.2569055907524194
-0.24912435418181497,-0.26737284105177567,-0.6428050889276595,-0.40482056999293786,0.9267235396324986,-1.6983134409189626,-0.9141980773885786,0.6371809637939116,-1.2219635294533062,0.8168982701146481,-0.5490458063757191,1.0753383011214912,-1.1239776781819888,0.5154868331879975,-0.006715448625235583,0.2794211141523801,0.7326676681275385
1.835768522333808,0.7634993422405304,0.6151443947428151,-2.6247290933992367,-1.6629489492701346,-1.472993131147506,0.9623087002124827,-0.4303652709998753,-0.13969279382014876,0.0742519958448411,-0.08947668398150016,0.10911328314509064,-0.14397531962635485,0.4323759978209468,-0.41469501038681594,1.0781727957755514,0.9507997251311676
-0.4470561452163685,0.9393806535863364,-0.6643431715472706,0.41978782871640624,1.200852950853708,-0.5011551160251292,0.2457492474477583,-0.7425469584236899,-0.48145883872421674,0.6990704399800024,0.6436184650294055,-1.0881109688493102,0.6408840686828782,-2.0310119000700126,1.5708374181172335,-2.2112767089628402,-0.5053830070835489
1.3130502535103934,-0.7483208061257172,-0.8750772806127688,0.9383619992508978,0.5959761259996483,-2.524258547474299,0.5732892806167615,-0.4688672998370405,-1.1623749345272676,-1.1489439549805467,-1.9006026343090394,0.52285671940929,1.22824012179433,1.5025839334347464,0.14473516674842363,-0.9444716551486061,-1.1451042727450198
-1.1150694457663592,-1.4165039590254662,-1.0243497331048996,-1.2129818339093505,0.6468957720312072,-0.41409919418113766,-1.4020977932161152,-0.17275072256075014,0.9850431888741298,-0.4409574329489272,0.6316890328416941,0.48385502278945486,0.7017898136350003,-2.0142850500532417,-0.9105846088660533,-1.478125978767339,-1.0734053097232323
-2.378504181059247,0.8301638610042397,0.24775113138645316,1.2321172155598057,-1.0719555220381796,-0.16282436861667146,-0.4838601762360521,-1.3715018564908794,-0.3691517467673307,0.01900484851137458,-1.1869368861146719,0.21744241192890065,-1.2453873069444426,-0.6626859676420107,-1.0752353442005027,-0.43838063825117013,-1.6829877116921836
1.1063019528777682,0.92956821370522,0.8543360171208066,0.7154900747428516,0.9315889503127296,-1.0604354850036615,-0.6482060004412346,-1.4766705680698688,-0.17385031781616553,-0.29818296388070115,-1.6307274978943378,-1.3320102607456463,-0.4332639796609488,1.120874486342767,1.079115413883505,-0.4893908725063737,-1.097569172977515
-2.6677820302442856,0.013273278619525873,-0.26611582012985585,1.1497626319246221,-2.0283535827833385,-1.8594245521238668,0.9352128944684138,0.9439547397557874,1.1441114127613545,0.006191338491650804,1.197563530806606,-1.055311056350943,-0.0003062465345407731,-0.10046765134629948,-0.7346747902571179,-1.2619125668872015,-1.5622458166336584
-0.4101055636382413,-0.44812322141816696,-1.055503775370035,-1.7124169161969645,0.4055746023618227,0.8221196508591616,-1.6267449585962348,-0.5217225627033605,-0.2012504379829452,0.7375028204891908,-1.4012751915437176,-1.068080943536524,-0.5710059711353874,0.4180128631012981,0.09874707872980873,0.26517203484209356,0.7051039442163778
0.29571524484887524,2.278198874287816,-0.941466168818111,-0.28156334624024704,2.0427784354797005,-0.9826719812666485,0.3292156703044571,0.5134847420836264,-0.9002592842469996,0.7739469506038973,-0.42028722209189917,-0.4235033696389108,0.020963434676478692,-0.24809020778635196,0.45593222034591374,-0.469318818867125,-0.8020573363250301
-0.31702609832229095,0.995344062955916,1.572565689676285,1.6983159222486548,1.1468586129389742,0.17608418127280662,0.33087065452976283,0.33805667136155604,0.4932886522167613,1.64163101666491,1.1375979676654546,0.9617299486138351,-2.3405013497093585,-0.1174873027764218,-0.7635514092664558,-0.49834133783783957,0.1450101592229371
-1.8904797152375086,0.6872843090927219,0.12492870846941823,0.21434455811361802,-0.17740849404376613,-0.01185688098429787,-1.0394256369384038,1.57371379231118,1.475680298582068,-0.8141620492885635,-1.5715485915806462,-0.5086098132605692,-0.10438050226882656,-1.7348433798866674,0.8007295214038961,1.2260895939595733,0.4196940593470101
0.3043803551459286,-1.485120288224796,-1.5690991196205692,-0.37603438999123956,-0.6974732904993649,-1.3333103950743332,1.4303551205577618,-1.001955253751574,2.306932411148636,-0.9186784075291436,-1.5658080790005238,0.12426498976556481,1.4180114601662483,-1.37865709555373,1.1179623756430987,-0.19222701908891152,1.5505592280432487
-1.887554104359512,-0.2479935726988875,0.5272347139891984,1.3087170326261153,1.4368573968435745,0.7461672297812767,-0.9965156942932395,0.7686389872185803,-0.056838735823974244,-1.4277438348992801,-0.41982038711967123,-0.18994650644521058,0.8866583852809221,-0.6324501927730581,0.7488636202851011,0.16803750255605876,0.4607739698356189
-0.1526509171510126,0.4233734701466821,-1.5213270375015153,0.5462397918298255,-0.3498540849828023,-1.1838271590356582,-0.6843244933542152,0.05390162102168081,1.0644487762911337,0.8701866972657906,-1.2654786027452887,-0.49573086600222577,0.6500921190523958,-1.3608474725933413,-1.4128911142837912,2.1152434400079305,0.3565216040102744
0.17505433105707532,1.9310144692172613,-1.2360983511635388,0.46179739365270944,0.012376349485370164,0.39572384489901297,-0.8044999974124776,0.5416715739975044,1.9992927470354869,-0.8861452561569116,0.6219798045313251,0.9201050739482047,-1.3826599670598516,-1.5065725161192032,-0.010097048040751696,-2.033188162424373,0.1977501555474074
-0.26684949078851616,0.7623000020857704,-0.6371450888213902,-0.8611649550859215,0.8275754379884122,0.8824867162246958,-0.6152623392888014,-0.08741639501478098,1.4310581353569782,-0.24522292878849986,-1.2382744945554387,-1.308007067699753,-0.9501883909698412,0.8710246666234591,-0.9424315391837056,0.2929020180448161,1.7511704389491791
1.119522517314347,1.092744247815428,0.1309528484541226,0.8140586501027692,0.2902598055710845,-1.4144116006924752,0.46332066115033366,0.8594598480033938,0.5485421933744155,0.7717579895231446,0.22864794023980078,0.9080871254296795,0.08319435568495948,0.05585989489424222,0.7371045616831101,-0.6474592776967114,-0.1135266352671565
-1.164018572041879,-0.07151599469632539,-1.0875777947490237,0.7674849502534551,1.7910801205740472,0.09339765896617011,-0.4566365603782165,1.3297193186000422,-0.9935852072382874,1.9143670530532106,-0.5541603829125594,0.03324321093197735,1.3451559356811853,-1.3738311175311997,0.049539300209859166,-1.0566764717393033,1.25903960098822
-1.1083582021435134,-0.050524876512273574,-0.2176852957256841,-0.37282454283004535,1.0291425770289544,0.44962654987646733,1.7919238587946291,2.4945845027963265,0.050280356462978404,1.0542543850099524,0.6928035072583462,0.4540175756152532,0.48189615010777653,-0.9677560434123588,0.22724903454652645,0.14817658540836076,-1.2634417393721973
0.10353839056086597,-0.9290363588280712,0.8252664312369792,2.465436405499693,-1.5750376519889944,0.47746790489528107,-0.42037873184239294,-1.667632137373828,0.43906347450728794,0.060389463256001745,0.8532498596363903,-0.5303427618113492,0.4874546776269355,0.381619190756502,-0.7039752947267136,-0.0649471647599361,0.3096242903736326
0.9521184086831336,1.0618954664874278,0.7590474424898221,1.4015207049463565,-0.43713823673846525,1.9780789910127774,-0.14968061696115814,-1.162387649317142,-0.35222730229263693,-1.4930614347874056,-0.6797577166332964,1.127604143791697,-0.8918161547515245,-0.27485614696269406,-0.8403381029607379,0.7879423819435741,-0.4557453643588635
-1.3257920550701616,-1.124587877012868,-1.7430300977118096,0.2121658319747103,0.5507856035039731,-2.2406476378429105,0.7243157598542387,-0.3387340543048277,-2.2600461830077356,-0.6220180461865373,-0.07383562847462175,0.7981932620924445,-1.0205286752716054,-0.16201167285860235,-0.3932165763770216,1.3285713657593023,-1.1290555354529026
-1.382913857160991,0.16526201764832735,-0.6949603564980102,0.46563228687473246,-0.28004046851578895,-0.2145624208408426,0.09553265045051686,0.013174285974239816,-0.6072160006811362,1.9989838233122403,0.47942525980655704,-1.3617453786867428,0.46324859892601794,0.37065198217807427,0.2286226413446693,-0.7392405188312583,-1.0884955092689967
1.0555211894998222,1.8223584895384362,-0.4469999361330372,0.5983865237592808,1.2056898857592806,0.04409031182507088,2.6859771314297687,-1.3394449387320049,-0.0478166962990371,-0.2276600171235774,0.38222380612642554,-0.9645060928109851,-0.5087068201380793,0.059378908564161184,-1.2066229478999404,0.13789663645439057,-0.5234003312206279
1.0570075536577928,0.24373074564425917,0.3477871959463476,-0.3123057357069228,-0.4521048314454017,-1.8197653032025765,2.2026493668846223,-0.2026794038174148,0.4883388692929293,0.5419181952104808,-1.449307791168419,0.9017706978295398,-0.1190090320426094,0.019580284115159767,-1.3667591394094043,0.6577448744219099,-0.197757492487505
-1.722094043589351,-0.40403113453610995,-0.9304532891636582,-0.47467385527573874,-0.1149313029627191,-1.0709433934772759,-0.22322799214924657,2.311011143685979,-1.1344772402210899,-0.3283243921307236,0.6907350649181899,-0.03879130312303454,-0.3138656248983782,-1.323570478358385,0.2670567967448448,-1.3733366622922383,0.065995387802093
-0.21322043263962576,-2.1759149815808954,1.5970485611287761,0.04307999340141184,0.9964859983867929,-2.0520159230945354,-0.2461294220066872,1.0200824087108649,0.9690225318437047,0.6368694919834746,-1.3832867646940532,0.18079963836336763,-0.051393457126571396,0.13514689544684594,0.4726803171910071,0.5676475535464481,0.393643576416112
-1.3194274135642858,0.06965873289287552,0.8193062809937978,0.048606974974728566,0.6651909313921763,-0.13742200690703688,0.14405751062115113,-0.9299994076293291,1.088748795529932,0.34666421716524887,0.6151950495393932,0.1472684242290769,-0.05723926977032094,0.9116009897199512,1.2130842310056906,-0.5812365063188739,-0.1570891281886484
0.9159229936532806,0.7115921625157213,-0.17554834144329795,0.64493776994413,-1.3306536962412023,0.4766122904041309,-0.1454186119659956,1.7351449794900782,-1.2960309884271277,-0.04183988569907174,0.484520152522941,-0.027351182704692528,-0.022246304831774023,-0.33481883013028013,-1.1737342122935295,1.1789992836864742,0.0593908182626163
-0.6521484431866921,-0.5584590293824488,-0.7845658451575327,0.9319555702944817,-1.2371690431488456,0.17262242076042456,1.1027715115657328,0.653146736213493,1.1980121201888092,-1.4535841196186527,1.3897832300909139,-0.6804797378512397,1.1876361219876934,0.09593125512235454,-2.6270056113089586,-0.5044731429629163,-1.5338379107325293
-1.3079354690678893,-0.38382508482324984,-0.5139340152314332,-0.281071216116941,2.255846417455505,1.041854758997631,0.22928280341453197,0.3066658976546034,1.455671727368743,-1.2642692291037152,0.9398899695173449,0.8823401817965952,-0.40017808174927244,0.7292462381013967,1.183631786311941,-0.9036729704565951,-0.471840252450119
0.8358725422875009,-1.1393897112143816,0.5298269189348984,-0.9751729598093837,1.1905769162669484,0.6874058441028259,-0.8291856324447643,-0.25294259726420054,0.5420950915917818,-0.0788592618517266,0.39325277726298286,0.49884853344101965,0.4200947777361395,-0.7223054453217423,0.7556819589197847,0.6346136804201107,-0.3589006140055102
0.17732631602503376,-0.4932921356774439,0.6288608622382074,0.5901733128955751,1.1951436248033902,-0.7610921694046667,-0.21495348625829355,1.1026930290488468,-0.05188981035921088,1.0254861371465298,0.8918701429351098,0.5396900445544585,-1.8411696041845724,0.5399250758770877,0.08945401309418602,-0.9970851778889946,0.2710601971967497
-2.3830001403424363,-2.2477412102923107,1.0545948451215266,-0.24682456819860482,-0.03341363067987002,0.4581745605715064,-0.8489943112673864,2.287683172838376,0.4937899720586253,-0.8261118096466038,-0.17553616772481168,-1.6884225676493907,0.7786980569855898,-0.1017060120147836,0.373891635504544,0.4666770924221073,0.811065555840716
-0.5088032497091138,-0.21054784427474502,0.19057762126757918,0.9977619869419304,1.2472583822285583,-0.2773482101431287,-1.3921741798043663,-2.8477983921748624,1.655576551012804,0.9168582113584557,1.3860710974283326,0.5224274113515415,-0.6684681506488762,0.8198979569880552,-1.1186768015566502,1.3528936496975068,-0.1704985754954376
0.4282228154839697,1.9944800032871444,2.35146310361986,-2.97729812803202,-2.0453864644460147,-0.0010683472295597986,-0.26891702543820956,-1.6001366801381438,-0.7369500675553693,-0.02410969633725129,0.632266065326576,0.9779114673692088,0.003983310125039348,-0.06622033672626979,-0.44019040181732166,0.7763839140756261,-1.3067561496736069
-0.9145034257624826,-0.3158830131273951,0.24495848629828043,-0.789427051374512,-0.3004645776998306,1.4375939396874546,1.1915274341162183,-1.0531031688108816,-1.1422732366705137,-0.4174402324382358,0.47341512552338705,1.873914483505204,-0.5126756951968426,-2.5417646090991104,0.2144691521227358,0.5225990998524467,-1.40274753413126
-0.8013668282017277,-0.6584423002637421,0.18847432231153669,0.18782325827876856,-0.485586999512029,-0.37967531184448494,-1.6071084201212766,-0.05389776090801031,0.2154641225137838,2.5443018290616557,0.367008794725582,-1.3320926827306607,1.181935116194369,0.6448710901347405,1.6097800829709465,0.3310438803609355,1.7567681164261697
2.584070640713466,0.22793811053488408,0.5545508080294049,-0.36402495201965296,1.02500553689381,0.5893906394720272,-0.7197311597407301,-0.2235163973567937,-0.008695711815004557,1.843869196764561,0.9503170701425806,-0.9450013033004071,0.10348709366505104,-0.05364718225624735,0.0786803066871209,-1.25067804386696,0.1929631434648333
-1.6255360423903882,1.1796741344625268,-1.2148006067645793,-2.5767939147586536,2.0693449914852353,1.1476978421327921,-0.5065805460332823,0.01905076630003593,0.03917416789016021,0.5577670809507927,0.7210157561887977,0.2081069862382745,0.24976673257458112,0.27014307086260797,-0.6033393581236004,0.6593554185999728,0.8664291045339623
-0.1466781144793774,-0.16348107303425968,-2.3021926360307057,0.4033162258510432,0.6592831741383574,1.493584113374493,-0.10140923682869699,0.29796268069915,-0.12048564122400976,0.8418394584040501,1.2633491124626353,-0.37340570381004123,-1.77227021305569,-0.1697194927213793,-0.4613755979931748,-0.23713357276297486,0.1262127320567117
-0.05522707293282613,0.10165686110648797,-0.4516450044717543,-0.09628431564957064,-1.8323577861809002,0.038469718925287895,0.7118686861131384,-0.641819171117187,-1.1757962362475847,-0.5976991849326966,0.8270462511781601,-0.18570580792974087,1.015103589865023,-0.08983500737797963,-0.15365930632364613,1.0625542016676062,-0.4011929421144945
1.4898232650756418,-1.452444329629565,-0.7965417720666729,0.19446047249474613,-0.6212308067945782,-1.26065725712211,1.0123287465240511,1.4459621928311408,0.8429313466329577,-0.14596878744342423,-0.6509938988579761,-1.9774082520795615,0.2760786919635646,-0.1806021400695542,-0.28520653478607044,-2.5223587921998147,-0.8468264252192078
2.125191582446758,1.9799268410285307,-0.10820602052681004,-0.20534825159793216,-2.109893693779466,-0.5998562140443155,0.009752870593951813,-0.8273876899797323,0.534110921399449,0.7837491266794016,-1.7365887722839068,1.5709077480704068,-0.5776164289411568,-0.6991704357485813,1.0019129262494253,1.186555551066506,1.0877124806327938
-0.104938162589418,-0.27385942835454524,-1.2824732176976297,-0.3847897227561832,-1.5965043891621722,1.2823279389330138,1.1977069037495214,-0.040975694845385054,0.3542818247887349,-0.5278483326319963,-0.3136559998983364,1.7720699200575254,-0.13155171403437993,1.3691835048928847,-1.6281004845576832,0.9072577455340767,0.4870429688607378
0.16150635537070007,1.897972579231513,0.3517640134495145,1.7178132251898626,-0.7750823744698313,0.2411380133914705,0.7753810106053354,0.2687819912478459,0.4747249659066086,-0.09724352490951098,0.327765662671016,-1.579238087611248,-0.6037405369293969,0.015277314900968536,-0.6951053142278618,1.1692929994657577,-1.11127248329803
0.04844765285604595,-0.11988345485585321,0.8213898799210748,-1.2228862235881854,0.32057043558479836,-0.942629225584,-0.19630568999929496,-1.570173584505931,-2.7354076523908404,1.3640854319135531,0.17834771031273033,-0.780764570773251,1.5352177100575506,-1.2261422410384084,-0.5481502685098275,-1.4293781899867166,-1.4024364712803634
1.158866461611859,-0.9388970119346514,-2.2724669469489758,0.223197593650232,1.0667450333016961,0.7793791469644357,-1.0025666402898912,0.8027155584628494,-0.04985831420449813,-1.0390509616534698,-0.12110587730984283,-0.159362818300045,0.7366779349957028,0.7695016454511048,-0.7429638660705647,0.6720011436014768,1.4361944670374245
0.028512028812215536,-1.2584363535892134,-0.4983974963866294,-0.9979772294643758,0.429443615380582,0.9508908211885346,1.3453036983520026,0.27886013150415245,-1.6944870374795207,-0.5784488899949903,0.40032649101897666,1.7521626274182946,0.6926100529535102,0.4679610077796621,1.1700545517705603,0.8283795990093358,0.6349186953266214
-0.875262710482059,-1.1095393189345295,1.2069429610261848,-2.281881066104737,-0.04250908831710774,-0.20820014603228068,-1.450637644394125,-0.2216658127152804,1.1746737689102444,0.45521006199119124,0.7538391371867404,1.3411781487518046,0.2560799915733645,0.5566425948754332,-0.564689067739133,-0.6219117904612459,0.1823079490929401
-0.9840354130562124,0.9913839538286081,-1.0360781097358276,0.8233317082459115,-1.7856280829175644,-0.06730678246873942,-2.4805942300926898,1.4597107667837095,-0.5092281091162569,0.11295904010775087,0.3937101667658461,0.8026949798781782,-1.1537321379076855,-0.7389029230287866,-1.189004104976549,-1.7984591128290415,-0.40958244539918
0.37478831082670405,2.4770781527595753,-0.35701699555736843,-0.20140742844992476,-0.45574103830405926,-0.3062669699397846,2.006205668465155,-0.4898009447427023,1.093469332105999,0.1496098676781443,0.19929167374319326,-0.051113747215976536,-0.9725468062473903,0.11902690834069424,-0.5704112052238097,0.1180900107421326,-0.9988996748999308
-1.5314191929302285,-1.420043126113039,-0.8948102766918166,1.1934327274977001,0.7303435081436291,-1.081866782927181,1.0197877589006148,0.3227092515363879,-0.9099813219630004,-0.11429977800059185,0.34325944625834665,0.23559922738515635,2.4865416075019002,1.140686973095599,-0.5618431986495245,0.06474098040195642,-0.5901227019149936
0.3045861694379866,1.0194710017442226,0.7740894584515362,-0.42828788179382954,0.5521099848920827,0.9970831277886163,0.381695369866864,-0.5934575165201731,-0.551807165034527,-2.6824425632036117,-0.4936962808592932,-0.7323861077047055,-1.7786540533370534,0.7300362999429431,-0.24392243305267122,0.7338915154196953,-0.7798767754818022
0.23870358605045244,0.7847604105144439,0.8660015231136354,1.4190316645864929,0.6500165639190837,2.60435866304464,-0.8503123243658022,-1.4344774856427336,-0.04823142561530182,-0.088981646239986,0.21019637875409508,-0.46863651630988107,-0.19554402617220898,0.6192497394660648,0.35965483087411265,-0.5996119557200976,-0.2282448527588904
0.10250868107106405,-1.4902880067457638,-0.3875514370527282,1.3317679352066132,1.4352048437746414,-1.9251696668721747,1.063701797905193,-0.8524158962168035,-0.37360024923256224,0.5130686576127886,0.9779813760863306,-0.9591904077914405,-1.7507220428515737,-1.0690810752783646,-0.3200439128585512,0.6085940554500923,-0.7317846251070634
1.4432280464030536,-0.4765857794699942,-0.06658948790019471,-0.44701832456644824,-2.2720058604608027,-1.0333062598746587,0.3571190649604621,0.3791503897515503,0.5212913407573372,-1.9704547632014844,0.7968854425217523,-0.691703363262858,0.8159274507204238,0.02969818765738084,0.11541617005024554,0.07424956161883009,-0.2711600463789378
0.18903774322379494,1.4876368664557358,-1.0638284187098785,-2.678191584189292,-0.5733209900181858,0.6522792235616984,0.4632087874465944,-0.5154291154016156,-0.7127240886375565,0.44874196763292606,0.4547575977762952,-1.02658643630694,0.3167799296908656,-0.353377648682805,-0.6059062785889564,-0.9285516225746866,-1.5475150122582624
-0.9108586450518579,0.49713340979486326,-0.07544824790198261,-0.616676118254391,1.1306323362277497,0.019669534558982158,1.6000092473131575,-0.11590968387961563,0.7128376328008887,-1.9354632102923524,-0.1568599206901167,-0.35837709507738746,0.6675488114664269,-0.2728341831652797,1.4151015573314942,1.9134737680162945,0.0155972503926167
0.23248305369117567,-1.1332345757067797,0.8709408898217288,2.4018802593471555,-1.349725015610445,0.07475839085216802,1.0862101783486033,-1.1448892648385351,-1.1468722595068692,-0.02623473643110171,0.330850000219086,-0.5871872847248873,-0.7079585976711323,2.2459307114376217,0.019927027241891087,-0.13554078031967237,-1.1585011111167285
-1.6614341609762828,0.7621713452699594,1.7471395368084752,0.6936152337428932,0.9075740572740097,0.826531425592234,0.47355878837888615,0.12497815126893161,-0.982402813328,-0.04627284068644476,-1.2910836921920665,-0.039964076112847774,2.193564890290501,-0.9505231812566551,-0.745743967758453,1.9713272069254453,-0.4759132718040649
0.03329511517890646,-0.12912900424174018,0.3865388179412282,0.666291887898688,0.9778289582287413,-1.1139956120159789,-0.9774421555892966,0.161578810518227,0.05146867433100944,0.14339997828501022,-0.3520333372421453,0.2754800603895033,-1.4264400964766497,0.18564452411961305,-0.5790885486071659,-1.4460762095981932,-0.1192495410369899
0.1383690951081873,-1.0711976984026177,2.9908977119406788,0.654235107226585,0.4040595539216716,0.48851798126013457,0.28646844199871624,2.0366940827059885,0.4067390292144333,0.9853574814750119,-0.24571963361445537,0.8867138202482581,0.3957293520481741,-0.9649678404771936,-0.5700838094423873,-0.09928302217036776,1.3245138502513831
1.3516764071619083,0.025646304510456956,-0.5370902114539181,-0.5214097835547229,-1.7291932353404975,1.2114857857256205,0.4244451207285238,0.19218936267469902,-0.8825773601227959,0.25006356820555853,1.1605129865667576,-0.5720196460265285,-0.029346546107043143,1.39049344741639,0.20626776370434477,1.251708168244819,-0.3363141861477823
-1.4667046927980216,-1.10715772482536,-1.1268328943482449,0.6549616126877938,1.2356318071640693,0.3895887360771916,2.4097626780514156,1.9905508380099621,-1.0210927326158725,-0.48513318782033943,-0.6638099762623694,-0.16387579172781783,0.8375022147975179,-1.8402795531938547,-0.23650972516313068,-0.5693271565894927,0.6649308569138747
-0.30528739849592923,-0.3967324146900235,0.8904595760143489,0.9389546060763448,-0.31875489497755005,0.13230184317919466,-0.7992613236091376,-2.365366398444323,0.9437854808690689,0.5817279147671189,-1.0868601435238634,-0.6299079398383124,-0.16317314418949247,-0.6035242987554643,0.582781496931329,-0.9567168439534391,0.0273169584537892
-0.798023471918459,0.11771618916383719,-0.5825165832025436,1.2697151227260108,-0.3346996711613437,-0.5646169518826339,-0.912420818465823,-0.8655436204905124,0.489542077798921,1.4530321141109799,-1.496586262531771,0.8483573822253438,0.311308115187442,1.6210615209762855,0.962496323801292,-1.0586034274489895,0.5120842955392718
2.438896838271352,0.03943878802761948,0.7106385538478742,1.9493171006759942,0.9599720368569759,-0.7518499186817453,-0.42717153041992567,-2.420023106664801,0.7999697023971544,-0.20101972433743753,-1.046163716871662,-0.07334029868594272,0.3982280045024853,-0.7144797825265597,-0.5341010818719985,-0.43710353467625424,-0.6521012480223988
1.198865554173099,0.9954013808781029,-0.42049255419931536,1.0163852200833883,1.2229304263318173,0.1809651245339643,0.015481596275630147,1.3607607371136583,-0.14700273898460298,-1.8677599992968559,-0.9550862362315734,0.16819920289061752,0.44084944016752403,0.7098737272578969,-0.9641730839332138,-1.2094143651314655,-1.177993999116948
0.019952654675823186,0.41532666507342375,-1.0161921527270903,1.798280720758847,1.3410205873014711,-0.1715686739298301,-0.37722786118142093,-1.364479138577009,-0.2890975666945849,-0.41256752867868013,-0.015837288339390805,1.1130698077110008,0.4622932737353718,0.717371556430795,0.10930836740029774,0.44591272648663105,0.7296625987177673
-0.6723220358412273,-1.2734950358918817,-0.5271460007806253,-2.1025187136043484,-1.2847605658931265,-0.6441668629621978,1.687982379568085,0.09960720883270954,0.14762143537596553,0.5296906141208116,-0.6390459122705409,-0.5470311961356413,-1.3695795308398198,0.22111165807142305,0.992113792478313,0.8277117383910293,-0.4252623191314767
-1.1646525473524798,0.5031227829634686,0.20643208790087983,-1.2451988360629482,-1.3666628658364188,-0.5488226497468568,-0.8843703058636673,0.3157662704960003,1.119303137751726,-0.4164967506367514,0.761953433748288,-0.22444105516471452,1.262806541112144,1.0322865735543556,0.03801596290107415,-0.6822197480796623,-1.074980718707433
0.359131282936133,-0.6947257196463584,0.9454182645195472,-0.5526476210174279,0.06410450517733986,0.638882568698433,1.3300894929581442,1.7391039305709584,1.1874214499925961,0.15996391077313632,0.7192140629326141,-0.0843788430360395,-1.2725140412734885,1.0627456650952902,1.4158587613821514,0.781941940922803,0.1924822444472269
0.9952720680762538,2.2198673000937945,-0.7228393347223554,-0.3783144622045069,1.3253327760394862,-0.6831156550250296,-0.7973134204988022,0.11888350844732921,0.054353247502302374,1.5873582342440888,0.6027535651208549,-0.741135233031081,0.8795186096229011,0.9704226822464123,-0.27531717634629327,0.850038799913387,0.6640190400213909
-0.8695023088376889,0.9733324106133417,-0.3468394155944103,0.8637950928404241,1.5042356589033736,0.4442743740454533,-0.19774272031987208,0.2536833960851586,0.15047322076791647,1.3773067858387995,0.9227523409319588,-1.2061737815138005,-1.9972203204288057,-0.6403116395422873,-1.715494152635243,0.5596582339475742,-0.9781996444541796
0.9954101955658017,3.016403966815921,0.8114927004463248,-3.0327924944096845,0.8765394504404677,0.11536548185260417,1.557062610137312,0.6814296776453069,-0.9664562072571209,-0.2939334928340962,-1.2402639350312807,-0.6895536017531463,-0.040184352022914205,-1.4962083070073542,0.9194467047519969,-0.22812139400074719,-0.8631184303651744
0.06468858918975777,-0.23310656832603122,-1.3573543939875485,0.494573514899633,-1.1966764532766094,-0.2512460481517285,1.0945647051381682,0.839160729696295,1.8954733405063917,1.036981030202055,1.1869573487714624,0.8243536810286265,0.28870708269137285,-0.17784271271894414,0.47419841460119594,0.9978610438337456,-0.6492747975731216
1.41006817731264,-1.778739845701733,-0.6115349658328428,1.3802684277142907,-0.49148526486825644,-1.0975431202459889,-0.4430320488039393,0.10851376485885231,-0.07205321768225743,-0.5201827559495733,-0.5685253530624577,0.18000361914573393,1.4469164146540205,-1.7361440096446428,-0.37689907248689347,1.0692774954460105,1.3724010319416229
-1.5621227708303818,1.3843327752376449,0.1962392221617537,-0.23194437679773727,-0.18969153698936173,-1.7457529040194424,1.1336388232598318,2.044450065337307,-2.0527114830156314,0.5575316362473003,2.7200296493889136,0.4500731197946507,0.04458724999730008,0.9844878912060159,-1.0470931712762246,0.04260933609327946,-2.7298930673065023
2.1383206914658635,0.07896001192888932,-1.4282780041676189,1.1340946335456306,2.31837742713487,-1.5398794329479975,1.3591455326745228,-0.43207975962503925,-0.19482462542467013,1.0043238397315075,1.350681417936275,-0.17678484869793754,-0.8018585423325125,0.952798025032233,-0.46072725821351757,0.505748316171586,1.7159046598290626
-1.1957799867045982,0.8620661997599267,-0.9012024315097188,0.003741255511516378,0.933224288341197,1.3122335256100301,0.12681660152998797,-1.7364317037491142,0.40528591094485555,-0.46693127991182626,0.060191650114393,1.250304084637838,0.9631239199599179,0.8106713333727509,-0.10574383829140603,0.8215827023499281,-0.1145530693021069
-2.2727879596527325,0.6908259337390105,2.5261325554539185,-0.17081743347649542,0.5863168350301365,-1.6471991229301381,0.9981600574778007,0.590250657118376,-2.161737953244534,0.24426950987929785,-1.3388535178819492,0.32393774494021044,-1.1283841570244506,0.5161505031567175,1.0222799815157988,0.9907215523476834,-1.0478244453438552
0.3731762910002892,-1.3443697439706175,1.901599559007761,1.6055589603799147,-0.3963071624209622,-0.1616312800287409,-1.2519858816936356,-0.3071253932343123,0.14026712020853085,-0.05857372319068678,0.3749755476053004,1.6178214730001519,1.4853325669155772,-0.23079378568265493,0.29091699478824595,0.8929922168590128,0.8815770881576939
-1.5426426235254205,-0.2706784139081454,0.34730037663028557,-0.4059835798754908,0.9338089252397184,0.5462213961363593,-1.9018600777135837,0.17219397367757913,-0.38911536693585586,-1.3067366069272537,-0.29102181034787517,0.5372099049907354,-0.12677091328539036,0.08811210884523756,1.1502125716992548,-1.3592340789599004,-0.739695860499734
1.8492427931608935,-0.9154416262887712,1.638285771299409,0.5774443086415721,-0.30324832348776676,-0.423978499468121,0.5529154217808377,0.8072616790590714,-1.6640022002630737,0.6169570336860452,-0.7922734578180692,0.7798240898852306,0.3928966020671814,0.25429320424853913,1.456626945844858,-0.9377640413185453,1.4315653355408726
1.5349096886074027,-0.7943401994303629,-0.8527593435959299,0.43037960523116386,-0.21828456760263498,-1.0981789055154347,0.795073640632246,-0.8278567659111712,1.639600200064523,0.4122190314473286,-1.9856626895347727,-0.07061595622620015,1.5502531257507746,-0.7173118422695606,-1.2859276143510183,-0.37968118098964065,0.3358950750709149
0.28327711618312523,-0.9430000650497905,0.9957021442730106,-0.10041542775975026,1.045649606166356,-0.35031364292455797,-0.07651443078192208,-0.2932291648403385,0.6276171900281475,-0.18356814864511165,-0.7586063582593597,-0.783091724377257,-2.056603908072264,0.00470235993739263,0.2238367883729533,1.0694538090292278,0.5354395958823029
-1.1071428551406155,1.2971474016343383,-0.257029623850768,0.4073029117453474,1.609966125167991,0.45228928416470365,-1.3430368266632284,1.0341641976091251,0.21989719117885978,0.34440600680200384,0.17319853310944297,0.036597112722397886,-0.5327670423570843,-0.5043675797796803,-0.6400595372623207,-1.0836262065652684,-0.5627531080548842
-0.1411919585606417,2.3266220449848447,1.145605881394529,1.239286584407045,-0.8611306552718051,-1.6357195092292651,-0.02275337893969675,1.3254143668827243,-0.027757698342683924,-0.7598954896964122,-0.03857773185693438,-0.11338469430927565,0.6484511119257548,-2.1109178862307263,-0.19677450652887687,1.5351760025270875,-0.966511647354103
0.13890785363666477,1.0362667670978594,1.2501645808031152,0.13291581211152284,0.46581265975395136,1.0362997635035236,-0.5819091872475727,-0.47510761011450886,-1.0469147992016248,0.7769772635755486,-0.7613830173643629,-0.21437907441748247,-0.169220178198265,1.232780981237829,1.235377737343538,0.14882806051124567,-1.3003456244439782
-1.1890011852128488,2.0326707920552685,-0.6754022663000733,1.070836038287153,0.4298978649633198,0.26774778205435806,0.3440911253795688,-0.09805537629902711,1.1450155495098542,-0.03898463969373461,-0.5405301885911705,-0.1918814614862199,-0.28220339453774396,-0.16113022037911198,-1.6742850356791459,0.36158059047660424,-1.471202780816813
1.5467095050341122,1.3882737670626628,-0.6131272284777604,-1.5002229442219193,-0.036671571781121695,-0.6125329698576535,0.7809687107791526,0.2519580365435341,-0.6494239555910942,0.8354387300708069,-0.055801269962383666,-0.3668201338368261,-0.99350130920187,-0.4069816542028765,-1.5787914944020622,0.6365248590260475,0.2915699226758828
-0.9545688068540193,0.24988105556534151,0.16626559111539727,1.6737641358650985,1.0160202052668457,-0.7293319478899727,-0.8110414470867389,0.08239442200775383,0.09203135555139501,-1.8026357150632912,1.0876746718184542,0.1573474183514682,0.55407395619521,-1.0895394783832804,1.2480171277713572,0.2673286213993931,0.0492309310230075
0.07223265903766948,0.06166799722749133,1.8080269552304398,-1.416729388161948,-0.8795837765460962,-0.04786488000957822,-0.6286007785408518,-0.9733479098784047,1.3165433837562923,-2.596314609073464,0.4858151854102792,1.2095230236769685,-0.42801833305487647,0.31692614259617635,-1.2062474795534976,0.5563340394469358,-0.4715860975785028
-0.9394047680720772,2.801949278129551,0.47142010795596345,2.522342031582434,0.7459698754118077,0.7039922937369525,1.6200457126988281,1.0417202420089444,0.42857863616246483,0.22746060234694399,-0.31741533823261886,-0.3578131401275922,-0.3842108895662169,1.346423467532597,-1.1546396410202195,0.2990099672630226,-0.997470000826349
-0.6558718124245969,-0.9033738920416348,-2.6085151124894095,-1.4358195241493943,1.1179089733700949,0.8362479928496254,-0.7912596413408184,0.4484206595358626,-0.24637563517460878,-0.7153635645622811,1.0098152604636972,-0.09844291478671623,0.12374076462075068,0.787863803482817,-1.0129568012660375,0.21278038155579845,1.2389402772773563
-0.3753665801061225,2.048180228802813,-0.5482737998126438,1.1802121436348263,1.824993600087918,0.3169830382690902,-1.5144154413224906,-1.8655765600458707,-1.0364106283174153,0.26773054192932594,-2.3618054915723934,1.213535197992897,0.16422975384023564,0.6868131624048924,-1.1017345926966704,-0.5533574202318368,-0.3059269939149838
-0.7147691712007754,0.10867814080257385,-0.17665295665105843,1.0077606112992226,-0.31905200448823084,0.5770416806277401,1.5846285159471831,-0.062228320998798776,0.9408383252040564,-1.763278409075663,0.40691994906603457,-0.018537471277781825,2.2799580996358424,-0.6178096902597813,-0.30702330022553137,0.8819168569532544,-1.5748824583777232
1.1894459134609068,-2.4919581826235913,-0.20565436107612006,-0.4115572427515846,-0.1208584044473511,-0.9503068270129259,0.216620323024675,-0.7879206437129419,1.2603052161859576,0.3705934142219233,0.16831015524457635,-1.91465557087689,0.04045671885285299,-1.151823620709468,1.0239258536294296,-1.0469640567845808,0.8372537577659519
0.10228809745724683,-0.700535994289919,1.9923676748833576,1.12536223309758,-0.19683075108996276,0.1432473420237326,-0.17028833470451465,-0.8849138805723221,0.6270979621796352,-0.18384507124072097,0.9271876550073709,0.7916499834994806,-2.078211974015247,0.7304489223056486,-1.2709852032316604,0.00020710890694255752,0.1365749981195078
0.08064977342998961,0.36116983733028213,0.5188382516101568,-1.4334070073572152,-0.6241480230544819,0.2639436987577322,1.34127496338166,0.2620395988880846,1.6759400936556081,1.1668374109075914,-0.840162202703807,-0.20547706564902826,0.16341767118643857,-0.502129488730445,-0.9250876102397081,-0.27179465962392596,-0.3140425945128739
-0.7254809619968929,-0.2920111383100105,0.7871985568334701,-1.2486158343764198,-0.7152589139579173,0.061039520280521925,-0.571768940222289,-0.4855910535973012,0.47502075217372447,0.846662303348255,-0.1872131730947949,1.1109629441833664,0.09438715023336146,1.2777754806056516,-1.390677074720773,-0.3822554433132926,0.6356768057070336
-2.435586588761116,-1.817445946736061,-0.5412968961714327,1.3411138331457393,-1.2607878469512201,0.3000200628566912,0.7179430311150972,-0.6335740401897303,-1.1850554973432001,-0.021583065043428645,0.5143091185859948,2.4463214877735515,0.3675901093562491,-0.0012158642810138035,-0.7344407655971186,-0.6715949718847002,1.0921799839991415
-2.565586387244199,-0.345023043786711,0.04099549280564904,0.06500279729298414,1.199640589242392,-1.6244750718337202,0.20691762585371595,-0.16674553670225914,-1.2671548921454234,1.027968888148751,0.1290478569434743,-0.1864381991698642,-1.4418502415400924,1.508985857727965,0.5734856299023502,-0.1940393941039221,-1.5810050317879338
-0.8056833919648861,-0.6603985674606395,2.316943413473767,0.9355543936351733,1.2152379145986776,1.0909958234564507,0.942567022048108,0.6766795650824051,-1.3857465807610452,-2.1926632090358478,0.9397716881260172,0.3155016370164019,-1.4099539188714287,-0.43800716241695453,0.4764903526667916,-0.39834501758854723,-1.3023316123945243
0.5354195149514618,1.0118318511445874,0.8289579016920458,-1.1527180096607914,0.4770200932298861,-0.36188167625555456,-1.5296119827136434,0.8035250225243105,-0.07402030057696303,-1.0205339396514026,-0.33027088798603055,0.884505412541041,0.9381954971410654,-2.026995020449447,-0.8395488148016413,-1.013304973443412,-0.8514926741532883
1.072377130117077,0.526416839018442,-0.9472646662405424,0.9038200227686618,0.6427702904176964,0.6297952428067378,0.8770171738401334,1.0119795680786263,-0.5588469780253111,0.7210742797337149,0.553674664852332,-0.8366383507516114,0.6543608738176319,0.4068264561785647,-0.21280844009688302,-1.1258785908931812,0.1762934072182548
0.2829452468277124,0.22527482154232428,-0.4989495108023673,0.7823524396347867,-1.5955073929871566,2.360190285918765,-1.308723504245435,-0.8717507561556762,-0.6396296201928875,-0.3797443088418532,1.2856246527352873,-0.5123651931990053,-0.7140658229435687,-1.21159902564392,0.7114272418026064,-1.5045546722174705,-0.4487310821892649
0.33214606365704813,0.4007368042782949,-0.16108342111508756,-1.0402534027114743,-1.828236002242634,1.4743948114011054,0.33138644048824717,-1.0481309997860446,2.1330954528501707,-0.24637722899021242,-1.4647274513453505,-0.40727898169569027,-0.7269649716842204,-0.5500592049667969,-0.11600012063915785,1.212353850394009,0.0889791787661706
-1.4010146163393111,-2.494985039965829,0.36306104818105495,0.21490308552451334,0.868847507576435,0.5470831532220298,0.06494562392337642,-1.299382725689628,-0.07855178526489717,1.063444014480222,1.756632896634742,0.03806450380976036,0.0366894359332792,0.47312960456418485,1.5391547357734647,-0.1857130552806476,0.5378418382101569
-0.1683867640949159,1.5970369121598054,-1.3924667952346799,1.088278794799306,0.16038825054222033,-0.29694593626423554,-0.8058289281305862,-0.8962218382181719,-0.22893467516147545,0.043806321637530156,-2.0590170922620934,-0.007294167048174194,1.1652088808504684,0.35451156575421,0.23820737350656448,-1.8852885670608037,-0.587866230263818
-0.6524273818994513,-0.8089574509573246,1.5584243335238135,-0.7082353326997561,2.079473186541189,-0.538646231935953,0.7453629965434116,-0.741767860969672,0.22069556475676802,0.12479227909156093,1.466005217091177,0.24604409084408596,-0.8126642834339347,-0.4579689170765685,0.06396832083373032,-0.826127324528086,-1.100913318511266
0.5647428014986073,0.41294667114487976,0.25729496250220185,1.846027314554505,0.8622780314903485,-0.7690928722266802,0.18936606449121118,0.8345934321528305,0.9426215696231939,0.4094534266877786,1.440368020173969,0.14531884027614378,-0.7316569914776231,-0.03465089541591129,-0.0019977940417314996,1.6464824141832597,0.6172147168213123
0.035134228284460306,0.3072225825063705,2.1305340505293113,0.3841804697721369,0.7521592894754455,2.446229056355254,-0.2628864388696589,-0.21678838838170714,0.5335247399329495,-0.6006532374118799,1.4928293358422058,0.1690791286059575,-1.0232390476620667,-0.6119277465044707,-0.08880272600006159,0.25214706786257907,-0.3195030061994577
-0.21654027410204413,1.085111752477901,1.1169922782180088,-0.13902586823048405,1.4080707117126867,0.27888493822244037,-0.27061545367065387,-0.6065860403761616,-1.5761793090252478,0.15250371199235627,-0.159449078278814,-1.8737849044081876,-1.6505969624494123,-0.3215538356810423,-1.5222044686042955,-0.2439010969149782,-2.2595886374418717
0.6928046623481486,-1.1046522272873027,1.2375297287380884,0.7147346671012036,-0.3258300193392824,-1.28175978870745,-1.2662827124725535,-0.7269358333201087,-0.793392180596386,0.10174668936342866,0.009300089613284759,-0.45993269490236743,1.191547872534536,2.261500662956339,-0.5768001408360108,-1.11324579197183,-0.3558236530118493
1.4362497716005338,0.39765517633300124,0.5415886333160498,-1.5705724997418156,0.27095984236018583,1.3604295796744164,-1.32063412742638,-0.78545301709821,0.09684281552349722,-1.8627519608151757,0.811593805212374,0.8147944858755346,-0.8323606528787868,0.6881730758841635,0.43007345322302376,-2.3126050092979704,0.2876047988718747
-0.7898424756211784,0.017788818090436087,1.3891775654064482,-0.3919111888329096,-0.969256938757418,-1.068788916666689,-1.3152018380845714,-3.0206024841359747,0.8359629755554263,0.576461748842148,0.42086461508447964,-0.4384477301217853,0.435231343109105,-0.44359237159036446,0.010562157464710334,-0.7397328552761199,-0.4217566644524054
-1.6358316666001542,0.35337371461343053,0.27577840160584327,-0.2560618557667249,0.31806371119643884,-1.8419092286994452,-0.3212744326221851,-1.1300035058997846,-0.9819458474797297,-0.7794849682102085,1.1196999868037485,-0.964225609552095,0.6855379620952518,0.5187284520112984,0.8172765132357326,-0.9036555067823464,-1.3494496577264643
1.7609193152030571,-0.9456475776602686,3.0836092695817854,0.9081630868609181,0.6147885101877304,-0.6989427568952427,-0.06568954625366587,0.579802718478825,-0.42257569626124186,-0.5395740818459779,1.781866955783931,-0.7116241388334319,-0.2848199871379126,1.033784447318386,0.003848179367025026,-0.26658472609301875,-0.2787907485595525
-0.5966360228103761,-1.473705837014606,2.458079897599101,1.0936718943048307,0.15102125936532676,-0.29270584394468824,1.0953706350536268,0.5991492630604367,-0.8028232672937639,-0.767406654182624,0.5065843769251895,-0.0397702573105585,-0.29833357515713504,1.0323470654073357,0.9774406051548458,-0.04984941883424735,0.0533051065958354
-0.6513264084641044,2.244639857425195,0.10249142258279813,0.44009492829362756,0.05881891780482054,-0.03520241502081648,-0.6380107456982396,-0.7110604193280557,1.0305228314189014,0.7678893756634222,-0.25173932561960505,1.6268859885741136,0.5224578146777596,0.1674987920351216,1.2628224954480773,-2.00457789201579,-0.1780731290827616
2.768834995188862,1.92691181215607,-1.1116730744416607,0.2354517839220934,1.3709976853472734,-1.355448623175294,1.2789309810946892,0.017785426367157978,0.7271119882391687,-0.1817583454355428,-1.29877492612899,0.8541078153231935,1.4813072282694082,-1.0386367190501025,-0.9086376683593834,-0.37897715121237013,0.0645536877660729
-0.8772365645874963,1.2695738266462093,0.9829774560552808,-0.23491101565712627,1.3706375716266659,0.19331798839336317,0.5944781558470577,-0.7457605773700435,-0.5151771103438672,0.26408853042736385,-1.6461547727033976,-2.8332819550448827,1.7732241855630437,-0.832833534882312,0.4668567876457082,0.9735429047177724,0.0513177450229282
0.8082554043053035,0.03781237825606549,-0.5018789475612857,0.5042541867817741,-0.8173442931428647,0.03441225622710318,1.9709815518212175,-1.3401412905067132,0.8050417676471251,1.7721543391338948,-0.777530699021138,-0.5427579594190031,1.1603705250085652,-0.7323927770848573,-0.2861845991851352,0.36228075452098246,0.654903982623034
-1.7508053344668488,-0.6364026300697428,-0.634520537269291,0.4936115046772995,-0.39062820705994744,0.395122864284534,1.3487730182960362,1.0918495171991782,0.462291056688933,0.909958682335475,-0.010457428163035184,-1.3571892338742666,0.42139812317535236,1.5883206768178022,-1.334171204225342,-0.21597523837101357,-0.7535557757654628
0.2867052036920156,1.26430092136951,0.3512853004190242,-0.16817267874249123,0.1584621852910445,0.3953164369821445,1.1695954157097181,-0.12601532694993892,-0.7934642481406702,0.4254544437247512,-1.8179092278155713,0.8441850726087489,-0.19322872939846955,0.10411818331636925,2.059132188208219,1.3263081583964842,0.7379235191863394
-1.3621989970815753,0.9627806960812618,-0.6811375452756774,-0.5943167077067172,-1.6208727103238794,0.5751075699152306,1.1832202880438103,-2.2802512932237597,-0.9796167045285068,1.082156792533184,0.21480902847125494,0.2887932948428805,-0.0924295969328715,-0.8525905145714759,-0.7978497551030156,-0.4854102596411512,-0.9533453004505442
1.424344456956241,-2.0107928380190563,-1.755196330136197,0.23669375546106855,-0.27276550773510283,0.10923472016083818,1.0351963742306822,-0.31441262295377687,-1.4445362846312875,0.2492778701330893,0.4764038199324627,-0.5084375729501237,-0.03976109930373389,-0.43433113744822444,-0.0637395960775536,0.1528634613512266,1.3048860050005489
-0.20114417431788978,1.0142287643110295,0.06751194443826995,-0.19464231340396448,-0.5288592108440238,0.20213148890994911,-0.40161872383043107,0.004293677924370564,0.6789728725283205,0.38601759311136724,0.9824803635323797,-0.9542560444837289,-1.9332931819037278,-2.5181355993562984,-0.24248683638407711,-0.9345546299337169,-1.3033732781299558
0.40810044269365003,1.1644063877547017,2.5870486569561977,-0.9615692697002163,-1.753548157173151,-0.7414177465697925,-1.0726269578723693,-0.4338013399862066,-0.9509017343579834,-1.2586638959609626,0.07079854254581701,0.12233180955950462,0.39502208094417923,0.5223968581549284,-0.297224796476989,-0.5589390073901355,-1.299853144857941
-0.107136111209049,1.7372561375886024,-0.3401116155919285,1.3023181477573949,-0.3016924385802978,1.1333058825014468,-1.4290284559564403,0.8896856336731777,-0.29648137805997876,-0.5484115845963496,0.32994829169522594,0.4284710606173481,0.49404075708966816,-1.5009023840897577,1.2652375199857093,-1.3717302784620404,0.2332722461041796
-0.8293712250982462,1.8725331741231872,2.158690748212821,-0.8496755185498468,-0.05039594029696191,-1.035708178205882,-3.075153520081505,-0.3470666490885802,0.45626676056163085,-1.0155285301895964,-0.1354201089037385,-0.3831803820159742,-0.14234062419237783,-0.3323640031062965,-0.05710949192046135,2.081659778724093,-1.3148181650609636
-0.3415159903525052,0.05712217196180119,-1.2329270015713945,-0.6549643899393056,1.160694468321204,0.3427650502640138,1.8668864679602841,-0.935186873848929,-1.5229847313069145,-1.1258034814627533,-0.029935796330945532,1.3117771438767467,-0.5896501247088083,-0.948805384265693,1.602500025884382,0.4836412779300447,0.0015882864921627
-0.21796052130969515,-0.3822146920688224,1.6383570447038183,0.8652414023303066,-0.6586358375774393,0.9254017875009884,1.4766608413017968,1.5334509861470207,-0.16707154148751682,1.7587640948925427,0.9593242325523498,-0.8314518025703445,1.1465923626498324,0.2742598173828051,-0.44643548527710264,-0.7304263362661718,0.6815426209176468
0.8582641775728366,0.353480579287657,0.5640064703686088,-1.6118536130035335,-0.020672266940351895,0.3820009117269874,0.29733033820266863,2.302573461713195,-0.1015990520997399,0.9347989046923161,-0.26615805481861216,-0.7067838373494797,-0.6664097077144666,-0.40513269377882677,-0.4213928712028578,-0.6938976210877511,0.9047184343486728
1.0078373741026658,-0.20475744152272338,1.1758839836978967,0.20454792258949675,1.3696796746126247,-0.8739187416002011,1.108349693929961,1.7072949654547949,1.0619695329367302,0.49610178860695925,0.049217688338831445,-1.5447040573505098,-0.20709157799743733,-0.8268460029983333,0.2194595408046184,-0.3420481813480477,-0.2134530113699822
0.07743693992764837,0.6769290141283879,-0.39199545834718785,0.5559079153039169,0.09292966368654408,2.15350747792608,0.14352641078852496,0.9777885166048391,-1.8484742373204972,0.3711029250242863,-0.7577852277388095,1.396972810871192,1.5759348649815503,-0.6791107995615084,0.854369669988905,-1.0294054055363726,1.5257627699041068
-0.2997078736387155,-2.402314532599026,-0.16259748733233398,0.45958116463893406,-0.8211293346414815,0.27461732661501187,2.5034060708834183,0.5186455162139751,0.1828083201208785,0.23409413820973354,0.32466739534829214,0.11077900632696057,1.9001852835972775,0.6738617322423223,-0.5079009999338869,-0.12143215663226087,-0.3041596430138106
0.7524130686853683,0.35368190033682523,0.7421885348942838,-1.6125064509056743,-0.37391622384989226,2.021561221808293,-0.3634436686159232,0.007311898395300028,-0.7112024842441356,-0.9544049233157686,0.604699257050915,1.0362216816434853,-0.6455460102171378,0.7630839202508841,0.10875744803457414,-1.7647963917923715,-1.198478364122746
1.733465242866937,-0.2879965478994151,-0.010338327298890105,-1.3788962600774313,0.36400575698301785,0.5657822945164362,-1.5389056502202751,0.764672218071115,0.0041875856573924675,-0.23168911715284612,0.19892251143449136,0.3805669140360907,-0.15964648394763428,-0.5797090279736693,0.7937857532482742,-0.508994474897842,0.0805354746762401
0.3770309388301433,0.4990491414680009,-1.2804146309673048,0.8398779911279456,-0.2677005239252053,0.33072152377811403,0.30705750643369983,-1.742436577255035,0.03352345942216169,-0.06434370759891894,1.0728899122125446,0.26443162457653907,1.7482308013312395,-0.9670537485520477,0.22172339966386384,-2.2495713254090806,-0.47546216615093
-0.3336621924985651,0.5206604888496004,-0.3593017276907125,-0.676740358788361,1.698845874100636,-1.4891884545451453,-0.528428684602389,-0.19433241979996507,0.467811881467908,0.3993591328247441,-0.77135333695154,-1.5967173152148486,-0.3090757606061479,0.6596362978264063,-1.2142681092316254,-1.027644555288229,-1.174488071931591
0.3849880310692666,0.33135009477848487,0.01027576010348778,0.9075426404831477,-0.5120046299866352,-0.3789732007254085,-2.35197238262631,0.889424086234681,1.1387110617468794,0.14895764305442596,0.6859765615663291,-1.1619174024175594,-0.5383518660857781,-0.48383974777282607,1.3934106382426974,0.2845178514942928,0.6490585354935299
0.6508605594181216,1.2409164873878313,0.7358208974304131,-2.35046092224993,0.9639978094825848,1.2555651031148838,-0.3705112888236688,-1.2973155056971073,-0.5294375168619734,-1.6920604866340714,-0.8031998998998541,0.7855079674957139,0.7912072324656036,-0.10324825002268477,0.03277250638854242,1.0876127690008563,-0.6410297918081206
0.7354575857861257,0.26807459297910624,-1.5581363214842694,-0.5148526867333966,-2.141063719300295,-0.4345573191971565,1.6499249138582217,1.4995654815742716,0.05651109355420379,0.1800649391962756,-1.5705264071578346,-1.5009311420176137,-0.2966202233184863,-1.4802279885839382,-0.1351864521734973,-0.7035277025237604,-0.7830928324500469
-1.8301075090478254,-0.504189258883081,-1.8174867845233666,-0.4851227930147517,-1.0471034532862356,0.8508301323781442,1.6033173235736062,1.0366860782592653,-0.6748678367561685,0.997490783606327,1.8655883034873708,0.12740760321429287,2.8199856355782686,0.045544826430053593,-1.6811553759047748,0.4634169159503101,-1.093416006164187
1.0476380531729261,0.4993513953428318,-0.7347839979650936,0.19946835594170542,0.9071240670726358,-0.7000373381896063,-0.8262179025384662,-1.0951151274418094,-1.3569084297974956,0.8759493046219127,-1.3565188795750749,-0.3189998987594759,0.056220058746357895,0.8931274965018916,-0.7762702768838352,0.8030527901332937,0.2978138632312595
0.8300034518379702,-0.25586673758447953,-0.707723086311627,1.9086972164619518,0.0368602603935965,0.022214756042573752,-0.6600279302964087,-0.9240160363459986,-1.1808341992949385,0.41127989709111484,-1.9588376572747013,0.9160415150736928,1.0531429225201607,-0.9035038981192385,0.24571843291498258,0.39836096321245085,1.994006658538703
1.5263758783110761,-1.2830813541806398,1.003552083607642,0.9112438641596992,1.604877752006086,1.1639482701593586,0.493661663005201,0.9395757724094639,0.07353401882231905,2.1209338574137764,-0.8103827332920517,-0.2158698607456109,-0.1230553201924396,-0.7671827827654767,0.2618787522861808,1.0976473740892811,1.5345991279988205
0.5749643130836258,-0.927904140592095,-0.49456958450709354,-0.14580323947584864,-0.31192626761907893,-1.755187439256842,-0.3555436629543738,-0.37418655808209095,-0.8680653024661025,-0.5148602954886249,-0.7609739401117854,0.8219909834720631,-0.41910068569940895,-1.2592929564558397,1.5776343115044544,1.220782895175152,0.7709547246175674
0.2656919606788435,1.561477675084229,-0.4471966332835058,1.854603690947527,0.6271016974702436,-0.20704094727052885,0.6470544980245299,0.20882146224238404,0.4031368984164539,0.13244992346448742,0.9737266281288378,1.8700389120475909,0.6128287783540498,1.3201474223906775,-0.44371053177070496,-0.8641591443089346,1.136252676675252
-2.2319624437269225,1.1583560518198612,0.25937732694087207,-0.27036775815719005,0.9850290775706197,-1.3516063875123017,-1.4181352024211649,-0.17886586792826473,1.7201178389847163,-1.0304697000593415,-0.8119028480895296,-1.2092169177387562,0.37914072194822,0.562579866186541,-0.9639441019896298,0.21221627747128527,-1.7176132015276002
0.39010657210779665,0.3635979305011098,-1.0503168064181996,0.7997126058383759,1.2432070039010241,1.8083423391931548,-1.5728728104513814,-1.6910827533315993,0.4043107993770099,-0.007555019344456207,0.6107329987003302,-1.1055326434917023,0.25462324398634395,0.36007515676716784,-0.03403420762308702,0.8958358942838129,0.7077507384652814
0.3114371675092148,0.6018843435691196,1.2406062399547422,0.25074610729689506,0.45707619004857275,1.349187873079598,0.6714495827268011,0.26398977836189064,1.956074262590153,-0.4138704053412191,1.6814319083160374,1.2992015499842116,0.13660828072566678,-0.4182732259215598,0.4650716636204232,-1.3213219934785307,0.1516305136883634
-1.1619212944646193,-0.5407962994153082,-0.502752707146899,1.7038736298008696,-0.08857636777105579,-0.2777740621026998,-1.1151758510719483,0.5172927147190212,-0.5234267023370817,-1.4089224142454475,-1.490807430317348,0.9949327022046838,0.46458274362562263,2.3678616478725893,1.092653287409676,0.12812598857213112,0.1484686150276909
-1.1981104293393356,2.1293318208096017,0.22386039201067076,-1.3755764513709947,1.4547414716023783,-1.17201302052538,-0.1278947462150921,-1.3238053352193986,-0.4730938868821735,-0.08637338037331124,0.8354573780181881,-0.06097901397409722,-0.15729838156093826,0.6033896820607283,0.24652751993573163,1.5982456775221012,-1.4305993165609434
0.7880319555664573,0.5472996589170417,-0.7686325391502143,-0.061864821692620864,-0.3564650424136813,0.04260024302961194,0.18288698926583558,-0.9791659676650704,1.3654044603166562,-0.32257300155734503,0.767482925663031,-0.3033618266848306,-0.2935970156781249,-0.8958096271010318,2.4774811712491127,1.680980704546901,0.6082699783577781
0.32533775175289514,-0.19631956637296485,0.1289213878952942,1.096725474274426,1.3576750595065399,-1.263607181260919,0.30794037447506856,-1.149147546591215,-1.7091295679113339,0.13067004178732206,0.05770522097433279,0.45398203068457077,0.23827492012453697,-1.1894537302202852,0.6352213728928365,-1.1123915090485978,0.8863302999078777
0.3870696221054591,1.2975037159687104,-0.9292549979593143,1.2019636763368589,0.6478326254778866,1.2004011738633134,-1.10350240180825,-0.23035609542929386,1.031751744259868,-0.21114564085354137,1.638734959906468,1.872272388659672,0.32357033427520976,-0.5859398210852547,-1.028062827822325,-0.3986702817205579,-0.1573984892825534
1.5059651860530667,-0.855669578358674,0.72864660885451,1.6401892978377248,0.34620128332265276,-1.681704345895921,-1.038038017864153,0.856920874527754,-0.1916319415389581,0.5161951897896513,1.0301694177466059,0.3193446211536655,-1.5353247743206466,-0.2997511582637729,-0.6419216779907806,-0.18095685747211945,-0.7399007557287111
0.9968878570844918,0.9208350461855984,-0.5331129614708758,0.7610024864983161,-0.10164228064785412,-1.668377259089616,0.9347905053558778,0.8960074927932453,0.9481841074708682,0.34227591926748613,-1.1000859805916043,-1.029180363957108,-1.0063803051826068,-0.3402551482945301,0.48248948343958836,-1.4647259633410898,-0.2049642480364013
-2.3029240789277687,-1.3693058047622597,0.2108895662280128,0.48380206056353514,-0.5932268055081302,0.3850339427133851,0.013299776807717425,0.14789541307261123,2.008725095379582,0.7832738228178058,0.6538439868202587,-1.1174440881837142,-0.17652910862077653,-2.146747278461912,-1.3730885867518534,1.0928596954782555,0.0025883780066389
-1.0067129796361391,-3.122489010150961,-0.09882480302774473,-0.5278490619844488,-0.10273646381686222,0.07369783142164592,0.08169639162530837,-0.41588618276309836,1.0032572368290475,0.34156949595222286,-0.007003168656305524,0.013697606746892249,-0.7011291108001283,1.7046271237605954,0.20271770981349338,-1.252726996937944,-0.0063517875222494
-0.6924610179328416,-0.011659936036648881,0.27877228705781487,-0.4990678730169506,-0.009302967785361178,0.964382722035677,-0.18906527745183418,-0.16685485747307283,-1.9634882176949497,-1.5882761580209739,-1.5308183457758655,-0.8907533099394637,-0.42651140866636955,1.4913513056025112,-0.8219963812505412,-1.7068227727694902,-2.1979371379698778
0.05131886657290315,0.22521560012096398,0.3264558525468653,1.1410893535724083,-1.1937260198991368,0.6294929588233799,-0.10444335572110676,-0.14990521929841769,0.792017463884776,0.3401038994347675,-0.6041759493997686,1.237795239454633,-0.41860794750980845,-0.17628127648106356,0.46601690188898626,-0.13287465261570067,0.6295679771244298
0.17340737976431508,-1.9665077660992132,-2.3754102788023235,-0.41318887447156877,0.3864805266968864,-0.2583942255137954,-0.11657272261930915,-0.08455806071931557,0.4974674064825078,0.5798240023451072,0.40476080959184496,-1.22784548428359,-0.13468140600467624,-0.01920380050307708,-0.00014124482181447227,-1.0118889576779215,0.4928750165845326
0.16599834720148524,0.5713393438091036,-0.623388323239624,0.6830817120726379,-0.5159381013541928,-2.0576580133615896,-0.9685419098590033,1.2181348771819587,-1.5702455449444945,-1.5017582446049211,-0.66032732955117,-0.11340004688789501,0.1488104460956644,1.2794552614302168,0.12716313451063999,1.522093604690045,-0.9332178031871624
0.943505276358509,-0.012619737423520079,-1.3976049899045486,-0.790053725467299,0.2735002580017126,-0.22162081812931397,-2.728679402548564,0.524244992590165,-0.417593194192853,0.05904131943842344,0.2619401270574515,-0.15384660533548253,1.0003138750943714,0.07545366264085114,0.27047595230820143,-0.014497786142570772,1.5768619169863711
2.227220444000323,-1.1788951195759994,-0.3710122589859028,1.6039004510443595,-1.2273909986430234,-0.07602366166455747,0.7622500456503071,0.13968807465847322,0.6012915631688519,-1.1931019959197398,1.2029321154868402,1.290048712022097,-0.15832126655868073,-0.3099386864020287,0.10847465710963354,0.14605920941996423,1.4935733221190464
1.3965331945246258,-0.6984491866453848,0.2015287018758549,1.8913763915584005,2.1004218426705124,0.09077528232198373,1.36684101198556,0.6997973024575882,-0.6624930645205155,1.196575485785546,-0.7944817028070087,-0.051046175620805635,1.4480217462239149,-0.7684298589137233,1.100790858468571,0.06226942048510974,1.8038576637420147
-1.3553694260643694,0.719091951933213,1.2411117091072092,-1.6147197696333255,0.7153403882668937,-1.7401792244531415,-0.5186151783806574,0.047032425348626374,-1.6292787241581257,-2.0411033043215787,0.10238278869343846,0.11416511907375787,-1.6558774440006698,-0.3170853142637074,-1.4044048001360743,-1.233993586564819,-2.7809365923297684
0.5470766867821636,-0.2314631375882336,-0.7181201468693951,-0.06715622927620334,0.9101876220452476,0.22406453272861615,-1.2345274099142165,0.7928127514959487,0.8454171189335274,-0.46236564756194304,1.1952026148041963,-0.020686549463597093,-1.036391588492432,-0.7576221419052158,0.8014660784657599,0.6764656160334861,0.6399428609581223
0.6601366724632655,-0.8586571986345886,0.12031914562043369,-0.8444119459887148,0.41341341016495586,0.8029580133034994,-1.5652473233013233,-1.0050509035090098,-0.21748972766647975,0.61494299572615,-0.298814437364598,0.6290321035789583,0.5553328701616899,0.7518541019247789,-2.831092000085509,1.580143075148426,0.9380527687035862
0.18416777386052666,0.3670968126062133,1.0558930485983098,-1.399485459953427,-0.376896076001647,0.9926554461926924,-0.8160982158151056,-2.0801993900631355,-0.27214940010475075,1.2585861198439219,1.1007909308090802,-1.0942482402549176,-0.5601456651655186,1.1548615204539678,-0.9045765879563016,0.6195806366360608,-0.7103416313774722
-0.1588027047980339,-2.2340176471038524,-0.4126799113398931,-1.0704703402695939,1.1351702852430976,-0.25158716048124297,1.1386737508820717,-0.625013095588216,0.891327912286209,-0.4064525004563384,0.2470380777687616,1.122425254297186,1.6621289448458345,0.47097411829527575,0.26865947663041173,-0.7354655325096129,0.884842887765069
-0.039712309465414104,1.1608628500918838,-0.14269263245407401,1.3598034149296376,0.09244808756086302,0.13482875385535825,0.5261171447100952,0.1251934876856509,0.7073893669655462,1.6256581334839586,0.42738202633516587,-0.5824136744508486,-0.5843397096302455,-1.7815946833126028,0.2566187790044802,1.1823288549508957,0.7302942480230389
-1.513422233703813,-0.361364467993694,-2.2111711356282386,0.8228549866048467,0.20895397687765055,0.8409700543458817,-0.40214350619157474,0.17476122085533966,0.006188550965962998,-0.15229438438180284,-1.466101861587226,0.5472000378417956,1.9254792817066764,-1.0121261151129837,0.8689388266996012,0.44949894525452044,1.9328217727285113
-1.150912421163539,0.28624438969748484,-0.4746524097730223,3.0658778973348957,-0.21082850683930962,0.11871254152545645,-0.04051516786895971,-0.06484080585341437,-0.5112275721136733,0.13418011663085744,1.5697383059552275,-0.49139626242327217,0.8325507209256505,1.1072958607884624,-0.9585889664416676,-0.7272815300701753,-1.1019485566833804
0.8081486508780493,-0.05319898698298896,0.5840091778019051,-0.07542773281008663,1.9179636066965664,-1.329848780937144,-1.3399516800776659,0.9405978651796639,0.021400680821517557,-1.1502064139648887,0.7675652163374656,-0.08284965333553951,0.3922117590353095,-0.7453746543205494,0.26703650238371146,-1.1112637387133806,0.3379122653221963
-1.4043724565679059,-0.6942610124368835,-0.34758104985021504,0.9651684346871021,0.8813428127726519,1.6846893606195452,1.605383276971214,-1.6496892426386285,-0.45404882979457983,-0.3856933004137857,-1.2766722958455423,1.1537742443742043,-0.6884533301063375,-0.6015811435914018,1.2635964454890154,-0.9826965419300261,-0.016425353607446
-0.8704019951559181,0.6167375719182041,-0.8533785115901201,0.22612929510642987,-1.225563057221895,1.9106113959161395,-0.7446946979337251,-0.8622440449372374,0.15531959593018174,0.26857818224564334,-1.4487995301770016,-1.4932183234890206,-1.274062067304685,0.31091749330881796,-0.6705548707224277,0.10569536061095819,-0.904881916314861
0.7460041559080288,-0.4825600073213678,-1.267748123727782,1.2806189618343153,-1.126693425877166,1.0073032757728004,-0.5386295377304371,-0.32991687292962985,-2.8295151341094464,1.92210685189299,-0.8826190640029217,0.019157762010850655,0.8927944146631139,0.8281987587315917,0.23811626056293733,0.6973366589728377,0.7703365435118184
-0.8904713596693845,0.7129476096599968,-1.0573554014499074,0.6477574408976964,-0.2798779296846978,-0.12967601560982378,0.42516319369730493,-0.7314452352583695,-0.23993019230310253,-0.48350314046113874,-0.946320728790072,0.3280716855294335,2.818076027369002,-0.47142241684146824,0.197418059085185,-1.2450262381233428,0.3524450175575509
-0.30125004386226667,-0.2961541695017811,-0.7832264667954896,0.8405318850067388,-0.5691245506783735,1.9009694097302976,0.10863906647870691,0.8429182130309592,0.3088269652784722,0.5795272322942929,0.46870781772945325,0.34720121353963496,-1.0050694637958553,-2.8575677816373504,-0.27742539635324975,-0.544309592764489,1.0906050288622615
-0.9315584194194482,-0.9341477406283156,-1.3046372434575992,0.8644430433576392,0.4445327008752495,1.2578509869885222,-0.47205986541105255,0.3188076894193721,1.649473987071009,-0.24392587656319956,-2.489379024035993,0.19916404924091932,0.3310722085091023,0.40704916629414806,0.7774599784929317,-0.9698498842468188,1.1854939602534165
-0.8848356276553019,-1.713802806418228,-0.619673269403758,1.7554416261838877,-0.7822077219361614,-0.7203072628282654,-1.0951584068362983,0.875496124188708,-2.103737696600062,1.1142379598481555,-1.6248278022276237,0.15043579803637958,-1.6719319742439158,-1.5860733963573665,-0.8963585853289254,-2.1095934162479506,0.1382851783545474
-0.20858490817592726,1.3133683812779557,-0.0725573370550497,-1.8141660305026315,-1.5444431781098589,1.801074701282063,0.3757699491784401,0.5789471020655906,-0.98873887414563,0.9008682543940741,1.3057327646052819,-1.4373662881809737,-0.9941726665639784,0.14518910626716125,0.6141069520275584,-0.4538816538943722,-0.6371458203832943
0.6273531418080163,-0.9902285089870139,-0.3473698129655779,-1.775530877255385,-0.15610123298255865,1.0042215050790104,-1.9743484390865038,1.176637483464224,-0.04418547005082261,0.5483683790726847,-0.0683069960291071,0.17339537876079025,-0.09420456126816376,0.35701817108016737,0.7330408998052472,0.9713058248172745,1.6683273435108283
-0.1859004847128347,-0.9318681850776815,0.5281153121832364,0.3972435499903707,-0.9939574214695492,1.4882740217938946,-1.6531100599507509,-1.3880674887534987,-0.25427114455909516,0.1335647016158245,1.0862068669150107,-0.15460082597234193,-0.03720508268396415,-0.8171668175289813,-0.14064702844211588,-0.4648334995653254,-0.4226913878811351
-2.06455923251252,-0.21969879527868266,-0.9045615873081964,0.8627407149536986,0.5409385350361601,1.1551801563641932,-0.01687341958500863,-0.011556008239064944,1.1018169327461167,1.248602591577397,-1.2309871217301058,1.536157111301714,0.9028302657061145,-0.3395562689946523,0.08188554205934957,0.7538723374094417,1.2355005813174709
-2.31197143010245,-0.13882133259902052,0.719306861838443,1.1378321593272376,-0.4282309402376919,0.9256156306442428,0.8106772307490264,-0.1929787897715199,0.6603281894663156,-1.9334270626772052,-0.5233246854635206,-0.07301416275519122,0.639737093179437,1.6534824818412013,0.15457403080551196,1.5770991405128452,-1.5715009256840309
0.02575254649127003,-0.7854855635643583,-1.0895482015317912,1.9188919949403187,-0.8807311075937685,-0.7626088266114717,0.48930248700442125,-1.118755101201249,0.9337904351160702,-0.055889862138197625,-0.3113652431357623,0.05551227758322568,0.4739754413424357,-0.6936111373896701,1.3835637348755723,-0.14639774225174934,2.280466663440504
1.4323115942484215,-1.4740856871618564,-0.7299417333201358,-0.3655867420325335,0.7766593310230766,2.1826095130239893,0.7592150655089162,0.8320553735919821,0.12863659767099825,-1.0312875685021636,-0.8744672802185081,-0.6049318861996457,-1.4658439068403164,1.438200623567715,0.11770418917264783,0.6429939910129495,1.6859003255383314
-0.5663172383502462,0.6585574912557302,-0.9161573698464941,-2.6147435510502066,0.09215099114598847,-1.5465545196431645,0.25354419145822693,-0.15719628753509432,-1.3879839884563834,0.6596746617815702,0.4620083946065598,0.2656726219194728,-0.9565879393560562,-0.09038036973704687,0.29787827865465283,-0.00017332183909272105,-0.2046516216744801
1.5718309465360383,0.6010965400047219,-1.4080415930761125,1.8666992802058333,-1.1898762351896552,0.27360014663257787,-0.006365586465922833,0.528297376575129,1.4541832562516708,-0.9429110533085675,-0.765995227935364,-1.1340622475977409,-0.5967507097960442,1.2701953603671652,0.6457872034809387,-0.6635034912861472,1.2541372295382176
-0.06655838799656408,-0.4549784674545336,-0.45649627666898573,-0.7007331366346871,-0.4783166468488093,0.8437708549840474,-0.2861202177386555,-1.048872543218429,0.03781294360928635,0.7325288536666248,1.693745076861046,0.5954831086310293,-0.490503585936262,0.7595949226360478,-0.04448144843454816,1.3536618021895328,0.0789922517123733
-0.693273089947312,1.5320506865011219,-0.149400532978307,-0.9793206005536509,0.4247118260458128,-0.23475548171280802,1.1761478085356123,-0.6820437315138264,0.4914430646603509,0.5758294667573389,-0.425437964641677,-1.328003012991236,-1.3833066708612833,2.086399874760316,1.9844831827061185,-0.8590383763703899,-1.0077093638491224
-0.5611572634245127,-1.6211850695724033,-0.41722093818846134,-2.140512959967033,-0.28959356294778654,-0.2292452029728217,-1.0807131523220783,1.262450098529616,-1.3706301523176667,-0.3501696633279694,0.013705093591330418,1.6392831098569198,2.1895161478475433,-0.7037174132560831,-0.3807942722181852,0.524042389863581,1.6918002456125854
0.8479004841124241,-1.437227333941909,1.2130676163861078,-1.5288846432704735,-0.05700463575893187,0.5504130090297455,-0.7054615871096548,1.1946539230153363,0.5429535819520305,-0.31701555883115257,-1.5217255483058856,0.9141806298822642,-0.9736131357809021,-0.09295159608979432,0.7691939886052948,0.5672933664019988,1.9410990777035708
1.3390878513938893,-0.028837205477777416,0.041229406577644505,-0.002272219103107503,-2.0335631054194576,-1.1829166229305097,-0.3616530796415499,-0.9048348232386567,-0.21418232439456852,-1.7858697103866525,-0.34762702218909264,-1.6949826125804694,0.22503975141405372,-1.6909419066206088,-2.2640758071630933,1.2641475005552023,-1.3059972067730274
0.27385550436103584,-0.4277284173738379,0.3139270833050441,-1.2539704965412408,-0.7755175819743173,-0.09854625368541811,0.8039239724869028,1.0577858889375134,1.0142107850285491,-1.1514082396927834,-0.7590090196129811,0.5364876573825259,0.4348314906456082,0.2997804600357995,2.937575760761682,-0.4329716243060852,0.1440403344121686
0.5858811210703752,-0.1109713072214083,-0.9606361626119679,0.8008809161469985,2.018111677406185,0.32380872430516683,-0.05845429019342484,-1.308443699565678,0.516290655316492,2.4307508023352766,-0.5800411137684357,-1.144902283637259,-0.44816170280182244,-1.116242890431189,-0.2492214882606618,2.3203671882653234,0.22759797661938
0.8205465054989072,0.964717520807677,0.18541226827100887,0.36846599011669817,1.9693247778381204,1.7381148266770448,-1.0223203257273594,-1.0720168551711524,0.8576840213321115,0.3623188491370351,1.0933183221144955,-0.5628633338655689,-0.6290791017430352,0.28712472308649917,-0.20546464790290228,-0.9610592438419675,-0.3368494538589719
-1.742299294011073,-2.128876525473682,-0.001495149803818648,1.3334024855540816,0.35780009278487473,1.582488208571811,-0.8217899588720433,-0.8176085054305983,0.4635920199418073,-0.8877728889588775,-0.749415824248729,-0.9095622240658192,1.0363179577494606,-0.17630599516900616,1.6535705655380966,0.1446418364584942,1.6043585600714023
0.956011145623214,-0.16303508931973115,-0.0896204141073274,0.33251106258016777,-1.7100620733310992,0.33070353590204865,-1.351562830568663,-0.034136927938277356,-0.5715300052714403,1.0966801270660813,-0.3688473887150556,-0.37271787341094714,-1.1419132210189695,-0.161366889618627,-0.41507108358241956,0.22385600929987334,-0.2802830366543578
-2.278986770183859,-1.4633905149444397,0.9191072435962807,-0.5830747035286166,-0.2411729454221343,0.17587743356540644,-0.06938854769306962,1.9884651989469881,0.7769724770263318,-0.39239543594945436,-0.043104472606629696,-0.8689715598204554,-0.4195670596418045,1.1778894572914291,0.5336935975872515,0.1979783243602957,-0.575330587625857
-0.3906330495082763,-1.537851555038004,0.05198181806236821,-1.347610415794588,1.4654776739794522,-0.1931198760163094,1.0882016134252146,-0.14606704962111594,0.9503533982831603,1.0776540600574158,-1.2960728944312452,-0.4627722945947594,0.36619685078589786,-0.14446310858045708,1.12784308260071,-0.4787649384127223,0.1655278795758965
-1.0637302636973156,0.09687430408514758,-0.37081215580409543,2.148157823062132,-0.5621110920095019,1.9902661221040494,0.3868087718406879,1.3574368523086855,-0.3249490203695611,-0.27916944292309,1.6809214003939594,0.004243811067316254,-0.44777500511234,-0.06368912426601095,-0.1618020306101135,0.9598192735191475,0.9425053602700482
-1.0609428014105953,0.3816649921190125,-0.6726457500033778,1.252440664692495,0.08913095945976285,-1.4547348602184862,2.398250472518647,0.3460673583726182,-0.4231677413248901,-1.9666377514684004,1.3755982643516658,-0.42701831285011826,0.5431975403158249,0.24002078637364394,-0.4055310835630583,-0.10456679288274219,-2.2184944081612556
0.4265870629468149,-0.09181027217044047,-0.5845452990795839,1.179226626436433,0.4113248321289837,0.33259013200331417,-0.8354411562152169,0.6616326961319697,1.3751672637699082,-0.2849262924257082,1.205543603039952,0.18097883857510216,-0.135568623378966,-1.27060086358399,0.014668408117251017,1.3900140558950074,1.4787927008137929
-0.5436569227310998,0.6326021656292248,-0.3828194747957558,-1.747037635983554,-1.7207198755169864,0.7918711238430696,-1.0378253061402465,0.026204402108921054,-1.1219301062764928,1.0038489845898513,1.606783767651225,-0.2819364381603508,0.007088435362685041,1.2702777844971582,-0.5191523421016575,1.8399057820144147,-0.2926249496186474
-1.7295636045022624,1.2707399641093424,-2.0199043515539015,-1.5885920017602637,0.09008171868302885,0.08403078729327836,-0.6942396880151456,-0.3975813399590417,1.2521538803714338,0.1633789777540028,-1.44063636641834,-1.0445225038041759,-0.007020096401922652,0.3025430696981214,0.09514654476670188,-0.4135942930787775,-0.4492977054596785
0.8459919904725404,-1.1188089674073174,-1.1204078015107586,-0.9550794331332881,-0.49589604581457175,-0.38270209401247834,0.16798636236001951,-0.37656809848671574,-0.10979863360939407,-0.2955543883828533,-0.5256526390980794,-1.8530251537069382,0.17743049445415132,-2.1859693829155713,0.25193130974819744,-0.9994148233351643,-0.382744585967339
1.7452861922464906,0.0860447283158914,0.4253865457946487,-0.9942705388963813,-1.3620799182877625,0.16794364529718134,-0.33167685476156994,0.6331842331954861,-0.4334979682443298,-1.0690328580764878,0.7643755560655353,-0.7005748475591205,2.8579804500830774,0.1983802535607722,-0.23024466916322076,-1.5186902819115986,0.820268386758248
0.6650695218057032,1.2364642266112207,1.813018275094162,0.9878373082942722,-0.06657142263281889,0.5954170690403877,-0.23345620376520418,0.6806134839333419,-0.44022320926466096,0.4619589090283432,0.25171488434669637,0.7666190447326886,-1.82911977266785,-0.36907744615507526,0.02840808013949583,0.09869191572894118,-0.5439416831876658
-1.7251957319372844,0.697821527083914,0.07171868713974901,0.22904178418233234,-0.717896312029266,-0.8425469709135166,1.22623890238739,0.3140455445514748,0.36694223766028694,-0.9032163637307173,-0.21680871023652665,-1.2282064971154953,-1.5073580174068266,0.8814640380277737,0.7984769021794423,0.39747988953540664,-1.8339416459667264
-1.7807816632573028,0.2664538372282713,-0.8977794015992974,-1.6606218859889366,2.1177335896960376,-1.5378761695273024,-0.9720389811129968,0.42580413396353006,0.0034759596389035076,-1.54521963990474,2.3288577778471553,0.14777819131445763,-0.8387443405650726,0.23204313661706688,-0.3831584095018826,0.8641369977356459,-0.9149818306879424
-1.2823624517316095,-0.7696316736603619,0.5370811401106633,-0.4105578983236915,-0.8876747429673025,0.8122184848597769,0.3463394989433344,1.8814817489111142,-1.2499215471964709,0.6350496601075547,-1.2170857422532892,0.3162513926377088,-0.23544964674200897,-0.3197868215192347,0.5400164811524983,0.1286880226787414,1.4659408434793524
-0.05842335911324058,0.16210619067670257,-1.420966494724781,-0.2884341104468324,2.1718621720318323,0.5693152615796503,-0.403651692063767,-1.0965239883392874,0.01894471102337513,0.05789858273126102,-0.6530054178001782,0.20225504121648155,-0.15153958757103872,2.299609744335377,-0.014812008243160027,-1.3038154244158497,1.9584016660063652
0.9594424937063022,-1.4728557734313228,2.04589506090063,-0.19914440441870243,-1.2212837173230602,-1.8101446521221276,-0.41855438985644833,0.03947100477488421,0.03992063726080331,0.04001484695837829,0.41627163644752546,-0.7023794913403305,1.1871238105185211,1.032676915906442,0.47383707594307906,-0.821276138008427,-0.7576840211162785
-0.1147037769994404,-0.7810811602988574,-0.5706844616668375,0.25244599006862534,0.5130428111864194,-0.09184795920285262,1.3117124066981838,0.3130776197922919,-0.43028398756267877,1.5724021202236318,0.23940011259881774,0.13487884906035458,-0.33878988748888955,-0.6939154393139831,-0.2778851642811538,0.14694632016219014,0.2222687834714221
-1.8146674609961908,-1.8037525461452373,-0.9992491366986818,-0.05638278442220022,0.20717723357767168,1.2677359112487696,-1.02559183498547,0.5811088841661695,-0.7619809158460917,-0.9577124265174177,1.3068832894192768,0.1503130708675869,-1.4263894884206043,-0.20360884315747343,1.44913217240654,0.7342155699937608,0.1860294184042255
1.2172297268238983,1.7579364609217112,0.5038635415280895,-0.06633840762977765,1.1193699840414266,0.5740880039577481,-0.4313417269441983,0.656222872908165,-1.0584263271283094,0.5738701845217838,-0.6229719163716987,1.4689547903483378,-0.11807634026067633,0.7418536344587958,-0.4498632177892968,-0.46195336695742745,1.3472121059323552
-0.2706127925213897,-1.4748229236124877,-0.09905902908512128,-0.23754373222316094,0.580793319983765,0.42244757491652907,-1.4267978632823746,-0.9300071065472466,1.434862947017225,0.26099222559907886,0.15590347694109616,0.582009579711386,-0.008597949022556423,-1.4469637227751024,-2.07544694479955,1.359111090486815,1.139163864367568
-0.5475416581080161,0.7653865453580706,-0.1746970389663489,-0.6882995844312919,1.629088907939819,0.2982515993291382,-1.009076753771322,1.9471943724694527,0.6046613316104623,0.9165220263680504,-0.9868964173194861,-0.1903245687547846,0.993307226121818,0.021999173735157723,-0.84670211806154,0.19254213268026882,-0.3477763419546293
-0.8257156219026593,0.10347167062608952,0.36623892609153785,1.0006617400285953,-0.3227401064395237,0.009537573127618746,-1.3756189007396493,-1.3558063876797437,-1.5346898492256615,1.0573072501032472,0.052354149495585305,0.5870274901957966,-0.24528552492085787,1.0288162798925296,-1.618539765803121,1.5220102441215464,-0.9607263762652548
0.7448344007189663,-0.8734954568532233,-1.3028294850755322,0.8874910252843168,0.30142770119031376,0.7418573893040605,2.947395470700374,-0.8050002675569586,0.5954040847065334,-0.656728037311886,0.7723457448510743,-2.1629119056484565,-0.8937653815051942,-1.0995935303057354,0.6716233211014528,0.666734600131497,-0.1627658544875392
1.5116040718921149,0.5798579190383277,0.3676226436147604,-0.6313031276026643,0.6239627878836433,0.8165019714686396,-0.3827656701851859,-1.2314304221493122,2.8050207401115075,-2.1688174009384493,0.6216618306937326,-1.0895964625044272,-0.08836135028306145,0.059156166523280734,0.6889048039863491,-1.2980551938119371,0.208428525128985
1.4434717614866277,-0.5195677483039832,0.7914419105276316,-1.5514135352945284,-1.649060502165957,-2.602488039806546,-0.0020977675912310536,0.29187135679437226,0.8235173263545297,0.1520851863713923,0.10807358506296572,0.47241311292531707,2.077346371274212,1.01400648056275,1.4338781904048556,0.1440205272665994,0.2213209288251537
1.9946282893917633,0.8541486405562944,0.9943064437755698,1.2687424498616973,1.1958845564087335,-1.6219619315379286,0.08552912710647007,1.1768330363628559,-0.7844764412449955,-0.528695131913312,2.467586322798442,0.4056232046432091,0.7248275204978395,-1.7859343486407058,0.5013327229615487,1.0573841818989984,-0.3132221285530485
1.5249647384461056,-0.4789711736417754,0.7601847834457114,-0.8048086904053378,-0.16167418994844995,-0.12269927010869745,-2.0066730958939814,-0.3676131175850928,1.0924501259249007,0.4076948689344296,-1.473683467089175,0.9627421405375054,0.6998193931651827,0.6776124962592356,0.5674715922756685,-0.3367225981013603,1.4998183788573058
0.33826899605295646,2.4864675036132793,0.4329950798412595,0.6289158015705102,-0.5911902919920805,0.35068760112831815,0.6314062235605303,-0.8068361378767185,-1.5067199371274236,-1.0319797443243648,0.7039821301119326,-0.03450993810963055,-1.1134484878826432,-0.3140333974266032,1.5379740967348554,-2.124305811304389,-1.843787945640487
-0.6197957490244966,-0.17469737625614312,0.1234225754179357,0.5291278449906921,0.5329704379027959,0.37827208659654166,1.1006287370624603,-0.7960891395185777,-0.8477501309509714,-2.2465775846052525,0.6487646797217106,0.29044525614661315,-1.6456301411405203,0.06725981081428455,-1.1495545309209074,1.4324234103003963,-1.0485877733554931
0.3283741285110706,1.0287836402767896,-0.6124621300273866,1.58267674922623,1.1466919623885967,0.21520910490787223,0.6963538600162892,1.1029396948679278,-1.3745162202060284,-1.2174026131860947,0.7614512769866566,-1.28121198973064,0.5751037954169336,0.5808185092907527,-0.2909347056417873,0.43917493220366033,-1.003789953612223
-0.25978556822799453,-0.5570835847528615,-0.660005060793036,2.254231867460414,-0.52988109866967,-1.123310957100714,-0.5381765312987019,0.3987108616308753,-0.3630629662783716,2.3066094407591895,1.339919061885039,-0.15151951210359382,-0.4459814118761719,-1.8485229977976807,-0.5591857150212848,1.06646579705232,1.9016087264975337
0.8119394747172025,0.10899234153893045,-2.159732761562459,-0.9335005929761137,0.2127556910505268,-1.2116914990168128,-1.7680099043235857,-0.46887490466432546,-0.07742616338037847,1.2720235118960017,1.8481525401173764,-0.3013962760747882,0.6798028513980762,-0.193348408662492,0.40733831369729623,0.6959077493243926,1.2468060529526406
-0.07561726119947834,1.6764948376207698,0.2590169894292257,-0.4405616498224322,-0.2635634069101761,1.2001927621857278,-1.0154783216016892,0.6596453726658835,-2.1318836000359527,-0.8882672117580587,-1.5924746659607738,-0.8496955706114133,0.7459246214229898,1.3319034902799436,-0.9835387318410123,0.24375423710394506,-0.4336542553366045
1.3119359410930977,0.22658798274488648,-0.7176068041058039,-0.0063848578002777484,-1.062509686077398,-1.0788903178652665,0.38124634748986586,-0.4183158633167084,1.8899817748946175,-1.9266170486626504,1.5750365339044878,-1.2527494108679909,0.2967335169792261,1.349055056319088,-0.3811267460244215,0.2533332344765284,0.5191881200750095
-1.6633195292262837,-0.045156707592474254,0.5941651619956312,-0.025437284949591587,-0.27936065751370914,-0.4950244981422001,0.39155074014519387,-0.8151654158647105,-1.3292321285235105,-0.10089536877506125,-1.2423246113514645,-2.608626407143649,-1.047159727731494,1.2698488045170282,-0.8650815293928381,-1.0443010156078243,-1.9473060085237888
-0.14183160511072257,-1.1110451611347414,1.4745514499521335,-1.5918767258178483,0.3013320674991283,-0.2732214158490163,0.26904829582879086,1.9226479329942945,0.48197399944827046,0.4846059607606339,-0.6927283103393165,-0.3120440093689251,-1.2034670936551646,0.32636246061509605,-0.9456791603768073,-0.41846398314813144,0.4463390519274448
-1.3296504591649692,-0.8081546512721818,1.2325078828152118,-1.626574086502777,-1.494649923179421,-0.10791035553150105,0.9694439108792751,-0.35962601511392006,-1.7663722558175083,0.028082113113849887,0.9047235439530056,0.02113391138741153,-0.2602988182008429,-0.6849096563615947,0.034382409228545574,-0.31788240845556104,-1.502909145492272
-1.3367470534412154,-1.2124376822598733,-0.6695621485389643,-0.076929074084406,0.2550933720473341,-1.4312125348506886,0.9078370421866163,-0.8884835292690877,-0.3967483809030473,-2.068976938723739,-0.019299409145468766,-1.8879109962665002,0.4531901833048719,0.02832580541727984,0.25394378785780136,0.5593875358213162,-1.3305622123214085
1.8714800035734749,0.5970605733030245,-0.07738340555081445,-0.8914680336738366,-0.1480596018121373,1.4680427225716757,-1.21949694685023,-0.7955563278476072,0.7734933674417687,1.2733017960748567,0.20488278712276148,-0.26236063313629426,-0.09072256140881171,-0.15216813673349922,0.2936036442057486,0.5200899710810997,0.9397691782465656
0.9713548908447771,0.14984104820321778,1.2257187099336757,-1.3351329904868006,-1.8532642059907396,0.6326208528287415,-0.7693315336255399,0.3545929625155038,-0.48480931570885855,0.06777522831442277,-1.2926961669625086,-0.11902990142554987,-0.9740406771511483,2.642872703734226,1.0763988512593023,0.5245525138329739,1.2388297592429025
0.6585335355773195,0.05381836104266267,-1.770272493477614,-0.9377239978241094,-0.8869073889992277,-1.53574031559371,-0.3878904571167273,-0.1207839648412362,-0.004091071957334317,0.7710221004618188,0.3089277298459987,-2.4327921022747616,-0.5849153944086287,1.9907735312592167,0.29977712394229006,-0.6348339551657938,-0.7176612891019413
0.1365328571896509,1.969049472791274,-0.4586956420591593,-2.4072232640141045,1.3773153791548105,0.7491357318540548,-0.37308703804260496,-1.0319587297552155,-1.5912800119372068,-0.8295792338584628,0.8921608614514003,-0.5152620134972989,-0.08465603663488025,0.10574715150423306,-0.162311293225164,0.635010503681815,-0.8782562393748765
-2.0312687030615293,-0.6997379317343808,0.4809346404988574,2.148461589726849,0.45928654210203385,-1.4369654084417685,-0.3256638713040148,0.7014971507029848,0.8577730301805417,0.1125742308223583,-0.3852461470299901,0.2784680424236985,1.1916894554321174,1.307543362985442,-0.5514996320804784,0.8136353855068421,-0.3011350447910946
0.6408854931669528,-1.2221264940089256,-0.29585175537997793,-1.3856711344289252,-2.213255394687504,0.24187478810948812,0.22702375335957228,-0.2896089282664285,-1.6722708261513919,0.5228414017227255,0.31425676929517504,1.115656448782589,0.19035479218242438,0.6795978111963495,0.7935215708067097,0.7303715008230357,0.8601815963230399
-1.8100284818328682,-0.258479226177599,0.2054141884292605,-1.037354247011752,-1.0351302462242435,-0.08578254157984891,1.083399341097025,-0.2500223387885303,0.08240392302226006,0.8926905184254765,-0.01124935723853855,-0.7747509826767578,0.08781624170641798,-0.6229692324037512,-1.2508002475064373,0.4056416078686041,-0.6741183733294287
-1.4944944676438394,-0.2316939455634811,-1.1554327920298715,-0.22936435721473783,-0.16005997805559524,-0.3550962899021102,0.8403113121044493,0.0938416880889653,1.302561802647903,-0.8084132097321072,-0.8156835343439908,1.3030045931791874,0.2403036354749308,-3.2467511742035944,-0.6440822843170152,-0.34802998485975517,0.6977051058474747
0.8490282554369908,-0.4941690721785935,1.742857185938966,1.4235937593398904,0.3910271162248515,-1.0576105325347378,0.4890471136420246,1.5863588164159765,-0.07036843735108014,1.2080488794636002,1.010162775403317,0.8994086335873708,1.1187873244016884,-0.3267529626870531,-1.3980280462652601,0.9722737422275853,0.7703974048599252
0.03491399637317477,-0.7185467828094603,-1.084337956376728,-0.0649564555809186,1.9910183594673914,0.5241961325567901,-0.8035025547549451,0.7954918181779641,-0.1532115323324734,-2.2350241627893346,-1.8406553367008571,-0.8664717726914375,-1.0723499935934615,-0.2093223124468397,-0.2815590321050527,0.6680352334437847,0.5464532730394699
-0.4753518407118132,0.2044833994359571,0.813771511789964,2.2536641064933685,1.021575438237517,-0.21893438778754423,-0.7688102106123978,-0.6638233538195683,-0.2529898165834618,-1.7544324148171042,-0.3445288377295581,0.4198605354211154,0.23363340842367258,-1.051014572962624,-0.08949878723055815,0.61415308016541,-0.3513354506200312
0.376693613183444,-0.02010641350444331,-0.36144493547113066,-0.618317421251753,0.8082373270199693,1.1010360562933623,-1.3818736100075573,-1.6623593233004288,-0.2299313580936716,-0.4214759709864793,0.7852882784023615,0.46495491459645877,-0.06307207776735503,0.3374712305764579,0.27911276879428787,0.18210733809256358,0.5778872450617025
0.17450681721409705,-1.0462970755165615,1.1641652244427876,-1.5207613680926437,0.1381055374609216,-1.1161940289082444,-0.3883712857384538,-1.5316272720931072,0.86752008480089,0.4253478467851215,-0.40940668971968397,0.03281777983987542,-1.1972712090122406,-0.8383780995547324,-2.0420970869459265,-0.5271429157110751,-1.2734326154308038
-1.96191749565276,2.288910365271258,-0.26272638313843255,0.26692726847387954,0.7075319837739458,1.0544894244873588,1.0942579645148987,0.7541000782347811,0.2991542592184308,-0.4123788892128735,1.7566291734049486,-1.2905228957298802,-0.39796715150559786,-0.15582171527293057,-0.4884165087617222,0.42585839630699457,-1.974870224210027
-0.04580002913199274,1.3600445471514728,0.5925830242834947,0.060003191485169326,-0.06492536639660368,-0.6561093835131072,-0.6908999401210187,-1.035147720464876,1.4537695628314353,1.296527359153418,1.1151464624645264,-0.6505045435432414,0.025488017504291645,-0.031935181482109935,-0.05854343080952253,0.46952041527680405,0.005977174348698
1.0466634638495276,-1.7231015740631568,1.2815938030950174,-0.371918965412534,0.8473934043613432,0.8088480525008019,-0.12994994296187823,0.1056831855519117,0.248614416305678,-1.495517925029514,-0.4174170378110273,2.1690992508854188,-0.8157457424674904,-0.13082679639053676,0.5017088101015,-0.07329891499320866,0.5345187261479603
-1.405083292984725,0.7452288415033118,0.1375687418244,1.3170498679016902,-0.12659283884687375,0.17072006216930372,1.5281317667984322,1.6909979886150506,0.33864083936920575,1.756753549490651,2.0433873053045124,1.3128834224274342,-0.7890924350421104,0.7585216262306563,-1.168638815337401,-0.8662685230871183,-0.4721781542394052
1.1029806225319285,0.7102346293462611,0.16379955240155591,-0.7733490999230352,-0.2740578487283716,0.12034865890441515,-2.300906128188337,1.731461868321763,-0.7067916384464038,1.1168137242224383,0.4932642926543383,0.8912961678257696,0.36722061988377414,1.1036720680193624,-0.27239976957965206,1.5150421475332383,0.1481353546042628
0.876746118280367,-0.621582656500602,-0.8288936902154277,-1.3090444927412799,1.7562634270038173,1.414207192030238,0.3866194085731492,-0.9190838057737201,0.7139556403668811,-0.9525128569149502,0.2868039356193408,-1.474385418639708,1.2865888129990748,0.10121817869483947,-2.544254374113167,-0.5804952281707192,-1.6725102515957395
0.4137759471720297,-1.457985126760398,-0.4151083353557515,-0.981443927557696,-0.41846453310409504,-0.6188785511624982,1.1451457959160678,0.3726158225579818,0.6010427129348769,0.3472843832733057,0.1637102399955527,-2.4556511819954348,1.0679559934304594,-0.3017444950036593,-0.7281347409283042,-0.38931698820644645,0.1732866924206043
-2.7493568330950486,-0.9233691479814714,-1.9048350905291973,-0.25466559208544437,1.3409424152184422,-0.3832389334896123,-0.931310160095856,-0.5449113278393202,0.16322051780244085,-0.5981795837208636,-0.6347289624691079,0.17256515322109764,-0.8438532129636559,0.564794530417264,-0.9685428162261175,-0.8808542435158612,-1.044713837002267
0.30958537337719544,1.6072068165235707,0.45500920814433454,1.3413404633729487,1.126003710175593,0.40638794297446745,0.1119281488587908,-0.9239011233609917,0.5940483534475639,-0.148582420654477,0.22227604611655505,0.9128136425154687,0.05991774687884264,0.7674810829220522,0.18980494432111825,-0.8746943398131904,0.8136924314129009
1.2251624878955398,1.1305407642936496,-1.3989994515518118,-0.36056620744995316,-0.5432521505572592,1.5690783715361176,-0.19482391607493965,-1.2896064161818583,-0.544151567959668,-0.4917903699318961,-1.0553193461233017,-0.7770687526200422,0.1413483105743604,1.5542454431732895,0.5856173377207051,1.2687443303178123,0.7909711033103143
-0.4049630014875171,0.16866082688671216,-0.9607009861322576,0.3702913715740076,-0.5917289915849362,0.07360774289788122,0.1756584015901723,0.2158721232567384,0.10790037274314773,1.192316252438079,1.3961318907537443,-2.502716685803817,0.6408433059251268,0.4177139119184121,-1.152318401950268,-0.4059158599631153,-0.4885667987530468
-1.242511926484975,1.29773070092929,-0.7995464164770444,-0.023737080575952238,-1.656374638981454,-0.25167319550735295,0.18676588728946694,0.46763601285318057,1.7153961877512807,1.3412291128423743,-1.7731176592197113,-0.5946087297237332,-1.045728267031377,1.1631570704520313,0.6503266482771,-0.6079338367388137,0.0301256674769891
-0.6648638310318531,0.5156192080756462,0.5063569892260961,-1.2211617103304193,-0.6713553148984766,1.2761221685893396,-0.5593114107182666,0.8780369604306961,1.9077736560957523,-0.2445310961267322,1.6152465744398499,-0.0648860695102634,1.406479482879213,0.22275577991069756,-0.1326949636784897,-1.2974371417361468,-1.6047952368198932
0.3571064356826192,-0.503125371866502,1.3903251380131965,1.2156717047248184,-1.4660086242688244,-2.1315735164879044,-0.9777708281415972,0.658624750003424,-0.7107557661720668,0.2657611849860487,-0.2791695517266969,-1.0820662268143932,0.1039242600734196,-0.10586356026246832,1.3643949176615926,0.45157068085428453,0.2258271756157689
-0.57257362594568,-1.811421649140365,1.3652162374614536,0.3452717562138987,-0.7135394739928024,-0.34985702211461184,0.18294881033217744,0.4045384158027608,2.67707869680893,-1.1214584261547675,-0.6222848714603922,-0.17827871751616123,-0.8144154954992933,-0.8001666877097479,-0.20249191312181522,0.4093479250300249,-0.6544098117758659
0.5847441246249545,1.6923650753075856,1.253481173864289,0.8631797391774853,-0.9184840105181291,-1.8900336027329192,-0.8603695355166472,-0.00036217707067682636,1.3168002753726933,-0.3482606004366648,-0.24008834878629964,0.8003859365711994,0.5605281010242805,0.401949807795681,-0.4208044104604015,0.24816501989615564,-0.0027926881896591
1.5861930399898811,1.3895513358028644,0.3268290144584917,-2.102616609165758,0.9849564418073373,0.282772852632497,0.6827114136976612,1.2803933288838845,0.9725714324855604,-0.2798042236270247,0.31812486450395655,0.39591816524953327,2.585491668604732,0.21087719820646506,0.013137306513106505,1.2212620475880327,0.7153593597465796
-0.07120586126555702,-1.327206655371655,0.8355090325853762,-1.5523428609778374,-1.9376545061701886,-0.5054732169797654,-0.7129924834379593,-0.3912778572106713,1.8738274846303449,-0.4835802739931198,-1.2888676418296015,-1.258576349904274,-0.8789035012445371,-0.6146709590866265,1.1063214593613506,-0.09041819209036314,0.2763448560484742
1.2346872567506595,-1.109203361753882,-1.2189722330754684,0.7495972312865689,0.08398614596289822,0.3561985782906606,0.9873004578649993,-0.44245175756500404,0.349785187296639,0.5871395728082675,1.978741045754215,-0.23827931156827342,0.1923480150272449,0.9470024024926609,0.7478218633401131,-0.10770072399069361,0.8396824312125185
-2.1076380227744673,0.2548696370331677,0.8862705981281814,1.8697913522284884,1.1472258219066724,-1.306094529091717,1.1640765798321417,1.0902455486258158,0.6492054818936756,-0.04680460435015956,0.33299330868135235,0.8458340042102681,0.6572733646792668,-1.0915064727666905,-0.06958731593599628,-1.6409814915290226,-0.234526450422543
-0.5950908678095529,0.048029922108776664,0.8058391208714183,-0.16189738663814557,1.615891353426713,-2.6112118498286576,-1.0278308168966879,1.5002656807559265,-0.8166788664176629,-1.4900415052462814,0.5593954455163006,-0.2815206523476822,-0.3409200880586572,-0.8612056452129022,0.7060650811829898,0.03901604037836199,-0.980214693026561
1.2412406418041069,-0.851596922897005,-1.0299109236618873,0.5701311469964538,0.9582489476929502,1.8459896952339307,1.603571566898259,-0.5322591774355128,0.29965406680695533,-0.5276799778450154,-1.1648813924949157,-0.5660092715644057,-1.982261990976201,1.569682552372245,0.21996453787976258,0.9436551742947098,0.7507222223319641
0.155125007626499,0.48583263380791925,-0.37413651501588224,-0.1312105909688783,0.8833866636547001,-0.6266377786691056,0.7197128191927625,0.19032532454189807,0.6285236969500508,0.836997873076002,-0.9475463697632124,1.5341410810587415,-0.48338316857714164,0.7727822718490183,0.8783728434733084,-0.4219888862431107,1.6409670868597748
0.8756473596866058,0.9080608918608221,1.2453428044751518,0.018336541496917,1.7499722093049133,-0.338914717277748,1.1116306028436391,0.5942247460786105,0.4917015765263778,-0.39681563650459706,-0.2841219397813835,0.9346170379916825,2.221172259642276,1.5549325936923546,0.9375038800674582,-0.7576665216931686,1.3454559748466823
0.4456636383262642,-0.26280576097628816,0.27951784469263674,-0.29567416357411164,-0.8266668349509454,-1.5975159807920511,2.061566423887133,-0.6688042929740284,-1.363631931607216,0.9665922591640603,0.5437740033215461,-0.9932546902510597,-0.5058815925566229,-0.9075372096749217,-0.4476135579530872,0.1701489565952989,0.3033567932331235
-1.0026155614124679,-0.7929382355240985,-2.1254296856429726,0.33753867112482205,-1.5077043659740226,-0.27151769520058855,-0.7914642076118584,0.5585777786339555,0.8619896567083941,0.46114334505507704,0.2104371340187755,-0.2735873195053377,0.548456296142702,-0.04943590339231388,-0.9923848465901254,0.9134844117384244,-0.0073392169700965
0.039293068695959596,0.6481141067413552,-0.9656536372010077,-0.42730166250173485,-1.551094084799543,-2.895522290481578,0.6564879316611841,-0.6012171419973613,-0.8952879290422023,-0.10937489209306918,0.08733606035824544,-1.2233501771526447,-0.30657722974350377,-0.61859504061919,-0.4049190010452278,-0.25666516302122766,-1.7083879036326266
-0.8473239263051927,-0.08482956748382273,-0.343134770883039,0.9865075732214758,0.3655987320145251,-1.6170606276866946,-1.8239891000359014,0.8375639919488785,-1.340040917473344,0.6156323670939146,-0.2476084922799919,0.10747116275409603,0.49575881700141344,0.7482085780267268,0.7333295221715673,1.0823577155312063,-0.4158491635052529
-0.29587454726387724,-0.3758098907906564,0.19940078037750228,1.5392863820349623,1.1110870722821857,0.4872003350348096,-1.0645593048466804,1.180235177766393,-0.36486264370025334,-1.5690322571182658,2.439294449885289,-0.09970765386776155,1.2430867744440048,-0.9888893492957483,0.21594672372776524,-0.6258372588064168,-0.0485488416461683
0.5143609055897861,1.7882375454554114,1.2955427143798033,1.0037953320372803,-1.4897492601069668,0.3574735611697255,-0.7160861878552082,-0.16645415669601157,0.5207086340552589,-0.40524771214737054,-1.5148519999530636,0.06110762094041738,-1.6224727873034708,-2.5505729156101253,-0.024311546543980093,0.5488619120129017,-0.9382914375382324
1.220274033340334,-0.20677292411820317,0.9492679305558884,-1.1163894638938128,-1.3331909543550713,-1.434424411165,-0.495630379746737,1.1307873055310922,-1.580299442853454,1.3410237008883663,-0.8928291887527687,2.0090714937786585,0.13586978141768644,-0.6565702568227385,-1.5146425280958475,0.370966922308793,0.7649014549739408
-0.2774607912208583,1.7160511654577635,0.8156198965522958,0.9294310648406919,-1.30229376604448,-0.6396372769639515,-1.7244978811146057,2.3925478016190787,-0.7761056957578477,-0.525864925750033,-1.1949146865446962,-0.4742747787369327,1.4704044502015656,1.0659893158549614,-1.2488488688904396,-0.4554905242623413,-1.4687802305749162
0.10576403799654903,-0.516876545598397,-1.4022158892857948,-0.26247458280795216,-0.2853707960194387,1.8459164800419496,-0.8671927052992353,-0.901086400684423,-1.1614269659612118,-1.4434398347015327,-0.7030561795462906,1.1548254487098641,-1.013132223023264,0.722763254389771,0.8974735871502515,1.0911190430350532,1.222323940446372
-1.3725451680410454,-0.024421194199421965,-1.632846327736623,1.4129097044773158,1.8088017489326054,0.09650385013989345,0.4146063757844567,-0.5431516806222313,-0.830806280366602,0.028986666483410476,-0.27856938973374373,-0.15895695674134575,-1.69007183058781,0.401665631818687,-0.8309659313001622,-0.6304421898653682,-1.6338603182564195
0.3788603144563644,-0.5211464303402532,-0.461620401254,-1.0273707571399202,-0.8113617986475216,-2.141195536324689,-1.0754992103312815,-0.36154408270838956,-0.254318699824748,-0.06519349628511742,0.0756784181119803,0.9327981655669181,-1.00949620028095,-0.8051132789443118,-0.6124767629849823,-0.25495214197080185,0.1984131175963901
-1.645768110406965,-0.7457147241319406,1.1703721825492868,0.563666385451185,-1.4230663659886924,0.05082193821846711,-1.7998574334423016,-1.3535153299598572,0.785957393463306,0.0009051049395733097,0.8204952591892551,0.6190754245138078,0.24452694989846313,-1.5147321074817757,0.6266269241547341,0.32232727206865,0.5378543650599478
-1.2313971256718717,0.8670600294593258,1.1217339868374454,0.5006656899540879,-1.8202582967727925,0.5736697592001399,0.9160971327865621,-0.054931749147672085,1.4727660277572203,1.1758783722590864,-0.09726329001175202,-2.1924649840122266,1.3614772813681022,0.07985874076426364,-0.6820070001129821,1.0083016585963023,-0.3699088679913751
-0.5280094392361919,-1.2464947660771948,-0.1751626836357434,-1.7819284056734137,0.8153696243543817,-1.6737416791518593,0.16904991715182552,1.367563972244075,0.982113534038446,-1.8917029116037678,-0.06959169721780782,0.08640075910159435,-0.9495553831383842,0.21312421929397476,1.5796990275447356,-1.0173562523900854,-0.2395058826489496
0.31852868936071127,-0.4113634354799666,-2.326617142082844,-2.606898653198363,-0.19469385151231122,-2.0892377700534297,-0.5315221066686553,-0.6295533974263633,0.7387123207526043,0.006489016051273491,-0.7442032001623888,-0.11800093142534736,0.4590699717179062,0.4010903479685849,0.9470026904331424,-1.4140618320960485,-1.2327417064740993
0.1108298837496107,-1.1939516356566433,-0.31262735900125,0.1666362494840135,-1.2245054676356462,1.6412674228062931,1.0329533283488155,-1.9552708843076811,-0.5562500115308557,0.3069384838026059,0.5042322711724989,1.950214568719843,0.0629476766058594,-0.5654613728503045,0.07562462956928763,-0.3803132158471236,1.5941516161213876
-1.3115514220713795,-1.269892420933699,-0.6778996256523189,-0.4136572414832797,0.7442672170391464,-0.3053873153241034,-1.574611232432408,-1.7053538610745875,0.9423821680985274,-0.7435386498687173,1.2135466588155288,0.20754004042855048,-0.9929316939418507,0.6350562085845212,0.027253445878987478,1.8210200756787684,-0.2847024539757746
0.70893974115617,0.9495427736160341,0.40786368790803784,-0.7625418388486535,0.7053230241368247,-0.32545243403193547,0.3771157816377267,0.4191845618297676,0.2550381485609775,0.25733714156629933,0.8078305956646804,0.47390283279265766,0.7005462372093165,1.7022874560131247,-0.25011803454773796,2.3063459827764814,0.5205803511279044
0.002882576932911508,0.013825188094586579,0.15874813722614847,-2.4272705614458223,-0.3336273343747575,-1.906057271530641,-0.6009484701381271,-0.80461668546582,-0.6520485250934839,0.5545117676394925,1.1916882971055796,-0.7979899630452458,-0.9387668145042483,1.9661749410172666,0.6092344519348515,1.1538299712834155,0.1290386933541254
-1.3506866959611814,1.2447841751672573,1.0302868874791442,0.0813365967699945,-0.02833072652533138,0.3325757916559061,-2.0048748742955977,-0.7711041603877302,0.7884251234336305,-0.5178589051589778,0.8145197582369171,-0.15377232402469948,0.21434880079708266,-1.0448598126254058,-0.4111763450441521,0.5942448201574498,0.1722275651223188
-0.37187815731376367,0.9171533122628632,1.5312729290864342,0.9548172123629016,1.0506336494787274,-0.15038849402980045,1.142683454963785,1.4725285250170894,-1.0216304383621524,-0.2258877731883736,1.0801637256443009,0.36900085101137003,-1.5939553946954699,-0.6534233314537604,-1.4519653396888375,0.15289483296410675,-2.0783665465623495
0.39996535858903615,0.9453976208682561,0.5424706953659313,0.6028008982169158,-1.1631476670534406,0.05656967225611451,0.3196813334902297,-0.18162804893707882,0.3628558704584081,0.9778689322446207,0.8487085756485484,0.5480702422087903,-1.1446245867511606,1.7783419339478286,-0.2447548338519099,-2.522830954411559,-1.787426129008593
0.8789634716918746,-0.6272241871088302,-0.5031907102083542,-1.0414336912594828,1.919729166329478,-0.5571529063265438,-1.9330448960914977,-0.8976590560403073,-0.7543700182728484,0.18733160502699986,0.1969210028537582,0.4146440316417812,-0.24971619207345258,0.16505065323871618,-1.8588752023633606,-0.7820733309228011,0.0563803410043296
-1.1751217200264261,0.8154862390457712,-0.5935029840065653,-1.0560485380859306,-0.01042125514728926,0.40589492412261113,-0.954049539388714,1.2614336960836074,-0.21083696264294802,0.9898209259645644,-1.7761772379283662,1.1728607669270394,0.7934068853431605,-0.3662599376241146,-1.3462093905636414,1.139923720607792,-0.6114091499048926
0.7027663771941358,-1.9157608496656313,-0.0981623711820064,-0.8248801291900983,0.9772191166576906,-0.44579033600391016,-0.04679754217678911,0.9059219476716514,0.13480940660784263,-0.8416583268135648,-1.686703856795518,-0.348286158375468,1.2919737335262296,0.8429200510407951,-0.8753858299317006,1.8033785912592624,0.8780867441300263
0.13272466244539016,-1.9940725765123422,-1.9095291939652899,-0.09188163640269936,0.602945258973946,-0.0882978102477639,-0.09016125694144121,-0.04105559371605331,-0.2815705798363509,-1.2595969352006293,-1.106824030696708,0.0643464604571384,-1.2418772969062422,-0.536693620096028,-0.6746275340177461,-1.5298737538812608,0.088177427480963
-1.3858845057209999,-0.3018096779196712,-0.6410753584377773,-0.1259116181071048,-1.0391171999492819,1.2726879653039067,-0.9297927135714722,2.4353940732573585,-0.5843487183402485,-0.15463574931678037,-0.3261506800661646,-0.07408059670079009,-0.6378659605390496,-0.6312452218476962,-2.0763177085045292,-0.6057804422150409,0.6802261421752995
-0.5217055186073791,-0.5867942150204116,-1.0337678384758031,0.6372729967772012,-1.2773966483399595,1.441980228248741,0.05386931132115889,-2.7775017880014135,-1.1476942575961566,1.265778194892703,-0.22279112109322263,0.5048759828530245,0.9842296779100563,-0.13891499800382318,-1.3244616234051965,0.24932822998597454,0.073637322949101
-1.0097389095401226,0.5314243868400441,1.1779373665165291,-1.483239564674697,1.0390275918026246,0.6974997626146658,-0.3478888833161593,2.346826856726964,-1.5310942360375632,0.7389276593977093,-0.7418715247831308,0.45735235333813723,0.3624225813459856,0.5695825083435565,-0.8080141541426457,-0.2875161391672464,-0.524089758470652
0.6230941918590973,1.0220765076589766,0.5527965829950382,0.0884647991400197,0.6791737974395783,-0.509336962279988,1.257741845236317,0.2798500168748868,0.44348895227245005,-0.563218212640424,1.1354403123050092,-1.555783077731668,-0.14371725308078193,-0.6517385124365799,0.8396779415681196,0.4756311222591808,-1.4277881521998432
3.0131541622361904,-1.206718384546567,-0.1451298288532204,-0.7826780981561086,0.40073711782921984,-1.1149153290213936,-1.805006251205664,1.299884250267915,-0.16602644674415343,-0.25760690938298964,-0.1605710010339412,-0.9942885437716791,0.26234067705870545,-0.40460938140430075,0.40329443859834135,-1.0956947336310103,0.8565641032518023
-0.019569895382425418,0.10423148450197808,1.3605242876916661,-2.004724718156444,-1.091860801587474,-1.9297363805558823,-0.5921451000442607,-1.220401529493686,-0.17040530762322426,0.110293163629361,-0.6237936577097956,-0.2950655978085623,-2.0117754307567144,-1.7486653208135265,0.17984592471343674,-0.43454730509233047,-0.7777529682605551
-0.6796933345342487,3.222185771034426,1.8020174020288238,1.0687377268010851,0.20818923629546024,-0.9562743529509874,-0.8673663589424468,-0.3711419046517223,-0.4506617835873936,0.8297894988126107,0.2739206562466592,-0.4659516146751915,1.2654818120887568,-0.8068506257529855,0.11050753421248775,-0.589247546763341,-1.0056129966169554
-0.5368652416325537,-0.4574633619331165,0.5514856220070163,-0.332051319616614,2.2393271542533153,0.10611373416414009,1.0435668496549388,1.5336545388971101,0.29610315284572614,-0.8530627706684933,-1.747554836601487,-0.40514931868813436,-0.6779940119134936,0.8913649425697099,0.06497335240411195,0.6181291959737096,-0.825368237801461
0.6619429262799628,0.11759952107549644,0.9548700350606011,0.03943255457935405,0.7335708556437437,0.6544627776784717,0.13093201709994165,-0.3565860866268796,-0.342573513956957,1.6345598589366745,1.5700494719361766,1.2892298825242943,-0.3518125797197817,-0.8857220944580322,0.05134054714487067,-1.3918796016676371,-0.2307331996559604
0.8323737640755894,-0.058633153008069316,1.7579593816344579,-0.16947888305213785,1.360105144230833,1.3798686449242932,-0.36833299215109144,-0.7374914970881006,0.012171249343410037,0.9141912613904817,0.44903499869520636,-1.72188708933426,0.5582452974631189,-1.8994051259882752,1.184368694018005,-0.8208552774250641,0.2815230964242888
-0.6151485913401,0.06509625111694302,-2.4910357902618827,0.7688155042054082,1.4876554540171918,0.12102148187948716,-0.33297540601579567,0.7078331174786232,-0.5924776501741217,0.08371544534951189,0.7790728472340178,0.29927205041791344,-0.5946299000115705,0.11476167855230138,-0.27697584119139945,0.3159232736406697,0.6536441351935387
0.5525465928422397,-1.5862146434175135,-0.1315059692288092,-0.6857833842363453,0.3926983324795908,0.7892458356901321,0.5268735741881706,-0.03291004317457202,-0.7349084616019845,1.0321046756082557,-0.019229178793664793,0.056728544396592,1.0412011294659314,0.4395903566690016,0.22396790220154497,-1.815348172274936,1.52145622276007
0.8488626826336524,-0.428090651284573,-0.17647538880487382,2.149159362801336,-0.684125838765979,0.3525349595231268,-0.249001462244625,-0.7486935335120638,0.7384882712962437,-1.1565775176123072,-0.6134293559462919,0.22918480567805974,-0.7867304217860132,-1.3171215912921928,0.8831467047591999,-0.5502089455888052,0.3096332933855952
-0.07630683820994606,-2.7833351841272385,0.8416189415926026,1.2641735134485776,-0.342935877537954,1.877385608807998,-0.15442522384250817,-0.9895125628595652,-0.16112741452091844,-0.027409421974432715,0.7133650538138923,-0.12755033136946536,-0.2459782411610028,0.7326043174010618,-0.37592851632362595,-0.05880974668820911,1.097206891691159
0.7432731249930152,0.38699842682069574,2.110058323646621,-0.585903812766232,0.9142401815811977,-0.7550683519843118,-1.4295055179430196,0.17778616002728015,-1.380033328578275,-0.7383724308531808,-0.7835646202086015,0.4766919233886855,-1.8092692528457925,-1.0464842764789375,-0.24135738858474357,-2.071056240953046,-1.2353376272027072
0.23462910265551093,-0.004613791123693141,-0.9537188374098706,0.8240161435807202,-0.4406493381016815,-1.8375399059620567,-1.4299592630023468,1.052300771009037,-0.4976934836930483,0.19074405793888724,0.07219901586757646,-0.27082054422344765,0.3069796169038676,-0.1223618675339467,1.5363103862448786,-1.0137999815899756,-0.2387224967963136
-0.4272120125243228,-0.4624789628615908,0.35421565724108167,-0.6280444663123056,0.17414818909393803,-0.9970142703546846,0.54628467730904,-0.17801344950547382,-0.29556859853300493,0.5838832232570385,0.4780934178033079,-2.1587761465289383,-0.2788035558557216,-1.8341550213399853,-0.10706004432416887,0.7533480290287876,-0.824914583487319
1.8040073346612688,-0.2185842387872724,-0.4589745612588523,0.4794369302295686,-0.849392120179213,1.0612808152586872,-0.4970936029103273,0.9411250616768226,-1.1192284656560734,-0.05701061338792617,-0.2951047316576768,-1.8679469661932682,-1.6281643412580888,-1.2436665507183429,-0.5928776874098612,-0.5650555343952735,-0.1763986242796751
1.6289451661045962,-0.856216717063808,-0.3628538312833372,-1.5738672537209253,0.12188119127906766,0.32179708451938405,-0.6356382801848597,1.2988093339422904,1.3176375856666929,1.5266325645552254,0.3907017113146345,0.1140742061415094,0.6193066457508537,0.7361388171194826,-0.05578433872522344,-0.9364541866041555,1.7692668971997343
0.1797807949027574,-0.44309442244698,-1.0855969822783,-0.5278086701555011,0.4716169507391004,-0.81335130558095,0.40730975331690433,0.6905298008973304,0.6243263575303197,0.07842742085676074,-0.2472681280411193,-0.7008755381828387,1.0182529519170618,1.2262427864905998,-1.2536354407384291,1.2344119857985503,0.3761587051807982
1.3970447162568025,1.663110206839628,-1.3004989576451245,2.3169742169756713,-0.5677339699509533,-0.3333318951085275,-0.6333653532887301,0.5261101317088607,-1.1927577355223657,-0.06783450143139783,1.8706792045296905,-0.2859945222141034,0.15536972005056887,1.3300846256948737,-0.6104228571552247,-0.004409306277444669,-0.3831892933468707
0.3095548808686673,0.24567313419084416,-0.3420451990499872,-1.3803199922960359,0.6187298367755788,-1.1007569924045055,-0.09778663783426801,0.4370374377705762,-0.8104596375460399,-0.4281855034490113,0.08445673428893846,0.008046681720681343,0.6705343454859076,2.0770258249602196,1.1319670668483175,-0.16305706090877645,0.3120158038348751
-0.05765953695595081,-0.20300440741033202,3.2715854175427728,-0.9505719430026077,-1.5146545812934378,0.5114558631272424,1.511246807429596,-0.3926422585402833,0.669506250724793,-0.8243822887291284,-0.2629190480019837,-0.6106549115781729,-0.6432271300584365,1.8759057747865253,0.015941802942118114,0.08232219842496404,-1.7224722737609035
