PC_1,PC_2,PC_3,PC_4,PC_5,PC_6,PC_7,PC_8,PC_9,PC_10,PC_11,PC_12,PC_13,PC_14,PC_15,PC_16,target
-1.0578697847000176,-0.35228996627321457,1.2475428028413462,1.8444825699933418,0.36771945239131965,-0.008156181412002203,-1.3701776766111355,0.15520525427778803,-0.16215782584307803,-1.287539660380843,-0.8688839438297498,0.5355082347686796,-1.3086001099771694,-1.2135160571316044,-1.5437638664483457,0.5667923142710567,-0.0465666702044637
-1.1362170695907734,-3.082955608106656,1.0843185485255462,0.3598181515392506,-1.1237567334571965,-0.9536000244669858,-1.5272765230280254,2.210040948574807,1.2566945490836368,-0.7656695514942107,-1.4566314655896064,-1.3095886504175542,0.7350372726435364,-0.11835327392207218,0.5703619967779823,-1.6512983521031168,1.0507416534880272
1.1719564885452942,0.8641211364248598,1.976793691768215,-0.79459666827283,-2.7169872231488523,0.21980737121681806,1.3614748305750615,0.02750878516633975,0.5034091311310974,0.8838361492477534,-0.734107435350692,0.4481147768985751,-0.12479030037134692,-0.8995801250908401,0.3347232540018092,-0.27698014706500174,-0.3258919555557664
0.06988578126018079,-0.8998590797565639,-0.6947162913514834,0.7067716481925177,0.8548851636193938,0.3620423540683549,0.8919121024586373,-1.824185249680081,0.4260376357335982,-1.3856892094715547,1.126083618537625,0.5676045114145276,0.2111692876372292,-1.5009841902429402,2.3970206144432398,1.0305060989380677,0.0373243683161829
-0.19923935465926929,-0.9766678042080242,-2.6246365775498712,-0.7208256085863004,-0.6112269539940286,0.3783588233707911,1.1937591618446912,-0.7969318947874752,0.8202210866884891,-1.2016324901810298,1.2027346091124713,-0.20386947800209804,0.13908875935824985,0.04274594689299095,-0.253225071269448,-0.3843453421931128,-0.5510678340477023
1.4732184499258294,-0.3303446504053071,-0.39569527044249536,-0.09941341447943625,0.14723370717903467,0.956300155868757,-0.0538371049444567,0.3986950931370537,-1.5372326708189747,1.4432125856888414,1.1909344847301686,1.1732534574180977,-0.9439600315377393,-0.5236310800818444,0.8009135466132469,0.8908033416606326,1.3004500930753575
1.2666182125985643,-2.353862853683732,0.6190381815342281,-0.5216875008231651,-0.4024262660273558,-1.7251619230782453,-0.1616713813916445,-0.8275398432995293,0.5517491162421769,1.7344643949576781,-1.2654482678689456,0.4021078532970458,-0.41456622752324856,0.6433899387686323,-0.6114270933813785,-0.1721024139285124,0.8103212397762323
0.009412689737728946,0.027241462998631397,0.6987829987354787,-1.2695674372712615,2.462353913202044,-0.7913488027352416,1.4025456711436535,-0.29314976502912726,0.1570047338570524,-0.6506581244789943,1.0304244453444766,1.2180174353394904,-0.4225682382288918,-0.13966102698568178,0.20175870877421942,-2.215607616930873,-0.3898993497270027
-1.2724625565224823,0.6456940547220158,-0.6840832823899403,-1.2580228823991537,-0.798129978184095,0.5869391911541103,-1.6201597052751096,0.688166051513358,-0.9736938627774174,0.7762338195594422,0.16994234982176218,0.17631062764321967,-0.6577016730654525,0.37958329655752576,-0.280337381085682,2.0914418745124723,0.6370310276948388
0.21701874180614078,-0.3345951192030774,-0.6271155281622038,-0.5156475023405204,1.314315141566519,0.12921994911271054,-0.7503875777521299,-0.47816540626302717,1.6785199681223606,1.1509104361070015,0.8966499975632326,-0.5712759796538492,-1.8857095569937825,0.11982574365046912,-0.03609543089819247,1.0766374583047242,-0.2137869221451377
-1.3662848765462055,0.8157312915267958,1.482932389586179,-0.8352615844047386,-0.8438484780641664,0.6953869980438617,-0.12250167428599323,0.21961236178628532,-0.3023520224227545,0.37916549931857524,0.4877856013318327,-0.8630959194378904,1.4651011445221978,-0.4646792268895191,0.6306809888356021,1.1383273185058231,-0.8430407743922261
0.2066567498554911,1.1923272762339918,-0.06216185684919384,0.6432081218438687,0.18031080390594925,-2.0114414996609185,0.2932187523041171,-1.4638285750650486,-0.6555429939907231,-1.4733768014462616,1.0498539571878533,0.42784677892942985,0.7069824296286757,0.6398116963623978,1.4337411451747164,-0.21402445765312564,-1.589286219956955
0.37246266099408504,2.005469653147189,0.16141985999819441,-0.5654798173753013,0.1641149163676191,-0.0975392452172082,0.4746678100533884,-0.11998847380772089,1.379789362801829,0.21756863789782613,2.1118910288555575,-1.4905453595696312,-0.5067674299166894,0.5841427703003168,-2.036674257914925,-0.34869461714155553,-1.2164819890256344
-1.6433124674593225,-1.143412262416156,1.761782710940572,0.16001725306405645,0.6740312935695792,0.7358461312552342,-0.789722626247903,-1.8249143200469327,-0.3358553546087652,0.9649598830347106,-0.17816440484289467,1.1143410050433795,-0.7395683864432507,-0.21450028825318831,-0.6475418631157331,-0.10564139881026897,-0.643981540746438
0.6431539878614236,0.7152703071036532,-0.4717369960301025,-0.4162949551835958,-1.236537950055742,0.4405332419468895,1.6838294364424793,-1.24248361365418,-2.300521565070464,0.5359203544257904,0.4885222773183339,0.3896901209035846,0.1021247493592469,-1.23045456220973,0.29898509978509596,0.9213309460888847,0.922366332445846
-0.0794972537541796,1.1585032969084765,1.6235522837028673,-1.3733610465703017,0.06880723560590235,-0.5080685706531681,0.38459317485655825,1.2811725692849263,0.8223400634320198,0.9979875764242877,-1.5623452009001746,0.04191188433904519,0.06944991985510925,2.1477186440839064,-2.1241207423085253,-0.9981387513371177,0.1818168091438911
1.2216886240680858,1.3896115365321384,-0.14613265119904298,0.9818705084243634,1.3847894647406251,-0.4851234115226219,0.5626883633835139,-0.06854205505922259,0.226698509140999,0.6325687324133898,-1.077827469790788,0.7840242427833753,-0.5465945277828075,-0.9125919310300931,1.5933238304367316,1.4639938537579062,1.6751857687385503
2.063621488744449,-1.2337198462835928,0.269011920862837,-0.1616782171269475,-1.0218763460331404,0.31621283761793395,-0.00607320210593071,-0.25567546854681156,-0.06599828819173985,-0.9154312338522625,-1.0359289681243433,-0.18687018141932535,-1.0933447181752993,-0.49596156021778565,-2.0304199824498124,1.1897852638114927,-0.5675004354516617
-0.45476078757226396,-0.5281696022109886,-3.2604052774560848,0.4873972835765152,-0.9905651953050404,-0.03062052208535635,0.2352603560831127,0.3258089451234563,0.47331992992906924,1.1791686682947868,0.3717197660336369,-0.7829040920293265,0.2613140361815158,0.3710477107395683,-0.04010030580264789,0.25004843532593823,-1.7123898029611688
1.0550296237446337,1.5197758221959516,-0.34440387708178055,-1.3821872791953391,0.18301576282912066,-0.047185605608939786,0.7694135480926693,0.715390580033786,1.283318436004387,1.361381630465224,0.9306057715639118,0.3316324136788529,-0.0830609039201993,-0.303942598759881,2.423379222588361,-0.40019222495103096,0.3656698706327395
0.47830788845520505,0.9164169956013309,-0.43301899238390357,0.333537208925114,-1.0267709891690506,1.8161405110437367,1.0814908673446864,-0.13684875264813712,0.9400249505022479,0.5283483471565392,-0.8482357817397267,-1.108087335523615,-0.6017121403057532,0.7278720572541484,0.6173711048199548,0.47143018314450646,-0.2675736006216655
-1.3655511999317829,-0.3456605524590172,0.7745831149083778,4.036702137096843,0.4467266155654477,1.5942791898310256,0.9033227424822396,1.233678976144855,-0.15804844447184532,0.8342804734048926,-0.5944058267381397,-0.9695105072437229,-0.4744734576491648,-0.7440128248185939,0.42079211491507834,0.22702926730435985,1.3989936977042208
-0.7120408160744801,-2.1849008947167285,1.4329988850144155,1.0204510173035155,0.7947709899073766,1.050528971806609,-0.3979021655638767,1.8696625672987677,0.40748913527174263,-0.4400548389436219,1.8494384255052918,-1.0409475377261408,-0.4537126316299917,-0.11286864553073454,-0.10541845994625212,0.24858486651106174,-0.089165815219018
0.9615179202505534,-1.919516982195174,0.6284253863871241,-0.9433864675746685,1.5803458087322129,-0.5935563931140563,0.342226296999503,0.6035660520609136,0.20429697175569345,-2.1900632800376334,0.17283573457895257,1.9553720475898566,-0.2802515143336697,-0.056403174941927425,-1.5446214602858594,-0.30533913760657827,1.1583650250743058
2.2983558495534666,0.627266052006191,0.07895706160626055,0.7674087386678184,1.6063530700878896,1.311968946821812,0.7254365508692286,-0.08599281874085656,0.6944685749143544,0.8671117170102218,1.499995365650544,-0.0877386744716739,-0.33905927486768106,-0.8540191480876771,0.32168761026604065,1.4827246555936968,1.0914766435503198
-0.9692776537447167,0.8907241878178126,-0.9371390117316549,0.14643241978483493,-1.2440681549018058,0.09476788732988038,0.6128289899914257,-1.3305729585770958,-1.43098698055094,0.9712779508834314,0.8197630802065196,-1.910315598263203,1.0350211185310345,2.0864742420273883,-1.7288278187471338,-0.8994151816970911,-2.316594952583786
-0.39053664502121044,0.5287180577018448,1.282412084241888,0.351382436722306,0.813532881932811,1.483166617764972,1.2470244879968069,-1.1776953562476795,0.36473301131085073,1.368685308655598,-1.5494664898719008,0.8653630594759006,-0.7943737903779029,0.042990196175158944,-0.520610376006732,-1.524997696906758,-0.5406801942959237
0.6271327360512936,0.17113797871947076,0.2625700413476795,-2.524766121544652,-1.5812552683989294,0.9827079516764954,-0.3927546390375398,0.3507760878320372,0.4105330370638615,0.9598011680984151,-0.21300744894730447,0.6980483880072733,-1.0562860036083406,-0.1500699397293101,-0.818928959980197,0.24136859520118925,0.2162365633985959
1.6421430498924574,-2.041933820987654,0.07783689789294562,1.7725703743293182,-0.9475288331619297,0.09199426897183395,-1.5373500399313145,-0.09503744564043413,0.7698195507276268,0.4899162280245192,-0.16313543935657382,-0.34035742749617426,2.201373869551427,-1.432098756686603,-1.5548629472783364,0.4184086037042271,1.7564778087953263
1.0558602645596162,-0.39747323884080354,-1.1754594641683962,1.3912009813560353,0.3935254165942844,-0.5706750355423972,0.9881809709707648,-0.14765203750765493,-1.2774050073197825,1.3014336539671683,1.4550702217333757,0.3742595308833279,1.5494957086093346,0.2954332140437122,-1.0873126796833747,-0.34438978453197644,-0.2338989935216889
-2.8086791468485295,2.036526055999691,-0.8093314766304504,-1.1236733887205148,0.07235878225402154,0.4138482652715361,0.02673179555316824,0.15731262097182727,1.3561235241033678,-0.12265880091693881,-0.012840503053028434,-0.29490530137710064,2.404666628998361,-0.9893297242681578,-1.2012598736652877,0.23931590855284482,0.0429594417649533
-1.1118702573986716,0.3454675816812218,-0.4994871428776213,-2.3344870926012278,0.8591723182530716,-1.3145469936170409,1.2004746061794476,2.482139081809378,0.32891707697642486,-0.2899664907874732,-0.7102494562582908,-0.39564464665658494,0.7121661192167031,-1.5023605767531079,-0.07744236300517134,-1.1578048057896537,-0.7336730620179156
0.13832163791992133,-0.724679828475287,1.8680643549997864,0.47520574977774843,-1.7697100719010859,1.2814612444934081,2.774344642535569,0.9194470438565072,0.5584794828002719,-0.627020617768837,-0.47736562265186566,0.8953682886610758,-0.09456548019077117,0.8012897124806864,0.7024315976061863,-0.3737982266446048,-0.0032256871559401
-1.3120751026934205,-1.1180512256193098,0.9759221719570214,-0.08442245614696899,-2.044282060602458,0.30286400743799,-0.9855740747922431,-0.685928386844598,1.5830336076296003,-0.5300625028006322,-0.5548533529613006,-0.4543350607348627,0.4164106830877097,-0.9844413551464543,-0.46476959078487357,-1.1196779552369251,0.9850301140530092
-1.2238115798935747,0.48831575726751364,-0.5326559395302701,-0.6283180404092015,1.045252576221913,-0.07208763060996637,-0.05403461732416893,-0.893883521924025,0.30554126221282757,0.7973844566347386,-1.6814502259182083,-0.9277612062622789,1.4587431503796975,-0.45933473177101486,1.6375213105990343,-0.5812573813531755,0.536324212940452
-0.5069624887153794,0.9383467600712783,-1.4352776662306428,-0.07912598325727539,0.35642170452998595,-0.141847803690095,0.17656231601836161,-0.0991323470911247,-1.4522807871380725,-1.3993568640474139,-1.7682300233178263,-0.7167022572116437,-0.5750219069769008,0.18123575616043433,-0.1968973195236583,1.8417155648390264,-1.2222242302513129
0.35082759226242827,0.7766411996913399,-0.9213042568671689,0.40779675900756907,-1.4418369371317101,0.01819545230471098,-0.5610632088434554,-1.0978251378811392,-1.0288732886276089,1.7786994204307933,0.796231149589268,1.4518731385609451,-1.7064064550341211,-0.7458533646740653,-0.5785837710475514,-0.7513936112550492,-0.6202141868888749
-0.7625679951229444,-1.092507895840125,-1.104899674171382,-1.5498554926273673,0.4254684786624509,-0.18854361935416258,-1.4770994272489868,1.4131230227488636,0.13162595605885868,-1.2260892579103004,0.6142739941819935,1.9412635688182842,1.3020982370939298,1.0345463528295742,0.7236368705214201,-0.3120009543536777,1.1586514153006535
0.8786140352051574,0.2196421715103755,0.45875585248231404,-0.8565812788062228,-0.39949630498461847,0.15603655896585608,-0.4261183248854161,-0.0812985114926082,-1.801956683404122,-2.1535456433286706,0.8206386681676896,-0.16023934910885104,0.4659913201686561,-0.694644526315345,0.7717862176542672,0.07036394352334034,-1.7582938997150916
-0.19658247274759344,0.2553521389618478,-1.1176145082473372,0.4229553080702956,0.9426955354507265,-1.1301919374005052,-0.006762418585378851,0.27837098474991445,-0.5656333586136267,1.2744687215166521,1.189035663301909,0.04295459825613468,0.5446174481692718,-0.5862080623090513,0.4223607320760368,-0.8106220052518713,-0.439880345818625
0.17210302797099286,1.6521165625685523,0.7301101893301082,0.9925232984271773,0.395159958020845,-0.1565784646635129,-0.4359042256055961,-1.6003948947068378,-1.4175492003589818,0.5000470214730744,-0.52038738411029,0.16880976876718054,0.7412841068618375,-1.334833983362194,-0.5880863808303759,-0.3724061185468849,0.2444698787735137
-0.3863614731481623,0.32609615457111807,-1.1460294268671931,-0.32436912620178615,1.7907952395557258,-0.009004532886453104,-0.19800623878695503,-1.9139235413521376,0.7586228051318814,0.6756565662954254,-1.2876020463263962,0.15240639486917584,0.7058817940366376,2.0480109271352753,-0.5906382438948609,-0.6016252886296548,1.1524818350906365
1.6893336343552725,-1.9643287651195653,0.9483572290968021,1.0109712512619171,0.18437406964989095,-0.6561197790473065,1.685210717642526,-0.6745793995072686,-0.1807633712871315,0.6953086642203958,-1.3375186069304732,-0.3769088559881024,-0.5535840615403435,1.7050401010801244,-0.3995336352421019,1.7447684722948222,1.4195193437636462
-1.8237759035899042,1.7808690550888178,-0.7033012232651935,0.6378272372269485,1.796153618868239,-0.4404481269897984,-0.834383400574053,1.6075452507992798,0.5268535826017196,-0.7187208525991822,0.3919743049244635,1.1167624205327271,-0.002758223908677284,1.0272602197647742,0.11849504766682899,-0.32769968859884646,0.5182574053266369
2.1418137714971155,-0.8413067982356435,-2.0005070826509797,0.8362982965189226,-0.71277986640742,0.26420710719305623,-1.910657426648684,-0.9021682522951969,-0.5629536543857835,1.2217024800200633,0.3874188416976017,-0.7226814441912657,1.5157822332026065,0.7504108565210514,0.9089237598781772,1.4855686112044197,1.1243158817850585
1.242783537955673,0.23062433006654076,-0.5748237302500444,-0.29745036818508264,-0.7697569121707898,-0.5270795342275388,0.34615632760548226,-0.8064987960924446,0.37410802817183847,1.6682807252402574,0.528462224119762,0.6704204407127105,0.3334669672164567,-0.5092301886957374,0.8448177134478766,0.17710786579189558,0.4450989764858016
0.3686334671001459,0.8000534673454454,0.31104189176298785,0.15465720537906524,0.9240542950904742,0.8550187855870413,-0.07811347513525843,0.2065901412885097,-2.4081105408727153,-0.05721482480969675,-0.18154993797633115,-0.5648379703830313,0.3919481286532872,-0.7345134748003732,-0.4103872687597315,-0.9370668623477295,0.0305730588631544
1.8433775814365667,-1.5183422788851317,0.5487252866485675,-1.1844272623747372,0.21255025243506037,0.5669781136611849,0.6071617027822861,1.1704204682419184,-1.6644583475844528,-1.7844403925761303,-0.3869199481465841,0.15681930011815448,0.13539783450551277,-0.138838967994646,0.43356950481131107,-1.2958228974891302,0.3684732396712569
1.4385682065145509,-0.4432162349968365,1.0492763752798417,-0.6375891596800268,-0.9379066224121936,1.3351007898802265,1.4484372180094767,1.9703809088562265,-1.5754022949912747,-0.8076845251983306,0.8611685702346954,-0.32456183959662904,-0.3082787869026761,1.7766240269570857,0.8534836644069017,0.02461673321483278,0.1399030361464275
0.5743775411098518,0.3355754271063082,0.07051135961249959,1.6669130937950438,0.5111933458494573,1.043215699672512,-0.7759705543931058,-0.6139174156022833,2.04229700013414,-0.950120455112063,-1.8040969997314988,0.6562979557840984,0.5727075415643454,0.15179666695936078,-1.313318841610358,0.48317943379993583,0.2563122631205152
0.19365095040352087,-0.0020051147718826226,-0.5024653706437859,0.6340063313061504,-0.33706771212417,-3.0013442467408797,-0.44424020688677657,0.22936547345561953,1.1734326244383744,-0.34805514021069717,1.4558454400730358,1.376646686610227,-0.2344346884636685,0.8370532325181878,1.5468686502267885,1.6191924417686998,1.4095632006303074
-2.2972154959558053,-1.5126970764800167,0.9611230552295088,1.0591007243536623,-2.4918359913132897,-0.7229976902962715,-1.2809663524593768,1.715473689261522,-1.06490751423436,-0.6481138962508747,-0.949433808146134,0.3772593205668047,-0.6506453444565471,0.5450676396656392,0.9308277202628886,0.10745394380814338,0.2697974342294336
-0.31828903512122547,-0.8439259953991377,0.32935183435497384,0.2545605340666323,-0.4927632096654541,-0.5719317101972863,-0.022362568532548647,0.7530254460791409,0.5877958665902759,1.8430500346892178,0.7713353796684482,0.823126485262906,0.8671305687423302,0.8481260232967268,-0.256437215837228,-0.6064521758830194,0.65458470286661
0.5400927279368514,0.7151873297657014,-1.0748190000966666,0.4460291497201863,0.3466478493533069,0.0292864295756824,0.07215775748346114,0.2224898409080876,0.858155459166894,1.237766466960245,-0.1575487565634672,-0.543011026394739,-0.5929895787833463,0.879804871291045,1.670668574759723,-1.3024356600059528,0.8747398994559208
-0.003989112530834337,1.138033501446879,-0.3228337551400759,-1.465513178945989,-2.9175698126492735,0.3602355970478653,0.5273722338822165,1.2576910836831783,-1.1386904048007858,1.5647283113468013,-1.4000994414377441,-1.1297276061114043,1.4164991556631725,-0.23213342615541507,0.9094814932725142,-1.2748060210927106,0.6511581345882813
-0.7482072366174414,0.033080680691302614,1.2718413636279018,-0.3066296564406151,-1.1433466703883624,2.030307217453186,-0.35036794702488616,-0.9211158808459167,-0.11120895944563747,0.4516442508517193,-0.40643190022729025,1.881449110339367,0.7971898219487141,-0.5299627225541828,1.8494060014078808,-0.967015392456935,0.7074743178463975
2.0635690723744986,1.7116686421920113,0.8121513780554241,-0.8633450781993933,0.977935656956052,-1.4621339012783163,0.7801179376595863,-1.58959318426929,0.38971318439277153,0.030158759132493128,0.3003138344365862,-2.42231163420766,0.2535623428308954,-1.0488818257670427,1.2787892947715174,-0.14344874748097108,-1.6791951683734216
-0.17678282549806262,-1.4366384721788412,-0.3085359946479174,-0.6814660006237506,-1.0088535763396753,1.0061183261193203,0.02632985848411046,-1.064368180570787,-2.312111662903699,-1.2054439713205745,-2.0165596364590037,-0.3518802364547764,0.2617027329020504,0.9761315987492747,-0.3665452416017085,-1.140114346502556,-0.841872270618263
0.1129135871147716,-1.3128069051430087,0.9798168096169501,-2.191923334544264,0.9512633064841692,-0.27969890171462597,0.2487871637269866,-0.2526842122707748,2.384230242396279,-0.15592916943003785,-0.6946289554075995,2.233550356998906,-1.3536292962233272,-0.8493041895400224,-0.11714455036043316,0.6570481417428018,1.0537567833443098
0.6245678066570772,0.14187722236454584,-0.23425703344035478,0.7547755831179799,0.05820982070095904,-0.6247633089183144,-1.2603389174744304,-0.20600531734750677,0.15403278356530667,0.9878645831493419,0.9875673197775457,0.07692351066792705,-1.1236665939189605,1.1291172696465672,0.1300245993569136,0.7278903806317133,0.5953160595188258
0.9583010606165802,-0.8220725117708259,0.5810238798475221,-0.6950083186060348,1.4448086557399196,-0.7010501141248934,-0.029091671970209666,3.224097149220795,-0.17379486169778716,0.0627685861105162,-0.14359592614218802,-0.0028080620571538546,-0.0801584735001172,-0.5894430807735025,-1.0955533158073956,1.219498940245937,-0.3370988533488474
0.30745760415015094,1.1274818456290094,-0.6721120923437435,0.5582335397380459,-0.6693318792845511,-0.31904162576219613,-0.7283944107697303,0.9561046354930146,-2.0445201053747293,-0.0971478413216273,1.7037430352775869,-1.4971028079831137,-1.7133341543414577,1.417321267581807,-0.21444918125940862,-1.279329818832876,-1.1905519956986197
0.7577918275712927,-0.2534867738781641,-1.4587390525576027,0.8877616198762971,0.32340459141760025,-0.25098388063550314,-0.07458678790000932,0.2487777698904714,1.2195408058913393,1.4366928639574963,0.2629314207100428,0.9388700396986254,-1.3167562003860895,0.22359641710560801,0.7920767725710489,1.2145474218246135,1.667177711617099
-0.6001222375666261,1.3768566905465123,-1.3182591902301615,1.8701403092714841,-0.35478340621254706,-0.9370499876341534,-0.7482738016618872,0.918283823292095,2.4130382812350906,-1.264573605816726,-0.07981179490390897,0.6010959319419585,0.21765235946083386,0.5478114473946625,-0.23175990076817318,1.3799117241024477,1.318736583323172
1.8266265668568977,-0.7552093984838852,0.1385197859858627,-0.46245068996249394,-0.1109900580982309,1.4258078327213068,-0.8393450612534555,0.15712695470398305,1.393333158653239,0.2697385045954832,-0.37232349670810777,0.20339344162462017,1.14324926794733,-0.38427742507235113,-1.0907564756176304,-0.4880122268219486,0.872266566397234
0.3759947431890049,-1.5232482525961555,-1.9666241039875916,-0.02901520835287521,0.04928000247944611,0.13587511203276328,1.0163763445938894,-0.2126288389157367,-0.9882288435780736,0.404190142654403,-1.3086149470583484,-0.5108039707691995,-1.6439155900008524,1.8560275087620948,0.5298771601442304,-0.25074519018429325,1.0064781116771486
-0.23743425258228704,1.2941603413528837,1.9486855817226256,-0.514774848249009,-0.504443341556645,0.7771271608420622,-0.7463180700507405,-0.07163257739877489,-0.6065900538901343,1.0809694175810864,0.544057796195554,0.04782385439266329,0.7148076636581223,1.0225355546969694,-0.976212869207528,1.5206077141002767,-0.6162509280028567
-0.7173234036107639,-1.368380732014929,0.5570702812981893,1.8486185008523461,1.00216786814766,-0.5600396468958128,-0.9156376191275876,-1.3760996609241203,-0.6834819463545667,0.5850371452790356,1.3962461945894957,0.1640541809973145,0.4272400340956196,0.39168541283758823,-1.1912662944088486,-0.4845853044611787,0.2597389196777512
0.6183751396388165,0.5308588525718246,0.7764640249823153,-0.38986259374870164,-1.389493687506116,1.7690691188437853,1.2713635688147409,1.4599806856813802,-1.2272606648444246,-2.0672408071938584,-0.6863891008522808,-0.062210640960276765,1.5689769181176898,-1.703993400204105,-0.1988341433668739,-0.24735294502344501,0.5491097783039645
-0.8574235092250143,-0.657206709137295,-0.7117475098715581,0.2997842307025182,1.0614257689919775,-1.5592058391977903,2.4572175824398164,1.6804717693957234,-2.428153475120376,-1.1230275584732328,-0.25392754023314323,-0.4014055967536663,-1.0507732401597198,-1.4097456113754687,-0.5887549531411762,0.4164057142986364,-0.8071815086362131
-0.4990093573795672,-0.2044892142584502,0.4734383650274575,0.10532869852116489,0.6145625542879308,0.1218113520556881,0.07323637131497009,-0.385729184309648,-0.2825218296839362,-0.01919803417038736,0.3016726880058108,-0.986570095920196,0.3633955159406407,-0.7811732114353522,1.9133344242609331,0.7331148983727066,0.3995348045072146
1.1375783863473505,0.29148511637039126,0.48279514906211435,-0.25134224213402745,0.8565033145820101,-0.044128830759926324,-0.8372988471274773,-0.29722640584820487,-1.8488210195911021,-0.45858006009582475,1.667813343415744,0.35980304890113635,0.2629693123003216,-0.09634471456756695,0.36490859831935796,0.00032343243256843687,-1.811415726635544
1.6298944022272668,1.4177626818187585,-0.5706937941628729,0.19505010084891067,-0.7807441284028203,-0.6095110938542072,-1.2777942539900238,0.43354832552605493,0.2487159352538349,0.9897848950713096,1.211036451431489,0.9129625500899508,-0.3447108478043483,-0.631079563443919,1.4331438197021524,1.6304731246520776,2.248705462939154
2.4430152186492524,0.7032348297641249,-1.8600319903635492,-0.009024566594763861,0.31430148222257526,-0.3932145819946421,0.6254175686482016,0.9373879374430374,-0.20939087313654267,0.793501573723514,0.7596512879713717,-0.9247610651410438,-1.1143155706252201,-1.1005148881087832,0.038446388956129784,-0.21230540805013584,-0.7880606421318604
-2.137832509759951,-0.4793443064566999,-1.1865903360065406,0.36186187174452955,0.35060135697435413,1.3030027880072612,-0.5555237789211539,0.041465056848483076,0.9064874108844543,3.044621451126147,1.6140574554812466,-0.28661809233261953,0.044092430344637536,-0.17798220058218897,0.6560012669598967,0.596749884685795,1.26876281121985
1.2421571933926687,-0.028316574489762984,-1.1122389717330297,-0.30624157511689126,-0.8873775452263807,2.1613724841492297,0.07346682677500231,0.6079955430125382,-1.004057770539663,1.0763069401994314,0.39114387513288235,0.6350117306859566,1.2298255583333906,0.6255633772485022,0.6582390512818059,-0.5756847273777135,1.3875505676283644
1.0060358154684093,1.105362575698936,0.6017123020087407,1.9662093946992785,-0.39233734407882165,0.19179066434294811,0.7734297245956665,0.26525723050512195,1.7643713814834499,0.7700593983225958,-0.7949990081033811,0.4266772937588367,1.1278598005125475,-0.8549347168444411,1.3488737150146843,0.7352378459716576,1.6099625195940217
-0.17031491668666296,0.14948136566394574,-0.9899800627470345,-0.5301613659025317,1.1565441690352705,-2.116136769997378,-1.5226838168564418,-2.1467297745811584,-1.388290807188986,-0.3064849834876629,1.7106148066349733,0.31259629978227915,1.0076630357099374,-0.7345529894918493,-0.2027066614860333,-0.28016410884119186,-1.4577992871040004
0.07171202315626311,0.205969885288012,0.41204591861628187,-1.2532885771725994,-1.5205689543440912,0.37816141056218616,0.5030128866018173,-0.5497147760411798,0.059259306664111715,-1.0716555322143402,-0.488117320241625,0.5428659458602529,-1.1055658516060656,-0.6578402502836705,0.08795337952844295,1.461481782952345,0.3211141962681124
0.2038986948812599,-2.6197397432556504,0.3793196578096193,-1.8057316205465987,0.4946924399585942,0.21032420801371848,-0.8253419530832139,1.0151246178872657,1.1150400752414324,-0.0004340970761265972,1.111399213023062,-0.45455536920260187,-0.5622481290719606,1.144183356977951,-0.5302808591328664,-0.25266520212275895,0.9199258705018648
-1.896206934265205,-1.3038390840888843,1.0252883302074847,0.04510370508374268,0.04648474354606143,1.6022247438564194,-0.37245306521872734,-0.7532466474215461,-0.46294732174111,-1.4476834089662778,0.9063915429246403,-0.35142839465260606,-0.631890633000126,1.4527908387889192,0.9024793047864423,0.6407797069441313,-0.7830465168550297
-0.7859482922781772,1.2224826154822261,0.6679897464919373,0.9335188064848162,-0.8269040256552701,0.523824091927426,-1.8792697837074728,-1.750934064549516,1.155508701288463,0.8750358424827681,-0.24617352747728233,-1.1332327145421282,1.191550931123385,-0.34744204730171635,-0.3626383751606976,-1.7756495472288152,-0.5362169390156736
-0.6248241030832756,0.20196569714264936,2.346796803712485,-0.40578425398790835,-0.3075274355722729,1.3605838395439003,-0.7355971287509194,1.5609174759178719,-1.892299129848095,-0.5273365571373465,1.6418250435726927,-0.762247428938476,1.2236658756022296,0.37937992891547184,0.5404674293810846,0.23234227718214265,-0.6239504724171885
0.5669031242713324,-0.553125322726414,-1.4098713762924782,0.26217442344034486,1.6146573533225346,0.2515007186192691,0.4789019023592832,-2.6723251063045446,-0.2996519766500587,-0.02194253453509513,0.4551597548864678,-0.02008860515327812,0.7739122656580207,-0.2583794893278104,0.2576217861273266,0.4326983214700161,-0.8991959726177958
0.5450635929721629,-0.8722389748710725,-1.6409223689532546,-0.7637184494888767,-2.008727473433349,0.10851076688541937,0.5817505995782294,0.7786993516568085,-0.11220622907636982,1.3502871161063872,-0.5103588382553875,1.5965461736269546,0.12105380015622588,0.14950369222984014,0.15896093721948418,-1.7511351720659634,-0.6687492992394277
-0.49159274254744356,2.2436009753235004,-3.13093986638116,0.11748119901251407,-1.127696153691788,0.24354204812913807,-0.6116463809560001,0.004902724549336641,1.9946627478952315,0.5028611336455371,-1.1232083535643178,1.2227458659491057,-0.15404042763875894,0.3375145131372316,-0.3581795439617242,-0.7333340489414254,-0.1907794955119697
-0.12495176533929486,1.6740297919516385,-1.546332507315833,-1.3393741665053818,0.134079944150812,0.8670602041550173,1.7757841541254797,0.6941528200946115,-0.12165854285475415,1.2987207949777464,-0.36376203589343503,-0.31001898074172446,-0.8212177605695411,-1.2359640746569958,0.8731521225900906,-0.24199100985401434,-1.0770549892431591
0.7617771759780938,2.242004628074762,0.5763312826674746,0.467393051613985,1.4745295195519688,-0.746489435290644,1.2879683772145132,-0.361932858587495,0.35550693327593647,-0.8130663260572193,0.5533516472477126,0.9224682545048577,0.0010194963432010743,-0.1489740523582871,-0.6466252323241333,1.1972502654705905,-0.6904822944737823
0.8857860677025586,-1.4665125235457404,-0.5712307423214203,0.3007467685563045,-0.4284596649205325,1.7304027048419066,1.40417781941436,-0.7055181794962999,0.09526480541997438,-1.6483243915364136,1.1379670379837759,1.8839240340339949,0.8746525706940756,1.716182160335067,-0.2082652798680278,-0.009968857520036803,1.0202289585430155
-0.09661246288524442,-0.38734176953056054,-2.995215758280092,1.1717749872557919,-0.07106143926351648,-1.1274931471654073,-0.9435202926748715,0.8301297041955583,-0.10830296462667119,-0.7007302705824813,0.5914762162765139,-0.9084193402623516,-0.019451370626165875,0.633870026836371,-0.5091829939646373,1.6926363905238646,0.7313306487308127
1.270106180319562,-1.267270772334847,-0.03173726400711439,-0.1974827845135382,-2.2509500342692177,-0.2900930983708805,-0.35385299584131485,-0.6757430918913554,-0.023614160619637,-1.5768005113550057,1.6862288597179447,-0.3623956263773739,-0.224805091892112,-1.6648820547236953,0.8857500323147962,0.23481660579212268,2.0841179314597547
0.9230405293600615,-0.6975198796059595,1.13757136844671,1.4921447850305942,-0.9763602275533583,-0.6001265971217385,1.0836013767371975,-0.4927944667861242,1.2727483798081418,-0.7670196182670411,1.5769238669428802,1.1894522098999074,-1.360282482662834,1.3061869672368147,0.3482919143704766,-0.33057129841304694,-0.004123359430611
-1.2610697603156795,0.7299033763248807,-0.8565170080001707,1.2356990596465307,1.1271372360939165,-0.004385056865119992,-0.6582452765245761,0.7551299618046202,-0.1624724831459656,-2.6341803683241016,-0.26700767337146036,0.019912061281330943,0.6317742444597995,-0.02507373978115009,-0.46585096067486176,-0.1703476313616267,-1.7714339986309129
0.26886528876616766,-0.26358184958181374,1.2431295744703548,0.5360919532241503,0.5850420654113488,0.2036213128870281,-0.6158865830549729,1.0953847854542251,0.5134389272823885,0.878815727499642,0.461658928703189,-2.026465892536067,0.1602738629520838,-0.6499576541333372,0.5647101883616265,-0.3260108571841062,1.1008785353762582
1.8333470436909127,-0.312980288158177,-0.5272177877450468,-0.020980149510456216,-1.6908192794465213,-1.764450097534212,-1.2859540925433115,0.05301960136934392,0.10807216494136232,-1.8287310421978689,0.790143139651149,-0.984654004459874,-1.4696731554668294,0.01560441347760788,-0.44048267472064767,0.3339782726793611,-0.8072344189485833
-0.13844834672109924,0.20982008406038946,0.16869153524436462,0.8026097396722339,0.1899910102783539,0.010200076281078954,-0.2665522011794658,-1.2866406049454782,-0.9203296727442835,0.37039337978019793,0.14842932925460278,-1.6681455270616794,1.8813129890397151,-0.30216486557818584,2.336512618507301,0.5662014482360543,0.5725201704441141
0.4845375162868792,-0.1805717159226831,0.15290475582229246,1.9674986927028997,2.932199765509399,-1.430472614669269,-0.2403721426981663,-1.3124165779789334,0.2085830373576734,1.0451951721044435,-0.5734713722054806,-0.3131692334300345,-1.1254615920870559,0.6610875852459034,-0.1911789362363121,1.560362385716751,0.3789422064891675
-0.5803112718471208,0.4537600410056842,1.4621613531389512,-1.3313271439662238,0.6166360101171968,0.3046042605115496,-1.890724369929607,-0.9582909251907746,-0.7120395337010096,0.09177109459207497,1.013595771337239,-0.027439327609729846,2.0550978914533995,0.876752397742367,0.36619946194208114,-0.6898275059679392,-1.0865999671822046
2.716558007786963,0.4963908608545843,0.867554768095963,1.1962260249136458,0.945366395545034,-0.043304421092320564,0.5161641797295901,-0.34360762172220466,-1.2143260612859383,-1.048007506310305,-1.2342073790755197,-0.3903574501258251,1.8544806060991765,-1.7808997309074979,1.3350181873293088,-0.8937057535758157,0.8937370356866102
-0.718684020477648,2.305220638336036,-0.8603471348062067,0.6816739078070498,-0.5302978105713937,0.14125546220127572,0.529178683992208,-0.6260197818036692,1.621083539398252,0.020832727846942196,0.43576189829885575,0.23288853482790062,-0.32046071145449123,-1.408882187077419,-0.5731482192625081,0.07828403738351722,-1.389731034116777
-1.597151780768243,2.145092706728447,-0.4197974531778634,-1.4138444345294103,0.8655455572551011,-0.6344721918433093,1.3819590069708922,-0.5200075804544282,1.288184380165766,-1.4910961045001447,-0.8018318041966097,-0.2534379412505495,0.300407837288901,0.7362373423212466,1.8007680056603765,-1.2849265007450474,-1.2929132817216331
-1.289176543046219,0.4261616349548548,-0.4212545414760007,0.4923240607712614,0.7356029903934526,-0.0020867673610720544,0.06671171352781263,-0.3260665969425896,1.797437299099003,-1.6076846906466504,0.43975341316232963,1.5165868934689328,0.4092848307960378,-1.390540042437905,0.41446820885560576,0.6405306870828392,-0.5752722809416256
-1.0426091771161068,-0.7816512884390773,0.9663996811743616,0.007608068846567781,0.4401590726256587,-1.1249738636948248,-1.0545640326242531,-0.20449814195889637,-0.1158096622372548,0.026028669214859284,-0.2398477961712512,-1.3812154759097588,-0.7195491884976857,-0.7338369121951823,2.302960829775487,0.97704415947722,-0.0840770237804742
-0.5036777267731779,0.4591815214703903,-2.2387974767006376,-0.8123940247393632,-0.8185630512667623,-0.46947224052470504,1.2940057327055008,-1.1933390258809127,-1.574036976645082,-0.12776837148535228,-0.6504348306111597,0.7739225083762696,0.9001354319898335,-0.8043232490633154,-0.5870036777070679,-0.5603582244254901,-0.1229157237017286
0.03436410188045948,-0.09803793434526327,0.5015596216722086,-0.754129688115002,1.5575790938451741,0.4386022387772414,1.1248746859588767,-0.2986830734190388,-1.463067743075917,1.4669966845124947,-0.23807412283793847,-0.1890222202573584,0.9552061478827938,-0.2974255262469067,-1.3559823720314617,0.6699891374997846,-0.3319975605169524
-0.8712223571314578,-2.7562922344784067,-0.3309016283690197,-0.3694269738921138,-0.48786624915268,0.43519944982238695,-0.22447051355018507,-2.806846660692794,-0.3504498352141336,-0.357682281566716,1.200559618858378,-0.5263060970395173,1.854874202657586,0.6552130237232081,0.4517810842936318,0.47672280203045514,-0.4562901466992003
-0.3571479035485707,-0.12308900176511696,-0.12098153661664382,0.9844977750671075,1.5034796209524715,-0.08492398593232231,-0.06765885042952242,0.3143562603435684,-0.24912567322442244,0.5302063245653649,-2.0619677519339676,-0.20173121248116124,0.927984141408006,0.6083202831793124,0.22903274353963954,-0.4607726344684546,0.6332061363987911
-0.35870196085210987,0.33680568049396364,0.3168887377587059,0.12663703615927666,-1.3104703579457433,1.641056843863955,0.9391372495695682,-0.5012319459733502,-0.049698400470442945,-0.036253455776757766,-1.1024562724760432,1.907614833255636,0.4046913417840734,1.4885887154266249,-0.6609575829501806,1.730087085007627,1.5828185940079051
1.7069439597047378,0.18378542886888324,-1.35369904943138,-0.1944090722215552,0.14207221162890743,1.8546820453450696,0.6740987278538105,-0.07260160713075813,-0.5268798691157622,-1.837958554210856,1.0786450112931296,-0.0783080120020497,0.11324741914505616,0.9422177500780078,1.0052245742680634,-1.1190672904836847,-0.7126133934279891
0.08684562358174858,-1.828180945044151,-0.26067231029925486,2.571770753382507,0.3446715778080213,-0.24486448243853595,1.019947519595509,-1.7549000800761956,1.3534704617524382,0.14413429692449112,-0.5145007118421201,-1.8688739604787175,-1.0305059296333545,-0.964721666442657,-0.6186296017342018,-0.599676300407421,-0.1459729420241223
-1.1377157919946486,0.997782121163808,2.5593859354022483,0.3308367931349131,1.9887140317766996,-0.9933553261652658,-0.7907243902472122,-0.02940057738514052,0.06501007512477124,0.2805575761985855,0.8033378688738008,0.6118408889478265,1.3912199094137738,-0.24743706675724425,0.08673794523072069,-1.6664177869334147,-0.9650354743606598
0.6912710652232048,-0.19893517936335536,-0.838116366257876,-0.9349611670668673,0.4093393004910046,0.2521232040777194,-1.4486696331510325,1.659781186504648,1.4741756975495381,1.5294996467848254,1.38964648816039,-0.16005449845375355,-0.30010708478052245,1.3733894281536483,-0.23204267195877332,-1.733085756529734,1.5346869983833986
-1.9459458636239362,-1.3954625726266685,-0.20263288151171718,1.838107127594346,1.00616444945494,-0.49641908413339086,1.0163030521392398,-1.0895495687718892,0.19364695731814002,1.0305660557866776,-1.785110332020138,-1.5640503695461059,1.0170646232232723,1.302987611253229,0.6500870369343292,-0.474146115106188,-0.2479495915397516
1.5003278476724213,-0.7173239788844018,-0.5303354842957395,-0.09744981414221805,0.7853938757834485,1.6115569852877223,0.8805785624041413,1.574964780266,1.2107446132255733,-0.22161398521579845,-0.9893817031489104,-0.1602135607203378,-0.3573775723051773,0.9512283702591413,-0.3450006461518876,-1.152694984682503,0.782593053509965
-0.7935485172382648,1.5711624237020554,-0.41293263990747614,-0.7046039974351099,-0.11946132052671937,0.09847461526776159,0.6887764636504534,-0.7238769163961412,1.0798371942515474,1.5234836174608133,-0.18859900041959307,-1.102698289571768,1.0324035337476292,1.8347422635988884,-0.12044258363173295,-0.4397683690716192,-0.0458133815372261
-1.8975435294942484,1.9436852550755885,0.8073285947733466,1.5618193924215105,-2.324650410517635,0.17732388844479466,-0.6647574914575481,0.9243197687233186,-2.2365894302145515,-0.18768968319027954,-0.5569530219304131,-0.010166198906857465,0.9475851939982569,-0.426314165163497,0.8649686975587991,0.5058988400384289,-0.5308071990216316
0.014626875815927805,2.2962429112994074,-1.155863746375432,-0.8691006177313807,0.050651024969847254,-0.2826796219756714,0.39295588420820654,-0.7070483928379698,-0.152740797694315,0.3046415581456677,0.6869933856433494,-0.42916960434070656,0.7245916409082107,-0.16788585615777604,1.5243558644697244,1.3923545320167334,-0.0858088796242898
-2.8909047925211864,-0.21929212183749758,1.3693986692785287,-0.5401894771796292,0.4689063075459212,0.18999999894341707,-0.7069811642012258,-1.821461906438672,-0.5553421996209759,-0.5466768069976256,-0.7509583489631352,0.8891141656449159,-0.4523028872711089,-0.8682923579699937,1.4341261083420962,-0.2366183488977013,-0.0894929938739975
-0.47220521804959387,1.6237379715245466,1.0899121780306853,-0.24570395679921014,0.10694151654545893,0.9509334176557162,0.24436431462157387,0.13402354949286288,1.6361270686246254,1.6869257620385425,0.07075687944503481,0.844401875966255,-0.5913402707963975,-0.5686420130821238,-0.4663017283829783,2.206074017111473,0.9643666687776264
-1.2684034106406288,-0.8139913742566135,1.1923148677998636,0.6216700512080998,0.17886731273075857,0.9387903161144923,0.6551755421155057,-1.7974105896916996,0.5402154817806696,1.2844058030715195,-0.16421516713956885,0.9727502242467561,0.2970798608078539,1.3090980760474538,-0.10837569958376223,-1.4229558090179182,-0.7593668783254857
0.23050063227001102,0.8741664328514169,-1.6501007370582799,-1.1533465619129228,0.30984398161334137,-0.8545014047537921,-0.054006351125473355,1.093686448136081,0.6409077323048165,-0.28165653801521534,0.40075602985704584,0.861499597580825,-0.27143930722274984,-0.6676816519064064,0.2977864797885874,-0.3232673130747575,0.4516639606547161
-1.7838147741256725,0.745952356935452,-0.3985427682122191,0.48129816066047176,-0.7019939555460771,-0.966419560888231,0.1517544205593864,0.4169456646227449,-0.6434217035077144,0.6302427336635033,1.2516332239414598,-0.40184502225551444,-0.9889442642147445,-0.024340549540827424,-0.14832855565882674,-0.8138381064867125,-2.2110404308626372
-0.4753323792649511,0.7278109495029443,-2.86686054126037,1.1077520658128013,-1.4808561697535132,-1.4081380638349714,-0.5310429552512246,-0.5323228138892059,-1.3548152918604035,0.6679369217659946,-0.5508880101956136,2.1344151139493293,1.1928281136535255,-0.031939821592219336,-1.730894386338192,-0.5719604466074,0.3078477869522613
0.5887732095646608,0.938697660798918,2.0578994073442054,-1.3782051798844925,1.1411185424289485,2.022672489124092,0.6223478602417963,0.3121917721498114,0.4132579949310865,0.6515207417308443,-0.21392059911331857,0.9886685094663603,-0.6716279855731436,-0.09024126314345654,0.12748207293566868,-0.318925353012455,-0.6016172046098659
0.38921492938548835,2.14558253234802,-2.481258162469114,-0.2764813542212562,1.0157742181717606,0.7672613003458477,0.23064585418249367,0.17315688783051508,-0.9222062142420411,-1.620194182737022,1.1510789679943128,-0.5074137302265928,0.4731492377830267,0.16145835359750246,0.03403827046591845,0.49186770978853694,0.0611583593045674
-0.7083397801420493,0.19553017124959224,-0.8795043159058069,1.093908818225905,-1.3759287844619836,0.7699812603931601,1.0199921589975065,-0.043648371443830436,-0.1089541240730735,-0.668539637458994,-0.6152351715175406,-1.619182581681495,0.02652541477023497,0.6232311227906336,1.9619968335336184,0.6828208652515046,0.7150166483476547
-0.9299750755086174,0.722417243518756,-1.8646777040673814,-1.017318540561781,-0.8352091843356674,0.4593322194774743,-0.5917554381912958,-0.08466581424953,0.8729787761652394,-1.758578824827176,-1.0706006268093593,1.4304297634489873,-0.12943100647567007,-0.37646828687103,2.1436003274224906,-0.7363092142745661,0.0871199984712609
0.6663092409096244,1.1452435569018182,2.056466714891557,1.3631767322269164,-1.6602173954124881,-0.8947797632345864,1.1863668240136713,-0.26758578703376035,-0.14981093245380184,-1.2512524029732321,-0.9098054557388064,1.2214705703184787,0.06802516478958916,0.3531049045143373,0.9914972767064201,-0.06976361384359057,-0.6794088114799863
-0.10073293254159094,-0.49055003508589845,-0.1729051089691574,-2.2282697565903344,1.864376187458291,-0.3409470612315011,-0.12189481427126729,-1.7781666171573451,1.3922936106350068,0.09762277710206943,0.7564932148696549,-0.07290737122651399,-0.5340861589757642,0.13043948719531806,0.6911054190139936,0.67627192777112,0.8059081307149507
1.7827927610231318,-0.17714280978350644,1.033682114933913,0.5173145594222803,1.0699358482806427,-1.1186535410873975,-0.14736419281276397,-1.164248497035857,0.12987590014544875,1.6369344835035216,-0.9388627473268104,0.6244754834045066,0.7476043530366362,1.099334252434121,-1.9825428332912933,-0.13221081268705503,0.4921897268713167
-1.0744477053891857,0.8979641999745557,-0.11414644767913303,1.0936299387594781,1.627231291392562,1.4630109948336327,-0.4142900981526867,0.26918330786755074,-0.12995228966456057,0.031007482273130355,-0.826626127824167,-1.9520192362609394,1.2615022399036575,0.9407542938954194,0.5538336959674864,1.2813568178512849,0.2925465512322001
-0.1902966850326426,1.6125165154829153,1.3367862364737122,-0.5341558276991443,-0.4023947840384325,0.5111513328897672,0.962772509365596,-0.6691257060648018,-0.5750775209423071,0.45558591270584475,-1.112315521070115,-1.451862930785267,0.1842256895964524,-0.9286403468370951,-0.4350962501081596,-0.9257971995588788,-2.126204087949511
-0.41236435326574894,-1.2674184895324223,1.0082417839656772,-1.87218161202393,-0.09357249461523258,0.008948299602761745,-0.3688910086592284,-1.93535639968297,-0.5876127332250167,2.156370071622111,0.6519991826789762,-0.0014520378165374791,-0.7215734601913834,-0.6444682187940994,1.1720337419345246,0.13314707352620153,0.7223257338065416
-1.1782241832576534,0.3788623642086889,-0.45705679784345615,1.3891569647348763,1.1767217202003455,1.2397523387315492,-0.34104833430171627,0.17835094783533295,-0.9522000671894284,-0.26085356438568885,-2.218664947519107,-1.6188701279443327,1.139628259605782,-0.10732661523911233,0.7039362707759595,0.11869434426220135,0.5610051876463549
-0.18464613960889634,0.9457828667647367,-0.9346847665209358,0.03310732233663292,0.4462103777531049,1.130688603076348,0.7639505786098061,1.128329932125004,-0.8103807750416003,-0.3204291492151443,0.10287442388077282,1.070858650561228,0.5332104401175375,0.5050770575641825,0.40429930585733254,1.1670838767342329,-0.7492613860723457
0.22993347294223787,-0.15441979156233612,-1.9322440917066317,0.8147998483532055,0.7102221567486436,1.343337557192508,0.16998055968441955,-0.7276494922734317,0.3463336590250109,-1.4876821697949871,-0.0201693966013864,-0.740911581727125,0.060559918661487584,-0.6655801822852174,-0.7274785177626155,-0.2718910909139464,-0.5683421787403617
0.48680568710522343,1.29221353207165,-0.2577287448788743,-0.3192099745377781,-1.9221135849659277,0.24795618441286202,0.10323792966551804,0.5914647391378425,1.119133777949523,-0.4667227312906768,1.6038872737205931,-0.48547871255633257,0.017154193633751164,0.7655022223760722,0.05856550443020872,-0.33872843943900155,-0.9094778296111796
-2.814616899498073,-0.9243471193582157,-1.5622617980457383,0.6753274914877492,0.9789611276899427,0.8650936526731783,-0.16241434429730245,-0.7612072505194233,-1.118798650774154,-0.02926217339093263,-0.8423531785222649,0.6634662069139197,-1.7649931761333897,0.5117125828789815,-0.2374727007905062,-0.6306207604416117,-0.4552633927024648
0.34776510852742304,1.2917460841527364,-1.3422860961557022,0.24319814339274326,-1.4974395116516703,-2.2336186421244517,-0.3120612839389397,-0.7620598460417036,0.525837643320352,0.6263182896452074,-1.1012923335409224,0.8678508832018783,-0.7837548746525733,-0.9741698189453093,-1.9902110796709223,-0.03274618253429966,-1.154443257056321
0.0029300173968429496,-1.2535062296787955,-0.08669460967064029,-1.3071335029613593,0.41853645408574325,-1.1155234105646168,0.31211979062905887,-1.6116763756363939,1.7952344312571218,-0.5600917135237842,0.649049762634466,-1.7831060258261693,-0.4490125535296781,-0.05547858512199913,-0.9190368505413855,0.8702378257301415,-0.5528171021044377
1.5615299951896289,0.1323673960158773,-0.37940662213607135,-1.8969317912449164,0.08719121748947058,-0.6176219316875553,1.505767889333795,0.2910522893324911,0.5343114943871825,0.0751026616297915,0.8956815815528417,0.4867881354730464,1.785040477358281,0.6475347945688161,0.251167803630171,0.011617410987913917,0.3387835211638239
0.060575222414617436,-1.0225130450060294,0.5196741204375898,0.046406271144393635,0.7786285534231648,-0.4067195723480828,-0.47582810849973306,-0.005725639266961894,-2.0815858882960163,1.1898284099193401,-1.800018194483948,-0.7493593027468475,1.0651956658740795,-0.28727607429707924,0.35656441081953294,0.6691468269010318,1.3613882102944248
-1.643439121766001,-0.08268094390157038,4.169297283155146,0.0882070486431018,0.4901491653608362,-0.6941512750284111,0.7331018988614667,0.7056732408418717,0.1608318689184154,0.11047546131915613,0.5800794272899032,-1.3068595083016683,0.7947111994791761,-1.9993056298880765,0.3650761096678365,1.1783905519796511,-1.153133786986039
0.8075661801454019,0.4660756880622942,0.3388652340899254,-0.46434585224748903,0.2995897666175203,0.33120466814560634,-0.6283809331882784,0.7687038473821219,-0.39879480904134873,-0.0809034800091976,-1.438462397868961,-1.4540330576376577,-1.7789760024479133,1.8483535875708619,0.48286516322601075,0.19694723207312198,0.2857812440385962
1.1017545853945359,-0.11051376188556682,-0.3553139753791607,0.14856650535465107,1.0300237757519122,0.467074289449141,-0.24775023855273023,1.0185805722891477,0.5504295512002565,2.4233088011546355,-0.2917654018662374,1.5346592184095456,1.4080197351270372,0.4815250674940445,0.3672542964108124,0.1428296733979386,0.8208194594837727
0.06037247971233092,1.2849291682817354,-2.370618084570748,0.9952421637342901,-0.29740248328088476,0.24415604060651255,0.07346269716944705,1.6413479882530624,1.2447234015345312,0.10472528436350696,-0.5989540996404218,0.600882671120391,-1.925772438220252,-0.48217158993228476,0.18974175200087187,-0.612598653936434,1.6490967806444976
-2.369699471572418,1.313201493614838,-0.8813277957202795,0.10249223833933381,-0.5701456277108256,-2.1880969287198346,0.6032670159952646,-0.5042997413439955,1.3985841877779874,-0.1623564744872533,-0.36149181280838594,0.7589829322293606,-0.8240153106996382,0.3022246448820473,-0.6788827399189581,0.15078202646652936,-1.1028795843278858
0.5376067612789147,0.7755073959970011,0.657031227613314,-0.12871032255698608,1.833734768886884,1.2373864773280063,0.6198978733988879,-0.3596374822371952,0.8899598011331972,0.04694831700600923,-0.5449808249862211,0.22647906569074683,-0.17207547588951042,0.16899500127127906,1.4312078177980931,1.5318567929708153,1.145764242607133
0.6073203319667188,-0.4995988519663894,0.76850784209772,0.8664995029722362,-1.690595667034314,2.265516707288418,-1.4482139431265024,-0.8171816288142578,0.4340704637647692,-0.3911963512776801,-0.6642007130302723,-0.443728230932739,-0.42709477369740334,-1.6062686405559652,-0.1587346443653029,-0.7261845799397091,0.5973894250261436
1.1074686639748488,0.08647697205628302,0.2655134326209183,0.9750324885368179,-0.009120583882557008,-1.0244896515619142,-2.0661430996742527,-0.8659059963070646,-1.2726544969619749,-1.3044513013856391,-0.16648737610389924,-0.9708128941791683,0.8214429003738405,-1.105175053691982,-0.1717064226428275,-0.1743434077019903,0.4521374854769155
2.023708215106286,2.1336434019180897,-0.14524676218577548,1.062441275330532,0.007319679896654378,-0.5440305062193739,-0.3196392121185486,0.3770070475939843,1.7499992827779631,2.5179511881389263,-0.4748955387274282,-0.5085056963691448,-1.0002036931916685,0.14350333786185895,0.8720328318887478,-1.1211687768970966,1.476600940146547
0.6904550480302238,0.6042380323756203,0.08800285916240472,-0.4738480843889347,-0.50392890915179,1.2899346950624502,-1.1235884345410574,0.734754581385849,0.6656034507106774,-0.6745878629906213,1.0410410136899821,0.6775476590433115,1.4355391791283414,-0.9565554529752275,-0.7203852616930572,-2.006541394542637,-0.1931293658221178
0.9120993957733561,-0.22137095329049988,-1.5059999635983152,0.32402819961383317,0.5246267739139812,1.341874382379223,-0.34901642993773135,1.5619014474971813,0.8585005130788717,0.0930466570550659,-0.6856682308868254,-0.1586774772438058,-0.18454018675523523,-0.2829092181886896,-0.6023886187434465,-0.16557403741790028,1.3074268157053506
-2.1478692109550073,0.23709007564805665,1.8358178411549633,-1.069979379430152,0.04989528353208703,-1.1406841783005612,2.919249896498396,0.4489865840909231,-0.8935605213467123,-0.4071323587623277,-2.0024706224826865,-0.6282882867526324,0.23717167402962544,0.7231635279422075,0.8148639168339257,-0.8767930672112937,-1.6062354701096526
-1.1775771176358512,1.5878498746145728,3.419777025313761,-0.21976360851018528,-0.6317252967525838,-0.9618347388115679,0.5488211930076043,-0.8265614095113079,-0.4932695680987577,-0.16954509974918197,0.7549987786288155,-0.2161278843452896,-0.13330580622391908,-0.2643595972900984,-0.5089972416901405,0.22049894448373372,-2.884222346737589
2.134625847174299,0.08374977645182848,-1.2254179799389584,0.9191119259197689,-1.5107433553477636,1.2504589982922907,0.050001467012467014,1.747058808783934,-1.3143246317939616,-0.19338347246438833,-1.1688460326935965,-1.7714345503602922,-1.088939566321184,-1.1560711013033094,0.15841267591753116,-1.7014130426965575,0.9141107871810572
-0.35168744637263705,0.7572458866621837,-0.8642736211372298,-0.2684892436547266,-0.9081228046566091,-0.007954461242484721,0.7247189326368392,-1.086257071229848,0.31828263906652243,0.3287590533769812,1.5913502148306682,-0.6976008406738512,0.42091254290125263,-0.6907059621778362,-1.4145012759665792,0.15504954173683855,-0.4634990394885796
-0.28959199559644866,-0.13382040269930764,1.179496501147712,0.32456910308801834,-2.4914635259785514,0.4529015818792459,2.8311174749296137,1.1745131275085214,0.09250299996743587,0.7385573538459416,-0.42143712015436136,0.3746725273213309,1.177592707169137,-0.9825994290904837,1.378296852102113,1.2873746422000367,1.4005379490358374
2.47860561462257,-0.3586963463356918,1.200834266072655,0.8698817076978032,1.1018502603652238,0.27863737012943096,0.5661488897003104,0.32024917057487867,-1.5826920565756215,1.3006294005139678,-1.4577631327894323,0.44403533993874506,-0.7075488233118462,0.7354278674964405,-1.9048601521544213,-0.46128122069886596,0.8721545409146312
-0.1811624838846534,0.5431174562556127,0.6228866765996577,-1.5342066991055365,0.10434244854957421,0.40216334154894984,1.7441363754251513,1.0559331695596197,1.165512800732026,0.6644425593968529,-1.3048739160436726,-0.39072564059342973,-0.5959968279231858,0.3844782535474264,0.9612145966403026,-2.0026860368860517,0.0679376957506903
-0.04225015115578925,0.29229816187000646,0.6832505717703048,1.5321169144997908,-2.062640923965058,-0.3897803936337194,-0.7432791262094385,0.661080584997067,-0.8263606354033457,-0.20233236992212938,0.74332864000317,0.7581230427807196,-1.4337280087170703,1.2391885005285288,-1.373206354651592,0.15159487389613702,-0.446800548071904
-0.03822690143172579,0.3732055143136523,0.39644898191115696,2.1740161975698324,-1.3211243981757772,-0.7593281969444255,0.5904539881544045,0.1105973358412078,-2.132974468529571,1.36955782419818,0.7893947949486781,-0.21385187200120467,-1.0507624613223931,-0.5153922651884653,-0.5044424886341644,1.5931654794128756,-0.141752026353143
-0.3815251359827735,-0.9331523565109024,1.4681300693558847,-1.6732381068166708,-0.8679956221147602,-1.9553739098163747,1.1733298027499837,-1.0282824453985377,-1.0886004020955449,0.29350720917659523,1.5336862587971272,-0.18274090466185475,-1.021573695549584,-1.1874742055766927,0.09030828747600153,0.17356455476902322,-1.5515988570383532
-0.6442487323776623,2.215501289359645,1.133838752099228,-2.1476293962178263,-1.8352242348326246,-0.7761252832854085,0.9627996930974879,-2.1582111412267317,-0.2864205754082369,-0.019836982561344748,-1.243490002366015,0.8877637616592782,1.5686318590745607,-1.1646983700580735,0.5421878075049282,-0.12340713707303486,-1.212964398226145
-0.1060129853685303,-0.034949301054741845,1.0735032101981994,-0.4295499110557022,-1.700507412407884,-0.18644991174312145,-0.3280836720536649,0.7237882802561523,1.633778927234891,-0.46659804198275173,0.602818013135728,-1.747994359917568,1.4020026501927163,-0.1605998884422898,-0.5669079145955876,-0.10666835253579982,-0.5964585034576991
0.06591768598770267,1.3997372189710513,-0.27422683098644796,0.5125111305541777,1.3945590267799217,0.645590034885111,-1.0925638865261802,-0.7344446127440414,0.771039415440937,0.007856890531030048,1.2362519060507482,0.7901031854376837,0.07932156315417667,-0.6744067846365325,1.001712484049737,0.5907345468213527,0.191886164374627
0.1296839770876612,0.19639724929145722,1.2985914987476248,0.7450050444086153,-0.6253527607118772,-0.40053694512531324,3.4047871994843364,0.5613590850416112,-0.014680836973454523,-1.0313541032093039,-0.1413500804752736,-0.4517843336017333,1.7956405043309827,-0.44083088449983393,0.1327282969314284,-0.07816456705846934,-0.0890311262261015
-0.8223855482303607,0.1841646149296891,0.2183390621132399,-0.8758708574898039,-0.04055743003253203,0.7795498150076189,0.06301900799611197,-0.7773527546614186,-1.3823090227224426,1.2385752131506664,-1.3930649342816783,-0.23269469940843174,-1.029983212283828,0.6058731622678755,-0.8647789172590954,-0.3747583998355592,-0.7766203382625839
2.355111251895089,-3.217819804928257,0.028544092666469848,1.4144549067693903,-0.18016113614913212,-0.8442383665548889,0.5218084088157121,-0.3521347854054295,-0.3550885180217318,0.9926688522174733,-0.803393680883368,-0.4218067686373426,0.2862457154073116,0.2211966151035704,0.19002669137531603,0.043667985945659245,0.9936297842633196
0.4762911305324499,-1.8695033905309628,-0.26198058069621893,-0.9987533861142884,0.05242340860956166,-1.3062490271428147,1.6689924312326303,-0.741191034476611,0.7814992649813411,0.0688623893403186,-0.5802899401164896,-1.085689910481107,1.202560501113106,0.6129625062342937,-1.5546492418220959,0.3391446951343594,-0.6200467071744518
-0.018890928639815698,0.6859836479513315,-0.0214366068963551,-0.057406613920244196,-0.8234788951919151,-1.2899243386686634,1.3886087576891588,-0.07268047826113064,0.4042174534443039,1.4165009305574896,-0.037124409581202694,0.7523695696619961,1.2156412960119234,1.2427205135427988,0.8563387060121057,-0.6514936783205174,-0.2099100755042895
0.43251569166960585,-0.7781443773167823,0.23734319495008613,0.8462770871701194,0.512214072654326,-1.842095518857855,0.9486706285152404,-0.04093732439977951,-0.6496723189877737,1.1816657378216746,0.11195757901641824,0.03362552247722868,1.6502998017505293,-1.2199509655954615,-1.4706771713201134,0.7788605366195812,-0.3340412187810642
2.0375548212252013,-1.188068706120298,-0.4873013281881162,0.44006756735447355,0.6288364072417492,0.19103731589233808,1.2321245399933431,-0.24427848166121252,0.15180509846313597,0.47737603874097073,1.2363644984240756,-1.0920824531325202,0.547632428015718,-1.70993336988318,-0.20997709719909852,0.018070695174598896,1.165825622152577
-0.4958909469219512,-1.8322472735944546,1.4771332835449564,-0.37454607863731887,0.8247005675860654,-0.8900395156972863,-2.413826936380951,1.7410209338180787,-1.1346541895242432,0.15762248994706088,0.6763835186434685,-0.9175005228597256,1.4577336750181502,-0.8280879912090381,0.9598977439775249,-0.38986833259583453,1.0043125313309105
-0.2583588965461431,0.003838098080094531,1.6897405789164497,-2.048896976329075,-0.7038155645529303,1.237931086641373,0.6715216952257484,-0.5407593167986897,-1.4184239536459318,0.5948117006661916,-0.39644706144756947,-0.2596126742597489,0.9050880991687482,-1.481635994244557,0.3803844172720655,-0.14679359392578484,-0.8919350593168583
1.5895383587491052,1.4935290316147432,0.02582770256924414,0.24657093884978595,-0.3352956521753188,0.6211322137589773,-0.23966065496177516,0.17763039973254885,0.4602180749675053,1.2981326416424945,0.6852296598254536,1.5873086763327844,-1.1186688441861996,-0.13414912759267436,1.4420888926506241,0.3577646785498212,2.2491403662912894
1.67723717915038,1.8508643764102626,-1.1212430223534802,2.5331727823006145,0.05594398339046057,1.8406309461304955,-0.4748948473362447,0.4739924075158156,0.47737778620963006,0.3401451016768029,-1.1157695057102648,0.5442622353294808,1.155789468410089,1.5327939587797965,-0.06336261692858222,0.621385570000676,1.8623244487483244
2.2342126323844194,0.46512461782559195,0.3688944114599725,-0.09470544097157682,1.2271478749086615,-1.2949178662499732,-0.31093635428784333,1.3667325557772267,-2.093165670150566,-1.4984841653367735,1.1850267998300825,0.49247671356964196,0.34195854901339284,-1.7162510380238674,0.46759787747073805,0.1559189429049944,0.842588234721505
-0.945288366606143,0.3830771182162886,-0.19272999254667755,-0.5412327530349901,1.7264835891177968,0.6703287887167458,-0.5623751134197861,-0.12892100967565762,-0.905628193940685,-0.40057865445388113,-1.5098138899634759,1.2966829363921297,-0.3968291323611596,-1.6452439062818796,-0.7363010827967561,1.6677250825609136,-0.0119542667254744
2.598340314217,0.09716072828519845,-0.8549616162936616,0.19462474207248667,-0.9189821999183548,0.12431694607281968,-0.3726066727070284,-1.8626091273344045,-1.0124019894508336,0.44684653883783726,0.9954985014765696,1.2304033794563494,-0.9720952141973009,1.0217408058198496,0.8368363697922303,0.5592719333050464,1.388837181955016
-1.293847263746315,-1.118666367573323,0.05079696162954022,-1.0980991588384414,1.1537116885006522,0.24450853892996685,-2.5290454167761576,0.5753314092228214,0.08129665731132918,0.16855541990464026,0.8107007382878448,1.1760343465935819,-1.1419838445883588,0.6000107293235415,0.3595046843277697,1.4868032687299653,2.476405840015415
1.5232044511035818,1.918379624938927,1.3663888369904198,-0.41539198757000995,-1.0389249543899641,0.1498132453302507,0.27947369445325093,-0.8882407737499933,0.698065816198568,-0.4823687366839141,-1.2371631840293165,-0.3416317398975675,-1.6562959639309704,-0.9026442489176326,-0.7145680752760377,0.14573364048483015,-1.0136569701781206
0.3236521773895454,-0.008047163269705426,0.12882760165649002,-0.8219509990904987,-1.092881939175796,0.1080310881557723,2.2664838553889304,0.5735339675109855,-1.3687720941176638,-1.0705899874203249,0.7603197819385964,0.15992404247652797,-1.6275819568542846,1.3583618406065174,-1.4096211631342206,-0.6994649801233969,-2.157915558804366
-1.0860815053808892,1.901505705854389,1.2327592928465352,-0.6475218137843451,-2.7717100195581286,1.0984215441758118,0.9042460765259768,-0.8999161087471831,1.3027658422353559,-0.4439435814065021,0.8082966109131496,-1.20339052477416,0.33125833274392247,-1.2791095049161956,-0.8173072666913263,-0.7869926103994878,-0.884652595475473
0.24756354304638212,0.3269286282671803,-0.2193108328414217,0.7086976463716933,-1.1835870432107412,-0.32439396478902566,0.3881854176212407,-0.2631233948129232,0.6135931043323327,-0.6759478202968418,-0.43904691493315146,1.9975719574445425,-1.0342262357650704,-0.46605824792135303,-0.47813025577395524,-0.39067371801752054,-0.1629084891110464
-0.9975764802760133,1.063584571754291,-0.06760666343028376,-0.4484725577320789,-0.8564330141346836,-0.1103268653066659,0.341693110354354,1.1588324241911745,1.638473995241889,0.871266590986205,1.22599146727098,0.3567875868778906,0.8927600824644419,0.4858281104878604,-1.1845557070024162,0.2847697455214101,0.0414197894171776
0.2611887749373885,-1.4857690660260454,0.7909372841692818,0.926252914680475,1.0336555933120837,-2.0102397047630602,1.2826950135579642,0.29083109434856136,-0.07267556429724671,-1.9907629379055962,-2.0727584474946323,1.4381246336970996,1.3944281686880469,0.7253072652153764,0.18128795978539827,0.8221851764370469,-0.6367550142949238
2.337686645681141,-0.8620217140133443,-0.23726186677297748,1.1390383593822426,-1.2300278848601052,-0.3348865884895498,-0.41270452274906905,-0.8437664279684904,-0.06837541157096466,-1.560208201946216,1.2441994958057365,1.8445627195275072,0.23439299825187787,0.43362626487840306,1.3818636197032506,-0.11274712765620531,1.5861255823708464
-3.0003728186324947,1.0640593923027524,-0.593453671128464,-0.038306756499667034,0.6557565875255488,0.6947001297944841,0.21648774102947577,-1.8893132901796006,-1.7359771761973761,0.11194721079444488,0.19561269058333727,0.3195003681666109,0.4010987410051058,-1.6550314501768655,-0.5606472708829955,-0.13540223262274306,-0.6531893910892508
0.40898907221471603,1.0332385454639228,-0.043834014877140504,0.2760111609442715,-0.17760873102400795,-1.879025224754922,-0.05020769125726941,-0.38119809762110685,-0.844141586259221,0.07668299672564195,-0.813790059360328,1.1213551398225363,1.630520205145303,1.1014565504259184,-0.08965844866346485,-0.0034141945384234683,-0.8801306647136997
0.354526302271816,-0.2529340731948984,0.9994854639809512,0.606169211158352,0.9217507420153571,-0.2056664929775566,0.12000943166747824,-0.4228090454879179,0.17668253725568675,-0.5212243797239009,1.407144884710136,-1.030085338193695,-0.11287245645264905,-0.35821769981665164,1.1735087395106252,-0.40586216732711294,-0.8005400792344676
-0.5923706280933446,1.0618521321956047,-0.25371945545923147,2.11779769113297,1.1594088071688746,0.3871096252756912,0.6137246768097523,-0.799086283250559,0.9263055371017798,1.383661580767558,-0.5539427578726459,-0.0011581797785950164,0.1920685176080777,1.5057294496195959,-1.8238238541698466,-1.0300916347799969,0.2091911356608586
2.0124437762758105,-0.536597766539634,-1.2511121969972103,-0.2658124709640404,0.7338622769468136,-0.6711619616254615,0.16158463964868178,-0.5329739436311624,-0.7107557479272619,-0.9714169206370254,0.9658979555324615,-0.13179544657479697,0.8115642925172749,0.8621147690996404,1.468492391767517,0.2592804674009219,0.944611770331304
-0.6910007188832994,-2.08927884519002,0.22007792412890925,1.331472094318723,2.7523491435327765,-1.7056022404438422,0.6280652037448771,1.7438058103171308,0.04559665305306548,0.02544746432681149,-0.48231646146066676,0.3558915020333054,-0.5178723729524002,0.5143285767521711,-0.8368382364043295,0.13131656039610692,-0.4619758734072205
-0.6520166200146412,0.6568859456860414,1.3320909290678773,-0.5390270088592167,0.02131987147479964,-2.350140124330409,-0.17043819967097065,-1.4299090846537852,1.3784087926694475,-0.7422180572880265,-0.9543893701778223,-1.0387387838556432,0.019936161352105304,1.0974227975244626,0.42227338189501706,0.2436880206022393,-1.5321483166201306
-1.2544215099675065,1.3882698319695015,0.26215428060402235,-0.8941123773043382,0.6974340130434478,-2.180368760288917,0.9774636010694427,-0.8200159905178447,-0.19969051330482163,-0.2964367013653867,0.6641883710957537,-0.5275225990826122,0.38496140031085996,0.6067194574073844,1.37186016783304,-1.0176960699023967,-1.6303527264615327
-0.3291950755397875,-0.686814894351714,3.731901334608791,0.09025525482213893,-0.6079347246460718,0.42411119008074755,-1.074152027029148,0.1766298324948567,-0.7873465357403269,1.969805410902316,-0.3705372438459055,-0.3902769626176666,0.1678385020023059,-0.6801836486350393,-0.37486762148674807,-0.6585683444293841,0.269342010086241
0.6523103917691249,0.8373871530800272,0.31796601583706813,1.9501540728279165,0.5641473650683365,0.7111101059056266,-0.2750387291556738,-0.45495894662411196,0.5206404562067206,0.018544209623146655,1.1196540533192885,-0.8171454789599141,1.4761858352014976,1.332802360910224,-0.30032132856966703,0.030779244662521132,0.6550071784816147
-1.7383045811148947,-0.9006765681168404,-0.34462045965382926,0.14157900614392438,0.8062576641356936,-0.6260560003412381,0.4099721262216955,0.36056758612083006,-0.8579271704185788,2.0097134047240295,0.7189907004325129,-0.5522711540813493,-0.6808049963763089,0.5788482380412957,0.380240140672838,-0.05602059652441383,-0.0690497438830091
-0.13007294251203716,-0.5692461179142525,0.18648436540431687,1.2530647150595609,1.0214495989121342,-1.8068057880726336,-0.7005373205345109,0.7292292517049681,-0.14972512916271244,-0.07642620152862052,-0.9584199570140564,-0.6805197643814125,1.115213362308056,-0.33555674808594804,-0.6197729310767475,0.46159795697160266,0.8315807053508104
-0.7722285885835442,0.9210274312826912,0.6325401180439181,-1.7403120549854074,1.927678611498288,0.2463286039906922,-1.91318081707847,-0.43430975856190107,0.21860284103187974,-0.9731215059081462,-0.540555397139247,-1.7435346490541832,-0.18029117955552168,-0.1572127150167114,0.08063225104905221,0.4882426753825224,-0.9350133945062248
0.9280486620811252,1.0314136457515533,1.0729359381709709,0.817790166624183,-2.514539106029476,0.2813620507813801,-0.3487491799879558,0.05207267490835394,0.00018179165465359546,-0.4391777089508064,0.024952952312893628,-1.148376953373786,-0.4626812081203379,0.7233258312174156,-0.507111331418992,-0.04090974706614493,-0.6559324324525612
1.6551084225806363,1.2602455256954985,0.053541649744980685,-0.12016024861162054,-0.43987041769510005,-0.3094827644200632,-1.0473479889731037,-0.1450190195311711,-0.17440403768971455,0.2676724256293563,1.7606766976033246,-0.4208785429377128,0.4237660941398772,-0.438738420393316,1.2264410795479568,-0.4482649930479266,0.6727594285368822
-0.2444070808739864,0.06182386968938672,0.2213479916778592,0.6261448307376305,0.18337746896315468,-1.8724212407088385,0.697193822289747,-1.1147413022027828,0.28684615787389167,0.7865648666251996,-0.35037393942009826,-1.4892084258263845,-0.9997110149371625,0.9280082926965603,-0.39620597925641826,-0.8309697310076343,-1.6858891353701473
1.54576839998262,-0.019658706930099214,0.8084352182767927,0.3913777589072824,-1.0739542677295189,-2.1271963157515823,-2.268137171115209,-0.36099097928450996,-0.485203524062831,-2.0257707655674686,-0.16294333111527445,-0.035926975467947146,-1.0168740186709035,-1.1431647259186921,-0.22754243600346855,-0.46075648769375016,-0.028563879499485
2.0498174293144,0.3180718588314698,2.188285766786712,0.6955108665882919,-0.5913528946705617,-0.1636364288089896,-0.5904907238822577,1.3728637054151007,-1.7066028405599043,1.5389004638079764,0.21174532340588056,-0.4282609516464387,-0.35488297655646744,-0.7357187712871097,0.1765003523558191,-0.04074833663346071,0.3740879158696456
2.994440587357904,-1.5040039920883967,-0.6619992668210218,-0.2918764658336788,-1.1632118198783188,-0.6491427763176468,1.6871025986996406,-0.7226733075385139,-0.03709871015821903,-1.3439707643661236,0.9504420492904605,0.3450170993449918,0.3947799385014019,0.00036674007341562487,-0.5539337453048496,1.072965026609787,-0.2170920073612252
1.6039098409689854,0.9883286627999248,1.7906794576495586,-0.22467444556524815,-0.42959793623247955,-0.03395141364505227,-1.7263579179487596,-0.8996015302165485,0.3344580933708941,-1.3126912306414196,0.8416421336246983,1.4375411274673193,2.5297566695826914,0.4217935517129743,-0.24889688046092368,-0.7775437144195281,0.1898131360182339
-0.021657755454202943,0.5811778122374488,-2.4459614998835706,0.13398416450923642,0.7297647460819295,0.05091643049466308,0.14759865525780466,-0.9347826520780211,-1.2931034074377927,-1.3557884680085857,0.5165153525973567,-0.10480278197946495,1.0931280291059478,0.1272829049431794,-0.11612030119077126,-0.348782681111403,-0.3157448465266398
0.03864842212886615,-1.971433618487635,0.42299259483897517,-0.9417136056283114,0.5213172198355962,1.9774515726577202,0.7582964005499521,-0.5403553194292707,0.6258902553352057,-0.8137419485016765,-0.033287234034086864,-2.7081617454257314,0.32058380570862566,-0.7307865345878023,-0.2491844998482811,-0.4266821002342237,-0.8891929180391597
1.1193497517029314,-1.1823585657806248,-0.2192247663931311,1.4768227369534428,-0.5374007775514374,-1.010612286203933,-0.06894488243278135,-1.9536598563628573,1.8308019818311356,-1.3450644942581473,0.027790689380678957,-0.3817706045059759,-2.0438717052269535,1.3679221469165403,-1.1614140362114407,-0.6593952928591351,-0.4083012563803922
1.5071829368849288,1.1223891578159446,-0.27125114689603397,0.22178505467991075,-0.2894864266562272,-1.6296863021583907,0.18903308430601876,0.5168257520532191,-1.0216546594865172,-1.6825643185460308,0.010079631118506703,1.1768063774740154,-0.8292229435034848,0.8752941275190811,1.5857484544376053,0.561556228097231,1.2792807095473837
-1.0336205318203233,1.4162249736393746,1.3398603215572895,0.2429431009415177,-1.2334031058798562,-1.0101181841560938,1.0468648692251785,-1.1186993693523835,1.5601509627115733,-0.5015854450963355,0.025554485385810875,-0.4085388431764927,1.0616559273091042,-0.5996839892937311,1.038202527352047,1.3202599657299035,-0.8967738191349721
2.0275647696141474,-0.7238192438999967,0.7946213933874141,0.17240185017343973,2.0700345384213046,1.6942064500765337,0.17057950133428448,0.295485975897086,-0.36710010470314197,0.7224272828196338,0.19581712852000577,0.26483571439649284,1.0502976129065291,0.38309716667474436,-1.6911552539749712,-0.2698905519963665,0.1867839870739515
-0.4157201796313274,0.19798278689441004,-1.1596916986082544,1.4011027586921434,0.828085583692795,-0.9094624208279445,1.2239239621592792,0.3599014854513881,0.5741386200627534,-1.1046366171402844,-0.27320205597937613,-0.6788885894594592,-0.11081258102992189,2.107109273178984,0.30189929760634154,0.36335594572254387,-0.5043072146758041
0.1940467980835154,0.12069867463105048,-1.9250627800780749,-1.1004307746429711,2.073622452919243,0.004553540818215035,0.34262269626180025,-1.0950646251741718,0.2702373422739338,1.3630044867119424,-1.511296976185819,-0.8565198508168813,0.6619352275440938,-0.16130989469543972,0.46901109282866593,0.4590797605213824,0.5037101358673194
0.3195601314899658,-0.24641355864237266,-0.7136226314050662,-0.7029910634435128,-0.5170146884509803,0.9737176619924509,-2.335729402208215,0.15919583894340342,0.6997919080611094,-0.3710429280083475,-1.0489194250249154,-0.40477561816902047,1.159613189629811,0.4042887204113768,-0.012655043802574097,-1.8773187536397218,0.0017050527828773
-3.4358699015530534,0.3449796722465704,0.33142283343477885,-1.3210389805633709,-1.808481501251123,1.0405492300690036,0.4071867353764604,-1.027336109010067,0.9087619945906315,-0.4619777098231498,-0.3726284992681281,0.8134111957765519,0.25575859657838723,-0.8610021058551027,-0.709396765498841,0.3547594132636998,-1.3100649313613606
0.22962971151968584,0.005319818292373451,-1.337825228293121,-0.4361294234983133,0.5161299425521836,-0.2644774160753538,1.514148846397677,-0.8511547884029023,-1.2694723140294266,1.854850233546952,0.012159347152962675,1.701195408706272,0.8468464945811877,0.48826083067946274,-0.5374832504188978,-0.7852120673087387,1.547806855554538
0.9013966773032661,-0.2715552482917095,0.2745988171123255,-0.05852568402437287,-1.295084367481849,-0.5536099356903885,-0.5780432556903612,1.1642536382570388,-1.6452992606480241,-0.1498944533371567,-0.5274032642795418,2.5583918549290603,1.7108505123665347,0.7858445946537246,-0.1694044362068766,1.0735078377036125,1.1303205561164242
-0.49240384964224404,0.7328840034816085,-0.7241335907220969,1.3250779962446586,-1.118077196177595,-3.0528376051988237,-0.27237899204817184,0.7142597035592168,0.0498955854542169,0.2326935523618906,2.0403649163603665,1.1771309879906235,-0.12013931348131542,1.3903483388790394,-0.5567639026014725,-0.16667242090938933,-0.860921137058618
-1.8653571919799172,-0.7044954331196134,0.6182237237176325,-0.3173096536576833,-0.8963991677903689,-1.8275578323299204,-0.5690792448899955,-1.7161124038636388,-2.003403542267438,-0.47805457093633075,1.3692655751678158,-0.11356756211829955,-1.4612033709258434,0.043040388923608876,0.822998385351193,-1.4460693467657397,-1.231265617083284
1.2741815696290906,0.29761698880956067,1.0959997812816975,-1.3630136050006005,0.627368676472536,0.3090903772301114,0.6596510446912602,-0.05139740947070478,0.8152568129054295,0.3432032539260864,0.6760108487438184,1.076320175550322,2.1440839757669115,0.21333130386224536,-0.5324650438628428,1.3360576641533424,0.7045940753773915
0.9708818602482211,-1.015772681753785,-0.41765166463865555,0.19281663162503349,0.7198594880910182,1.155432780432229,0.1699765284943766,-1.2444498231595578,0.5280974973210979,0.7810032386523964,-1.5413386216377,-0.7172084658368642,-1.431072543908205,-1.1393814767077908,0.4867365052080425,1.2710363949943795,0.6757826289503779
-0.3870509983216042,0.3479394514631916,-2.1698428437848367,0.0666463906490785,-0.2548747491214513,1.54979119254641,1.276994755773389,-1.1784646323140597,-1.61020079091315,1.5903323219877372,-0.2709585433711393,-0.17985947175807265,-0.1260155763316123,0.8014034820524402,0.16358551898091298,1.2282312749374191,-0.7081456120512026
1.4487853970004247,0.19354750341043275,0.7910626603236591,-1.2419092719763822,0.32268031007736864,-0.17687145285203595,0.9687545011419022,-0.5052929078786753,-1.1759199658482025,-0.19633265125566934,1.0155302143631832,1.6890549345741057,0.6897918811185849,1.1328087823084603,-0.12909487386599755,-0.9028208811870434,-0.7098488880540234
-1.0709455586631917,-0.7828751549878156,0.6402027504188429,-0.24693726063759996,1.2297399134109408,0.1199905975180897,-0.4744341517980271,-0.543274419505591,0.40282392572722037,-2.1064816703607336,-0.20421392418335352,0.3240315672881852,1.3817997569076086,1.8241185582852073,-0.4079058639746078,1.4100491285627499,-0.6669045308192864
0.38107382722583755,0.3202194897420659,-0.6899217515184676,-0.817179563320673,-0.6571343096823496,-2.866145221263564,0.07852251103207109,0.9142738588457654,-0.1759127606523456,-0.1008005154846605,0.8596774840195947,0.4692630435027174,-0.26333352799218124,-0.050059026050656596,-1.7148054892629632,1.1323145912978905,0.6551586057848784
1.045411040394655,-0.46757073209066236,1.4882183778285394,0.9150991939572954,0.3805775090909399,-1.6817219412024096,-1.8035231380625198,0.0636295404975129,0.9936211463708537,-0.3364300979865381,-0.21634786528886346,0.8180564770651424,0.28121881393496206,0.988615588755502,-1.0381398917717992,-1.4279235994699504,0.4777122715285392
-3.2710534817818266,-1.5387037672093875,-0.4800810006571852,-0.7203680928558241,0.19899016713921525,-0.1352428871912634,-0.3461576627512861,0.39000535316096047,-0.8396208222068828,-0.051941891371334065,-0.747332303615689,-1.4407456879488842,-0.5713821444611011,0.11678362652101305,-0.9013175331077148,-0.5060553418685342,-1.335362699511864
-0.17102604550295344,0.33767772109198324,0.5917064032783502,-2.7057946472553254,2.121771884729585,-0.7727916974284671,-0.4938798657560499,0.7836666202284859,0.17827682980627343,2.6346121505542417,-1.7943693610918934,0.6427725712574787,-1.188581217646444,-0.21631485704570613,0.010034185326626902,0.35345705285609746,1.0506601297582363
-0.9376353456445454,-0.7439493586450153,-0.6731175938740723,-0.5169313424399571,1.3797472326984292,1.081816744424733,-0.0987223412209287,0.06704761033001974,-0.1887811637859482,-0.09679933319614303,0.5309512288683667,-1.2522648673314214,1.4088963816755875,1.822962525940168,-1.0240366592144672,0.29550099629147786,0.005111958549571
-0.30974367457220087,-2.198566607895441,1.3878063505749554,-0.13429679739553996,-0.617997591814144,0.3833976689187361,1.8834732103187737,-1.3236129057746584,-0.3706133192675257,1.9390531862133737,-1.1685157907217427,0.9505098836239486,-1.062727710057028,0.5890491451061097,-0.5875566683175277,-0.6302275314590049,0.3104059634273974
0.23520206472565802,2.7521924093745724,-3.4014056631103706,-1.69327552996057,0.31937754639912347,0.019901514914232168,-0.6858982057090254,-0.9655314204458049,-1.845723844780865,-1.4936769486086081,-0.21419377171510792,-0.08404495755812369,-0.12895465182140256,-0.37945178012717845,-0.9244546722805408,-0.5574184749733478,-1.044364685970349
1.0066971445504111,-0.955585467235787,-1.928765657964546,0.5268660291906571,-0.29824490623373456,1.3285990530474638,-2.4861257306946096,-0.5648244301774508,0.5852291625935376,0.6830486863432469,-0.2291262027474916,-2.1352541772356695,0.1886729382386605,0.17068551291122683,-0.12280729479046315,-0.20195257798453287,1.3971790525907344
0.1826067856230933,-1.2370076331490283,-1.0171712578191736,-1.6914151679857647,-0.6904323369888234,-0.4923736201063757,0.5852439668182146,0.002697415838476745,0.17169494435690588,0.6326068332450621,1.1300182325208765,1.9556155961863764,-0.5910389571454985,-0.6807835048836135,-1.0971941239869505,-0.9093534092912602,0.2498285219882556
0.8062357681645933,1.0857426178068823,1.303577052380206,-1.517167232757937,0.9035817209245379,-1.7816651030935644,-2.2433246658247312,0.7399420028669188,-0.3273507971911148,-0.06509803581217795,-0.40901898476918475,0.3236593817533438,0.6520693699537226,-0.4662332229522595,-0.6676770975270636,-1.200544468396461,-0.2755697265706231
2.8741190845193074,-1.03112154814836,1.4535188666061196,-0.2120919537122763,0.3982177630829936,0.6965158490442576,-0.9359191784618731,0.5361961570866666,0.19168766783685345,0.26077295095533226,-0.2680433126850695,0.6985872575822862,0.8647581656154334,-0.23972249708645427,-1.184008572677018,-2.0292147756850603,0.5412206921931496
1.7540379804306359,0.41553020815369585,-0.17895868765200787,-0.6186013743978533,-2.039416971073618,0.7088413107972813,-0.928814834473933,-1.124779975805006,0.9294793790336146,-0.2963174652699112,1.697837355130444,1.7249255719295002,-1.4456084394909858,-0.6119500833561112,-0.04827196926897002,-0.07633526276738094,1.1933295290839965
1.679040933700974,0.6455092018201299,0.7557136768094201,1.236532369901516,0.09005179928971487,2.3094011919731208,1.0433801081879752,2.850982029888112,-1.550745814193797,-0.1853070918240677,-0.53677215075514,-0.9407341519173495,-0.7501049401709634,1.004752584948658,-0.9910396306855322,0.5133595600382774,1.3413550874549192
-1.4427006115094927,0.7019222878105483,-0.6970994348281452,-1.2700682519536883,-1.1710730742192623,-0.0665822513082113,1.993514571660079,1.0976895785046659,0.39581852906779924,-0.3739765265701986,0.2131837444034202,0.5046260440940604,-0.9076754289889141,-0.01877347676133789,-0.4129939890266674,-0.39578749602015856,-0.6684990893057426
-0.9247125280796348,-0.33953802541517897,-2.3692268832264025,-0.2312058136679345,-0.9188184380106682,0.6987904732634622,-0.8378596598132433,0.7113478811042541,0.9863464723801849,-1.870167502110753,0.9928586271200905,0.18137764187613462,-0.014984344575678812,-0.6280446015748639,-0.578531723714307,0.7182917649635236,-0.7856001711818346
-1.3019071194232776,-1.2664479599047467,0.9714342109452302,-0.12310865888470751,-0.017794543224243977,-0.006946083517505235,0.7097308904496735,0.13581800084612464,-0.5238991863337283,-0.004670878932687355,-1.1599398145012076,0.07875046955112729,2.5971481724823184,1.7074238748315305,-0.2695309062631561,0.1528211905149399,0.5961214091888186
0.16060189732379815,-1.482334104734828,-0.8978673034071832,2.0921430422132494,0.04769566551942164,-0.926080271836051,-0.13218672932926107,0.2263583622531561,-1.6638408004802736,0.9950527834119713,-0.1815455244592317,0.05634920133260432,-1.5413381888039164,1.0453123142487482,0.4594301771314259,-0.6434838729292343,0.5282904948554437
0.04593388046174663,-1.1945395797220903,0.5208154057554462,-1.7357188159866983,0.31558395037222536,-2.042891224877153,-1.3825433863007675,-1.838919471992971,-0.3585328658134736,0.1572709850320857,-0.5903440048558551,-0.433856517290407,0.1813630714095744,-0.3836785274391371,0.3983138081256656,-0.690246872492159,-0.7863324536726132
-0.22402060482763603,1.6825805074097888,-0.6458322231372967,-0.1306183066097971,-0.7381032619129962,-0.906104058545849,-1.2727787629351202,0.710040640825944,-0.678968262230294,0.6425188657236998,-2.3792717225985913,-2.3735318442920286,-0.2885612493574215,-0.1472937142615142,1.291518654298432,1.181959888837212,-0.2488891138049339
0.28707379606472155,0.4600260802706728,-0.7659682316427764,-1.8798684728374886,1.1469840864288998,1.2286688216057062,0.6888223770446217,0.7696051483201146,-0.25432695699953894,-1.660685542649435,-0.3391426409402437,0.2491311744473815,-0.5121335082060261,-1.6828236193103154,-1.8508989317353666,0.6188490309897324,-1.1953952325995327
-0.2781447660263076,0.22911017267407666,1.0545346144478183,0.1478310485573931,-1.9552087451992008,0.24675411095098237,-1.1602572181436548,0.5868522237124624,0.9651578826085367,-0.06486282157760752,0.7476887104687268,0.5237128283096847,-0.0694773141204306,-0.0013506101350779628,-0.996322591269223,-0.7829005651332018,0.4300265714721548
-1.0733247025143848,0.21730301508212949,-0.6342749862451293,1.121475842050867,-2.1211717314988667,1.348924898716064,-0.5175713793868236,1.8037273092834836,0.48699516967101847,1.2805728366949913,-1.1249762014092868,0.8503432737349713,-0.3220127401923053,1.1024727114102992,1.1116026681451519,-0.4609249680382625,0.6789628875719811
-1.3005507592036476,-2.4531282559368006,0.2432900643183,0.11523669828804572,-0.7724854446353223,0.44723987496029133,-0.536121045129256,-0.10097261641132159,-0.06582263538681364,-1.008700123514638,0.019394541062765815,1.1578626285751403,-0.47320964827779466,-2.2031441149080786,-0.5627919371099871,0.19679175557381556,0.65603676982237
1.3358854616579974,2.0863495214040975,1.799795675777624,1.2609651794064118,2.6967377695164623,0.06112523042775806,-0.2903293065855178,0.13718132489650653,-1.0906183876665245,-0.1921002941766143,0.13289146158386292,0.1704379778916926,0.2689620954536991,0.6008060469187203,-0.630916175469264,-0.4932627261639556,-0.2569691270636243
1.268925448516229,-1.02320956737824,0.7654770257131976,2.5160529177453776,-1.1291218417763842,-0.7153933155236655,-0.45981283568911846,0.161912706310444,-0.4382018656923884,-0.08520437427691756,-0.6114878641798742,0.272619121542102,0.9722878453677961,0.7950642959852137,-0.9451864503310207,-0.21519208709125814,1.135180237226043
-1.6388911089187026,-0.532685903840193,-0.00069947626714773,0.46381000895474467,-2.5797512443085844,-0.6426175130418547,0.21316925989811317,-1.114502987351825,-1.553246314053433,-0.36461814180489166,-0.46725311956719756,1.1490693687746913,-0.3627349429961796,0.5625370270202672,0.1985486817973246,-1.297484423638835,-0.7352301759174427
0.9078459108966004,1.2034372688870425,-0.22686472641417815,-1.8382593705668564,-0.8229804057368488,-0.036067261495631775,-0.7944451845021484,-0.5604456371347619,1.0648225063059622,-0.7285241511279852,-0.46902449129988194,-0.7010322930458551,-0.7307826929464936,-0.8357750256974681,-1.0504183384461094,2.304788315362632,-0.6042885509846202
1.1350066206822542,2.2014844480158997,-0.7618597041389314,-0.6238460976461923,0.3206780940938465,-0.7281971996194876,2.3017319987996205,1.3877762254483967,-0.28193689465346394,-0.43343602857449276,-0.2774543589667861,-0.2982385128002194,0.7550359146347526,0.451640957397469,2.23224528751223,-0.6286500593581995,-0.8619655328999051
-0.0414846184410518,-0.22977359367231073,0.6295899509617966,0.14553952940401077,0.6782388198336401,1.2137657540642919,-0.04431739003492488,2.086926708792729,0.16379131402992064,0.05135230226511451,-1.6391978043523006,0.9159865227190318,-1.8566581800210296,1.0014538774749833,0.9514374880364694,0.16069355497976961,1.327474011486547
1.5112695599351498,-0.4143282656851955,-0.4526963430191438,-0.08717674021873179,0.604476977349966,-0.06521076113013805,2.8424740053472872,0.6362863850195153,1.6803913247721047,-1.5109702961303755,-0.29531763516613213,-0.22854548150124362,0.5400373952911931,0.48110216885316986,0.4107270155909933,1.5956301412147258,-0.386848625700353
0.6399794828488111,1.594081017667647,-0.23539576905719464,0.295185985716137,1.509027014702451,0.49635132071143045,0.9371481642402552,0.8795553741582928,0.9630027703788708,0.029297078799342558,0.16647688864641222,1.164971186351652,0.7313663986129542,-0.11450300789431767,0.716402022875841,0.8668554738222899,0.858291824625324
-2.0395951133743484,0.86359086349195,1.131875261175195,-0.13935179866660338,-1.4854336641604626,0.6910098276000521,-0.21360102346314072,-1.6069016209503124,-0.038955245016248065,0.49238119072314623,0.5720221989963991,0.28815712478509,-0.4617133464650077,0.32945754827022117,-0.6113422850041522,0.13505744299607406,-1.4285249509478122
1.2503452859858164,-1.2998220779314342,-0.30772907442014696,-0.12171927592232756,-0.02573596854877447,2.1952977631084076,0.8729997937258623,0.8266558113990262,-1.4148257262028754,-1.4638729816147276,-0.5975279403584741,-0.5039005554508801,-1.1469759509711837,2.627152508060936,-0.568235355391742,1.2820328598478825,0.689636941785724
-0.1298649263913685,0.1907597048736495,2.645342582286585,-0.02391610823641694,1.6272411641765807,-1.9793592785685015,-0.4196084900985896,-1.7909082107652563,1.471702822617047,0.47244941128342816,-1.0777579058497604,0.2245119135357903,0.8987368916296307,1.242510084575366,1.0345919618996784,0.5028553159088742,0.2700842252875825
0.9776451634054869,-0.6688585917007472,0.3769442859691829,-0.5543408892441836,-0.47241577521860156,-1.532988660684839,0.9600423781496491,0.922859257715103,-1.1911790036306569,0.46471075324969363,-0.43290445651700876,-1.3245858890637712,-1.2558588732105742,0.3297876481243917,0.3396581457213588,-0.2497651091903398,-1.4317550866265083
-0.48153197677714976,-2.2796749694236085,-0.5686619924211744,-0.6747038655024947,0.802891979944825,0.23982772231614324,0.3905052025594581,1.1268741713091854,-0.5851610852443674,-1.0326870818763823,-0.08433621899839124,0.46341520605475983,0.02000367774490162,-0.21073517204533823,0.5292931860123372,0.07151268044433536,-0.1832374467646649
-1.8078508425240296,-1.133492894000692,1.101124981583876,-0.35732208587774367,-1.0539162320023558,0.07149351240149152,0.6366224944770997,0.46672116003964975,-1.1374024739571165,1.5149248866159675,0.5922736990908205,-1.49997430276507,-1.009171927906508,0.6766300812532593,0.7630294542581821,0.9422544439296532,-0.5834300672102505
2.369593634990467,-1.4570153756005721,-1.6637005645114034,-1.0365299933048715,-0.3862333583208442,-0.7837043361092292,-0.6314900239533752,0.09272161858939244,1.1908492528529822,0.2966319779570169,-0.7956345957866052,0.4147614669305922,-0.743916385512981,-0.5131861053758682,-0.16008346760768144,0.8641897992951102,1.7394379065869272
-0.5513596028053511,-1.270829528850403,-0.7162337793203496,1.2727448959202043,-0.6157042322794807,0.8792434900186284,0.5428324543114339,0.48127615625446485,-1.0867803171985841,1.3374842622153817,0.011391085208080576,0.6140402003540338,-0.8549796556445408,-0.5968243606792145,-0.27114482753806984,-0.25478220690488484,1.253770917198377
0.16523664725297385,-0.5635210156413525,-0.7521267258493305,0.46319279300398114,-0.5514565839703268,1.2769747608460023,3.124086825853176,-1.1280627515037622,0.37490277905052594,0.2644369952748356,-0.01670774506462471,0.005583498542677988,1.3674540515257905,-1.2527824138654986,-1.6250158786548181,0.6125101632442682,-0.9459089293467616
-0.24572443633615978,-2.2131552550161855,-0.6652033005771921,-0.48035348927286214,-1.004138879905548,1.0953062478347317,-1.5313929830741615,0.6357508953996029,-0.6232877641698635,1.843834638517376,0.06737689770097956,0.34153234954914113,0.16022252306058044,0.8054412616190717,-1.3496265566109953,-0.7053858349046791,0.9924798805227198
0.10043126015470115,2.3299044561062585,-0.6357358780509992,-0.06192075850777461,-0.7641504809553071,-0.7033692577769179,-0.10045105200631713,2.0916944782314406,1.065518956607545,-1.7408452961875533,0.2218933861518698,0.3530359408583377,-0.07889538555461417,0.7198587281282935,-1.6924495704748919,0.8718607936397014,0.6717150965046104
-0.3506594414196889,0.06836691957724023,0.33647932014707216,0.9483757493517001,0.20575820494678249,1.8340256975972675,-1.293976864635832,0.142323554721168,3.0718341705677235,-0.19085827374836206,0.9553273695970939,-0.46669454064717497,-1.4489641280964654,-0.52665661713598,0.9695827581920022,0.6471136438148701,0.6021451414042369
-0.303626715915517,0.7980719615144325,0.6390603685456001,0.35837562363512876,0.20932483491805925,-0.4415565785780897,0.48118387610455476,0.7318545420082634,-0.28621476794593104,0.35214951471357075,-0.8020265209347761,-0.9102819150996486,-0.3971704520128141,-0.023091479135084664,0.2957416025288795,1.3743631371441403,0.5392054540274067
0.20644219149359852,-2.542650525847904,-1.171059243579825,-0.681650084752526,-0.3133671912869921,0.9688582536333908,-1.1849554052165072,1.0393541990801032,-0.18526407482965151,-0.0243606426735349,0.2552498339363054,1.0007315091985525,-0.2434928959302349,1.1385441952463262,-0.9307591338465818,0.6047144198004222,1.8140875984339724
-0.6583080588774949,-1.1944183324254944,0.057013817260548376,0.5507560921210212,0.5420745563223075,0.4374798612569578,1.264893088490249,-1.795718456067496,-1.348640255074027,-0.03126299872129706,0.8430427166918919,-0.42393720230383125,-1.2912416613002726,0.5986798147344461,-0.2353441507968653,-1.0720445420386446,-1.9171345775159068
-2.635086248103116,0.2986400723956861,0.3048451546523158,-2.37442062014724,0.5774109935955591,-3.1471592146266274,-0.4973163000857618,0.8277437920877208,0.3982824154019554,-0.7119445939266403,0.39308761745804655,-1.2215329176385339,-0.9277186470409639,1.1244630556589736,0.10933682272169723,0.36932405303758364,-1.6418116779100758
1.9017641863664363,-0.879806110300276,0.1772783312134756,0.44888003293386264,0.6787663207128622,0.25466871162727883,-0.18226876652626275,1.5156216994328755,0.5964064112863526,1.6317037017385823,0.16104674665463928,0.05918052814807724,-0.6472694057380222,0.3460383652396609,1.337541228234339,-1.2712285416386175,1.4470552063610451
-0.26425729161752876,-1.7918956336490865,0.23531890559049404,-1.4419792325919885,-0.7998365018233962,1.28637262189863,0.5820394059596405,-0.2588224757757031,0.6707149338137874,-0.5637208873512407,1.1003735209760093,-0.16830840631436855,0.014158127127509272,1.9752378922011755,1.2827052010278464,0.155739744985068,-0.3307726663668203
-1.1289010338305125,-0.047925763389726345,0.9741548751540705,-0.8093475066301974,-1.8595098973580735,0.9277485810844296,-0.01433269551072097,-0.9969883000940779,0.7963239576798008,0.9434749475693962,1.9370507475406207,-1.2131748985116624,0.8800425619532957,0.46244810523756097,-0.41380811086048735,1.5844129403409608,-1.02064237098737
-1.243353096166935,-2.693935161916923,-0.13995933666891247,0.3856017245431036,1.3166165380173658,0.648489151805507,0.606759789124783,1.6426411912137073,-0.5455622849267825,-0.08136547455138902,-0.08301833337393884,1.7148195165840683,0.176755424136697,0.1677096757487773,0.4665467486555041,-0.9903713890168063,1.6203207244451785
0.6285218109827952,0.47623256477931114,0.4218254355552851,0.44045660341074927,1.2763604423377597,-0.2969706040613292,0.8915607794879058,-1.5685406348366675,-0.25274997255365456,-0.48665433114163387,0.5587339854104709,-0.5444771225601364,-1.2787624448055366,0.008663879538109173,-2.3776902073654598,-2.1183994881884263,-1.1045990227335851
1.4253707584921524,-0.16257328112175096,0.06156457013369352,0.3982564142437195,-0.6387938360468991,0.20801828510602488,-0.44808744841986947,-2.2321807603959214,-1.1527083159666198,-1.8153537261172241,-0.7589504343229824,1.2411822559726504,0.4262350424929753,-0.010839182348141126,1.7034416676413704,-0.6013191379748478,0.486831029905224
1.6049498022918511,-1.1812492065499578,-0.6133956915344901,0.5146859770796406,0.8235573035281021,-1.9976636057713124,-1.6268169119494391,0.24322147062882177,-1.369166043360988,0.07777240663039058,-1.9757059500164036,-0.5239390556920199,-1.0644734287690576,-0.1604458655413376,1.3180553830363575,0.5198399431886639,0.8632043246753135
0.9776736204300739,-0.8733416366236579,-1.221525273562251,-1.5285045601816893,-0.8285428044286938,-0.22671735753650785,-0.3239607614097537,-1.1468171491221635,-1.1349913165725014,-0.111224897129224,0.16906097497270045,-0.37453376713060843,0.8254875061482098,-0.25192279916559457,-1.174506841842516,-0.20588976182119792,-0.2602333925143608
-0.2134258107215778,-0.15289800208158913,-0.6911221126017381,-1.8527915307149334,1.9110031040324467,-1.4195214603203863,0.6462563371963526,-0.4612623672650226,1.9904749964714967,1.0448064973620703,-0.7918250070585652,0.6419252055977492,-0.8652925657627748,-0.7093869711509032,0.10994942766558626,-0.04007322746196755,0.89585834803742
-1.4456238021340915,-0.22056058297813555,-0.6840398856172337,0.8457681209867379,-0.5187080093197299,-0.9289974822928295,1.3033955887619815,1.5077454046076668,1.3018421882450077,0.7670575359777482,0.8893133315465167,0.23913638285112485,-0.5002312063914449,-1.4717663103951175,-1.0449712514922456,-0.32289525686744186,-0.5323871130610085
0.43790418242230156,-0.17348921361060404,1.4095896905344796,-0.806961937354659,-2.323844995839586,1.167512749456566,-0.4558318489305749,1.2790066999193945,-1.1329443572154723,-1.0795999194061652,1.5621000735733799,-0.6298718585317877,-0.6671927808765229,-0.09487210286954204,-1.0920912973481267,-0.9699798018179673,-1.8583708162206152
0.4537605352316208,-1.1752997311642885,0.4359514165473833,0.010586023471540997,0.4288001556409492,1.397866795196909,-0.21797049495616522,1.3135274303940394,-0.14217282987734284,1.2563639603432444,1.3586250297890363,1.5872011317544155,-0.835587432299169,1.254961876932596,0.5963651337936867,-0.09361459730716964,2.3279594679368465
-0.6396652198675854,-2.1725008415765963,-1.3779457240406079,-0.5748769423499429,0.5261972381339227,1.426923288476418,-0.77783455681712,-1.1733188210006724,0.18246315092122228,-1.4706649797324243,0.3598614720844644,-0.8926219861187742,-0.9827898825461292,0.6603555368463064,0.6114282050057093,0.00273556231128885,-1.3389571228481585
0.8193574092352364,0.7987081671181053,-0.5611651927398986,0.5729958383620521,-0.02499954889892616,1.076421194166806,-0.16804756073564858,0.7936230057736853,1.0693298861747094,0.5504572075251487,1.0809653198399045,-0.8967241210924097,-0.38409176485404206,1.612480038886253,1.4722083611375363,0.19401859910277763,1.1749708585350145
-0.19802475533475933,2.11470031309865,-0.797201543024924,0.6159281937061389,1.6539046304097396,0.8200861969172432,-0.5328134103771144,-0.27751189715877217,-1.9939201612173216,-1.7596110272036865,0.3551656650682349,-0.775606577712762,-0.6532786875392956,-1.2036450703425408,-1.4070691192430131,-1.4987018753853387,-1.6803116463935364
0.002604830357565536,-0.2168993347382324,-1.1180569083554428,0.5246561420590802,-0.5693575203343931,0.9354366293470671,-0.8599597527792782,0.19939881576666282,-0.4481877075542588,1.3607790893123575,-0.03934676087404929,-1.674243915704438,1.4793657258093478,-0.5156488562445234,2.0422480286868114,-1.3144218562071381,2.452886124315433
1.0794844033828388,0.9435635779670221,2.4911350049701877,1.0476822049303434,0.36042346092846556,0.6990289103820252,2.2661278436949113,0.24886833183043036,-0.6228686092424663,-0.026044675663235015,-0.16665146367471845,-1.0855871899672274,-0.009889486036074433,-0.8833722737783134,-0.7079884191032759,0.5195062583417439,-0.8091387359116764
-0.5795399340238764,-2.528598439727795,-1.631019354327529,-0.15799303370996218,-0.2828433268591324,-0.7366556454914789,0.40326113805707475,0.24750244799455037,0.1895662629603434,-1.5271246257023503,0.3965108427581519,0.003917501523330735,-0.48851274466168093,-1.1849807045943057,1.4920804518868234,1.2473426144142405,1.219587714399342
-1.5230573446275377,0.05535518908184964,-0.326679231113483,-0.4681235802288199,-1.3349589032898126,1.0103817896095986,0.7086283148270679,0.22178927592840866,0.855612512434098,-1.1636564234805977,0.1504369729466311,1.9261667191887744,1.134734604060282,-0.5415499663016691,0.05075221889280549,0.8815319862600351,-0.2800968355545445
1.746380495482928,-0.42276727998140656,-1.5035164850583205,0.2501731116325747,-0.05835522323957958,-0.01822813779218568,-0.1566560996438932,0.228925594269233,-0.4289107434569151,0.17120198465801215,-1.6042571799942003,-0.525591709657789,0.8634136273291004,-0.6122489546953037,-2.1756894195125396,0.6759216259310146,-0.8276290082479094
0.3634706731551708,-0.5318063311022285,0.7731502379150776,1.7729467420825158,0.06364382665154147,-0.07209318107694776,0.47627916071893756,-0.21829242606175372,0.24581450297274415,-0.03978907979230313,-2.676862447360357,-0.017207788747973712,-2.2976260593656166,-0.06520062791680159,0.6986830112514116,-0.13239118438830874,0.0337269736526326
0.33327417004982535,-1.2671338645258527,-0.11903532456810473,-0.31680064755761383,1.13388315885972,-0.6115378868952439,-2.399217351809075,1.9810165499380588,0.777010546246009,-0.37346309522088006,0.08287659318214384,0.9819590203668923,-0.2940151082091626,-0.03593442942419073,0.8673334531181907,2.047182971077092,1.963826601586382
-1.2408907087668395,0.8911185842641209,0.32331745046865323,3.0681211319179966,-1.6266133605278157,-0.5122941442831543,-0.5157038780768518,0.7298460846810604,-1.3854104649688952,-0.3477642364700868,-0.3999929941324046,-0.36764784601758765,-0.09424803746398656,-0.15202567618780255,1.007655981479722,1.3048550820910703,0.2711190834712371
-0.741912736514491,-0.36275848960387325,-0.19075436313790145,0.7293220394347857,-1.3168622178855707,-0.5583822878334298,-0.11515462865632582,0.022510679335605386,2.093559633175123,-0.029427589898001805,-3.103423298976156,0.406155074903786,-0.6904655348665174,-0.8386879773962113,0.8319791894893322,-0.40390985234319027,1.8526278353681576
1.3818528884032277,0.08346319670991623,0.07607733018534828,-1.83699909516807,-0.7070707044184833,0.49545373398725745,0.4369629797005792,1.177401620756946,1.0818286699929942,-0.03555602735911694,0.06392293976278736,-1.4847156959738061,1.7094087728586742,-1.6483961882874298,0.7983809147188606,-0.27282214807391086,1.3040562779436622
1.2700932791345927,-0.023341057083664497,0.9125469177087355,1.7309641841801384,0.8833895775430344,1.4955332652727522,-0.8155653720780369,0.9579664997632431,0.7262969172780237,0.0639753534751472,0.8228571928603351,0.0817696413449083,0.2246693315845618,0.4616635417517412,2.6026264695494405,-1.2421571407350587,1.1145813399321118
-0.9842424903824124,1.1992024253961846,-0.6074338082396169,0.480735874260345,1.7060706661946996,-1.085626378645013,-0.4229597327183008,-0.03349217939519873,-0.12452628900573354,0.9173466511184691,1.6930804252039073,2.2172539456995835,0.4255634220567095,0.12710801026272267,0.0229005779125471,1.264012559481742,0.5515479771587919
-0.5935749318748386,-2.7350710163518928,0.06524529547395481,-0.29153095709827304,-0.17879235938751553,-1.4168840385587227,0.2339535506416914,1.4448038061682593,0.285159368150971,-0.5197909836627239,-0.07780120336515968,0.39179877592313633,1.1037266022043217,-1.9601669673027404,1.3945671622448677,-0.7261051266703079,1.6336719686391397
-0.689215903987966,-0.7009923326313185,-1.1042371468979788,0.47302212625485646,-1.3014391087687354,-1.1131794542293774,0.7694664787059462,-1.585691057278376,1.90045926833421,-2.016678127332642,0.4026546283414256,-0.7188285851409836,-1.462400446827615,1.4388222077041224,-1.3248697322693475,-0.2792609681339505,-1.91867829259486
-0.5584223030967513,-1.0116725023344413,-0.4977402414145226,0.4615312125443131,-0.4393316155604346,1.7612321536994768,0.586649054679736,1.7230944525664693,0.5320679180129914,0.969213520642551,0.2123246014884932,0.5420394377633917,0.45333592361807734,-0.8318897624545178,1.9418813591779058,0.879370941337747,1.6724511995974822
-0.7067219968667069,0.09221918216171575,2.009226221982017,-0.9577869458202665,-0.27225314723530936,0.024365767108097083,-1.3433029292725225,0.3018508156264927,1.2531700277566944,-1.8217110079412813,-0.08609471998941709,1.815552176383412,-0.050676586745653104,0.8876933079990768,-1.1397868062251253,0.737101754068906,0.5194659210437252
-0.07653366025211533,-0.17462913834658447,1.0653954927322196,-1.4371292086935867,-0.7101285261066924,1.293968596499599,-1.3129501510298844,0.42583563012583536,-0.16366439004988156,0.22808094733195472,-0.36049556878349853,-0.893146891781049,-1.9839962376657032,0.12963238475752237,-0.3473829570721314,0.8512021418987928,0.6080453167488267
0.7010247628661518,0.22779959984224415,1.3298270889558559,-0.5834592399129537,-0.08913968960614374,2.285323792349835,-0.8159412013638714,0.19322405824585326,-1.3482214345586638,1.2158839734021123,-1.396509380343102,-1.7158891752774128,1.1402974423589702,0.20634485841513803,0.8751004921452197,0.39279699144129615,1.1487764933719742
-1.8723252232000756,-0.01833165462081233,-0.5592545296122803,-1.451085126499334,0.095350084837633,-1.7875612931581613,0.10134339978042281,0.1226808878312897,-0.9471319424966634,-0.5621897327472419,1.5207732248212855,1.1161223105775486,-0.8324782688247389,0.4804329794389843,1.8849185336635117,0.07644036312993072,0.0469120185368948
-0.2365884758810413,2.0621253867648845,-1.6487053501498943,-0.1638113372091167,-1.0658104536666755,-1.2594321440927412,-0.8170197483840378,0.9015939381295178,0.5122318034624159,-0.5167757115500683,-1.619164854575986,1.2742017384626745,-0.4633200304354098,0.10052585772414513,-0.1944487798241295,0.010612183187831034,0.6460875171637547
-0.05088752836406357,-0.9702637358518074,0.6749191669062206,0.9197976029952695,0.8781634197962319,0.7446914694585138,-2.2540212245556184,-0.8416164216893716,-2.0391434029043936,-0.45639706576182426,-0.8081647809880635,2.720375222071911,-0.35292482747640325,-0.8971609456637025,-0.13155530508083804,1.435028929753514,0.4142161412480205
-0.5065853262012092,0.8488463705907544,-0.4218393747588273,0.22226263652499523,-1.6905486847007234,-1.2885882736538525,-0.4522445112420239,0.7811807389506604,-0.11510799586452453,-1.0146706651230026,-1.1671420651059943,1.9095857618086383,-0.39866269933295245,0.5632875787706111,-0.9115593939252342,0.8988246356617544,0.5003993578119585
0.22544776508774209,0.040030040664422055,0.7608998610667034,1.8173423155701847,0.11617740884124955,0.3896050938940901,0.7493623445733361,1.1556754691369087,0.3783431222347898,2.2700038607393096,0.14062748327938254,1.8315335106412818,-2.542413259221929,-0.5868170833611631,-0.49131606171637343,0.1740511926383504,0.774225338501294
-0.9771078246403675,-1.7604223071469192,0.8004817891247418,0.004844738494626246,0.8000212643014888,1.25077367192841,-0.6276473986945448,-1.305596821826671,-0.7057050131624105,0.12798058121232755,0.7748492863567737,0.7979844465242233,0.2064088860074264,1.0893542423324674,-1.0979005240326525,-1.1396483798895398,-0.7643106977126929
1.5864409116662526,-2.1151160416717216,0.47107202965877726,-1.7556021104591286,0.19178093481946837,0.23128537453526676,-1.0411026125182976,-2.210380765115096,0.16356961021480473,-0.006136641421520855,-1.3598874647740213,-0.34040452693986645,-2.003569311051526,-0.3998594782704862,0.5660396989066478,-0.1521023963847001,-0.0088686867373162
0.22485908455410916,-1.0243108993568775,-1.0333144516812705,0.6567270073068363,-0.2122343978826661,0.6336709059387868,-0.5142063741734714,-0.6917797130062647,0.17760954276101673,-0.9646583271896606,-0.51017881487912,-0.45945010281167986,1.2414429839179155,-1.110703379866341,-1.7770796102214312,-1.2867863553813048,-0.5907362299628555
-1.366101093617575,1.2795217727239627,-0.7038438108345518,0.3019683999399765,2.310553589471809,0.850627647190965,0.9103625135702205,-1.5404374548628164,-0.7586200160250633,-0.07811351392168966,-0.028669702967225503,1.4799370988524492,0.33300787145576866,-1.1720201499830851,-0.9078976759711154,-0.22988272684862796,-1.4404838580155293
0.5037375342430371,-1.0618637924741772,-0.6712015844707995,-1.5770190380372544,-0.7238082779462872,0.7503289511414738,-1.109957713004816,1.2424280126375824,1.600411192004001,0.2877827147887946,-0.5064568027741326,0.243168670096711,0.3054091521597319,0.06085258026962643,-0.7224059588820179,-0.40925156778433536,1.271829796983834
2.1716658895467003,1.1712414650899519,-1.1233591383117554,1.2437571999682824,-1.6089075390966037,-1.431588718121154,0.49624127132144263,-0.9029430484044131,-0.1118594069427227,-0.33826837692823797,1.6186196980050127,-0.10698542710500314,0.2244558011104532,2.159391186783944,0.4837010056954965,0.4400767120846427,0.7950199278676111
0.1902792708773587,-0.44575228851972476,1.9835358761385542,0.5085183651479217,-0.25553764258912387,-0.5644670495490524,-0.3525765973333362,0.14228573832091265,-1.319794551426637,0.6747753397429969,0.6046472565434581,-0.6909260937977365,0.436233126954059,-0.44304778681424367,0.7792656753676747,-0.3521039025779364,0.6109783696954435
-2.811341921752777,0.3443580831503159,-0.29250077428508686,-0.2838036339186886,1.0474020610210026,-0.17318826478441043,-0.6506663873199642,1.1370783238287607,-1.5769463349758654,0.9390407803866485,1.2893687571166357,0.05496694495447728,-0.8329581465615364,-0.7474293788937062,0.29959963485713026,-0.890345720733706,0.195642328764723
-0.777981059515499,-1.3935307010763407,1.0667483266672544,-0.9195008175492685,0.693705683188696,0.32617900074422246,1.0245996978199645,2.002944215347146,-0.21647653083220064,0.0667774867274039,0.9100069450133565,-1.1280774124271322,0.59200983141023,0.4522541613852642,0.1553552144426324,-1.5733805677429133,-0.2381269736416201
0.8432967501421369,0.8188949622120341,-0.3211329225893036,-1.3457504304045813,2.326666290437999,-0.21027641816422352,0.7416347719764991,1.1550376199711487,0.31583984966009016,0.5748665188588715,0.861241669015215,1.4791159472061826,-0.5215839423933166,-1.0146338577711007,-0.5608092505454226,0.146188769243722,1.5430424698023928
0.1236043448307656,0.3884887326017415,0.01876157955541165,1.000553185454108,-0.8497450200020434,1.895372089146214,-0.801207056786294,0.5802579532226544,0.4365404386991539,-0.6031800026252193,0.7716842163519343,-0.29393448581445025,-1.495344491868571,-0.3058499556287317,-0.5976854796422334,-1.457821605604959,-0.3852876402829425
0.3518885758574264,-0.056774063301117575,-0.29621227443257586,-1.4189954359887027,-2.000344891255845,0.8919026018203616,0.5133177327862564,0.39373465500387395,-0.14645467536705967,1.2863031315065012,-0.9748247146873364,-1.542227438945149,0.804659537021165,-1.05233774807456,0.64808165987695,0.4859531690067796,-0.015013697864929
-0.32667552944404515,-0.613469579325861,0.38579211713841793,0.5309216170793001,-1.0326396338079602,-0.3812930917852568,0.10289438200814068,-1.979839002409878,0.4558785545949579,1.1181434531335261,-0.10201393032643197,1.4984264869339579,-0.7997530044188929,0.15681700826497388,-0.34837800107774575,-0.5522146400483122,-0.2111831996150761
-0.30361555469037077,0.8427973020986912,-0.504614979517943,1.0968765216384244,0.6046750920743285,-1.1305331583527207,1.3390857674525187,-1.8218725156599067,2.5480722695095803,-0.7588026829873612,0.07494489352994137,1.269734047022518,-0.04740335455046953,1.061031246127177,-0.8477446226030284,-1.6583772730937645,-0.2220336409327552
0.24711774116462018,-0.19427496698266566,0.7322825045010162,1.1650016458640269,-0.11745648580093307,-0.7904479223903843,-0.0700538981670051,-1.621428832025913,0.9944696693666791,-1.17417675244834,-1.2158115296701817,0.5701182827772262,-0.5517966517335879,-1.2219569713260152,0.035685274301311305,-0.2819676098444744,0.3434344207815543
-1.320475796237867,0.6098047766335637,-0.45924258457494826,-1.1911531942602418,0.39448536958446395,1.4779138832674394,0.6256139244991358,-0.46161141588227195,-1.0072245475305546,-0.11946550635576261,0.012863176039406456,0.019869146143416807,0.5540130749062512,0.47540230497270464,0.6181660407476613,-0.2127345140684469,-1.407362811905161
1.2005688346147303,-0.6664073443225689,1.9353817578165609,-0.5593270481175949,0.9644929608362781,0.22040570679743882,0.7297047437816709,0.443114458415078,2.0728363113825683,-0.2620065568719935,1.0069968570535435,1.1505465039607683,0.5511170338957913,-0.014551058422297635,0.17965573385056488,-0.8430820184903323,0.3632541543872205
-0.998338508821614,2.041695192482296,2.108776878874211,0.6524793240514052,-0.6010823874150076,-0.07639844765498646,-0.37050257374288365,-1.3268342686234245,-1.2456364170320362,-1.0270648782410459,-0.8086790818739529,-1.1213039714739221,0.11423545009173812,-0.12700595167882198,0.8566083015137516,-0.5559914756843781,-1.276699870513383
0.6732415068367161,0.1656028660062206,-0.610813252979121,-0.9283487742813886,0.31322584909975854,-1.2125134041324392,1.7828239925673701,-2.369787286294279,1.0764376630972572,0.14071523715145973,0.9570445833900832,0.24817843182595758,-0.024936186250927084,0.42980768452195145,0.3738976641826928,-0.024700663101506797,-0.7316747148616183
-1.0058007665409083,-0.772925614446633,1.698638489946476,-0.13567485578477304,1.542466007898201,-0.7287926943799397,-0.656933663734236,1.444821030259299,-0.6059119620118915,1.0279540539577838,-1.0158632648033648,0.7160314793338005,0.019535916306384755,0.40037364800551944,-0.08991867256716098,-1.7409944604486745,-0.6865806724052863
-0.7517463871440017,0.6063668408347365,0.4610500132882905,1.828553118931419,-0.24713235135652958,-0.29857381947902184,0.9709459223779063,0.33780849812230673,-0.39170613982859276,-0.44921227026597926,1.4749056393516948,-0.25186094941033327,-0.9326705168270333,-0.7258373932236692,0.9433032511562407,0.729499449500303,-1.120549734472858
-0.35547283397695956,-0.8762374824479258,0.5008946299682598,0.7978357982304651,-0.6521679172562481,1.1349671513936581,0.1802319338425462,-0.10259267737158333,-0.2753716339173905,1.979735172300411,1.7543633964836933,0.12178330319815599,0.5299445176461355,0.18016354776931826,0.8832992666247705,-0.39000433944424295,1.4149681203922495
-0.5086614253793125,1.5041180815001352,-0.8759196995584008,1.3396669555658396,-0.9230191988934615,0.4298698069259091,-1.1584038575463917,2.1002987550112335,2.042712315409854,-0.3069464025457686,-0.12040537994931659,-0.4840264522845614,-0.20023318850079314,-1.4706126690298933,1.0668194091526992,1.034507708087246,1.0552658424000596
0.916939385863716,-0.8120831533422602,-1.6182268300695364,-0.459980910016997,-0.7297258375594465,-1.2684036473216125,1.047607058362932,0.40674620252949517,-0.6653216987937188,0.33315685684920543,-0.40181798000495234,2.173315298498158,0.7886536646524387,-0.2667669595833667,0.6270861406995137,-1.9961363609012022,0.4890480665499903
0.7539855547059687,-0.36756019657275435,-1.9729391180149145,0.23759192738766088,0.9322919787097834,1.3461831393275852,1.364516332172719,-0.6027548688050194,0.3851363635578182,0.24786551161189418,2.6444506788958004,-0.48031226098171637,0.24156389268167958,-0.17443615058984174,0.5153797619508301,0.908721338394615,1.1918479261347088
-1.0331925642966655,1.384339532523697,-1.0996213517683462,-2.5676614856488422,-0.2212611329129022,0.9200673619700412,0.29479774591694113,-0.29804956455082393,-0.7284067508616073,2.0997908805053878,-0.270454500146563,0.8045771515762032,-1.063384783721679,0.9343732333719718,0.803564951424786,-1.1902536395873409,1.3015514295418669
0.5272790896687174,0.11386680706606873,-0.6390164943220928,0.11574304032130368,0.20196193472802942,-1.0496892522999723,-4.264682167857997,0.10152124547804416,0.19501567538095763,-0.25348733869398865,-0.8975436131307168,-0.8969235044503406,1.89519595381529,-0.03566465589567812,-1.4366335025803338,1.1469675735992835,1.0478869235600117
-2.1796941875870437,-0.08423989681527586,0.766652990412362,1.1109118789401689,-0.3439002963736661,-0.5181303338366522,1.2695584498044208,0.5851506588703103,0.5473288111528027,0.6995855645952456,-0.5525675776926199,1.5119817157881528,0.6226496133309036,-0.25304552403101155,-0.8570500214284683,-0.14460516748026478,-0.6899133677367424
-0.4628967745145834,-2.156595499771316,0.043548557586077764,0.04320412080142299,1.8052388081257686,0.2573123379722734,0.9209596623949768,-0.4647920616989658,0.8016139996428858,2.3893239847442365,-1.1841669717139518,-0.28287611808353547,-1.1444083292950928,0.1117216693789106,0.9977556765703816,0.8265492504652283,1.1990992180009856
1.4587421551824078,-0.5121260035158457,-1.2176316019662392,0.11836959594441826,0.2644015204686674,-0.7243109039823991,1.2460571261842308,0.8235288109493736,0.13901705467921655,-1.0836531618352305,0.29135304406374735,0.5380593516408715,0.9714524782618854,0.2587455253106003,0.21216287258011662,-0.6829707384531674,1.3317349402810512
-1.1074870669157186,-0.23126358803172142,-0.6766530842167874,-1.5103692181579598,-0.5191843438310598,1.1557576055915808,0.002369950403113758,-1.2232580968085023,-0.7365294660820976,0.6746720141479363,0.7470078472659631,-0.4602719689659852,0.33397106475013366,-1.2422067086620072,0.08765519178042847,-1.337200489695428,-1.7518767612581951
0.0033498641447366833,-0.07384718762615713,-0.4827731981205915,0.030749801309240137,-1.4601399122603338,-0.22327707077433398,-2.0830339314154656,0.9124664471384724,1.3096005107991109,-0.5336900790242599,0.024668818349069914,-0.6019719932222086,0.4326592449006974,-0.12100941838758304,1.9288412394427241,-1.216646993847575,1.4326756398018052
-2.2849648497476287,0.44960593208125416,0.0576437222344645,-0.009385436249102532,0.38598508449574953,0.4991816582086498,-0.8458430964598608,0.5470280783084615,0.46725296170260416,-0.2044900989907927,0.014679849603071981,-0.5120081152770183,-0.4102963217379352,-1.5550591961366353,0.012256537712190662,0.1112372298836978,-1.2646125883787551
1.1980953234133425,1.3700451472971649,0.26636092493707847,0.013690462195856429,-1.7197149239543768,0.08596740113976549,1.4291069914206156,-1.888164835470526,-0.3939837093793911,-0.23700654929032533,1.0784196070724634,0.41276548388793555,-0.6902575701820671,-0.6108745265213061,-1.2005612493801654,0.03295211246695797,-2.0937981445432894
2.785956646784652,-0.3912344266215891,1.203794783050396,-1.6931354397826133,1.1298182745768668,-0.7806782318496207,-0.8744544762287163,0.07267750128058216,0.8884498382750455,-0.49125329174329896,1.307159472484584,-0.15967298797604196,-0.875794176303071,-1.0901074513565816,1.2357448455153544,-0.7771890194332212,-1.0595236843966138
-0.8504795304993825,-1.1876230574707403,0.23428904741356577,-2.0377173087600036,1.4269855289292976,0.2595290916365546,0.7293192703622602,-0.09553428174341962,-0.3370909826775933,-1.1206635473877906,-0.9011004811012147,-1.2435169794946985,1.8371819314213669,0.4319940435367063,1.0393022576165571,0.40802985172920814,0.156336307027057
0.9259313800878738,0.2603386324357223,0.11966813016724266,0.09500682314207333,1.900096336684829,1.6475875784285476,2.1517792951014463,-0.02336000855803829,0.9645182160604971,-2.9273326838598703,1.0551399735390592,0.8552732950439573,0.7983842393562584,0.42863746325917595,-0.43165787646081866,0.15708928410744222,-1.4749503223854932
0.4422434336951982,-0.43708288282744784,-0.23046562251051445,-1.1856399204711272,1.971683245064847,-0.12266004001277737,0.9399762000770429,-0.3845946401619757,1.3079716738149934,0.04739765314081986,0.02783697330097638,-0.4016338030276445,-0.30005969086868906,0.0905013192816692,-1.6873556456509309,-0.8024536037409891,-1.0040642953104733
1.4958219158521546,0.6120295609789766,-0.07616840963155838,1.1766450629067156,0.5477209716722149,0.25322382294264417,0.36555953229368376,-0.35813670692506266,-0.6154498091989516,0.2970452769655196,-2.014639550642022,-0.40699770238799454,-0.8413542463825318,0.0034620047251862234,0.2098059989067212,-0.1807867907504044,0.4378754717021038
0.8537808984286258,0.21414697688492237,0.7086982129500617,0.5199049206299196,1.9543925208140303,2.0309533776206656,0.12365339389010889,-0.46647711758459753,0.8191869222302576,0.01760741767590554,-1.0930471742594674,-0.4187194000043054,-0.5449474027013265,-1.233079391539262,0.5243547569515813,-0.6913444372619914,-0.1288309433225009
0.10457168622744649,-0.3133764673412186,0.33633236309077236,1.5407490516565825,-0.3963621166220293,0.9806976127870729,-0.7457216957420217,1.0863939640348135,0.3890131979224628,-1.5328662633372419,-0.6532605550651494,-1.9263101672738856,-2.5665380300997582,1.0526965662804642,0.1448833418142015,-0.6210101500783966,-0.3692244645062859
-1.0776584707015788,-1.51710012877492,0.6481792720083274,-0.6791955894438411,-0.8840136933969601,1.3952886357424148,0.2687506079902152,-0.4816343834610366,2.391746985043137,-0.173627149768734,-0.22672166142885863,-0.04377797535427173,0.7253802971145522,1.423625972181878,0.35433188676538396,0.03362824738405813,0.1159442517290842
-1.4348621386612876,-1.2662952033812087,-0.7005108272541966,-0.3533676924754072,1.2592122589516732,0.6965018283902165,-0.07562915732023548,0.045501490955969094,-0.21343569262788437,-1.0346258290172468,1.1059787936895003,0.44496341331762,0.6549491670434615,-1.6953664787358578,1.6688817190267355,1.080248377103517,0.5640099401134575
0.02027580656480909,-0.6187181363182888,-1.2966077919560308,-0.9328137979107957,-2.0011015942256067,-1.4614609327331984,-1.9992068600955915,0.6322884954383985,0.7105966238319322,0.9012315762132416,0.6751866708254719,1.1162177259324222,-1.2496074819933576,1.0184536097334849,0.17315522368636077,0.9099473035233359,1.6307827194767357
1.551584596950356,0.3480346976422102,-0.3532823065006222,-1.0312342477746326,-0.4081074940923518,0.9639598783081268,-0.6202057173955231,-1.2360108892071557,1.2294784191878017,-1.6108206410170784,0.36548194145563867,-0.053789139233929924,-0.32204781393853465,0.45025200304144314,-0.3088678614427108,-1.6572439537146653,0.0201506808549177
0.8901548559800159,-0.39337770110694287,0.012273507919306753,-1.0242369986598514,0.3455136648484867,-0.12210030570057462,0.289098273587325,-0.5558512832829025,1.7097863348707283,0.583837171648391,-0.8333338238838811,-0.6137250617129982,-0.11137797488055924,0.7443227795065845,-0.28169872911197485,1.0703053089181556,0.5523489625509883
0.8655918224518495,-0.4933794974853751,-0.06327813091117113,0.20159445711306143,0.29930923368743917,1.013084682397784,2.3359116531644317,-0.17548470883067657,0.8870032897325357,0.3336896548927982,-0.32536450133434885,1.3240338471618356,-0.02090416777418311,-1.4213975617516044,-0.5950785287726433,-1.2832853423339012,0.6983296916100094
-2.390485574697421,0.3309751411021187,-0.48267832132065425,-0.4228317742586404,-1.393469488734968,-0.290534405911892,0.5034484091688692,0.5713527001420723,-0.3470797663219381,-0.26012795076125494,1.1790471440108081,0.9003827369319964,-1.960717920320834,0.07969442921608666,-1.3980701702068832,0.7078724033742608,-1.3625309984311278
-0.1801409935882397,-1.0702876365480636,2.4693752325297034,0.36262095304992775,0.4622982655224726,1.0093761325953925,0.09547418934832347,0.8786474807887481,-1.134438439532121,-1.826647865211997,0.779562150331709,0.7276106133234985,-0.13646796080253987,0.19887232965672674,-0.7070171143374587,0.6879436891652135,-1.3807252737752211
-1.3934415166250318,0.9162309790330488,-0.5877725163591819,-0.6401705605400794,-3.2365425093572906,-0.36598367334648835,1.289563538617985,-0.38666898180951403,-0.6882279765768587,-0.4052516537774094,-0.08222043288516724,0.6531721598157855,-0.9621781332121736,-0.5274861061669881,0.72534264764961,0.2795678652590162,-0.0471225994165814
-0.6195703373086165,0.7890148811991765,0.6906885519675257,-2.1536014557601817,1.457995510209457,0.9393368639260113,0.047654093159379074,-0.9953208297114102,-0.06003413594839082,1.4678650458789706,1.043838311841874,-1.3652597517080896,-0.3088627026836496,-0.31357017631588635,0.7910650685729694,1.4800218007624395,-0.8961203800723927
-1.5024116136084802,0.885446245733211,-0.7923791427648671,-1.5815224527747056,-0.5775062282116916,0.5729565960948738,-0.8575002285562408,2.5142457221284658,0.15916874517580015,-0.7729278311353063,-0.4711162526493672,-0.4880007712596639,1.1447752170638816,1.4787730524317815,-1.358143772788167,0.15267644424672497,-0.0587460109222629
0.49295329769082086,-1.8076487688347438,-0.3037705567518188,-0.18784452341213417,-1.688459507848778,-0.18018178035701488,-1.7720724001830015,-0.9893456217700004,1.2345990186286566,0.5376700013060144,1.2288993212124482,1.0490071798901952,0.6130523486727181,0.9051372883819435,1.427293339731538,0.9586528664025201,1.5070786947536952
1.0924040396231824,0.6759839595409757,-0.9476310458838905,0.02328482785324195,0.6182262195565512,0.017784176598216125,-0.5958761087940617,-0.688153142936844,-0.14253041479829345,-1.9829033405345036,0.26089512794502767,-0.7644005120946814,-0.31331734159682817,1.541579897390207,0.24907249515987162,-0.27922199514350304,0.3169381664316272
-0.8778735633405949,-0.3584860028916025,-2.331041226739157,-0.6231577166145217,-0.8984838853681274,-0.6842185280664352,0.1890138199540854,-0.16744518988937745,-4.120430230808245,-0.3772370446077225,0.030642174978082817,0.4394209063747881,-0.06945030903810132,-0.5428177324375225,0.21182521615760702,0.281685785040377,-0.4296800170836976
0.07546329848608037,-0.885311245615629,-0.5907632925466916,0.6306250016446129,0.040834472321680616,1.8483075529640554,0.4878550952340575,0.7767671831849972,-0.16996183035908388,0.9920473581905254,1.5576563144180868,-0.9393662574606425,0.1631276334750072,-1.0630720513499645,0.5388571950759725,-0.30629536331066043,0.4922846164557833
-0.01707039956647737,1.7481293586478426,1.251652148975167,-0.1405923446157556,0.5459974797615348,0.5961857630708115,0.42315378452326075,1.1772459105593496,-0.6138337398122466,-1.3059552399787082,-1.2139929402272467,1.294985704317199,-0.5014200726332613,-0.47343498216902524,0.7702673582463886,1.3161487588364487,-0.6393900022245357
-0.4084977303312231,0.5515597888151582,0.8394983575162659,0.0717167813938275,0.8834923443379168,1.0713845381658935,0.9225355995536715,2.8425379547822405,0.5653603746822405,-0.32313056145487856,0.40995657677816244,-0.7332557404684884,0.8134283076293575,-0.6702327686317748,-1.2926663504976363,0.42583501064886164,-0.2689982217510084
-1.3777429417154852,-0.23857508177823245,-0.6887861414799504,0.8113304415405277,0.43589296284776957,1.8261251925116204,-0.21965830885933796,0.07582085586714381,-0.47145840573578235,-1.4555448839533958,-1.4826168823431385,-0.18015229839210617,1.1744276845580677,-0.6938329898713106,0.6128912602114971,1.2328550839696808,0.4311804462544845
-1.3544492554129726,1.4371274857218106,-0.2872611823547026,0.7782100155319708,-0.03139615905491855,1.2961282496871314,-1.1801927316309602,-2.507099869167984,1.0156288001768214,0.8805518061804329,-1.122991868501448,0.9768033900801182,1.315831939043395,0.13209189065501883,0.8189995064408183,-1.182398056061429,0.2160749609779521
-0.4373980582443472,-1.1413014211533008,0.01844116833942323,0.04851349517394198,0.4028271718316285,1.6451614690947285,0.013056392785273546,-1.1265570383937906,-2.2027411136091217,0.5990864164297249,-0.5030884087206202,1.2323320094863695,0.4657864344975392,-1.173366955276047,1.3091375224632138,0.8936959472723055,1.859183121329973
-0.18623496006762616,1.6715517389229477,-1.4805922485112117,-2.150578769438198,-0.9516611312295911,0.953677789470285,0.6403909897912997,0.7687786019186014,-2.445630137929011,-0.5300731102005021,0.23234010606290278,1.3896432118444715,-0.11780278600129769,-0.10702712111164785,-0.3048526014399224,-0.15115197205215888,-0.3279771883259572
-0.04505836328673827,1.0999236211302001,1.0419296785531031,1.6856823712417237,0.13814710567715485,0.8408227554822459,0.22296193877985238,1.1448508413234875,0.3568934415453889,-0.3364850142427182,-0.25771858067431835,-0.009934841871864667,0.6079831479346234,0.810310911817033,-1.5280269023115187,0.4531148130081455,-0.8100463556013915
-1.1762176805652977,0.2670703230924625,0.029978744386823297,0.7025482955582077,1.7136905921728474,0.39965217053196617,-0.5580202639970302,1.1685938058736351,1.5814145918838782,-2.298555936366448,0.18047148029686924,-0.7786850737939113,0.17686735911743542,0.2939795716195603,0.0741162230130184,0.29682207934372595,-0.1748174832624814
-1.1355976702682922,-0.22155971747640146,0.6082162409146222,-1.3873560383286185,0.2057238662522076,0.683359274759135,0.9780308984135373,-0.7365095394001613,1.3825808742161958,1.2376445801433815,0.5326884403113441,2.1272642038739153,0.7539887962026846,0.21693536182892542,-0.002526674221545149,-0.8547830637142647,0.5558719354301872
-0.43517607446248363,-1.317023255908016,-3.1529581295984452,-0.36602634932687406,-0.04724645103807996,-0.8230830520679491,1.7112239000781915,1.1591262591780174,0.0675217743283777,-0.661540888920051,-0.44445301402507065,-0.8674652340816507,0.39868303772176894,-1.1403766190428621,0.7370048185285696,-1.2081283223666812,-0.1746378091119399
-0.2882796633156665,-1.0185387868128166,-1.2472281979885365,0.6140212428673445,-0.7433933732418511,0.17856632269915704,-1.4024757212409262,-0.12964996211168323,-1.3961548578712963,-1.8275094214920786,-0.8404997807901735,-0.13977494314997496,0.11886109801937532,-0.8887506045982486,0.29013553816698684,-0.14976515940885232,1.4125002819030386
2.1535372132710817,0.9860949539008234,0.24164893770360935,1.5547903881130196,-1.1240050208502248,-0.9844133740348567,-0.5727620862444959,0.6420359211097286,0.3505781608790299,1.0479874866398255,0.7572274748000793,-1.0459236304458541,1.328366868051187,-0.2076010580120677,-0.05331671579371534,1.7646316054253557,0.3886251883933734
-0.7042546107724954,-1.4253096903736022,1.4109375193403955,2.258160767666606,-0.4725895121750364,-0.8621868354059229,0.5947828201582842,-1.5594167789156619,-0.1482666395770178,-0.1567298494748621,-2.080310625920214,-0.46756278950115726,-0.5567709710261982,-0.2876419553462298,-1.4977821811663516,0.25708921249261735,-0.3678016730242449
-1.870707306142841,0.3493608415474829,-0.8240250244806661,0.8201327241037335,0.26789476313481614,-0.06230173639813278,-0.4305266829653564,1.0244939355410887,0.7262230614706995,0.7893601113112136,-1.606743131016211,0.8561238074929483,0.11066518957490849,-0.03360468679164614,0.3683590090117789,0.6435807026485852,-0.5765378378651069
-0.7080979062227953,0.41715311545455075,0.31229290830397927,0.04692185672968828,0.11017176233637539,1.708947257654633,0.25066536515092097,1.316350243952629,-0.3451741353753988,0.43720823660143077,0.583810017810486,1.064151490886275,0.3225281337276803,0.25499915825814307,0.8383350034789884,1.1265627418402298,0.1911790217457395
1.1308122474895237,-0.11574201871534698,-0.20553808362390774,-2.31080983226614,0.10231190064658532,1.8619475901215683,1.1277843407875803,0.8200528006863814,-0.9800604002589616,-0.42713268087471906,0.2267448937824814,0.15794034823682113,-1.255388508581683,-0.5172848990745764,-0.6560640039155236,-0.4789766177962283,0.0534872950802877
-0.05830189336323414,1.711476690266582,1.7749508170521662,-0.8084022250932714,-1.063704368789953,0.35549168990323715,1.0828309035743808,-0.3774193008966853,-0.3306137907262706,-0.9781789896170169,-1.342532475812088,-0.3473289642876636,-0.4080385572317614,0.3977849942635464,0.8461612674509637,0.12953981266608341,-1.5137251698965222
-0.3371342264808037,-0.19874897446865883,1.1495100443355624,-1.2610561736759651,0.2942092428241024,0.035135655005420284,1.4252666753266583,-0.8116662067343519,0.5612764213335584,-1.0151480477668395,-3.4609837663558225,2.566450082760606,-0.02487467960739853,0.37982593993165736,-1.1850224162586673,0.15533645422650813,-1.453737463836852
0.06835344331223131,1.9175950525788825,-0.8464958786325718,0.7336598018251423,-0.16025016546947346,0.5574293442652374,-0.9433149888392404,0.45419220368235536,-0.6649388460372034,1.4775333475054078,1.4662558686475335,0.5852718840967909,-0.6304014833743903,0.43423085483926543,0.0009384108845079098,-1.1016332928450407,-0.0981134105391217
3.3112320243743585,-0.8844426609055499,0.9731642968657244,0.8835825576404525,-0.7167183709472251,-0.23231171763875633,0.3653195170550651,1.5959183193050215,-1.2265785613733757,-0.3712425534739748,0.12917589122980194,0.06073040075505568,-1.786944626729468,1.0387886218285884,0.7555424511219324,-0.03758854501297138,1.519007805207552
2.2007505754810053,-0.7673825608735976,1.2144140048083722,1.3546992643273001,0.9785319791765075,0.6814795003037568,-0.06139701843986606,0.2818042079851272,1.0457072309566877,-0.011976892046564666,-0.10238044868344257,-0.1333259393357211,0.6260626440554707,0.13402020904415732,-0.35379725771088344,-0.8295345617538488,-0.15981657141577
0.516475703876269,-1.0690056986673484,1.2975419364164513,-0.2735803507333193,-0.9217133701756073,-2.0620831424385346,1.8337030213127328,0.5178527767095673,1.814207937147504,-0.6544835401380203,0.015087267723557512,0.9081873159347833,-0.2649675923981422,0.7405550115343975,-0.04462522635607082,0.6882723978111752,-0.1146783743215237
1.420120738994,0.9772834494828895,0.5596531019825832,-0.37334109679646316,0.8230747284543649,-1.1237293779194477,1.372450480453471,-0.9004033488383151,-0.7410805699378825,-0.47061952574558663,0.008392575837568009,1.652959511432867,0.27922004978827747,-0.30111609768120534,-0.6952814536001157,0.28949755386560705,-0.7901120276288216
-0.555465296514149,-0.9867232481179945,-1.3830112876001877,0.7422225378755234,-1.682589205819402,-0.21491120250151693,-1.86510234736457,1.1944167258495029,0.17608117449409064,1.5800504459302165,0.2684674329525824,0.7960634169449872,0.9956308515583611,-0.20293393145301838,0.21709492527656096,0.13463645888681905,0.2254425881813072
0.3882977251912622,0.7860824685615342,-1.2611252220897562,-0.8380778323294245,0.09108873902008749,1.0358816630652876,-2.2598769985339917,0.17190463250974575,0.45039423434726994,1.5318905925302595,-0.30890607459082214,-0.45364748004652705,-0.1416917844579936,0.27345802078723286,1.1104674286695704,0.21714021648294612,1.607898891871272
0.7500839714528649,0.22488336621845184,-0.06309078958344679,1.3421301260774172,1.3290176975805568,0.2612540000596121,0.44240744054607833,1.215805002519737,1.8485169574763372,2.4240205081301767,0.6321435604468542,0.6208663134269039,-1.1727094561200222,0.42782043596590946,-1.0449550638256582,-0.0627479597098599,1.7330547252793471
1.5835270644462636,-1.6323984091173716,-0.5905601765798651,1.4927725384459238,-1.0522927787183813,-0.40844004665475664,-1.5973886731319762,-0.18200319378126492,0.4257547618172532,0.09452313344760609,-0.915732518153924,0.31067059895277344,-0.9554190990669739,-0.34338937321475094,-1.6283435183176849,1.6507658967398242,1.5411961041961502
0.046587316696069456,-0.05521798201804828,-0.3184956513439865,1.0401305512831227,-1.4136170107007593,-0.9633118795254962,0.9992308278302928,0.6310036733678812,-0.37017699615226574,0.9416043674308646,-1.2844168230068815,1.8551404091943178,0.6276203899435714,-2.02814694246243,-0.6670331069329279,-0.371742300447922,1.801748391761986
-0.2895908458371288,1.8344703106634548,-0.07080260288252609,1.312611223319126,0.8906972976182269,-0.5715351324681542,-0.29022587273984374,-0.19595422953147984,0.35476114985087903,0.47433799997704434,-0.31981000452981123,1.8621623474847713,-0.25651240878630477,0.1463547016915848,1.426795500797752,-0.41105934872836497,0.5983852483898607
-1.3020341690413,-1.808976104752939,0.4735673955292727,0.6374442857189911,0.7624510795878763,-0.7755081342799588,-1.083554516681022,-0.7968758100212939,-0.9404696311173475,-0.4360079343787848,1.0307227820113793,-1.5961070081880893,-0.721257662070293,1.676918742951889,0.3940353417453164,1.307039381943561,-0.9421058106492598
0.08793941810357389,-0.6900559035206738,0.711169245757795,-0.1600699599720567,0.38383948179006444,0.9152360172649653,0.1729896285145856,-1.636792450151894,-1.204755001903405,-1.341381665167562,0.22194718090430107,-1.6187703357855838,1.948579726779488,-0.3081923527988296,-0.7256432159892665,0.9929861527283667,-1.4852257124071393
-0.9001082016384881,-0.30240885652197824,1.4651971369448413,0.08011096324747076,0.36147328019085845,0.22055086198099608,0.6655261204401367,0.05524722619269821,0.07332500866757037,2.425890497038483,-0.7442244609286431,-0.07042610355728317,-1.430974094622756,-1.4454779917781497,0.9391695574092898,-0.42692290298587476,0.326415917571826
-0.9694123145040567,-1.3606413742444783,0.7499305496622146,0.7491147811299564,-0.40749096934346185,0.5261373477308933,-1.4154159130062924,-1.5228158844682005,-0.1835714575705597,-0.003221895428190122,1.680752351494479,-2.1873134403417027,0.7617430206639935,-0.7868113544383238,0.29976314616306066,-0.047954830600878545,-0.0343289676806996
-0.7700306859356422,-1.4427197189302468,0.49587143091569874,0.7247257494217225,-1.2875006490793741,0.7361262217415289,-1.0420363723684345,-1.2437061309448716,0.5313818089776859,-2.1123633714357246,-0.878383448020054,0.7864268817288612,-0.5996824908463143,-0.8372563929009529,0.17210246285569708,-0.4674821211634665,-0.4413166959867629
1.2387471485317225,1.4407539195908632,2.2726373184188553,0.44080872406472005,1.4729605750309194,2.115183697011375,-0.09657292916740905,-0.15065061100253593,-0.12439639193906543,0.7502787079414203,-0.8452929407018063,-0.937333364233182,0.06318497641818567,-1.4178925977150032,0.9964711556032614,0.03930505636843832,0.2035624090189937
-1.0680876618020705,-0.8963634119365989,-0.016714303224697608,-1.0376372866868395,-0.013571325630923644,-0.8279214533565978,0.5876048280241568,0.002732536517850338,0.45445835979894394,1.1492547131311839,1.2818619905280095,0.6292995789722674,0.4117655498932162,-0.8783128188852318,-0.4626962883282579,0.3178061226868693,-0.2980928137408348
-0.05409126226818133,-0.4096149693471575,-0.21875012073137137,-2.441253423710441,-0.19830735861485543,-0.34132545219545496,0.19272088029008572,1.4978976122742043,1.0788222848076965,1.9451644702700115,-1.7877505027029235,-0.9628476261775447,-1.168870550216477,-0.17007038047571554,-0.22155908940624838,0.2226862906364246,-1.7321284805004102
-0.9132263495179928,0.30637891533216793,-0.9166365455934545,1.263100871984299,-0.14743262908203925,-0.7346856641834468,-1.0408266117131415,0.8693432180588807,-0.18452808175548285,0.11968163894933824,1.2460792588555147,-0.39195784833067426,0.5350955408374349,0.16454403985058805,2.7831808900872423,-0.6637678016019052,1.604127716617567
-1.414601708719879,-1.3724695409088399,0.1443931962033045,-1.1075186667456114,-0.8197662368180195,-1.1214402140846023,1.5006113627759725,-1.023822564232316,1.4154211052719636,-0.6109483612177814,-0.20662637156943628,-0.19908343834426032,-1.0506872420523508,0.34339600273302945,-1.4900433338282892,-1.4549478325381973,-2.3620966944638004
1.8989513166376206,-1.0324736206199185,-1.0856897166405566,-0.05690788040585105,1.7033748012031744,0.47053591694573715,0.4293197328161749,-0.017113586797077248,-1.1190544094484252,-0.3917967681965056,-1.3981788282671908,0.33894154746043736,1.643927410310363,1.6530931683019463,-0.04182463995184442,0.3778162703872803,0.7413673761359261
-0.07694573796957725,-0.12239689935103365,1.6015373258419858,1.5684606078925942,-1.8874962580450412,-0.30976034920913276,-0.6188862309028835,-0.29591142360618106,-1.3348341733599107,0.20226981414455733,-1.4156218109654308,-1.8838328148387018,0.07519199233287109,0.5045249449171303,-0.32985537908927753,1.054933825412301,-1.151759829897777
0.19644989021695375,0.463672221257196,-1.6124995486338172,-1.1358379642406156,-0.4941631604297807,0.516825010795535,0.5892660892149262,-0.21203992117818643,-0.3448925159485204,0.3434507321973376,-0.8839378769584971,0.5928985424408628,-0.8543542808874042,-0.5531687949309091,2.0061866090261606,0.24706895439707816,1.339481679388453
0.8777909978764006,1.8590336387646886,0.43965266768753763,-1.129539554775627,0.6753872042387589,0.24793903857080837,0.8071689341211589,1.3066037714130183,0.5102787147411494,-1.7171322882139077,-1.5383390670929564,-0.33616344721006813,-1.239550721573726,-0.4191662515749015,-0.21932031825946968,0.8512358955200081,0.4397334074942443
-0.2675201946929491,1.6834858030219368,1.127470598217617,1.3727550231143002,1.238099758029221,0.06919893451775048,0.9079110015916929,-1.3132408655211778,1.6230678332250328,-1.0829254883039274,0.25730957140891836,0.22358031645532037,-0.3869619354487889,0.9541298190890991,-1.09745808008484,-0.21604502535002307,-1.3796484484366476
-0.2521112868184831,-0.4560953146021709,-1.228981861208242,-2.098060294354781,0.0890136218076849,0.5491073302599508,0.8589064683808969,1.4355734646383673,1.3104662841974017,0.7954439589924581,-0.3482031935230253,0.09175184903328615,-1.2277943015216555,-0.18826991212849103,-0.2061988879472876,1.0576012282119653,0.493756420361964
-1.2106486763988382,0.2753220492298206,0.980699253003184,0.9341671799676656,0.14086140126258404,0.28814921663413107,-0.31767199399730706,-0.3664213686295077,2.3892624502604485,0.17225692681975469,1.2153238123080696,0.47619989975050453,-1.0076686460623436,1.625400121091872,1.4395319393449444,-0.5528516920737451,0.2268773557407543
2.0981197236895537,1.712451970214987,-1.030772568582998,-1.131724009250113,-1.030875737157495,0.6139670224827876,-2.3399443153850843,0.8493655814627772,-0.007346179459274325,-0.1453037776778079,-0.9318282401448535,0.40988925328906806,0.13955371679551448,0.56017290402361,0.7453465762163832,0.30310434255474317,1.4276906796381348
-1.235896988965017,0.5248623531643786,-2.05207579818595,-0.6183308314829462,0.3642629798694739,1.0357363982782615,0.44141309793390293,0.011890349175813325,-1.1098552395936294,-1.0232006081798355,0.1299693621373249,-0.527315879887453,-1.1010670431710792,0.25075807961465063,-0.16485012365425492,1.00293581846223,-0.8571644740621723
-0.8620288939813087,-0.10921808723265583,-0.1615498582370075,-0.5069757052809618,-0.44915390186219506,0.35590125337124684,-0.13470727106316352,0.16760896556833438,-0.42363911607730426,1.6701750899817613,-1.7436259617686165,0.3008794417968168,1.583837309410494,0.8923795162335734,-2.1026957601490563,0.8562627855679242,-1.1580559528717702
-0.26468238726144366,0.7833029826934599,-1.0764309520989592,-1.0085705735335293,0.8357945677650772,2.1138715816949896,-1.0278796080409744,0.3890242068876901,0.34418876068952675,0.27329188701977436,-2.273294770893471,1.433243036952405,-1.643708368936774,-0.24988359943803384,0.2914062953648805,-0.10289924997475709,2.149092152487695
-0.737542199027086,-1.2975891480431034,0.04739785151708605,-0.45716711460893616,0.3282047065938483,0.7696961678898717,0.27017117865522433,0.7753486135830944,-0.6438618380655214,-0.8312564683058106,0.12000427842469172,-0.7943334142139512,-0.9622926565469863,0.5721694920617312,-0.6266160794741014,-0.4266716375568261,-1.1813128316119057
-0.8349651896138636,-0.8827109355573622,-0.6879635450944614,-0.9607247300251895,-0.7247685800694436,-2.458525914645423,1.4727427930890524,-1.721803081109514,-1.7284087182950096,0.6608451300556553,1.1266129160119023,-0.6140925788735884,-0.17407420578003072,-1.438916684567087,-0.6331828593825971,1.1908103464630335,-0.0191738275175996
1.140528598249635,-1.4928059050275388,-1.7666750886269889,-0.02792934436482958,0.9388637766523149,1.0990462110511368,0.4376779338133742,-0.46814786386928997,-0.6575355349082784,-2.019676476146909,-0.49036035623423907,-0.8176094381002005,-2.035371271983889,0.5802045812249107,-0.2364356273017994,-0.9626857093110449,0.7997911894507419
-1.017441444307587,0.4737080320556468,-0.9678495325601366,1.3150880406751921,-0.30693702767047826,-0.38397907345060533,-1.221790332357282,0.16675281420650795,-0.9104688994606888,-1.7501091701753075,-0.667681619560921,0.7248726628680771,-0.8502456337135317,1.0948821358796366,-0.27846197117692023,-2.3211626570298836,-1.5807633364377545
-1.238427622576554,-1.389041719591363,0.24467541465788908,0.32598793741638843,-1.339169990384897,0.7359852097908143,1.5298971498392728,-0.05084212577234465,1.5137966467509507,0.8413957176189506,0.8126655925406056,2.059558053132947,1.3842062501660677,0.36573423316285786,0.4724012332101481,0.32337768069618406,1.2064099185369987
-0.9030581477294523,-0.13561461770729377,-0.14101021484555906,0.1821509030295873,1.066099849184045,-1.2105715647057649,-0.020238188041031915,0.43500372238406876,0.9653660175824478,-1.178723284221511,0.21899078945534994,-1.0542540123454314,-0.6875906574185943,-1.9432525950380342,0.5656057898451528,-2.151123934837441,-1.8908192892981872
0.2907299913346036,-0.9009923891949915,1.051705714148956,1.147172645413557,-0.5335405301594895,1.0241420897829172,1.4206859164614671,-0.16343815660678698,-0.7417394805419182,-0.9163656092817952,1.996728843232587,-0.10594809947318723,-1.1233432975973436,-0.42644051431196295,1.8440315496778266,-0.47742038255278224,-0.618864886750929
0.9917313078697303,-0.33243467509205127,-1.1725846644389226,-1.4506102660911713,0.5876419508753387,-2.841349143743918,-0.348113924546962,0.41487897326938605,1.0989046509646754,-0.13873147945219153,-1.1393018882309132,1.1967094038882429,-0.5286391778846167,-1.2181735539965446,1.308747817772171,0.8171597258076277,0.8587716507506007
0.6774731136371284,0.17321472898327964,-1.9606591586631563,1.3534574557092118,-1.2937825558436653,0.6909443670366007,-1.0809878074357016,-0.16020719829470376,-0.2401190627524661,-1.1307232880607037,0.6632024477336571,-1.5857717836941563,0.9074363480053378,-1.4699221166775036,-0.6615751734019935,0.2377698660385791,-0.0446137001774657
1.0481536348866298,-1.960913207639398,0.8305865077484239,0.3926069911314288,0.6289702951655332,0.675254469472134,1.4972946464545016,-1.0102962448439285,0.28054780375045657,-0.7914457301047985,1.7423608848262344,-1.0619322746984534,1.8185722358856602,-1.1003868720389116,-0.3684417792794979,0.8148278211161446,-0.3169714685226631
-2.08678951884896,-2.1734582984534887,0.9329760488922696,0.07508931147820773,0.19943187565721085,-0.0965158350372024,0.17706563295461772,-0.02258015185047744,-0.8812422164948315,1.163294093195509,0.9190765505157064,-0.876264304084249,1.0799346606003584,0.577414650315912,0.18086571935965784,0.8965719446934947,1.0607022093849172
-0.2750784965675267,0.9732219550053578,-0.7406739192677283,1.197769514633453,-2.025688542552243,0.5582701892117782,0.6680580765620807,-0.02256504265401659,0.8305955970942026,-0.6176012220792866,-1.7339555766515453,-1.7434592311369927,-0.1339096870214168,0.5604926703058551,1.4127415340872664,0.22646791732423724,0.3126492644868834
-0.36661807058573415,-0.020650705680952047,0.7252260445938937,-0.809141373459588,-1.1781749817507934,1.2228083155700957,-0.7511948273687001,-0.45843133216364157,1.2697802117257444,0.7100129337017104,0.5518865996827657,-2.5176802250525485,1.373027972987344,-0.47766137396280467,-0.6354718142361921,-0.3163670010474348,-0.6434890624212665
2.2954822150971785,1.2695284358535122,-0.5561682132803228,1.5236750803203325,1.0666269531787207,-0.25770663466696303,-2.1408007306110957,-1.0832415239773738,-1.5386582819319568,-0.8439329276914157,1.2135105686855767,-0.5584827720995398,-0.033367093878535814,0.05995270593799526,-0.10713815561243799,-1.0786441512958476,0.0761716528971951
-0.04077765489415523,0.46124326497909784,0.3209978163820442,-2.561765362705886,-0.24780578231603442,0.44452564814745216,0.715834564546486,0.2901650653963279,-0.7840100442355847,0.5794943538570339,1.0912264738020798,-0.008231656396010801,-0.6086045794079288,0.7895478710672291,0.42940823745397594,2.0055736181614043,0.5299175164064487
2.1144375615314037,0.10853614033541359,-1.2669095205009004,0.3142333981065006,-1.7353442522342568,0.5518092851490283,-0.43502093756888766,1.5754575686682102,-0.4960240112340231,-0.7075532010679233,0.5977569887041263,-0.2948653100990664,-1.076285549105979,-0.2782687146968511,-1.0693237860938314,0.5094047471755068,0.6864496137715762
0.3664035839688824,2.297802461301526,1.0694560798632764,-1.5951611993130994,0.6872173793874783,-1.1631781396843832,1.2968834820600765,-1.0973106846950746,-0.5330802313607681,0.4657138081425204,-0.4045074181416385,-1.1951242052027156,-0.17552608149333,0.8889325744498012,-0.21621734669858828,-0.9759891445748906,-2.3619582712395264
0.7488503493622027,-0.1549342263221247,0.6428821146595124,-0.10195751550106157,-0.46298199408468094,1.028593922308031,0.6293980068498983,-0.5756514644932829,1.2096500089623932,0.7281497025478267,0.1824183327035281,0.6954544278274799,1.033439347991428,1.8431533410537917,2.1218192031399945,0.167710835894925,1.822327050429428
-0.40630301052277445,1.0074256929489196,0.9997766898711957,0.3979912896487527,0.17674227116700705,-1.577686561121567,-0.801508731660787,0.24811601121713278,0.41072106380682466,0.9296755083123315,1.5187259482251663,-0.8058164417079968,-0.5717103721476338,2.238400187251402,0.930281512887365,1.6949196869634762,0.7106454976994885
-1.5056675774681718,0.8817339921082196,1.1999158179309097,-1.0495579986808081,0.5308607908026106,1.1236982783091425,-0.633952174765623,0.5425634219809824,-0.5348307806106717,-1.2073585134437275,1.688578747195092,0.2440399218691683,-0.28936395285978916,1.4617598234726068,0.42989043447849035,0.5639554022723251,-0.9224997377936968
1.7790400047393666,-0.36478370092853485,0.3563648370108498,-0.6768927050780482,-1.7269886710073057,-1.3998550857526426,0.9902144190442925,-0.6625732059537526,-1.5974849505022477,-0.5399168258265252,-0.6994533502054925,0.3590460012015955,-0.5900630000369865,0.6094078899460229,1.7534384382699875,0.952958731103408,-0.0695763848696387
-2.436850436599825,-0.35399308667455087,1.3322124134992446,0.9493409898532383,-0.22862682414749688,0.626885219461166,-0.4601448815129137,-0.4310990426447372,-1.1888972782330796,0.19420309317787202,-0.0007573692272403873,0.8953528287073782,-1.5783412389121692,-0.10361433776882135,1.3815362681271806,1.393676604584281,-0.3854950382084653
1.823998000595704,-1.10471233440336,-0.08463923397197812,-1.4126315879210345,0.37308774723679233,0.08204479677596795,0.43707237725351333,1.392827265734962,-0.33152825587816787,-1.5081465305688038,-0.38568956089933765,-1.3737867238848132,0.02890906887662902,-0.2519403516902507,-2.764017757227631,0.04307118111988068,-0.3441628688282806
1.355411334573447,-1.6374254260040886,-0.7906081356108002,-0.426334405061461,0.945798266152588,-0.5634176668779831,-1.0221193712414005,0.11684343971186748,-0.15754029257828844,1.7739461576355675,-0.7728315487441852,0.16411314483904277,-0.4021538882899769,-1.456625262797024,-1.4566937301949097,1.552011192078211,0.3621113608467577
0.5370096973077618,0.47205512027843277,-0.5671140342176538,-0.03308857586708842,0.47351087086735455,-0.11030397417837351,1.383254817912434,-1.1118355960606792,-0.9450137595479525,0.938633052119933,-0.778333492800491,1.6700566183993046,-0.7252984681736907,-1.3738118702749862,1.7712102058336276,0.7410996002610373,1.2419216057481657
-1.459016558820811,1.1558987450390366,-0.7649375391879571,0.36699415464386426,-1.0595874492621238,-1.844273141982994,-0.8345499308249853,0.5008578307536311,-0.7501403743088326,-0.3083239414017669,-0.12267624105679537,0.5405994109502278,1.1564697800577508,-0.06684775300981546,0.9989071271015572,1.6243991773740358,0.4007850493387109
0.5038649028082438,0.5492913769423816,-0.6105323448021498,-0.38106277670968747,1.7607275577783787,-1.5335355600847416,1.0626446863758072,-1.78612404912737,0.4870579853092775,1.6698562396400656,0.8305839105458985,0.19494720153537384,-1.0191702379080274,0.17771763803643684,0.5663329622619666,-0.09239365730934553,0.384130721166297
1.4969335129801689,-1.9030676093274235,1.6673332709188153,1.2960329408175109,-1.9642115026524163,-0.16452683992881406,0.04126881943107817,-0.06100001645073406,-0.061330432579152404,1.5395025990570597,-1.2434443366634853,0.9130343252516149,0.11715528031408236,0.4990314532191646,0.4319662279502898,-0.21055741170741546,1.1215087667507504
0.6948024187921261,0.2996257918028543,-0.5964706560141542,-1.163781557628954,-1.4043760932942932,0.06481528592170001,0.15337068380806398,0.47098365358464556,-0.35299937529650316,0.5066232150631177,0.010550846799527374,-1.93917382226035,0.22564503978281994,0.9990869542803075,1.0242212556720611,1.1622908402170669,0.2586957598772199
0.39437098102780294,-1.0760673948639945,0.44941420023421735,-0.45745453263670516,0.0837518569473451,-1.3480548934000167,-1.0489598335000203,0.09225063376562735,0.8389069916495248,0.692236534670276,0.01009348079573118,-0.7861714520629249,0.4393907678184954,-1.7726033817149593,-2.164842442276479,0.1501389839612917,-0.3482786662043421
-1.6563926639998134,1.271658041875598,-0.2715614394013477,-0.14791522726525622,1.2074838467517703,-0.46592509257601655,0.5376812942596692,0.3056564656959339,0.31161189083312585,-0.9962679993422485,-0.16201377621551044,-0.8249357655815243,-0.8192774536953487,1.116790763346737,-0.20780912584222155,-1.826902285417255,-1.6699300493363594
-1.921473528765863,-0.7060752393001829,-1.8630988093352723,-0.0008975901739437907,-0.027953178803061057,-1.3469328618099456,-0.4395490601409643,0.8385977852627086,0.7666375830816249,1.519540792611191,0.2928705893273586,-0.35722831274339956,-0.679751917094558,-0.7395539771368818,2.043116944712922,-1.0374309749179984,0.6772581860907072
0.7828461557238572,-0.8922637036723073,-0.34708357795938405,-0.28650391308022866,-0.484404433441076,-0.6059290385610618,0.5835262109940044,2.513073471439431,0.42471216676214896,-0.2643701349326527,1.080537942234055,0.8833659629899058,0.47372778103749313,-0.8522851256570917,-0.41428074934017867,-0.7579340042653839,1.1401783411089692
0.5787886104291516,0.09082717714065164,0.9576266495841957,-1.1689517290322027,0.07785080350199525,0.3590472978002876,1.4450018587484632,-1.2276769975981932,0.9681532796923108,-1.6938363699138077,0.514102001200747,0.7662285871872159,0.23330124655243376,1.4008178355448244,-0.24491535232087935,1.345131513399371,-1.0534668914541925
0.3018610571932517,-0.483885666400603,1.5403239642117466,-1.9507269080796203,1.0968750371730756,-0.3517546705530298,-0.9086158090032594,1.2069291900772918,0.6745126012776805,-0.4803870204517544,0.5537360460029411,0.4361122467041422,-0.28242133335114167,-1.0435418018290938,-1.628728681894902,0.052852431303593975,-0.9068142098970342
-0.33435945390528826,1.5605998262652485,2.476253766379147,0.4703005475150007,-0.8233229398216927,-0.7342903663848329,0.10216506833248422,1.531926274511659,1.30246646533574,0.2834644579222027,-0.4244969397261644,-1.3911341024033703,1.1447419727496586,1.234760192446681,-0.9418439424004245,0.20693494146647542,-2.0481446710352422
0.0510463798018918,1.3778037248862296,0.3956958118438931,-1.177422097934085,0.33089280788779346,-0.609320152826271,-1.3401357731280314,-0.14129349482387699,-0.8986165920471403,0.9331187189881122,0.2207194062433089,1.1270702273943782,-0.19617355726025462,0.6117149390211748,0.5688901433695075,-1.7326482311162696,-0.7087700399262172
0.5022255360863467,-1.1040643246743072,1.4245804887262299,-1.2215015119927641,-2.3287779286075065,1.7655619873867936,-1.2655706205925095,0.08932413285060467,-0.16761992479909993,0.5687003004800816,-0.68525462754609,0.05813664181572145,1.4726572045817214,0.5121497362870763,-0.8856214549956505,0.29016985495262576,0.8058484052017796
-0.7985177993760042,-0.224794603017654,0.6436822919159852,0.1562555178332478,-0.7450526587740205,1.270513524653765,0.6623126139871256,1.3608985085766967,-0.34534236784676586,-1.1712112892256332,0.21544552851509557,1.2793425406931218,-1.3743456956516797,-0.7776659465045038,-1.1805012855375214,0.3647315346078439,-1.185630918453423
1.6279098026662004,-0.7126510579173249,-1.2748359841221337,-0.31320163181875,-1.2437119521433468,-1.1534304733424616,2.1851403967014376,-0.8612588972795967,-1.2934077649402378,0.3833511022769641,-0.8821820881593981,-0.245044561701792,-1.5709004056663738,-0.2542357916520123,-0.664427910619876,-0.06442262382486266,-0.2537663878685774
0.2695500707597781,-0.6043068853541461,0.3996860142973168,2.790888295484022,-1.3298373048317562,-0.6647514801136962,1.0798152979614648,-2.172288291038543,0.6686736044107346,-1.1436959408100653,-1.6956867595000347,0.6331160967645396,-0.2296625953049106,0.7668652214735614,0.26269283064128235,0.5999808780903526,0.291286026520453
-1.4625952586638045,-0.5788362888023931,1.2296523082997868,-0.6928458997097461,0.21237991437834228,-0.9152962976168157,-0.7445636755327747,-1.0948245343007923,-1.155426855925304,1.2714407528207392,-0.04168219581280997,1.2219605288121553,1.2352162310912007,1.2436298101286327,-0.20345869210644818,-0.6830539781712668,0.0216030710694072
0.7594714835254348,1.0154391611211095,0.4316598253662905,-0.91346885449728,-0.14765514098116644,1.9829642133788705,-2.3441329652404534,-0.3230756258282471,-0.05271644339509958,-0.7607146693409306,-2.21646456994711,0.23237173914767184,0.42659957640811386,1.035734929021421,0.03850558329954083,0.8413442346118168,0.6653693336784133
0.5900848454255043,0.7732778519879546,-0.7660486509513657,0.0214191737185198,-1.3151907874829267,1.8839504465950123,0.19228911272560223,2.0152207171850636,-0.5510316745945725,-0.8464549532793791,-0.5918640583942458,-0.7377398808917995,-0.016994951229469608,0.9104890691368084,-0.49523993248866194,-0.09957000569298799,0.8796740743326262
-0.25302493299216344,0.48799550419876614,-0.23375779875109395,1.0732219671684484,-1.3556777428190048,-0.7439040180241294,1.5713639988707044,1.8917414799239547,-0.020074997613882713,-1.030886787163028,0.11101770759867183,0.6504444270926505,1.8095060756147585,1.8366688842154029,-0.2545331496090757,-2.7265933984385584,-0.7967464426999147
0.0814064059276205,0.08713341245555586,0.25480723551126705,-0.46629990905606367,-0.005435510437466856,1.069311294713248,-0.8459995757528908,-2.2340448856743294,-1.150261592353233,-1.397163747377772,-0.17645472954037247,-0.3991830262348257,-0.3860648391925853,-1.7748443357046264,-0.7076412211489257,-0.9351010428895136,-0.2146623635794158
-0.776226583980405,0.07680788772654816,0.35350353162391795,-1.2534230369811512,-1.5321661003195697,2.0759432864727208,0.47496410394264116,-0.8543199412971227,1.4893704696921664,0.14861274935059823,0.4356425574486534,1.9714363568639706,0.8361747449094123,-1.4468791085091808,-0.915597825974882,-1.308511049232736,-0.669958239882161
1.8623916743918978,-0.7687944404275954,0.9428276827714015,-1.551380470512627,2.848149602293962,0.598926125725637,-1.6963685122942749,-0.016384864025070896,0.5479721721527732,0.672715731900808,-0.42606698011326327,-0.03670798440605351,1.6947580910425597,-0.8180145339236531,-2.266846532417421,-0.21038802920064822,0.383629872040384
-1.417803018626436,0.5265235167359869,-1.8490593166904499,0.6790274209765982,-0.45317531488323154,-1.3050829014418601,-1.7009808235934412,1.058297806165158,2.0866535294327178,0.341182415762516,-0.9776058644677912,1.3104701832624468,-0.4192177426266141,-0.32536306473855475,1.582422195282976,0.28667259103088544,1.289191170483725
-0.032708353215914386,-1.0559120320428037,1.6424423968184112,-0.6436423503438832,2.687857617066847,-0.5407046849076264,-0.34188302730433034,-0.6484581423726736,-1.3197029324192844,0.3895249783311437,0.6327270766453346,0.6855182293268144,0.008926474968623479,-1.641445095592497,-0.6218095471932208,2.254202602514047,-1.1254514452336009
-1.1311398668650094,1.369490420826475,0.5451988704807863,0.6274955933526403,-1.1707295216165023,-2.576312965077657,-0.036060825961419365,1.2660717460597768,1.232837095239112,-1.30270167187084,-0.046108360220286866,-0.46049538290231856,0.8571901004619504,0.2159423063012925,-0.7565989329982457,-0.6303819537891493,-2.0524510223324985
0.4827375804197296,0.4655180355888077,-0.30465441107078994,0.9067258065979722,-2.735831161021388,-0.18861564453825236,-1.8668100423156502,-0.5290103325505248,0.2860417443888458,-0.8588000452920911,0.746504433073961,0.42718176168703914,-0.9594197338834758,-1.1458836513558979,0.7398211732011399,-0.8223525398236945,-0.2591404766086417
-0.24613902792234363,-0.27293289103699236,-0.6389124319726629,-0.4091599192821492,0.9196734343439353,-1.694220001324404,-0.9279449694169487,0.6464087766550902,-1.1759923937849805,0.9042028566286493,-0.5462770597109563,1.0134117796678255,-1.1581815717014168,0.5962736178303385,-0.009057124561254407,0.23900257484159007,0.7322329953460482
1.8715177474292022,0.7192370699014068,0.612844467810341,-2.576851410502034,-1.684328542340383,-1.4950937284263,0.9653553888749583,-0.45847467543572673,-0.1724857728182161,0.06577305396994917,-0.11383572702063648,0.11924397488901284,-0.14392504623979882,0.4620905526939677,-0.36446060048393814,1.0455165505125137,0.9511877201718574
-0.39279655334679636,0.9412736786849965,-0.6563295892322686,0.4055468465594863,1.2131373812505315,-0.4706858806289122,0.19907830457022796,-0.7385658677918181,-0.43426092399935895,0.6564353907430547,0.6635824973803321,-1.0874930970017398,0.5513597392254274,-2.0954302722791813,1.5793099272050792,-2.1203012936849692,-0.50747497002469
1.3140545235597976,-0.7832392884591859,-0.8361750748117988,0.9454159591151335,0.6503640179920237,-2.4870238233946598,0.5229891131839854,-0.4917643869939006,-1.274195473005242,-1.0273493766405617,-1.8872407044943562,0.6212788307684745,1.307267074005084,1.4043771406458434,0.14406066019441618,-0.9971908809489506,-1.145372399386202
-1.1377938406114232,-1.40785533226739,-1.036041090062023,-1.2082712374035955,0.599069977844977,-0.420162850476617,-1.4070785429733077,-0.16065933558636258,0.9665401463987506,-0.4796383574888757,0.6434532567324422,0.5371840136139533,0.6098568052156048,-2.067754161209784,-0.9130066668369696,-1.434349560851259,-1.0739987993546931
-2.353996226047983,0.8488097735134373,0.263097960144844,1.2615855051076879,-1.0670842776595943,-0.147860640059658,-0.4807954045896839,-1.354690522932301,-0.3646743280749384,0.08351718296455643,-1.19708514864341,0.18308650809171007,-1.2517395836742535,-0.5870366635169757,-1.129977461153452,-0.46301256840529176,-1.6795461826150602
1.1103091211769835,0.9147659644754014,0.8610421251950536,0.6864781274939661,0.9546047255983057,-1.0102774128237155,-0.6905859415905644,-1.476919222278976,-0.23370636621131577,-0.287532866207369,-1.6426813130123854,-1.3585801149925305,-0.3083560809356198,1.113190030299003,1.0124201573006788,-0.5460196349014899,-1.0980568440839251
-2.6312679308666014,0.03091388697503373,-0.2572355122705034,1.1797837816515127,-1.963845688552208,-1.8973948175756488,0.993175981963832,0.9117584183024745,1.1575800115690298,-0.10339060015994286,1.19257313801302,-1.0502208159178863,0.07172416050979964,-0.10376395620930262,-0.7272018428389074,-1.24338969908873,-1.5598583231764085
-0.4336937381146734,-0.441354028002305,-1.0845321555433716,-1.7188985454735122,0.33657293431127716,0.81113381642083,-1.623732333125374,-0.5050887451341376,-0.18426819716241005,0.7724062822820863,-1.4078793019614795,-1.103064057748578,-0.49676863222687656,0.4386678114308704,0.07978659882802011,0.227133425620677,0.7045751237584834
0.3921310211817912,2.2422927353047637,-0.9175647230537417,-0.2856010959294283,2.0103460930975605,-0.9303629548882341,0.267758609009345,0.5181627789004226,-0.8686712966453248,0.7398231562747442,-0.40216688224691044,-0.46248788424512,0.04700128442091485,-0.2618084056634774,0.5079193018668988,-0.3655052761603711,-0.8035899405403352
-0.3351460713160915,1.0330117574971456,1.571839846467944,1.6390617316221212,1.2136432791147145,0.17424042385444752,0.3493750430462927,0.35391904515925016,0.6346689975858748,1.6202977048699392,1.1227108826233625,0.8274830207777983,-2.377881420106703,0.022780830093546207,-0.7452628499604759,-0.5363237661565713,0.1430880539303671
-1.8864745043205506,0.7281864531141323,0.11181851115897629,0.2099285445971127,-0.21890019776467218,-0.041102962945834015,-1.0150143617371576,1.562793146510122,1.3792558250324491,-0.9763631697371502,-1.5934657530783891,-0.5185981240589,-0.1965056421550419,-1.7199108485183217,0.7629118712886407,1.2557749062113304,0.4183271084343639
0.30599662665324295,-1.5046329071605202,-1.5642783494819401,-0.34488197877139354,-0.6260757595834622,-1.335744298155319,1.3919461393133012,-1.031562330985018,2.145397915901729,-1.120004128508525,-1.5968048060307662,0.17239367485171667,1.3022692261317854,-1.4809824215911953,1.211263785115857,-0.17750924305229737,1.5538647247328787
-1.9068661098321866,-0.20624729315502868,0.5197874009387099,1.2686279342996722,1.425283206944825,0.7788048462845949,-1.021250249451347,0.7754803873088204,-0.17455383345457234,-1.4507171820170492,-0.4073171958197923,-0.15806620786063777,0.8408140812554475,-0.6974598099087994,0.7374515935082258,0.20365485027218222,0.4595118327551876
-0.16108821969128173,0.4275047870379969,-1.532651280645077,0.5610356712131357,-0.33331190593124127,-1.2384558566137012,-0.6483744086625891,0.03544356854106779,1.0957784254286564,0.8106494053780675,-1.2713689134668984,-0.43837417191832667,0.5970296912451751,-1.3660920769129308,-1.436627482218783,2.1310273376980255,0.3550042609188786
0.19538500419886196,1.9338287316636593,-1.252094260209197,0.4568046938961671,0.003067876499903857,0.3756820731264934,-0.7797642663666932,0.5473008263430373,1.9602061386304004,-0.993523350491479,0.5984059690391804,0.8591027893645501,-1.4882534981181077,-1.4363971705987046,-0.07748357620448444,-2.04822402976534,0.1959143604530924
-0.26853538992222203,0.7932938568653237,-0.6759989220169327,-0.8832007052389197,0.7881317353417097,0.8706411430939297,-0.6150564401643634,-0.08321942757923176,1.3821176445629535,-0.3492675251977654,-1.2664024435412977,-1.3306837521693986,-0.8039594963665708,0.9323565284548057,-0.9392753400907308,0.25194816357285654,1.755647619395619
1.1272406306832006,1.0850789533164915,0.1364173053239091,0.7993674272958265,0.34953834325430194,-1.4389655933750178,0.48295904950720736,0.8453666630736659,0.5988412319707725,0.7221265238298618,0.22181143488027896,0.8875295091734662,0.025637618096115027,0.029782337524228042,0.7599378184934099,-0.6621753430661718,-0.1157228388105368
-1.1408114849327031,-0.06708350880088092,-1.0750518667479776,0.7498338878135709,1.7823457303654806,0.11951818053500117,-0.4781054373156237,1.3653050440101813,-0.8594365017370538,1.9325544325574207,-0.513746809436554,0.047607584050893624,1.2861735253264839,-1.4790639785566007,0.14994090403563243,-0.9395840548464587,1.260812705967256
-1.1341166258791455,-0.022710056319542718,-0.2539557268295307,-0.4155415517848142,1.0407887654842791,0.3989382492494974,1.8369295885573838,2.477878303266876,0.10971013736264378,1.0157882961000133,0.6984093997058622,0.4566622573003334,0.3927226419930768,-0.9973963638289833,0.2613831263838721,0.17926437308644047,-1.2630948892532816
0.09167025483384321,-0.927437081142679,0.8576915135406434,2.4797838043039278,-1.4918981375077898,0.4882061205488016,-0.40600940883276415,-1.6426905627914246,0.4873993701346369,0.090910260905333,0.8609619688305234,-0.48931868897323944,0.5295734961173513,0.38092408537441724,-0.7494435730944874,-0.05961047004037557,0.3080039061037884
0.9818625532857727,1.050528367235882,0.7725699003337433,1.4164766636085653,-0.4171341432552971,2.0235027669427823,-0.18681206645340026,-1.1173362363866841,-0.43179037397426245,-1.431829318741118,-0.666289386781546,1.0922339345922365,-0.9215956219707154,-0.19203232566283177,-0.8298931595426933,0.7877423495087214,-0.4578882779109176
-1.3345313175643363,-1.1337450522153458,-1.732105847331318,0.23345121510959282,0.5744341203327851,-2.227561273665208,0.6975235646919307,-0.38468664521529317,-2.351296476858237,-0.4663582153141493,-0.0855655884258063,0.7692511574742963,-1.1130422485270741,-0.06905216728853171,-0.41426368757896825,1.251169044386407,-1.129399492308028
-1.3882561797747872,0.17469642359360318,-0.6982222784992468,0.47193526535449604,-0.2704234558710163,-0.2496324090850959,0.13452591250025484,0.00958938584704186,-0.4645902161565969,2.0253538019220136,0.4883372803739419,-1.3776401199562305,0.5491128789988009,0.30912452809864716,0.24164306275757577,-0.7294862524171236,-1.089023367256762
1.077001791618047,1.8198452006997685,-0.454901873017455,0.5707152804236454,1.2488753786625728,0.05339633709855213,2.6594167239866726,-1.3894964970508499,-0.10885542505564111,-0.2407623618144817,0.36143444563182553,-0.9568171243485976,-0.4324907872559622,0.09272287675172065,-1.186765565634023,0.08876496082924386,-0.5254709164629608
1.0636788704963498,0.2176893115866033,0.3559268161833035,-0.30949887919145397,-0.3740814694155344,-1.8411858392398175,2.215441581036986,-0.23299755401728806,0.4666645762879105,0.5248852188979026,-1.4694842517030173,0.914340699901731,-0.13796712337395226,0.04521434326729026,-1.3495986691099942,0.6107672302649944,-0.1999866850704616
-1.7203515612954847,-0.39749602890669694,-0.9344485167128234,-0.4634261679580116,-0.13528016487700306,-1.092426638834364,-0.19392559325694148,2.2986890623692537,-1.1682358161217552,-0.27711412615874265,0.7045606053801418,-0.06756410348848674,-0.39312745052701514,-1.3207671114062207,0.24292584461893785,-1.3705919282053907,0.0639628042735793
-0.2714812960153651,-2.155143174014132,1.6055525716888022,0.007678227052877125,1.0519740889052795,-2.050894318778612,-0.2520445256575775,1.0105457221213991,0.9850604098553944,0.5379480724658448,-1.3977846608409943,0.15730056539770168,-0.05834646256715113,0.12311044038087737,0.48054973963885994,0.5666431325759569,0.3922130116241048
-1.3426653256309589,0.10793388109273687,0.8094509788270514,0.019176767965953127,0.6727796692638467,-0.14050926034883146,0.14447734857029332,-0.9448571866562057,1.0989627073058637,0.2427651290580795,0.5882730959885958,0.11425904153738507,-0.026325029580512613,0.874599315173802,1.2663175332486143,-0.6150750298797588,-0.1593059916827432
0.9218442729823216,0.6912394944276502,-0.17024629547078682,0.6764350206992653,-1.339366837313921,0.4473491249610882,-0.10085819983189502,1.7418112275431359,-1.267026455092509,0.07562804502513941,0.5046195847464676,-0.00035096880525284905,-0.03438829032129477,-0.29938266063663493,-1.2101506817985916,1.1866667338175712,0.0573500410989816
-0.6732268184958033,-0.5564361872311177,-0.7927403150854004,0.9468122731033908,-1.1709975115087894,0.13029668014573495,1.1511190166450613,0.6223619243627576,1.1074033393242189,-1.4688108533193303,1.404767409409516,-0.577938021648326,1.2842156251480374,0.041718958544513345,-2.6445640307395504,-0.5053925975828583,-1.531677701252926
-1.3391362088034595,-0.3395938487596533,-0.5560608468825877,-0.3492540363127706,2.251218361419896,1.0472279727230045,0.2163009600135186,0.29664369308727,1.3721350620211537,-1.348839052516907,0.9244760077666764,0.8501306557081375,-0.4054704006099732,0.7415172602525509,1.129603716508793,-0.9331599792740894,-0.4739679120358223
0.8051532124723212,-1.1397930451839469,0.5192094000375752,-1.0105187458481164,1.1559289613548651,0.7034968813051992,-0.8489760737072165,-0.23506018795211991,0.5454697778714963,-0.12001430203781592,0.3963855314184151,0.510350207939006,0.33327544601354214,-0.7457240054933503,0.7401691691830994,0.6749214683272604,-0.361110235599475
0.1508193454485597,-0.4786493429996112,0.6357509206575039,0.5498452622348522,1.2374914219666613,-0.7615958087772262,-0.20992011976164393,1.1165984850017048,0.0375307570961715,1.0261371621770774,0.8875636868966147,0.4278685161808147,-1.8250292874361156,0.6421749842975207,0.0891667947067076,-1.037725200484696,0.2693606716338269
-2.4101630584541307,-2.1829445866079715,1.0516324275935107,-0.26992659962660664,-0.04872993586532966,0.446047471479199,-0.8349165575237657,2.28980425409526,0.4410179549375615,-0.9343332555628411,-0.16013485270861907,-1.6511495501557891,0.8386579685009345,-0.12227053667348213,0.3671387505762391,0.5349658773977691,0.8109108609906597
-0.5368224051887444,-0.1697229553948315,0.16657611841669506,0.957447148441718,1.277552890250794,-0.27372749861849277,-1.396032055573571,-2.8250397475801905,1.7648321642214375,0.8711192994429625,1.3568740305003644,0.5048454229244217,-0.6575745148133311,0.9176612874265112,-1.1401921544101228,1.3249729301678426,-0.1727202526472403
0.46194113501321427,1.9897461546037276,2.314462810631303,-2.942527874160692,-2.102817021886771,-0.02958400603734418,-0.2528280464681597,-1.5953852635203627,-0.7072126712017031,0.07335186292505057,0.6384102964073947,0.9986539405836614,-0.054051195695983045,-0.0392281722055261,-0.43416658701023175,0.7492855282392604,-1.306158567579599
-0.9338081314068342,-0.30316801408800637,0.2091173323441942,-0.7727046859006756,-0.3239541811197981,1.42119402988263,1.1949449220245343,-1.0346491107941127,-1.155860115722443,-0.3036188734737267,0.4700546972533255,1.8524546206242467,-0.7556452443377208,-2.4815101220120246,0.205229024849514,0.5199872780873185,-1.401542129380505
-0.829801622645587,-0.6412922697431984,0.1875604868812477,0.19762202890643782,-0.4959072405700462,-0.42144749300076595,-1.578751352243654,-0.03708316601390756,0.3950981377907114,2.4838175664072892,0.36833829742867463,-1.3398617652131823,1.2319144568336609,0.5386636157419156,1.7011664866020806,0.36975079595663224,1.761279304954206
2.558591927070254,0.2070928119255257,0.547962744629233,-0.40238509096772956,1.0297616372847562,0.5952033467607819,-0.717529155181163,-0.19358429558833082,0.14354245581941447,1.8588447218770137,0.9709035347765718,-0.9691471564429003,0.16656896548333047,-0.09105006984902303,0.1065003864927277,-1.2258362195461492,0.1911191056290276
-1.6260497785237602,1.225325481683,-1.2961574520106198,-2.6372609305798447,1.9763403836453333,1.1291012719013975,-0.5059802608022071,0.013012203286463712,0.05214908696890287,0.5546338195977681,0.7256144833183334,0.22318384841254799,0.2346930148585557,0.27117487406690216,-0.5489325297435294,0.6480757845150995,0.8664828244880204
-0.16044798904664978,-0.16540040184509966,-2.322169641038246,0.3955768639437526,0.6470202199195738,1.4798489805855093,-0.07391960891203173,0.31077233864173975,-0.03614763373845738,0.8670274230238264,1.2570393022086155,-0.47028399992672415,-1.7624916347795971,-0.05933760427190495,-0.510039633549518,-0.26321828929491914,0.1242622783667007
-0.04346997665111817,0.07751798021839577,-0.4359433883016421,-0.03787697044620177,-1.855719480479247,0.020528767142839726,0.7271648507985105,-0.6716033535932789,-1.2139837062116428,-0.5063902323053532,0.8276158715057226,-0.0975245811975039,0.9891091814324108,-0.1339716053742726,-0.17490086194093518,1.0597807582148795,-0.4033786636344386
1.4629716185552637,-1.4880263596605414,-0.7765799851930816,0.21971733329237214,-0.5665119146730699,-1.2878954042608475,1.0412777888347704,1.421493020545107,0.8182203339793548,-0.22190891643653146,-0.6498812028736227,-1.9728687058840706,0.43755096832268575,-0.2569549999605057,-0.29951652945438484,-2.524915999123829,-0.8482340392994462
2.1715568639595406,1.931119391639654,-0.09441762693859213,-0.15448547349997277,-2.099841307879714,-0.6212272329987535,0.031837866595014155,-0.8189724535665822,0.565998060565872,0.7536481809807164,-1.761174041561149,1.5268913839529026,-0.7404263707030936,-0.6566605585803191,0.9965957881583761,1.165050886969431,1.0886846071945768
-0.10212784269705052,-0.2829145011127733,-1.3064440178395875,-0.37000612448077597,-1.5513722879031309,1.2578920700305134,1.2328859852278524,-0.03030055332713547,0.311969152545507,-0.47640821019326224,-0.3139180358042073,1.7902030887624083,-0.13111013027221216,1.4206737730726284,-1.5690765825020863,0.8434792686404637,0.4858507120695095
0.18161618683633923,1.896943832475064,0.35913580718411076,1.7235994906975611,-0.7474934996935164,0.2182758876287653,0.8090866605840231,0.24380023065900264,0.46077406038023166,-0.1501940122541097,0.3058693207865254,-1.6002955817465037,-0.5257178857612478,0.06087764092978524,-0.749142016631831,1.16659580279335,-1.1116984253636166
0.14315793402851304,-0.15878136677455215,0.8755849785707849,-1.1996338468243317,0.27364894631040265,-0.8564879953065873,-0.27403253479352796,-1.531007137771919,-2.614290034852121,1.4990499874374577,0.2354435162404574,-0.7068705253237613,1.5213037475215898,-1.30901790340762,-0.5110805594824179,-1.2721659999704868,-1.4012331565034646
1.1473287693724956,-0.9482351345428736,-2.2714304410066157,0.21128967165920381,1.0442862195953215,0.7886286701330364,-1.020161613818367,0.8166276136243927,-0.10758167026330669,-1.0196638149659625,-0.09834316534614605,-0.09901173428141415,0.7971740636892332,0.7497773124632828,-0.7390357860577501,0.6845603136815558,1.4388741163313572
0.006744818151161062,-1.2680318668824906,-0.5064134320460911,-0.9975394495037713,0.40944363299756203,0.9673817471173196,1.3242691214809568,0.267650965465906,-1.7510194310858613,-0.46748608054030744,0.4084821692263848,1.7736204841024055,0.5816578516845385,0.43037705314284075,1.2284724355649694,0.8158523913623071,0.6341604077500406
-0.9093089950655259,-1.0750430564171864,1.1767234783515224,-2.302654181396252,-0.08826314075255268,-0.22935408617846936,-1.430917219198209,-0.20825239537761467,1.238474366552283,0.426548698021322,0.752957366458815,1.3642896430104385,0.22507028608317667,0.5425288401749683,-0.5517517804041505,-0.628242700247292,0.1804458557052549
-0.9843183055832432,0.9927112012936616,-1.0315231808070293,0.87490377835872,-1.8105353969898486,-0.10063549918537358,-2.417686935137907,1.4986194946682314,-0.4486043322598887,0.21703308466463206,0.4187437019116689,0.7512554824226672,-1.1835394964979165,-0.6803938074616813,-1.2107114446542082,-1.83421754507864,-0.4117624686448972
0.4353145562996038,2.4613972009481113,-0.36223904810749286,-0.19581613224672653,-0.43513495864764257,-0.33494575501231577,2.022192095032014,-0.5295786150205722,1.0930987984334883,0.06551872397375774,0.1662924758852304,-0.07885824661660971,-0.9557858228325902,0.19075938097012166,-0.6195392785653351,0.09063707257155046,-0.9997956635695474
-1.5711166396230576,-1.3989490424447892,-0.8914306028100688,1.1914658332908143,0.7755083516928871,-1.0980441804813275,1.0156392930368643,0.2854125803005251,-0.9393594207505911,-0.046054662524984434,0.3675843905123653,0.36777376568376136,2.549362172509078,0.9815823199561,-0.45762070904310165,0.060240204612797145,-0.5921004479636349
0.3475167831986143,1.0161696864435847,0.7775836538073816,-0.4376842125278016,0.5117960338074345,1.049887933819081,0.32979320520966415,-0.6054489335190127,-0.7518366393531899,-2.668034530455332,-0.5142195439380929,-0.7820834032573669,-1.683535613483122,0.8613333744891165,-0.32799294184239064,0.6879360505263284,-0.7814671658825028
0.23184845028515022,0.7997638639059012,0.8725722194697791,1.3863129534348086,0.6327371909054387,2.6491303051566857,-0.8746073393046163,-1.3788855376918214,-0.029685167125399894,-0.05711687474416692,0.2147909227560966,-0.4956343202593554,-0.13425344851468324,0.6077324889559218,0.3728546024412247,-0.5926002597002721,-0.2304788096046188
0.06609831306766607,-1.4965331768507217,-0.3735503985518452,1.3064954072055148,1.5208357178312564,-1.9045679308132917,1.0477014030413017,-0.891462702155182,-0.3650326648940564,0.5072136907640625,0.9596656432686719,-1.0475515547748828,-1.7892354936455501,-0.962093384745501,-0.3780106494536407,0.5737049708434457,-0.7334910866893443
1.4687085280651808,-0.5317366720687475,-0.025824022125320274,-0.37537299524724066,-2.272115159143459,-1.0360987973914568,0.3615358113417751,0.35151446607311543,0.3796240448587928,-2.0324591837144528,0.788688763770364,-0.630581435511783,0.8545153696412715,-0.022374548304617655,0.10905142568027855,0.10091469195544572,-0.2733940996617999
0.24259388812202426,1.4507390422297781,-1.083525648309552,-2.64330546994512,-0.6666234980761128,0.6435847992474809,0.46314195513675677,-0.5227431776082968,-0.68809561933474,0.49432234067659175,0.45768799826748474,-0.9969891957180822,0.3737497219619136,-0.395276341402202,-0.600338364965735,-0.9059079276431115,-1.5452463202824296
-0.9021723341133802,0.51354089917338,-0.10091693858136887,-0.6395023574175982,1.1107867291307398,0.01898682610464224,1.5665714345258603,-0.17865051314450808,0.5201169362023255,-2.044754022932893,-0.18607420759973492,-0.3061403613221231,0.616760873161361,-0.30015389623733885,1.3758687484786427,1.917766725087808,0.0135062733565501
0.22045974088946843,-1.1485338763571618,0.9287943828130324,2.4369942825838447,-1.2814297439317934,0.09999214326585251,1.0896876221080496,-1.1491167241371867,-1.1214362926003687,0.07761468502794704,0.3217194933586846,-0.6175609534435706,-0.5361797183833992,2.282339872335982,-0.006721234136976124,-0.19165421238380964,-1.1587045861372405
-1.6595952133716705,0.8217745402290234,1.7115369443683763,0.6355224133281456,0.9130877966683485,0.8173726860523282,0.4639828803669934,0.11727440729894524,-0.979182748650017,0.057084728180258816,-1.246431628127606,0.13129056668349753,2.0973667846750494,-1.00584458072953,-0.8043496328078639,2.0189532299274635,-0.4780368793558307
0.023283396297144748,-0.12206916197454269,0.39988821782016176,0.6467990221788898,1.004105039288641,-1.0950206353154952,-0.9997408054410137,0.1769114382075588,0.06417053336257894,0.16143664242769054,-0.35639553368635934,0.20998339738636776,-1.3845548298543588,0.2508062721824375,-0.5870181381667147,-1.4895986222689954,-0.1214488938174737
0.08200189510975778,-1.0396868646517177,2.9962594490261,0.6113114135407028,0.4455367889622185,0.4853401921400365,0.29658321280104943,2.068491989939196,0.4813696300304367,0.9501050502761273,-0.22227827091231248,0.8863847725231387,0.32746478096750464,-0.9889676526917293,-0.49385181024980995,-0.044903948935400846,1.326612920334604
1.371780382277658,-0.016995014351496224,-0.5237581157277297,-0.4716876904484414,-1.7662752388126417,1.1961808337802846,0.45017135080562387,0.18877013742994916,-0.8269601625777242,0.30732396853585686,1.157835502156589,-0.5605462979342908,0.05249544556145962,1.409796016666726,0.2036761275611516,1.250034777783232,-0.338533309493249
-1.4473145981955866,-1.0625478628634257,-1.1477877398841778,0.6080530790503892,1.2958338682754655,0.3883142362432636,2.3947815302698996,1.969482916776552,-1.0595629372643904,-0.45824850755531654,-0.6351321718167338,-0.08238617938505426,0.7152099735812993,-1.8310888076873886,-0.2747348458942043,-0.5209873112374723,0.6642688766217528
-0.3220812305603777,-0.38689086175323933,0.9095953933338448,0.9381313754534027,-0.296542184848432,0.14479542247055216,-0.8151504062751419,-2.3488092774679648,0.9819381321186094,0.5462311746184073,-1.1092616952894634,-0.638300562312105,-0.16368486266943164,-0.6273142723097225,0.532869810894256,-0.9716071864257302,0.0252387085341632
-0.7911808765085323,0.11527508377778527,-0.5517778695167752,1.294731664874522,-0.31377851962446857,-0.5680273996425967,-0.9140563381944221,-0.8429776233876909,0.5988010560559341,1.446445551118943,-1.5066924972550648,0.834221031376185,0.3773073747493775,1.5669497463015212,0.989537855128125,-1.0782092785586888,0.5109607059931547
2.415117082950868,0.017796751458865747,0.7469688129740173,1.9263940324190212,1.0239019471614437,-0.6937018113595405,-0.4746775702716065,-2.3922627623126163,0.7959110722430546,-0.19999475986998883,-1.0434050511974973,-0.020820328871818766,0.39238521486601197,-0.7451486375158555,-0.5783630768042952,-0.4425414983780565,-0.6539729879161609
1.1996460924097034,1.0044356364191938,-0.43506976116623364,0.9802244913366074,1.2520384239918576,0.18891102562367376,-0.0012462476534280272,1.348998504948102,-0.2636939188586255,-1.797065047528525,-0.9278687832990592,0.23779257876429552,0.5120847699729436,0.6905648806549227,-1.0491789003064151,-1.2260092650375543,-1.1781011824302738
0.01652400129473794,0.42737766585179493,-1.000251352859796,1.78654994831039,1.360367135515885,-0.14397390887366418,-0.4246778022755417,-1.3686272873071454,-0.3309803295087618,-0.3719833368852143,-0.016559128116897602,1.150117051653584,0.4301546968873969,0.6896343471488446,0.17309432667948124,0.41098717553624825,0.7292175524243157
-0.6844831058509703,-1.2855817535833804,-0.5367629832575412,-2.0742702857610995,-1.294426711850178,-0.6923278029847951,1.7275000726935126,0.05930275324343462,0.14907759892554345,0.49185744120079544,-0.6819706097814083,-0.623102682719668,-1.3677004740334704,0.30106529888496864,0.9237028329916128,0.7730583055778893,-0.4274308339862181
-1.1752047500828797,0.5210652025533525,0.18311092925444827,-1.228575235251687,-1.3992209749539712,-0.6050410025998036,-0.8388840030517121,0.3001642730321251,1.0999145641170995,-0.4656048174073844,0.7639120802589502,-0.15400059203902394,1.3468142303923536,0.9417809514826675,0.04214957656655525,-0.6982723508341144,-1.0755674262829462
0.3396833356347749,-0.6750436821381947,0.9384422524884328,-0.5750262570878926,0.06996776157617679,0.627809066895915,1.347330982672168,1.7291984467628758,1.2074347814664774,0.00822857259311519,0.6914495143731277,-0.17012950478082428,-1.2285400962288935,1.150798895995121,1.4274577152438517,0.7780569247446427,0.1906373830367926
1.0113445986410303,2.2325951845741865,-0.7651991006423582,-0.41205901336186485,1.3130097229707767,-0.7215671663692275,-0.7909995180030959,0.11013959889676399,0.15118144859651697,1.5768707789699674,0.6134364420353503,-0.7073728953146724,0.9549091108643001,0.9274033792751849,-0.1992966695775397,0.8535847171196626,0.6633540936240012
-0.850346815484328,0.9912703032137972,-0.3497286829106483,0.8237372981924388,1.5076085623034492,0.456482771189363,-0.19124439957037637,0.26330061285159184,0.2627984642242476,1.3476411358043008,0.9145546276686395,-1.3211506763855068,-1.9503753232724748,-0.4988683031173341,-1.7544962157727324,0.5909745247253954,-0.9791734624376148
1.0233604764686495,2.9963472801992017,0.7472792610971523,-3.0463510240538847,0.801212485775304,0.10687201901548075,1.5257155485516811,0.6489204760527121,-1.0725476028072207,-0.26274840340970856,-1.2378541669704333,-0.6870088957388111,-0.11225610254356486,-1.5110298636416684,0.922970310774016,-0.2543069987094171,-0.8644777421065352
0.0527057243336177,-0.23965087633172574,-1.3612262955143222,0.5228223372586898,-1.1577807707647656,-0.32114337702005097,1.159893280032935,0.8165110965139131,1.967450778805559,0.8767872071324431,1.1594261942691404,0.8033619741818834,0.20323597881772978,-0.19469331888258573,0.5512515179696005,1.0074739007337539,-0.6511517949735994
1.3998019160342494,-1.8082047404845785,-0.5641914728170779,1.4128408690823093,-0.45365221301633635,-1.080236083099865,-0.4640729565263549,0.11185801853242598,-0.10184890668939395,-0.5273325186009362,-0.5482705723803171,0.28150935888399253,1.326680589333113,-1.7924509693876274,-0.37973824569298886,1.141111558348452,1.3747452896961938
-1.4832843298574059,1.3728650774044073,0.2097828436188048,-0.21228373830203595,-0.19769485145225837,-1.7454166958620174,1.1488451821349208,2.004394353095876,-1.9797329053766481,0.6569056823192255,2.742350794467095,0.4523413376837096,0.08339344756583282,1.003859824432089,-0.9787836155685182,0.07515244790014695,-2.7063770777886416
2.13344083538047,0.05519873674672181,-1.4294901917297056,1.0886213010111354,2.4069495660359137,-1.5229912739769413,1.333759039390612,-0.4590749788315292,-0.1267365346675075,1.0019231358977898,1.3439976016080768,-0.22428359216724603,-0.7521806220806417,1.0233336824092412,-0.4399957133397945,0.47056550226908017,1.7201692062133516
-1.2031446686258016,0.8937450888449339,-0.9334249048921148,-0.019966363072156677,0.8979821993807341,1.311436435736099,0.11290550293000436,-1.7490725821922826,0.3618772116616591,-0.4457398273634016,0.05317807374037783,1.3234281141603705,0.93351035844991,0.769522593798184,-0.08666195026374034,0.7873474853234301,-0.1167498473067899
-2.2742428218007715,0.7282702675066088,2.49913699764587,-0.20169973783128922,0.6278650240356629,-1.6522935228865616,0.9903634499251379,0.5680442489000269,-2.1698968589875687,0.3700265102428698,-1.3284645482832085,0.24952354514274888,-1.1256978077573154,0.5897758770657929,0.9922922968626601,0.9291784625906369,-1.048525800115416
0.3518684302115333,-1.3444013033524944,1.9431723911062857,1.607816290431555,-0.35608956077091436,-0.12213591305252848,-1.27144533685227,-0.2694058933405205,0.16479081052949981,-0.0510783510263764,0.3971402961519279,1.683026877093204,1.3668935701901226,-0.30469816677633466,0.34885691779916356,0.9567754410390207,0.881689352398281
-1.574620686318368,-0.2424067014138596,0.326035915761314,-0.43102586987740554,0.8675346587942918,0.560138342944212,-1.9132646101499242,0.19670111067502402,-0.4702720346082882,-1.226741236245194,-0.2760774277622407,0.5312327005435682,-0.1564343081600236,0.07642089088014488,1.0700478484401363,-1.396011224935833,-0.7413840856951491
1.8245640020257239,-0.9430802149684337,1.6639629350035534,0.5799724427172893,-0.25146320017437634,-0.406224147684873,0.5462865250132566,0.8258408559738382,-1.6086633116544509,0.7438636916904297,-0.7693685880719996,0.7726851373630974,0.35259943425811613,0.20153123082527197,1.4519455464468205,-0.9415373415724791,1.434220313618415
1.5164665649845654,-0.8211520941797441,-0.8301807139762963,0.44272129273762756,-0.1535371213708463,-1.1160045207734446,0.7889317799287923,-0.8426311604882755,1.634313835053379,0.32753880344926994,-1.9876557605282945,0.02027627432615962,1.562677013236718,-0.8324977041822678,-1.243466524582782,-0.36612275099825264,0.3343314999109957
0.2816352008923064,-0.9352238357490128,1.011486998199722,-0.13401729025325118,1.0605792808081491,-0.3028862257661513,-0.1145460279176163,-0.29101464202255584,0.5824604623970225,-0.3046352643210864,-0.7917832012552231,-0.9057385788928345,-2.033197382075879,0.12958354984767098,0.23207119779580812,1.0645333070694996,0.5343818411943756
-1.119901264030154,1.3343166462575076,-0.286779597262428,0.3621010745033956,1.5843694417806768,0.4430559300376177,-1.334295437947234,1.0559924396080733,0.24921117766101467,0.35051833166282276,0.18607438830944137,0.002820579510912105,-0.5295673725253445,-0.48847882103799584,-0.6476659077366883,-1.0961251910632746,-0.5647715661324523
-0.10324151435753112,2.332341935891357,1.1489394615338127,1.2472054620886193,-0.8351552280372007,-1.66075801702417,-0.0019340092736640972,1.2956333155334692,-0.11044999213070344,-0.7892919593263718,-0.03613731987537119,-0.05768401843381346,0.49899403729023895,-2.1177891626947405,-0.22560186738942642,1.570796931861539,-0.9675282432785764
0.12817744648452886,1.0461182572433667,1.2381589605207006,0.09808504254286152,0.4513635122687745,1.050507197790232,-0.5825376872988219,-0.4515102843722575,-0.9977674980157899,0.8733383837688723,-0.7577764546534489,-0.24653585011483345,-0.11821150623524032,1.2287224546296327,1.1852383801065405,0.11401371876904148,-1.2997860497105194
-1.175936636202389,2.06564154011572,-0.7011710597490556,1.050497299712858,0.4531564939072713,0.2375946664084319,0.3681701052441436,-0.11125436688901606,1.1243139284347141,-0.09082474413145325,-0.5528561530658255,-0.17706267625152047,-0.24094377870786432,-0.12947451977792,-1.6985571859824888,0.3320587289662605,-1.4695175592310654
1.5823666359462152,1.3555323034439268,-0.6282646446011867,-1.4970849946421405,-0.052141369828423774,-0.6296989452230447,0.7921888995591706,0.23911085407815189,-0.5937806961140107,0.8922740850102427,-0.05734525877674845,-0.3796605069758375,-0.9797417777757564,-0.3155946819333511,-1.6285698037548628,0.6148559102649099,0.2899118542717112
-0.9513499721513402,0.269956215578816,0.17781619813544725,1.6615324306426713,1.0215991666168,-0.6996878221948699,-0.8441034945181631,0.06073772432286244,-0.044816977112845775,-1.8531615069422214,1.0842497749089965,0.1747556004173111,0.44253899186563134,-1.1293442333382344,1.235604819010817,0.29594375439522674,0.0471778668590821
0.08547034626803836,0.06860863496844626,1.796757117393432,-1.4165354969961579,-0.8868466587000629,-0.019663387714074037,-0.6467503244355717,-0.9657452852938122,1.1310014791838092,-2.646454025881761,0.47286893075071157,1.220881825150167,-0.45408055589797375,0.3822031295355551,-1.2094263121808098,0.530774553454591,-0.4737140074349579
-0.9236086851680205,2.841393450826866,0.4483927359720758,2.4731681188237777,0.8136020591750814,0.6840274293268758,1.6528223532099293,1.0258212854463227,0.4287039590523414,0.2055777987326471,-0.32871777929498625,-0.3612417676763146,-0.25099771588595576,1.3767474177234553,-1.1388454557281993,0.25606037767317597,-0.9983714503777696
-0.6809213706172758,-0.886966391803284,-2.650717132225993,-1.458625323163323,1.0569360801294752,0.8235202624568017,-0.78976447560601,0.4428066533269578,-0.29578802723105263,-0.6693797280648995,1.0213872059548845,-0.06341953048740691,0.174653269697177,0.8039835647653585,-0.9980335321107989,0.1749455068749346,1.2406154909488858
-0.3211936523541463,2.0517142557097623,-0.5285033718280074,1.1541188964294467,1.7932110397834002,0.3834368652985135,-1.584652897735422,-1.8144406523212646,-1.0101202965152891,0.40823223296484124,-2.3289695689979113,1.2503742743350095,0.1847644920163521,0.6888602673352651,-1.1026981026462637,-0.5521843049106374,-0.3081553684704001
-0.7144405793370412,0.12104745384044736,-0.16757763377479432,1.0196665203027209,-0.3039675488956771,0.5735596431028552,1.5814244134345998,-0.10187895620920902,0.8055647621552572,-1.8479589851040523,0.40337689599833504,0.1147821493833178,2.240784316593377,-0.7474461018300645,-0.2730424235123681,0.9352123282048768,-1.572391411596603
1.1632418523899868,-2.5088898034464986,-0.18640115047179234,-0.4052264048624333,-0.08415865256228608,-0.9554088986585879,0.20188837840258766,-0.8034754842504915,1.2790791340363796,0.23592616173767963,0.1543196094282629,-1.9258755647238093,0.059656801404383515,-1.1807957117947696,0.9941329593225586,-1.0204578174322763,0.8371965556485994
0.07823627020823308,-0.6815855117812756,2.011728117363066,1.1012540429462099,-0.14216420205700447,0.16442165629239153,-0.1605657515131003,-0.8665807637384908,0.6662438163903153,-0.17271081017204185,0.9093677063639001,0.7107555507816852,-2.047003262077935,0.8818286793662768,-1.3333642848476062,-0.054879022844929425,0.134640013650906
0.06516914742194406,0.3706828276723626,0.4967994621583508,-1.4444859206244405,-0.6209007303265454,0.21291386350521632,1.3883408799096764,0.24869584817017795,1.7260845272658982,1.0475579685169845,-0.8615766099626432,-0.2027101136120305,0.18009756075720554,-0.5325458419876066,-0.8900036074006598,-0.27905108139608303,-0.316268892269751
-0.7242346783166219,-0.2817484223577025,0.7823376304653369,-1.245435523910596,-0.7295170837373618,0.05311714759757763,-0.5572130243313367,-0.460005865773806,0.5531203407603007,0.8691823206766912,-0.18199123147193605,1.1237099760469464,0.15331759257628902,1.27947842914569,-1.3397537443237648,-0.39262681001257876,0.6349209172139652
-2.4563906757226803,-1.7988159524416156,-0.5209449843691306,1.3829199609038085,-1.2126297555163101,0.2978399429633853,0.7273848760865351,-0.6232379851519128,-1.1532503671806011,0.12029714936740386,0.535161133032967,2.4815393087746695,0.259251109373489,-0.007711969196762918,-0.6748973973288024,-0.70771013373345,1.0931720214040508
-2.5248473587008924,-0.3356699850548695,0.07341378751839946,0.06269802256781573,1.190612276186403,-1.5775947683374583,0.16743360592939524,-0.17059483167137357,-1.216663778766552,1.0341637222191893,0.11748669230091265,-0.3017368855719332,-1.344282977511606,1.5777476240673722,0.6187520927707897,-0.18334455415078385,-1.5784632619344463
-0.8177155399444167,-0.6370693166162918,2.324022145189131,0.8949086311342219,1.2289581031280146,1.1683873906843403,0.9006079468218994,0.6855733498494481,-1.5306463855696357,-2.1375545485788217,0.9453777049163543,0.23942597111363928,-1.4292580229553653,-0.3628290519532821,0.4717881176519577,-0.3991042053924569,-1.3017602966553827
0.5287626643120629,1.013325693274031,0.8088617334931582,-1.1700508463148718,0.4201747362850111,-0.3644758096809364,-1.5305262093818903,0.8180399320267335,-0.14953796352360638,-0.962574358677054,-0.29850831940047756,0.9579841843359412,0.8026275950761121,-2.0919544625319033,-0.8681110962540265,-0.9919283975686101,-0.8528866088581474
1.0580965224736285,0.5118898270712199,-0.9554301173653974,0.8861595316561374,0.674898064201602,0.6081024147872639,0.9003349418913006,1.009327256157816,-0.505726641743764,0.7735850805288182,0.5699543773493,-0.8209418982243613,0.7423156550640674,0.3374773211326659,-0.2052760742329695,-1.1254895049140319,0.1744213001563566
0.28070857481977907,0.21068344766958177,-0.4908383100374051,0.8287381040681272,-1.645907331849922,2.3690395228632037,-1.2893989807172856,-0.8229855567929263,-0.6112969951130406,-0.30483529180419056,1.290263452255268,-0.5612821754988576,-0.7606307019787006,-1.1943675627770314,0.6651413013229142,-1.4966782734319761,-0.4508802666571834
0.3521072668417566,0.3840126107151564,-0.1639442526141088,-1.0109714767559734,-1.8662084900007527,1.4487015520522903,0.362925252069435,-1.0494395614470442,2.0977142403863254,-0.3943245270378479,-1.5018160301988475,-0.4314581960940949,-0.735801772786115,-0.497665679145237,-0.17532059751637058,1.2123760540061648,0.0869763696338978
-1.4637496196099162,-2.4644314316458082,0.35921533498653374,0.1823507881198769,0.8921504016139399,0.5550302194371269,0.060884009565284426,-1.2983034916503196,0.015761353268668205,1.0742342566057617,1.7508172342527843,0.006821131208216281,0.006412003060442885,0.45275562901570726,1.5381025349640611,-0.1908762174939336,0.5367909525525013
-0.13828416420736983,1.5772452460479696,-1.3746920123733553,1.1066938510146738,0.15249077823775295,-0.28347071480522484,-0.8258975828136498,-0.8828494017250449,-0.2457364044340052,0.09657074043208926,-2.043331043027246,0.05218159073858117,1.224121379498284,0.2359761903118753,0.23485014528309547,-1.8932444779750333,-0.5898474726169689
-0.6883877844432232,-0.7778526707974829,1.5398312124492908,-0.7724691526114587,2.095379729375545,-0.5243394777980728,0.7223050261604839,-0.7448165214532022,0.22155063690323665,0.1066716636871107,1.4555821915126994,0.20157897215057763,-0.8375893603903114,-0.4126455035654068,0.04529623364766471,-0.8362468512172349,-1.1013860407932794
0.5595443463043738,0.42786423473593554,0.2633203354495864,1.8133532058364294,0.9234358376636954,-0.7803540445957373,0.2109340819688048,0.812501378603788,0.9885591334792002,0.3077929035459662,1.4223452693757146,0.0903039006375532,-0.776280081648756,0.04162497000654415,-0.007851224911881982,1.6546128935574302,0.6164009024217295
0.02231528049704057,0.33563347761113393,2.124673412205888,0.34630828810430014,0.7169171326758694,2.481987368398853,-0.27471259373135565,-0.17025572102301934,0.5215448827540281,-0.647939009938517,1.4779681586323223,0.10965538712139039,-1.052329571814427,-0.5388727800892319,-0.0732753509445605,0.29303595429815804,-0.3217277454592697
-0.22511069717779464,1.1037238767210389,1.090444820244999,-0.1781919689340414,1.3991579112714316,0.30298830511080793,-0.29615136026184113,-0.5997345391477312,-1.586075914863658,0.277893699461502,-0.15048034327188162,-1.9321083245746649,-1.5344492896921929,-0.2306416485177629,-1.5654022761724433,-0.28692883375294176,-2.248517640474711
0.6752068401983191,-1.118848486848939,1.269116023209766,0.7202006383288173,-0.30218012101341096,-1.2441856941295426,-1.2878717609559207,-0.7126858078782787,-0.7730707775015587,0.19901593836966266,0.033363944093435675,-0.3892599094376963,1.387119634401198,2.1574621383137296,-0.5077868217625562,-1.1292580067834173,-0.3580347017502562
1.443061365219808,0.38761802810277923,0.5230343878636432,-1.582191166224584,0.20011615326403867,1.3947019900945852,-1.3534778102501672,-0.7505502066585744,0.0034763247969253667,-1.80996242919403,0.8137307403935778,0.7923913914398171,-0.7976054959970581,0.7226396769026266,0.40277525997006464,-2.360406747685112,0.2859386031735331
-0.7998035150512334,0.028627922022121177,1.3878594750397604,-0.37066461141262974,-0.979555374624613,-1.068326891355293,-1.3148646826181483,-3.015595981565285,0.8710756832120636,0.5607087023959763,0.39999058661610865,-0.4073165410072556,0.41998898716649347,-0.4954471351962096,0.0006023516915398332,-0.7513826569721177,-0.4239278496968255
-1.6225071433638982,0.3713658776162285,0.2751769801412233,-0.2500767805032786,0.3004710669427587,-1.8328917075503188,-0.3525138497912989,-1.1689701994773667,-1.0554958248649164,-0.7257915751525036,1.1244849681192246,-0.9162702300979167,0.7434686109798752,0.4602696802715086,0.7889206602979421,-0.922020290170654,-1.3485908094826324
1.7423876949507942,-0.9566129755192242,3.115411291682889,0.8700704081574835,0.658049663113522,-0.6306439967485683,-0.0894982945630951,0.5857389806456583,-0.42348396055072945,-0.5447323401943379,1.7937860504401275,-0.7406748448922748,-0.1813582761502554,1.0398837389909987,0.012912507685658185,-0.22921714788038366,-0.2810240001162385
-0.6271120365841755,-1.452755536832474,2.485010998511544,1.0731420507296847,0.2049566671892845,-0.25577034544185584,1.0815825545641318,0.5844353765569672,-0.857611729504649,-0.740947041592745,0.5034255138135434,-0.07746243222549397,-0.2553205888127186,1.0272806142838495,0.9771246264592813,-0.054436228140523006,0.0512569233179654
-0.6199328952673399,2.251986549246537,0.10154989086123155,0.4364982029363357,0.05113759670118517,-0.04116092427335497,-0.6344980182782282,-0.6934461572191101,1.0892239128476149,0.7139140457173494,-0.2535025929363805,1.6209295575732066,0.45491797700816583,0.08723857989744575,1.3034581044095948,-2.009110409401163,-0.1802972007701329
2.797024684842046,1.883344981515845,-1.1117496298798495,0.2198902682898723,1.4169326586058761,-1.3511895315603855,1.242136979895406,-0.0046296025184932536,0.6825928254989423,-0.20198791919260042,-1.2865625156860532,0.9496219830927219,1.4143388458498085,-1.1127194187311547,-0.907083399910496,-0.3585588454090726,0.0625193018214444
-0.856480856490548,1.306297955620504,0.950370861019633,-0.28230990880507945,1.3594729108997035,0.19704085676523228,0.5530144074179457,-0.767114542616632,-0.5654301383891098,0.2296703252589849,-1.6355875931368922,-2.730328246637686,1.831944470848755,-0.9371695025181005,0.47935878987528824,1.0229489994134016,0.0492671731260583
0.8026852497472114,0.020092276216584163,-0.49354327434213624,0.5184664727691065,-0.7642542215726312,-0.0013553108703286399,1.9946671343055165,-1.360083446874699,0.899789376273974,1.7187033148258923,-0.7895554870609587,-0.4891291855999612,1.1461563534003274,-0.814800212127565,-0.24600608120189224,0.38001253638760746,0.6542095232551747
-1.7737115093938574,-0.6146518998129709,-0.6410534219620267,0.5006441669622091,-0.362523000162628,0.3426626161321288,1.401798857281804,1.0725197152410604,0.5364965542817326,0.8811338541934565,-0.013667400781943471,-1.3343700044711635,0.6363689627589179,1.5578383047411644,-1.3289074095512543,-0.2259236936214909,-0.7552112420405972
0.3163503572500847,1.2540502657818569,0.3598420583407523,-0.16410528167230626,0.1368532718162401,0.40372222087837256,1.1534225812607928,-0.13143528003514876,-0.8239141003559688,0.41301652173994485,-1.8417575828651613,0.7961936204550955,-0.28607328398196613,0.09989675566833085,2.102783570202069,1.317464777842908,0.737507053701164
-1.2340267993003187,0.9176619621924005,-0.6130193654805541,-0.5001484355108076,-1.6849039896151339,0.6291089984306898,1.1414311125554275,-2.2593393590647994,-0.8700812687033364,1.084269180136451,0.21975305766846875,0.25515443391840714,-0.11779884963625228,-0.8437793738076803,-0.7367574657919301,-0.3604342864346923,-0.9544090853113392
1.3971852021607565,-2.0588410368022934,-1.724674753503403,0.263728462744266,-0.25122344451957485,0.11587651646607565,1.0297369918373087,-0.3182955868106279,-1.4350420986903658,0.35271535942661325,0.4836797887680471,-0.512325550664653,-0.06737814594686625,-0.4414833455744781,-0.06065452747453965,0.1414053850815544,1.3068862267960886
-0.2093999597404241,1.0224723964228857,0.05067680519871168,-0.1929536296723945,-0.5497911180660193,0.17063375373977555,-0.35677338904460637,0.010872985625868926,0.7108777002014465,0.34087238975766343,0.961397321724205,-1.0518222591372595,-2.0262174342767696,-2.4189614812363742,-0.33856917864507197,-0.9436850304688972,-1.3027957920528808
0.450225788319314,1.1415663989468134,2.5960652555697314,-0.9325396287318944,-1.7875919993060572,-0.7032547052166288,-1.0861783862767165,-0.4151052682962355,-1.046453621818915,-1.1834209287219615,0.09247370748379662,0.14799701013907365,0.44469650451467413,0.4757626632062425,-0.2329118715495552,-0.5568635831510559,-1.2992964769497797
-0.10427072329396042,1.7359035124708673,-0.34237014303464697,1.3107243598176737,-0.32858166181104775,1.1396671088595094,-1.4131592052842554,0.9172834131309648,-0.32615368381173887,-0.5237074818002035,0.34414919176684344,0.42296813815821976,0.3637347730178202,-1.5740625098871055,1.2647727741094632,-1.3472899673752328,0.2315001381439847
-0.8200028070845542,1.9074210419868265,2.130460946962171,-0.8642972674573887,-0.1341576572131669,-1.0065771521688633,-3.078538151551512,-0.3316197766722034,0.3887150705819491,-1.0588593454868809,-0.14346840538110547,-0.36428708416723943,-0.17559757306353932,-0.2811330019129304,-0.1127255807203916,2.0843096106556778,-1.3141723349716117
-0.3458124823773205,0.05005024191265903,-1.249903664446514,-0.6574347891022266,1.1445614386366423,0.3684140104495982,1.8215146275819656,-0.971751280517999,-1.6591591071131568,-1.0393464690524536,-0.04752500804255045,1.2841848536916858,-0.7728866585163404,-0.9162302988073421,1.5901896168344614,0.4283910111431525,-0.0005172206574059
-0.25045288389577997,-0.3520756799459776,1.6318174059006416,0.8384306782312696,-0.6002697208691159,0.8745201784452754,1.5336384601363047,1.5361727443319295,-0.009891347328886373,1.7771054245023028,0.9831663048305729,-0.7848305249871389,1.2111819646334323,0.2019303438717053,-0.4154642340377799,-0.6911165965146505,0.6809351162331639
0.8413484959705384,0.35366575234147557,0.5276501007869016,-1.629569326633039,-0.03624845562329633,0.3409410128116667,0.34278968757318473,2.3144843472511796,-0.0495440916452386,0.9270342117444381,-0.2613185791671943,-0.7604349841597201,-0.6365837027309463,-0.38744524610261266,-0.40414853767316494,-0.6952282522950756,0.9049213851226576
0.978924567442063,-0.20468147544130136,1.1676268489319392,0.14903862486819336,1.431749463668572,-0.8850634079882339,1.1176827154351636,1.6848822514173654,1.0545249587309746,0.3536235857997892,0.037796107628749014,-1.5991137807621947,-0.1717278126772517,-0.8515673422749719,0.2328323931265723,-0.307884198817265,-0.2156851398179164
0.06770986800307864,0.6772162453508188,-0.41578388852015147,0.5548169781943715,0.0803157707359952,2.1454159572282965,0.1445258736158962,1.0148520125612923,-1.804864358657656,0.5422280017640698,-0.7083620583404978,1.4510530254908536,1.4636771964308264,-0.7976506726982853,0.913883798475315,-1.0150093654884214,1.5289299262787497
-0.3267395986146203,-2.3869900413173286,-0.1621998354904752,0.45647869506642547,-0.7351331324108149,0.24112905215085728,2.5245051999017014,0.4973733777626504,0.2068030059185645,0.23457915234710794,0.3411450855677079,0.23184893745339893,1.9302342877906167,0.5878903285268491,-0.45844795280781253,-0.10297260653509437,-0.3063884319504544
0.7457242809501463,0.3538903560797091,0.7068660979921804,-1.6220682152085084,-0.4156550480818707,2.0156168867872535,-0.35754722352600127,0.03890992590949587,-0.7143763472555388,-0.8275438015398198,0.6285686508420387,1.0045987383943937,-0.6093213884118849,0.7950882587188569,0.05810732864128552,-1.810526876792613,-1.1984814857688482
1.7177938958831123,-0.3096182568948017,-0.019517327106856587,-1.3957039450245445,0.31319765236963243,0.5709386706983572,-1.5347196771739273,0.7942479340828361,0.009590716295124388,-0.2156475770907127,0.2129596610263199,0.36806136008852625,-0.22275131544330462,-0.5769165451620715,0.7427700539337238,-0.49143614754854004,0.0785215001519202
0.3846330334218637,0.4802996595532959,-1.2718584271651083,0.8666539224486319,-0.25682110297322713,0.3320751950875583,0.2979284263814654,-1.7433734734876518,0.04530261674884307,-0.024905026495911232,1.0880970165008073,0.35670128482285895,1.6988356569208067,-1.1094659874206825,0.2492085496962388,-2.2330765021002366,-0.4775862263114705
-0.2744465985199094,0.5054339722928933,-0.33278261464429115,-0.6816037599418592,1.671641771889914,-1.4501192929834645,-0.581019192317573,-0.19117030119109024,0.4799655165621053,0.31019750385199335,-0.7677763031780386,-1.6286389294733237,-0.10654879350093165,0.6605968615156749,-1.1954951820560762,-0.9682266949088493,-1.1746127694557889
0.3825441272084199,0.32856348809797314,0.027090379715038634,0.9228242140421401,-0.5294950993926268,-0.3918743827411169,-2.3296118233396648,0.9048473945822836,1.168408370257582,0.02410224177239208,0.6766985278586823,-1.2332332529700607,-0.5436650414009494,-0.4681505407838274,1.3549659750510548,0.3237655146083511,0.6483452818119256
0.683641690055126,1.2375115510351924,0.7041178086076053,-2.371433285166434,0.8542195782477052,1.297103169486758,-0.4268501930653647,-1.2923267224161086,-0.6691283418031846,-1.6398020942371885,-0.7929953073072646,0.8549327777184293,0.7254274376871761,-0.12555437123039584,0.04599186234008831,1.0963959165005128,-0.6429218927145093
0.7486548130193025,0.22857842881133603,-1.5482655389442468,-0.4483662056502637,-2.12822701206774,-0.4984700633936409,1.7146736990496474,1.466998982437713,0.034038732401725176,0.16476755345414076,-1.583657435841533,-1.4942144530783623,-0.2852601848215851,-1.476861695243026,-0.21428674852518306,-0.717767890185801,-0.7846750121728433
-1.83273413459338,-0.49098765578761094,-1.8458484859582007,-0.45002526429972317,-1.0649721489976818,0.7860249319256558,1.6573548335111719,1.0031704345603332,-0.5706570098045384,1.0617383372555236,1.9053342487072567,0.2868304860738386,2.8240955098862175,-0.09948078882015779,-1.5922065890021793,0.529270878462885,-1.0939221391468592
1.0466257576474132,0.4888815654252048,-0.7294518562491275,0.18681784290659842,0.9030477605024422,-0.6870963972806,-0.8541395774287219,-1.086766931125461,-1.3147730172727172,1.007411644818275,-1.3456753050877894,-0.2877026265271681,0.12740905496031207,0.9057452938065325,-0.7830218011789533,0.7629628422557211,0.2961687018966051
0.8278448723621408,-0.2682218565220377,-0.6811495436090703,1.9213256272694665,0.0689163907653081,0.041819686664139155,-0.691489670706177,-0.8954772674044733,-1.151255486178704,0.5428964834257289,-1.9334065242671297,1.00100890647291,0.9348825584034461,-0.9465578638758191,0.2318571859017565,0.40737068862592174,2.000022515883453
1.4693372274545835,-1.2830666876367494,1.0000994765730775,0.8515605064792552,1.6583931424417961,1.1789045758882282,0.4948073015280277,0.9717748546201886,0.21801980950350952,2.0978837736465032,-0.8007534363453194,-0.2653074455718743,-0.17457549970889913,-0.7627513148551405,0.2729565792358547,1.1495419967408358,1.5378154161728896
0.5630693640589427,-0.9611639243560597,-0.4743529605088547,-0.10936705934941654,-0.3092997491182218,-1.7200874525642809,-0.3780342611173544,-0.38543522432066735,-0.9380555608329711,-0.4934996411368099,-0.7808406039473701,0.7897258324845455,-0.6098304594116087,-1.228859960028133,1.534772028538746,1.1966239231687155,0.7706545441907767
0.27471557820943865,1.5707946871031555,-0.448551771333328,1.8360738709684394,0.6902716874978013,-0.22005575496755128,0.6542556096444276,0.20122412753980562,0.4202638258619735,0.14592342409712583,0.9772880343504642,1.8982834394570602,0.6102143054753417,1.280372552745106,-0.35812788173460536,-0.908619260540773,1.1374439687156237
-2.2348237712035828,1.2136990367349811,0.22168685223040563,-0.3039831510687838,0.9666297419619951,-1.3738975472097457,-1.415244576789768,-0.21271720894915233,1.606931936316191,-1.1394527993372705,-0.8227720389987687,-1.1586794366455244,0.5074921173703608,0.5414064432626318,-0.996308266362151,0.18388565185247963,-1.71384153661263
0.3849880220282877,0.3767343812748249,-1.0531051217208667,0.7777645966431104,1.1981637210779803,1.839554374831621,-1.6088104372551657,-1.6636818781232023,0.41794483742192556,-0.03753998240721009,0.6103975904003668,-1.099480862124827,0.3169913393783898,0.345347674260807,-0.007511060855708495,0.9244440033691488,0.7072308606135096
0.29002535593463336,0.622821957530418,1.2258105777656636,0.20850170096840595,0.471371607859779,1.3417743220696647,0.6879298208324495,0.2700248044315175,1.9524121783401334,-0.5396562327840694,1.6625650888916221,1.2881732638709287,0.05784816654724997,-0.4524094400680191,0.5035313281212601,-1.308190783187597,0.1497186963700315
-1.1609268143637916,-0.5252338953833218,-0.4705795370593588,1.7289072401705687,-0.09653759702505393,-0.24215086239982808,-1.1442037250209631,0.5315075593412758,-0.6312197396455188,-1.3798963315786372,-1.49478543380778,1.0156960599027829,0.5527437172149419,2.3307809759513525,1.147263381904465,0.09171483934657862,0.1465518644571939
-1.180746016816021,2.1639397288193982,0.1721804074034338,-1.4227611885858495,1.4204814694949455,-1.1811311996028395,-0.14434418216685563,-1.3700534800435418,-0.5133617799002473,-0.061205245914312055,0.8223661475622539,-0.04991436044587794,-0.1800724912347792,0.6442516618491892,0.20798231750078444,1.544415663651379,-1.4292035051195209
0.8089320972453868,0.5256193630732948,-0.7663891584813138,-0.04244298694775158,-0.37410325424939195,0.04198618549714276,0.18181217550049883,-1.007407776717259,1.3271981765567888,-0.4929517150900394,0.7264709234443415,-0.35988788820534195,-0.42622111497921034,-0.8796612188016381,2.4300023886660553,1.7129294387080503,0.6074284742021984
0.3298930414568776,-0.2049070743062419,0.14698893675339697,1.0782164558880762,1.400079040352631,-1.226730915862121,0.25463672648944846,-1.1566179214812617,-1.713451338324896,0.26115426290046456,0.08008924209623987,0.4789975417861925,0.12083319343645581,-1.2109118743177685,0.6056036474010227,-1.1251541417182367,0.8864610680896821
0.3867154139281981,1.3149911284135305,-0.954804243103333,1.176193516110314,0.6499322294396479,1.1868868240272739,-1.085429787974317,-0.2046928622367607,1.0732497252914905,-0.19410919324023004,1.6461724153248005,1.9125135183479425,0.20681107713192698,-0.5758383946388261,-1.04414313995335,-0.39592518454412107,-0.1596154720805118
1.4708374435626277,-0.8682818290148097,0.7531870108632278,1.6248133919994074,0.41468070227289,-1.6611894551089548,-1.0204434384401337,0.8706874253029637,-0.1087040808447361,0.5531408579908321,1.0360861290039376,0.24874622078042344,-1.563860884263162,-0.19084861300956943,-0.7054165216631817,-0.20951722545631146,-0.7415885041615876
1.0218138592967556,0.8918053745578319,-0.510510168602545,0.774277770365543,-0.05078222206294688,-1.6957976527866154,0.9503268783604429,0.874083077049606,0.9485392270795687,0.24609054364482053,-1.1247646533972846,-1.0926152591507898,-0.93354691418,-0.31213756129356646,0.4097412116344757,-1.4758037517689648,-0.2071949155332227
-2.345058792242281,-1.308435558788863,0.18971100724624834,0.46407856233823885,-0.5587357589087589,0.32707383819250035,0.07130347512744617,0.13923944166414337,2.081022310399053,0.6349892397034681,0.6433377470232672,-1.1063481250560936,-0.2453574229897491,-2.0907377244654834,-1.417628985992345,1.1308912170675303,0.0004838834182901
-1.0690368518228326,-3.1051126562299807,-0.08864510209927529,-0.5293017860849607,-0.08406648690824614,0.06968137014680197,0.09311033153388285,-0.41858082229638005,1.0408820682091693,0.29340387223941533,-0.029806629095825463,-0.03740981359773247,-0.5810073723493535,1.7080675894971267,0.20363516601379225,-1.309084706951144,-0.0084651983986825
-0.6925250639820383,-0.008517967111876157,0.26490033405138963,-0.4962585253148951,-0.03837040220129691,0.9926820410083265,-0.2134127581402366,-0.16193178376986378,-2.061613364405043,-1.3727047980541447,-1.5073565273152787,-0.8658477762038189,-0.23573063966989663,1.501267342194614,-0.9438448042478602,-1.768281442046728,-2.18794974901199
0.04565163079241968,0.21914667609843838,0.3392577956407617,1.1555153527972195,-1.1481930183506817,0.621297392288001,-0.0823605340108883,-0.11892746312995699,0.8003351290559135,0.30922930174392393,-0.6162267935087969,1.190296131382201,-0.5012547932540473,-0.1671804188635313,0.5063662729769848,-0.15491119269087278,0.6287928066742711
0.13671618650173306,-1.9849993531760712,-2.373941970331557,-0.402476102649341,0.38807852999837755,-0.2764380805675037,-0.10640504940865518,-0.09068132023924233,0.5378352274618052,0.5411048086785292,0.4017776686855058,-1.2491629431846873,-0.05928434875065902,-0.04455947902966379,0.0009616210481900341,-1.020220218485117,0.4916985738379175
0.17462856898514303,0.5554679004866953,-0.6161742685171402,0.7173264004412007,-0.5242513622875354,-2.0502040815811315,-0.9653624925417915,1.1957294233581635,-1.6831868495022446,-1.3890917000693728,-0.6555611063791671,-0.06246912117916196,0.20273990770983089,1.3111678993807006,0.05606153456318553,1.466252778569043,-0.9343516974546894
0.9409193848323754,-0.03235293228862307,-1.4018262836985884,-0.7773220549236444,0.2065878424178077,-0.22418376599105624,-2.735088264529835,0.5473049371568535,-0.4068041624656934,0.08831182590686235,0.2887058886110794,-0.11904472316941019,0.9990818951983089,0.004910947601839748,0.3111131112960312,0.011244346320962877,1.5803157390616842
2.231916316611445,-1.2336123790115536,-0.31701356078102055,1.646465292884351,-1.1672481896831586,-0.04953546691613947,0.7528373842185122,0.14346737645519486,0.533928131588676,-1.2351025669962836,1.1940434460135174,1.2807572895625075,-0.24354818610206036,-0.29395611908924113,0.14495544747000688,0.17201957836011766,1.49656306620182
1.3646837853503735,-0.7010150203807194,0.20446320269348578,1.8364441933090283,2.193454200281578,0.10183911854431045,1.3411790804369605,0.7022448321041034,-0.6009425528596141,1.21989193935345,-0.7694156610860439,-0.007760637309459273,1.3785779672789549,-0.8676966674016208,1.1251080868645886,0.1107220237830624,1.8086577083523987
-1.2998077367270593,0.7155654771761921,1.2398780619137995,-1.6041142268863455,0.6583439312360923,-1.6896223377099382,-0.574901553068219,0.03815036391176139,-1.7621864731454961,-1.9249964309511038,0.12633691398022684,0.07210353048757974,-1.602246851010178,-0.21063454744444213,-1.4561374414420731,-1.2531068178641107,-2.755261390149339
0.5400818777621149,-0.22999449382101864,-0.7255104590435445,-0.08917016990702534,0.8922559315532155,0.22900084789184483,-1.2362977123567649,0.7969138957000141,0.815672195071653,-0.5614698639248167,1.1812002568904703,-0.09910756247880731,-1.124085377160802,-0.6904370136414835,0.7825240021074461,0.6919749673031247,0.639200505245443
0.6299737974121213,-0.8484458913661762,0.1065052226279054,-0.8709774211358786,0.3839819686702672,0.8160094944024188,-1.5737153210683466,-0.9674467971329549,-0.14992607482559336,0.7163575725464828,-0.27370335436748083,0.7073926829247694,0.6000211966712458,0.7717155812868248,-2.7948968128930654,1.5716198876512195,0.9383889861132214
0.1746166135179273,0.3781975307325901,1.036821313365861,-1.409629427028614,-0.42917496136018674,0.9909741651088518,-0.8031085344190448,-2.068305673111547,-0.16653665612556365,1.3112604715954521,1.0913610295856377,-1.1138579440837333,-0.4457671596969299,1.1962784094513692,-0.9060588919652421,0.5885390777449191,-0.7120958450317537
-0.20631971960466144,-2.22017850669852,-0.42257777586803974,-1.0873301159989284,1.1448252535692958,-0.2439134104372544,1.1088097036338276,-0.6481851140292728,0.8403898670124704,-0.45103498225230615,0.24574045986173687,1.2097725049001808,1.6526711405024237,0.3381459014418918,0.34833802244363754,-0.7379282672641027,0.8849678587001674
-0.04796927779119447,1.17757178517322,-0.15713073154805524,1.3436419725063087,0.12789525514620367,0.09035133218311873,0.5656002497533231,0.11220983794839172,0.8211898364976421,1.5596410050771687,0.4141640801183547,-0.6210292688012768,-0.6949813815575643,-1.7330535371482894,0.20307829308422404,1.2060714679205808,0.7298513799713592
-1.5155651060353084,-0.3285156177835762,-2.23759105675214,0.8157399813062166,0.20565968343597713,0.8134683426767385,-0.4019930696465972,0.17618486103463457,-0.01124042698003104,-0.13678403215410065,-1.4486586048767458,0.6696398372312279,1.7861414448696715,-1.0961361833092784,0.8427714812036341,0.4711305323318976,1.9384378887929783
-1.1721353527845624,0.30741221940097174,-0.4627501791809876,3.073086846164817,-0.15085957636099798,0.10882633386072561,-0.014573292011007143,-0.06758863840538283,-0.46925221438955167,0.2108820047563261,1.592105989269894,-0.44060211432352786,0.9547784413069897,1.0503737205353454,-0.930852092328813,-0.7466281842138872,-1.1024166362153986
0.7879546219624647,-0.05109068980072224,0.5769216844437332,-0.11254767481501007,1.9091038136336242,-1.3054786113233814,-1.3780484516003857,0.9361943740591739,-0.073948243699882,-1.1659652124178441,0.7855966808455898,-0.06340216304274429,0.3644755470879164,-0.7930877581483888,0.2877459411201692,-1.0985998943279973,0.3363531484883453
-1.4094911615544812,-0.6755201072542089,-0.3434220969701457,0.9524585944161811,0.9034154979727377,1.7254464158013922,1.5664584941136184,-1.6363895610312178,-0.48770361861094386,-0.3347684833959107,-1.2902342075737536,1.1236907295723109,-0.7806317245980758,-0.5768375991013716,1.203504689031339,-1.0078151699835807,-0.0185484450737581
-0.874093116999212,0.6273548048017983,-0.8597800327988621,0.2515927660581642,-1.266759076347976,1.893535461032746,-0.7103752790053738,-0.8427970728882079,0.17667989675252266,0.29044892506916886,-1.4676078030611892,-1.5476803110767956,-1.152946390745318,0.37815990586316633,-0.7470492877488372,0.056860958845424026,-0.9061104057829992
0.7320209652163238,-0.5104164164435492,-1.246746594466587,1.3228332300887171,-1.1261432097933786,0.9980206011369334,-0.5196775149371999,-0.29070287776480946,-2.671912090912537,2.169305308087413,-0.8471494759124528,0.05709259654515499,0.9118203739637886,0.7803702993735074,0.2577653162678324,0.691186282985964,0.7700341574706548
-0.8782051229998107,0.7179759580321013,-1.0545593327895495,0.6635483127752267,-0.2764425239233774,-0.14006900970707412,0.4101201086220682,-0.7450682380602669,-0.29104153180131137,-0.4324596389224935,-0.9224807657557069,0.48974213957450247,2.7749148173987166,-0.6588619616378553,0.21581306768739209,-1.2232555925868922,0.350918424248021
-0.3276275159958501,-0.28653223169579106,-0.795976055768203,0.8448281010933716,-0.5624997528794013,1.8730251393595818,0.15464721388173208,0.8682846564948645,0.3796999763950646,0.5764373638291324,0.4702476559213242,0.29259935675049337,-1.1878600912420068,-2.8014681811417206,-0.3225660944501928,-0.5279360073447448,1.091590040927353
-0.9662949325021721,-0.9159349050692772,-1.310942457492873,0.8578142782659192,0.4525859084769103,1.2442526612029878,-0.4636803424859135,0.3357860245643918,1.6203437953137814,-0.321331865114015,-2.5023130721063036,0.21418145998243338,0.3777621748971424,0.35723901525750573,0.7297028320107035,-0.9951001457650197,1.1869138997590765
-0.8453963872596488,-1.7467359785727492,-0.5499169913780352,1.8200534095555956,-0.733737642701744,-0.6731929812683396,-1.1154894141655534,0.9436653194102397,-1.9407342657912985,1.2471342881979,-1.5704817957800987,0.043697873205901405,-1.6782067702988526,-1.4873944809305804,-0.9232489325052015,-2.0342140136522135,0.1363527842920567
-0.20478522322192858,1.3015853920229536,-0.11364250893698814,-1.7859859074539737,-1.6132979551326063,1.7502543431674566,0.4278269246272244,0.5791428164247138,-0.9068662038435247,0.9705369508954631,1.3002961208011714,-1.495379371544343,-0.9302379345986094,0.17547003000475975,0.5981271711966342,-0.4934945950580564,-0.6390449161045744
0.6181593079219664,-0.9990228518605224,-0.35524866016313333,-1.7734565775960995,-0.23953176713047022,1.004197892190366,-1.9669820596466785,1.2169293930027956,0.004478315391936517,0.5179859290326265,-0.06364240514313897,0.1361107242479004,-0.11454883461037584,0.3642612006245991,0.7842537350967189,1.0096845615960701,1.6723094840663026
-0.20604961482218753,-0.9339185865803109,0.5442794471328465,0.42646528228395986,-1.0410583680823113,1.5033867885950396,-1.647175702389231,-1.3336400748283528,-0.20443026480851337,0.18574747729276714,1.0848630986513188,-0.16362204949339337,-0.07356208118540285,-0.8259695872456613,-0.13674308787552358,-0.4353415823977912,-0.4248618666058681
-2.09973767772652,-0.17760772820402299,-0.9310857683497041,0.8423850368442055,0.550178676841815,1.120965022669408,0.009363509883941775,0.0028675449630786894,1.1801157957880601,1.2039008813218426,-1.2365213094900667,1.5745840051823827,0.800388281331566,-0.38981810333884764,0.12574559454902215,0.7556657705266822,1.237159145505731
-2.3066172915286707,-0.10069888730453865,0.7337088741151427,1.143145746626464,-0.4365213911921684,0.9467997946234319,0.8013536232073533,-0.21888163415700976,0.5091514158882136,-2.015656817015615,-0.5480661430853092,-0.021844578557198367,0.7349244445521893,1.629801621564716,0.16944934503260484,1.5742288652752439,-1.5690377390768444
0.03406991112806248,-0.7816553123536928,-1.0649818238689406,1.9395791058966292,-0.8073868066419034,-0.7766257148829379,0.4829156455220383,-1.1370706285847039,0.9399814340843596,-0.12005076878084422,-0.3276505077114883,0.09514353756510764,0.3722740024417202,-0.7074421130406764,1.325113200122661,-0.1470191228459859,2.288457901150838
1.4302613838068334,-1.4903030936284976,-0.7216220487403364,-0.3834383661265635,0.764236540086731,2.2215078773509,0.7369523752193464,0.8518305839269651,0.06155238872912172,-1.0737709233440598,-0.8917527359405408,-0.6765403877317877,-1.3357727352704354,1.5445525508756994,0.08140697512258929,0.6303846933324239,1.6899861746777194
-0.5116495513655566,0.6319300008165541,-0.9152475531511001,-2.5883164503448897,0.024780238638477007,-1.5428837755884253,0.23221035797650907,-0.1758074347884433,-1.3736657168782005,0.6999427111057214,0.4536124429674773,0.20245381451437924,-1.0007730783150905,-0.03492322745867137,0.3239563461013465,-0.0007629667850005518,-0.206882229654614
1.6044605938684873,0.5656366878219043,-1.3650776819971522,1.915544550565034,-1.1663422619818702,0.2744888406601051,0.0027747658311234307,0.5322911776828201,1.3879709260445103,-1.0848190612703703,-0.7989410951266233,-1.183966166098356,-0.4385645919890468,1.2794720896296494,0.6537205266433899,-0.6709705697012552,1.2558863633719644
-0.08587769709101156,-0.44960372713619645,-0.4729142390921073,-0.7016185236950012,-0.5087140407218518,0.8212388813364938,-0.25288494617229085,-1.0511472507844952,0.12618505859491994,0.7642352904059391,1.6824147862229162,0.5801798680209896,-0.5201907521928865,0.8234603226697325,-0.08494367107150905,1.326094988394771,0.0769762649789681
-0.665243970168845,1.5448610924553738,-0.17261606942073893,-1.0002440975832043,0.42206164907869165,-0.249574397315653,1.1760059701414252,-0.7142656608926122,0.48936637909178665,0.4897801973692927,-0.47097077121805214,-1.4301085778023905,-1.2246871462662625,2.127749716960044,1.966315575002664,-0.938402718606959,-1.0085714207592376
-0.5977413851599512,-1.6239440730459755,-0.4382662659045712,-2.1117026466049107,-0.36219300471165955,-0.24292371956168723,-1.087577944707011,1.261504744275655,-1.403957152515711,-0.22257885861990206,0.04799027076788398,1.7513697827103756,2.0389384531620593,-0.8234640811122249,-0.29171824867897733,0.553496176606846,1.6959210715193205
0.8300823159846246,-1.440223433802255,1.210191619442639,-1.5333475953955695,-0.07672857851639779,0.554734718605305,-0.7147563096222918,1.225550855798759,0.5361275696310257,-0.37631209299804275,-1.5223749408012262,0.8376005830921526,-1.0113684585093667,-0.03533284390657279,0.7674198181188988,0.5807012423487127,1.946768803951432
1.3760603510319218,-0.08315896033516515,0.0807991591421873,0.06374335692258024,-2.0262763082738355,-1.157400473312085,-0.3728700497307762,-0.9199554085798819,-0.3713181432970483,-1.763533970689856,-0.3403816448005211,-1.615861635332315,0.2423513465517222,-1.6705918698638782,-2.3128479390357675,1.2924515758708328,-1.305404140848876
0.28391241369759973,-0.4404656875286824,0.328480777083452,-1.228810817925939,-0.8034199481809144,-0.09021331504863855,0.7949848412272212,1.0433378534955104,0.8938536872742353,-1.3060932651650037,-0.790766339498788,0.5045881123884542,0.3762504998116638,0.2241446523059762,2.973531992020338,-0.41181030632487375,0.1421167352809957
0.544671585309179,-0.09885224860426974,-0.9886974115868592,0.7476260222042397,2.0515954222714563,0.3190114890248353,-0.06272937684215278,-1.3071144271144977,0.6660594794014827,2.385199381466404,-0.5881779836129957,-1.1857148653443028,-0.49086333217925276,-1.0691341425608976,-0.2781284033860278,2.339056798760068,0.2258153983066705
0.8026063408220362,0.9852931599741613,0.15337608363835498,0.2984602607662695,1.9619158045885376,1.7537645147519565,-1.0389990835137881,-1.0420640033446025,0.9074739097323966,0.3461454998618245,1.0869948417511677,-0.6033918416031167,-0.5671113053955844,0.31427522749154185,-0.23207904943275662,-0.9721838131830235,-0.3390683780461253
-1.7410179857015213,-2.0725950986922985,0.011701466173833708,1.3034931766194753,0.37402053462187734,1.6246977149403674,-0.8734603353678079,-0.7894389930744174,0.42326910064202394,-0.9710746313893499,-0.744802322915334,-0.8503611118777856,1.0020304007467455,-0.20396274631136746,1.6340863842248634,0.20360791343630077,1.6079691701163707
0.9452611740602671,-0.18773824531052843,-0.06698726657490102,0.37363754967352714,-1.7236551923871537,0.3110311655918871,-1.3098106109920713,-0.0016616184725267312,-0.4584113658289388,1.1747553480704256,-0.36724527710861893,-0.42730336844669875,-1.1256827404357717,-0.08935067858753168,-0.48068621367629616,0.20523232201704225,-0.2825161022984831
-2.322077521414661,-1.4138216807461161,0.9032164441956364,-0.6007502570580967,-0.25714228186670446,0.1520380475777622,-0.02871211435093997,1.9728779216005377,0.7395457227621007,-0.4970375657378191,-0.0629499159768397,-0.9174048215935059,-0.3169422185740327,1.1829100026462296,0.5431892999028984,0.18682569754062683,-0.577330794912544
-0.4378117430124098,-1.5247617099483084,0.02857560918313545,-1.393549365913434,1.4839603632567406,-0.2052701191760094,1.079475252271891,-0.16385856818911648,0.9734297733615312,0.9779221836567683,-1.3135090833445957,-0.48251040566838643,0.3737810368822298,-0.21141480372587426,1.1419565490114922,-0.4778377947672946,0.1636381709469315
-1.0800253592220705,0.12120840809029597,-0.37158145487500305,2.1535501833464483,-0.5572508498268889,1.974194069374205,0.4293914609479775,1.3612287503037965,-0.3036199008231062,-0.25777297045775366,1.6783147067851647,-0.011084557341153977,-0.4644977866668216,-0.006324950080524242,-0.17252063522145913,0.9673889223948553,0.942859612761265
-1.0484994284523468,0.3778996284224278,-0.6650688870947912,1.2714389265539983,0.15053246085139135,-1.4652213969953476,2.389030985502665,0.26429808684787287,-0.569266162596699,-1.9375576557669378,1.362381460392654,-0.3441235605175685,0.5865044224810699,0.21256798427952672,-0.45091126709822565,-0.146934758344529,-2.208154896894413
0.42397099218749,-0.0900783521150788,-0.5743563478272848,1.182293338842349,0.41009677033483727,0.32399814472233135,-0.8307804124577677,0.6646655275902951,1.371708429174332,-0.42415603877037916,1.1999724392785438,0.15830654495294408,-0.232145055279141,-1.2455937095172118,0.030318178799939786,1.4506527841610501,1.4817018090957763
-0.5389074431439812,0.6307181381010345,-0.4125587389521114,-1.7076802385481844,-1.8076585880812397,0.7439619989410554,-0.9965826672693315,0.02424718638993289,-1.0207240508507263,1.1063257272615803,1.6109536967347633,-0.2554462314227052,0.05572026392975249,1.3028269673450166,-0.4820109438644223,1.8132963383386314,-0.2948561112683741
-1.6790793468321716,1.2760945846255094,-2.0350386786457175,-1.56087858168178,0.0023928666609278923,0.0666787811386659,-0.6963663858860182,-0.4078156857965633,1.2275635511966136,0.044355309295186524,-1.45842067771293,-1.050939432277883,0.09644560902684486,0.2847139634826902,0.09176134019470067,-0.392688952181661,-0.4514463918186776
0.8310022282842404,-1.1443654886070653,-1.118601756860721,-0.9358220226938733,-0.5041726255099672,-0.39386872653500055,0.1697115962705325,-0.3923959354995318,-0.1523990057795195,-0.30140235323149905,-0.5224705241054455,-1.8214620731952433,0.14384052968936875,-2.209231501666285,0.16089200260905892,-0.9821532345108788,-0.3849417191600492
1.7469981521528863,0.05214488164575602,0.42877265146587246,-0.9563647082608141,-1.401078451758218,0.15882317080083086,-0.3269052773068316,0.625258469341306,-0.4957009787135993,-1.0134525236611809,0.8022747152186737,-0.5459450739247337,2.9255688580548282,-0.0033154680371794082,-0.18963156617110782,-1.4613746442279403,0.8201477274866882
0.6653616326167534,1.2501795839931211,1.8208080507061235,0.9652729644034252,-0.04516941310595507,0.5988446108943036,-0.2170419453036323,0.709275338485116,-0.37631479116491057,0.500848092124081,0.2517210466559896,0.6687610605394779,-1.884226309403582,-0.24920414549925834,-0.010200575481074597,0.07753259452772976,-0.5459859951910863
-1.7178841943987844,0.7151469492679466,0.06464881953375343,0.23866456932958616,-0.7017287327738945,-0.8744458580851308,1.253652507800496,0.2594090863824997,0.2705444157011488,-0.9606954556734879,-0.26314022089399997,-1.286362051208626,-1.4145369559757899,0.9625094473769893,0.6985573840108239,0.3181996950393153,-1.8289611601918192
-1.7810065835594207,0.30739190496157837,-0.949673628469392,-1.7116080177192383,2.0708027379160154,-1.5485028228448214,-0.9853457648327801,0.37399936546538187,-0.11411138182840957,-1.5524832966674977,2.3281246700722544,0.1288494384600197,-0.8665140749658642,0.33210263571530224,-0.4420806057567177,0.8167737933456225,-0.9161771495969124
-1.3113387664560336,-0.7452985818382231,0.513580336001644,-0.40573833792556313,-0.8790755155453458,0.7607864447187855,0.3890227673531801,1.8970050116840536,-1.1908583530014187,0.7259960959157133,-1.195193082692203,0.27947525225730463,-0.27384979903115586,-0.30496057833124607,0.517168045848655,0.1170458855159102,1.468780263856908
-0.056998131280386104,0.17323337040375478,-1.4369132836965914,-0.3253317493462403,2.1485619871610604,0.5990260307830712,-0.45706242504556077,-1.0850064233937953,0.00753711687981367,0.08672659175443347,-0.655361625318014,0.1923171327643475,-0.0031483045836509845,2.2865516306480607,0.052582885977830666,-1.3680932371583676,1.9641839315752545
0.9433873039139682,-1.493556953612999,2.086449207651432,-0.16912179628954352,-1.2002608812441538,-1.796465654839011,-0.4171887174318808,0.03254647700429026,0.046686106793792204,0.012936365976620403,0.42408073478371644,-0.6572450982866977,1.2906518996624747,0.9189649900786374,0.5338102970105962,-0.7880865144413705,-0.7593295296825976
-0.13289798191350335,-0.7872532302138517,-0.5668019915887456,0.24288358488901812,0.5463823936539436,-0.10969858178270188,1.3287721091461384,0.3071764920903241,-0.330223232466124,1.5920559261884846,0.23595708504806895,0.10309440686380485,-0.39182005650319834,-0.6778467968638067,-0.2671013180851677,0.15449236046428735,0.2204764740848288
-1.8495776472047387,-1.7738471734429229,-1.015763236062826,-0.06144164675502502,0.1552890584957113,1.279168497594555,-1.0156097690606831,0.5824727526067689,-0.8114794448311362,-0.9110145129268091,1.2916780573352689,0.06948154392218456,-1.502838705350958,-0.10124667930543213,1.3792754991699443,0.7006253314579175,0.1841735853650523
1.2256535492415277,1.758345313989645,0.4756343975809603,-0.10058271667105387,1.1153975276823065,0.5685895170542584,-0.44570908436902845,0.6858992873261602,-1.0026615744942773,0.7018728698760793,-0.5932040307117574,1.4570341884023028,-0.11729314526223078,0.7533766481161875,-0.3879261616675617,-0.49514530825690795,1.3494266850024037
-0.30646820837207345,-1.4582255718102006,-0.11230573339782805,-0.25358083072496884,0.5784238221272613,0.44445708957896485,-1.4456724815526132,-0.9028112769843446,1.4254994029781833,0.17739228989200334,0.15433748685917884,0.5897342868533639,-0.1077259848584116,-1.4216702197596884,-1.9545162319267084,1.3877174916083517,1.1403684981449744
-0.5742316737447036,0.8087384868567868,-0.22749367232434506,-0.7494429993595819,1.6095604126433438,0.2558610117391125,-0.9837388138326999,1.956560470123759,0.6654034454619752,0.8895967761836673,-0.962071621701994,-0.14530076029218325,1.0322509986182207,-0.03234627160440895,-0.8331173243211186,0.21529233038079928,-0.349990924908817
-0.8539738820423933,0.12474403034413253,0.3655711092334698,1.0025840454658248,-0.3266254909445435,0.02585249998312762,-1.3618179010596694,-1.3314243771522003,-1.4221368378341033,1.2439324485310388,0.06908109148795707,0.6079438384135503,-0.21627374892780074,1.088809743460278,-1.644556660076288,1.4687169661864485,-0.961763836923368
0.7340328521619741,-0.8915941687320363,-1.2964371640368009,0.8981106121486908,0.3444471540019679,0.7448608798044224,2.9301642081580828,-0.8594761219051412,0.5220821273795497,-0.773252484007223,0.7385788501024062,-2.1973035395870433,-0.8673408887411883,-1.0441677840105055,0.6156836611806262,0.6671772978448509,-0.1649848452226301
1.5382533142369386,0.575018573602398,0.3636204210027799,-0.6455097489760115,0.592813788592925,0.8464777031031042,-0.4210941971068544,-1.2264787858954629,2.6526783195040866,-2.3983870452543523,0.581252848794641,-1.0987873851266996,0.0029060463385610284,0.04072777575103399,0.6820327355912755,-1.2684229463137981,0.2066114088177605
1.4309407445007607,-0.5520018518343149,0.8029701918746507,-1.504002028353974,-1.6410078878576966,-2.6240519896963246,0.019727720911288663,0.25966218873207186,0.82671385030502,0.07513792700670756,0.09981327514076815,0.5502447472826394,2.067669314121211,0.8714640901576102,1.4853164709051543,0.1597969284097569,0.2195268990801023
1.997757448154641,0.8317322533701322,1.0092029957102309,1.2471926577804295,1.2350446537922133,-1.5860989396534184,0.0692952914739847,1.1553166310900438,-0.8118248706481985,-0.5322361543723868,2.4869608432160284,0.4198449701178967,0.5539291063296604,-1.808111088447717,0.5195022218206051,1.1234282989755542,-0.3154486492694643
1.506540677149342,-0.49196607004964527,0.765897527101163,-0.811861591476447,-0.18067849763502222,-0.11282819928825587,-2.0133478180468,-0.3318801672284368,1.1399946869439244,0.3773091429803282,-1.4718332626879571,0.9953324557802894,0.696938911816053,0.6222414186289521,0.5633355878643869,-0.33328964843625836,1.502842349779247
0.3696027179986535,2.4675391756091685,0.4316286600185703,0.6405367657253358,-0.5913837707596581,0.367137404450555,0.6266472545024,-0.8162422580170582,-1.5810266766310295,-0.9070470016261576,0.6967241351489042,-0.09880005888539518,-1.1418719489341855,-0.29134438425755854,1.4585556209847195,-2.184813405511971,-1.838697672166182
-0.5979068237372842,-0.16479154915740382,0.13143319428110428,0.5243019198533668,0.5278536999232258,0.4370402578207262,1.058040406796004,-0.8191484782539233,-1.0110684569927324,-2.2151665827474583,0.6295351591878389,0.27042861571255195,-1.6476303525381486,0.21252289411809663,-1.1705464758854789,1.3938577146357398,-1.049285970711395
0.3381415112370253,1.0229961049283947,-0.6100932107786344,1.5670895211015416,1.1584942500787527,0.23077448242813506,0.678635566582367,1.0811404545178935,-1.4814843822740174,-1.1541777428609845,0.7766335983540278,-1.2442680685181557,0.6761448242485018,0.5455144733528694,-0.28101024325008783,0.4431665876934551,-1.004667166610537
-0.2673751211048437,-0.5358973988781568,-0.6527394674836657,2.2554969084678524,-0.4519725370716754,-1.1660989428610689,-0.4942335065858642,0.4043169368557128,-0.15213458773357044,2.33232435050423,1.3549416969648884,-0.16455371813856873,-0.6067803568254952,-1.7606190259561452,-0.5983671319344811,1.0923627339979785,1.9070240099888809
0.8011195588562046,0.09057123010928497,-2.1858621646512426,-0.92009714163328,0.1781515635858802,-1.2446494677247872,-1.75302772529011,-0.48218245430674245,0.01879708960645842,1.2787652759402142,1.85676850383341,-0.2900216383041903,0.622357386519716,-0.2332592544752622,0.4501488332080045,0.7021634401090266,1.2485194534759856
-0.05197357887635278,1.6702567142072133,0.24506781947819348,-0.42307718937783645,-0.3464874472896968,1.2089709523329664,-1.028464388694862,0.6822629114409245,-2.1935418132659508,-0.7015984731706542,-1.5505378556872194,-0.7880467494916846,0.9064850938275625,1.2895116632730141,-0.9630439865540966,0.21965737649713798,-0.435816149061192
1.3438225363569123,0.19879227203459673,-0.7083887833224244,0.022174678718628705,-1.0180366786589712,-1.0813998654764285,0.3705412323475719,-0.4528476987329804,1.7388892387370838,-2.081728112195204,1.5546024882598168,-1.2275192741732652,0.4372028474383765,1.3359796269522162,-0.3276841893271842,0.24816143695811593,0.5180843727992014
-1.6200010522437032,-0.05130366232709364,0.6185353997978577,-0.014282517201916284,-0.2852092514344653,-0.44952953649060157,0.36343222819391746,-0.8185919621279384,-1.342593229742668,-0.02108755522517042,-1.2438173104636274,-2.6384405403431255,-0.7847317563071333,1.320158596417141,-0.9524899358002814,-1.0561626036234955,-1.940984475798646
-0.1843792363128715,-1.0908357639880504,1.455866176844379,-1.6193717926069513,0.30021422785663826,-0.3056630297675134,0.3001427298655769,1.9296934987983423,0.5001766199771566,0.4463674081413517,-0.7002174170837631,-0.3716542830016816,-1.1200251790842162,0.39098383277814724,-0.9433625761047835,-0.44958411822645583,0.4450394609812958
-1.3393805385763495,-0.8019804563644717,1.2267924746654346,-1.6033392291841917,-1.517235150227021,-0.1328971279101477,0.9898464094872488,-0.37592225828936593,-1.7469298500115005,0.16847011911680065,0.9141452229541016,0.03660378631197093,-0.31894313428998516,-0.6619878492360937,-0.025568582822129517,-0.34322692422042256,-1.5009878993027346
-1.3397364849202227,-1.2049047750099788,-0.6603374065205899,-0.06616465945096976,0.258909981126446,-1.4154845624163255,0.8691436857947089,-0.9517927205483929,-0.5966318457929596,-2.093267443068288,-0.03746718521909968,-1.8283728132551234,0.5318648568552686,-0.0009348588557583516,0.21241735306114826,0.5374143402138372,-1.3298207065873402
1.8793586312742645,0.5817851566610208,-0.08208880044920056,-0.8965510410089766,-0.20156740223412423,1.4707679918570802,-1.2145604007655144,-0.7596694583448492,0.8848285430509665,1.2126255304407356,0.20069071773117064,-0.28626261130210534,-0.09455931853848783,-0.14840846904775531,0.32557271643202884,0.5585199766108514,0.9401123414050075
0.9913969091557729,0.13531678599507435,1.2331364480783944,-1.305210936484838,-1.8875640876584552,0.6218722962932642,-0.7534450614521574,0.3795531971334339,-0.4395777276017354,0.10463961691054555,-1.2973417442767552,-0.18470530118797915,-0.8169480031902736,2.7117371794718688,1.0399988106249214,0.48404592071727504,1.240504437494088
0.6765914300729026,0.016308136383255067,-1.7650219711185453,-0.8950195116622734,-0.8982660379437124,-1.576722253182808,-0.36308196140411847,-0.14920057379369434,0.0521073255877769,0.7579916360764196,0.29350262364042734,-2.4709029866245893,-0.3393648830696825,2.007083821821759,0.2555060989774575,-0.6776230064787523,-0.7193994766717619
0.16257957176538512,1.9715963443512583,-0.5178675024417801,-2.437436717232286,1.2807746464586465,0.7593243596962311,-0.4125134678965395,-1.0509055243937084,-1.6770810850141824,-0.7014758335933418,0.9009600198766591,-0.47911849252062444,-0.0908448074905608,0.12803532706760648,-0.17457748641285525,0.5886618316772556,-0.8795693037434827
-2.0600591113865296,-0.654522180811774,0.48582163149778723,2.1236040125859823,0.5363239816247161,-1.4552603030154307,-0.3091226376655819,0.6825636796470985,0.8444663598595955,0.06144626626954425,-0.38984926883162685,0.32537317946083266,1.2683070957258633,1.2433616217949062,-0.46928952249648326,0.7989574881070587,-0.3033645115104315
0.6328747775833685,-1.2603133130211224,-0.28532932026534025,-1.3189007931540042,-2.2453987528218997,0.215327306376628,0.251103709690843,-0.286800600989427,-1.6046231149665475,0.6574309993219903,0.3263795988510554,1.107776099814252,0.14548791824684293,0.6742869450370205,0.814000954491342,0.7066673677408014,0.8602113600565348
-1.7682062717392848,-0.26037321351529175,0.22233969458438674,-1.0050566426544283,-1.0605730351844636,-0.0982115205036724,1.092980862826441,-0.2604339823938619,0.15916450120586945,0.8583487508543218,-0.016118827309458125,-0.7467812276239502,0.1167501783715283,-0.607774775794842,-1.2695571745645564,0.469485996127049,-0.6759477541212138
-1.4680065683820003,-0.20970146780454735,-1.1647882050206597,-0.22427146940215997,-0.14610740560998836,-0.3697636248762364,0.8366037604788624,0.0821165501495868,1.2264239173343867,-0.8997673996481006,-0.8153792500829135,1.3609227224054998,-0.007934482172461108,-3.215435613557295,-0.6880603057552332,-0.30614512797141336,0.6971513979782101
0.8095480205935575,-0.48755317186213215,1.7545041933764047,1.3967645365935033,0.46810391264387935,-1.0716969649336558,0.5183833587882215,1.5878497269113674,0.02693539487561789,1.2180375203818485,1.0351817060522417,0.9460224328302397,1.0641956452165822,-0.37846814440057813,-1.31741054200001,1.012162898142286,0.7700952359170695
0.02883457814705809,-0.7105676859245028,-1.0834703019515008,-0.09236802740830954,1.9450020169936804,0.5773642124109969,-0.8628255910979126,0.8030210900136521,-0.35240784316114354,-2.260178070691117,-1.8409982883144898,-0.8948472002125905,-1.02021759150352,-0.1283163921008439,-0.3191154046512865,0.6534667778013512,0.5454271600038498
-0.480493516084239,0.2250632971151929,0.831911130023827,2.2308259403344577,1.0426360571534508,-0.17359105758263954,-0.8055268615575887,-0.6614621152956816,-0.3777657061023921,-1.712703903269363,-0.34487563910494223,0.4667273032687153,0.14687246172606616,-1.0441190972357945,-0.16677986009593362,0.6210534542226585,-0.3535485058223674
0.3696459890047951,-0.017378650205718747,-0.3732234629730397,-0.633646033175082,0.7514240550959913,1.1306461533907544,-1.4161306065897277,-1.6443093844676855,-0.25160299792738455,-0.37700245866103715,0.7826658986755685,0.466548102172428,-0.08971164041932585,0.34289673199482434,0.28316032851995565,0.163581930007768,0.5769535253106668
0.1646813154813649,-1.0442040926187792,1.1670598008189619,-1.5312084308452463,0.12940271525445346,-1.0999274723179864,-0.40223898210133535,-1.5170668304782928,0.9031275101282584,0.4040415126028622,-0.42357678798151804,0.009921183402902399,-1.1875861551354487,-0.744646908776741,-2.0900665136686993,-0.5313321228270661,-1.2730291885060885
-1.9581306786954136,2.327156539224778,-0.31514509087460596,0.23373249335791607,0.6981557789226502,1.0119588262158867,1.1265739393665153,0.7095752532109009,0.2642584645842349,-0.44182203946067194,1.740188824762776,-1.2920397257302016,-0.35050538604708853,-0.12901258029240106,-0.5321926322553333,0.39726542693127964,-1.9681957275468005
-0.0454497086363646,1.3816164772687964,0.5781136163400187,0.04603918178262698,-0.05971298972666387,-0.6907955729925292,-0.6655356835613666,-1.0491852120007206,1.5441326457311468,1.182139425877016,1.0969242075398444,-0.6712339800282682,0.03533487290313485,-0.04603138250371562,-0.023883668320235897,0.4721210694610057,0.0038761391226267
1.0240558321805178,-1.7143725765585647,1.2869844819039942,-0.39791227861509093,0.8527960222301373,0.8527767123851506,-0.17044002633275876,0.12977939661896018,0.1714222098360882,-1.48727423044609,-0.421781719552334,2.1391488184497027,-0.937512872408718,-0.06556806336292957,0.45545672234722284,-0.07259084077186233,0.5334583431124524
-1.3488204922680032,0.7467076693019972,0.18272058633411867,1.3319040127334383,-0.10205587128296215,0.17423622002324748,1.5615388404508281,1.7067819112582214,0.5151932584985913,1.6755785834784056,2.0444502269643197,1.2192749256835569,-0.7607206259272352,0.8050586082581582,-1.0477295836157245,-0.7881277036494048,-0.4743054806192343
1.0989601450011823,0.7101414783670329,0.14393230315645303,-0.7808395862829024,-0.33215938905392045,0.1012034641689492,-2.2675269827133047,1.7742689853092246,-0.5915200821840183,1.186546826305911,0.520112305714376,0.9018267178283549,0.35864701254858944,1.1221111552135148,-0.23112461392228867,1.5240138091678679,0.1462180861711232
0.8456584799563764,-0.6135400013781867,-0.8609082781128643,-1.360600884699166,1.727546033723758,1.413593661977975,0.36773956826827486,-0.9238811544474971,0.6515745364215111,-0.9355204177205558,0.3094467431865797,-1.3543453595215234,1.4464051913234741,0.029701428411305016,-2.5655249011875134,-0.5726499618568099,-1.6691660834443078
0.3879210898650401,-1.4727312942768649,-0.4151256553207173,-0.9660709729949163,-0.4089641670504167,-0.6565777086379346,1.1681763508597889,0.3377484337485441,0.5956620713682726,0.2597140061656365,0.16123900620913248,-2.4071204311576624,1.2070757173666544,-0.39606487646359323,-0.6958278438058112,-0.3648317150918572,0.171409627761009
-2.6976970061502006,-0.9162507492765425,-1.8650559433272715,-0.22936693654167875,1.275181149667346,-0.3168760293653693,-0.995615053512083,-0.5285826208726226,0.11980710560666712,-0.6619096078818658,-0.640634844733392,0.1227214655503228,-0.7518742603591471,0.6094495437145151,-0.9256753488324342,-0.8352082385052648,-1.0454280197076034
0.3183435194756296,1.6261995275650791,0.4525773235531632,1.3021497275820073,1.1582859417652476,0.42464015541653416,0.09092637417816579,-0.9229722824942921,0.5819980250322643,-0.16608767486671364,0.21315115024230188,0.9145871111471228,0.06532522205945537,0.7451847553057539,0.2226836389203485,-0.9124380696489266,0.8135474268852608
1.2668032536305218,1.1049751372609238,-1.3894645758569955,-0.33353542168608064,-0.6103217158812193,1.5877031327547955,-0.22387305733565138,-1.2805499063927093,-0.5922212551831109,-0.46729095049418096,-1.0673024610567823,-0.762496842967246,0.247019360930849,1.5515298427362423,0.6088900263962788,1.2548923345325154,0.7907429408769969
-0.42449577824030993,0.17141585600693746,-0.973065563375178,0.38823592893742814,-0.5886090640834152,0.02050818570396339,0.22292521001580315,0.1999840645392547,0.20159876854877376,1.1817323156092128,1.403779301086615,-2.4737241831261043,0.8214265298989223,0.3573291190473319,-1.1194580063127966,-0.40305632538045005,-0.4906773211388406
-1.205838855042355,1.2918390569005098,-0.793676148210519,0.012850603866545603,-1.6641090273561643,-0.3143730649817908,0.24619116568651137,0.46691335306683396,1.7902470313064132,1.2067052507091478,-1.805667602447237,-0.6787284327904803,-0.9282430963239429,1.2007489801520936,0.6055180849354291,-0.6387952239660625,0.028050544740572
-0.689947262742056,0.5520657711184102,0.45140626130564104,-1.2343497346859307,-0.7140509620729116,1.2163505116878495,-0.4993151309423113,0.8760947831779732,1.9422126133968818,-0.3282420771909258,1.6239341533757825,0.0016761627935765193,1.4387350520137152,0.12186535857942828,-0.14537091294069626,-1.2578903092181821,-1.6020529191374933
0.3709972686532313,-0.5116835551103539,1.4343952941759248,1.246157985484741,-1.4332911548291272,-2.121690736242123,-0.9731415339665227,0.6649446826278467,-0.6867286629278285,0.25143148053788045,-0.27839060551563743,-1.0874723468446978,0.10113125223085737,-0.10543984480444983,1.3453416902051274,0.4790538408224931,0.2240413528036211
-0.6011313283400226,-1.7925046180798845,1.3958037739410802,0.3488011528927774,-0.6737885854259767,-0.3536037938601524,0.20162054691863132,0.3970093501115306,2.5877488191889997,-1.333978713729636,-0.6537241104962032,-0.2133331583781992,-0.8206743928418756,-0.7466166480046126,-0.2541781438251471,0.43128529590420106,-0.6562772271465768
0.6165433297552493,1.6831659824822651,1.2573332271817799,0.854270048238492,-0.8511828763655144,-1.8829663388307658,-0.853265341711908,0.0034987129622775334,1.2561451038847211,-0.427818155794142,-0.24506475750358672,0.8146567579357961,0.5312176499129597,0.3645279619154885,-0.3437576636623849,0.2415251170325017,-0.0049025860102172
1.6030320863679928,1.3832727499527127,0.29063002787288683,-2.1302670005071276,0.9455820982526325,0.2680905322501868,0.6670374607087596,1.2572345152215212,0.9315673685590873,-0.3782542323528637,0.3267969513516679,0.5041024492694891,2.550994039158409,0.0767860449881987,0.10907647505944616,1.297228653409933,0.7148653048241175
-0.07682239581564952,-1.333670292170508,0.8591142196527132,-1.502493870321206,-1.9781662120492467,-0.5169895473058543,-0.6964577879204271,-0.3946178342479528,1.8121652999667757,-0.6597667370765173,-1.330579388336108,-1.309151719645841,-0.8516559127569323,-0.5916917752401922,1.0615623890565975,-0.08117181176784528,0.2746558745128262
1.2113854691355606,-1.1344208232240673,-1.2090621897452423,0.7558469194535259,0.12323904347799038,0.3401250328724991,1.005705014137631,-0.4623577472819757,0.4178914363553215,0.5588603481066187,1.9718239011213727,-0.25623950547682633,0.2367236618393666,0.9217019316605524,0.7579618615521264,-0.11612419905821285,0.8396343701073798
-2.089064250588546,0.2901383387118627,0.9053717230568812,1.8384573357879932,1.2155203935714047,-1.2945387034151667,1.1511048474041459,1.0735347737376624,0.6420483598408345,-0.13209874301862487,0.3377499547710524,0.8658349570316834,0.5865501097730832,-1.1493225286019186,-0.016703522924249505,-1.5904045012605739,-0.2367609068070842
-0.6041007232753597,0.06180542458510166,0.7924597918349586,-0.20238482671411318,1.6078908079815473,-2.5937788448322903,-1.0509730357961384,1.465421181078142,-0.9597274771722052,-1.4683081295467704,0.5685142075374349,-0.29614505551173503,-0.4054425494187124,-0.845356931360317,0.6690377960824846,0.02024249855042371,-0.981181051132568
1.237632333278834,-0.86015783304793,-1.018572488857081,0.550630362423106,0.978868498214089,1.878417432110466,1.5730339445606183,-0.5289239608501578,0.25159096621028054,-0.5691203843051699,-1.20198393735345,-0.6574610110713037,-1.8529959654100612,1.7041186386620086,0.18820284631467352,0.8905108898581695,0.7503504343414662
0.15571875409070188,0.49573068965815836,-0.38123679972344693,-0.15557063762640325,0.9093217778240332,-0.6453683678117803,0.7203050415419793,0.18340811344132038,0.6628791639968443,0.786902496422445,-0.9695602961007218,1.4944235924253426,-0.5235782477316334,0.7887241968083004,0.9144609022896926,-0.4753981659619095,1.6447891652577613
0.8747280286548731,0.911777957191397,1.236829082933575,-0.027411380962931598,1.7726236816825243,-0.3273624093663216,1.0760384654568012,0.5719643090345333,0.427292420493152,-0.44613279855762905,-0.27647093272595114,1.0106758193784595,2.2600037610360864,1.3852243453270898,1.0661085071030743,-0.7465882799996978,1.3476615714671671
0.4658753337732764,-0.2860355232010773,0.298460686141158,-0.26674925053837845,-0.7877239414471855,-1.611726693612547,2.0563176858009493,-0.705634665969893,-1.3145254512468876,1.0315533088409143,0.5399357620679919,-0.9908115045055221,-0.5233339601873248,-0.8579389307222856,-0.4645962325909355,0.16203984694784454,0.3017232012868686
-1.0239798082088976,-0.7893294505429893,-2.131102011592321,0.38180152917128635,-1.513009606915773,-0.3378786359753728,-0.7301801070113395,0.5479331743386605,0.9002858637424912,0.43199563542984065,0.2072236569427404,-0.231027994824682,0.5618157920174722,-0.06100948473462396,-0.9928047372328758,0.9070990825512953,-0.0094535939257054
0.07463053817522197,0.6087848634962217,-0.9422274495466801,-0.35939985865246726,-1.5445533916191239,-2.919325085343197,0.6606742085964701,-0.6543969870493156,-0.9417107721339006,-0.06534657066230574,0.069703779681262,-1.21196967489536,-0.28768819838212284,-0.6077288241381306,-0.44177324220835373,-0.2906410846804513,-1.7047054698479385
-0.870115638552196,-0.07152175856131784,-0.3428719229827886,0.9844467822681658,0.3671612108123068,-1.6287952460122013,-1.812740710491417,0.8374623002296827,-1.304237772490233,0.7114093570559504,-0.2340650837873985,0.12033708162349785,0.4882741132405572,0.7290214111627553,0.7236880489013849,1.0619671353093438,-0.4180247217091648
-0.3102902587916242,-0.3645512094946546,0.20893711402303422,1.5212403759454447,1.1007062456249266,0.5199577209675083,-1.083886964773936,1.1850409028939801,-0.4483878015944632,-1.574383150869642,2.467637690148402,-0.05710567233312529,1.1907805457735845,-1.0779193397669562,0.26316553784998603,-0.5580771813260335,-0.0507001950934492
0.5421024694230467,1.782035584224079,1.3144994559149084,1.0353336513231606,-1.4950934478093973,0.3633201590427368,-0.7092424307669607,-0.13952972132704763,0.4852224445326745,-0.45805740970316644,-1.5256446790059508,-0.01739241421437276,-1.757379346669006,-2.4472054303343147,-0.09670381947325056,0.5700824846910173,-0.9394078889005842
1.2010688714712625,-0.2325673834344862,0.9465704685652092,-1.0883868834504635,-1.3239136050047375,-1.4621927287383136,-0.457634705745644,1.158112976430246,-1.462576394186216,1.5159171171539123,-0.8517445103255323,2.0315796530874928,0.027142913188589506,-0.640195376602534,-1.4986380320835717,0.3500335389462494,0.7645797250567413
-0.26858468905639526,1.716669230528264,0.8060365986795502,0.9363024307726466,-1.3054186521203006,-0.6522034138916324,-1.673416872101327,2.4081446664384387,-0.7994810332874043,-0.4157940783380703,-1.149485856264525,-0.3719638506715382,1.6040817920866401,0.9724482737518401,-1.2452915024881053,-0.43730775738525374,-1.4671126770446858
0.12095160240792337,-0.528771041677086,-1.407894263646225,-0.21534285817032583,-0.3348930903432532,1.8664943917778036,-0.9110174512900221,-0.875036407083083,-1.2139296431491862,-1.362465565475333,-0.6860716492875389,1.0866394606764955,-1.0135786802733808,0.8033626801868528,0.9109131294456718,1.0654654278040716,1.2239190043197865
-1.3528413710812008,-0.0136100199938141,-1.6135473248842653,1.398799554219502,1.8230363988738294,0.1474169001073759,0.37380374221518625,-0.534952027686997,-0.835871445095394,0.06706575231513641,-0.2851391785086599,-0.23961805877329173,-1.6232459328402773,0.49968710100565,-0.8369719511452969,-0.6536690669848471,-1.6308653889893678
0.37929672638408907,-0.5458346490109055,-0.447602033376192,-0.9875394198689401,-0.8265045758915675,-2.1493393135864305,-1.0750360776629748,-0.3674637598010565,-0.25963263765961475,-0.018890791339206774,0.0713891425673839,0.9072718237788271,-1.0945939940187073,-0.7366019840219974,-0.6484850389832599,-0.29591002515444886,0.1965784704448774
-1.6590458431637949,-0.713718674256591,1.1812822678174937,0.5850104182734394,-1.4415345265499013,0.04583113149596818,-1.7877295143511256,-1.3333447498453455,0.8123419113615553,-0.037753710029413856,0.8064619334394784,0.631142590012206,0.07687376074383985,-1.5199888906523067,0.6218488737694694,0.34957017847103244,0.5368035152693992
-1.2214036798100507,0.9001534799418758,1.1028187756623025,0.4956205728942181,-1.7687550405201589,0.5031054239287682,0.976648403108542,-0.07123638929345696,1.5576983608356534,1.0642589922461152,-0.10128763001211556,-2.116463004391152,1.4611232951514481,0.021665322699921625,-0.6912647675777746,1.0426505329984144,-0.3721130392308367
-0.5381226809109815,-1.2372121829934053,-0.17935562039563635,-1.7927779159785642,0.8055947672732214,-1.6574461324749235,0.14488802380781132,1.333248454124566,0.7881185006222053,-2.0284540080886893,-0.1028996573382803,0.0164036746326584,-0.9599216314691206,0.23459303847266125,1.5953368122065954,-1.0597647565474002,-0.2417406172757059
0.3705525460297358,-0.458504530143914,-2.315520926840221,-2.5371955001379405,-0.26444528046651417,-2.087207054656225,-0.5617669095975487,-0.6491272818720103,0.6972315308806672,-0.08569787267189706,-0.7640088750584094,-0.11166580234391123,0.5008642999035785,0.3326726377927119,0.9947865600492684,-1.3924800645803164,-1.232564074482538
0.09093909305750163,-1.2120648204021096,-0.29970167620990384,0.20650241454171922,-1.212227197502216,1.6428820464285234,1.0358350162468821,-1.9423026411156963,-0.5008046948841299,0.40384285956800337,0.5049980632921749,1.9552454360184957,-0.06462084978217993,-0.5766675568158417,0.10572920061536835,-0.40956545161018015,1.5977038197841948
-1.3362958957295625,-1.2289313888004558,-0.6976090420119544,-0.4353933196690137,0.7077678118545578,-0.29459378052971313,-1.587665800452769,-1.7274158787888214,0.9047018575531234,-0.7842429059242869,1.1786251864522062,0.18065457233973542,-1.0141039319504972,0.7421085031436604,-0.031066235545235476,1.7757272665089567,-0.286934913037093
0.7205506525073443,0.9580559947236303,0.3826689806943428,-0.7930440834719321,0.6998726171220528,-0.351427553266359,0.37996439647982044,0.3965486950504868,0.2761893543550039,0.23190039745931468,0.8094715818795453,0.5270767053321914,0.7485669451269207,1.712234323659636,-0.20699801395476658,2.2990900871789393,0.5194805113119622
-0.003863069300514679,0.013568228478703377,0.1252602409354064,-2.4182009588210116,-0.37921465280792443,-1.9152802155768238,-0.5888293492180529,-0.8351163083939892,-0.6271045906854574,0.57701758661014,1.1682530332950156,-0.8372460145344328,-0.8484485029032165,2.040849542338366,0.5954328444181383,1.0689716731866348,0.1270924197748193
-1.349437447251797,1.282720801725243,1.016043446006933,0.07762897102801188,-0.08622782278619087,0.33606734716515024,-2.0072880120145444,-0.7619358794571153,0.7434956674703684,-0.576704665810765,0.8070169552189383,-0.14154078001644982,0.1478059906987536,-1.0620789753092237,-0.38561264730378225,0.6180711392809165,0.1703487618089066
-0.38209606446746164,0.9457923721853417,1.5157568877076817,0.9010706084362086,1.0904369020747193,-0.14341679082059597,1.1571414669970692,1.4590998015166519,-1.0293018789533912,-0.1436355871014481,1.0884597058686114,0.32724082125668846,-1.620176440950406,-0.5290147195512267,-1.4986795099620935,0.11702913893424835,-2.0702624209366607
0.4461560375395999,0.9261826938008931,0.5848493122758847,0.6271794747386448,-1.1415069996385363,0.06636649947813104,0.343998057597662,-0.1545494156952882,0.491115414247848,0.9717162251439909,0.844733083951644,0.46921609663688285,-1.012284983378303,1.8208045053452229,-0.23701838965553298,-2.53589577883536,-1.7829481311437851
0.8946617445707389,-0.6468459157787204,-0.4954425769065178,-1.0661145505255616,1.876621061429758,-0.4902154190858666,-1.9900947996334468,-0.8522555686147755,-0.7031087621575247,0.28408791545716366,0.23010754850352255,0.42769344210942106,-0.2048198345949419,0.20544153847532926,-1.8811042165183331,-0.7547922074538024,0.0543358829247361
-1.1734404914047847,0.8353472881696213,-0.6284108292260496,-1.0640986413071705,-0.06705474344772137,0.3645081870193665,-0.9198343734687463,1.2799516772799664,-0.14894788886232166,1.0558237422641301,-1.7566834629226333,1.230943595431986,0.7351157242354567,-0.38425459790423966,-1.3421148103448362,1.153205464439612,-0.6133526668203971
0.6689375388124346,-1.916447209270061,-0.10115745341886632,-0.8395329412849949,0.9652007696161075,-0.43477581056116293,-0.06917820809512357,0.8914147293701036,0.050518319014577394,-0.8587621347828693,-1.675811317164912,-0.25857425275393264,1.3712370041472284,0.7929170186647669,-0.8737925642304277,1.8281131996701716,0.8781854612855445
0.10679150947983239,-2.010489147124704,-1.8880959132316315,-0.07540605945943592,0.6045336517838693,-0.06512063861343853,-0.11521631499472129,-0.03664998101168312,-0.3819453508786734,-1.2003631186353225,-1.1058152589198371,0.03867802577690971,-1.2177897188094828,-0.477843810743851,-0.7426364220159652,-1.5827636409140526,0.0861735468708576
-1.4131356334377805,-0.2744777695442499,-0.6688589814790121,-0.1009507845518387,-1.0602507196136384,1.215739150193811,-0.8612020954600008,2.457762611231512,-0.5507497490221978,-0.05475132252892737,-0.2896563877975934,-0.09719383032961255,-0.5760525725119329,-0.5790611974670677,-2.0801182294595564,-0.6306662629294105,0.6796142900522794
-0.5163618978627424,-0.5904118901661584,-1.0228025992440732,0.6668170622115072,-1.2750458175404353,1.4447858038978798,0.053596433788785244,-2.7501690262466822,-1.027612413004238,1.4357952005291805,-0.20138485626076927,0.5959794908673312,0.9515677787261712,-0.16428169110343147,-1.3266256169117234,0.2486563753705461,0.0716144222345291
-1.0339975125538596,0.5697772011083326,1.1280579294589324,-1.5275280691627846,0.9938877079399516,0.6729490625371557,-0.3274003768579652,2.3669728465563598,-1.484407055675292,0.8717211809412696,-0.704657952701145,0.4702227352747639,0.3988375983257139,0.5443331119834098,-0.7626764399735629,-0.2967112430365074,-0.5261594948522339
0.6384173611106925,1.0145352917031032,0.5500851112470891,0.06556410620614833,0.701600403683294,-0.5067844102113597,1.2528707331086755,0.2389617844619106,0.37028146405039436,-0.6773975217867021,1.1155223286051583,-1.5910097892787571,-0.13472980149106376,-0.6630576100941795,0.8274446773966918,0.5009507668815045,-1.426411855070674
2.9857432248795055,-1.2610101920823975,-0.12858528448736906,-0.7796577362290302,0.39547244435171486,-1.091272234623643,-1.8088909079834683,1.319929744910294,-0.17698791077764417,-0.2492510707114678,-0.13466776539229272,-0.9954981316910652,0.30489842289165503,-0.4460982869631163,0.3686248113555916,-1.0704162717972638,0.8565800462848993
-0.02520437946865682,0.0950813594800035,1.3435559232167542,-1.967671841393667,-1.1030828452168995,-1.9372734397557771,-0.5844620734003161,-1.229682886097179,-0.16666918242089007,0.12015460936810189,-0.6370222523412894,-0.3978693864055266,-2.087203553971129,-1.6443620975543003,0.10123899170515042,-0.49152071803804326,-0.7793487496997614
-0.6508984693376659,3.2496132189007056,1.7869623891818958,1.0406821543020448,0.2139298410843457,-0.9685555422871215,-0.8631898889173554,-0.3706702765510377,-0.39943051380186984,0.8786839212755264,0.3000671220508209,-0.3998440169245269,1.2307705100919524,-0.8916068852706147,0.10079951743237411,-0.5604376080906139,-1.0064831719998129
-0.5666447566832895,-0.41856040783979,0.517988596570667,-0.40611546646651114,2.2662620062200394,0.11161843494285945,1.0222740373174923,1.511914016977463,0.19442860063929537,-0.8984599100319693,-1.7562571983338557,-0.42504130823972586,-0.5966251534367988,0.9473242245449801,0.0053191134701989,0.5822360116277268,-0.8268371669448651
0.6456992966685049,0.11463370122490901,0.9555172741500713,0.008822267913341876,0.748972761612911,0.6617420279319964,0.139920482654065,-0.3263407390854613,-0.19257171408155832,1.694340373897783,1.5820912490491945,1.243617714430091,-0.46826729295429764,-0.8912156158779376,0.07095802437072418,-1.3748838467574214,-0.2329673741801533
0.8119832173917683,-0.047683906032277845,1.7508019850039853,-0.21441608944914192,1.3384160146637143,1.4184074943477445,-0.40412283272994176,-0.7036634083431872,0.05825933264090577,0.8515220985286284,0.46035249832624453,-1.7387697056739493,0.5227026430348797,-1.9736079042785974,1.223294143705685,-0.7379082885372811,0.2798445396745704
-0.6300908315855849,0.0758710730407616,-2.5148286373515796,0.7550220698773061,1.481871364791324,0.10432782837030309,-0.33008802752151106,0.6987071475924719,-0.5931529123880979,0.133334409337673,0.7832475194022481,0.2717048972164846,-0.6140062544590874,0.16258767941936259,-0.27911360207914476,0.27877585044438563,0.6529456164125543
0.5067782593998299,-1.5943844171225943,-0.13814704489057636,-0.6935383792233982,0.3989976796416239,0.789110358514274,0.5244777130149592,-0.026642194997396996,-0.6655533760854024,1.1097329395719162,-0.00011667812629016723,0.07896615776209541,1.0718921418021754,0.31649457352504345,0.2912679777108587,-1.8180471941687688,1.5245995009359807
0.8504491063722827,-0.44875121775673454,-0.12849113796008743,2.1832246207312016,-0.6518772153551813,0.3836206082554161,-0.268012199917949,-0.7351592172656094,0.6676133889821161,-1.2117038596234477,-0.6350020369663019,0.1950320568245649,-0.8741783327143361,-1.288918680510752,0.8183670714723306,-0.5419078469171253,0.3080129281840691
-0.12149584427241387,-2.784366817316226,0.8903621712710873,1.2785863308046388,-0.33257408342039996,1.924867759474717,-0.17323877404096408,-0.9515504499588614,-0.11610190758440524,-0.009322239817662023,0.716284784061729,-0.15234197201288888,-0.1740114252464141,0.7328030783271586,-0.32716006885730275,-0.03810902293207388,1.09822139648414
0.7339889383470706,0.3798211591453838,2.1020874322299545,-0.6197456614628333,0.9114968121137457,-0.7161666311686865,-1.4597659645816237,0.21506172276212565,-1.4063968539159541,-0.5839204867695326,-0.7526862516542406,0.39600238216006084,-1.8325387088127965,-0.959948118164504,-0.3422429699024851,-2.1164247505457836,-1.2351459545403525
0.2263065823702671,-0.024371130536997992,-0.9385907055173427,0.8511464476553097,-0.425184595171487,-1.8634914391135367,-1.4085416193644422,1.0478890234524836,-0.4864632858128375,0.21291596835359733,0.08164338864528854,-0.28184902288663305,0.28640824181067764,-0.17631128266059914,1.5114657077482387,-1.025784092067087,-0.2409571945615276
-0.42411943366904553,-0.4272131275114395,0.3208880878325661,-0.672699495123624,0.22242111353654084,-1.0166604082847568,0.5660544673636608,-0.20253675411662353,-0.25007991659373535,0.5665276095159334,0.48847746918372653,-2.133220837797903,-0.34296261259917715,-1.747913905914347,-0.24333733403918534,0.7580501089887847,-0.8263847808449127
1.8058307482977536,-0.2612783452293699,-0.43470867362164706,0.511900481649713,-0.8584305532495979,1.0686431162358363,-0.4840101478328316,0.9716533002336454,-1.1099114536317647,0.007287682687402572,-0.282890718011175,-1.9603833402369948,-1.5672650992303638,-1.1635221901966961,-0.65183807677066,-0.5550510242502364,-0.1786221868352107
1.601867271405041,-0.8651766675286753,-0.38262384951207845,-1.5917121121330817,0.10905258493073759,0.2765742983461937,-0.5997547846160067,1.317993794847694,1.4481818254090204,1.4390788032230533,0.39930551414342114,0.11119513707700165,0.677978049454297,0.6730933668594873,0.02053807687811548,-0.922196052257304,1.7738542738058694
0.16731525671736105,-0.4319377753148519,-1.098503849343306,-0.540722675302513,0.47825524488800886,-0.8516910801367312,0.41629875475817907,0.6652142938457749,0.612186058683052,0.026416254099179505,-0.24878803504001626,-0.6220053282354046,1.1401908887622791,1.1905110725746249,-1.190232773663336,1.2271044130759536,0.3746866971327691
1.4216504559684324,1.6405091843843849,-1.2789652410640617,2.3469619046302235,-0.5439209706722336,-0.34302037285238995,-0.6146458624282076,0.5238247188434583,-1.162594492318599,0.03414897812368411,1.8913347710674895,-0.26712659721981824,0.24628312831155375,1.3362068288880435,-0.5845247357771876,-0.022583897202699058,-0.3853861694722164
0.31806170498291586,0.24239205138591635,-0.3571823148473764,-1.3954768460536096,0.5932063011480494,-1.109930561316595,-0.11058459932944466,0.411853028542908,-0.8674672021538913,-0.393697769612523,0.08820202808153131,0.030709402083551385,0.7615404335987997,2.0277938217283675,1.1639941721363831,-0.20940045996454087,0.3104004944455158
-0.04569586450366308,-0.1966728825488047,3.290970887527717,-0.9443783361834872,-1.5066714378265045,0.5255243663739639,1.5141831722885042,-0.4072142031800091,0.6167705919708588,-0.8948646932846434,-0.29159297638652837,-0.6354944317582272,-0.47896376714234123,1.8996335309336685,0.02032996142011071,0.061247005982268884,-1.7186532330407145
